condition,n_true_cells,n_pred_cells,mean_pcc,mean_spearman,delta_pcc,delta_spearman,pra_all_genes,pra_top100_true_de,pra_nonzero_genes,true_range_mean,pred_range_mean,range_width_ratio,csa_pearson,csa_spearman,n_corr_pairs
AAMP,76,2000,0.9935958305926196,0.9580113950252657,0.2549213672332547,0.10049762314128753,0.9234499970987279,0.8999243269928382,0.9234499970987279,0.42555338937815873,0.47377628733956617,1.113318065445778,0.36012618359838344,0.285638189332641,4950
AARS,38,2000,0.9829002084504802,0.900573002212638,0.6064271940721242,0.42226748507766887,0.8579411562197781,0.8527028833809633,0.8594796041986538,0.46063391043713475,0.4915653054283068,1.0671496032289993,0.36080575117042835,0.3488622840495006,4950
ABCE1,177,2000,0.9837462770183572,0.9273882125895889,0.6699076254839478,0.41566662505674357,0.892095063558249,0.8824706650552744,0.892095063558249,0.5197121227875815,0.5385009315338039,1.036152318872074,0.6953762162064077,0.6585198162106574,4950
ABCF1,159,2000,0.9945071702422748,0.9646134364788722,0.4840237160167311,0.23943317832016814,0.9017970392621694,0.8991344065206129,0.9017970392621694,0.4436649493215194,0.45515575865801794,1.0258997225159971,0.5392728015746215,0.46202359928242165,4950
ABT1,92,2000,0.9946872199575946,0.9705004212186663,0.5181868787671503,0.12516422686915665,0.8712424943958604,0.8802037601692951,0.8712424943958604,0.46077177159994986,0.45695582028033294,0.9917183267899639,0.5594072685886053,0.4978994169063524,4950
ACTB,140,2000,0.9963621152487949,0.980966008487355,0.12394261761559569,0.12276150376598012,0.9115626932628441,0.84646215794117,0.9115626932628441,0.4352532962328246,0.44322782377545045,1.0183215553527816,0.38954617535607017,0.3115624207072993,4950
ACTR6,104,2000,0.9965244196853598,0.9705268282145183,-0.04991592387447224,-0.06639692323985706,0.8889140580232913,0.8761117420465296,0.8889140580232913,0.4195100229922548,0.4354310453051371,1.0379514458791887,0.19781327403828156,0.145580357482572,4950
AHCTF1,161,2000,0.9974928056646712,0.9784993975321001,0.2869051780993192,0.24061914651762276,0.8954606598243078,0.8857857099366103,0.8957278817460698,0.4474613671335514,0.4487712852842024,1.0029274217118858,0.42978622585391624,0.3747012186415218,4851
AKIRIN2,144,2000,0.9976557047147773,0.9779816435808402,0.3010691571285763,0.231544938698775,0.8719183484627848,0.8636234899252146,0.8721785449260683,0.4602235638849919,0.44356461207016756,0.9638024587176246,0.38752470725404303,0.3482019774039584,4851
ALDOA,77,2000,0.9919450153538366,0.944786277327281,0.5118116195509282,0.31270411818419386,0.8608252138132212,0.8699216855691247,0.8608252138132212,0.4711073285960071,0.46283275479948727,0.982435884312098,0.4880631638460402,0.4604771250871062,4950
ALG13,167,2000,0.9980986318970688,0.9830131487104191,0.038942090622196675,0.060576203555279,0.8852312232285144,0.8816367755372824,0.8852312232285144,0.4445407582553624,0.4302562045397156,0.9678666958450003,0.2708739289934511,0.22022762504445942,4950
ANAPC2,237,2000,0.9983429292020801,0.9852132315752408,0.31558654660329055,0.22103979988049546,0.9191413677603194,0.9004509685579279,0.9191413677603194,0.44396109009886203,0.44638579863730415,1.0054615112402916,0.4299417271130253,0.3971522088915143,4950
AP2S1,96,2000,0.9896093082392023,0.9413331375842546,0.3240497990724104,0.1415043447674336,0.9186003335623709,0.9156266435333911,0.9186003335623709,0.4411153832543864,0.4883327266763173,1.107040774690674,0.4280568943132796,0.3873797211583614,4950
ARGLU1,367,2000,0.9975604883922808,0.9831029828378378,0.08632021707088336,0.03971345461654025,0.9137032050530037,0.8810274981780211,0.9137032050530037,0.4380039510474961,0.4425731973815655,1.0104319520835883,0.4602760962081333,0.31153418818812945,4950
ARL2,70,2000,0.9955598019638904,0.9650400321295142,0.10323621195688157,0.10009371909100245,0.8454587509474978,0.7371502263577955,0.8457110513804872,0.4680512736093582,0.4288347885471482,0.9162132517620855,0.23634201060043672,0.2011359029588884,4851
ATF4,52,2000,0.9952176051418246,0.9567629243165519,0.0974761187589415,0.0513304570001648,0.8771136433943568,0.8779695026576161,0.8776372933307117,0.4204198135258652,0.44172766053571816,1.0506822842727872,0.13645397343333643,0.09709337797212528,4851
ATP6V0B,134,2000,0.9972161144434165,0.9794871182669216,0.30411733932485935,0.18882630964732838,0.9051164726482688,0.873657441817368,0.9051164726482688,0.4519343122150883,0.45211032988041816,1.0003894540792282,0.5075692624414021,0.4799633495392127,4950
ATP6V1A,89,2000,0.9956554903473089,0.9702124444536824,0.2194442766745482,0.13981520477339027,0.9160931171367482,0.871064860650224,0.9160931171367482,0.4358532842559861,0.4618765930363682,1.0597065552178622,0.3559393476057547,0.3163625043084195,4950
ATR,133,2000,0.9967551642129677,0.9703039035289636,0.38530097402351576,0.3039909744176308,0.9006021012808051,0.9263730764986892,0.9008708575032105,0.442292699415619,0.45901636512262983,1.0378112850404138,0.5013685372734893,0.4908863484030885,4851
ATRIP,183,2000,0.9973526340378124,0.9770352328440906,0.3330680716263336,0.26910504426963666,0.9044936737615811,0.9229086012357044,0.9044936737615811,0.4435664853432299,0.45483532218277284,1.0254050451462147,0.47022731815032603,0.43628964490025224,4950
BCAS2,197,2000,0.9927913628618874,0.9574310636945859,0.5474421035702659,0.38735220741542614,0.8996974460505487,0.8802131584005121,0.8996974460505487,0.4625484116153174,0.47493327175701044,1.0267752511152075,0.5754163727714662,0.5522892544737801,4950
BDP1,277,2000,0.9835778749137227,0.9163489142189826,0.4289245854930722,0.23463592153242493,0.8964569848103594,0.882849174998213,0.8967245040538122,0.48075043360540437,0.5204236355363471,1.0825234640105836,0.47326708298257786,0.42765308280047354,4851
BGLAP,236,2000,0.9977437863502667,0.9845035343218196,0.3502062575480222,0.23367683301617548,0.8721179649641225,0.7789247341936203,0.8721179649641225,0.47786257366665363,0.43731362385203554,0.9151451459047395,0.47331429300435085,0.429658721402872,4950
BNIP1,107,2000,0.9944632637206299,0.9673226454590383,0.3903348497293134,0.27356535218722655,0.9047741802029406,0.8784744164891656,0.9047741802029406,0.45455305834516424,0.4667772728293596,1.0268927994011756,0.569650709223963,0.5312788238333146,4950
BRD8,68,2000,0.99322696830944,0.9632950872838482,-0.013295488228775462,0.014676484169182182,0.9022500755006465,0.7643938603242497,0.9025193235088532,0.4085299377282971,0.4300932789506611,1.0527827429598997,0.2733891055501167,0.21579563158809592,4851
BRIX1,95,2000,0.9882652376650337,0.9415466190924074,0.4253172750618203,0.25907837039362225,0.8395784266694072,0.8579572194311126,0.8395784266694072,0.49943905789271764,0.4901161543731754,0.9813332313812005,0.43173019188738715,0.4223341800954484,4950
BUB3,246,2000,0.9972939818386732,0.9808530143922544,0.364296204612932,0.24331754417801033,0.8809827726698177,0.8371940935969504,0.8809827726698177,0.4724591845659837,0.44794693698957666,0.9481177255976048,0.5141253911423684,0.4686240369345035,4950
BYSL,87,2000,0.9926594249981874,0.9622757348678711,0.6117157967506189,0.23986079227147064,0.8941861158396568,0.9082153004603947,0.8941861158396568,0.46402872582733073,0.47192166153835263,1.0170095623430506,0.6167710086990713,0.5521095179027669,4950
CCDC59,100,2000,0.9956037720156307,0.9741026757360738,0.3606111725030419,0.06976566096058408,0.8746468037485361,0.860714306531958,0.8749078144330329,0.45909917924313115,0.4470294154587682,0.9737098778060115,0.5935520511050811,0.5594471661106923,4851
CCDC84,77,2000,0.9946355048794012,0.9649468805595182,0.24172428488590772,0.21079747598747475,0.8920224871517146,0.7983678590951463,0.8922886830595486,0.43165198243478753,0.4383465285461834,1.0155091050863323,0.2952575536400684,0.24482243367762757,4950
CCNH,75,2000,0.9930843823328743,0.960561751014096,0.32331994491574784,0.160315962483711,0.8429593709148361,0.839465505627285,0.8429593709148361,0.47593026828545393,0.4551446830119696,0.956326385981651,0.49707659102361373,0.4326847140008539,4950
CCNK,211,2000,0.997882251354026,0.9851626657466972,0.04098959255395475,0.05232407151646868,0.8763800119787858,0.8664079183391857,0.8763800119787858,0.45184965441470215,0.43193992307744594,0.9559372443862584,0.5055684730696461,0.3895374400691772,4950
CCT4,217,2000,0.9841924252691658,0.9334444745205654,0.3312606384040757,0.27885250972678016,0.9004566730015547,0.8731887574293927,0.9004566730015547,0.4533396624224284,0.48535847668812476,1.0706287276703654,0.3574416006038745,0.30425341523018695,4950
CCT7,141,2000,0.9801287707639261,0.9063624061865744,0.35846402222249335,0.268410952569423,0.8824476983578922,0.858916844187883,0.8824476983578922,0.4706189033079688,0.5034396808806182,1.069739584713995,0.30134963756533,0.2550641785805627,4950
CD3EAP,85,2000,0.9943088280010426,0.965742232638179,0.41165249180979524,0.13592732743507888,0.8859734260788714,0.8805269559638831,0.886237816835684,0.4588831626821249,0.4612962544063993,1.0052585971069068,0.33898619441810374,0.28099312629103423,4851
CDC123,96,2000,0.9938889977451543,0.960238127672267,0.44906552709688013,0.2948160864223079,0.9128111920016484,0.9370979742814457,0.9128111920016484,0.4378110053004399,0.4718418697110084,1.0777295527551207,0.4501920343194972,0.37767190126322636,4950
CDC5L,77,2000,0.9860961225863303,0.9131043883821418,0.690311368935069,0.5613435297439527,0.8808944385599367,0.9181613374584344,0.8814203456874351,0.48190618347518854,0.5252720500869474,1.0899881703097298,0.5930746416361249,0.6022827005968211,4950
CDC6,153,2000,0.9908478244521581,0.9424875967681862,0.42742817057948396,0.2288371638147518,0.9164715990205712,0.8955081900739019,0.9167450909928244,0.45538236807391663,0.4955782557571496,1.0882684083061036,0.47495727327623344,0.47452171528681897,4851
CDC73,140,2000,0.9839185524871479,0.931885838868619,0.4764787054502674,0.4334355169158191,0.7887686094627231,0.7278244437210245,0.7887686094627231,0.5042343717486307,0.47962624960169736,0.9511970364622995,0.3561168193688711,0.34317724868501254,4950
CENPE,171,2000,0.9969647440711145,0.9782366514281626,0.2633720483376131,0.2043882298184969,0.8969122186226444,0.826010902577572,0.8971798737162351,0.45832096527915156,0.4412857464870727,0.9628312259073389,0.4177338661583741,0.3735681125188027,4851
CENPK,93,2000,0.9946261890699367,0.9560048727636543,0.5934485945237746,0.46511354381496256,0.8734570459776346,0.8854209648913269,0.8734570459776346,0.4738448644381434,0.46846806224630627,0.9886528007753326,0.45848464150373547,0.4294761006733528,4950
CEP192,184,2000,0.997481229823839,0.9802656792176698,0.3401499145412339,0.2539239408257992,0.9036498462012832,0.8510007002220492,0.9039195119267983,0.45449132689926125,0.4443555262910316,0.9776985614789039,0.5597988502230073,0.5493465159072528,4851
CHCHD4,132,2000,0.9939308667284658,0.9650118418330375,0.5216909431898074,0.38286259149212387,0.9084510776196888,0.9412499001741734,0.9084510776196888,0.44201762928496297,0.4727941472524543,1.0696273298442964,0.5124570207232884,0.4635553172834255,4950
CHD4,33,2000,0.9917720402531318,0.9346247065000864,0.11569840770750066,0.0868213128612809,0.8579299178862877,0.8409313227549897,0.8612701661440061,0.4254866530954269,0.4568804853799938,1.0737833286152285,0.08772412256321843,0.06887272370203397,4950
CHEK1,205,2000,0.9929369546779595,0.9652290807941595,0.25916604370000346,0.28091140310214874,0.8716008619521183,0.7123232941343184,0.8718609636715907,0.4601346261368126,0.4614092765208991,1.002770146570117,0.36513124273669073,0.32543630210617824,4851
CHMP1A,71,2000,0.9947423161687792,0.9667682607223161,0.18959912295232262,0.15165312264233008,0.8818983011754785,0.8184937304859443,0.8818983011754785,0.44459857631625876,0.4549545917341177,1.0232929337532628,0.38469261207720173,0.35891132153376254,4950
CHMP2A,61,2000,0.9913624780268477,0.9445835982176244,0.40021969298812193,0.3285270894156473,0.8580562459950052,0.5550344608157989,0.8583123057520912,0.46745875298639045,0.4461454362568415,0.9544059745647138,0.4220716194727912,0.4009766569563177,4851
CINP,73,2000,0.9961568273270215,0.9701504358832911,0.13798665147544398,0.07706065473919718,0.8866014710819294,0.8606092799241297,0.8866014710819294,0.4245663084898828,0.43707060890732374,1.0294519133357465,0.24006512204101824,0.15934862663798022,4950
CKAP5,159,2000,0.9974206768841706,0.9792240105324302,0.32176555872360163,0.2538087352085194,0.8658656782855625,0.8032612147208852,0.8661240685208016,0.470725818690544,0.44176337076620564,0.9384727666104374,0.4913181884348111,0.422353854469606,4851
CLNS1A,46,2000,0.9925274132471386,0.9508273396233986,0.31712571113820415,0.2827340296955424,0.8863978753755719,0.8595297231525569,0.8863978753755719,0.4308396499506187,0.45055165584018886,1.0457525100911775,0.29111342304768517,0.23764825575917412,4950
CLP1,51,2000,0.9942068429718665,0.9568755567879869,0.19042184573546522,0.12066385984473188,0.8619112034350567,0.8102111530028828,0.8621684135823068,0.4441483820141749,0.4518545219264892,1.0173503496823837,0.2691617336659136,0.2441110160257778,4950
CMTR1,138,2000,0.9886680452620389,0.978180283261281,0.4753527546683801,-0.021452217892898768,0.8463151348158766,0.6868197877616623,0.8463151348158766,0.494189465512257,0.4502213115626081,0.9110297444030485,0.6045488386036689,0.5924607202248424,4950
CNOT2,64,2000,0.99278093314131,0.9592297576735198,0.2923004766808039,0.15187360002895695,0.9068048079823796,0.8526322321929678,0.9068048079823796,0.4463021041420878,0.46227940758679137,1.0357992779743295,0.37223366425126503,0.3211440824377904,4950
CNOT3,303,2000,0.9891857060665871,0.9570247760688185,0.32494136757579084,0.2086421884745814,0.8776012646568004,0.7361680878117032,0.8776012646568004,0.47658473080499797,0.45580887950435606,0.9564067845194761,0.5920221174273909,0.5754675710523413,4950
COPB1,56,2000,0.9763359995347612,0.859083994417099,0.5064818510453789,0.31576823521318365,0.8683096461290123,0.8346812473310886,0.8693470531136348,0.4859377120672625,0.539213720551925,1.1096354451718982,0.5555756470052319,0.5505284726852014,4851
COPS2,44,2000,0.9906771640340549,0.9314868439765556,0.21383770808826566,0.16917329392784214,0.8640855251032069,0.8702379219206088,0.8643433841080125,0.44286704593446996,0.47277221659012675,1.0675262705927753,0.12427303295598742,0.10288197193867671,4950
COPS4,253,2000,0.9956272350634874,0.9715067154261734,0.2806979443544392,0.2287188586890785,0.8927444098731828,0.8784330729585922,0.8927444098731828,0.45723421305666967,0.4585983229288444,1.002983372204853,0.4083348489274195,0.3512680394045694,4950
COX11,103,2000,0.9976830717343912,0.977510915302104,0.17746480530584072,0.1402379811593209,0.8935930186905433,0.9164085921212586,0.8935930186905433,0.4310647512877222,0.43319006786768693,1.0049303649261792,0.40357313697071723,0.316006943791424,4950
COX17,129,2000,0.997971315277565,0.9786029796742874,0.2645646106904794,0.17509107939506152,0.8929276311471814,0.8951797788486554,0.8931940971666226,0.439793298492177,0.43609346070238386,0.9915873031300135,0.3430479290471387,0.27962253612711896,4851
COX7C,154,2000,0.9981295354142572,0.9813683688371707,0.43235479294582,0.2894695851495808,0.8988278913354373,0.8981030266616647,0.8988278913354373,0.44216639882215897,0.44125229042064557,0.9979326371626727,0.4188246034672177,0.35399370553010023,4950
CPSF1,48,2000,0.9915762358976,0.943218347442441,0.22506166135343142,0.1541736560586249,0.8331353922871834,0.8132386628609792,0.8333840152034135,0.45122795223674095,0.44558901741052154,0.9875031130644761,0.2280766007035403,0.21223161332782145,4950
CPSF3,575,2000,0.9930300173887738,0.9719589995908183,0.28541997483562787,0.23032112196081295,0.8769170583961636,0.8199754459401308,0.8769170583961636,0.4614096723888114,0.45244425009177053,0.9805694751557336,0.38665381892432393,0.3628046195070415,4950
CPSF4,57,2000,0.9862195344702673,0.9315179179073515,0.3205224977942699,0.27210626625783035,0.789132003973003,0.7793418955635039,0.7896031275574645,0.484055798273169,0.45911737643656014,0.9484802549409028,0.19320306115964597,0.18021606699023315,4950
CPSF6,43,2000,0.9822538161736917,0.9105894533889588,0.2790207525576766,0.1567746444669994,0.8553315298092219,0.8032865371959496,0.8558421754986602,0.4609567593125214,0.4856746574412302,1.0536230071326937,0.2774255617625115,0.23744958422404178,4950
CSE1L,373,2000,0.9783662110740877,0.9021381783412638,0.4428295145843234,0.3107761892341993,0.890918192644083,0.7876504207996892,0.8911840590101363,0.4669335196817156,0.5060995119708027,1.083879138676943,0.46295009333148746,0.44127545957541825,4851
CSNK1A1,131,2000,0.9971295814314546,0.9756224974373122,0.16166046817016622,0.10602150850194483,0.8395119630653254,0.8281786890405999,0.8397624888674936,0.46491713773432525,0.43490305348971275,0.9354420580293074,0.4186477431745877,0.3510586308200277,4851
CSNK2B,103,2000,0.9923194223877212,0.9513227008372616,0.2148494401850188,0.16068022800190207,0.8854499866401998,0.8902510281851193,0.8854499866401998,0.45781746181550476,0.47893411739679903,1.0461245952400087,0.350473408735457,0.2471756666967155,4950
CSTF3,59,2000,0.9909056347999113,0.9457091886010434,0.3134289346905387,0.21233494302941397,0.8388420770414897,0.8366131884600404,0.8393428782815143,0.45830841632493224,0.46202124997329275,1.0081011463789413,0.29120379371566557,0.2631284778031181,4950
CTR9,197,2000,0.9824314774389011,0.9279182664403165,0.42480178354882797,0.41747749021378494,0.7620429711354622,0.715549968016285,0.7622703787663591,0.4874950111650269,0.46289977819948064,0.9495477042888192,0.3739422849326853,0.3679741835906021,4950
CUL2,84,2000,0.995527833495756,0.9688456342155226,0.16098368968789956,0.07403374965349341,0.9089514347223426,0.9007671308783389,0.9089514347223426,0.4322487379413161,0.4516006475035339,1.0447702848287836,0.36147649179432967,0.2767045689601874,4950
CUL7,33,2000,0.9876353079210656,0.9115789592268513,0.4205146806418331,0.2618769550110161,0.8627850622886869,0.9273667434296696,0.8648491413850714,0.4566097975995276,0.515524173075416,1.1290256242755952,0.44816947347794867,0.44406494789850537,4950
CWC15,144,2000,0.9902012364784604,0.938766582139704,0.6496548673911035,0.5891091623463292,0.8905667841116521,0.8850976610285071,0.8905667841116521,0.4418147645492847,0.495354803941679,1.1211820710319453,0.721220984365777,0.7215627573581803,4950
CWC22,28,2000,0.9788443983179518,0.8719334470065443,0.5837159956346857,0.47187656789745647,0.8698508270043125,0.9130041310460583,0.8745470822190928,0.4501403968554515,0.5336679381406051,1.185558839004595,0.6044183731799994,0.6243898895225487,4950
CWF19L2,187,2000,0.9949312888809331,0.9701149472633144,0.5223495551466565,0.4275914250644852,0.8848413040983799,0.8086200610216174,0.8851053570091821,0.4654754577324613,0.45051732949489476,0.9678648193632324,0.4586881856183617,0.4422072275776911,4950
CXXC1,115,2000,0.992412188225814,0.9704085030159596,0.10703445576417106,0.0572011116511751,0.8628371465140232,0.7589283298554025,0.8628371465140232,0.4566788075825196,0.43792803240923317,0.9589409789739191,0.39871227469986276,0.3040203433448922,4950
CYCS,162,2000,0.9971903990558556,0.9823634021559906,0.24999873046952678,0.1966355226376747,0.9061425124964495,0.9017275771843597,0.9061425124964495,0.4334684817040415,0.43615255100122746,1.006192051668241,0.47160451829291816,0.4025522003311011,4950
DAD1,71,2000,0.9928393039974951,0.9661055942392944,-0.006125069795082432,0.038578585931486,0.8753903837233964,0.8105606416412434,0.8753903837233964,0.43885787527537007,0.45128279274072136,1.028311915729975,0.18483444339688113,0.12020168827133372,4950
DAP3,141,2000,0.9975417146299359,0.9805477485006305,0.3268671148698404,0.18769286295096246,0.882069607359435,0.8681176263585167,0.882069607359435,0.44255637746473203,0.4330100314063327,0.9784290627617253,0.4923248075655045,0.41623334882427016,4950
DARS,60,2000,0.9872225095695395,0.913783027205906,0.5828876483446712,0.36758435854219945,0.8656329015248236,0.8859112742445571,0.8658912222951981,0.4524350886137574,0.4775975122552857,1.0556155208086748,0.44392608601640443,0.4148662115870488,4950
DDB1,85,2000,0.9954063723579274,0.9670118302111554,0.30589980335986083,0.1670564147659257,0.8912273807476522,0.8730714267472699,0.8912273807476522,0.45513546222683093,0.45898366234632587,1.0084550432878083,0.39827782249907556,0.3735576288225403,4950
DDX10,97,2000,0.9935368782318184,0.9613721415072987,0.6058160868087954,0.2553858337729736,0.8916791012918089,0.9243407003423648,0.8919451947269901,0.45767044429189413,0.4708574495983599,1.0288132982647278,0.5729999726546443,0.5206638214855771,4851
DDX18,112,2000,0.9887430044548035,0.9537217936157428,0.7159970982473902,0.45345227721432874,0.8833468766666659,0.878593989458967,0.8833468766666659,0.4934099935848702,0.4869993098300314,0.9870073697163376,0.5651577488770281,0.5175314663358882,4950
DDX23,126,2000,0.9913155411119089,0.9437144824272877,0.583550066578446,0.46803579907214826,0.8864970428495621,0.8880124757743987,0.8867615898632445,0.4577778473380855,0.47226755749288385,1.0316522521186453,0.6371655193067524,0.6327627323966687,4851
DDX41,259,2000,0.9896746753342703,0.9386893636614256,0.7085954794600869,0.6986109895966958,0.8775759958962184,0.9191231254117814,0.8775759958962184,0.4522526567019435,0.5176652227887087,1.1446371926644168,0.7846697980324373,0.7796333661041402,4950
DDX46,132,2000,0.9862283758024767,0.9296708205026202,0.4612407474102354,0.37549937348096013,0.8977837724352931,0.8899492218069893,0.8977837724352931,0.4466434487295038,0.4892683886612827,1.0954339061698728,0.34865201537931134,0.3284240242127337,4950
DDX47,313,2000,0.9899943325287899,0.9653465103596903,0.6945987404480418,0.42545141046841334,0.9054890019752668,0.8955322193547537,0.9054890019752668,0.4892401744071439,0.48751661187647843,0.9964770421858252,0.6337939997732415,0.5994669164648112,4950
DDX5,130,2000,0.9973049676967299,0.9794316954373552,0.03253649112631075,0.05273754141178831,0.9052533682655274,0.8685608999942025,0.9052533682655274,0.4274871360043816,0.4369246044477921,1.0220765899784827,0.2803949978133272,0.2247055705698352,4950
DDX52,106,2000,0.9934731579245717,0.9673381624366565,0.6008176563105262,0.2181246520178135,0.8836074113017592,0.8963065474126861,0.8836074113017592,0.47058091018802367,0.46470328361897073,0.9875098281360314,0.5510325589530776,0.525800470961733,4950
DDX55,150,2000,0.9967301816397799,0.9787571407083245,0.1422323211428675,0.0863705934258424,0.9155451189217342,0.8982275196981583,0.9155451189217342,0.4244114821085479,0.43787524138615774,1.031723338146947,0.48240607843620814,0.3466272685826119,4950
DDX59,152,2000,0.9980864160786563,0.982001597318651,0.20179992688398848,0.15854451728734525,0.8958130225522137,0.922989238816338,0.896080349625491,0.438945633171433,0.440512080594474,1.0035686364528495,0.4578244755847713,0.30520211401022124,4950
DENR,228,2000,0.997923585830583,0.9851025111326787,0.14237499827975159,0.13716393283133613,0.9040978887236437,0.8885786038335521,0.9040978887236437,0.44003850387404897,0.43642995587187816,0.9917994496199856,0.49509148587579477,0.33859419140731867,4950
DHX16,305,2000,0.9906063405857907,0.9418844129354493,0.6874228133631095,0.6301615724084934,0.8777693039924856,0.8465708102290403,0.8777693039924856,0.4837417514439061,0.501446856630895,1.0366003032984823,0.7534533222128373,0.743984247039084,4950
DHX33,127,2000,0.9965903780020642,0.9811349645123717,0.2410599528519438,0.10204759813974414,0.8569839326870009,0.8090626758929568,0.8569839326870009,0.4689593523296224,0.43465147975261,0.9268425255301801,0.5760809796955895,0.5098310192768499,4950
DHX36,248,2000,0.9953899142973838,0.9808852409317746,0.14425329167572823,0.10910602308725031,0.8824662562252095,0.7920173804076899,0.8827296003780668,0.46128886947475,0.44024955707585267,0.9543901374278654,0.5807163068263789,0.5159109525669633,4851
DHX37,202,2000,0.9951130937566056,0.9785789505188076,0.580487154923291,0.20180887870607203,0.8739150765102095,0.8554795156306764,0.8739150765102095,0.47088482562443673,0.4532655995070206,0.9625827064614401,0.5934328884533594,0.5413084317595027,4950
DIS3,40,2000,0.9878713567846285,0.926056717867586,0.5352817479236248,0.24388942928459462,0.8524146542803408,0.7720469522895752,0.8536880553175089,0.46410392656175514,0.4725960355394145,1.0182978387138273,0.5324769947172744,0.5056143051810266,4851
DKC1,51,2000,0.9931463793917515,0.9568215082307395,0.4250288571052662,0.1259899638797604,0.8389268757735192,0.8840118672908752,0.8391772269748841,0.45949193471175814,0.4604708178942554,1.0021303380696072,0.4194812987486187,0.33908977405225105,4851
DLD,283,2000,0.9878843527744049,0.9482870586299331,0.3704666719846366,0.2643210594825235,0.8967538792518391,0.7463989500797247,0.8967538792518391,0.458965393511005,0.4637572059323368,1.0104404436253263,0.4606252264992597,0.4386525250243893,4950
DMAP1,71,2000,0.9850439744036309,0.9356060442093422,0.25119838534371913,0.18915995445682796,0.8533619360689583,0.6916462657837747,0.8533619360689583,0.4393394818942914,0.44667937405438557,1.0167066296008287,0.4302517820218121,0.4172166402910638,4950
DNAJC17,30,2000,0.9873956784272032,0.9139110264698153,0.6475560777119689,0.5444480151806377,0.8880743854432037,0.9110739763015998,0.8915319976057559,0.4392663318895,0.5120649020244654,1.1657276080425902,0.5336349269997298,0.541466444980435,4950
DNAJC8,260,2000,0.9987058008430957,0.9881076731415132,0.1312726098772068,0.10127848323395268,0.898301337983725,0.8844236127776819,0.898301337983725,0.4473437309958627,0.4341483871158,0.9705028758182966,0.25793243236308355,0.23430450202922837,4950
DNM1L,144,2000,0.9975210967738684,0.9812303479960495,0.28121792357192676,0.17727034667776437,0.8854658771183026,0.8696700095957707,0.8854658771183026,0.44109427477577656,0.4326532584342769,0.9808634420511919,0.551605427010264,0.4928185525447461,4950
DNMT1,146,2000,0.9968407685190301,0.9779135627260421,-0.058661982773247495,-0.034963214898655774,0.908105687902242,0.8892511632857549,0.9083766833328305,0.4311271947241768,0.45421761352828177,1.0535582272496062,0.24265881202676326,0.20063046380580898,4851
DNTTIP2,235,2000,0.9904175227628634,0.9620699454168351,0.7030207541696183,0.41566291890114815,0.9012453958569528,0.9081792666641283,0.9012453958569528,0.4892027915222014,0.48463310728659253,0.9906588960214663,0.6523316026444308,0.6337652799488662,4950
DR1,103,2000,0.997362184132422,0.9769191828911566,0.07052001293384348,0.07923667435649559,0.9085750208827724,0.8917952188720275,0.9088461563709498,0.4129936628870506,0.4401226604291792,1.0656886275096715,0.31681194259741113,0.236460812912532,4851
DSN1,234,2000,0.995607050980846,0.9764603234227787,0.5253185809356982,0.37653320163345444,0.8627148263759837,0.7609413731146675,0.862972276339092,0.5031174382268228,0.45758340278340887,0.9094961909910038,0.5615008805701134,0.5294781793976246,4950
DTL,87,2000,0.9940999854062533,0.9691307813409051,0.35071504106874524,0.21703823545461265,0.897129317960105,0.7335933593055011,0.8973970378401289,0.44258711970809117,0.43392420686666955,0.9804266273013061,0.5819572088930074,0.5908254354852148,4851
DUT,46,2000,0.9915193514176163,0.9435482289135985,0.31065235410197944,0.15718636515373763,0.9113231558057662,0.88737379797164,0.9113231558057662,0.4172458669264092,0.46062491561326735,1.1039651703844375,0.26546635620617615,0.24881195228785483,4950
DYNC1H1,217,2000,0.997259753959899,0.9816921607275133,0.4232438384653623,0.30052094318226485,0.8729302216094885,0.7528065985054913,0.87319072003432,0.481332292357073,0.4419840427467863,0.9182513631069448,0.5869684001341294,0.5748390264733221,4851
DYNC1I2,239,2000,0.9966919637691964,0.9807065740908847,0.4604731783039662,0.30536096796051493,0.8994851959532705,0.8066315368372672,0.8994851959532705,0.47739495435387336,0.45471931689456097,0.9525012847799881,0.5894307958951163,0.5873895285933771,4950
EBNA1BP2,68,2000,0.9928019894471389,0.9572127407976544,0.48292994347180945,0.3095602337391023,0.9175811220437912,0.8979747954810994,0.9175811220437912,0.4288078743715489,0.4698967069284636,1.0958210519312945,0.39869449306531574,0.3116532196090766,4950
ECD,69,2000,0.9950510007924759,0.9616960496929295,0.48661789020902946,0.3773652542747505,0.8745728342878237,0.8558796056439216,0.8745728342878237,0.46322126373168543,0.4513138408070962,0.9742942874176231,0.49654816751724307,0.5037046291037126,4950
EEF2,196,2000,0.9894558889257764,0.9671915296904812,0.30819455315897637,0.1212189101728433,0.8770740968678433,0.7858195667347188,0.8770740968678433,0.4705037216640351,0.45855075813842266,0.9745953693431119,0.4487677046107133,0.33887686268616546,4950
EIF1AX,95,2000,0.9929545692338811,0.961498593038256,0.5184563428498725,0.3495885095779324,0.8909495679903068,0.8513478374720442,0.8909495679903068,0.4412961009365279,0.4578098641740585,1.0374210259920142,0.6130375855534536,0.5999757868605873,4950
EIF2B1,162,2000,0.9939764146509945,0.9623017298916473,0.5611884445515103,0.3915075467112658,0.895640717563003,0.9311734671332078,0.895640717563003,0.45390626548307117,0.4741737671179479,1.0446512699418111,0.5695787726827459,0.5312343207659483,4950
EIF2B5,412,2000,0.9879468675458428,0.9332555953602855,0.6674006148620315,0.4955874782942571,0.8578523461907516,0.8542032539552225,0.8578523461907516,0.4915072715485599,0.4821648823927538,0.9809923484218349,0.6053802770667712,0.5885029803892593,4950
EIF2S1,208,2000,0.9769710178962409,0.9027381578405392,0.7007587954192032,0.5441387531917409,0.8362884351817867,0.807346501714229,0.8362884351817867,0.5373781028717117,0.5219492608560496,0.9712886482606978,0.5271479651845329,0.5238022583539397,4950
EIF2S2,76,2000,0.9868085961368763,0.9301800396541953,0.4928822769415893,0.32749127532197114,0.8810067566999903,0.8735163224094957,0.8810067566999903,0.4678941935318609,0.491334425956559,1.0500972703824103,0.4650886950485324,0.4357985095415134,4950
EIF2S3,46,2000,0.9727979930710878,0.880353230363747,0.6431833742667427,0.4482233173417796,0.8112266630165725,0.7733120042472816,0.8121958704992687,0.5212568824506212,0.5102499845390196,0.9788839091223253,0.5673819273006216,0.5682240190844997,4950
EIF3B,23,2000,0.9750067142536647,0.8680588078465664,0.5508445760250753,0.3675972434228975,0.7680317530553168,0.8325401177647989,0.7735704435821581,0.4606560065631081,0.4494559849311237,0.9756867787909375,0.29722296233397194,0.23793219147305597,4950
EIF3CL,44,2000,0.9842146876441129,0.9086986086744279,0.4367721305298395,0.22193919354738634,0.8516740046712655,0.8750447193953026,0.8516740046712655,0.4290488624247348,0.4579323332318882,1.0673197452866405,0.2776027188212358,0.23908268419082598,4950
EIF3D,144,2000,0.9812116288078122,0.9201388553123859,0.570983183948425,0.45690275427318133,0.8306858590477075,0.8374538756741421,0.8306858590477075,0.4598987180446243,0.4574000728776711,0.9945669448194022,0.5389526950548061,0.519089383866148,4950
EIF3E,171,2000,0.9839601701332239,0.9324510298272441,0.5002204986912596,0.39328832994134816,0.8788204555772385,0.8387176120686521,0.8788204555772385,0.4255542280619213,0.45408153743834606,1.0670356368822576,0.445164345597592,0.39923008733752313,4950
EIF3I,44,2000,0.981571250922478,0.8972277079311498,0.6023402026726931,0.39997010917965425,0.8269351018585537,0.8742074567374601,0.8269351018585537,0.4383525137773989,0.4461670288782616,1.0178269878168444,0.3777855766101565,0.3346252672579901,4950
EIF3J,72,2000,0.9967149892366565,0.971429976148206,0.26440492944522764,0.15266075472357735,0.8732064286447406,0.8752492073289201,0.8732064286447406,0.43124764520310416,0.43413408607288123,1.0066932094237537,0.33453457414156396,0.241451769148984,4950
EIF3M,209,2000,0.9908871216067233,0.9403207354844878,0.6491596607683829,0.4416400433987507,0.868322506907085,0.9044288416775608,0.868322506907085,0.44206207740100595,0.4473594001972097,1.0119831873105156,0.6050849497079293,0.5449975575094926,4950
EIF4E,324,2000,0.9884224971549032,0.9363748953000689,0.5334727051163763,0.28897626085565614,0.8593419562098393,0.9036833615623788,0.8593419562098393,0.45219712287480973,0.4501172071093095,0.9954004003690222,0.5473087200566237,0.4992029676052819,4950
EIF4G2,205,2000,0.9961072156531832,0.9809827432200183,0.438075404932466,0.2892095472920808,0.8881356733469882,0.8073648599997856,0.8881356733469882,0.4428957531139752,0.43180432936351987,0.9749570109398381,0.594862603217116,0.5468056085861183,4950
EIF5,94,2000,0.9939884961311348,0.9656534047039662,0.35723616653862983,0.26255382768038005,0.8994689283355569,0.9154504014100928,0.8994689283355569,0.441342835295901,0.46231683657322226,1.0475231251641999,0.3103869197433704,0.25461965852890545,4950
EIF6,107,2000,0.993662747748018,0.9690676807919971,0.34851217186205957,0.16574637510820647,0.9090257801807023,0.8595276818707197,0.9090257801807023,0.43973015979030183,0.45600458084100537,1.0370099942391136,0.3771957562498609,0.2739567382185149,4950
ERCC2,116,2000,0.9944068796189901,0.9673634147636744,0.21910997175370703,0.11847054600291791,0.8656567169866133,0.8859303567033858,0.8656567169866133,0.46804643488157904,0.45630196871253764,0.9749074556649759,0.2958191988801231,0.2533329418333776,4950
ESF1,121,2000,0.9950027948121717,0.9759201792830594,0.3680425721575614,0.12047426793771294,0.8591583258509233,0.7943441777876383,0.8594147144888973,0.4670762635682996,0.44159961999517655,0.9454550466062206,0.5457815475558933,0.5013841781455763,4851
ETF1,40,2000,0.9876302802639411,0.910534644841681,0.6343710605418839,0.45123619657849207,0.8659135957679005,0.8672943019790567,0.8669481400878145,0.4570513498602627,0.491470948827238,1.0753079237692207,0.5506420352833125,0.5328513956511499,4950
EXOC7,32,2000,0.9890621913603764,0.9191182137476964,0.3917010567249936,0.21538377152933808,0.8220597669147249,0.835287950775126,0.8252603589991488,0.4725591461683196,0.47912780341071587,1.01390015865031,0.35746072631439335,0.3410167218973349,4950
EXOSC10,77,2000,0.9962808761961677,0.9755226456656297,0.39593837901753626,0.1194294181780696,0.8761803535898984,0.8427465649292171,0.8761803535898984,0.4526731122187329,0.4374495715937281,0.9663696608484549,0.5799541141431694,0.5481796636087582,4950
EXOSC2,209,2000,0.9877083954839332,0.9424277773394915,0.6112687026775954,0.3324460542368891,0.8419452609023859,0.8261597284274679,0.8419452609023859,0.5017219535846416,0.48041780631070163,0.9575379217570452,0.6323534783576485,0.5694592736698556,4950
EXOSC3,44,2000,0.9840363528521506,0.9195641266550943,0.5368541837606262,0.2390981918135217,0.812913545087839,0.8031950049385675,0.8133988666072942,0.49053886812758196,0.478867594435934,0.9762072198309786,0.59858286529387,0.5384136676315044,4950
EXOSC7,84,2000,0.9939844025491585,0.9547627387212577,0.3518311167126707,0.19038811617792745,0.8801170476948837,0.9056591283679731,0.8803796908007312,0.4475795709472461,0.4729262959308338,1.056630632992561,0.3882060900624644,0.3237780628190365,4851
FAM136A,40,2000,0.973845842274831,0.8967180835661972,0.19750505225340334,0.12269158066637008,0.7136479899577146,0.5457662450879337,0.7155692678247859,0.544517486146818,0.4365664638352869,0.8017491943318119,0.45090284271183023,0.4502595545396607,4950
FAM32A,332,2000,0.9903493621284088,0.9412911084670993,0.6357037097865265,0.5538209620171949,0.8916134471351759,0.8667408717553813,0.8918795209779496,0.47966803788343076,0.49030352039858643,1.022172568221055,0.6745928211005984,0.6644823962757445,4851
FARSA,128,2000,0.9877195771100733,0.9276246173328234,0.6045207802975516,0.413555988243557,0.8539119140344396,0.8945493564381053,0.8539119140344396,0.4682806263920053,0.47823273063637883,1.0212524146226762,0.6383351347153261,0.6137717980966312,4950
FBL,124,2000,0.9883083099369713,0.9507057409514401,0.68691195635162,0.4613843706737416,0.9128078072217257,0.9058465058767432,0.9128078072217257,0.4754507157644858,0.4973045996034093,1.0459645398664272,0.5242903478472882,0.4792928432864473,4950
FBXO5,233,2000,0.9983894615344675,0.9862169057932826,-0.0009172657382027199,0.009050273611301889,0.9166354502745684,0.8742372728126306,0.9169089911430478,0.43578130106012697,0.43800317824945034,1.0050985830115529,0.44917532869473886,0.36507579080697744,4851
FTSJ3,153,2000,0.9912409116182752,0.9548470658685086,0.44983660064806347,0.3413182730709959,0.8759291423770986,0.8053553328412145,0.8759291423770986,0.4912211743096749,0.480867287739228,0.9789221293764082,0.5593895956121547,0.5472250329662416,4950
GARS,148,2000,0.9916048625773058,0.9623942008952444,0.07525147050980856,0.03314684116836048,0.8853077489809589,0.8691675512696325,0.8855719410874885,0.45982275351499685,0.46876527022613174,1.0194477251251681,0.23185757885058578,0.1730176903041319,4851
GBF1,155,2000,0.9896308036186013,0.9556668925295341,0.5138270763807484,0.41073917171114577,0.8859095642736617,0.7409931549346941,0.8859095642736617,0.47769286723847454,0.4746654893564887,0.9936624805890198,0.5740831671432352,0.5651606619365392,4950
GFER,198,2000,0.9973416902669231,0.9811713203311663,0.21358267143905738,0.17863687557691185,0.9007121095008693,0.8413047637566214,0.9007121095008693,0.44199893727214,0.43716319275554283,0.9890593528639792,0.35552651803320673,0.3046008309255115,4950
GFM1,230,2000,0.9977995839315562,0.9840310880589904,0.3899412960850251,0.19972721057125012,0.8879623155121878,0.8510654343147707,0.8879623155121878,0.43251947001276225,0.4226973495677172,0.9772908946326412,0.442426824157801,0.38599338508783165,4950
GINS2,130,2000,0.9931332680645255,0.9668251641661407,0.36161256557624954,0.2103065875222577,0.915055638054801,0.8075461575509493,0.915328707478273,0.4283948716616397,0.4414108991849783,1.0303832237043837,0.5652844730618799,0.5652930899240698,4851
GINS3,98,2000,0.99563260286254,0.9716608481032772,0.25209686221307115,0.1379858741549034,0.922907938882146,0.8613288030081568,0.922907938882146,0.4269002887418133,0.44410810882377344,1.0403087328181218,0.5166416859523241,0.4632054239682146,4950
GLE1,54,2000,0.9943005333665211,0.9578727637135358,0.331425413679153,0.2415731667896273,0.8721771423179657,0.8342247006584816,0.8721771423179657,0.45120741446860374,0.4495036350773496,0.9962239331649724,0.4588425997101167,0.43395189942944923,4950
GMPS,94,2000,0.9961405375018806,0.9695016623086,0.1342539271148857,0.07360510019620009,0.8997008425049547,0.9153514071408979,0.8997008425049547,0.43644249460533224,0.46384777400476224,1.0627923932940768,0.33320438451017037,0.24352558468226096,4950
GNL3,29,2000,0.9902079399812788,0.9344768915514051,0.3387958009801294,0.16584295882298192,0.8958224339502345,0.8297696225520623,0.8966249025384253,0.40960653469962255,0.44944835688648227,1.0972684951019935,0.27344280945741245,0.17413051411118463,4950
GNL3L,66,2000,0.9955757063861592,0.9645345162659795,0.2987881740509257,0.1731240691745046,0.9138371024304929,0.9036811250097077,0.9138371024304929,0.41917755061800555,0.45860453683868796,1.0940579361227116,0.30405938697704626,0.25717553418085676,4950
GPN1,76,2000,0.9862236780464964,0.9294713473195111,0.5662416716806379,0.40969651818005465,0.8496007272829799,0.8647137979800255,0.8496007272829799,0.5083530056457033,0.5029168123217092,0.989306243581364,0.49079945612574033,0.4870591566265064,4950
GPN2,42,2000,0.9854729352319254,0.9199582015744624,0.39329606212095747,0.2535608181876048,0.8533588729785568,0.8702756396749136,0.8536135309531847,0.46864534645943695,0.48651939510667336,1.0381397967586252,0.2994237620199167,0.2678778869440907,4950
GPN3,250,2000,0.9857356881934013,0.9325018339814741,0.6330735953432813,0.47327047302606334,0.8301266933692575,0.8760550160263014,0.8301266933692575,0.5374439054446601,0.5090220785888578,0.9471166459624215,0.5973266837823441,0.604619876676104,4950
GRB2,53,2000,0.9955806558371115,0.9619297659439946,0.08484376407271293,0.0776828877401411,0.8470644941065133,0.7968317974937793,0.8470644941065133,0.4528773014933797,0.4359624534821737,0.962650241948689,0.37580162658762173,0.25422820279876285,4950
GRSF1,146,2000,0.9976496856306298,0.9818960126671861,0.23221319092952594,0.1288907054644809,0.8799502814170953,0.8485602981194053,0.8799502814170953,0.44993734194148055,0.4355518628144499,0.968027795280927,0.4051253505959415,0.35134931457770524,4950
GTF2B,34,2000,0.9912063255553119,0.9364356457228777,0.33433434570747717,0.21823724433658975,0.8325231078916719,0.8226891876463912,0.8340159765848428,0.45345796375293146,0.46010117548010004,1.0146500935294793,0.28275076028016405,0.25604375392956874,4851
GTF2E1,176,2000,0.9957820683735475,0.974485179860244,0.3402441488362934,0.2394711186224372,0.88648715066827,0.8887915261136966,0.88648715066827,0.46948750536257583,0.46165425529497073,0.983315296336356,0.43507369218286246,0.40624363085528037,4950
GTF2F2,52,2000,0.9887269976652013,0.9328214395600588,0.3813315249881291,0.2590531375022553,0.8464762330506554,0.8882480392705273,0.8467288371190084,0.47337651456881813,0.4823342967646402,1.0189231441165811,0.25806297311563026,0.23282923828225915,4950
HARS2,62,2000,0.9873549386736722,0.9313120372794086,0.31963968694887546,0.19881897113425986,0.8860160584845002,0.883859337618083,0.8860160584845002,0.42876935745822814,0.4737557799662887,1.1049198378483587,0.32119697260648467,0.2636759404776952,4950
HAUS5,153,2000,0.9976284678645848,0.9816178043877937,0.2403510514951038,0.20009495124754637,0.9042243270789162,0.8337764561827615,0.9042243270789162,0.4517718911842224,0.43934992506537074,0.9725038762121103,0.38307825508184956,0.3318570583351518,4950
HBS1L,120,2000,0.9846220667455376,0.943273141808571,0.6424426420907795,0.4720974368646565,0.8102807023635868,0.6507997580642271,0.8105225050202157,0.5093542497947386,0.45105117409643425,0.8855352938016076,0.5689881121526644,0.5637511478699299,4851
HDAC7,148,2000,0.9933746018010483,0.9663073398004733,0.3713461325806992,0.22767994572424344,0.9163850337827428,0.7853662817020921,0.9163850337827428,0.4326064978835123,0.4475100344103353,1.0344505370474826,0.5068460415400264,0.514531981856589,4950
HEATR1,216,2000,0.9888396896849897,0.9617622500688482,0.5959164422870239,0.31578546603287083,0.8731611562398941,0.8230336449252093,0.8731611562398941,0.5026549800590285,0.47845594205536285,0.9518575395007539,0.511335967430707,0.44379017142354127,4950
HGS,96,2000,0.9877457723418869,0.9268103349301815,0.556619572092176,0.406612161310277,0.8865828558144649,0.8934716910615385,0.8868474284363137,0.47273614583425844,0.5090452042337579,1.0768061591045923,0.5086502403472953,0.46136753133431463,4950
HMGCS1,216,2000,0.99576132385364,0.9757586948320379,0.3997403975732644,0.3386055385912025,0.9152863106205802,0.8553555959205051,0.9155594488809863,0.45410582706163277,0.46675906497226627,1.0278640503555478,0.4684752474244183,0.43195107027312635,4851
HNRNPH1,92,2000,0.9939193904831183,0.964263922938335,0.151392205038621,0.12190280197973885,0.8423466865697571,0.7761441816841641,0.8423466865697571,0.46774147493289103,0.4401605938822154,0.9410339002651587,0.24908855081913595,0.20719384522593162,4950
HNRNPM,128,2000,0.9960123515314206,0.9732926730000375,0.26961836269443906,0.19935568408505144,0.9192400270806966,0.8727826003771618,0.9192400270806966,0.42966962347211657,0.45117465870522716,1.050050139823312,0.46332530659040166,0.40667379056587927,4950
HSCB,85,2000,0.9967381262750955,0.9728037010174466,0.1352340232180375,0.08162268279989418,0.902152836171658,0.8727924340790072,0.902152836171658,0.4290447697843602,0.44173939030798504,1.029588078265409,0.3534089991402203,0.2953621803427009,4950
HSPA5,202,2000,0.9696211083372869,0.9344811332685129,0.5843043572706369,0.5958810430319081,0.8187570807828485,0.5752375871995339,0.8187570807828485,0.5326177214910244,0.482603733832755,0.9060977607368442,0.49329746141086933,0.4641636425193473,4950
HSPA8,146,2000,0.9870828556333309,0.9594732882910573,0.21500053934647012,0.2560378492006823,0.8267365589800818,0.6933736533703868,0.8267365589800818,0.4761986704543233,0.45636841643855613,0.9583571630294149,0.394193417240748,0.38760761529102006,4950
HSPA9,374,2000,0.9793268018900538,0.9121606314948597,0.7179412772499923,0.5141547388999077,0.8218824974992729,0.8182597147366752,0.8218824974992729,0.534141411629632,0.5178962868095993,0.9695864537701085,0.6642387457927564,0.6450210461464284,4950
HSPE1,25,2000,0.9856016621904953,0.9150008528879503,0.46006770642004063,0.29799565504107745,0.8551111953809949,0.8348627302159534,0.8615367378770951,0.43277963440162903,0.4777310720200903,1.103866778856044,0.37100029135324525,0.3408435994692424,4950
IARS,45,2000,0.9899725734795727,0.9276008834547773,0.5129259494596553,0.3285298604296787,0.8361364274576644,0.9009213508559906,0.837135395710302,0.4529801997576167,0.4713009882819738,1.0404449866235002,0.2920545425822543,0.24893941644173687,4950
ICE1,319,2000,0.9862845222294845,0.927206147695963,0.658396907666664,0.6040537899952902,0.8921774414634202,0.8769254986954873,0.8921774414634202,0.46056091482784406,0.49558356095620537,1.0760434379912986,0.7532261005881076,0.7357221728627958,4950
IGBP1,245,2000,0.9915293823102307,0.9501464941158194,0.5068264685338748,0.32450073529496154,0.8973709270316252,0.8598675402970584,0.8976387190122374,0.4860664204714335,0.49300836817264737,1.0142818702671585,0.5715397477994474,0.5635448687456697,4851
IK,123,2000,0.993379541720833,0.9581973116825603,0.5657436036639836,0.4665050644122355,0.8790207212382537,0.834112028696966,0.8792830371801332,0.4868518213677022,0.481399002043662,0.9887998175775128,0.6027605854463043,0.597638518301877,4851
ILF2,53,2000,0.9945355392674453,0.9636705464624914,0.007405855836123055,0.014716550285596089,0.885023214167529,0.834791948331331,0.885023214167529,0.4095488115540553,0.43644576784201666,1.065674578639732,0.22126050213935594,0.19045880216940192,4950
IMPDH2,70,2000,0.9938805703369283,0.966102644162381,0.07418740245789855,0.04736630588365602,0.904463364655487,0.8147511827641526,0.9047332731498635,0.417818856691866,0.4382178626108671,1.04882258209284,0.19204247796575433,0.14670721847846932,4851
INO80B,115,2000,0.9960412000075624,0.9736465920609856,-0.003412545128307279,-0.007254495935855327,0.8472563389616428,0.8389401429264217,0.8472563389616428,0.46008187536514755,0.43440842945934427,0.9441980727291027,0.25556984028781315,0.16117065239308484,4950
INTS3,103,2000,0.9876538797698344,0.9371413653642512,0.3578560948145667,0.3311314647251548,0.8613762030405868,0.8936867437461542,0.8613762030405868,0.46496731747021824,0.4769904210807053,1.0258579321603132,0.3446120909411076,0.3245147141188259,4950
INTS4,47,2000,0.9869006321416047,0.9170455012430636,0.5970115785468407,0.47466319544752006,0.8637087779302314,0.8639534301076957,0.8639665245067548,0.46188863220142284,0.47569783141095817,1.0298972261879376,0.5756091310843587,0.5720559361572206,4950
INTS9,222,2000,0.9898660539167954,0.9426652312892576,0.6368121640903394,0.5290078924985778,0.8725582048759415,0.8949982063804542,0.8725582048759415,0.481868255625619,0.4826177325615103,1.0015553357408133,0.656943928100446,0.6548170210077038,4950
IPO9,173,2000,0.9980247637339446,0.9824611880135671,0.13975147560378257,0.1014535452395257,0.888722244628687,0.8940402298465905,0.8889874556834851,0.4464473303318523,0.4399847976304092,0.9855245129321649,0.3094694184640929,0.26050961674708834,4851
ISCU,32,2000,0.9911249209705523,0.9287553360742935,0.46294984759295316,0.2910553657148793,0.8345838236300833,0.7222290151878173,0.8355809369199639,0.46248321740650233,0.4554237879260093,0.9847357935117329,0.48989450619835034,0.48773694352469704,4851
ISG20L2,72,2000,0.9932654552744165,0.957597143561886,0.37376232630931366,0.21031789238012236,0.8998656659798174,0.9116073758853455,0.8998656659798174,0.4314127579598125,0.46968452967654734,1.0887126310556947,0.27105547350216697,0.1951937291759258,4950
KANSL1,41,2000,0.9895401282742212,0.9309171167239461,0.24556060564107807,0.1716126025728345,0.7859294487837764,0.7552680839535306,0.7894622452272156,0.4319987568942061,0.4415455027838486,1.0220989887500778,0.26048005190565093,0.20732776300825917,4851
KARS,45,2000,0.9927559415746471,0.9439754016016808,0.4514262493409658,0.3074233584785773,0.8287355960641908,0.8729360827500375,0.8294779689480941,0.4694902786198195,0.4649775137926724,0.9903879272126938,0.22686823719677698,0.20111289259503565,4950
KAT8,254,2000,0.9952183104150469,0.9735960641478921,0.07362261203825014,0.06783950033620458,0.891686164180961,0.8294572412365687,0.891686164180961,0.4158960009158228,0.4400349778401042,1.0580408714936367,0.325931903374646,0.23326866101834481,4950
KIF20A,95,2000,0.9945504243764594,0.9710102135626345,0.04606855242778826,0.05962047167152592,0.9024331661524442,0.774324065082383,0.9027024687982672,0.42808569758810416,0.434181199876021,1.0142389530411087,0.2407320663117496,0.2125557092990986,4950
KPNB1,214,2000,0.9879203757409152,0.9297981373979687,0.5748254946950738,0.41111357053165437,0.8953437057688086,0.8512502537163823,0.8953437057688086,0.48291617597882297,0.5039351465729254,1.043525069575995,0.5453012992628701,0.5374189456917817,4950
KRI1,51,2000,0.9916350508936609,0.9531865116508473,0.5341039126982471,0.17509866662711054,0.8772203094711328,0.9120456893943273,0.8774820881370449,0.44132005491767407,0.4671031582881898,1.058422662870145,0.4077418465417668,0.3848389997306236,4950
KRR1,398,2000,0.9919158973724338,0.9771510142027013,0.6096476359317526,0.25814958014542966,0.8657855369820059,0.8217175996530292,0.8657855369820059,0.4844700656757915,0.45739264200295127,0.9441091719956703,0.5977611729124555,0.5641957209047422,4950
LAS1L,75,2000,0.9953529081551487,0.9706639865588034,0.09462020697781,0.0379409614881118,0.9284700871100583,0.9119892511985295,0.9284700871100583,0.40986845383247233,0.44795512898779555,1.092924117164795,0.36257168589132793,0.27220437798585106,4950
LETM1,110,2000,0.9963224817003454,0.9763205581523344,0.3901635460049711,0.23781438901005475,0.8864080352802632,0.8449635553984318,0.8864080352802632,0.45438875599868767,0.44231764089553977,0.9734343672062026,0.41076816951413414,0.34553506958493074,4950
LSG1,106,2000,0.9942196256833044,0.966679749812245,0.46230836175633877,0.26096587669452487,0.9233203231725022,0.8999385994749065,0.9233203231725022,0.4202118018688745,0.4527985795589414,1.0775484333606393,0.3497026793980488,0.24838967174884333,4950
LSM3,64,2000,0.990327586959851,0.9337536498455762,0.5153822798753885,0.4183240702075891,0.9019024050168938,0.929740029721537,0.902171549273837,0.4301120722564138,0.47510707316194184,1.104612245881305,0.4741186601168206,0.453340511871376,4950
LSM4,68,2000,0.9866453092020656,0.9102581546448849,0.6158450570478345,0.4824527707836393,0.8987722931229296,0.9052772061436883,0.8990405032969442,0.43236542669167144,0.4889189273743943,1.130800211773293,0.6716940832361217,0.6699702235814122,4950
LSM5,139,2000,0.9870207024283657,0.9279869192130387,0.4864661661838646,0.367232792788097,0.8969599075414149,0.897231227350941,0.8969599075414149,0.4484414575545913,0.47767709078470605,1.065193844337234,0.5543771926112584,0.5663502845653465,4950
LSM6,423,2000,0.9876652769263227,0.9219512389991357,0.6752923669255352,0.5426598744415276,0.8885239734200702,0.9106374166368343,0.888789125307095,0.46063300071857644,0.4877637282129893,1.0588987694392324,0.6444835009112744,0.6901348558903253,4851
LSM7,126,2000,0.9906536851740401,0.9411210328211437,0.5606638942189945,0.44719283753773376,0.9001493140962642,0.9338164468902215,0.9001493140962642,0.4366928584215749,0.4731241986869701,1.0834255214587682,0.6571030492622612,0.6700238933080896,4950
MAD2L1,103,2000,0.9956681455843492,0.9674877675629512,0.24692788710129066,0.1995766438581614,0.882456086451112,0.8592825517173422,0.8827194275691218,0.4526990859927098,0.45967544842423075,1.0154105729242129,0.4002629675234637,0.36974026126450715,4851
MAK16,183,2000,0.993755467201906,0.9712850272940804,0.5010219564161905,0.33388171829524194,0.9264095606094711,0.8952748760329237,0.9264095606094711,0.44112586514948743,0.47169014047286745,1.0692869474342725,0.4212954357283117,0.3295362681664478,4950
MARS,81,2000,0.9885177956553474,0.9310514845364682,0.5886896760260915,0.3838782278753715,0.8617911966601647,0.8991649989921047,0.862048370995187,0.45503396600004736,0.4768826771041517,1.0480155378641487,0.6064616001833162,0.5756500401084661,4851
MAX,161,2000,0.9847546291261157,0.948814831818543,0.3527951502134902,0.20455477040630857,0.7856886973334126,0.7172488307941155,0.7856886973334126,0.5189585808380052,0.4673747330470021,0.9006012065284315,0.4451764037816748,0.42554610687594835,4950
MCM2,114,2000,0.9954405883360664,0.9679513852610113,0.3976256022693585,0.21551308233129898,0.9388377863749153,0.9151476025240511,0.9391179528286233,0.4234790963351922,0.45375172791507734,1.071485513988791,0.5075533242153268,0.44548430496453095,4851
MCM3,104,2000,0.9955833313085268,0.9670513336495448,0.24108655206838053,0.09969062273539021,0.9247858015499558,0.9052503200202796,0.9247858015499558,0.42401771513514025,0.44804949300824337,1.0566763284847205,0.3296713837544673,0.2238360113737168,4950
MCM3AP,100,2000,0.9948047120355326,0.9675063378494647,0.1505804266800554,0.09962976493314962,0.8943191279816012,0.8682286005661604,0.8943191279816012,0.45077720734608645,0.45186462491157675,1.0024122948623986,0.3574048652809418,0.28719901357940275,4950
MCM4,69,2000,0.9944317413887738,0.9597713142434106,0.17886177017932453,0.08965893031941845,0.8750368470180887,0.8120155361166184,0.875297974098667,0.4556159172589426,0.4453848888230709,0.9775445988084235,0.3078621553400558,0.26803837899197813,4851
MCM6,84,2000,0.9953140936802007,0.9634369618003414,0.2843654665074783,0.1255520799393496,0.9279115628214856,0.9055392251892875,0.9281884686892329,0.4162962849756485,0.4496216261329512,1.0800519523222085,0.4336533110879334,0.35576136556203997,4851
MED10,454,2000,0.9798161468611551,0.9128373085332456,0.4085115370149114,0.25120827124410205,0.8331682285742769,0.8684628400376575,0.8334168612894587,0.5402181181069774,0.5168168493772154,0.9566817966443214,0.5454615553868154,0.5385960285042031,4851
MED11,227,2000,0.9881351842158246,0.9519551069676765,0.49070557759471406,0.2860899013339878,0.8170247064007228,0.8214988055480051,0.8170247064007228,0.5365484651115885,0.48986537505146766,0.9129936953964654,0.5469660342128132,0.5469285688580234,4950
MED17,143,2000,0.9756169451685578,0.9014798026764509,0.5434882858525226,0.3552429215838925,0.7394399190288261,0.7807218353948245,0.7396605814934721,0.5838770470321889,0.5082838366229755,0.8705322987112233,0.5648307243349672,0.5693646873992877,4950
MED19,526,2000,0.985693648423478,0.9440596796602381,0.57385452720295,0.35145291198778517,0.7868823862393728,0.8389086444316792,0.787117206408349,0.5662095802402688,0.5022064696931559,0.8869621397264685,0.6841164918776802,0.680201513248988,4950
MED22,279,2000,0.9790507136364945,0.9163407623972056,0.554983764871686,0.32080695574850665,0.7966741293494957,0.8055355229662834,0.7966741293494957,0.5699082615952006,0.5059568557642937,0.8877864754412077,0.5224497034252675,0.5190459477524139,4950
MED26,99,2000,0.9964623190268435,0.9737583680824239,0.19605309125719142,0.0853557730213155,0.8975677520745196,0.9040409950205551,0.8975677520745196,0.45373665882021125,0.4599233542411447,1.0136349690163236,0.35200294868485704,0.3012801968658071,4950
MED28,66,2000,0.9809197766753226,0.9231338317656774,0.3566581296924793,0.20212870476777844,0.7694715646863921,0.7570810511581746,0.7694715646863921,0.5392245747357927,0.48298275541173263,0.8956986923145998,0.41734122122653505,0.39522668982136105,4950
MED29,86,2000,0.9884917055621834,0.9353215773317413,0.5240181783614551,0.3955754851594566,0.8218764362069199,0.8684491992171042,0.8218764362069199,0.5325334325926223,0.5037713751685308,0.9459901198240914,0.4859987417660988,0.47952644478995354,4950
MED30,283,2000,0.9701544263331274,0.8876355215358963,0.6293904350133126,0.4355364671280417,0.7270583104767503,0.8261064238284419,0.7272752780417986,0.6142413128282975,0.5324958562111342,0.8669163672662671,0.6159675376379075,0.6039700380987855,4950
MED4,56,2000,0.9683432315678535,0.8550135283301887,0.5678505948787265,0.3539879941039423,0.7402744414869428,0.8461854182918098,0.7409375717719415,0.5791023711013765,0.5296471287040037,0.9146001570511323,0.5238272342089177,0.5236271560659501,4950
METAP2,131,2000,0.9955678232967446,0.9741655076906587,0.07646153376579418,0.05977198021714043,0.8652427489479693,0.8136286032020204,0.8652427489479693,0.4513233621984827,0.4349885401822736,0.9638068112080281,0.2783298423146706,0.22382917432217825,4950
MICOS10,83,2000,0.9962778004524945,0.9732898134104168,0.2423566304597399,0.18792397450618917,0.8893163646916433,0.8461530784480348,0.8893163646916433,0.427871524600361,0.43013142487014067,1.0052817027706469,0.3999469022473917,0.329164114957244,4950
MIOS,160,2000,0.9980085268880936,0.9816987395360359,0.3149732326159601,0.2070974996545536,0.9065112380634102,0.9121483029118458,0.9065112380634102,0.4365568998169714,0.44181368406217447,1.0120414409370064,0.5600450987435088,0.48748641466647075,4950
MNAT1,79,2000,0.992212150032246,0.9588716969072257,0.2838632679639487,0.18007671606988856,0.8560441938919086,0.8588228249924594,0.8560441938919086,0.480506605371335,0.4620051828209981,0.9614959878626458,0.4187017726980909,0.3601610193707056,4950
MPHOSPH10,38,2000,0.9874930566643216,0.939225010301572,0.5896350505240568,0.28460931925607397,0.8658323596476293,0.85293136156297,0.8668668069112464,0.4658128804902865,0.4705379609552576,1.0101437091189076,0.44768118349807734,0.40948405957122286,4851
MRGBP,68,2000,0.9946401257384554,0.9656414957478374,-0.02725314654460711,-0.005507676346420121,0.8852243896865482,0.8300204575549379,0.885488556917132,0.4333608065831847,0.44065791339386934,1.0168383862394812,0.2431043192515069,0.18948181091341915,4950
MRPL13,72,2000,0.9962698042788471,0.9682123949010566,0.29692121433301266,0.16063237615490614,0.8985856752824342,0.8728081987356042,0.8985856752824342,0.4241218544102689,0.4388921580429433,1.0348255887566942,0.30807796573721846,0.24825308308348462,4950
MRPL14,188,2000,0.9982904708265853,0.984682050775378,0.299703509462708,0.13829826337189238,0.8926912658202779,0.8885171486886579,0.8926912658202779,0.43207965550859756,0.4247725947100314,0.9830886029085284,0.44359481612823853,0.3583424716034561,4950
MRPL17,96,2000,0.9965924485530029,0.9735004799353608,0.39102685630375267,0.16816948397886128,0.8735844705089302,0.8480441468958962,0.8735844705089302,0.43002782668473827,0.4230100663778371,0.9836806603939782,0.3377035640423144,0.2340428640038765,4950
MRPL18,128,2000,0.9968086899019094,0.9772096671737245,0.44468619940423615,0.259897411981798,0.878084020878475,0.832399953652085,0.878084020878475,0.44069457570522097,0.4297479885781317,0.975160581767593,0.3707961090170628,0.3088569064904049,4950
MRPL3,146,2000,0.9969830492433666,0.9783653007807583,0.37576506678587235,0.12859917388708478,0.8790259663627457,0.862270273657785,0.8790259663627457,0.43886188555593314,0.4285763345340028,0.976563103048851,0.3972460403007808,0.3163779738498831,4950
MRPL36,160,2000,0.9969720185139969,0.9806465838833558,0.25762343157689155,0.07749653808203373,0.866982335905779,0.8124438974113343,0.866982335905779,0.4449241421200993,0.4237326031391633,0.9523704234082223,0.33875471421843045,0.28675136884955477,4950
MRPL37,100,2000,0.9973972958772458,0.9760070266925833,0.4419905517159651,0.21103848251933247,0.8902863063976701,0.8780163067241007,0.8902863063976701,0.4309291267603068,0.42840827099766315,0.994150161714301,0.36071195245879056,0.29457929351812173,4950
MRPL38,132,2000,0.9972614866907189,0.9801684264067158,0.2952801115937905,0.138849840453602,0.8802403819763206,0.8355222211250805,0.8802403819763206,0.4429166160932874,0.43064329034847787,0.972289738018946,0.35415633509916666,0.3077292371218333,4950
MRPL41,66,2000,0.9962905213998494,0.9685907085714449,0.3371575652070537,0.1613795412012473,0.8940771017562057,0.8597608162035685,0.8940771017562057,0.42051941334427756,0.42980224367485087,1.022074652953601,0.3353731633793907,0.2711928145233947,4950
MRPL43,90,2000,0.9960522166342288,0.9742203860033825,0.3332466526691972,0.16082834614159403,0.9085521456619154,0.8622950556403081,0.9085521456619154,0.4155911871212089,0.43401061764531107,1.0443210074026907,0.42488464448463936,0.3430012651511029,4950
MRPL51,100,2000,0.9964879779467742,0.9746119302541612,0.33882631139804664,0.15633448368787772,0.8878027491090048,0.8266143021656212,0.8878027491090048,0.4325727511481839,0.42725415758723023,0.9877047192087721,0.27927982504452675,0.21772158999831484,4950
MRPL54,112,2000,0.9976463684345894,0.9764359657729368,0.29096872197181317,0.13357516219501522,0.8567698166881849,0.8699806294902978,0.8570254925511177,0.44771801749319917,0.428445683212463,0.9569542812724268,0.46979170914809765,0.3669784080431862,4851
MRPS11,90,2000,0.9966410330254459,0.9719261622620721,0.3316335996756558,0.18578636961221223,0.891489410780305,0.8613923985708586,0.8917554476083506,0.4375438799783766,0.4381163528524696,1.0013083553152147,0.4060307684634873,0.3361608584880527,4851
MRPS14,82,2000,0.9914967786331793,0.9635982652767774,0.24477013714784132,0.19045214454020332,0.8672007884232832,0.8050001007638359,0.8672007884232832,0.4582460171740885,0.4527445825833583,0.9879945612956941,0.3469724975201123,0.2880834453216013,4950
MRPS2,93,2000,0.9973641529317565,0.9757286616535147,0.12798130779573544,0.06270136421618414,0.8750535495843595,0.8809215745123106,0.8750535495843595,0.44156532890934647,0.43484333258014973,0.9847768705175096,0.41056283959212186,0.2957530091980092,4950
MRPS21,126,2000,0.9971472295566537,0.9791916237284443,0.23114747284870346,0.10600090416304818,0.8821833476692561,0.8520365466488006,0.8821833476692561,0.43811674608553364,0.4296248000538865,0.9806171393499744,0.42498857248948757,0.3630315020916722,4950
MRPS22,142,2000,0.9981341355573484,0.9807629059354024,0.27438042036185056,0.18019803818209323,0.8810236771927502,0.8822728052550347,0.881286590853506,0.4485102897767769,0.43768264503359394,0.975858626326816,0.41326208293864714,0.2996175293425627,4851
MRPS23,108,2000,0.997660088027201,0.9773971788288622,0.2964077294818305,0.16929773307238777,0.8852300082455811,0.895834119543078,0.8852300082455811,0.4384995441725989,0.43050157903877834,0.9817605854835774,0.48664340771139747,0.41869636646474545,4950
MRPS35,182,2000,0.9977023768588276,0.9814450708369225,0.4040234523465943,0.2660996671941734,0.913252816975306,0.9110538478279346,0.913252816975306,0.44030619775165136,0.44833287109668396,1.0182297301371683,0.5553782942014692,0.4997308309431843,4950
MRPS7,101,2000,0.9977380110848448,0.980221184959022,0.2320682494821236,0.11524440446670536,0.8793086176652968,0.8898116805780024,0.8793086176652968,0.43442243348300313,0.42634948479632084,0.9814168010705042,0.4320808271269891,0.3530941644818029,4950
MRPS9,69,2000,0.9965543945627405,0.9692093004147079,0.25023569538241375,0.16120168715290584,0.8905688499959753,0.8690141046037057,0.8905688499959753,0.4298305075313354,0.4373706216667551,1.017542040008525,0.360203493649921,0.2941830347157403,4950
MTBP,183,2000,0.9936084551069614,0.964590969503661,0.21695027753583254,0.11292395948338686,0.9327840982215994,0.9019167655963536,0.9327840982215994,0.4239111915773097,0.45846507854118307,1.0815120639306146,0.5093981660489301,0.4025641429101132,4950
MYBBP1A,106,2000,0.993942058493307,0.965722722112226,0.3176092818081339,0.17116018395171936,0.9125702480385416,0.8987670603302782,0.9125702480385416,0.43474732502308056,0.4656162318636246,1.0710042232666135,0.3142825062306456,0.22943755148230288,4950
MYBL2,81,2000,0.9952825496418155,0.9688981235362712,0.3021108224010237,0.19390290931041274,0.910309954245268,0.8210501034889621,0.9105816074694534,0.43056697705382735,0.4337997451194131,1.0075081419681198,0.37517968746833125,0.36099642581346075,4851
MZT1,381,2000,0.9983199697975498,0.9887601610785709,-0.005873086545472356,0.009527949020076115,0.9097323444299008,0.8723217660709937,0.9097323444299008,0.44487743212581393,0.4346068712886588,0.9769137073166085,0.5904649901379463,0.3635483147818489,4950
NAA10,113,2000,0.9961342385067479,0.9751415883822916,0.05835398232514615,0.019458160893096172,0.8543554788351143,0.8600758993317106,0.8546104342152501,0.4572773330704906,0.4413960975591416,0.9652699925941862,0.476138320084111,0.4050697836956909,4851
NAA20,158,2000,0.9976228108679498,0.9811376590582684,0.050518941223678976,0.016313080677548126,0.8890942843228011,0.8605828521688679,0.8890942843228011,0.4513543780052898,0.4393020051427131,0.9732972954670035,0.38552740609133485,0.2820438267553975,4950
NACA,315,2000,0.9884125269132658,0.9483464874339064,0.5224250839046091,0.3217451442490719,0.8155412226940821,0.8101804992655685,0.8155412226940821,0.5295930326287247,0.47077156885025306,0.8889308033834785,0.5893408173580436,0.5602947309516667,4950
NAT10,28,2000,0.9871340270541022,0.9384819426959556,0.4696866036735708,0.1462760994322522,0.8603115943671299,0.8121686838862936,0.8636611153994068,0.4467801356381406,0.45801634689683823,1.0251492850978166,0.3906009740193877,0.3554732967515606,4950
NCAPH,64,2000,0.9943376656459136,0.9589489134738006,0.28449176383804947,0.20012708666253953,0.8978245863182578,0.7818265537583907,0.8978245863182578,0.44795711602624466,0.45412929460612195,1.013778480620745,0.4739260475686799,0.4722550676330704,4950
NCBP1,53,2000,0.9795693610223217,0.9264364018929022,0.3495322628722486,0.1749224900984742,0.796418235514162,0.759439741639073,0.7971316588365096,0.5004953412681392,0.49396709416022483,0.986956408103745,0.5320737702195084,0.5026912137089412,4950
NCBP2,765,2000,0.9848225220820578,0.9508292436799528,0.4801298199809952,0.2417658617098292,0.8394983745400484,0.8488297619319802,0.8394983745400484,0.5186535957267148,0.5058552917530361,0.9753239660683622,0.6327680156620802,0.5987117951693107,4950
NDC80,171,2000,0.9955999083219702,0.9728789686024382,0.5201097039398689,0.35900027514445615,0.8573494814034167,0.7443475702098388,0.8576053302489564,0.5031603443122921,0.4588371320283664,0.911910344477546,0.6270986475976421,0.6266936500492225,4851
NDUFA2,111,2000,0.9857868470566954,0.9280028682356178,0.5922483750783946,0.48133117186889446,0.8594736804001465,0.838237547150587,0.859730163145715,0.49773240349920095,0.48458449562749256,0.9735843647809176,0.5643232926352828,0.5657140955512914,4851
NDUFA8,85,2000,0.9970989100840743,0.9752123140786989,0.18562416837252743,0.11914724024663423,0.881076722175424,0.862210925293348,0.881076722175424,0.4353729627137396,0.42839592331482795,0.9839745463402959,0.20766913996907413,0.14318531717557015,4950
NDUFB4,147,2000,0.9974888014161545,0.979131256915352,0.1933484235468348,0.1379040054581833,0.9067590249686511,0.8969661084253029,0.9070296185302652,0.435367191198831,0.4403615676253915,1.0114716184701282,0.37898086285726923,0.25725950821148047,4851
NDUFB8,174,2000,0.9981720043032265,0.9836030987765934,0.4223727464025004,0.28939270695450203,0.8926065406393966,0.9112609955537695,0.8926065406393966,0.44626945530182227,0.44044566237418264,0.986950030462647,0.5001672651557861,0.4568183441949403,4950
NELFA,82,2000,0.9920805366203482,0.9615845343003837,0.21056557679865032,0.08909767428355837,0.8356622395053024,0.7599745626846358,0.8359116164791923,0.4580558420054456,0.4434069793612677,0.9680194618624723,0.34024299478407743,0.260730736889435,4851
NELFCD,174,2000,0.9962561065095705,0.9798203045862302,0.12947019812975766,-0.02381253718505996,0.880790056367028,0.8568216760697025,0.880790056367028,0.44916725234175225,0.44188969065702666,0.9837976355472042,0.42088880383686694,0.3231085253299215,4950
NFRKB,223,2000,0.9967442904595708,0.9816072119580507,-0.06118320669906642,-0.04595516165131405,0.8592268521196909,0.8158220987847069,0.8592268521196909,0.46469328217252853,0.4310099371255911,0.9275148670869308,0.3801390336850546,0.27937242369120024,4950
NFS1,75,2000,0.9951856878597545,0.9622776851239233,0.3107586622910948,0.18339052449913532,0.8783388342823051,0.8700847370914805,0.8783388342823051,0.4495330279670782,0.4468386636728529,0.9940062819266631,0.3806787342853537,0.3355329727177969,4950
NOC3L,73,2000,0.9947833766233011,0.9640154916692144,0.435933063524709,0.25858998530396515,0.8987714603201373,0.9029437381018985,0.8990396702456283,0.4250789934071336,0.4514830578936111,1.0621156403276595,0.3912610222191919,0.29378287308324724,4950
NOL11,219,2000,0.9888726474408236,0.9574929267341806,0.5641682144190184,0.24522091857271622,0.8833684420844211,0.868211169550998,0.8833684420844211,0.4899085582156171,0.4846701968851921,0.9893074510831591,0.529840656378198,0.4561791317199065,4950
NOL12,83,2000,0.9955482204163715,0.9686764726823939,0.2878503545608058,0.15148316520336597,0.9196277359742961,0.9144500494107217,0.9196277359742961,0.4181283385508419,0.45336374715506833,1.084269336739176,0.3407174166655411,0.26682309019198647,4950
NOL8,70,2000,0.9948408532869352,0.9631547599726139,0.4327479499715737,0.24589160369551352,0.9225985705786353,0.9101928975827431,0.9228738909518309,0.4162528660272855,0.4587003617700127,1.1019752371391298,0.25901850533780446,0.20003945477420731,4851
NRBP1,62,2000,0.993127001180528,0.9567562406898493,0.12116007429879441,0.06495856941486594,0.820678013524449,0.7860501487321399,0.8209229189298578,0.47694439260480226,0.4444946073340117,0.9319631489675358,0.4410812976068716,0.36753927304733397,4950
NRDE2,495,2000,0.9913973277122975,0.9430546723477147,0.5703689711688246,0.41073207610547946,0.8875267284591605,0.9043658263000921,0.8877915827499571,0.46466589337948333,0.4710818851387478,1.0138077309150542,0.7136078074028341,0.7342838530779074,4950
NRF1,71,2000,0.9931135326032183,0.954018950061681,0.053802811429443514,0.022988449974462477,0.8716722536417981,0.8412093356836888,0.8716722536417981,0.4274171550662606,0.44098825119296875,1.0317513830419147,0.1649357748563197,0.1205537067872138,4950
NSRP1,188,2000,0.9931676469404361,0.9518051261916699,0.723459142116212,0.6517615111254008,0.8764507586093071,0.8145861468918253,0.8767123076270955,0.48759774490924196,0.4968044877577984,1.0188818196061427,0.7445703653096545,0.7384651268793727,4851
NUBP1,144,2000,0.997268850736319,0.9789495125506573,0.27992851780653094,0.16650199721162898,0.9044969106825711,0.8682212888599549,0.9044969106825711,0.4432908623441522,0.44556259526632563,1.0051246778670637,0.47964664898470494,0.448092976272759,4950
NUF2,404,2000,0.9967170774291801,0.9758888614398731,0.6261876543621209,0.43428145170973664,0.9098336298602538,0.8872867397586229,0.9101051409404868,0.47813305628434843,0.4773047810267722,0.9982676679025507,0.5875037525664907,0.5219250902132353,4851
NUMA1,203,2000,0.9928567233105848,0.95879929177941,0.2966210594037235,0.17830907484460723,0.8859930655556353,0.8974588605945795,0.8862574621732288,0.47544443337669107,0.48441349888535584,1.0188645711052273,0.38161927581265565,0.3429896895127637,4851
NUP133,70,2000,0.9953063906146189,0.9618737386975469,0.3426353783011351,0.25291535448595426,0.888239669978303,0.8920399034097619,0.888239669978303,0.4345205610689123,0.45321912331182107,1.0430326053307688,0.3688787839309073,0.3293844085293528,4950
NUP160,234,2000,0.984577306212243,0.9124196966139627,0.5244640792460227,0.37932197315884486,0.8967552552755412,0.8796562176005809,0.8967552552755412,0.4613518604768668,0.5003588939538902,1.084549399218225,0.6206269745027199,0.6239929063908332,4950
NUP54,266,2000,0.991889564716179,0.9569538614323951,0.471217244134844,0.3386884297306071,0.8913933069837664,0.8608052124615064,0.8913933069837664,0.45362729281142605,0.4621987703240995,1.0188953959771612,0.5722246326023538,0.5245269135918574,4950
NUP85,107,2000,0.9949757253847644,0.9656933669511638,0.48843049972741714,0.3596447498582311,0.8991147428783131,0.9057553468535602,0.8991147428783131,0.4494994673717919,0.45536173962221693,1.0130417554314,0.5616619370732903,0.5365578212073697,4950
NUTF2,44,2000,0.987047989160033,0.9275487608577693,0.45673625733698603,0.3222062773699885,0.9028661361487964,0.8030512680353445,0.9028661361487964,0.42849200104267693,0.47686354537500886,1.1128878324116858,0.5538486281308771,0.5453462544594107,4950
OGFOD1,101,2000,0.9841912631326976,0.9277013782767624,0.16191367937385442,0.06698603629857347,0.8933387906148043,0.8155916652444456,0.8933387906148043,0.44516426088346217,0.4888990135574471,1.0982440540144653,0.23278014109265285,0.1610546575949933,4950
OPA1,53,2000,0.9938039559953603,0.9569431957206898,0.4168099172816277,0.2060817374175009,0.8991098944690724,0.9019000573290736,0.8993782053895345,0.43898612877936394,0.4747804191597054,1.081538520737512,0.3806490471781217,0.30379557694645715,4851
ORC1,477,2000,0.9956619554913438,0.9711524850761937,0.4034593229052618,0.22584718168650827,0.9269892006142662,0.8702734421327043,0.9272658312321757,0.44842557651401993,0.46013425699231536,1.0261106208709376,0.5649339334248834,0.5892015530482458,4851
OXA1L,305,2000,0.9957275034945033,0.9727114135373727,0.5914432777003233,0.407784964243873,0.9037218605943707,0.9152385439884958,0.9037218605943707,0.45561254804238227,0.46698697336353734,1.0249651049348314,0.6391864987555188,0.5895257025403692,4950
PABPN1,93,2000,0.9852224185988142,0.9244404061424255,0.3443741611390795,0.22188972121316908,0.8708899030336914,0.9032835577575924,0.8708899030336914,0.4571556894006407,0.5025311452094612,1.099255999363697,0.419331915491451,0.3796165404115792,4950
PAF1,229,2000,0.9805943884989946,0.9202171287323059,0.4862055941050046,0.4840262046127377,0.7864086033219935,0.794499173086177,0.7864086033219935,0.5062681734953123,0.5100098068252578,1.0073905954431364,0.43315218649278303,0.43080425492332614,4950
PAM16,43,2000,0.9873815506705967,0.9109891267246183,0.6457396971349615,0.4221348039426708,0.8437433223796266,0.8755877393276404,0.8444991390315044,0.46113873273934436,0.4896849805447647,1.061903794150638,0.5525383564513299,0.5231711446398921,4851
PAXBP1,114,2000,0.9930062983299794,0.9589925484217847,0.45668545461763715,0.36123047243519407,0.9007707052254442,0.9057727391157329,0.9007707052254442,0.45697813795074865,0.47368090906041393,1.036550459107435,0.4056665434256699,0.37653803012772963,4950
PCID2,208,2000,0.9984084016660223,0.9861009670377612,0.03371330845163297,0.005092472536146024,0.9040332949378187,0.894926969296732,0.9040332949378187,0.440971209014586,0.43649908548961724,0.9898584457848238,0.14434753537868497,0.11953226005332118,4950
PDAP1,38,2000,0.9935904607861006,0.9487429503831304,0.3327316303304892,0.19444168881254476,0.8558194565910326,0.815499777707559,0.8570979439776341,0.4457461632521456,0.4379410052348415,0.982489657823963,0.3559583529380084,0.3253987483258154,4950
PDCD2,59,2000,0.9939150055919648,0.9669427798041327,0.38209405390269774,0.02492910449654113,0.8730200583152881,0.8564679255112858,0.8732805835490438,0.44987211770206914,0.45223023137956375,1.0052417198850254,0.4835228287098799,0.4408781178778638,4950
PDCD7,80,2000,0.9936947297586743,0.9540116648787641,0.30549685856662495,0.20755780150312253,0.9052537844286596,0.8976562505365239,0.9052537844286596,0.4435539665282983,0.4647993693662796,1.047898100258889,0.4394496650002379,0.38290891256735593,4950
PDRG1,111,2000,0.9955681317910711,0.967507326518723,0.3725380506855353,0.23614790811741104,0.8757766567292394,0.8918139555677045,0.8760380045826351,0.46096755161454683,0.46367071242097263,1.0058640803204415,0.45010243244267273,0.41492095234952137,4851
PELP1,60,2000,0.9910668929011903,0.9501106509521446,0.2364287562847995,0.08905310642433084,0.8731973114939996,0.8068507055902506,0.8731973114939996,0.4588216560886093,0.46278446528983586,1.008636905129195,0.26229373361655317,0.20475863575706246,4950
PET117,80,2000,0.9965234756095398,0.9767957075637256,0.21756467062057933,0.05609220230476755,0.8908159423551331,0.8308275087047378,0.8908159423551331,0.43424225959833507,0.43158385514110553,0.9938780384975223,0.41302195149546383,0.30527759662639325,4950
PFDN2,77,2000,0.9854859066192547,0.9182054289407403,0.5024490720929772,0.31453936425013473,0.889187830999413,0.9459538913980947,0.889187830999413,0.477087759317248,0.5143828303201836,1.078172326773977,0.4497890061528813,0.43055407121510086,4950
PGAM1,145,2000,0.9977870399169294,0.9798018165029615,0.19640155819824343,0.14048685626223992,0.8755954930700696,0.8691354266186803,0.8755954930700696,0.44907807932459787,0.4346311779007615,0.9678298457055339,0.3051692200382967,0.24479787267017247,4950
PGD,98,2000,0.9936300997271126,0.9643335235973103,0.14022482550187562,0.123024046273509,0.8645169907436484,0.8356461488445152,0.8647749785057324,0.45708177750596773,0.4477115551120356,0.9794998780304502,0.25946509956092056,0.21408036652913282,4851
PHAX,304,2000,0.9940476608451438,0.9634585197606013,0.6022469491678802,0.5021548487769705,0.89678508100476,0.8952256901807435,0.8970526981581485,0.46358072192303673,0.4682130919292216,1.0099925637266434,0.7204064367153374,0.7044819094626836,4851
PHB2,292,2000,0.9769803309348312,0.9084477387381349,0.6909975658449073,0.49235335157307786,0.7686764158278558,0.7443219688660905,0.7686764158278558,0.5394554354739434,0.47614337352968866,0.8826370695199279,0.6489645031142476,0.6301704142689504,4950
PMPCB,471,2000,0.9939302543285489,0.961914770861396,0.6924958646811188,0.5164308619964987,0.9029310000525628,0.915354468420536,0.9029310000525628,0.47315681094041445,0.48842628977027003,1.0322714756589728,0.6648797802977968,0.6542617549484905,4950
PNN,64,2000,0.9859338437660227,0.9282817118377629,0.13946890438202034,0.026979153376279166,0.8702191839489286,0.8217818282635103,0.8704788733502862,0.46192103748949953,0.4735248994780636,1.0251208557211886,0.17982034938505181,0.1551355593764068,4950
PNO1,114,2000,0.9907249091507068,0.9623166577460109,0.6470961699511624,0.3034990628724948,0.856870462591332,0.8496493614007905,0.856870462591332,0.4945179444095365,0.4703851475760865,0.9511993313523571,0.5381357099130286,0.4896232946391601,4950
POLA1,195,2000,0.9909921440216911,0.9456355174563214,0.37320504225807527,0.20787227129060998,0.9201780170830969,0.8626146375225148,0.9204526151186336,0.4465755482855517,0.4774371034850263,1.0691071076929406,0.4754020162960629,0.47641483242797045,4950
POLA2,212,2000,0.9876793002908081,0.9257860735785735,0.38339601319442734,0.20909869368026215,0.9289365936029333,0.912417870244642,0.9289365936029333,0.4268192986188665,0.4961992830560136,1.16255116166523,0.516148027843616,0.5146782417680099,4950
POLD2,63,2000,0.9906108509692141,0.9452394287680205,0.2552318596507675,0.05794856918813155,0.9291358667214669,0.8890436567842618,0.9291358667214669,0.41272836706083194,0.46532591172972726,1.1274386196642423,0.2839374257561461,0.25019024663071254,4950
POLD3,65,2000,0.9911584109012477,0.9477543118263949,0.17155521639758875,0.041980776230826494,0.9309779652002607,0.8544361385466652,0.9312557861388461,0.40749435407734147,0.45792260275041496,1.1237519905023823,0.336234637753745,0.2996052777384795,4950
POLR1B,174,2000,0.9865573083872365,0.9584815810174799,0.5212682290924714,0.2590345694460624,0.866021354286116,0.7948325759494608,0.866021354286116,0.4892909198021407,0.471849718806473,0.9643541093174963,0.47749783213862423,0.4003694826096198,4950
POLR1C,161,2000,0.9945261189937249,0.9775063549337204,-0.023635314544350736,-0.041311137128388534,0.8571147485842884,0.7716365830221686,0.8571147485842884,0.46222369357063336,0.43802987102220914,0.9476577415620852,0.47416753837055076,0.43023088547874727,4950
POLR2A,264,2000,0.985207626041046,0.9187620841438289,0.6120760383043857,0.4721986762143667,0.8809148572412,0.91184746146611,0.8811777384280819,0.5041812778688382,0.5334383028205975,1.0580287600030298,0.6128198842793028,0.6132128121481798,4851
POLR2D,182,2000,0.9904504040036249,0.9452448688385704,0.588656834152985,0.41553448525241576,0.8482389534185117,0.8378015947242164,0.8482389534185117,0.5259797866049453,0.5024619306108432,0.955287510763905,0.5522108652250266,0.5646179589001649,4950
POLR2F,209,2000,0.9912569856864494,0.9516659576912937,0.6731050239586936,0.48351431226262015,0.8519432722380565,0.8947776069689543,0.8519432722380565,0.5250835963322612,0.504199866693669,0.9602277820393854,0.6525920204952048,0.6590624349513627,4950
POLR2G,131,2000,0.9737289518908705,0.891428246069403,0.5555838668899886,0.41758945007736376,0.7803460519465527,0.8074840834875131,0.7803460519465527,0.5555540211765465,0.5256715470213148,0.9462113809309476,0.4127388894886943,0.3986417688673429,4950
POLR2H,80,2000,0.9666421023741794,0.8703611988082551,0.5559152350957552,0.4052344397065291,0.7796490644031696,0.809774112607498,0.779881726015943,0.5742593440500608,0.5320444233559944,0.9264880399486076,0.4536075939502377,0.4346018783016723,4950
POLR2I,179,2000,0.9798519317443524,0.9129884599089476,0.6042796694025098,0.5202601730276728,0.7963504496844527,0.8275907245327438,0.7963504496844527,0.5438041844958695,0.5060420770735036,0.9305593487424768,0.5791008861786944,0.5825545100769541,4950
POLR2L,43,2000,0.9914754564084703,0.9476646785033155,0.3251901818503862,0.13850832006346211,0.8382216248936375,0.8100445394111567,0.8387220557144694,0.46514419746765245,0.45810669182833397,0.9848702498572813,0.38986817026440257,0.3517960193145684,4851
POLR3D,108,2000,0.993050594179044,0.9558041569733562,0.3054051314727226,0.20360782120644377,0.8893198430326759,0.9042415606274895,0.8893198430326759,0.463302509548467,0.47868644898112206,1.0332049336741103,0.403664109968967,0.321784156469967,4950
POLR3E,192,2000,0.9975575729516499,0.9809592566696776,0.11488824484392739,0.1216350115278485,0.9022742746149499,0.9182947175378944,0.9022742746149499,0.441891674446231,0.4519276153431959,1.0227112915907022,0.2965504708533802,0.21952716256460697,4950
POLR3F,156,2000,0.9948616560023426,0.9709295572044667,0.1883074804326063,0.11894909601598284,0.9011923520810605,0.9255282294160665,0.9011923520810605,0.44871616315625623,0.4673828209318522,1.0416001225101723,0.4544058949417857,0.288608134907778,4950
POLRMT,208,2000,0.9840613057625672,0.9405334953246194,0.6610092188689979,-0.042182968811976126,0.9222501559225413,0.9214422361366229,0.9222501559225413,0.46792567959922177,0.5206381809577094,1.1126514156631064,0.6692208915396486,0.6285783200886546,4950
POP4,116,2000,0.9945651446261239,0.9682880088229749,0.5572825637375514,0.15396314756782592,0.8886014455998829,0.9338702176677512,0.8886014455998829,0.45843266135944066,0.46534556992820747,1.0150794195105406,0.5941011480796287,0.5624183298053133,4950
POP5,50,2000,0.9914133716515315,0.9586857518929979,0.4272696920289865,0.14206978265441045,0.8657012015718932,0.8060786800620277,0.8657012015718932,0.450968063876104,0.4477782561527239,0.9929267327153264,0.407565889276293,0.3557117440687716,4950
POP7,196,2000,0.9971446441339135,0.9777927816258905,0.3932436170294824,0.09608047575062935,0.8984650759344842,0.9350210118715166,0.8984650759344842,0.45604118043979125,0.4662048004062232,1.0222866052003559,0.6122111635193633,0.49206738503272535,4950
PPARGC1B,129,2000,0.9975770202124165,0.9809234319858021,-0.06185373639093078,-0.05377130584083705,0.8979802953658844,0.8960429696250316,0.8979802953658844,0.44266110052374635,0.44220543869895823,0.998970607957295,0.31788473152069574,0.2149671304708119,4950
PPIE,39,2000,0.986499032646677,0.9186881402597993,0.4428127545446604,0.3508129473008717,0.8420022697242896,0.7503299940445066,0.844269102038833,0.43672034054336667,0.4439154046849373,1.0164751977612643,0.3426027484988209,0.32540401393590934,4950
PPIH,93,2000,0.9961423004341486,0.97062429163146,0.31789005810363546,0.23697366902430692,0.8665515956856639,0.8788244670868062,0.8668101906112639,0.457982094463201,0.4442855611858338,0.9700937151388899,0.3890145895082538,0.3314947004259278,4851
PPIL4,69,2000,0.9901886816869632,0.93440063262929,0.5602394242532833,0.46953855786497867,0.8754356234910676,0.90655157873084,0.8759582716244951,0.4566979764611739,0.48599184428826947,1.0641427347952321,0.5005021633823274,0.5099687543488682,4851
PPP1R11,69,2000,0.9950838777641962,0.9603030580399151,0.2294891336512882,0.16301042394686455,0.8941366614297909,0.9070984363563772,0.8941366614297909,0.43116729627396727,0.4555810331549638,1.0566223981404652,0.17053179411138095,0.14701835067121236,4950
PPP1R8,64,2000,0.9955991683890824,0.9663264577900016,0.1555978589696909,0.0951440638597271,0.8558067822037093,0.850449856622116,0.8558067822037093,0.4405130308761589,0.43539931126873005,0.9883914228798815,0.26501128058383416,0.20645839242517236,4950
PPP2R1A,301,2000,0.99844555089927,0.9870060190280031,0.0723086358878196,0.051954142577050916,0.8646519970858672,0.8812732900886006,0.8646519970858672,0.46597734240810595,0.4372401561613959,0.9383291996956499,0.408552683812758,0.285139124739394,4950
PPP4R2,162,2000,0.9892325801612338,0.9570917822277067,0.1530293190260143,0.12794408698929868,0.9155249630476255,0.9132024464127472,0.9157981725263028,0.4365622873255774,0.4814777232819074,1.1028843448723957,0.260742761690854,0.2052003845707549,4851
PRIM2,149,2000,0.9915188149023947,0.9587451752804782,0.42663810102985467,0.26365695762888997,0.9150304390793911,0.7741700983223151,0.9150304390793911,0.42971716172957636,0.4476612113769957,1.0417577905374273,0.4672429455779845,0.47229902643931554,4950
PRMT1,44,2000,0.9944844935114093,0.9600208843269735,0.10951510650658765,0.06728160985412328,0.896814368375372,0.8425391327845356,0.8973497799385812,0.3901188024077432,0.43511804328331327,1.1153475029769595,0.3100357284711021,0.2582397257446345,4950
PRMT5,92,2000,0.997256501140604,0.9768933908265547,0.12354587087329287,0.08370849040974156,0.8687008897479698,0.8503930932437536,0.8687008897479698,0.4477815511416387,0.43367291271458314,0.9684921183643986,0.18752914148079988,0.162715687032081,4950
PRPF18,256,2000,0.992169874317678,0.9485598704893359,0.7014054310675972,0.633464985313444,0.9020776486616104,0.8828344822000986,0.9020776486616104,0.4753222215324996,0.5028192491593177,1.0578492142859892,0.7611528220709446,0.748659531594815,4950
PRRC2A,82,2000,0.997432638644749,0.9775229606264064,0.32560648896945943,0.21905921975220044,0.8752185312388415,0.8818582639093552,0.8752185312388415,0.4193734738771273,0.4245515600825119,1.012347171207662,0.49176860640966197,0.3753428062891697,4950
PSMA2,38,2000,0.9792881335213426,0.8773842071649921,0.26634579164028704,0.151760530102956,0.8899705393242177,0.9155718924354632,0.8913000441633635,0.43032090213763274,0.5169437111144659,1.2012981394432627,0.20952474757669756,0.174732655982757,4950
PSMA3,194,2000,0.9765895181715842,0.8890517566343064,0.5804723884066324,0.43445291716404066,0.888504389298847,0.8514588893682,0.888504389298847,0.49152260602302955,0.5284791902610634,1.0751879425957123,0.6181386981566879,0.6068494000624923,4950
PSMA6,18,2000,0.9717307641394409,0.8375770041971428,0.3514054555006774,0.2126265032823606,0.8902340103170131,0.9114970127612325,0.8998987945062207,0.41393327618946896,0.527793924446145,1.275070022285086,0.2622848755267228,0.24507558059628315,4950
PSMA7,22,2000,0.9748110832257431,0.8480650288053797,0.36483872454210037,0.250186331656234,0.8404105393059996,0.8836966780610271,0.8459628011272405,0.44971844174439063,0.5294331264508187,1.17725462319197,0.2979725417991681,0.27252776674416807,4950
PSMB2,46,2000,0.9741763229275611,0.8685078963434938,0.43605212972663926,0.31098943974486193,0.8679846530927935,0.8674654722163957,0.8687621848811716,0.4685884142874658,0.5197293831602292,1.1091383316831358,0.4180949992197482,0.3964288378763473,4950
PSMB3,19,2000,0.9679786967426081,0.832287685436572,0.2590101936275478,0.17349226292449899,0.8715907093535444,0.8487689742035175,0.8845207562074117,0.4248528888435736,0.5211611821766355,1.2266861861957583,0.20145864647278114,0.17182732630288405,4950
PSMB6,77,2000,0.9789453130916302,0.9081007059513344,0.4942993022995299,0.41196891664125096,0.8693996316811017,0.7215173589169604,0.8693996316811017,0.5008015968047778,0.5090000742024228,1.016370689083753,0.4406762465647639,0.4256813472063573,4950
PSMC1,177,2000,0.9757056079893197,0.9083532464268437,0.6360186396201873,0.5084802419011326,0.8041339038774572,0.7014541289644498,0.8041339038774572,0.5694069741956161,0.5166808262408206,0.907401631138613,0.5079977242914516,0.4922915573928713,4950
PSMC2,279,2000,0.9819165536349205,0.9221937599186778,0.5992112899776335,0.48885657592621556,0.850239536639392,0.7910390720845988,0.850239536639392,0.5310052039541822,0.5144834944790816,0.9688859562186405,0.4983294333241414,0.48277102090565105,4950
PSMC4,149,2000,0.9732099505117269,0.9027699634867015,0.6070622344007262,0.5123410517500785,0.815068914576241,0.7203405714383296,0.815068914576241,0.5565574698132378,0.5199370053675147,0.9342018106413523,0.5072073120580047,0.4855324984433529,4950
PSMC6,65,2000,0.9739669155120041,0.8782851923804992,0.5321303003618619,0.397060332566201,0.8278251268969503,0.7789908198296835,0.8278251268969503,0.5337277099090075,0.5316905193777116,0.9961830715263519,0.5165961618947497,0.5078167798065796,4950
PSMD1,87,2000,0.9849210635652068,0.9179772884911642,0.5966364020929983,0.44364619670161215,0.8801170611282019,0.869063240950032,0.8801170611282019,0.4887905559820393,0.515535853047153,1.0547172734632861,0.5248128575855117,0.5139128375881541,4950
PSMD11,40,2000,0.9814323559151499,0.8948324864039875,0.515600518088863,0.37596556369451867,0.8340015230385223,0.7959230126089709,0.8367474125187448,0.4988700725075952,0.5004624513577342,1.0031919509827787,0.4822864654630075,0.4716324293487308,4950
PSMD12,116,2000,0.9787086746928856,0.9146053990088184,0.5175348897419122,0.41362356440866604,0.840256160427359,0.7378439244586759,0.840256160427359,0.5330014557495428,0.5094097843436195,0.9557380552926864,0.586141486221168,0.576670902214851,4950
PSMD4,285,2000,0.9924876645473605,0.968622328145146,0.417712333048229,0.2840671356474786,0.8557585609457562,0.7987994702482304,0.8557585609457562,0.4857588079804665,0.4589341351029471,0.9447777747215326,0.5914988678265041,0.5174420367440392,4950
PSMD6,282,2000,0.9810807641438015,0.9303270384915655,0.5242458576584785,0.4497533714352935,0.8361447632089533,0.7219553000508676,0.8361447632089533,0.5304795366082883,0.4926776932988807,0.9287402246682267,0.5456129557843498,0.5420486875335622,4950
PTCD1,246,2000,0.997932331001646,0.9829681252285557,0.2622605569007104,0.09313149838515326,0.9006458448671897,0.8955386560714949,0.9006458448671897,0.4346448132470428,0.44118223888111907,1.0150408224932672,0.44679944756496565,0.374817686518053,4950
QARS,376,2000,0.9858463821433717,0.9249074346379108,0.6192472282912371,0.455839385205781,0.8478480279457757,0.840529219537427,0.8481010413829425,0.49145938852592985,0.48033362723088746,0.9773617691951507,0.6529978945750082,0.6397084306177623,4851
RABGGTA,114,2000,0.9855577975652808,0.9284191814710797,0.16871650697142393,0.03145212951485208,0.9280508361079584,0.9210123221254239,0.9280508361079584,0.4321934611865526,0.5072953654453716,1.1737691549403388,0.312325348706982,0.2666297286903699,4950
RAD21,62,2000,0.9880608220538546,0.9370182182125649,0.40987724837653067,0.2983370161226033,0.851836738155031,0.7539891797457164,0.8520909418966469,0.4772852313880384,0.4744985121560561,0.9941612918432634,0.6078042590581877,0.5997619750086827,4851
RAE1,51,2000,0.9847396689667858,0.9304086013898578,0.27058386891803937,0.16878799553058282,0.8421864566173117,0.8320018570881839,0.8424377805375197,0.463474378298728,0.48311782052683794,1.0423829940209102,0.24993618165363596,0.22471950112170805,4950
RAN,79,2000,0.9908873112477841,0.9457991210305259,0.35117391215723587,0.2357834864767783,0.9171086974192304,0.8917187095227438,0.9171086974192304,0.4428841112154872,0.47780710692880884,1.0788535511670099,0.4165323369466008,0.3779306094204488,4950
RARS2,139,2000,0.9972958104785848,0.9789444548207809,0.28688065218976644,0.19459148702087967,0.8825937895095655,0.8282834221498167,0.8828571717206993,0.43813129791763206,0.4277307458056042,0.9762615409488538,0.5194887019788141,0.4850008358919796,4851
RBBP4,65,2000,0.995312342094258,0.9636074768194545,0.1832399144515511,0.13400665881585747,0.8776299037639294,0.8500094305368444,0.8776299037639294,0.44244715534772966,0.44089463112415594,0.9964910291099875,0.32892468114657186,0.29975536528669244,4950
RBM17,50,2000,0.9885343444253408,0.9311388485728571,0.20741736704848876,0.1296981035046787,0.9119278939888316,0.9031463909878771,0.9124723285524069,0.4157225742758317,0.4758872731703322,1.144723166770707,0.2588430030782332,0.18879369567136553,4950
RBM25,53,2000,0.9832596476804547,0.8970294320073229,0.6095314188797416,0.4876133286352246,0.8375042280803583,0.8674922074216471,0.8380042306045853,0.4415386100862007,0.4861747798420711,1.1010923115788969,0.44134443816379054,0.40793396738344057,4950
RBM28,55,2000,0.9918624079633044,0.9586874386526025,0.36651701253741104,0.19537166686576313,0.9065340786907693,0.8413834151249152,0.9065340786907693,0.42398106946847747,0.457089719707691,1.0780899003340434,0.22725394688306924,0.18521450225806094,4950
RBM39,49,2000,0.9910785287613333,0.9377432591158321,0.3774695680547704,0.2861866606068559,0.8947238767454929,0.8567518144709235,0.8949908787976403,0.4347921079509228,0.4648568517248134,1.0691473753378484,0.49808019755728844,0.4977831061973793,4950
RBM42,68,2000,0.9859595563079884,0.9245447230159404,0.22263019569072312,0.17297013945657497,0.8836089904322484,0.873383069126595,0.8838726755979996,0.4353283665834223,0.48355088827910403,1.1107727276456119,0.23424876414626492,0.191071326538838,4851
RBM48,55,2000,0.9921395272583285,0.9490618563926021,0.15711504578930444,0.09572023436802721,0.8762914733684373,0.8196279355848435,0.8765529748525819,0.45011257500363283,0.4542376268003526,1.0091644667004511,0.27193329210275125,0.22183644251588747,4950
RBM8A,17,2000,0.9723473087254234,0.854008443736176,0.4115738534415078,0.2918788023090973,0.8821909948184206,0.8544426876805998,0.887752691273295,0.4375892100611209,0.5251511626916623,1.200100776290401,0.48216009583683755,0.4813090096844753,4950
RBMX,110,2000,0.9950713074759102,0.9689754809316609,0.3058772912249341,0.200215392701733,0.9095239672901405,0.8219746261299289,0.9095239672901405,0.43459390172943807,0.44250161583969655,1.0181956164061072,0.4153799014626473,0.37612398454343426,4950
RCL1,104,2000,0.9917899787887751,0.9612185823412052,0.6345865944413691,0.26583161483892165,0.888161093321699,0.9212409140822302,0.888161093321699,0.4722700420731506,0.4773563613277639,1.0107699169834836,0.5421938463982121,0.5220431095496408,4950
REXO2,65,2000,0.9925896642843298,0.9661515506324014,0.04908095472713517,-0.024553066390394774,0.8462126289560719,0.7773801803455275,0.8462126289560719,0.4474724415511889,0.43141679681846185,0.9641192330900612,0.24017527502049565,0.19318247230804717,4950
RFC2,85,2000,0.9951831415794519,0.9700019273602183,0.3738995581565475,0.2160416864736394,0.9224743520952282,0.8346785239477622,0.922749635399345,0.41518598503937737,0.4368688856816806,1.0522245232290333,0.46212296712289935,0.452544690182723,4851
RFC4,58,2000,0.9949346080552683,0.9590999928420091,0.32717335185984464,0.17255490155425746,0.9321002295819841,0.8771109999752582,0.9323783854248914,0.40941249783081957,0.44892284309630864,1.0965049540738894,0.4019857370347585,0.3704592705949874,4851
RFC5,101,2000,0.9971354311618551,0.9769707332469346,0.18265145158904614,0.08950456377726927,0.913558258523028,0.8789092428087788,0.913558258523028,0.42284959309060915,0.43796315581341844,1.035742147118844,0.3511440117472243,0.3176519426063686,4950
RINT1,143,2000,0.9974611932099399,0.9795582170641027,0.18931489892179898,0.1360750412495086,0.8961271803642633,0.8597774478547298,0.8961271803642633,0.448966469519676,0.4456932035161168,0.9927093087059392,0.341338124394411,0.2845512245815243,4950
RIOK2,161,2000,0.9922347940159655,0.9665945464676173,0.6575928407547753,0.33661021413206715,0.9035940735078519,0.898372706321356,0.9035940735078519,0.47205831786630975,0.4756343250085383,1.0075753290030747,0.6078211605841748,0.580790726692816,4950
RMI1,195,2000,0.9985505820758781,0.986977800374593,0.1507372851984737,0.11629942799305419,0.8998082558939711,0.8601863254747368,0.9000767752183203,0.44172421818452395,0.4304215482758418,0.9744123614067177,0.4145402938797334,0.3825276420019429,4851
RNASEH2C,89,2000,0.9972207650507157,0.9740045769963794,0.1285189074480139,0.09984487075193059,0.8507934498279713,0.8063631633187309,0.8510473422331721,0.4547373059150143,0.42825354691119055,0.9417602908823667,0.360598641470315,0.318526732226016,4851
RNF113A,170,2000,0.9899815942566337,0.9345718834204619,0.6771464290231582,0.6139294249674841,0.8880879130687191,0.8574898106864756,0.8883529348273191,0.4706873383310785,0.5057404732606975,1.0744722054967215,0.7355008277596774,0.7245192215625916,4950
RNF20,118,2000,0.9896881442047198,0.961169104590495,0.3535193159211501,0.25362700613745165,0.8760945427548026,0.756200028190277,0.8763559854712321,0.4627844675899726,0.44964723757441505,0.9716126174240504,0.5761640997899786,0.497181276575961,4950
RNMT,106,2000,0.9924613394380917,0.9645591982681594,0.4244399904630519,0.011997869452477623,0.9014405926255009,0.8867823748761645,0.9017095990691373,0.46717760455072244,0.48331582285297126,1.0345440530530743,0.7010313246242899,0.6467578447258118,4950
RNPS1,51,2000,0.9942498222685635,0.9584813222870623,-0.02045296907718017,-0.05757789117961089,0.8575346065025762,0.8405344988541829,0.8583027772459347,0.446101329962863,0.44710442760001007,1.0022485645015784,0.177784034240115,0.14494756384570479,4950
RPA1,337,2000,0.9891666280156557,0.9304336952900024,0.49220359993150775,0.36803051665340275,0.8747974269113606,0.8132930200696351,0.8747974269113606,0.47545939818033545,0.4740784582971049,0.9970955462033748,0.5311503287815434,0.5274161459649853,4950
RPAP1,88,2000,0.9785016227308917,0.8932596088285696,0.4619031134517025,0.322095841452611,0.8564359432405607,0.906610524134242,0.8564359432405607,0.49252344625101807,0.5138583349578972,1.043317487595973,0.42121667141048885,0.41154236795985333,4950
RPAP2,373,2000,0.9821630687042036,0.9184089383668931,0.5626204858172972,0.42789194674558495,0.8399798499486849,0.8738520964682657,0.8402305153769,0.531979358454984,0.5180434935048296,0.9738037304141547,0.5133987185574362,0.520789139346995,4950
RPL10,215,2000,0.9828528604112685,0.9319649164784223,0.6297663455166909,0.43205958402918887,0.9150042469441843,0.8700662211894652,0.9150042469441843,0.4749246766137266,0.5151748678765847,1.0847506613097901,0.5780043850490755,0.5511853707310226,4950
RPL11,315,2000,0.9837844081665498,0.9224986606749583,0.6126548732316649,0.3819728684953355,0.9172524370150367,0.9058675903310808,0.9172524370150367,0.46221897211014734,0.516843138173158,1.1181780891248505,0.5626484962513301,0.5390005198319492,4950
RPL12,185,2000,0.9838751783402689,0.9381619049480197,0.5150910803047074,0.3750115615836961,0.8644137329319108,0.8125076729007107,0.8644137329319108,0.5140461912676514,0.4992614841651087,0.9712385441890569,0.4846069743951765,0.46959954727784115,4950
RPL14,189,2000,0.9793035084616524,0.9330402222216503,0.6396925221725881,0.43195286892379925,0.9184195978151666,0.876477494182576,0.9184195978151666,0.47851866105113516,0.5209704760521366,1.0887150440916966,0.554388778688476,0.5226939728338185,4950
RPL17,134,2000,0.9752155356021693,0.9253553199731067,0.6599242896157858,0.45768989335555754,0.9095164216032217,0.8527616657131237,0.9095164216032217,0.47864171887407875,0.5147783995324623,1.0754983706568768,0.5881514841443637,0.5613537733560576,4950
RPL18,229,2000,0.9848158803948495,0.9371356834632253,0.6797163403625768,0.44724595325995253,0.9084730443310521,0.8783981861819153,0.9084730443310521,0.4852081116208883,0.5097524539008933,1.050585163739659,0.5931869734297364,0.5729811416749404,4950
RPL19,226,2000,0.9841286671858483,0.9337219904447216,0.605376035195611,0.3686163380775373,0.925121200995542,0.8846503238193244,0.925121200995542,0.4733237282379679,0.5243658904369359,1.1078377188285158,0.5660156362415146,0.5341201762664486,4950
RPL21,214,2000,0.9893727951673952,0.9520438488752377,0.6255221395763295,0.4063899917475525,0.9202182121272486,0.8826951237699131,0.9202182121272486,0.4723167059076217,0.49827612423519163,1.054961866589213,0.5295898760445752,0.5079611682947857,4950
RPL23A,84,2000,0.9797691242266835,0.9239420151973421,0.641074535459191,0.39590474324696184,0.9112599445005066,0.8511032339632386,0.9112599445005066,0.46293627849639996,0.5122578176967068,1.1065406416085921,0.54091341315171,0.5020329775218833,4950
RPL26,194,2000,0.9848047906055215,0.9616390665947979,0.5525321472441573,0.39845953884824636,0.9112955812887109,0.8214177053969199,0.9112955812887109,0.4657596081953168,0.4819772168427503,1.0348196752442214,0.49990909810614387,0.40969364184840773,4950
RPL32,158,2000,0.9867148399242184,0.9519103740647249,0.5743716267044077,0.43000336257789384,0.9290218044362194,0.8813558982199503,0.9290218044362194,0.46682678584125,0.5044733332984934,1.0806434801785576,0.5149012615204743,0.49222191007512894,4950
RPL34,249,2000,0.9792002148919906,0.9281243474261159,0.6387651504877755,0.42613171018468105,0.9209525056064388,0.8846931944394448,0.9209525056064388,0.48330844013211566,0.5312298440784529,1.099152816246514,0.6290471520156394,0.5937202818423218,4950
RPL35,36,2000,0.9832689828629982,0.9225737687062058,0.5335745679542712,0.30255351590705015,0.9027828442426488,0.8635174198164739,0.9030522512388416,0.4432501740718087,0.5019071529704973,1.1323337722273474,0.419975266212782,0.3983952345085909,4950
RPL35A,97,2000,0.9840485795394527,0.93207149617149,0.6202757754709862,0.39266228627835803,0.9118516946394806,0.8789030051443646,0.9118516946394806,0.4647727354685277,0.508271588208982,1.0935916384180489,0.5591693707533756,0.5341898894772844,4950
RPL37A,295,2000,0.9850781702042017,0.9448248832209394,0.6301997588440207,0.436929127419139,0.9163258733541785,0.8755651250320081,0.9163258733541785,0.4743121489811343,0.5024803360599851,1.0593874235468865,0.609725063664281,0.5811209331107101,4950
RPL38,169,2000,0.9843980472935631,0.9382808444405938,0.5878942164857485,0.3793702790353906,0.9291712688674338,0.8853116212238724,0.9291712688674338,0.4640968363816565,0.5175429111454406,1.1151614478324465,0.5556084581779475,0.5269121142593362,4950
RPL39,31,2000,0.987300498835525,0.939560892142207,0.42926929820334014,0.2686500241388554,0.8817077613704752,0.8581039516556817,0.8817077613704752,0.4256303489634985,0.4692732736356347,1.102537128174823,0.20519755304147938,0.1606941512373901,4950
RPL4,257,2000,0.9845593350489844,0.9386534838567697,0.6597600660666846,0.4332824907963479,0.9096474183345749,0.8861234767608903,0.9096474183345749,0.4834641684789149,0.512856793871607,1.060795849415706,0.5934709033039165,0.5681532445595311,4950
RPL5,154,2000,0.9784799044431615,0.9171326590720296,0.5942433868982504,0.3875464081206472,0.9215149721912407,0.8943373449778914,0.9215149721912407,0.46716248611997396,0.5320784663769995,1.1389580088217404,0.5612162849983287,0.5277361241126193,4950
RPL7,237,2000,0.9820179479590296,0.9406776976585799,0.6116730717339667,0.3969928558096671,0.9068486935487662,0.8634525483348202,0.9068486935487662,0.47887548575831274,0.501230979987672,1.0466832912257469,0.5533858979757554,0.5133016941857582,4950
RPL9,180,2000,0.9853472717300134,0.9558173789510813,0.59160224643175,0.39004779965112163,0.9072706224826518,0.8171747100200659,0.9072706224826518,0.48220707028481863,0.49095351795416153,1.0181383435186742,0.5168398448096677,0.47227068736329636,4950
RPLP0,136,2000,0.9856070874550739,0.9365289540579759,0.5948284234513279,0.4153210719283496,0.9162388864148324,0.8822607629149521,0.9162388864148324,0.4575977644445219,0.5053386230273302,1.104329284906949,0.4472980950449236,0.41552752585222696,4950
RPLP1,96,2000,0.9893796776140207,0.9680305992389883,0.18969125806542403,0.08739516638509942,0.924722097556358,0.8671098021318966,0.924722097556358,0.4305830522082515,0.46768564287040215,1.0861682307517382,0.30962765050741525,0.18601592136674414,4950
RPP30,97,2000,0.993435008948346,0.9672442490528684,0.6311837730996255,0.2492482967291726,0.8749992122602255,0.8896981314154886,0.8749992122602255,0.4725783134483887,0.4632739819117318,0.9803115355169839,0.5393901503181344,0.48453079233042523,4950
RPP38,49,2000,0.9945890990628687,0.9630408370256955,0.45477440682780496,0.1332197281091483,0.8815987786532967,0.8705352454280947,0.8815987786532967,0.44338329820037964,0.45333203899939195,1.0224382168092718,0.445809152589126,0.381729352585628,4950
RPS10,93,2000,0.992171395279632,0.9653883148517,0.6253690123174225,0.30819522623721823,0.8771693856685088,0.8525326958096245,0.8771693856685088,0.4694852578024733,0.46206100522311305,0.9841863779579046,0.48791345930335295,0.45953029139821794,4950
RPS11,233,2000,0.9861988974960274,0.956439721874969,0.6884987526183917,0.4640857384839281,0.8943060370779405,0.8826032461245505,0.8943060370779405,0.5005814879919294,0.4914445078017516,0.9817472474974991,0.6137997739657267,0.5785686676285549,4950
RPS15,18,2000,0.9798407319015034,0.9033384303726697,0.5767674370523606,0.2778828131685436,0.8789982858795508,0.8292778453007367,0.8840090771881951,0.45413509719473866,0.48376293582166613,1.0652401194216035,0.37370916881299265,0.365716244055042,4950
RPS15A,257,2000,0.988139721074386,0.9518974722973137,0.6878393088772123,0.445604230200389,0.9060488579495554,0.9089392596499799,0.9060488579495554,0.4906111625727791,0.49178046267493564,1.0023833336204406,0.6354563075633967,0.6141459405648971,4950
RPS19BP1,50,2000,0.9892525141220136,0.9503930168677446,0.5279270199827424,0.1786702959751853,0.8605135816728955,0.8200314311640229,0.8607703747441198,0.46116401115899164,0.4595525851411255,0.9965057204293252,0.3790852246042854,0.3443702721295835,4950
RPS2,50,2000,0.989928949244709,0.9405506961942872,0.5869374619778611,0.3404870545696026,0.900572924032545,0.8897526352322076,0.900572924032545,0.46256670648307674,0.48540825433806845,1.0493799857211028,0.5098200589487751,0.46505073452204837,4950
RPS20,179,2000,0.9864855890462039,0.9525245925679171,0.6657113824985571,0.4391363364768808,0.8949608640613115,0.8699536403535818,0.8949608640613115,0.5019924752525364,0.4905799658716072,0.9772655573216639,0.6048221560858603,0.5841354324097654,4950
RPS24,213,2000,0.9829262788658416,0.954219777368009,0.6670441840716717,0.4549533116507215,0.8941339088444159,0.8729089183149011,0.8941339088444159,0.498893259627509,0.49149664924599507,0.9851739423403396,0.5599948448902962,0.5252376096846532,4950
RPS27,161,2000,0.9880379825516027,0.9706536276754886,0.5229209383060722,0.23167627495045393,0.8220733219617462,0.7090154762903298,0.8220733219617462,0.507535890287104,0.44814478944905667,0.8829814584456964,0.5572972386187738,0.5351818329249031,4950
RPS27A,88,2000,0.9852574495578326,0.943206840430991,0.6642893034657318,0.41958240848496436,0.9059796103102704,0.8964951193363813,0.9059796103102704,0.4775415997452109,0.49265679636326143,1.0316520828962217,0.5449945436850047,0.5148005928750863,4950
RPS28,262,2000,0.9893628164574545,0.9617585576137936,0.6334935808434397,0.3627259753578925,0.9042806811830978,0.8975529523060674,0.9042806811830978,0.4827514010679359,0.48234030432299474,0.999148409024778,0.6303285211825016,0.6286033665877149,4950
RPS29,211,2000,0.98830657191563,0.9568634260742673,0.6887141463574891,0.4484442124355923,0.8948690019299991,0.8849768149966377,0.8948690019299991,0.49575429475757343,0.48683725973962977,0.9820131768249514,0.6249997113627831,0.6049302835056402,4950
RPS3,252,2000,0.9818207282268892,0.9483011290853363,0.6501801901071326,0.4483463657221253,0.9082227808083323,0.8835120732458571,0.9082227808083323,0.49068936448708744,0.4957673228420274,1.0103486005994076,0.6159643557871122,0.5912263098823782,4950
RPS3A,120,2000,0.9850406428433811,0.9467491837579421,0.6289884155061269,0.3948387127698565,0.9019296989640604,0.895887196611225,0.9019296989640604,0.48826960714885126,0.494079036941557,1.0118979751937642,0.5849088884102697,0.5747747197194666,4950
RPS4X,175,2000,0.9795635838485266,0.9602814216998172,0.5855036593907015,0.33205786152073113,0.8472108641732043,0.7245156790455092,0.8472108641732043,0.5023095996539177,0.46446606813764535,0.9246609246788132,0.563814153445399,0.5045012183278021,4950
RPS6,165,2000,0.9803614498283136,0.9444134410056584,0.67066427553476,0.47143874162676397,0.886297538394275,0.8736082867053869,0.886297538394275,0.5120167516074132,0.5003679735459076,0.977249205621832,0.46809051154470566,0.4090431207927737,4950
RPSA,191,2000,0.9877594084450868,0.9565031830985791,0.6130440602720645,0.4023052596225113,0.9067100258460119,0.8847011442401344,0.9067100258460119,0.4877829806065645,0.4922240385805844,1.0091045568614383,0.6380157542141837,0.6204650039239595,4950
RPTOR,81,2000,0.9944156674690211,0.9547628894272066,0.4371540261368458,0.25194513284652603,0.8589183530402902,0.9227994457980607,0.8591746700659662,0.4473857158430472,0.46027183620857093,1.0288031325569034,0.5351700675778157,0.5016787519831294,4950
RRN3,38,2000,0.9858688755987901,0.9387044897537401,0.3870151698133405,0.16998294395460703,0.8544275571791393,0.7616145404777237,0.8564716422441611,0.473624518517236,0.46684065188760804,0.9856766779987808,0.3444115468936601,0.28807225032248934,4950
RRP1,90,2000,0.9943405725081442,0.9605788970816006,0.32617180038433014,0.18354075061040737,0.9130743545494713,0.9211644433375771,0.9133468327215243,0.4368701312826561,0.4613998037944233,1.056148635930457,0.4103958030206418,0.3428960182071239,4851
RRP12,191,2000,0.9908905225074979,0.9683514464689102,0.5907745509362345,0.2243393084499349,0.8647980345506201,0.8542250926050806,0.8650561061813424,0.4851374290261178,0.464325139445763,0.9571001990237361,0.5350299535424683,0.4963134994615211,4950
RRP7A,40,2000,0.9896010818214594,0.9439274879786244,0.598508374756607,0.2517190350519982,0.8514863656486341,0.8158986408879484,0.8519947157176782,0.48321847766904535,0.4623278213722543,0.9567676592889406,0.4042207656805284,0.3908629484047419,4950
RSL1D1,124,2000,0.9959147854438296,0.9745532693177072,0.3294552430916761,0.21321575398371947,0.9058069675809751,0.8825192764306696,0.9058069675809751,0.43813707782200106,0.45540591130951547,1.0394142015535788,0.36223500613460535,0.2543313429030857,4950
RSL24D1,116,2000,0.9912255847737375,0.9589421106773668,0.48940805065506804,0.3011549675695805,0.9209523629852168,0.8860524016385102,0.9209523629852168,0.4402739620725302,0.4796452878789199,1.0894245817463488,0.32355835936639166,0.23387413197521134,4950
RTF1,53,2000,0.9802872737042748,0.9067124827876412,0.4015720060179513,0.34541574956653764,0.8017365682563908,0.7274706600070059,0.803174230960975,0.44710061349116975,0.4872217036690342,1.0897361311299019,0.453460219235701,0.44132898127755216,4950
RUVBL1,171,2000,0.979823904831635,0.889506840169916,0.6601605734697855,0.5219313143345097,0.8421737052250159,0.8999624728140122,0.8421737052250159,0.5205100312037727,0.5231441788753104,1.0050606856026172,0.5655695147530597,0.5207107308202367,4950
SAMM50,94,2000,0.9947786147643115,0.9609791574252669,0.6395512935279317,0.43080607471452026,0.891749747363682,0.8889134015543698,0.891749747363682,0.45149557716357647,0.46629135529834376,1.0327705708658605,0.5790954231035956,0.5456570699052764,4950
SAP18,40,2000,0.9899389743416381,0.946844994665839,0.28309708674032774,0.048036637022713075,0.8295245199981945,0.7040479532613143,0.8305155887198172,0.47445376954732693,0.4449494616525679,0.9378141366627769,0.5619660946480267,0.5230753524229335,4851
SARS2,150,2000,0.9981502695587285,0.9831548361985996,0.10401888380668474,0.074822443587942,0.872469854433569,0.8500104959832175,0.872469854433569,0.45300635366893965,0.4279386836603428,0.9446637353930938,0.2846617261306141,0.2159924412508934,4950
SART3,142,2000,0.9906475863640348,0.9453940919428089,0.4627433072676411,0.40359493390425477,0.8787637149839955,0.9298690891384281,0.8787637149839955,0.4391739301823596,0.46971073329082236,1.0695323431435455,0.61978704392884,0.618479818360939,4950
SBNO1,127,2000,0.9967075702405283,0.9801425241005528,-0.07231468574566291,-0.048361980897573015,0.8756788347698773,0.8294581015411342,0.8759401534314022,0.44406462688630266,0.4293798899891518,0.9669310598562463,0.40357356292124064,0.30715779954967115,4851
SCAF1,158,2000,0.9959563736602669,0.9695352493436837,0.5801638322458638,0.3647114886367278,0.8974144633930251,0.8313693041604451,0.8974144633930251,0.4697722142215526,0.46886926205219775,0.9980778723755942,0.6898470414548387,0.6826073349918431,4950
SCFD1,103,2000,0.9882084033286473,0.9363024274046593,0.4471151811349426,0.27148841870441187,0.8996243148818038,0.9115367228087513,0.8996243148818038,0.4688531891942948,0.5037623639506701,1.0744564926001683,0.5610695734669121,0.5332054980113734,4950
SDAD1,210,2000,0.9944159941226901,0.9717212999871695,0.510365088419007,0.35575295958174336,0.9226339858948641,0.8876656954291521,0.9226339858948641,0.4402710880028408,0.46411330995839944,1.054153479671302,0.4725117322890725,0.3791499378628005,4950
SDC1,170,2000,0.997531586088321,0.9821527286214676,0.16576877455648564,0.10324440219050389,0.8937105010070845,0.888182980342821,0.8937105010070845,0.4408422695277236,0.43417951851293596,0.9848862930707883,0.39625188732757893,0.3123824190959114,4950
SDE2,134,2000,0.997615645460913,0.9819291032966286,0.3198052229450414,0.19107851701617268,0.8916571803678612,0.849321458964091,0.8919232672614357,0.4507385503660737,0.4397242803096082,0.9755639276845538,0.3651595982390807,0.2890327102793669,4851
SDHC,91,2000,0.9967294793507665,0.9742928022828012,0.0009897135633565896,0.015779998370068965,0.875169473148867,0.8408249876841971,0.875169473148867,0.43895604513443315,0.4310003322777412,0.9818758102009655,0.1969850211629433,0.16366417576551281,4950
SEC61A1,129,2000,0.9914351288698912,0.9469982341003365,0.6140879757407135,0.42211610206724215,0.8784287196812292,0.87005143611872,0.8786908589589617,0.47306292950929213,0.4892002813061695,1.0341124625269031,0.6995581061114724,0.6895467532304596,4851
SEC61G,74,2000,0.9878953619712626,0.9262137891687716,0.5815800709359954,0.3966492609027561,0.8326425559579952,0.8510445351334804,0.8326425559579952,0.48169324361187965,0.48986028174140817,1.0169548318733752,0.5503654875868481,0.5214470333055093,4950
SETD1A,60,2000,0.9884492196156639,0.9393413402178326,0.535971282229982,0.3917278692499199,0.8409674326343347,0.7894525823331616,0.8412183927753775,0.49475326487185495,0.47563828609808506,0.9613646038447733,0.43951844756748615,0.4067090052794824,4950
SETDB1,123,2000,0.996177785249833,0.9763018260082692,-0.003958681260132633,0.03116103316858934,0.9037590609322206,0.8349315575500222,0.9040287592494192,0.4290162512619128,0.4406424096445688,1.027099551770972,0.20174551826955628,0.13178117150541677,4950
SF1,18,2000,0.9893001255448933,0.9116725504885946,0.2104831475531731,0.1522276752123467,0.8632579404527332,0.8387772622448122,0.8747402105192147,0.4200312823123857,0.4510448932472806,1.0738364057690957,0.34892973394854293,0.3014081689703519,4950
SF3A2,236,2000,0.9925159846223446,0.9663494670517347,0.44295741958075996,0.3210862489195602,0.8743946870643974,0.7465068905322734,0.8743946870643974,0.4762930217241259,0.4511007119300787,0.9471075197072402,0.5339280579581634,0.5231691545446284,4950
SF3B5,55,2000,0.9841886264777485,0.9053171993291309,0.7124233208433055,0.6254530234362681,0.8340430582222866,0.8655180222203244,0.8342919520027171,0.49407153917489877,0.5063523667696826,1.0248563545407399,0.7123857095916768,0.6810498581340125,4950
SFPQ,185,2000,0.9675798266520822,0.8385039516300967,0.45997597136055296,0.3138593764601331,0.7804079996650811,0.764153519643837,0.7804079996650811,0.4872882399121232,0.5212192385082511,1.06963227330486,0.4903512947180319,0.47934861585367516,4950
SFSWAP,145,2000,0.9931200809932589,0.9558621188636119,0.2810330135941404,0.2277226831274964,0.8917236032813904,0.8842556376903528,0.8919897099967833,0.45609003955049343,0.46733261763772815,1.0246498867894949,0.41300508729689883,0.35595071786714366,4851
SKA3,109,2000,0.9975196238088433,0.976545370963582,0.2753609604681437,0.13037365869180512,0.9027909047712315,0.8838110459655177,0.9027909047712315,0.42983086155838646,0.4414869901727217,1.0271179186643227,0.2650887091964482,0.18688980546495076,4950
SLBP,63,2000,0.9882982638356101,0.9405423968527337,0.24345907560915156,0.17077597968602082,0.9100818316740908,0.7870858209466582,0.9103534168223076,0.4132069169368089,0.45464584534294045,1.1002861174504674,0.3008434726123877,0.2766842217385243,4851
SLC39A9,724,2000,0.9983114183538304,0.9883532260225965,0.2494802623044742,0.15747799709556054,0.9103725836521226,0.904508547115702,0.9106442555660743,0.448500828044867,0.44327722362632743,0.9883531668718598,0.5222659214436205,0.4554401579919491,4950
SLC7A6OS,36,2000,0.9893149210645809,0.9212030602816667,0.40845343252142685,0.30647385014513767,0.8611364880624127,0.88730194262665,0.863196623201318,0.45548667670683246,0.48541218281332094,1.0657000456431553,0.38285842644978774,0.37516564538617425,4950
SLU7,195,2000,0.9852484651108455,0.9297945771690637,0.7358890119243708,0.694839103267131,0.8342067672507758,0.7352018099192406,0.8344557098849897,0.5138418013990138,0.5040095108614565,0.9808651216786205,0.710806087506782,0.7108870934744124,4950
SMC1A,156,2000,0.9770766343328497,0.9109343853005345,0.3628733379388873,0.2531850993359208,0.8047505868357618,0.7262757180103513,0.8049907392042595,0.515431424629539,0.47204916349141846,0.9158330900611424,0.5404848152807805,0.5177481206201247,4851
SMC3,42,2000,0.9833813465925502,0.9222635488804348,0.25046604542753537,0.16617965248073568,0.7942450982165977,0.6468534291311808,0.7944821155541735,0.4879449518846441,0.4403967120781165,0.9025540716254622,0.5211305273219946,0.4709333862552007,4851
SMC4,169,2000,0.9947345253218144,0.9627070718614821,0.4733883616940718,0.2711552505462853,0.9355067114185873,0.8859253525313677,0.9357858838182944,0.43529625979556685,0.4619240171678348,1.0611715496316416,0.5544634670015505,0.5556286343148116,4851
SMG5,82,2000,0.9928716527393341,0.9564519421201295,0.7028607046217332,0.41298931539620465,0.9173945634182981,0.8981626658632541,0.9173945634182981,0.42841161196642435,0.4656986643387623,1.0870355528666311,0.5360332928892018,0.46850495911136286,4950
SMN2,319,2000,0.9880455598183329,0.9350889826133185,0.6781961182478352,0.622059799025722,0.880474655042548,0.9162327186349991,0.880474655042548,0.46647345113316835,0.4884625962706727,1.0471390914374588,0.8018510919750909,0.7545846267774686,4950
SMU1,101,2000,0.9803544315370357,0.9145303149473502,0.5975040520630471,0.49031710359856817,0.8239131016521931,0.7674526933183676,0.8241589724673684,0.5315454556075478,0.4960635564137037,0.933247649562227,0.5319803873625211,0.5287384280522438,4851
SNAPC1,96,2000,0.9913815535909738,0.9514399538888482,0.4932387238230683,0.4331138578492003,0.9002613964385293,0.8839114999974538,0.9005300509883468,0.4446387123149822,0.4697965437316877,1.0565803654835166,0.5227775742773023,0.5220090576611525,4950
SNIP1,43,2000,0.9858469155209704,0.9050696359733197,0.43397364466661914,0.284937558087067,0.8881797501156649,0.92171208054439,0.8884447992801279,0.44762615803940353,0.5085407849814942,1.1360836816330375,0.47628523634203696,0.4745450746460471,4950
SNRNP200,92,2000,0.9880669809036842,0.9275393120306827,0.6974234835522919,0.5627481668566484,0.8304870869553093,0.8383989488375864,0.8304870869553093,0.509214447664546,0.48664665087087317,0.9556811350228004,0.6608019942627519,0.658788516867507,4950
SNRNP70,85,2000,0.979121108684151,0.8953130806131875,0.6328543258098884,0.5096216651798001,0.8403541077726615,0.8429749039886612,0.840604884886291,0.5016032423335074,0.5004613001799482,0.9977233956354015,0.5715192295668657,0.5737495566082779,4851
SNRPB,120,2000,0.988435783376094,0.932767757655026,0.7283308036779031,0.6505273434695547,0.8649054951287011,0.8577561834371573,0.8649054951287011,0.49446512549484345,0.49677807405195934,1.0046776575153296,0.7759349254657715,0.7104365761618721,4950
SNRPC,28,2000,0.982180048266558,0.8861498748075111,0.5128856249507295,0.3714638686734878,0.8357491221355748,0.8375621060188269,0.8395058607726841,0.46554239833314054,0.48189762003469344,1.0351315184369825,0.42219893899941147,0.40691748053943383,4950
SNRPD1,113,2000,0.9833783574751104,0.9034447530366291,0.7663099749620809,0.6625502775835028,0.8361738856189399,0.9163284701007,0.8364234152774356,0.48907094642804455,0.5062077979228533,1.0350395812091737,0.7056141809015534,0.6793680718778187,4950
SNRPD3,120,2000,0.9855277600690702,0.9182589897712266,0.7699602965477357,0.6870904380644626,0.8462790793456709,0.8958863737528648,0.8462790793456709,0.5035639284400889,0.5038123474257055,1.0004933017769024,0.7650469035263868,0.6964788517978091,4950
SNRPF,92,2000,0.9836039584053045,0.9037884967377856,0.7832646928171838,0.7089821938398024,0.8148374879568822,0.888668175983785,0.8148374879568822,0.48371200858835395,0.4988204834277873,1.0312344210167141,0.7352897571492276,0.7010442448784879,4950
SNW1,115,2000,0.9965387378192805,0.9709881340259724,0.48275272438964134,0.35127194759806446,0.8705054935903295,0.7934980865912418,0.8705054935903295,0.47190393377406653,0.453698151021877,0.9614205539233511,0.5495373378554613,0.5419970353623805,4950
SPC24,95,2000,0.9903048438007316,0.948850140023892,0.6320992965840478,0.4671646176863229,0.8549527569152127,0.7559844649148897,0.8549527569152127,0.5262558170467582,0.4845709236872746,0.9207896592928749,0.594327590964398,0.5702132737933828,4950
SPCS3,115,2000,0.9963367260752227,0.9754615269158795,0.2283490788458231,0.1890960949616829,0.9013783652724525,0.8644169689244575,0.9016473531463028,0.4419408106069506,0.45116252221495573,1.0208663720978304,0.32075640555747215,0.23156636675103168,4851
SRBD1,143,2000,0.9970715476030065,0.9789144171816165,0.3932045304534803,0.24306331025193453,0.9110535356416366,0.8114067385429017,0.9110535356416366,0.45666699110617004,0.4459802590648152,0.9765983922300743,0.631288826181433,0.6351720992733323,4950
SRRM1,136,2000,0.9949662202888824,0.9695236223638016,0.3506319359192856,0.23022615586570375,0.9247315125988457,0.9091945751667686,0.9247315125988457,0.42891578339618186,0.46068223404017655,1.0740621845431852,0.37169551033168974,0.2872508946944554,4950
SRRM2,146,2000,0.9951526861455005,0.9697233284561043,0.17543798125422277,0.12146716014876108,0.905732814767697,0.8979624985468958,0.905732814767697,0.45102855515152857,0.45727374402737836,1.0138465262699086,0.3311590529038418,0.2779048667648144,4950
SRSF1,117,2000,0.9796548466028735,0.9201159871980846,0.3227016081482,0.2363731332193515,0.8844192582640132,0.8404955090434388,0.8844192582640132,0.47581421863332146,0.495962948355016,1.0423457696495702,0.36948890854271216,0.3286648492218666,4950
SRSF10,120,2000,0.9970353416402423,0.9770992902005342,0.12105328466008938,0.11425548509387247,0.8982134399066156,0.8499954288877227,0.8982134399066156,0.43569666929387435,0.43429383399913285,0.9967802249560059,0.16984457516922324,0.14502927533797239,4950
SRSF3,15,2000,0.9146996755024459,0.7572171403681499,0.5032556077712782,0.34432998839897466,0.6373656042792871,0.42358179639462284,0.6763056364495632,0.5368434755776192,0.4893927544554398,0.911611610465712,0.32816586876485376,0.3293852596979449,4950
SRSF7,100,2000,0.9923629079911966,0.9527784126102138,0.2790665766565937,0.23338125372551558,0.8974688647945384,0.8592414085102036,0.8974688647945384,0.4387580828167731,0.4580080821234145,1.0438738102425846,0.2955106512854675,0.22399925389428457,4950
SS18L2,130,2000,0.9975636963794642,0.9781329437507876,0.25294647941535064,0.15349299694212404,0.8799133197965211,0.879695968272115,0.8801759021062187,0.44996472315813885,0.43955872363776544,0.9768737219751926,0.37087699316822803,0.2815356896967141,4851
SSBP1,115,2000,0.9868853969551874,0.9761090785162247,0.3609653882842709,0.01786246495966412,0.8777193255082832,0.7868284383115087,0.8777193255082832,0.4666332132909849,0.44925938545523986,0.9627676792637824,0.5714530737583156,0.5101939022380508,4950
SSU72,55,2000,0.9917182485276518,0.948072065920268,0.2689600680179926,0.20261452467013336,0.8451971271754125,0.777042209088723,0.845449349535059,0.4592170877351041,0.4468971274049091,0.9731717952337618,0.3954956336535086,0.37440510967695756,4950
STARD7,98,2000,0.9955917986376169,0.9771339997241119,-0.04010880425827152,-0.010359935070371544,0.8810876676772922,0.8362995950119574,0.8810876676772922,0.44392629772389136,0.43516244576473756,0.9802582955624143,0.3966861349409758,0.30096000857263205,4950
STRAP,91,2000,0.9963724034805748,0.9731800959748882,0.20313984471303942,0.13689840201282635,0.9023219958666561,0.8923448391799954,0.9023219958666561,0.4225931889188603,0.43611313830514487,1.0319927992709614,0.3633428884774985,0.2707451370448773,4950
SUGP1,146,2000,0.993823725062787,0.9681252833578506,0.15394250105759122,0.09956778559826666,0.9068272928051704,0.8773613496568538,0.9068272928051704,0.44324833372505584,0.46334064163845257,1.0453296627000142,0.4255999855639942,0.3193979543461953,4950
SUPT16H,82,2000,0.981447025853263,0.9080616195828964,0.5692724769236497,0.4373664961554922,0.8237623252843642,0.7425145285206218,0.8237623252843642,0.4883863376475748,0.4840881104139258,0.9911991044500887,0.4653039625046287,0.4635514880636163,4950
SUPT5H,367,2000,0.9724416971890886,0.8745827104416974,0.643147223308006,0.5154178433723958,0.6935077330903343,0.8142826860632428,0.6937146885463447,0.6061308450641243,0.5331187028863508,0.8795439110750278,0.5804722476426439,0.5819947626937598,4950
SUPV3L1,74,2000,0.9910403811517999,0.9676291224147456,0.2061831404207607,0.16982041189014013,0.8771048140212597,0.8200818164546056,0.8771048140212597,0.44634004209528466,0.4465282259534808,1.000421593037221,0.5025140295635974,0.3930980925907215,4950
SURF6,113,2000,0.9966159752533699,0.9732097570084892,0.4162554469720568,0.2771047059287279,0.9205537967583417,0.9263858476052882,0.9208285069334412,0.4291199021005829,0.46051741708140903,1.0731672059381547,0.5228952929191132,0.4037894228767039,4851
TADA3,139,2000,0.995665153451821,0.9752202090949901,0.2640930661830778,0.06383373334908518,0.8874044185443134,0.8884516087566189,0.8876692363355831,0.46734715418307765,0.4622098160951526,0.9890074264237697,0.5194222703274529,0.42922609563778447,4851
TAF10,38,2000,0.9777397123204944,0.9116388587585852,0.5310928086956903,0.28734053194200193,0.8075884728836586,0.800452996087513,0.8085533336636868,0.49824655101921317,0.49831889000535695,1.000145167055435,0.4538424143373818,0.42999636810081854,4950
TAF1C,128,2000,0.997080018833766,0.9802229300255795,0.2945474751048768,0.09779317525835854,0.8872994802082853,0.88863752114252,0.8872994802082853,0.4502817130245285,0.44315480260302936,0.9841723080083556,0.48024035659666325,0.417875193180512,4950
TAF6,111,2000,0.9907562639779441,0.9618825621644403,0.45116121660019354,0.14032324153643244,0.846886059349748,0.8058587791071326,0.8471387857178023,0.47818612737630034,0.4675090327344227,0.9776716558525503,0.5130507464034724,0.46243296190591276,4950
TAF7,84,2000,0.9883562964489242,0.9303647970968136,0.44930085737073294,0.31772863476349517,0.8119567813627461,0.8837248977732218,0.8124415316799776,0.48690301039809614,0.5014645873915907,1.0299065037255035,0.35775332651117386,0.297076089958912,4851
TBCB,97,2000,0.989701401583553,0.9443560551753506,0.24085884386875953,0.23568622474454176,0.8931184074016895,0.8812035496734919,0.893384930352272,0.4525444424557801,0.4752570699232183,1.0501886993513803,0.28970287831817776,0.2657569267961351,4851
TBL3,70,2000,0.9925366363691888,0.9655197036752214,0.5147519351517865,0.1360649605190337,0.8574632482503906,0.8013949541229273,0.8574632482503906,0.47549352674413836,0.4502432608256659,0.9468967000237912,0.4134966572401258,0.3760385418794889,4950
TCERG1,93,2000,0.9956320509829557,0.9668341163543942,0.17020689921579263,0.11010359291782189,0.8889840189465995,0.8511995739534448,0.8889840189465995,0.43958076653170763,0.44732115385817206,1.0176085437300877,0.25342549012370014,0.20427823266170322,4950
TCOF1,86,2000,0.9895096895248421,0.9447497472248629,0.10831863076088545,0.0507200539382772,0.8827201344470708,0.9054476156832009,0.8827201344470708,0.46040271050330067,0.47996005360767824,1.0424787522606251,0.39333508955959595,0.3544763442415824,4950
TELO2,73,2000,0.9926585419795081,0.9610400200067659,0.2722714353530683,0.16091358230379627,0.8517776711515234,0.7862289815482286,0.8517776711515234,0.46262804983463796,0.4421682217167686,0.9557747575337681,0.45103375906472376,0.413770167737263,4950
TERF2,47,2000,0.9884365959950124,0.9143808970997861,0.5161535063076762,0.36228578622183755,0.8857306506546506,0.8901876145697551,0.8867888712647519,0.44745323979395807,0.488125510783205,1.0908972300636448,0.5657406081869282,0.5835027251991728,4851
THAP11,60,2000,0.9966026751500884,0.9667598734424078,-0.01399317162977667,0.011034606731924874,0.8863335370868414,0.8157411405211888,0.8863335370868414,0.43250504735199324,0.4312223865221887,0.9970343217772812,0.11177374063030866,0.0820154553759326,4950
THOC6,115,2000,0.997826843392541,0.9810435838169286,0.06901591180868787,0.03444557055172216,0.8975359132576418,0.8736251656121418,0.8975359132576418,0.4389006716379261,0.4363835305083174,0.9942648730455032,0.20982786681112114,0.16936832992199913,4950
THOC7,104,2000,0.995419436759929,0.9675720740000823,0.33021420044991184,0.23381983639350726,0.9010285975013038,0.8258293166031965,0.9010285975013038,0.4459196833106812,0.4491132351311024,1.0071616972031692,0.3240300896451322,0.3064142869177498,4950
TIMM13,162,2000,0.9936989888724561,0.964049207107041,0.5081481006722327,0.37059118118402595,0.8915630425021998,0.9096364636354126,0.8915630425021998,0.4675613710963499,0.47099992712171773,1.0073542130817243,0.4115241828959338,0.3611826710063947,4950
TIMM23B,480,2000,0.9885938409841705,0.9392232230763238,0.6976228687377436,0.5205794689103119,0.8623208703603965,0.8592869875929339,0.8625782027597879,0.49572525040639975,0.4895556704330046,0.9875544167986572,0.6689211292109347,0.6389365954431458,4950
TIMM44,38,2000,0.9871301237160695,0.911424618545578,0.5895386139819053,0.3877296257714039,0.8650955712893671,0.8604432889644694,0.8653537317105217,0.45097726311330166,0.4769436093215078,1.0575779263308518,0.42840460493982635,0.4261872142226403,4950
TIMM9,183,2000,0.9975449561375259,0.98252217198823,0.16019967579517755,0.09307816950800897,0.9068759693932475,0.9187473510082778,0.9068759693932475,0.43368968497472765,0.44009630312785564,1.014772331986125,0.39668561374925065,0.3329256262490786,4950
TMX2,94,2000,0.9916172379740265,0.9530243898894447,0.3978379128342145,0.21815407217679014,0.8247945785100809,0.8405032835832881,0.8247945785100809,0.506354434493938,0.4737553181276194,0.9356199462238374,0.4523178988539898,0.45383483691095156,4950
TOMM22,89,2000,0.9931323888121006,0.9574221589802994,0.5625117536983144,0.2569514876066001,0.899976865155287,0.9223096241653199,0.899976865155287,0.4598844876321731,0.48162092127856565,1.047264962742401,0.6373066572733708,0.6144096265198884,4950
TOP1,91,2000,0.9950949391254112,0.966950371496823,0.3794616677158454,0.1162310540104064,0.8449556299455379,0.8711436216908862,0.8452077802379716,0.4666574086753878,0.4547581671881613,0.9745010986410488,0.37686037589113136,0.30247408709897194,4851
TPR,68,2000,0.9886752870439391,0.9377134792380052,0.3472645885540668,0.22939489913024308,0.8884448996493732,0.8573521036548261,0.8884448996493732,0.46783551628876996,0.4855918721508582,1.037954248585919,0.38994439175938594,0.36075869416545236,4950
TPX2,212,2000,0.9904617052308416,0.9458378333423382,0.5575019505379317,0.38798174599078955,0.9199059029617946,0.8651694103083625,0.9201804197934752,0.4719866198249748,0.49218881458901487,1.042802451356581,0.5715940045724993,0.5601815249271441,4851
TRA2B,139,2000,0.9946668380550786,0.9768969268405504,0.23403242898161566,0.21836461985750813,0.8737763024863405,0.7949163446382496,0.8737763024863405,0.4489765777063683,0.42953557408740417,0.9566992708500013,0.3352482389801014,0.22817528419151334,4950
TREX2,275,2000,0.9969667035381198,0.9829447291655078,0.31122337471439926,0.23781416788969856,0.8877761951372244,0.7841007487556542,0.8877761951372244,0.4755031726769836,0.442821871817625,0.931270048130131,0.5191323681410852,0.475637308470108,4950
TRMT10C,67,2000,0.9948441572415433,0.9667517155669034,0.2743446459452106,0.09947959107510297,0.904005878007333,0.8776809544485417,0.9042756499792838,0.4280146104890435,0.4465865070088089,1.0433907759939263,0.3840891463905705,0.29468754404056435,4851
TRMT112,150,2000,0.9937317728934353,0.9689687756320988,0.6206123475700347,0.23655644677389379,0.8826246440798172,0.8871020729743819,0.8826246440798172,0.4669896835407913,0.46224479295384496,0.9898393890645215,0.6091219681095933,0.5818296448913726,4950
TRMT5,93,2000,0.9961203712896559,0.9720895131728148,0.452710938615947,0.28572155624081014,0.894019648964228,0.8626665970591292,0.894019648964228,0.4376289711567197,0.4445499763489527,1.0158147551698695,0.4146605700521853,0.3668229460632121,4950
TSEN2,168,2000,0.9936912153953179,0.9754920255941727,0.24554598892024873,0.24113647384041456,0.911999843165797,0.886211834386651,0.911999843165797,0.4389909862889631,0.45437273501288933,1.0350388478441623,0.5362019874124639,0.4555287245425765,4950
TSG101,83,2000,0.9847427324250033,0.9185625211106615,0.4904005920940165,0.3928162873665467,0.8854313079894379,0.7187009772575769,0.8856955369682471,0.47648540846381093,0.500635432029062,1.050683636118626,0.4617718220869364,0.42430299359929097,4950
TSR1,109,2000,0.9957543707542713,0.9731132389288627,0.5498284097018404,0.22165603937276454,0.8670629553730322,0.8925236912175301,0.8670629553730322,0.4726987484389103,0.4561563197087147,0.9650042687126424,0.5736171974350924,0.5182948554337129,4950
TTI1,146,2000,0.9915293302033863,0.9535554167971864,0.37467813276055084,0.22782719977401322,0.8765906215434356,0.8948840144990803,0.8765906215434356,0.471720884266245,0.4794215715554465,1.016324647440474,0.361585613019376,0.30663070219651445,4950
TTK,185,2000,0.9844440086236081,0.9142613682335395,0.6005269908877433,0.3969902769218241,0.8682489328791931,0.8425428554988929,0.8685080343214131,0.5291467992628885,0.5151675553474705,0.9735815209111977,0.6243414432466442,0.5910192895142258,4950
TUBGCP2,226,2000,0.9972080381118815,0.9804326540807632,0.24392905306227175,0.15835057466207875,0.9355825373127403,0.9123376722850614,0.9355825373127403,0.4281220508757134,0.4530861993010356,1.0583107966318266,0.3696402278932848,0.31599650201171126,4950
TXNL4A,66,2000,0.9913332036002538,0.9437933522986585,0.26211190022911474,0.18887721926386092,0.895658599977666,0.911164025400195,0.895658599977666,0.425387065766517,0.4639472910396696,1.0906473597103763,0.266095669865516,0.22300620213670794,4950
U2AF1,141,2000,0.9874713910897994,0.9350526930669074,0.5950512913518872,0.521138626851726,0.8965497216005694,0.8515848618986864,0.8965497216005694,0.47746947892499214,0.5037125072544519,1.0549627126720602,0.5865103141143116,0.5948794378199149,4950
U2SURP,263,2000,0.9884986996937295,0.9355206844236555,0.45670005325760993,0.3459480149394444,0.9035912031210346,0.8832452837140239,0.9035912031210346,0.4362114314238824,0.47828008525849686,1.0964409454673951,0.6149278926874084,0.593992627099593,4950
UBA1,251,2000,0.9877152509582477,0.9511328655066804,0.15397011942070363,0.1454427168826467,0.8696720122222033,0.6527719667947125,0.8699315383374591,0.4573402082867618,0.4315015506505693,0.9435023061540782,0.3299828638983855,0.3025663197319859,4950
UBA3,94,2000,0.9956382830068581,0.9737269348998011,0.01155504181635717,-0.015963083476058824,0.8960768266371882,0.8107012267855517,0.8963442324344539,0.43177388461866817,0.43749048094670506,1.0132397683122683,0.25755287653711173,0.20555246720270456,4851
UBA52,44,2000,0.9930113087084022,0.9532388094067167,0.2466520477955905,0.1036573062216267,0.8875490908321021,0.7682796480037642,0.8878139517962418,0.42630952561812074,0.4433174019288506,1.039895580299581,0.18896309606102335,0.14700312511228367,4950
UBAP1,102,2000,0.9847383312644042,0.9188484842147648,0.4575244348355477,0.33053734300361515,0.9007280469764682,0.8757589764946648,0.9009968407833846,0.4590374491210841,0.5166679141205861,1.1255463009703972,0.4561106012080032,0.44077195153923604,4950
UBL5,198,2000,0.9907197918130222,0.9415911541340606,0.6555039628330549,0.5538011306436932,0.8911279489335467,0.8938876811145743,0.8911279489335467,0.47173399453524845,0.49070537600709085,1.0402162474815293,0.7281968749758955,0.7338217098887452,4950
UBQLN4,145,2000,0.9970390252274234,0.9773205386408527,0.3423228187649915,0.22094255376050312,0.8922431410674628,0.9080144988524823,0.8922431410674628,0.467039355856582,0.4577701906962253,0.980153332164289,0.3960699872235105,0.33794663108865053,4950
UFM1,119,2000,0.997266517555204,0.980967265113702,0.17915328680034803,0.1661261117231348,0.9073947036376965,0.8615627937592842,0.9076654868975108,0.43486428677564526,0.4412933850876248,1.0147841254378638,0.31411301838264327,0.2164685828946957,4851
UPF1,115,2000,0.9924262802963508,0.9586454267407776,0.4511070021300862,0.2938458144413576,0.9125886352194625,0.8615853189116222,0.9125886352194625,0.4368981503963756,0.47014787919360373,1.076104048520283,0.3287541590681802,0.22847456191503096,4950
UPF2,133,2000,0.9940001489241757,0.9636460721987441,0.5085657663595512,0.31450032025778807,0.9088658615219747,0.8634313597474356,0.9091370838023454,0.4373227516273681,0.4546193058416985,1.0395509809504688,0.3347885941552346,0.2495897251265398,4851
UQCC2,83,2000,0.9966000847272096,0.9740100674084514,0.16941718380141202,0.13864890768497165,0.8785119015447352,0.832031717499662,0.8785119015447352,0.43707324190594266,0.4315234664295035,0.9873023904980728,0.361247767116806,0.27064953121225666,4950
UQCRB,93,2000,0.9968377090839475,0.976256207349424,0.1987860858367503,0.19039061286252562,0.8934182295385089,0.8612686759143484,0.8934182295385089,0.4280495790671335,0.43277500233507943,1.011039406154423,0.30849784477620995,0.23389289597346657,4950
UQCRFS1,114,2000,0.9961336764173848,0.9744331464807485,0.36370919767475596,0.2661492230061044,0.90497183093399,0.9027885748419865,0.90497183093399,0.42981710402752876,0.45075948927424414,1.0487239213219743,0.2902249094331911,0.24763932888987555,4950
UQCRQ,148,2000,0.9969519719774248,0.97983697304651,0.3036469784875947,0.27136772426814626,0.9019978678605975,0.8921252639567149,0.9019978678605975,0.43005918477348515,0.4393438367528713,1.0215892186290225,0.4415325831233007,0.3633056703911933,4950
USP36,151,2000,0.997322294548991,0.9782488825063089,0.3263789778201562,0.09323101274119133,0.9001962752943444,0.9342298201610477,0.9001962752943444,0.44392880860511613,0.4586390416974315,1.0331364454746077,0.5571030266438258,0.4447207761184363,4950
USP39,166,2000,0.9909185492397429,0.9526626930633453,0.43729710193960736,0.31503425900837595,0.8973758792895191,0.8597511611735024,0.8973758792895191,0.4553382298086719,0.4673798420532471,1.0264454007852162,0.48417477551847093,0.47752446470002413,4950
USPL1,96,2000,0.9929822647307882,0.9613419069626874,0.21368079174047414,0.22515043208137905,0.9200372939725664,0.9307917364883116,0.9203118500137399,0.4290128026806654,0.46960275250257555,1.0946124186088662,0.2770282163235541,0.22860083098982156,4950
UTP20,92,2000,0.9912835680643428,0.9621930406339133,0.59186540176502,0.2592843570687222,0.8727300168898665,0.8704965579382841,0.8727300168898665,0.4710617278789245,0.46434363696759196,0.9857383854999932,0.536713493453279,0.49896165987482377,4950
UTP23,160,2000,0.9944425054465518,0.9775401270854136,0.5486833414181338,0.16751814433829304,0.8757515939518726,0.8663632768345445,0.876012934326075,0.46930160131838905,0.4524655534718773,0.9641252929023301,0.5483199094888865,0.4968436514466246,4950
UXT,206,2000,0.9917038622716621,0.9548235907883883,0.4546481248862339,0.28701438833789983,0.9028825968100415,0.9356762043475797,0.9031520335742342,0.4711584527498925,0.493149837674019,1.046675113921917,0.49083639229737897,0.46672013736811274,4851
VPS54,306,2000,0.9985081960158815,0.9879967981695955,0.23249197428127757,0.14550635430158387,0.8983673748451394,0.8574206130899483,0.8986354641840965,0.45112157949448733,0.4375134409893285,0.9698348542342926,0.6365175284900845,0.6114871959003284,4950
WAC,93,2000,0.9971586951480303,0.9772473124364405,0.042633028055575325,0.04502896207980184,0.887356215734051,0.8623775358164054,0.887356215734051,0.43564493285941047,0.4340191501675602,0.9962680785844106,0.2920398353049259,0.17674442139492988,4950
WBP11,205,2000,0.9947338356463611,0.9642071845382344,0.637050467155598,0.509907912809088,0.9042977713119714,0.8637042281100625,0.9042977713119714,0.4768094640563026,0.4818515940401527,1.01057470595321,0.6447031240013543,0.6347970697217701,4950
WDHD1,175,2000,0.9972326007100651,0.9779000868103862,0.1542114932302359,0.10539395586776316,0.9223543331121289,0.9144101670144962,0.9223543331121289,0.4251753308643589,0.4433701073880884,1.0427935601503617,0.24935178090599883,0.2011785224128536,4950
WDR12,174,2000,0.9942174543291118,0.9721095440007012,0.49700674484925783,0.2930195300463562,0.92002792395161,0.8866252661887941,0.92002792395161,0.44143635896001215,0.46474293256061816,1.0527971078946539,0.3820817649155709,0.299356907277585,4950
WDR24,78,2000,0.9946963122274064,0.9624167631370069,0.33951660922036175,0.2038307258191131,0.9122276162665901,0.8919428054514563,0.9122276162665901,0.44435777310682084,0.4662716860469929,1.049315897624109,0.5336207074661873,0.5182161763099421,4950
WDR33,79,2000,0.9918911290203516,0.9520410052164784,0.3469975488266052,0.2396736263160253,0.8258456140478271,0.7639657813869627,0.8258456140478271,0.4953575264262415,0.4558199831116698,0.9201838058227286,0.4448178943969432,0.4210009264521932,4950
WDR61,98,2000,0.9945088957327884,0.9651597802726128,0.18362437753214744,0.16525576734476724,0.8478343607297646,0.7961201924255842,0.8478343607297646,0.4463339881111283,0.43160191004813014,0.9669931304239787,0.2381009558109757,0.20089779141847258,4950
WDR82,86,2000,0.9720704648903205,0.8773192720736481,0.33285080373947057,0.18440864705261262,0.8248367470724518,0.8123733408610281,0.8248367470724518,0.5179451026115789,0.5206847545772243,1.0052894445742167,0.3775203875125996,0.351880738715053,4950
WDTC1,107,2000,0.9937796954910394,0.9653379503892444,0.12519732732364472,0.08185867047317734,0.8456970596042016,0.7316903988140611,0.8459494311528749,0.47040787615984475,0.4361154570841264,0.9271006501279918,0.32806407081331457,0.28304544204271,4950
XRCC5,77,2000,0.9907536270240968,0.9455868308321882,0.5064217493249795,0.278934707873714,0.8892496485750232,0.9155795279754005,0.8892496485750232,0.43723015381214453,0.46021452957806236,1.052568115533294,0.5239806184906282,0.4983630687109617,4950
XRN2,57,2000,0.9947828583767654,0.9608912009029421,0.20031209457502264,0.12439431701338147,0.873115293263298,0.8412711207315362,0.8736365561249477,0.44264025159340203,0.4370828513594357,0.9874448604969621,0.3260239891966297,0.2665713830275273,4950
YEATS2,233,2000,0.9966056959252121,0.9852387231837969,0.42371999443616176,0.028007949288275352,0.9105087430730471,0.8561878760819367,0.9105087430730471,0.4498511034484091,0.4496021723026591,0.9994466143612678,0.5786210516306264,0.44741058789245297,4950
YTHDC1,157,2000,0.9941230069345038,0.9710245994490934,0.41548841546713094,0.19237045284300014,0.86209328572056,0.7576607898035183,0.8623505502045111,0.48319175254224594,0.4533178604583853,0.9381738175198119,0.6044953694927088,0.5840496923130689,4851
ZBTB17,158,2000,0.9969653696501988,0.9783699239167358,0.029759287586440756,0.007020380457403566,0.8535622553355214,0.8285312563052842,0.8538169740031835,0.4604045778072856,0.42648550731500595,0.9263276661646183,0.3353405377215394,0.24496542752762898,4950
ZC3H18,23,2000,0.9890163347919264,0.9179159443392549,0.17024491564353603,0.13694822833078385,0.8284770616030903,0.8253026269133394,0.8379767985798305,0.41494048257182775,0.46537486402001715,1.1215460345544825,0.1110872586977502,0.09235169325035585,4950
ZCRB1,141,2000,0.9973771976146064,0.9787473840115705,0.15131192381359668,0.1287450738136358,0.8884651033778125,0.8872135012466458,0.8887302376969345,0.42555607591704564,0.4317338344755223,1.0145168845257237,0.35220490676335137,0.25841932282663344,4851
ZFC3H1,105,2000,0.9942637602707504,0.9649859701141285,0.16988551115542955,0.11045761552936903,0.8909201347857945,0.7553206492941869,0.8911860017314186,0.4457675895402498,0.44484471139322473,0.9979296652606047,0.24145882027180035,0.18544279382299508,4851
ZMAT2,348,2000,0.9925245371008579,0.9567306448934596,0.5377255236819135,0.44704773447286983,0.8970519550664255,0.9089510517645429,0.8970519550664255,0.4520272657659732,0.46405412247817757,1.0266064623906257,0.6291067631099874,0.6352609943989793,4950
ZMAT5,98,2000,0.9952023216670607,0.970552664566915,0.08228635136956763,0.0863805145290861,0.8806987142071052,0.8095270111879322,0.8806987142071052,0.4565703509113171,0.4434120210740249,0.9711800393459005,0.33316090424664324,0.26843059019730137,4950
ZNF236,85,2000,0.9910775929209837,0.9669146940141067,0.4378302629721414,0.16907947007549512,0.8790588994229158,0.8149924187264201,0.8790588994229158,0.45982020111278893,0.4551245803585416,0.9897881157879431,0.4871845294557732,0.45181641421863766,4950
ZNF574,266,2000,0.9985213439440224,0.9884729735284605,0.048247119897575165,0.05488830870206882,0.9070838657741147,0.9014950249206684,0.9070838657741147,0.43839260987128376,0.4352276554865751,0.9927805253983566,0.379643462551351,0.2785331633464666,4950
ZNHIT6,116,2000,0.9954223104602297,0.9727399457101351,0.5362339173896343,0.15512392174521536,0.8885767927813545,0.8996294309043441,0.8885767927813545,0.4528365912836107,0.45493609261448836,1.0046363110334422,0.5645930642197627,0.5028094349218679,4950
