condition,n_pred_cells,n_genes,source_h5ad
AAMP,2000,3352,outputs/TxPert_generated/scplad_xcell_k562_all_fixed2000_officialorder_geneplusctrl_v1_official_cell_gat_predict_v1/part00/test_predictions.h5ad
AARS,2000,3352,outputs/TxPert_generated/scplad_xcell_k562_all_fixed2000_officialorder_geneplusctrl_v1_official_cell_gat_predict_v1/part00/test_predictions.h5ad
AATF,2000,3352,outputs/TxPert_generated/scplad_xcell_k562_all_fixed2000_officialorder_geneplusctrl_v1_official_cell_gat_predict_v1/part00/test_predictions.h5ad
ABCB7,2000,3352,outputs/TxPert_generated/scplad_xcell_k562_all_fixed2000_officialorder_geneplusctrl_v1_official_cell_gat_predict_v1/part00/test_predictions.h5ad
ABCE1,2000,3352,outputs/TxPert_generated/scplad_xcell_k562_all_fixed2000_officialorder_geneplusctrl_v1_official_cell_gat_predict_v1/part00/test_predictions.h5ad
ABCF1,2000,3352,outputs/TxPert_generated/scplad_xcell_k562_all_fixed2000_officialorder_geneplusctrl_v1_official_cell_gat_predict_v1/part00/test_predictions.h5ad
ABT1,2000,3352,outputs/TxPert_generated/scplad_xcell_k562_all_fixed2000_officialorder_geneplusctrl_v1_official_cell_gat_predict_v1/part00/test_predictions.h5ad
ACTB,2000,3352,outputs/TxPert_generated/scplad_xcell_k562_all_fixed2000_officialorder_geneplusctrl_v1_official_cell_gat_predict_v1/part00/test_predictions.h5ad
ACTL6A,2000,3352,outputs/TxPert_generated/scplad_xcell_k562_all_fixed2000_officialorder_geneplusctrl_v1_official_cell_gat_predict_v1/part00/test_predictions.h5ad
ACTR6,2000,3352,outputs/TxPert_generated/scplad_xcell_k562_all_fixed2000_officialorder_geneplusctrl_v1_official_cell_gat_predict_v1/part00/test_predictions.h5ad
ACTR8,2000,3352,outputs/TxPert_generated/scplad_xcell_k562_all_fixed2000_officialorder_geneplusctrl_v1_official_cell_gat_predict_v1/part00/test_predictions.h5ad
AHCTF1,2000,3352,outputs/TxPert_generated/scplad_xcell_k562_all_fixed2000_officialorder_geneplusctrl_v1_official_cell_gat_predict_v1/part00/test_predictions.h5ad
AHCY,2000,3352,outputs/TxPert_generated/scplad_xcell_k562_all_fixed2000_officialorder_geneplusctrl_v1_official_cell_gat_predict_v1/part00/test_predictions.h5ad
AKIRIN2,2000,3352,outputs/TxPert_generated/scplad_xcell_k562_all_fixed2000_officialorder_geneplusctrl_v1_official_cell_gat_predict_v1/part00/test_predictions.h5ad
ALDOA,2000,3352,outputs/TxPert_generated/scplad_xcell_k562_all_fixed2000_officialorder_geneplusctrl_v1_official_cell_gat_predict_v1/part00/test_predictions.h5ad
ALG13,2000,3352,outputs/TxPert_generated/scplad_xcell_k562_all_fixed2000_officialorder_geneplusctrl_v1_official_cell_gat_predict_v1/part00/test_predictions.h5ad
ALG2,2000,3352,outputs/TxPert_generated/scplad_xcell_k562_all_fixed2000_officialorder_geneplusctrl_v1_official_cell_gat_predict_v1/part00/test_predictions.h5ad
ALYREF,2000,3352,outputs/TxPert_generated/scplad_xcell_k562_all_fixed2000_officialorder_geneplusctrl_v1_official_cell_gat_predict_v1/part00/test_predictions.h5ad
ANAPC2,2000,3352,outputs/TxPert_generated/scplad_xcell_k562_all_fixed2000_officialorder_geneplusctrl_v1_official_cell_gat_predict_v1/part00/test_predictions.h5ad
ANAPC4,2000,3352,outputs/TxPert_generated/scplad_xcell_k562_all_fixed2000_officialorder_geneplusctrl_v1_official_cell_gat_predict_v1/part00/test_predictions.h5ad
ANKRD11,2000,3352,outputs/TxPert_generated/scplad_xcell_k562_all_fixed2000_officialorder_geneplusctrl_v1_official_cell_gat_predict_v1/part00/test_predictions.h5ad
AP2S1,2000,3352,outputs/TxPert_generated/scplad_xcell_k562_all_fixed2000_officialorder_geneplusctrl_v1_official_cell_gat_predict_v1/part00/test_predictions.h5ad
AQR,2000,3352,outputs/TxPert_generated/scplad_xcell_k562_all_fixed2000_officialorder_geneplusctrl_v1_official_cell_gat_predict_v1/part00/test_predictions.h5ad
ARCN1,2000,3352,outputs/TxPert_generated/scplad_xcell_k562_all_fixed2000_officialorder_geneplusctrl_v1_official_cell_gat_predict_v1/part00/test_predictions.h5ad
ARGLU1,2000,3352,outputs/TxPert_generated/scplad_xcell_k562_all_fixed2000_officialorder_geneplusctrl_v1_official_cell_gat_predict_v1/part00/test_predictions.h5ad
ARIH1,2000,3352,outputs/TxPert_generated/scplad_xcell_k562_all_fixed2000_officialorder_geneplusctrl_v1_official_cell_gat_predict_v1/part00/test_predictions.h5ad
ARL2,2000,3352,outputs/TxPert_generated/scplad_xcell_k562_all_fixed2000_officialorder_geneplusctrl_v1_official_cell_gat_predict_v1/part00/test_predictions.h5ad
ARMC7,2000,3352,outputs/TxPert_generated/scplad_xcell_k562_all_fixed2000_officialorder_geneplusctrl_v1_official_cell_gat_predict_v1/part00/test_predictions.h5ad
ARPC4,2000,3352,outputs/TxPert_generated/scplad_xcell_k562_all_fixed2000_officialorder_geneplusctrl_v1_official_cell_gat_predict_v1/part00/test_predictions.h5ad
ATF4,2000,3352,outputs/TxPert_generated/scplad_xcell_k562_all_fixed2000_officialorder_geneplusctrl_v1_official_cell_gat_predict_v1/part00/test_predictions.h5ad
ATF5,2000,3352,outputs/TxPert_generated/scplad_xcell_k562_all_fixed2000_officialorder_geneplusctrl_v1_official_cell_gat_predict_v1/part00/test_predictions.h5ad
ATP1A1,2000,3352,outputs/TxPert_generated/scplad_xcell_k562_all_fixed2000_officialorder_geneplusctrl_v1_official_cell_gat_predict_v1/part00/test_predictions.h5ad
ATP6AP1,2000,3352,outputs/TxPert_generated/scplad_xcell_k562_all_fixed2000_officialorder_geneplusctrl_v1_official_cell_gat_predict_v1/part00/test_predictions.h5ad
ATP6V0B,2000,3352,outputs/TxPert_generated/scplad_xcell_k562_all_fixed2000_officialorder_geneplusctrl_v1_official_cell_gat_predict_v1/part00/test_predictions.h5ad
ATP6V0C,2000,3352,outputs/TxPert_generated/scplad_xcell_k562_all_fixed2000_officialorder_geneplusctrl_v1_official_cell_gat_predict_v1/part00/test_predictions.h5ad
ATP6V1A,2000,3352,outputs/TxPert_generated/scplad_xcell_k562_all_fixed2000_officialorder_geneplusctrl_v1_official_cell_gat_predict_v1/part00/test_predictions.h5ad
ATP6V1B2,2000,3352,outputs/TxPert_generated/scplad_xcell_k562_all_fixed2000_officialorder_geneplusctrl_v1_official_cell_gat_predict_v1/part00/test_predictions.h5ad
ATR,2000,3352,outputs/TxPert_generated/scplad_xcell_k562_all_fixed2000_officialorder_geneplusctrl_v1_official_cell_gat_predict_v1/part00/test_predictions.h5ad
ATRIP,2000,3352,outputs/TxPert_generated/scplad_xcell_k562_all_fixed2000_officialorder_geneplusctrl_v1_official_cell_gat_predict_v1/part00/test_predictions.h5ad
BANP,2000,3352,outputs/TxPert_generated/scplad_xcell_k562_all_fixed2000_officialorder_geneplusctrl_v1_official_cell_gat_predict_v1/part00/test_predictions.h5ad
BAP1,2000,3352,outputs/TxPert_generated/scplad_xcell_k562_all_fixed2000_officialorder_geneplusctrl_v1_official_cell_gat_predict_v1/part00/test_predictions.h5ad
BCAS2,2000,3352,outputs/TxPert_generated/scplad_xcell_k562_all_fixed2000_officialorder_geneplusctrl_v1_official_cell_gat_predict_v1/part00/test_predictions.h5ad
BDP1,2000,3352,outputs/TxPert_generated/scplad_xcell_k562_all_fixed2000_officialorder_geneplusctrl_v1_official_cell_gat_predict_v1/part00/test_predictions.h5ad
BGLAP,2000,3352,outputs/TxPert_generated/scplad_xcell_k562_all_fixed2000_officialorder_geneplusctrl_v1_official_cell_gat_predict_v1/part00/test_predictions.h5ad
BMS1,2000,3352,outputs/TxPert_generated/scplad_xcell_k562_all_fixed2000_officialorder_geneplusctrl_v1_official_cell_gat_predict_v1/part00/test_predictions.h5ad
BNIP1,2000,3352,outputs/TxPert_generated/scplad_xcell_k562_all_fixed2000_officialorder_geneplusctrl_v1_official_cell_gat_predict_v1/part00/test_predictions.h5ad
BOP1,2000,3352,outputs/TxPert_generated/scplad_xcell_k562_all_fixed2000_officialorder_geneplusctrl_v1_official_cell_gat_predict_v1/part00/test_predictions.h5ad
BRD8,2000,3352,outputs/TxPert_generated/scplad_xcell_k562_all_fixed2000_officialorder_geneplusctrl_v1_official_cell_gat_predict_v1/part00/test_predictions.h5ad
BRIX1,2000,3352,outputs/TxPert_generated/scplad_xcell_k562_all_fixed2000_officialorder_geneplusctrl_v1_official_cell_gat_predict_v1/part00/test_predictions.h5ad
BTF3,2000,3352,outputs/TxPert_generated/scplad_xcell_k562_all_fixed2000_officialorder_geneplusctrl_v1_official_cell_gat_predict_v1/part00/test_predictions.h5ad
BUB3,2000,3352,outputs/TxPert_generated/scplad_xcell_k562_all_fixed2000_officialorder_geneplusctrl_v1_official_cell_gat_predict_v1/part00/test_predictions.h5ad
BUD13,2000,3352,outputs/TxPert_generated/scplad_xcell_k562_all_fixed2000_officialorder_geneplusctrl_v1_official_cell_gat_predict_v1/part00/test_predictions.h5ad
BUD31,2000,3352,outputs/TxPert_generated/scplad_xcell_k562_all_fixed2000_officialorder_geneplusctrl_v1_official_cell_gat_predict_v1/part00/test_predictions.h5ad
BYSL,2000,3352,outputs/TxPert_generated/scplad_xcell_k562_all_fixed2000_officialorder_geneplusctrl_v1_official_cell_gat_predict_v1/part00/test_predictions.h5ad
C12orf45,2000,3352,outputs/TxPert_generated/scplad_xcell_k562_all_fixed2000_officialorder_geneplusctrl_v1_official_cell_gat_predict_v1/part00/test_predictions.h5ad
C1QBP,2000,3352,outputs/TxPert_generated/scplad_xcell_k562_all_fixed2000_officialorder_geneplusctrl_v1_official_cell_gat_predict_v1/part00/test_predictions.h5ad
CACTIN,2000,3352,outputs/TxPert_generated/scplad_xcell_k562_all_fixed2000_officialorder_geneplusctrl_v1_official_cell_gat_predict_v1/part00/test_predictions.h5ad
CAPZB,2000,3352,outputs/TxPert_generated/scplad_xcell_k562_all_fixed2000_officialorder_geneplusctrl_v1_official_cell_gat_predict_v1/part00/test_predictions.h5ad
CASP8AP2,2000,3352,outputs/TxPert_generated/scplad_xcell_k562_all_fixed2000_officialorder_geneplusctrl_v1_official_cell_gat_predict_v1/part00/test_predictions.h5ad
CBLL1,2000,3352,outputs/TxPert_generated/scplad_xcell_k562_all_fixed2000_officialorder_geneplusctrl_v1_official_cell_gat_predict_v1/part00/test_predictions.h5ad
CCDC174,2000,3352,outputs/TxPert_generated/scplad_xcell_k562_all_fixed2000_officialorder_geneplusctrl_v1_official_cell_gat_predict_v1/part00/test_predictions.h5ad
CCDC59,2000,3352,outputs/TxPert_generated/scplad_xcell_k562_all_fixed2000_officialorder_geneplusctrl_v1_official_cell_gat_predict_v1/part00/test_predictions.h5ad
CCDC84,2000,3352,outputs/TxPert_generated/scplad_xcell_k562_all_fixed2000_officialorder_geneplusctrl_v1_official_cell_gat_predict_v1/part00/test_predictions.h5ad
CCDC86,2000,3352,outputs/TxPert_generated/scplad_xcell_k562_all_fixed2000_officialorder_geneplusctrl_v1_official_cell_gat_predict_v1/part00/test_predictions.h5ad
CCNH,2000,3352,outputs/TxPert_generated/scplad_xcell_k562_all_fixed2000_officialorder_geneplusctrl_v1_official_cell_gat_predict_v1/part00/test_predictions.h5ad
CCNK,2000,3352,outputs/TxPert_generated/scplad_xcell_k562_all_fixed2000_officialorder_geneplusctrl_v1_official_cell_gat_predict_v1/part00/test_predictions.h5ad
CCT2,2000,3352,outputs/TxPert_generated/scplad_xcell_k562_all_fixed2000_officialorder_geneplusctrl_v1_official_cell_gat_predict_v1/part00/test_predictions.h5ad
CCT3,2000,3352,outputs/TxPert_generated/scplad_xcell_k562_all_fixed2000_officialorder_geneplusctrl_v1_official_cell_gat_predict_v1/part00/test_predictions.h5ad
CCT4,2000,3352,outputs/TxPert_generated/scplad_xcell_k562_all_fixed2000_officialorder_geneplusctrl_v1_official_cell_gat_predict_v1/part00/test_predictions.h5ad
CCT5,2000,3352,outputs/TxPert_generated/scplad_xcell_k562_all_fixed2000_officialorder_geneplusctrl_v1_official_cell_gat_predict_v1/part00/test_predictions.h5ad
CCT6A,2000,3352,outputs/TxPert_generated/scplad_xcell_k562_all_fixed2000_officialorder_geneplusctrl_v1_official_cell_gat_predict_v1/part00/test_predictions.h5ad
CCT7,2000,3352,outputs/TxPert_generated/scplad_xcell_k562_all_fixed2000_officialorder_geneplusctrl_v1_official_cell_gat_predict_v1/part00/test_predictions.h5ad
CCT8,2000,3352,outputs/TxPert_generated/scplad_xcell_k562_all_fixed2000_officialorder_geneplusctrl_v1_official_cell_gat_predict_v1/part00/test_predictions.h5ad
CD3EAP,2000,3352,outputs/TxPert_generated/scplad_xcell_k562_all_fixed2000_officialorder_geneplusctrl_v1_official_cell_gat_predict_v1/part00/test_predictions.h5ad
CDAN1,2000,3352,outputs/TxPert_generated/scplad_xcell_k562_all_fixed2000_officialorder_geneplusctrl_v1_official_cell_gat_predict_v1/part00/test_predictions.h5ad
CDC123,2000,3352,outputs/TxPert_generated/scplad_xcell_k562_all_fixed2000_officialorder_geneplusctrl_v1_official_cell_gat_predict_v1/part00/test_predictions.h5ad
CDC16,2000,3352,outputs/TxPert_generated/scplad_xcell_k562_all_fixed2000_officialorder_geneplusctrl_v1_official_cell_gat_predict_v1/part00/test_predictions.h5ad
CDC23,2000,3352,outputs/TxPert_generated/scplad_xcell_k562_all_fixed2000_officialorder_geneplusctrl_v1_official_cell_gat_predict_v1/part00/test_predictions.h5ad
CDC27,2000,3352,outputs/TxPert_generated/scplad_xcell_k562_all_fixed2000_officialorder_geneplusctrl_v1_official_cell_gat_predict_v1/part00/test_predictions.h5ad
CDC40,2000,3352,outputs/TxPert_generated/scplad_xcell_k562_all_fixed2000_officialorder_geneplusctrl_v1_official_cell_gat_predict_v1/part00/test_predictions.h5ad
CDC5L,2000,3352,outputs/TxPert_generated/scplad_xcell_k562_all_fixed2000_officialorder_geneplusctrl_v1_official_cell_gat_predict_v1/part00/test_predictions.h5ad
CDC6,2000,3352,outputs/TxPert_generated/scplad_xcell_k562_all_fixed2000_officialorder_geneplusctrl_v1_official_cell_gat_predict_v1/part00/test_predictions.h5ad
CDC73,2000,3352,outputs/TxPert_generated/scplad_xcell_k562_all_fixed2000_officialorder_geneplusctrl_v1_official_cell_gat_predict_v1/part00/test_predictions.h5ad
CDK1,2000,3352,outputs/TxPert_generated/scplad_xcell_k562_all_fixed2000_officialorder_geneplusctrl_v1_official_cell_gat_predict_v1/part00/test_predictions.h5ad
CDK9,2000,3352,outputs/TxPert_generated/scplad_xcell_k562_all_fixed2000_officialorder_geneplusctrl_v1_official_cell_gat_predict_v1/part00/test_predictions.h5ad
CEBPZ,2000,3352,outputs/TxPert_generated/scplad_xcell_k562_all_fixed2000_officialorder_geneplusctrl_v1_official_cell_gat_predict_v1/part00/test_predictions.h5ad
CENPC,2000,3352,outputs/TxPert_generated/scplad_xcell_k562_all_fixed2000_officialorder_geneplusctrl_v1_official_cell_gat_predict_v1/part00/test_predictions.h5ad
CENPE,2000,3352,outputs/TxPert_generated/scplad_xcell_k562_all_fixed2000_officialorder_geneplusctrl_v1_official_cell_gat_predict_v1/part00/test_predictions.h5ad
CENPJ,2000,3352,outputs/TxPert_generated/scplad_xcell_k562_all_fixed2000_officialorder_geneplusctrl_v1_official_cell_gat_predict_v1/part00/test_predictions.h5ad
CENPK,2000,3352,outputs/TxPert_generated/scplad_xcell_k562_all_fixed2000_officialorder_geneplusctrl_v1_official_cell_gat_predict_v1/part00/test_predictions.h5ad
CEP192,2000,3352,outputs/TxPert_generated/scplad_xcell_k562_all_fixed2000_officialorder_geneplusctrl_v1_official_cell_gat_predict_v1/part00/test_predictions.h5ad
CHAF1A,2000,3352,outputs/TxPert_generated/scplad_xcell_k562_all_fixed2000_officialorder_geneplusctrl_v1_official_cell_gat_predict_v1/part00/test_predictions.h5ad
CHAF1B,2000,3352,outputs/TxPert_generated/scplad_xcell_k562_all_fixed2000_officialorder_geneplusctrl_v1_official_cell_gat_predict_v1/part00/test_predictions.h5ad
CHCHD4,2000,3352,outputs/TxPert_generated/scplad_xcell_k562_all_fixed2000_officialorder_geneplusctrl_v1_official_cell_gat_predict_v1/part00/test_predictions.h5ad
CHD4,2000,3352,outputs/TxPert_generated/scplad_xcell_k562_all_fixed2000_officialorder_geneplusctrl_v1_official_cell_gat_predict_v1/part00/test_predictions.h5ad
CHEK1,2000,3352,outputs/TxPert_generated/scplad_xcell_k562_all_fixed2000_officialorder_geneplusctrl_v1_official_cell_gat_predict_v1/part00/test_predictions.h5ad
CHERP,2000,3352,outputs/TxPert_generated/scplad_xcell_k562_all_fixed2000_officialorder_geneplusctrl_v1_official_cell_gat_predict_v1/part00/test_predictions.h5ad
CHMP1A,2000,3352,outputs/TxPert_generated/scplad_xcell_k562_all_fixed2000_officialorder_geneplusctrl_v1_official_cell_gat_predict_v1/part00/test_predictions.h5ad
CHMP2A,2000,3352,outputs/TxPert_generated/scplad_xcell_k562_all_fixed2000_officialorder_geneplusctrl_v1_official_cell_gat_predict_v1/part00/test_predictions.h5ad
CHMP3,2000,3352,outputs/TxPert_generated/scplad_xcell_k562_all_fixed2000_officialorder_geneplusctrl_v1_official_cell_gat_predict_v1/part00/test_predictions.h5ad
CHMP6,2000,3352,outputs/TxPert_generated/scplad_xcell_k562_all_fixed2000_officialorder_geneplusctrl_v1_official_cell_gat_predict_v1/part00/test_predictions.h5ad
CIAPIN1,2000,3352,outputs/TxPert_generated/scplad_xcell_k562_all_fixed2000_officialorder_geneplusctrl_v1_official_cell_gat_predict_v1/part00/test_predictions.h5ad
CINP,2000,3352,outputs/TxPert_generated/scplad_xcell_k562_all_fixed2000_officialorder_geneplusctrl_v1_official_cell_gat_predict_v1/part00/test_predictions.h5ad
CKAP5,2000,3352,outputs/TxPert_generated/scplad_xcell_k562_all_fixed2000_officialorder_geneplusctrl_v1_official_cell_gat_predict_v1/part00/test_predictions.h5ad
CLNS1A,2000,3352,outputs/TxPert_generated/scplad_xcell_k562_all_fixed2000_officialorder_geneplusctrl_v1_official_cell_gat_predict_v1/part00/test_predictions.h5ad
CLP1,2000,3352,outputs/TxPert_generated/scplad_xcell_k562_all_fixed2000_officialorder_geneplusctrl_v1_official_cell_gat_predict_v1/part00/test_predictions.h5ad
CLSPN,2000,3352,outputs/TxPert_generated/scplad_xcell_k562_all_fixed2000_officialorder_geneplusctrl_v1_official_cell_gat_predict_v1/part00/test_predictions.h5ad
CLTC,2000,3352,outputs/TxPert_generated/scplad_xcell_k562_all_fixed2000_officialorder_geneplusctrl_v1_official_cell_gat_predict_v1/part00/test_predictions.h5ad
CMTR1,2000,3352,outputs/TxPert_generated/scplad_xcell_k562_all_fixed2000_officialorder_geneplusctrl_v1_official_cell_gat_predict_v1/part00/test_predictions.h5ad
CNIH4,2000,3352,outputs/TxPert_generated/scplad_xcell_k562_all_fixed2000_officialorder_geneplusctrl_v1_official_cell_gat_predict_v1/part00/test_predictions.h5ad
CNOT1,2000,3352,outputs/TxPert_generated/scplad_xcell_k562_all_fixed2000_officialorder_geneplusctrl_v1_official_cell_gat_predict_v1/part00/test_predictions.h5ad
CNOT2,2000,3352,outputs/TxPert_generated/scplad_xcell_k562_all_fixed2000_officialorder_geneplusctrl_v1_official_cell_gat_predict_v1/part00/test_predictions.h5ad
CNOT3,2000,3352,outputs/TxPert_generated/scplad_xcell_k562_all_fixed2000_officialorder_geneplusctrl_v1_official_cell_gat_predict_v1/part00/test_predictions.h5ad
COG2,2000,3352,outputs/TxPert_generated/scplad_xcell_k562_all_fixed2000_officialorder_geneplusctrl_v1_official_cell_gat_predict_v1/part00/test_predictions.h5ad
COG3,2000,3352,outputs/TxPert_generated/scplad_xcell_k562_all_fixed2000_officialorder_geneplusctrl_v1_official_cell_gat_predict_v1/part00/test_predictions.h5ad
COPB1,2000,3352,outputs/TxPert_generated/scplad_xcell_k562_all_fixed2000_officialorder_geneplusctrl_v1_official_cell_gat_predict_v1/part00/test_predictions.h5ad
COPB2,2000,3352,outputs/TxPert_generated/scplad_xcell_k562_all_fixed2000_officialorder_geneplusctrl_v1_official_cell_gat_predict_v1/part00/test_predictions.h5ad
COPS2,2000,3352,outputs/TxPert_generated/scplad_xcell_k562_all_fixed2000_officialorder_geneplusctrl_v1_official_cell_gat_predict_v1/part00/test_predictions.h5ad
COPS3,2000,3352,outputs/TxPert_generated/scplad_xcell_k562_all_fixed2000_officialorder_geneplusctrl_v1_official_cell_gat_predict_v1/part00/test_predictions.h5ad
COPS4,2000,3352,outputs/TxPert_generated/scplad_xcell_k562_all_fixed2000_officialorder_geneplusctrl_v1_official_cell_gat_predict_v1/part00/test_predictions.h5ad
COPS5,2000,3352,outputs/TxPert_generated/scplad_xcell_k562_all_fixed2000_officialorder_geneplusctrl_v1_official_cell_gat_predict_v1/part00/test_predictions.h5ad
COPS6,2000,3352,outputs/TxPert_generated/scplad_xcell_k562_all_fixed2000_officialorder_geneplusctrl_v1_official_cell_gat_predict_v1/part00/test_predictions.h5ad
COPS8,2000,3352,outputs/TxPert_generated/scplad_xcell_k562_all_fixed2000_officialorder_geneplusctrl_v1_official_cell_gat_predict_v1/part00/test_predictions.h5ad
COPZ1,2000,3352,outputs/TxPert_generated/scplad_xcell_k562_all_fixed2000_officialorder_geneplusctrl_v1_official_cell_gat_predict_v1/part00/test_predictions.h5ad
COX11,2000,3352,outputs/TxPert_generated/scplad_xcell_k562_all_fixed2000_officialorder_geneplusctrl_v1_official_cell_gat_predict_v1/part00/test_predictions.h5ad
COX15,2000,3352,outputs/TxPert_generated/scplad_xcell_k562_all_fixed2000_officialorder_geneplusctrl_v1_official_cell_gat_predict_v1/part00/test_predictions.h5ad
COX17,2000,3352,outputs/TxPert_generated/scplad_xcell_k562_all_fixed2000_officialorder_geneplusctrl_v1_official_cell_gat_predict_v1/part00/test_predictions.h5ad
COX7C,2000,3352,outputs/TxPert_generated/scplad_xcell_k562_all_fixed2000_officialorder_geneplusctrl_v1_official_cell_gat_predict_v1/part00/test_predictions.h5ad
CPSF1,2000,3352,outputs/TxPert_generated/scplad_xcell_k562_all_fixed2000_officialorder_geneplusctrl_v1_official_cell_gat_predict_v1/part00/test_predictions.h5ad
CPSF3,2000,3352,outputs/TxPert_generated/scplad_xcell_k562_all_fixed2000_officialorder_geneplusctrl_v1_official_cell_gat_predict_v1/part00/test_predictions.h5ad
CPSF4,2000,3352,outputs/TxPert_generated/scplad_xcell_k562_all_fixed2000_officialorder_geneplusctrl_v1_official_cell_gat_predict_v1/part00/test_predictions.h5ad
CPSF6,2000,3352,outputs/TxPert_generated/scplad_xcell_k562_all_fixed2000_officialorder_geneplusctrl_v1_official_cell_gat_predict_v1/part00/test_predictions.h5ad
CRNKL1,2000,3352,outputs/TxPert_generated/scplad_xcell_k562_all_fixed2000_officialorder_geneplusctrl_v1_official_cell_gat_predict_v1/part00/test_predictions.h5ad
CSE1L,2000,3352,outputs/TxPert_generated/scplad_xcell_k562_all_fixed2000_officialorder_geneplusctrl_v1_official_cell_gat_predict_v1/part00/test_predictions.h5ad
CSNK1A1,2000,3352,outputs/TxPert_generated/scplad_xcell_k562_all_fixed2000_officialorder_geneplusctrl_v1_official_cell_gat_predict_v1/part00/test_predictions.h5ad
CSNK2B,2000,3352,outputs/TxPert_generated/scplad_xcell_k562_all_fixed2000_officialorder_geneplusctrl_v1_official_cell_gat_predict_v1/part00/test_predictions.h5ad
CSTF1,2000,3352,outputs/TxPert_generated/scplad_xcell_k562_all_fixed2000_officialorder_geneplusctrl_v1_official_cell_gat_predict_v1/part00/test_predictions.h5ad
CSTF3,2000,3352,outputs/TxPert_generated/scplad_xcell_k562_all_fixed2000_officialorder_geneplusctrl_v1_official_cell_gat_predict_v1/part00/test_predictions.h5ad
CTDP1,2000,3352,outputs/TxPert_generated/scplad_xcell_k562_all_fixed2000_officialorder_geneplusctrl_v1_official_cell_gat_predict_v1/part00/test_predictions.h5ad
CTNNBL1,2000,3352,outputs/TxPert_generated/scplad_xcell_k562_all_fixed2000_officialorder_geneplusctrl_v1_official_cell_gat_predict_v1/part00/test_predictions.h5ad
CTR9,2000,3352,outputs/TxPert_generated/scplad_xcell_k562_all_fixed2000_officialorder_geneplusctrl_v1_official_cell_gat_predict_v1/part00/test_predictions.h5ad
CUL1,2000,3352,outputs/TxPert_generated/scplad_xcell_k562_all_fixed2000_officialorder_geneplusctrl_v1_official_cell_gat_predict_v1/part00/test_predictions.h5ad
CUL2,2000,3352,outputs/TxPert_generated/scplad_xcell_k562_all_fixed2000_officialorder_geneplusctrl_v1_official_cell_gat_predict_v1/part00/test_predictions.h5ad
CUL7,2000,3352,outputs/TxPert_generated/scplad_xcell_k562_all_fixed2000_officialorder_geneplusctrl_v1_official_cell_gat_predict_v1/part00/test_predictions.h5ad
CWC15,2000,3352,outputs/TxPert_generated/scplad_xcell_k562_all_fixed2000_officialorder_geneplusctrl_v1_official_cell_gat_predict_v1/part00/test_predictions.h5ad
CWC22,2000,3352,outputs/TxPert_generated/scplad_xcell_k562_all_fixed2000_officialorder_geneplusctrl_v1_official_cell_gat_predict_v1/part00/test_predictions.h5ad
CWF19L2,2000,3352,outputs/TxPert_generated/scplad_xcell_k562_all_fixed2000_officialorder_geneplusctrl_v1_official_cell_gat_predict_v1/part00/test_predictions.h5ad
CXXC1,2000,3352,outputs/TxPert_generated/scplad_xcell_k562_all_fixed2000_officialorder_geneplusctrl_v1_official_cell_gat_predict_v1/part00/test_predictions.h5ad
CYCS,2000,3352,outputs/TxPert_generated/scplad_xcell_k562_all_fixed2000_officialorder_geneplusctrl_v1_official_cell_gat_predict_v1/part00/test_predictions.h5ad
DAD1,2000,3352,outputs/TxPert_generated/scplad_xcell_k562_all_fixed2000_officialorder_geneplusctrl_v1_official_cell_gat_predict_v1/part00/test_predictions.h5ad
DAP3,2000,3352,outputs/TxPert_generated/scplad_xcell_k562_all_fixed2000_officialorder_geneplusctrl_v1_official_cell_gat_predict_v1/part00/test_predictions.h5ad
DARS,2000,3352,outputs/TxPert_generated/scplad_xcell_k562_all_fixed2000_officialorder_geneplusctrl_v1_official_cell_gat_predict_v1/part00/test_predictions.h5ad
DBR1,2000,3352,outputs/TxPert_generated/scplad_xcell_k562_all_fixed2000_officialorder_geneplusctrl_v1_official_cell_gat_predict_v1/part00/test_predictions.h5ad
DCUN1D5,2000,3352,outputs/TxPert_generated/scplad_xcell_k562_all_fixed2000_officialorder_geneplusctrl_v1_official_cell_gat_predict_v1/part00/test_predictions.h5ad
DDB1,2000,3352,outputs/TxPert_generated/scplad_xcell_k562_all_fixed2000_officialorder_geneplusctrl_v1_official_cell_gat_predict_v1/part00/test_predictions.h5ad
DDOST,2000,3352,outputs/TxPert_generated/scplad_xcell_k562_all_fixed2000_officialorder_geneplusctrl_v1_official_cell_gat_predict_v1/part00/test_predictions.h5ad
DDX10,2000,3352,outputs/TxPert_generated/scplad_xcell_k562_all_fixed2000_officialorder_geneplusctrl_v1_official_cell_gat_predict_v1/part00/test_predictions.h5ad
DDX18,2000,3352,outputs/TxPert_generated/scplad_xcell_k562_all_fixed2000_officialorder_geneplusctrl_v1_official_cell_gat_predict_v1/part00/test_predictions.h5ad
DDX20,2000,3352,outputs/TxPert_generated/scplad_xcell_k562_all_fixed2000_officialorder_geneplusctrl_v1_official_cell_gat_predict_v1/part00/test_predictions.h5ad
DDX21,2000,3352,outputs/TxPert_generated/scplad_xcell_k562_all_fixed2000_officialorder_geneplusctrl_v1_official_cell_gat_predict_v1/part00/test_predictions.h5ad
DDX23,2000,3352,outputs/TxPert_generated/scplad_xcell_k562_all_fixed2000_officialorder_geneplusctrl_v1_official_cell_gat_predict_v1/part00/test_predictions.h5ad
DDX24,2000,3352,outputs/TxPert_generated/scplad_xcell_k562_all_fixed2000_officialorder_geneplusctrl_v1_official_cell_gat_predict_v1/part00/test_predictions.h5ad
DDX27,2000,3352,outputs/TxPert_generated/scplad_xcell_k562_all_fixed2000_officialorder_geneplusctrl_v1_official_cell_gat_predict_v1/part00/test_predictions.h5ad
DDX41,2000,3352,outputs/TxPert_generated/scplad_xcell_k562_all_fixed2000_officialorder_geneplusctrl_v1_official_cell_gat_predict_v1/part00/test_predictions.h5ad
DDX46,2000,3352,outputs/TxPert_generated/scplad_xcell_k562_all_fixed2000_officialorder_geneplusctrl_v1_official_cell_gat_predict_v1/part00/test_predictions.h5ad
DDX47,2000,3352,outputs/TxPert_generated/scplad_xcell_k562_all_fixed2000_officialorder_geneplusctrl_v1_official_cell_gat_predict_v1/part00/test_predictions.h5ad
DDX49,2000,3352,outputs/TxPert_generated/scplad_xcell_k562_all_fixed2000_officialorder_geneplusctrl_v1_official_cell_gat_predict_v1/part00/test_predictions.h5ad
DDX5,2000,3352,outputs/TxPert_generated/scplad_xcell_k562_all_fixed2000_officialorder_geneplusctrl_v1_official_cell_gat_predict_v1/part00/test_predictions.h5ad
DDX51,2000,3352,outputs/TxPert_generated/scplad_xcell_k562_all_fixed2000_officialorder_geneplusctrl_v1_official_cell_gat_predict_v1/part00/test_predictions.h5ad
DDX52,2000,3352,outputs/TxPert_generated/scplad_xcell_k562_all_fixed2000_officialorder_geneplusctrl_v1_official_cell_gat_predict_v1/part00/test_predictions.h5ad
DDX54,2000,3352,outputs/TxPert_generated/scplad_xcell_k562_all_fixed2000_officialorder_geneplusctrl_v1_official_cell_gat_predict_v1/part00/test_predictions.h5ad
DDX55,2000,3352,outputs/TxPert_generated/scplad_xcell_k562_all_fixed2000_officialorder_geneplusctrl_v1_official_cell_gat_predict_v1/part00/test_predictions.h5ad
DDX56,2000,3352,outputs/TxPert_generated/scplad_xcell_k562_all_fixed2000_officialorder_geneplusctrl_v1_official_cell_gat_predict_v1/part00/test_predictions.h5ad
DDX59,2000,3352,outputs/TxPert_generated/scplad_xcell_k562_all_fixed2000_officialorder_geneplusctrl_v1_official_cell_gat_predict_v1/part00/test_predictions.h5ad
DDX6,2000,3352,outputs/TxPert_generated/scplad_xcell_k562_all_fixed2000_officialorder_geneplusctrl_v1_official_cell_gat_predict_v1/part00/test_predictions.h5ad
DENR,2000,3352,outputs/TxPert_generated/scplad_xcell_k562_all_fixed2000_officialorder_geneplusctrl_v1_official_cell_gat_predict_v1/part00/test_predictions.h5ad
DERL2,2000,3352,outputs/TxPert_generated/scplad_xcell_k562_all_fixed2000_officialorder_geneplusctrl_v1_official_cell_gat_predict_v1/part00/test_predictions.h5ad
DHDDS,2000,3352,outputs/TxPert_generated/scplad_xcell_k562_all_fixed2000_officialorder_geneplusctrl_v1_official_cell_gat_predict_v1/part00/test_predictions.h5ad
DHODH,2000,3352,outputs/TxPert_generated/scplad_xcell_k562_all_fixed2000_officialorder_geneplusctrl_v1_official_cell_gat_predict_v1/part00/test_predictions.h5ad
DHX15,2000,3352,outputs/TxPert_generated/scplad_xcell_k562_all_fixed2000_officialorder_geneplusctrl_v1_official_cell_gat_predict_v1/part00/test_predictions.h5ad
DHX16,2000,3352,outputs/TxPert_generated/scplad_xcell_k562_all_fixed2000_officialorder_geneplusctrl_v1_official_cell_gat_predict_v1/part00/test_predictions.h5ad
DHX33,2000,3352,outputs/TxPert_generated/scplad_xcell_k562_all_fixed2000_officialorder_geneplusctrl_v1_official_cell_gat_predict_v1/part00/test_predictions.h5ad
DHX36,2000,3352,outputs/TxPert_generated/scplad_xcell_k562_all_fixed2000_officialorder_geneplusctrl_v1_official_cell_gat_predict_v1/part00/test_predictions.h5ad
DHX37,2000,3352,outputs/TxPert_generated/scplad_xcell_k562_all_fixed2000_officialorder_geneplusctrl_v1_official_cell_gat_predict_v1/part00/test_predictions.h5ad
DICER1,2000,3352,outputs/TxPert_generated/scplad_xcell_k562_all_fixed2000_officialorder_geneplusctrl_v1_official_cell_gat_predict_v1/part00/test_predictions.h5ad
DIMT1,2000,3352,outputs/TxPert_generated/scplad_xcell_k562_all_fixed2000_officialorder_geneplusctrl_v1_official_cell_gat_predict_v1/part00/test_predictions.h5ad
DIS3,2000,3352,outputs/TxPert_generated/scplad_xcell_k562_all_fixed2000_officialorder_geneplusctrl_v1_official_cell_gat_predict_v1/part00/test_predictions.h5ad
DKC1,2000,3352,outputs/TxPert_generated/scplad_xcell_k562_all_fixed2000_officialorder_geneplusctrl_v1_official_cell_gat_predict_v1/part00/test_predictions.h5ad
DLD,2000,3352,outputs/TxPert_generated/scplad_xcell_k562_all_fixed2000_officialorder_geneplusctrl_v1_official_cell_gat_predict_v1/part00/test_predictions.h5ad
DMAP1,2000,3352,outputs/TxPert_generated/scplad_xcell_k562_all_fixed2000_officialorder_geneplusctrl_v1_official_cell_gat_predict_v1/part00/test_predictions.h5ad
DNAJA3,2000,3352,outputs/TxPert_generated/scplad_xcell_k562_all_fixed2000_officialorder_geneplusctrl_v1_official_cell_gat_predict_v1/part00/test_predictions.h5ad
DNAJC17,2000,3352,outputs/TxPert_generated/scplad_xcell_k562_all_fixed2000_officialorder_geneplusctrl_v1_official_cell_gat_predict_v1/part00/test_predictions.h5ad
DNAJC19,2000,3352,outputs/TxPert_generated/scplad_xcell_k562_all_fixed2000_officialorder_geneplusctrl_v1_official_cell_gat_predict_v1/part00/test_predictions.h5ad
DNAJC8,2000,3352,outputs/TxPert_generated/scplad_xcell_k562_all_fixed2000_officialorder_geneplusctrl_v1_official_cell_gat_predict_v1/part00/test_predictions.h5ad
DNM1L,2000,3352,outputs/TxPert_generated/scplad_xcell_k562_all_fixed2000_officialorder_geneplusctrl_v1_official_cell_gat_predict_v1/part00/test_predictions.h5ad
DNMT1,2000,3352,outputs/TxPert_generated/scplad_xcell_k562_all_fixed2000_officialorder_geneplusctrl_v1_official_cell_gat_predict_v1/part00/test_predictions.h5ad
DNTTIP2,2000,3352,outputs/TxPert_generated/scplad_xcell_k562_all_fixed2000_officialorder_geneplusctrl_v1_official_cell_gat_predict_v1/part00/test_predictions.h5ad
DOHH,2000,3352,outputs/TxPert_generated/scplad_xcell_k562_all_fixed2000_officialorder_geneplusctrl_v1_official_cell_gat_predict_v1/part00/test_predictions.h5ad
DONSON,2000,3352,outputs/TxPert_generated/scplad_xcell_k562_all_fixed2000_officialorder_geneplusctrl_v1_official_cell_gat_predict_v1/part00/test_predictions.h5ad
DPH2,2000,3352,outputs/TxPert_generated/scplad_xcell_k562_all_fixed2000_officialorder_geneplusctrl_v1_official_cell_gat_predict_v1/part00/test_predictions.h5ad
DR1,2000,3352,outputs/TxPert_generated/scplad_xcell_k562_all_fixed2000_officialorder_geneplusctrl_v1_official_cell_gat_predict_v1/part00/test_predictions.h5ad
DRAP1,2000,3352,outputs/TxPert_generated/scplad_xcell_k562_all_fixed2000_officialorder_geneplusctrl_v1_official_cell_gat_predict_v1/part00/test_predictions.h5ad
DSN1,2000,3352,outputs/TxPert_generated/scplad_xcell_k562_all_fixed2000_officialorder_geneplusctrl_v1_official_cell_gat_predict_v1/part00/test_predictions.h5ad
DTL,2000,3352,outputs/TxPert_generated/scplad_xcell_k562_all_fixed2000_officialorder_geneplusctrl_v1_official_cell_gat_predict_v1/part00/test_predictions.h5ad
DTYMK,2000,3352,outputs/TxPert_generated/scplad_xcell_k562_all_fixed2000_officialorder_geneplusctrl_v1_official_cell_gat_predict_v1/part00/test_predictions.h5ad
DUT,2000,3352,outputs/TxPert_generated/scplad_xcell_k562_all_fixed2000_officialorder_geneplusctrl_v1_official_cell_gat_predict_v1/part00/test_predictions.h5ad
DYNC1H1,2000,3352,outputs/TxPert_generated/scplad_xcell_k562_all_fixed2000_officialorder_geneplusctrl_v1_official_cell_gat_predict_v1/part00/test_predictions.h5ad
DYNC1I2,2000,3352,outputs/TxPert_generated/scplad_xcell_k562_all_fixed2000_officialorder_geneplusctrl_v1_official_cell_gat_predict_v1/part00/test_predictions.h5ad
DYNLL1,2000,3352,outputs/TxPert_generated/scplad_xcell_k562_all_fixed2000_officialorder_geneplusctrl_v1_official_cell_gat_predict_v1/part00/test_predictions.h5ad
DYNLRB1,2000,3352,outputs/TxPert_generated/scplad_xcell_k562_all_fixed2000_officialorder_geneplusctrl_v1_official_cell_gat_predict_v1/part00/test_predictions.h5ad
E4F1,2000,3352,outputs/TxPert_generated/scplad_xcell_k562_all_fixed2000_officialorder_geneplusctrl_v1_official_cell_gat_predict_v1/part00/test_predictions.h5ad
EBNA1BP2,2000,3352,outputs/TxPert_generated/scplad_xcell_k562_all_fixed2000_officialorder_geneplusctrl_v1_official_cell_gat_predict_v1/part00/test_predictions.h5ad
ECD,2000,3352,outputs/TxPert_generated/scplad_xcell_k562_all_fixed2000_officialorder_geneplusctrl_v1_official_cell_gat_predict_v1/part00/test_predictions.h5ad
EEF1G,2000,3352,outputs/TxPert_generated/scplad_xcell_k562_all_fixed2000_officialorder_geneplusctrl_v1_official_cell_gat_predict_v1/part00/test_predictions.h5ad
EEF2,2000,3352,outputs/TxPert_generated/scplad_xcell_k562_all_fixed2000_officialorder_geneplusctrl_v1_official_cell_gat_predict_v1/part00/test_predictions.h5ad
EFTUD2,2000,3352,outputs/TxPert_generated/scplad_xcell_k562_all_fixed2000_officialorder_geneplusctrl_v1_official_cell_gat_predict_v1/part00/test_predictions.h5ad
EIF1AX,2000,3352,outputs/TxPert_generated/scplad_xcell_k562_all_fixed2000_officialorder_geneplusctrl_v1_official_cell_gat_predict_v1/part00/test_predictions.h5ad
EIF2B1,2000,3352,outputs/TxPert_generated/scplad_xcell_k562_all_fixed2000_officialorder_geneplusctrl_v1_official_cell_gat_predict_v1/part00/test_predictions.h5ad
EIF2B2,2000,3352,outputs/TxPert_generated/scplad_xcell_k562_all_fixed2000_officialorder_geneplusctrl_v1_official_cell_gat_predict_v1/part00/test_predictions.h5ad
EIF2B3,2000,3352,outputs/TxPert_generated/scplad_xcell_k562_all_fixed2000_officialorder_geneplusctrl_v1_official_cell_gat_predict_v1/part00/test_predictions.h5ad
EIF2B4,2000,3352,outputs/TxPert_generated/scplad_xcell_k562_all_fixed2000_officialorder_geneplusctrl_v1_official_cell_gat_predict_v1/part00/test_predictions.h5ad
EIF2B5,2000,3352,outputs/TxPert_generated/scplad_xcell_k562_all_fixed2000_officialorder_geneplusctrl_v1_official_cell_gat_predict_v1/part00/test_predictions.h5ad
EIF2S1,2000,3352,outputs/TxPert_generated/scplad_xcell_k562_all_fixed2000_officialorder_geneplusctrl_v1_official_cell_gat_predict_v1/part00/test_predictions.h5ad
EIF2S2,2000,3352,outputs/TxPert_generated/scplad_xcell_k562_all_fixed2000_officialorder_geneplusctrl_v1_official_cell_gat_predict_v1/part00/test_predictions.h5ad
EIF2S3,2000,3352,outputs/TxPert_generated/scplad_xcell_k562_all_fixed2000_officialorder_geneplusctrl_v1_official_cell_gat_predict_v1/part00/test_predictions.h5ad
EIF3A,2000,3352,outputs/TxPert_generated/scplad_xcell_k562_all_fixed2000_officialorder_geneplusctrl_v1_official_cell_gat_predict_v1/part00/test_predictions.h5ad
EIF3B,2000,3352,outputs/TxPert_generated/scplad_xcell_k562_all_fixed2000_officialorder_geneplusctrl_v1_official_cell_gat_predict_v1/part00/test_predictions.h5ad
EIF3CL,2000,3352,outputs/TxPert_generated/scplad_xcell_k562_all_fixed2000_officialorder_geneplusctrl_v1_official_cell_gat_predict_v1/part00/test_predictions.h5ad
EIF3D,2000,3352,outputs/TxPert_generated/scplad_xcell_k562_all_fixed2000_officialorder_geneplusctrl_v1_official_cell_gat_predict_v1/part00/test_predictions.h5ad
EIF3E,2000,3352,outputs/TxPert_generated/scplad_xcell_k562_all_fixed2000_officialorder_geneplusctrl_v1_official_cell_gat_predict_v1/part00/test_predictions.h5ad
EIF3F,2000,3352,outputs/TxPert_generated/scplad_xcell_k562_all_fixed2000_officialorder_geneplusctrl_v1_official_cell_gat_predict_v1/part00/test_predictions.h5ad
EIF3G,2000,3352,outputs/TxPert_generated/scplad_xcell_k562_all_fixed2000_officialorder_geneplusctrl_v1_official_cell_gat_predict_v1/part00/test_predictions.h5ad
EIF3H,2000,3352,outputs/TxPert_generated/scplad_xcell_k562_all_fixed2000_officialorder_geneplusctrl_v1_official_cell_gat_predict_v1/part00/test_predictions.h5ad
EIF3I,2000,3352,outputs/TxPert_generated/scplad_xcell_k562_all_fixed2000_officialorder_geneplusctrl_v1_official_cell_gat_predict_v1/part00/test_predictions.h5ad
EIF3J,2000,3352,outputs/TxPert_generated/scplad_xcell_k562_all_fixed2000_officialorder_geneplusctrl_v1_official_cell_gat_predict_v1/part00/test_predictions.h5ad
EIF3M,2000,3352,outputs/TxPert_generated/scplad_xcell_k562_all_fixed2000_officialorder_geneplusctrl_v1_official_cell_gat_predict_v1/part00/test_predictions.h5ad
EIF4E,2000,3352,outputs/TxPert_generated/scplad_xcell_k562_all_fixed2000_officialorder_geneplusctrl_v1_official_cell_gat_predict_v1/part00/test_predictions.h5ad
EIF4G1,2000,3352,outputs/TxPert_generated/scplad_xcell_k562_all_fixed2000_officialorder_geneplusctrl_v1_official_cell_gat_predict_v1/part00/test_predictions.h5ad
EIF4G2,2000,3352,outputs/TxPert_generated/scplad_xcell_k562_all_fixed2000_officialorder_geneplusctrl_v1_official_cell_gat_predict_v1/part00/test_predictions.h5ad
EIF5,2000,3352,outputs/TxPert_generated/scplad_xcell_k562_all_fixed2000_officialorder_geneplusctrl_v1_official_cell_gat_predict_v1/part00/test_predictions.h5ad
EIF5A,2000,3352,outputs/TxPert_generated/scplad_xcell_k562_all_fixed2000_officialorder_geneplusctrl_v1_official_cell_gat_predict_v1/part00/test_predictions.h5ad
EIF6,2000,3352,outputs/TxPert_generated/scplad_xcell_k562_all_fixed2000_officialorder_geneplusctrl_v1_official_cell_gat_predict_v1/part00/test_predictions.h5ad
ELP3,2000,3352,outputs/TxPert_generated/scplad_xcell_k562_all_fixed2000_officialorder_geneplusctrl_v1_official_cell_gat_predict_v1/part00/test_predictions.h5ad
ELP5,2000,3352,outputs/TxPert_generated/scplad_xcell_k562_all_fixed2000_officialorder_geneplusctrl_v1_official_cell_gat_predict_v1/part00/test_predictions.h5ad
EP400,2000,3352,outputs/TxPert_generated/scplad_xcell_k562_all_fixed2000_officialorder_geneplusctrl_v1_official_cell_gat_predict_v1/part00/test_predictions.h5ad
EPRS,2000,3352,outputs/TxPert_generated/scplad_xcell_k562_all_fixed2000_officialorder_geneplusctrl_v1_official_cell_gat_predict_v1/part00/test_predictions.h5ad
ERCC2,2000,3352,outputs/TxPert_generated/scplad_xcell_k562_all_fixed2000_officialorder_geneplusctrl_v1_official_cell_gat_predict_v1/part00/test_predictions.h5ad
ERCC3,2000,3352,outputs/TxPert_generated/scplad_xcell_k562_all_fixed2000_officialorder_geneplusctrl_v1_official_cell_gat_predict_v1/part00/test_predictions.h5ad
ERH,2000,3352,outputs/TxPert_generated/scplad_xcell_k562_all_fixed2000_officialorder_geneplusctrl_v1_official_cell_gat_predict_v1/part00/test_predictions.h5ad
ESF1,2000,3352,outputs/TxPert_generated/scplad_xcell_k562_all_fixed2000_officialorder_geneplusctrl_v1_official_cell_gat_predict_v1/part00/test_predictions.h5ad
ETF1,2000,3352,outputs/TxPert_generated/scplad_xcell_k562_all_fixed2000_officialorder_geneplusctrl_v1_official_cell_gat_predict_v1/part00/test_predictions.h5ad
EXOC7,2000,3352,outputs/TxPert_generated/scplad_xcell_k562_all_fixed2000_officialorder_geneplusctrl_v1_official_cell_gat_predict_v1/part00/test_predictions.h5ad
EXOSC10,2000,3352,outputs/TxPert_generated/scplad_xcell_k562_all_fixed2000_officialorder_geneplusctrl_v1_official_cell_gat_predict_v1/part00/test_predictions.h5ad
EXOSC2,2000,3352,outputs/TxPert_generated/scplad_xcell_k562_all_fixed2000_officialorder_geneplusctrl_v1_official_cell_gat_predict_v1/part00/test_predictions.h5ad
EXOSC3,2000,3352,outputs/TxPert_generated/scplad_xcell_k562_all_fixed2000_officialorder_geneplusctrl_v1_official_cell_gat_predict_v1/part00/test_predictions.h5ad
EXOSC4,2000,3352,outputs/TxPert_generated/scplad_xcell_k562_all_fixed2000_officialorder_geneplusctrl_v1_official_cell_gat_predict_v1/part00/test_predictions.h5ad
EXOSC5,2000,3352,outputs/TxPert_generated/scplad_xcell_k562_all_fixed2000_officialorder_geneplusctrl_v1_official_cell_gat_predict_v1/part00/test_predictions.h5ad
EXOSC6,2000,3352,outputs/TxPert_generated/scplad_xcell_k562_all_fixed2000_officialorder_geneplusctrl_v1_official_cell_gat_predict_v1/part00/test_predictions.h5ad
EXOSC7,2000,3352,outputs/TxPert_generated/scplad_xcell_k562_all_fixed2000_officialorder_geneplusctrl_v1_official_cell_gat_predict_v1/part00/test_predictions.h5ad
EXOSC8,2000,3352,outputs/TxPert_generated/scplad_xcell_k562_all_fixed2000_officialorder_geneplusctrl_v1_official_cell_gat_predict_v1/part00/test_predictions.h5ad
EXOSC9,2000,3352,outputs/TxPert_generated/scplad_xcell_k562_all_fixed2000_officialorder_geneplusctrl_v1_official_cell_gat_predict_v1/part00/test_predictions.h5ad
FAM136A,2000,3352,outputs/TxPert_generated/scplad_xcell_k562_all_fixed2000_officialorder_geneplusctrl_v1_official_cell_gat_predict_v1/part00/test_predictions.h5ad
FAM32A,2000,3352,outputs/TxPert_generated/scplad_xcell_k562_all_fixed2000_officialorder_geneplusctrl_v1_official_cell_gat_predict_v1/part00/test_predictions.h5ad
FAM50A,2000,3352,outputs/TxPert_generated/scplad_xcell_k562_all_fixed2000_officialorder_geneplusctrl_v1_official_cell_gat_predict_v1/part00/test_predictions.h5ad
FARSA,2000,3352,outputs/TxPert_generated/scplad_xcell_k562_all_fixed2000_officialorder_geneplusctrl_v1_official_cell_gat_predict_v1/part00/test_predictions.h5ad
FARSB,2000,3352,outputs/TxPert_generated/scplad_xcell_k562_all_fixed2000_officialorder_geneplusctrl_v1_official_cell_gat_predict_v1/part00/test_predictions.h5ad
FASTKD5,2000,3352,outputs/TxPert_generated/scplad_xcell_k562_all_fixed2000_officialorder_geneplusctrl_v1_official_cell_gat_predict_v1/part00/test_predictions.h5ad
FBL,2000,3352,outputs/TxPert_generated/scplad_xcell_k562_all_fixed2000_officialorder_geneplusctrl_v1_official_cell_gat_predict_v1/part00/test_predictions.h5ad
FBXO5,2000,3352,outputs/TxPert_generated/scplad_xcell_k562_all_fixed2000_officialorder_geneplusctrl_v1_official_cell_gat_predict_v1/part00/test_predictions.h5ad
FCF1,2000,3352,outputs/TxPert_generated/scplad_xcell_k562_all_fixed2000_officialorder_geneplusctrl_v1_official_cell_gat_predict_v1/part00/test_predictions.h5ad
FNTA,2000,3352,outputs/TxPert_generated/scplad_xcell_k562_all_fixed2000_officialorder_geneplusctrl_v1_official_cell_gat_predict_v1/part00/test_predictions.h5ad
FTSJ3,2000,3352,outputs/TxPert_generated/scplad_xcell_k562_all_fixed2000_officialorder_geneplusctrl_v1_official_cell_gat_predict_v1/part00/test_predictions.h5ad
GAB2,2000,3352,outputs/TxPert_generated/scplad_xcell_k562_all_fixed2000_officialorder_geneplusctrl_v1_official_cell_gat_predict_v1/part01/test_predictions.h5ad
GAR1,2000,3352,outputs/TxPert_generated/scplad_xcell_k562_all_fixed2000_officialorder_geneplusctrl_v1_official_cell_gat_predict_v1/part01/test_predictions.h5ad
GARS,2000,3352,outputs/TxPert_generated/scplad_xcell_k562_all_fixed2000_officialorder_geneplusctrl_v1_official_cell_gat_predict_v1/part01/test_predictions.h5ad
GATA1,2000,3352,outputs/TxPert_generated/scplad_xcell_k562_all_fixed2000_officialorder_geneplusctrl_v1_official_cell_gat_predict_v1/part01/test_predictions.h5ad
GBF1,2000,3352,outputs/TxPert_generated/scplad_xcell_k562_all_fixed2000_officialorder_geneplusctrl_v1_official_cell_gat_predict_v1/part01/test_predictions.h5ad
GEMIN5,2000,3352,outputs/TxPert_generated/scplad_xcell_k562_all_fixed2000_officialorder_geneplusctrl_v1_official_cell_gat_predict_v1/part01/test_predictions.h5ad
GFER,2000,3352,outputs/TxPert_generated/scplad_xcell_k562_all_fixed2000_officialorder_geneplusctrl_v1_official_cell_gat_predict_v1/part01/test_predictions.h5ad
GFM1,2000,3352,outputs/TxPert_generated/scplad_xcell_k562_all_fixed2000_officialorder_geneplusctrl_v1_official_cell_gat_predict_v1/part01/test_predictions.h5ad
GINS1,2000,3352,outputs/TxPert_generated/scplad_xcell_k562_all_fixed2000_officialorder_geneplusctrl_v1_official_cell_gat_predict_v1/part01/test_predictions.h5ad
GINS2,2000,3352,outputs/TxPert_generated/scplad_xcell_k562_all_fixed2000_officialorder_geneplusctrl_v1_official_cell_gat_predict_v1/part01/test_predictions.h5ad
GINS3,2000,3352,outputs/TxPert_generated/scplad_xcell_k562_all_fixed2000_officialorder_geneplusctrl_v1_official_cell_gat_predict_v1/part01/test_predictions.h5ad
GINS4,2000,3352,outputs/TxPert_generated/scplad_xcell_k562_all_fixed2000_officialorder_geneplusctrl_v1_official_cell_gat_predict_v1/part01/test_predictions.h5ad
GLE1,2000,3352,outputs/TxPert_generated/scplad_xcell_k562_all_fixed2000_officialorder_geneplusctrl_v1_official_cell_gat_predict_v1/part01/test_predictions.h5ad
GMPS,2000,3352,outputs/TxPert_generated/scplad_xcell_k562_all_fixed2000_officialorder_geneplusctrl_v1_official_cell_gat_predict_v1/part01/test_predictions.h5ad
GNL2,2000,3352,outputs/TxPert_generated/scplad_xcell_k562_all_fixed2000_officialorder_geneplusctrl_v1_official_cell_gat_predict_v1/part01/test_predictions.h5ad
GNL3,2000,3352,outputs/TxPert_generated/scplad_xcell_k562_all_fixed2000_officialorder_geneplusctrl_v1_official_cell_gat_predict_v1/part01/test_predictions.h5ad
GNL3L,2000,3352,outputs/TxPert_generated/scplad_xcell_k562_all_fixed2000_officialorder_geneplusctrl_v1_official_cell_gat_predict_v1/part01/test_predictions.h5ad
GOLT1B,2000,3352,outputs/TxPert_generated/scplad_xcell_k562_all_fixed2000_officialorder_geneplusctrl_v1_official_cell_gat_predict_v1/part01/test_predictions.h5ad
GPKOW,2000,3352,outputs/TxPert_generated/scplad_xcell_k562_all_fixed2000_officialorder_geneplusctrl_v1_official_cell_gat_predict_v1/part01/test_predictions.h5ad
GPN1,2000,3352,outputs/TxPert_generated/scplad_xcell_k562_all_fixed2000_officialorder_geneplusctrl_v1_official_cell_gat_predict_v1/part01/test_predictions.h5ad
GPN2,2000,3352,outputs/TxPert_generated/scplad_xcell_k562_all_fixed2000_officialorder_geneplusctrl_v1_official_cell_gat_predict_v1/part01/test_predictions.h5ad
GPN3,2000,3352,outputs/TxPert_generated/scplad_xcell_k562_all_fixed2000_officialorder_geneplusctrl_v1_official_cell_gat_predict_v1/part01/test_predictions.h5ad
GPS1,2000,3352,outputs/TxPert_generated/scplad_xcell_k562_all_fixed2000_officialorder_geneplusctrl_v1_official_cell_gat_predict_v1/part01/test_predictions.h5ad
GRB2,2000,3352,outputs/TxPert_generated/scplad_xcell_k562_all_fixed2000_officialorder_geneplusctrl_v1_official_cell_gat_predict_v1/part01/test_predictions.h5ad
GRPEL1,2000,3352,outputs/TxPert_generated/scplad_xcell_k562_all_fixed2000_officialorder_geneplusctrl_v1_official_cell_gat_predict_v1/part01/test_predictions.h5ad
GRSF1,2000,3352,outputs/TxPert_generated/scplad_xcell_k562_all_fixed2000_officialorder_geneplusctrl_v1_official_cell_gat_predict_v1/part01/test_predictions.h5ad
GSPT1,2000,3352,outputs/TxPert_generated/scplad_xcell_k562_all_fixed2000_officialorder_geneplusctrl_v1_official_cell_gat_predict_v1/part01/test_predictions.h5ad
GTF2A1,2000,3352,outputs/TxPert_generated/scplad_xcell_k562_all_fixed2000_officialorder_geneplusctrl_v1_official_cell_gat_predict_v1/part01/test_predictions.h5ad
GTF2A2,2000,3352,outputs/TxPert_generated/scplad_xcell_k562_all_fixed2000_officialorder_geneplusctrl_v1_official_cell_gat_predict_v1/part01/test_predictions.h5ad
GTF2B,2000,3352,outputs/TxPert_generated/scplad_xcell_k562_all_fixed2000_officialorder_geneplusctrl_v1_official_cell_gat_predict_v1/part01/test_predictions.h5ad
GTF2E1,2000,3352,outputs/TxPert_generated/scplad_xcell_k562_all_fixed2000_officialorder_geneplusctrl_v1_official_cell_gat_predict_v1/part01/test_predictions.h5ad
GTF2E2,2000,3352,outputs/TxPert_generated/scplad_xcell_k562_all_fixed2000_officialorder_geneplusctrl_v1_official_cell_gat_predict_v1/part01/test_predictions.h5ad
GTF2F2,2000,3352,outputs/TxPert_generated/scplad_xcell_k562_all_fixed2000_officialorder_geneplusctrl_v1_official_cell_gat_predict_v1/part01/test_predictions.h5ad
GTF2H1,2000,3352,outputs/TxPert_generated/scplad_xcell_k562_all_fixed2000_officialorder_geneplusctrl_v1_official_cell_gat_predict_v1/part01/test_predictions.h5ad
GTF2H4,2000,3352,outputs/TxPert_generated/scplad_xcell_k562_all_fixed2000_officialorder_geneplusctrl_v1_official_cell_gat_predict_v1/part01/test_predictions.h5ad
GTF3C3,2000,3352,outputs/TxPert_generated/scplad_xcell_k562_all_fixed2000_officialorder_geneplusctrl_v1_official_cell_gat_predict_v1/part01/test_predictions.h5ad
GTPBP4,2000,3352,outputs/TxPert_generated/scplad_xcell_k562_all_fixed2000_officialorder_geneplusctrl_v1_official_cell_gat_predict_v1/part01/test_predictions.h5ad
GUCD1,2000,3352,outputs/TxPert_generated/scplad_xcell_k562_all_fixed2000_officialorder_geneplusctrl_v1_official_cell_gat_predict_v1/part01/test_predictions.h5ad
HARS,2000,3352,outputs/TxPert_generated/scplad_xcell_k562_all_fixed2000_officialorder_geneplusctrl_v1_official_cell_gat_predict_v1/part01/test_predictions.h5ad
HARS2,2000,3352,outputs/TxPert_generated/scplad_xcell_k562_all_fixed2000_officialorder_geneplusctrl_v1_official_cell_gat_predict_v1/part01/test_predictions.h5ad
HAUS4,2000,3352,outputs/TxPert_generated/scplad_xcell_k562_all_fixed2000_officialorder_geneplusctrl_v1_official_cell_gat_predict_v1/part01/test_predictions.h5ad
HAUS5,2000,3352,outputs/TxPert_generated/scplad_xcell_k562_all_fixed2000_officialorder_geneplusctrl_v1_official_cell_gat_predict_v1/part01/test_predictions.h5ad
HBS1L,2000,3352,outputs/TxPert_generated/scplad_xcell_k562_all_fixed2000_officialorder_geneplusctrl_v1_official_cell_gat_predict_v1/part01/test_predictions.h5ad
HDAC7,2000,3352,outputs/TxPert_generated/scplad_xcell_k562_all_fixed2000_officialorder_geneplusctrl_v1_official_cell_gat_predict_v1/part01/test_predictions.h5ad
HEATR1,2000,3352,outputs/TxPert_generated/scplad_xcell_k562_all_fixed2000_officialorder_geneplusctrl_v1_official_cell_gat_predict_v1/part01/test_predictions.h5ad
HGS,2000,3352,outputs/TxPert_generated/scplad_xcell_k562_all_fixed2000_officialorder_geneplusctrl_v1_official_cell_gat_predict_v1/part01/test_predictions.h5ad
HINFP,2000,3352,outputs/TxPert_generated/scplad_xcell_k562_all_fixed2000_officialorder_geneplusctrl_v1_official_cell_gat_predict_v1/part01/test_predictions.h5ad
HIRA,2000,3352,outputs/TxPert_generated/scplad_xcell_k562_all_fixed2000_officialorder_geneplusctrl_v1_official_cell_gat_predict_v1/part01/test_predictions.h5ad
HMGCS1,2000,3352,outputs/TxPert_generated/scplad_xcell_k562_all_fixed2000_officialorder_geneplusctrl_v1_official_cell_gat_predict_v1/part01/test_predictions.h5ad
HNRNPC,2000,3352,outputs/TxPert_generated/scplad_xcell_k562_all_fixed2000_officialorder_geneplusctrl_v1_official_cell_gat_predict_v1/part01/test_predictions.h5ad
HNRNPH1,2000,3352,outputs/TxPert_generated/scplad_xcell_k562_all_fixed2000_officialorder_geneplusctrl_v1_official_cell_gat_predict_v1/part01/test_predictions.h5ad
HNRNPL,2000,3352,outputs/TxPert_generated/scplad_xcell_k562_all_fixed2000_officialorder_geneplusctrl_v1_official_cell_gat_predict_v1/part01/test_predictions.h5ad
HNRNPM,2000,3352,outputs/TxPert_generated/scplad_xcell_k562_all_fixed2000_officialorder_geneplusctrl_v1_official_cell_gat_predict_v1/part01/test_predictions.h5ad
HNRNPU,2000,3352,outputs/TxPert_generated/scplad_xcell_k562_all_fixed2000_officialorder_geneplusctrl_v1_official_cell_gat_predict_v1/part01/test_predictions.h5ad
HSCB,2000,3352,outputs/TxPert_generated/scplad_xcell_k562_all_fixed2000_officialorder_geneplusctrl_v1_official_cell_gat_predict_v1/part01/test_predictions.h5ad
HSD17B12,2000,3352,outputs/TxPert_generated/scplad_xcell_k562_all_fixed2000_officialorder_geneplusctrl_v1_official_cell_gat_predict_v1/part01/test_predictions.h5ad
HSF1,2000,3352,outputs/TxPert_generated/scplad_xcell_k562_all_fixed2000_officialorder_geneplusctrl_v1_official_cell_gat_predict_v1/part01/test_predictions.h5ad
HSPA5,2000,3352,outputs/TxPert_generated/scplad_xcell_k562_all_fixed2000_officialorder_geneplusctrl_v1_official_cell_gat_predict_v1/part01/test_predictions.h5ad
HSPA8,2000,3352,outputs/TxPert_generated/scplad_xcell_k562_all_fixed2000_officialorder_geneplusctrl_v1_official_cell_gat_predict_v1/part01/test_predictions.h5ad
HSPA9,2000,3352,outputs/TxPert_generated/scplad_xcell_k562_all_fixed2000_officialorder_geneplusctrl_v1_official_cell_gat_predict_v1/part01/test_predictions.h5ad
HSPE1,2000,3352,outputs/TxPert_generated/scplad_xcell_k562_all_fixed2000_officialorder_geneplusctrl_v1_official_cell_gat_predict_v1/part01/test_predictions.h5ad
HUWE1,2000,3352,outputs/TxPert_generated/scplad_xcell_k562_all_fixed2000_officialorder_geneplusctrl_v1_official_cell_gat_predict_v1/part01/test_predictions.h5ad
HYPK,2000,3352,outputs/TxPert_generated/scplad_xcell_k562_all_fixed2000_officialorder_geneplusctrl_v1_official_cell_gat_predict_v1/part01/test_predictions.h5ad
IARS,2000,3352,outputs/TxPert_generated/scplad_xcell_k562_all_fixed2000_officialorder_geneplusctrl_v1_official_cell_gat_predict_v1/part01/test_predictions.h5ad
IARS2,2000,3352,outputs/TxPert_generated/scplad_xcell_k562_all_fixed2000_officialorder_geneplusctrl_v1_official_cell_gat_predict_v1/part01/test_predictions.h5ad
ICE1,2000,3352,outputs/TxPert_generated/scplad_xcell_k562_all_fixed2000_officialorder_geneplusctrl_v1_official_cell_gat_predict_v1/part01/test_predictions.h5ad
IGBP1,2000,3352,outputs/TxPert_generated/scplad_xcell_k562_all_fixed2000_officialorder_geneplusctrl_v1_official_cell_gat_predict_v1/part01/test_predictions.h5ad
IK,2000,3352,outputs/TxPert_generated/scplad_xcell_k562_all_fixed2000_officialorder_geneplusctrl_v1_official_cell_gat_predict_v1/part01/test_predictions.h5ad
ILF2,2000,3352,outputs/TxPert_generated/scplad_xcell_k562_all_fixed2000_officialorder_geneplusctrl_v1_official_cell_gat_predict_v1/part01/test_predictions.h5ad
ILF3,2000,3352,outputs/TxPert_generated/scplad_xcell_k562_all_fixed2000_officialorder_geneplusctrl_v1_official_cell_gat_predict_v1/part01/test_predictions.h5ad
IMP4,2000,3352,outputs/TxPert_generated/scplad_xcell_k562_all_fixed2000_officialorder_geneplusctrl_v1_official_cell_gat_predict_v1/part01/test_predictions.h5ad
IMPDH2,2000,3352,outputs/TxPert_generated/scplad_xcell_k562_all_fixed2000_officialorder_geneplusctrl_v1_official_cell_gat_predict_v1/part01/test_predictions.h5ad
INO80,2000,3352,outputs/TxPert_generated/scplad_xcell_k562_all_fixed2000_officialorder_geneplusctrl_v1_official_cell_gat_predict_v1/part01/test_predictions.h5ad
INO80B,2000,3352,outputs/TxPert_generated/scplad_xcell_k562_all_fixed2000_officialorder_geneplusctrl_v1_official_cell_gat_predict_v1/part01/test_predictions.h5ad
INTS1,2000,3352,outputs/TxPert_generated/scplad_xcell_k562_all_fixed2000_officialorder_geneplusctrl_v1_official_cell_gat_predict_v1/part01/test_predictions.h5ad
INTS2,2000,3352,outputs/TxPert_generated/scplad_xcell_k562_all_fixed2000_officialorder_geneplusctrl_v1_official_cell_gat_predict_v1/part01/test_predictions.h5ad
INTS3,2000,3352,outputs/TxPert_generated/scplad_xcell_k562_all_fixed2000_officialorder_geneplusctrl_v1_official_cell_gat_predict_v1/part01/test_predictions.h5ad
INTS4,2000,3352,outputs/TxPert_generated/scplad_xcell_k562_all_fixed2000_officialorder_geneplusctrl_v1_official_cell_gat_predict_v1/part01/test_predictions.h5ad
INTS5,2000,3352,outputs/TxPert_generated/scplad_xcell_k562_all_fixed2000_officialorder_geneplusctrl_v1_official_cell_gat_predict_v1/part01/test_predictions.h5ad
INTS6,2000,3352,outputs/TxPert_generated/scplad_xcell_k562_all_fixed2000_officialorder_geneplusctrl_v1_official_cell_gat_predict_v1/part01/test_predictions.h5ad
INTS7,2000,3352,outputs/TxPert_generated/scplad_xcell_k562_all_fixed2000_officialorder_geneplusctrl_v1_official_cell_gat_predict_v1/part01/test_predictions.h5ad
INTS8,2000,3352,outputs/TxPert_generated/scplad_xcell_k562_all_fixed2000_officialorder_geneplusctrl_v1_official_cell_gat_predict_v1/part01/test_predictions.h5ad
INTS9,2000,3352,outputs/TxPert_generated/scplad_xcell_k562_all_fixed2000_officialorder_geneplusctrl_v1_official_cell_gat_predict_v1/part01/test_predictions.h5ad
IPO13,2000,3352,outputs/TxPert_generated/scplad_xcell_k562_all_fixed2000_officialorder_geneplusctrl_v1_official_cell_gat_predict_v1/part01/test_predictions.h5ad
IPO9,2000,3352,outputs/TxPert_generated/scplad_xcell_k562_all_fixed2000_officialorder_geneplusctrl_v1_official_cell_gat_predict_v1/part01/test_predictions.h5ad
ISCU,2000,3352,outputs/TxPert_generated/scplad_xcell_k562_all_fixed2000_officialorder_geneplusctrl_v1_official_cell_gat_predict_v1/part01/test_predictions.h5ad
ISG20L2,2000,3352,outputs/TxPert_generated/scplad_xcell_k562_all_fixed2000_officialorder_geneplusctrl_v1_official_cell_gat_predict_v1/part01/test_predictions.h5ad
JAZF1,2000,3352,outputs/TxPert_generated/scplad_xcell_k562_all_fixed2000_officialorder_geneplusctrl_v1_official_cell_gat_predict_v1/part01/test_predictions.h5ad
KANSL1,2000,3352,outputs/TxPert_generated/scplad_xcell_k562_all_fixed2000_officialorder_geneplusctrl_v1_official_cell_gat_predict_v1/part01/test_predictions.h5ad
KANSL2,2000,3352,outputs/TxPert_generated/scplad_xcell_k562_all_fixed2000_officialorder_geneplusctrl_v1_official_cell_gat_predict_v1/part01/test_predictions.h5ad
KANSL3,2000,3352,outputs/TxPert_generated/scplad_xcell_k562_all_fixed2000_officialorder_geneplusctrl_v1_official_cell_gat_predict_v1/part01/test_predictions.h5ad
KARS,2000,3352,outputs/TxPert_generated/scplad_xcell_k562_all_fixed2000_officialorder_geneplusctrl_v1_official_cell_gat_predict_v1/part01/test_predictions.h5ad
KAT8,2000,3352,outputs/TxPert_generated/scplad_xcell_k562_all_fixed2000_officialorder_geneplusctrl_v1_official_cell_gat_predict_v1/part01/test_predictions.h5ad
KCTD10,2000,3352,outputs/TxPert_generated/scplad_xcell_k562_all_fixed2000_officialorder_geneplusctrl_v1_official_cell_gat_predict_v1/part01/test_predictions.h5ad
KIF20A,2000,3352,outputs/TxPert_generated/scplad_xcell_k562_all_fixed2000_officialorder_geneplusctrl_v1_official_cell_gat_predict_v1/part01/test_predictions.h5ad
KIN,2000,3352,outputs/TxPert_generated/scplad_xcell_k562_all_fixed2000_officialorder_geneplusctrl_v1_official_cell_gat_predict_v1/part01/test_predictions.h5ad
KPNB1,2000,3352,outputs/TxPert_generated/scplad_xcell_k562_all_fixed2000_officialorder_geneplusctrl_v1_official_cell_gat_predict_v1/part01/test_predictions.h5ad
KRI1,2000,3352,outputs/TxPert_generated/scplad_xcell_k562_all_fixed2000_officialorder_geneplusctrl_v1_official_cell_gat_predict_v1/part01/test_predictions.h5ad
KRR1,2000,3352,outputs/TxPert_generated/scplad_xcell_k562_all_fixed2000_officialorder_geneplusctrl_v1_official_cell_gat_predict_v1/part01/test_predictions.h5ad
LAMTOR2,2000,3352,outputs/TxPert_generated/scplad_xcell_k562_all_fixed2000_officialorder_geneplusctrl_v1_official_cell_gat_predict_v1/part01/test_predictions.h5ad
LAMTOR4,2000,3352,outputs/TxPert_generated/scplad_xcell_k562_all_fixed2000_officialorder_geneplusctrl_v1_official_cell_gat_predict_v1/part01/test_predictions.h5ad
LARS,2000,3352,outputs/TxPert_generated/scplad_xcell_k562_all_fixed2000_officialorder_geneplusctrl_v1_official_cell_gat_predict_v1/part01/test_predictions.h5ad
LAS1L,2000,3352,outputs/TxPert_generated/scplad_xcell_k562_all_fixed2000_officialorder_geneplusctrl_v1_official_cell_gat_predict_v1/part01/test_predictions.h5ad
LETM1,2000,3352,outputs/TxPert_generated/scplad_xcell_k562_all_fixed2000_officialorder_geneplusctrl_v1_official_cell_gat_predict_v1/part01/test_predictions.h5ad
LIN54,2000,3352,outputs/TxPert_generated/scplad_xcell_k562_all_fixed2000_officialorder_geneplusctrl_v1_official_cell_gat_predict_v1/part01/test_predictions.h5ad
LONP1,2000,3352,outputs/TxPert_generated/scplad_xcell_k562_all_fixed2000_officialorder_geneplusctrl_v1_official_cell_gat_predict_v1/part01/test_predictions.h5ad
LRPPRC,2000,3352,outputs/TxPert_generated/scplad_xcell_k562_all_fixed2000_officialorder_geneplusctrl_v1_official_cell_gat_predict_v1/part01/test_predictions.h5ad
LSG1,2000,3352,outputs/TxPert_generated/scplad_xcell_k562_all_fixed2000_officialorder_geneplusctrl_v1_official_cell_gat_predict_v1/part01/test_predictions.h5ad
LSM10,2000,3352,outputs/TxPert_generated/scplad_xcell_k562_all_fixed2000_officialorder_geneplusctrl_v1_official_cell_gat_predict_v1/part01/test_predictions.h5ad
LSM11,2000,3352,outputs/TxPert_generated/scplad_xcell_k562_all_fixed2000_officialorder_geneplusctrl_v1_official_cell_gat_predict_v1/part01/test_predictions.h5ad
LSM2,2000,3352,outputs/TxPert_generated/scplad_xcell_k562_all_fixed2000_officialorder_geneplusctrl_v1_official_cell_gat_predict_v1/part01/test_predictions.h5ad
LSM3,2000,3352,outputs/TxPert_generated/scplad_xcell_k562_all_fixed2000_officialorder_geneplusctrl_v1_official_cell_gat_predict_v1/part01/test_predictions.h5ad
LSM4,2000,3352,outputs/TxPert_generated/scplad_xcell_k562_all_fixed2000_officialorder_geneplusctrl_v1_official_cell_gat_predict_v1/part01/test_predictions.h5ad
LSM5,2000,3352,outputs/TxPert_generated/scplad_xcell_k562_all_fixed2000_officialorder_geneplusctrl_v1_official_cell_gat_predict_v1/part01/test_predictions.h5ad
LSM6,2000,3352,outputs/TxPert_generated/scplad_xcell_k562_all_fixed2000_officialorder_geneplusctrl_v1_official_cell_gat_predict_v1/part01/test_predictions.h5ad
LSM7,2000,3352,outputs/TxPert_generated/scplad_xcell_k562_all_fixed2000_officialorder_geneplusctrl_v1_official_cell_gat_predict_v1/part01/test_predictions.h5ad
LTV1,2000,3352,outputs/TxPert_generated/scplad_xcell_k562_all_fixed2000_officialorder_geneplusctrl_v1_official_cell_gat_predict_v1/part01/test_predictions.h5ad
LUC7L3,2000,3352,outputs/TxPert_generated/scplad_xcell_k562_all_fixed2000_officialorder_geneplusctrl_v1_official_cell_gat_predict_v1/part01/test_predictions.h5ad
MAD2L1,2000,3352,outputs/TxPert_generated/scplad_xcell_k562_all_fixed2000_officialorder_geneplusctrl_v1_official_cell_gat_predict_v1/part01/test_predictions.h5ad
MAGOH,2000,3352,outputs/TxPert_generated/scplad_xcell_k562_all_fixed2000_officialorder_geneplusctrl_v1_official_cell_gat_predict_v1/part01/test_predictions.h5ad
MAK16,2000,3352,outputs/TxPert_generated/scplad_xcell_k562_all_fixed2000_officialorder_geneplusctrl_v1_official_cell_gat_predict_v1/part01/test_predictions.h5ad
MARS,2000,3352,outputs/TxPert_generated/scplad_xcell_k562_all_fixed2000_officialorder_geneplusctrl_v1_official_cell_gat_predict_v1/part01/test_predictions.h5ad
MARS2,2000,3352,outputs/TxPert_generated/scplad_xcell_k562_all_fixed2000_officialorder_geneplusctrl_v1_official_cell_gat_predict_v1/part01/test_predictions.h5ad
MAT2A,2000,3352,outputs/TxPert_generated/scplad_xcell_k562_all_fixed2000_officialorder_geneplusctrl_v1_official_cell_gat_predict_v1/part01/test_predictions.h5ad
MAU2,2000,3352,outputs/TxPert_generated/scplad_xcell_k562_all_fixed2000_officialorder_geneplusctrl_v1_official_cell_gat_predict_v1/part01/test_predictions.h5ad
MAX,2000,3352,outputs/TxPert_generated/scplad_xcell_k562_all_fixed2000_officialorder_geneplusctrl_v1_official_cell_gat_predict_v1/part01/test_predictions.h5ad
MCM10,2000,3352,outputs/TxPert_generated/scplad_xcell_k562_all_fixed2000_officialorder_geneplusctrl_v1_official_cell_gat_predict_v1/part01/test_predictions.h5ad
MCM2,2000,3352,outputs/TxPert_generated/scplad_xcell_k562_all_fixed2000_officialorder_geneplusctrl_v1_official_cell_gat_predict_v1/part01/test_predictions.h5ad
MCM3,2000,3352,outputs/TxPert_generated/scplad_xcell_k562_all_fixed2000_officialorder_geneplusctrl_v1_official_cell_gat_predict_v1/part01/test_predictions.h5ad
MCM3AP,2000,3352,outputs/TxPert_generated/scplad_xcell_k562_all_fixed2000_officialorder_geneplusctrl_v1_official_cell_gat_predict_v1/part01/test_predictions.h5ad
MCM4,2000,3352,outputs/TxPert_generated/scplad_xcell_k562_all_fixed2000_officialorder_geneplusctrl_v1_official_cell_gat_predict_v1/part01/test_predictions.h5ad
MCM6,2000,3352,outputs/TxPert_generated/scplad_xcell_k562_all_fixed2000_officialorder_geneplusctrl_v1_official_cell_gat_predict_v1/part01/test_predictions.h5ad
MCMBP,2000,3352,outputs/TxPert_generated/scplad_xcell_k562_all_fixed2000_officialorder_geneplusctrl_v1_official_cell_gat_predict_v1/part01/test_predictions.h5ad
MDN1,2000,3352,outputs/TxPert_generated/scplad_xcell_k562_all_fixed2000_officialorder_geneplusctrl_v1_official_cell_gat_predict_v1/part01/test_predictions.h5ad
MED1,2000,3352,outputs/TxPert_generated/scplad_xcell_k562_all_fixed2000_officialorder_geneplusctrl_v1_official_cell_gat_predict_v1/part01/test_predictions.h5ad
MED10,2000,3352,outputs/TxPert_generated/scplad_xcell_k562_all_fixed2000_officialorder_geneplusctrl_v1_official_cell_gat_predict_v1/part01/test_predictions.h5ad
MED11,2000,3352,outputs/TxPert_generated/scplad_xcell_k562_all_fixed2000_officialorder_geneplusctrl_v1_official_cell_gat_predict_v1/part01/test_predictions.h5ad
MED12,2000,3352,outputs/TxPert_generated/scplad_xcell_k562_all_fixed2000_officialorder_geneplusctrl_v1_official_cell_gat_predict_v1/part01/test_predictions.h5ad
MED14,2000,3352,outputs/TxPert_generated/scplad_xcell_k562_all_fixed2000_officialorder_geneplusctrl_v1_official_cell_gat_predict_v1/part01/test_predictions.h5ad
MED17,2000,3352,outputs/TxPert_generated/scplad_xcell_k562_all_fixed2000_officialorder_geneplusctrl_v1_official_cell_gat_predict_v1/part01/test_predictions.h5ad
MED19,2000,3352,outputs/TxPert_generated/scplad_xcell_k562_all_fixed2000_officialorder_geneplusctrl_v1_official_cell_gat_predict_v1/part01/test_predictions.h5ad
MED20,2000,3352,outputs/TxPert_generated/scplad_xcell_k562_all_fixed2000_officialorder_geneplusctrl_v1_official_cell_gat_predict_v1/part01/test_predictions.h5ad
MED21,2000,3352,outputs/TxPert_generated/scplad_xcell_k562_all_fixed2000_officialorder_geneplusctrl_v1_official_cell_gat_predict_v1/part01/test_predictions.h5ad
MED22,2000,3352,outputs/TxPert_generated/scplad_xcell_k562_all_fixed2000_officialorder_geneplusctrl_v1_official_cell_gat_predict_v1/part01/test_predictions.h5ad
MED26,2000,3352,outputs/TxPert_generated/scplad_xcell_k562_all_fixed2000_officialorder_geneplusctrl_v1_official_cell_gat_predict_v1/part01/test_predictions.h5ad
MED28,2000,3352,outputs/TxPert_generated/scplad_xcell_k562_all_fixed2000_officialorder_geneplusctrl_v1_official_cell_gat_predict_v1/part01/test_predictions.h5ad
MED29,2000,3352,outputs/TxPert_generated/scplad_xcell_k562_all_fixed2000_officialorder_geneplusctrl_v1_official_cell_gat_predict_v1/part01/test_predictions.h5ad
MED30,2000,3352,outputs/TxPert_generated/scplad_xcell_k562_all_fixed2000_officialorder_geneplusctrl_v1_official_cell_gat_predict_v1/part01/test_predictions.h5ad
MED31,2000,3352,outputs/TxPert_generated/scplad_xcell_k562_all_fixed2000_officialorder_geneplusctrl_v1_official_cell_gat_predict_v1/part01/test_predictions.h5ad
MED4,2000,3352,outputs/TxPert_generated/scplad_xcell_k562_all_fixed2000_officialorder_geneplusctrl_v1_official_cell_gat_predict_v1/part01/test_predictions.h5ad
MED6,2000,3352,outputs/TxPert_generated/scplad_xcell_k562_all_fixed2000_officialorder_geneplusctrl_v1_official_cell_gat_predict_v1/part01/test_predictions.h5ad
MED7,2000,3352,outputs/TxPert_generated/scplad_xcell_k562_all_fixed2000_officialorder_geneplusctrl_v1_official_cell_gat_predict_v1/part01/test_predictions.h5ad
MED8,2000,3352,outputs/TxPert_generated/scplad_xcell_k562_all_fixed2000_officialorder_geneplusctrl_v1_official_cell_gat_predict_v1/part01/test_predictions.h5ad
MED9,2000,3352,outputs/TxPert_generated/scplad_xcell_k562_all_fixed2000_officialorder_geneplusctrl_v1_official_cell_gat_predict_v1/part01/test_predictions.h5ad
METAP2,2000,3352,outputs/TxPert_generated/scplad_xcell_k562_all_fixed2000_officialorder_geneplusctrl_v1_official_cell_gat_predict_v1/part01/test_predictions.h5ad
METTL14,2000,3352,outputs/TxPert_generated/scplad_xcell_k562_all_fixed2000_officialorder_geneplusctrl_v1_official_cell_gat_predict_v1/part01/test_predictions.h5ad
METTL16,2000,3352,outputs/TxPert_generated/scplad_xcell_k562_all_fixed2000_officialorder_geneplusctrl_v1_official_cell_gat_predict_v1/part01/test_predictions.h5ad
METTL3,2000,3352,outputs/TxPert_generated/scplad_xcell_k562_all_fixed2000_officialorder_geneplusctrl_v1_official_cell_gat_predict_v1/part01/test_predictions.h5ad
MEX3A,2000,3352,outputs/TxPert_generated/scplad_xcell_k562_all_fixed2000_officialorder_geneplusctrl_v1_official_cell_gat_predict_v1/part01/test_predictions.h5ad
MFAP1,2000,3352,outputs/TxPert_generated/scplad_xcell_k562_all_fixed2000_officialorder_geneplusctrl_v1_official_cell_gat_predict_v1/part01/test_predictions.h5ad
MICOS10,2000,3352,outputs/TxPert_generated/scplad_xcell_k562_all_fixed2000_officialorder_geneplusctrl_v1_official_cell_gat_predict_v1/part01/test_predictions.h5ad
MIOS,2000,3352,outputs/TxPert_generated/scplad_xcell_k562_all_fixed2000_officialorder_geneplusctrl_v1_official_cell_gat_predict_v1/part01/test_predictions.h5ad
MMS22L,2000,3352,outputs/TxPert_generated/scplad_xcell_k562_all_fixed2000_officialorder_geneplusctrl_v1_official_cell_gat_predict_v1/part01/test_predictions.h5ad
MNAT1,2000,3352,outputs/TxPert_generated/scplad_xcell_k562_all_fixed2000_officialorder_geneplusctrl_v1_official_cell_gat_predict_v1/part01/test_predictions.h5ad
MOB4,2000,3352,outputs/TxPert_generated/scplad_xcell_k562_all_fixed2000_officialorder_geneplusctrl_v1_official_cell_gat_predict_v1/part01/test_predictions.h5ad
MPHOSPH10,2000,3352,outputs/TxPert_generated/scplad_xcell_k562_all_fixed2000_officialorder_geneplusctrl_v1_official_cell_gat_predict_v1/part01/test_predictions.h5ad
MRGBP,2000,3352,outputs/TxPert_generated/scplad_xcell_k562_all_fixed2000_officialorder_geneplusctrl_v1_official_cell_gat_predict_v1/part01/test_predictions.h5ad
MRPL10,2000,3352,outputs/TxPert_generated/scplad_xcell_k562_all_fixed2000_officialorder_geneplusctrl_v1_official_cell_gat_predict_v1/part01/test_predictions.h5ad
MRPL13,2000,3352,outputs/TxPert_generated/scplad_xcell_k562_all_fixed2000_officialorder_geneplusctrl_v1_official_cell_gat_predict_v1/part01/test_predictions.h5ad
MRPL14,2000,3352,outputs/TxPert_generated/scplad_xcell_k562_all_fixed2000_officialorder_geneplusctrl_v1_official_cell_gat_predict_v1/part01/test_predictions.h5ad
MRPL16,2000,3352,outputs/TxPert_generated/scplad_xcell_k562_all_fixed2000_officialorder_geneplusctrl_v1_official_cell_gat_predict_v1/part01/test_predictions.h5ad
MRPL17,2000,3352,outputs/TxPert_generated/scplad_xcell_k562_all_fixed2000_officialorder_geneplusctrl_v1_official_cell_gat_predict_v1/part01/test_predictions.h5ad
MRPL18,2000,3352,outputs/TxPert_generated/scplad_xcell_k562_all_fixed2000_officialorder_geneplusctrl_v1_official_cell_gat_predict_v1/part01/test_predictions.h5ad
MRPL19,2000,3352,outputs/TxPert_generated/scplad_xcell_k562_all_fixed2000_officialorder_geneplusctrl_v1_official_cell_gat_predict_v1/part01/test_predictions.h5ad
MRPL2,2000,3352,outputs/TxPert_generated/scplad_xcell_k562_all_fixed2000_officialorder_geneplusctrl_v1_official_cell_gat_predict_v1/part01/test_predictions.h5ad
MRPL22,2000,3352,outputs/TxPert_generated/scplad_xcell_k562_all_fixed2000_officialorder_geneplusctrl_v1_official_cell_gat_predict_v1/part01/test_predictions.h5ad
MRPL24,2000,3352,outputs/TxPert_generated/scplad_xcell_k562_all_fixed2000_officialorder_geneplusctrl_v1_official_cell_gat_predict_v1/part01/test_predictions.h5ad
MRPL27,2000,3352,outputs/TxPert_generated/scplad_xcell_k562_all_fixed2000_officialorder_geneplusctrl_v1_official_cell_gat_predict_v1/part01/test_predictions.h5ad
MRPL3,2000,3352,outputs/TxPert_generated/scplad_xcell_k562_all_fixed2000_officialorder_geneplusctrl_v1_official_cell_gat_predict_v1/part01/test_predictions.h5ad
MRPL32,2000,3352,outputs/TxPert_generated/scplad_xcell_k562_all_fixed2000_officialorder_geneplusctrl_v1_official_cell_gat_predict_v1/part01/test_predictions.h5ad
MRPL33,2000,3352,outputs/TxPert_generated/scplad_xcell_k562_all_fixed2000_officialorder_geneplusctrl_v1_official_cell_gat_predict_v1/part01/test_predictions.h5ad
MRPL35,2000,3352,outputs/TxPert_generated/scplad_xcell_k562_all_fixed2000_officialorder_geneplusctrl_v1_official_cell_gat_predict_v1/part01/test_predictions.h5ad
MRPL36,2000,3352,outputs/TxPert_generated/scplad_xcell_k562_all_fixed2000_officialorder_geneplusctrl_v1_official_cell_gat_predict_v1/part01/test_predictions.h5ad
MRPL37,2000,3352,outputs/TxPert_generated/scplad_xcell_k562_all_fixed2000_officialorder_geneplusctrl_v1_official_cell_gat_predict_v1/part01/test_predictions.h5ad
MRPL38,2000,3352,outputs/TxPert_generated/scplad_xcell_k562_all_fixed2000_officialorder_geneplusctrl_v1_official_cell_gat_predict_v1/part01/test_predictions.h5ad
MRPL39,2000,3352,outputs/TxPert_generated/scplad_xcell_k562_all_fixed2000_officialorder_geneplusctrl_v1_official_cell_gat_predict_v1/part01/test_predictions.h5ad
MRPL4,2000,3352,outputs/TxPert_generated/scplad_xcell_k562_all_fixed2000_officialorder_geneplusctrl_v1_official_cell_gat_predict_v1/part01/test_predictions.h5ad
MRPL41,2000,3352,outputs/TxPert_generated/scplad_xcell_k562_all_fixed2000_officialorder_geneplusctrl_v1_official_cell_gat_predict_v1/part01/test_predictions.h5ad
MRPL43,2000,3352,outputs/TxPert_generated/scplad_xcell_k562_all_fixed2000_officialorder_geneplusctrl_v1_official_cell_gat_predict_v1/part01/test_predictions.h5ad
MRPL49,2000,3352,outputs/TxPert_generated/scplad_xcell_k562_all_fixed2000_officialorder_geneplusctrl_v1_official_cell_gat_predict_v1/part01/test_predictions.h5ad
MRPL50,2000,3352,outputs/TxPert_generated/scplad_xcell_k562_all_fixed2000_officialorder_geneplusctrl_v1_official_cell_gat_predict_v1/part01/test_predictions.h5ad
MRPL51,2000,3352,outputs/TxPert_generated/scplad_xcell_k562_all_fixed2000_officialorder_geneplusctrl_v1_official_cell_gat_predict_v1/part01/test_predictions.h5ad
MRPL53,2000,3352,outputs/TxPert_generated/scplad_xcell_k562_all_fixed2000_officialorder_geneplusctrl_v1_official_cell_gat_predict_v1/part01/test_predictions.h5ad
MRPL54,2000,3352,outputs/TxPert_generated/scplad_xcell_k562_all_fixed2000_officialorder_geneplusctrl_v1_official_cell_gat_predict_v1/part01/test_predictions.h5ad
MRPL55,2000,3352,outputs/TxPert_generated/scplad_xcell_k562_all_fixed2000_officialorder_geneplusctrl_v1_official_cell_gat_predict_v1/part01/test_predictions.h5ad
MRPS10,2000,3352,outputs/TxPert_generated/scplad_xcell_k562_all_fixed2000_officialorder_geneplusctrl_v1_official_cell_gat_predict_v1/part01/test_predictions.h5ad
MRPS11,2000,3352,outputs/TxPert_generated/scplad_xcell_k562_all_fixed2000_officialorder_geneplusctrl_v1_official_cell_gat_predict_v1/part01/test_predictions.h5ad
MRPS14,2000,3352,outputs/TxPert_generated/scplad_xcell_k562_all_fixed2000_officialorder_geneplusctrl_v1_official_cell_gat_predict_v1/part01/test_predictions.h5ad
MRPS18A,2000,3352,outputs/TxPert_generated/scplad_xcell_k562_all_fixed2000_officialorder_geneplusctrl_v1_official_cell_gat_predict_v1/part01/test_predictions.h5ad
MRPS2,2000,3352,outputs/TxPert_generated/scplad_xcell_k562_all_fixed2000_officialorder_geneplusctrl_v1_official_cell_gat_predict_v1/part01/test_predictions.h5ad
MRPS21,2000,3352,outputs/TxPert_generated/scplad_xcell_k562_all_fixed2000_officialorder_geneplusctrl_v1_official_cell_gat_predict_v1/part01/test_predictions.h5ad
MRPS22,2000,3352,outputs/TxPert_generated/scplad_xcell_k562_all_fixed2000_officialorder_geneplusctrl_v1_official_cell_gat_predict_v1/part01/test_predictions.h5ad
MRPS23,2000,3352,outputs/TxPert_generated/scplad_xcell_k562_all_fixed2000_officialorder_geneplusctrl_v1_official_cell_gat_predict_v1/part01/test_predictions.h5ad
MRPS24,2000,3352,outputs/TxPert_generated/scplad_xcell_k562_all_fixed2000_officialorder_geneplusctrl_v1_official_cell_gat_predict_v1/part01/test_predictions.h5ad
MRPS26,2000,3352,outputs/TxPert_generated/scplad_xcell_k562_all_fixed2000_officialorder_geneplusctrl_v1_official_cell_gat_predict_v1/part01/test_predictions.h5ad
MRPS27,2000,3352,outputs/TxPert_generated/scplad_xcell_k562_all_fixed2000_officialorder_geneplusctrl_v1_official_cell_gat_predict_v1/part01/test_predictions.h5ad
MRPS28,2000,3352,outputs/TxPert_generated/scplad_xcell_k562_all_fixed2000_officialorder_geneplusctrl_v1_official_cell_gat_predict_v1/part01/test_predictions.h5ad
MRPS34,2000,3352,outputs/TxPert_generated/scplad_xcell_k562_all_fixed2000_officialorder_geneplusctrl_v1_official_cell_gat_predict_v1/part01/test_predictions.h5ad
MRPS35,2000,3352,outputs/TxPert_generated/scplad_xcell_k562_all_fixed2000_officialorder_geneplusctrl_v1_official_cell_gat_predict_v1/part01/test_predictions.h5ad
MRPS7,2000,3352,outputs/TxPert_generated/scplad_xcell_k562_all_fixed2000_officialorder_geneplusctrl_v1_official_cell_gat_predict_v1/part01/test_predictions.h5ad
MRPS9,2000,3352,outputs/TxPert_generated/scplad_xcell_k562_all_fixed2000_officialorder_geneplusctrl_v1_official_cell_gat_predict_v1/part01/test_predictions.h5ad
MTBP,2000,3352,outputs/TxPert_generated/scplad_xcell_k562_all_fixed2000_officialorder_geneplusctrl_v1_official_cell_gat_predict_v1/part01/test_predictions.h5ad
MTOR,2000,3352,outputs/TxPert_generated/scplad_xcell_k562_all_fixed2000_officialorder_geneplusctrl_v1_official_cell_gat_predict_v1/part01/test_predictions.h5ad
MTPAP,2000,3352,outputs/TxPert_generated/scplad_xcell_k562_all_fixed2000_officialorder_geneplusctrl_v1_official_cell_gat_predict_v1/part01/test_predictions.h5ad
MVD,2000,3352,outputs/TxPert_generated/scplad_xcell_k562_all_fixed2000_officialorder_geneplusctrl_v1_official_cell_gat_predict_v1/part01/test_predictions.h5ad
MYBBP1A,2000,3352,outputs/TxPert_generated/scplad_xcell_k562_all_fixed2000_officialorder_geneplusctrl_v1_official_cell_gat_predict_v1/part01/test_predictions.h5ad
MYBL2,2000,3352,outputs/TxPert_generated/scplad_xcell_k562_all_fixed2000_officialorder_geneplusctrl_v1_official_cell_gat_predict_v1/part01/test_predictions.h5ad
MZT1,2000,3352,outputs/TxPert_generated/scplad_xcell_k562_all_fixed2000_officialorder_geneplusctrl_v1_official_cell_gat_predict_v1/part01/test_predictions.h5ad
N6AMT1,2000,3352,outputs/TxPert_generated/scplad_xcell_k562_all_fixed2000_officialorder_geneplusctrl_v1_official_cell_gat_predict_v1/part01/test_predictions.h5ad
NAA10,2000,3352,outputs/TxPert_generated/scplad_xcell_k562_all_fixed2000_officialorder_geneplusctrl_v1_official_cell_gat_predict_v1/part01/test_predictions.h5ad
NAA15,2000,3352,outputs/TxPert_generated/scplad_xcell_k562_all_fixed2000_officialorder_geneplusctrl_v1_official_cell_gat_predict_v1/part01/test_predictions.h5ad
NAA20,2000,3352,outputs/TxPert_generated/scplad_xcell_k562_all_fixed2000_officialorder_geneplusctrl_v1_official_cell_gat_predict_v1/part01/test_predictions.h5ad
NAA25,2000,3352,outputs/TxPert_generated/scplad_xcell_k562_all_fixed2000_officialorder_geneplusctrl_v1_official_cell_gat_predict_v1/part01/test_predictions.h5ad
NACA,2000,3352,outputs/TxPert_generated/scplad_xcell_k562_all_fixed2000_officialorder_geneplusctrl_v1_official_cell_gat_predict_v1/part01/test_predictions.h5ad
NAE1,2000,3352,outputs/TxPert_generated/scplad_xcell_k562_all_fixed2000_officialorder_geneplusctrl_v1_official_cell_gat_predict_v1/part01/test_predictions.h5ad
NARS,2000,3352,outputs/TxPert_generated/scplad_xcell_k562_all_fixed2000_officialorder_geneplusctrl_v1_official_cell_gat_predict_v1/part01/test_predictions.h5ad
NAT10,2000,3352,outputs/TxPert_generated/scplad_xcell_k562_all_fixed2000_officialorder_geneplusctrl_v1_official_cell_gat_predict_v1/part01/test_predictions.h5ad
NBAS,2000,3352,outputs/TxPert_generated/scplad_xcell_k562_all_fixed2000_officialorder_geneplusctrl_v1_official_cell_gat_predict_v1/part01/test_predictions.h5ad
NCAPH,2000,3352,outputs/TxPert_generated/scplad_xcell_k562_all_fixed2000_officialorder_geneplusctrl_v1_official_cell_gat_predict_v1/part01/test_predictions.h5ad
NCBP1,2000,3352,outputs/TxPert_generated/scplad_xcell_k562_all_fixed2000_officialorder_geneplusctrl_v1_official_cell_gat_predict_v1/part01/test_predictions.h5ad
NCBP2,2000,3352,outputs/TxPert_generated/scplad_xcell_k562_all_fixed2000_officialorder_geneplusctrl_v1_official_cell_gat_predict_v1/part01/test_predictions.h5ad
NCKAP1,2000,3352,outputs/TxPert_generated/scplad_xcell_k562_all_fixed2000_officialorder_geneplusctrl_v1_official_cell_gat_predict_v1/part01/test_predictions.h5ad
NCL,2000,3352,outputs/TxPert_generated/scplad_xcell_k562_all_fixed2000_officialorder_geneplusctrl_v1_official_cell_gat_predict_v1/part01/test_predictions.h5ad
NDC80,2000,3352,outputs/TxPert_generated/scplad_xcell_k562_all_fixed2000_officialorder_geneplusctrl_v1_official_cell_gat_predict_v1/part01/test_predictions.h5ad
NDUFA2,2000,3352,outputs/TxPert_generated/scplad_xcell_k562_all_fixed2000_officialorder_geneplusctrl_v1_official_cell_gat_predict_v1/part01/test_predictions.h5ad
NDUFA6,2000,3352,outputs/TxPert_generated/scplad_xcell_k562_all_fixed2000_officialorder_geneplusctrl_v1_official_cell_gat_predict_v1/part01/test_predictions.h5ad
NDUFA8,2000,3352,outputs/TxPert_generated/scplad_xcell_k562_all_fixed2000_officialorder_geneplusctrl_v1_official_cell_gat_predict_v1/part01/test_predictions.h5ad
NDUFAB1,2000,3352,outputs/TxPert_generated/scplad_xcell_k562_all_fixed2000_officialorder_geneplusctrl_v1_official_cell_gat_predict_v1/part01/test_predictions.h5ad
NDUFB10,2000,3352,outputs/TxPert_generated/scplad_xcell_k562_all_fixed2000_officialorder_geneplusctrl_v1_official_cell_gat_predict_v1/part01/test_predictions.h5ad
NDUFB4,2000,3352,outputs/TxPert_generated/scplad_xcell_k562_all_fixed2000_officialorder_geneplusctrl_v1_official_cell_gat_predict_v1/part01/test_predictions.h5ad
NDUFB8,2000,3352,outputs/TxPert_generated/scplad_xcell_k562_all_fixed2000_officialorder_geneplusctrl_v1_official_cell_gat_predict_v1/part01/test_predictions.h5ad
NEDD1,2000,3352,outputs/TxPert_generated/scplad_xcell_k562_all_fixed2000_officialorder_geneplusctrl_v1_official_cell_gat_predict_v1/part01/test_predictions.h5ad
NEDD8,2000,3352,outputs/TxPert_generated/scplad_xcell_k562_all_fixed2000_officialorder_geneplusctrl_v1_official_cell_gat_predict_v1/part01/test_predictions.h5ad
NELFA,2000,3352,outputs/TxPert_generated/scplad_xcell_k562_all_fixed2000_officialorder_geneplusctrl_v1_official_cell_gat_predict_v1/part01/test_predictions.h5ad
NELFB,2000,3352,outputs/TxPert_generated/scplad_xcell_k562_all_fixed2000_officialorder_geneplusctrl_v1_official_cell_gat_predict_v1/part01/test_predictions.h5ad
NELFCD,2000,3352,outputs/TxPert_generated/scplad_xcell_k562_all_fixed2000_officialorder_geneplusctrl_v1_official_cell_gat_predict_v1/part01/test_predictions.h5ad
NELFE,2000,3352,outputs/TxPert_generated/scplad_xcell_k562_all_fixed2000_officialorder_geneplusctrl_v1_official_cell_gat_predict_v1/part01/test_predictions.h5ad
NEPRO,2000,3352,outputs/TxPert_generated/scplad_xcell_k562_all_fixed2000_officialorder_geneplusctrl_v1_official_cell_gat_predict_v1/part01/test_predictions.h5ad
NFRKB,2000,3352,outputs/TxPert_generated/scplad_xcell_k562_all_fixed2000_officialorder_geneplusctrl_v1_official_cell_gat_predict_v1/part01/test_predictions.h5ad
NFS1,2000,3352,outputs/TxPert_generated/scplad_xcell_k562_all_fixed2000_officialorder_geneplusctrl_v1_official_cell_gat_predict_v1/part01/test_predictions.h5ad
NIFK,2000,3352,outputs/TxPert_generated/scplad_xcell_k562_all_fixed2000_officialorder_geneplusctrl_v1_official_cell_gat_predict_v1/part01/test_predictions.h5ad
NIP7,2000,3352,outputs/TxPert_generated/scplad_xcell_k562_all_fixed2000_officialorder_geneplusctrl_v1_official_cell_gat_predict_v1/part01/test_predictions.h5ad
NKAP,2000,3352,outputs/TxPert_generated/scplad_xcell_k562_all_fixed2000_officialorder_geneplusctrl_v1_official_cell_gat_predict_v1/part01/test_predictions.h5ad
NLE1,2000,3352,outputs/TxPert_generated/scplad_xcell_k562_all_fixed2000_officialorder_geneplusctrl_v1_official_cell_gat_predict_v1/part01/test_predictions.h5ad
NMD3,2000,3352,outputs/TxPert_generated/scplad_xcell_k562_all_fixed2000_officialorder_geneplusctrl_v1_official_cell_gat_predict_v1/part01/test_predictions.h5ad
NOB1,2000,3352,outputs/TxPert_generated/scplad_xcell_k562_all_fixed2000_officialorder_geneplusctrl_v1_official_cell_gat_predict_v1/part01/test_predictions.h5ad
NOC3L,2000,3352,outputs/TxPert_generated/scplad_xcell_k562_all_fixed2000_officialorder_geneplusctrl_v1_official_cell_gat_predict_v1/part01/test_predictions.h5ad
NOC4L,2000,3352,outputs/TxPert_generated/scplad_xcell_k562_all_fixed2000_officialorder_geneplusctrl_v1_official_cell_gat_predict_v1/part01/test_predictions.h5ad
NOL11,2000,3352,outputs/TxPert_generated/scplad_xcell_k562_all_fixed2000_officialorder_geneplusctrl_v1_official_cell_gat_predict_v1/part01/test_predictions.h5ad
NOL12,2000,3352,outputs/TxPert_generated/scplad_xcell_k562_all_fixed2000_officialorder_geneplusctrl_v1_official_cell_gat_predict_v1/part01/test_predictions.h5ad
NOL6,2000,3352,outputs/TxPert_generated/scplad_xcell_k562_all_fixed2000_officialorder_geneplusctrl_v1_official_cell_gat_predict_v1/part01/test_predictions.h5ad
NOL8,2000,3352,outputs/TxPert_generated/scplad_xcell_k562_all_fixed2000_officialorder_geneplusctrl_v1_official_cell_gat_predict_v1/part01/test_predictions.h5ad
NOLC1,2000,3352,outputs/TxPert_generated/scplad_xcell_k562_all_fixed2000_officialorder_geneplusctrl_v1_official_cell_gat_predict_v1/part01/test_predictions.h5ad
NOM1,2000,3352,outputs/TxPert_generated/scplad_xcell_k562_all_fixed2000_officialorder_geneplusctrl_v1_official_cell_gat_predict_v1/part01/test_predictions.h5ad
NOP10,2000,3352,outputs/TxPert_generated/scplad_xcell_k562_all_fixed2000_officialorder_geneplusctrl_v1_official_cell_gat_predict_v1/part01/test_predictions.h5ad
NOP14,2000,3352,outputs/TxPert_generated/scplad_xcell_k562_all_fixed2000_officialorder_geneplusctrl_v1_official_cell_gat_predict_v1/part01/test_predictions.h5ad
NOP16,2000,3352,outputs/TxPert_generated/scplad_xcell_k562_all_fixed2000_officialorder_geneplusctrl_v1_official_cell_gat_predict_v1/part01/test_predictions.h5ad
NOP2,2000,3352,outputs/TxPert_generated/scplad_xcell_k562_all_fixed2000_officialorder_geneplusctrl_v1_official_cell_gat_predict_v1/part01/test_predictions.h5ad
NOP58,2000,3352,outputs/TxPert_generated/scplad_xcell_k562_all_fixed2000_officialorder_geneplusctrl_v1_official_cell_gat_predict_v1/part01/test_predictions.h5ad
NPLOC4,2000,3352,outputs/TxPert_generated/scplad_xcell_k562_all_fixed2000_officialorder_geneplusctrl_v1_official_cell_gat_predict_v1/part01/test_predictions.h5ad
NRBP1,2000,3352,outputs/TxPert_generated/scplad_xcell_k562_all_fixed2000_officialorder_geneplusctrl_v1_official_cell_gat_predict_v1/part01/test_predictions.h5ad
NRDE2,2000,3352,outputs/TxPert_generated/scplad_xcell_k562_all_fixed2000_officialorder_geneplusctrl_v1_official_cell_gat_predict_v1/part01/test_predictions.h5ad
NRF1,2000,3352,outputs/TxPert_generated/scplad_xcell_k562_all_fixed2000_officialorder_geneplusctrl_v1_official_cell_gat_predict_v1/part02/test_predictions.h5ad
NSA2,2000,3352,outputs/TxPert_generated/scplad_xcell_k562_all_fixed2000_officialorder_geneplusctrl_v1_official_cell_gat_predict_v1/part02/test_predictions.h5ad
NSRP1,2000,3352,outputs/TxPert_generated/scplad_xcell_k562_all_fixed2000_officialorder_geneplusctrl_v1_official_cell_gat_predict_v1/part02/test_predictions.h5ad
NUBP1,2000,3352,outputs/TxPert_generated/scplad_xcell_k562_all_fixed2000_officialorder_geneplusctrl_v1_official_cell_gat_predict_v1/part02/test_predictions.h5ad
NUDC,2000,3352,outputs/TxPert_generated/scplad_xcell_k562_all_fixed2000_officialorder_geneplusctrl_v1_official_cell_gat_predict_v1/part02/test_predictions.h5ad
NUDCD3,2000,3352,outputs/TxPert_generated/scplad_xcell_k562_all_fixed2000_officialorder_geneplusctrl_v1_official_cell_gat_predict_v1/part02/test_predictions.h5ad
NUDT21,2000,3352,outputs/TxPert_generated/scplad_xcell_k562_all_fixed2000_officialorder_geneplusctrl_v1_official_cell_gat_predict_v1/part02/test_predictions.h5ad
NUF2,2000,3352,outputs/TxPert_generated/scplad_xcell_k562_all_fixed2000_officialorder_geneplusctrl_v1_official_cell_gat_predict_v1/part02/test_predictions.h5ad
NUFIP1,2000,3352,outputs/TxPert_generated/scplad_xcell_k562_all_fixed2000_officialorder_geneplusctrl_v1_official_cell_gat_predict_v1/part02/test_predictions.h5ad
NUMA1,2000,3352,outputs/TxPert_generated/scplad_xcell_k562_all_fixed2000_officialorder_geneplusctrl_v1_official_cell_gat_predict_v1/part02/test_predictions.h5ad
NUP107,2000,3352,outputs/TxPert_generated/scplad_xcell_k562_all_fixed2000_officialorder_geneplusctrl_v1_official_cell_gat_predict_v1/part02/test_predictions.h5ad
NUP133,2000,3352,outputs/TxPert_generated/scplad_xcell_k562_all_fixed2000_officialorder_geneplusctrl_v1_official_cell_gat_predict_v1/part02/test_predictions.h5ad
NUP160,2000,3352,outputs/TxPert_generated/scplad_xcell_k562_all_fixed2000_officialorder_geneplusctrl_v1_official_cell_gat_predict_v1/part02/test_predictions.h5ad
NUP54,2000,3352,outputs/TxPert_generated/scplad_xcell_k562_all_fixed2000_officialorder_geneplusctrl_v1_official_cell_gat_predict_v1/part02/test_predictions.h5ad
NUP62,2000,3352,outputs/TxPert_generated/scplad_xcell_k562_all_fixed2000_officialorder_geneplusctrl_v1_official_cell_gat_predict_v1/part02/test_predictions.h5ad
NUP85,2000,3352,outputs/TxPert_generated/scplad_xcell_k562_all_fixed2000_officialorder_geneplusctrl_v1_official_cell_gat_predict_v1/part02/test_predictions.h5ad
NUP88,2000,3352,outputs/TxPert_generated/scplad_xcell_k562_all_fixed2000_officialorder_geneplusctrl_v1_official_cell_gat_predict_v1/part02/test_predictions.h5ad
NUP98,2000,3352,outputs/TxPert_generated/scplad_xcell_k562_all_fixed2000_officialorder_geneplusctrl_v1_official_cell_gat_predict_v1/part02/test_predictions.h5ad
NUTF2,2000,3352,outputs/TxPert_generated/scplad_xcell_k562_all_fixed2000_officialorder_geneplusctrl_v1_official_cell_gat_predict_v1/part02/test_predictions.h5ad
NVL,2000,3352,outputs/TxPert_generated/scplad_xcell_k562_all_fixed2000_officialorder_geneplusctrl_v1_official_cell_gat_predict_v1/part02/test_predictions.h5ad
OGFOD1,2000,3352,outputs/TxPert_generated/scplad_xcell_k562_all_fixed2000_officialorder_geneplusctrl_v1_official_cell_gat_predict_v1/part02/test_predictions.h5ad
OGT,2000,3352,outputs/TxPert_generated/scplad_xcell_k562_all_fixed2000_officialorder_geneplusctrl_v1_official_cell_gat_predict_v1/part02/test_predictions.h5ad
OPA1,2000,3352,outputs/TxPert_generated/scplad_xcell_k562_all_fixed2000_officialorder_geneplusctrl_v1_official_cell_gat_predict_v1/part02/test_predictions.h5ad
ORC1,2000,3352,outputs/TxPert_generated/scplad_xcell_k562_all_fixed2000_officialorder_geneplusctrl_v1_official_cell_gat_predict_v1/part02/test_predictions.h5ad
ORC5,2000,3352,outputs/TxPert_generated/scplad_xcell_k562_all_fixed2000_officialorder_geneplusctrl_v1_official_cell_gat_predict_v1/part02/test_predictions.h5ad
OXA1L,2000,3352,outputs/TxPert_generated/scplad_xcell_k562_all_fixed2000_officialorder_geneplusctrl_v1_official_cell_gat_predict_v1/part02/test_predictions.h5ad
PABPN1,2000,3352,outputs/TxPert_generated/scplad_xcell_k562_all_fixed2000_officialorder_geneplusctrl_v1_official_cell_gat_predict_v1/part02/test_predictions.h5ad
PAF1,2000,3352,outputs/TxPert_generated/scplad_xcell_k562_all_fixed2000_officialorder_geneplusctrl_v1_official_cell_gat_predict_v1/part02/test_predictions.h5ad
PAM16,2000,3352,outputs/TxPert_generated/scplad_xcell_k562_all_fixed2000_officialorder_geneplusctrl_v1_official_cell_gat_predict_v1/part02/test_predictions.h5ad
PAXBP1,2000,3352,outputs/TxPert_generated/scplad_xcell_k562_all_fixed2000_officialorder_geneplusctrl_v1_official_cell_gat_predict_v1/part02/test_predictions.h5ad
PCBP1,2000,3352,outputs/TxPert_generated/scplad_xcell_k562_all_fixed2000_officialorder_geneplusctrl_v1_official_cell_gat_predict_v1/part02/test_predictions.h5ad
PCF11,2000,3352,outputs/TxPert_generated/scplad_xcell_k562_all_fixed2000_officialorder_geneplusctrl_v1_official_cell_gat_predict_v1/part02/test_predictions.h5ad
PCID2,2000,3352,outputs/TxPert_generated/scplad_xcell_k562_all_fixed2000_officialorder_geneplusctrl_v1_official_cell_gat_predict_v1/part02/test_predictions.h5ad
PCNA,2000,3352,outputs/TxPert_generated/scplad_xcell_k562_all_fixed2000_officialorder_geneplusctrl_v1_official_cell_gat_predict_v1/part02/test_predictions.h5ad
PDAP1,2000,3352,outputs/TxPert_generated/scplad_xcell_k562_all_fixed2000_officialorder_geneplusctrl_v1_official_cell_gat_predict_v1/part02/test_predictions.h5ad
PDCD11,2000,3352,outputs/TxPert_generated/scplad_xcell_k562_all_fixed2000_officialorder_geneplusctrl_v1_official_cell_gat_predict_v1/part02/test_predictions.h5ad
PDCD2,2000,3352,outputs/TxPert_generated/scplad_xcell_k562_all_fixed2000_officialorder_geneplusctrl_v1_official_cell_gat_predict_v1/part02/test_predictions.h5ad
PDCD7,2000,3352,outputs/TxPert_generated/scplad_xcell_k562_all_fixed2000_officialorder_geneplusctrl_v1_official_cell_gat_predict_v1/part02/test_predictions.h5ad
PDRG1,2000,3352,outputs/TxPert_generated/scplad_xcell_k562_all_fixed2000_officialorder_geneplusctrl_v1_official_cell_gat_predict_v1/part02/test_predictions.h5ad
PELO,2000,3352,outputs/TxPert_generated/scplad_xcell_k562_all_fixed2000_officialorder_geneplusctrl_v1_official_cell_gat_predict_v1/part02/test_predictions.h5ad
PELP1,2000,3352,outputs/TxPert_generated/scplad_xcell_k562_all_fixed2000_officialorder_geneplusctrl_v1_official_cell_gat_predict_v1/part02/test_predictions.h5ad
PES1,2000,3352,outputs/TxPert_generated/scplad_xcell_k562_all_fixed2000_officialorder_geneplusctrl_v1_official_cell_gat_predict_v1/part02/test_predictions.h5ad
PET117,2000,3352,outputs/TxPert_generated/scplad_xcell_k562_all_fixed2000_officialorder_geneplusctrl_v1_official_cell_gat_predict_v1/part02/test_predictions.h5ad
PFDN2,2000,3352,outputs/TxPert_generated/scplad_xcell_k562_all_fixed2000_officialorder_geneplusctrl_v1_official_cell_gat_predict_v1/part02/test_predictions.h5ad
PFN1,2000,3352,outputs/TxPert_generated/scplad_xcell_k562_all_fixed2000_officialorder_geneplusctrl_v1_official_cell_gat_predict_v1/part02/test_predictions.h5ad
PGAM1,2000,3352,outputs/TxPert_generated/scplad_xcell_k562_all_fixed2000_officialorder_geneplusctrl_v1_official_cell_gat_predict_v1/part02/test_predictions.h5ad
PGD,2000,3352,outputs/TxPert_generated/scplad_xcell_k562_all_fixed2000_officialorder_geneplusctrl_v1_official_cell_gat_predict_v1/part02/test_predictions.h5ad
PGPEP1,2000,3352,outputs/TxPert_generated/scplad_xcell_k562_all_fixed2000_officialorder_geneplusctrl_v1_official_cell_gat_predict_v1/part02/test_predictions.h5ad
PHAX,2000,3352,outputs/TxPert_generated/scplad_xcell_k562_all_fixed2000_officialorder_geneplusctrl_v1_official_cell_gat_predict_v1/part02/test_predictions.h5ad
PHB,2000,3352,outputs/TxPert_generated/scplad_xcell_k562_all_fixed2000_officialorder_geneplusctrl_v1_official_cell_gat_predict_v1/part02/test_predictions.h5ad
PHB2,2000,3352,outputs/TxPert_generated/scplad_xcell_k562_all_fixed2000_officialorder_geneplusctrl_v1_official_cell_gat_predict_v1/part02/test_predictions.h5ad
PHF5A,2000,3352,outputs/TxPert_generated/scplad_xcell_k562_all_fixed2000_officialorder_geneplusctrl_v1_official_cell_gat_predict_v1/part02/test_predictions.h5ad
PIAS4,2000,3352,outputs/TxPert_generated/scplad_xcell_k562_all_fixed2000_officialorder_geneplusctrl_v1_official_cell_gat_predict_v1/part02/test_predictions.h5ad
PKM,2000,3352,outputs/TxPert_generated/scplad_xcell_k562_all_fixed2000_officialorder_geneplusctrl_v1_official_cell_gat_predict_v1/part02/test_predictions.h5ad
PLRG1,2000,3352,outputs/TxPert_generated/scplad_xcell_k562_all_fixed2000_officialorder_geneplusctrl_v1_official_cell_gat_predict_v1/part02/test_predictions.h5ad
PMF1,2000,3352,outputs/TxPert_generated/scplad_xcell_k562_all_fixed2000_officialorder_geneplusctrl_v1_official_cell_gat_predict_v1/part02/test_predictions.h5ad
PMPCA,2000,3352,outputs/TxPert_generated/scplad_xcell_k562_all_fixed2000_officialorder_geneplusctrl_v1_official_cell_gat_predict_v1/part02/test_predictions.h5ad
PMPCB,2000,3352,outputs/TxPert_generated/scplad_xcell_k562_all_fixed2000_officialorder_geneplusctrl_v1_official_cell_gat_predict_v1/part02/test_predictions.h5ad
PNISR,2000,3352,outputs/TxPert_generated/scplad_xcell_k562_all_fixed2000_officialorder_geneplusctrl_v1_official_cell_gat_predict_v1/part02/test_predictions.h5ad
PNN,2000,3352,outputs/TxPert_generated/scplad_xcell_k562_all_fixed2000_officialorder_geneplusctrl_v1_official_cell_gat_predict_v1/part02/test_predictions.h5ad
PNO1,2000,3352,outputs/TxPert_generated/scplad_xcell_k562_all_fixed2000_officialorder_geneplusctrl_v1_official_cell_gat_predict_v1/part02/test_predictions.h5ad
PNPT1,2000,3352,outputs/TxPert_generated/scplad_xcell_k562_all_fixed2000_officialorder_geneplusctrl_v1_official_cell_gat_predict_v1/part02/test_predictions.h5ad
POLA1,2000,3352,outputs/TxPert_generated/scplad_xcell_k562_all_fixed2000_officialorder_geneplusctrl_v1_official_cell_gat_predict_v1/part02/test_predictions.h5ad
POLA2,2000,3352,outputs/TxPert_generated/scplad_xcell_k562_all_fixed2000_officialorder_geneplusctrl_v1_official_cell_gat_predict_v1/part02/test_predictions.h5ad
POLD1,2000,3352,outputs/TxPert_generated/scplad_xcell_k562_all_fixed2000_officialorder_geneplusctrl_v1_official_cell_gat_predict_v1/part02/test_predictions.h5ad
POLD2,2000,3352,outputs/TxPert_generated/scplad_xcell_k562_all_fixed2000_officialorder_geneplusctrl_v1_official_cell_gat_predict_v1/part02/test_predictions.h5ad
POLD3,2000,3352,outputs/TxPert_generated/scplad_xcell_k562_all_fixed2000_officialorder_geneplusctrl_v1_official_cell_gat_predict_v1/part02/test_predictions.h5ad
POLE,2000,3352,outputs/TxPert_generated/scplad_xcell_k562_all_fixed2000_officialorder_geneplusctrl_v1_official_cell_gat_predict_v1/part02/test_predictions.h5ad
POLR1A,2000,3352,outputs/TxPert_generated/scplad_xcell_k562_all_fixed2000_officialorder_geneplusctrl_v1_official_cell_gat_predict_v1/part02/test_predictions.h5ad
POLR1B,2000,3352,outputs/TxPert_generated/scplad_xcell_k562_all_fixed2000_officialorder_geneplusctrl_v1_official_cell_gat_predict_v1/part02/test_predictions.h5ad
POLR1C,2000,3352,outputs/TxPert_generated/scplad_xcell_k562_all_fixed2000_officialorder_geneplusctrl_v1_official_cell_gat_predict_v1/part02/test_predictions.h5ad
POLR1E,2000,3352,outputs/TxPert_generated/scplad_xcell_k562_all_fixed2000_officialorder_geneplusctrl_v1_official_cell_gat_predict_v1/part02/test_predictions.h5ad
POLR2A,2000,3352,outputs/TxPert_generated/scplad_xcell_k562_all_fixed2000_officialorder_geneplusctrl_v1_official_cell_gat_predict_v1/part02/test_predictions.h5ad
POLR2B,2000,3352,outputs/TxPert_generated/scplad_xcell_k562_all_fixed2000_officialorder_geneplusctrl_v1_official_cell_gat_predict_v1/part02/test_predictions.h5ad
POLR2C,2000,3352,outputs/TxPert_generated/scplad_xcell_k562_all_fixed2000_officialorder_geneplusctrl_v1_official_cell_gat_predict_v1/part02/test_predictions.h5ad
POLR2D,2000,3352,outputs/TxPert_generated/scplad_xcell_k562_all_fixed2000_officialorder_geneplusctrl_v1_official_cell_gat_predict_v1/part02/test_predictions.h5ad
POLR2E,2000,3352,outputs/TxPert_generated/scplad_xcell_k562_all_fixed2000_officialorder_geneplusctrl_v1_official_cell_gat_predict_v1/part02/test_predictions.h5ad
POLR2F,2000,3352,outputs/TxPert_generated/scplad_xcell_k562_all_fixed2000_officialorder_geneplusctrl_v1_official_cell_gat_predict_v1/part02/test_predictions.h5ad
POLR2G,2000,3352,outputs/TxPert_generated/scplad_xcell_k562_all_fixed2000_officialorder_geneplusctrl_v1_official_cell_gat_predict_v1/part02/test_predictions.h5ad
POLR2H,2000,3352,outputs/TxPert_generated/scplad_xcell_k562_all_fixed2000_officialorder_geneplusctrl_v1_official_cell_gat_predict_v1/part02/test_predictions.h5ad
POLR2I,2000,3352,outputs/TxPert_generated/scplad_xcell_k562_all_fixed2000_officialorder_geneplusctrl_v1_official_cell_gat_predict_v1/part02/test_predictions.h5ad
POLR2L,2000,3352,outputs/TxPert_generated/scplad_xcell_k562_all_fixed2000_officialorder_geneplusctrl_v1_official_cell_gat_predict_v1/part02/test_predictions.h5ad
POLR3B,2000,3352,outputs/TxPert_generated/scplad_xcell_k562_all_fixed2000_officialorder_geneplusctrl_v1_official_cell_gat_predict_v1/part02/test_predictions.h5ad
POLR3C,2000,3352,outputs/TxPert_generated/scplad_xcell_k562_all_fixed2000_officialorder_geneplusctrl_v1_official_cell_gat_predict_v1/part02/test_predictions.h5ad
POLR3D,2000,3352,outputs/TxPert_generated/scplad_xcell_k562_all_fixed2000_officialorder_geneplusctrl_v1_official_cell_gat_predict_v1/part02/test_predictions.h5ad
POLR3E,2000,3352,outputs/TxPert_generated/scplad_xcell_k562_all_fixed2000_officialorder_geneplusctrl_v1_official_cell_gat_predict_v1/part02/test_predictions.h5ad
POLR3F,2000,3352,outputs/TxPert_generated/scplad_xcell_k562_all_fixed2000_officialorder_geneplusctrl_v1_official_cell_gat_predict_v1/part02/test_predictions.h5ad
POLRMT,2000,3352,outputs/TxPert_generated/scplad_xcell_k562_all_fixed2000_officialorder_geneplusctrl_v1_official_cell_gat_predict_v1/part02/test_predictions.h5ad
POP1,2000,3352,outputs/TxPert_generated/scplad_xcell_k562_all_fixed2000_officialorder_geneplusctrl_v1_official_cell_gat_predict_v1/part02/test_predictions.h5ad
POP4,2000,3352,outputs/TxPert_generated/scplad_xcell_k562_all_fixed2000_officialorder_geneplusctrl_v1_official_cell_gat_predict_v1/part02/test_predictions.h5ad
POP5,2000,3352,outputs/TxPert_generated/scplad_xcell_k562_all_fixed2000_officialorder_geneplusctrl_v1_official_cell_gat_predict_v1/part02/test_predictions.h5ad
POP7,2000,3352,outputs/TxPert_generated/scplad_xcell_k562_all_fixed2000_officialorder_geneplusctrl_v1_official_cell_gat_predict_v1/part02/test_predictions.h5ad
PPAN,2000,3352,outputs/TxPert_generated/scplad_xcell_k562_all_fixed2000_officialorder_geneplusctrl_v1_official_cell_gat_predict_v1/part02/test_predictions.h5ad
PPARGC1B,2000,3352,outputs/TxPert_generated/scplad_xcell_k562_all_fixed2000_officialorder_geneplusctrl_v1_official_cell_gat_predict_v1/part02/test_predictions.h5ad
PPIE,2000,3352,outputs/TxPert_generated/scplad_xcell_k562_all_fixed2000_officialorder_geneplusctrl_v1_official_cell_gat_predict_v1/part02/test_predictions.h5ad
PPIH,2000,3352,outputs/TxPert_generated/scplad_xcell_k562_all_fixed2000_officialorder_geneplusctrl_v1_official_cell_gat_predict_v1/part02/test_predictions.h5ad
PPIL4,2000,3352,outputs/TxPert_generated/scplad_xcell_k562_all_fixed2000_officialorder_geneplusctrl_v1_official_cell_gat_predict_v1/part02/test_predictions.h5ad
PPP1CA,2000,3352,outputs/TxPert_generated/scplad_xcell_k562_all_fixed2000_officialorder_geneplusctrl_v1_official_cell_gat_predict_v1/part02/test_predictions.h5ad
PPP1R11,2000,3352,outputs/TxPert_generated/scplad_xcell_k562_all_fixed2000_officialorder_geneplusctrl_v1_official_cell_gat_predict_v1/part02/test_predictions.h5ad
PPP1R8,2000,3352,outputs/TxPert_generated/scplad_xcell_k562_all_fixed2000_officialorder_geneplusctrl_v1_official_cell_gat_predict_v1/part02/test_predictions.h5ad
PPP2R1A,2000,3352,outputs/TxPert_generated/scplad_xcell_k562_all_fixed2000_officialorder_geneplusctrl_v1_official_cell_gat_predict_v1/part02/test_predictions.h5ad
PPP4C,2000,3352,outputs/TxPert_generated/scplad_xcell_k562_all_fixed2000_officialorder_geneplusctrl_v1_official_cell_gat_predict_v1/part02/test_predictions.h5ad
PPP4R2,2000,3352,outputs/TxPert_generated/scplad_xcell_k562_all_fixed2000_officialorder_geneplusctrl_v1_official_cell_gat_predict_v1/part02/test_predictions.h5ad
PPRC1,2000,3352,outputs/TxPert_generated/scplad_xcell_k562_all_fixed2000_officialorder_geneplusctrl_v1_official_cell_gat_predict_v1/part02/test_predictions.h5ad
PRELID1,2000,3352,outputs/TxPert_generated/scplad_xcell_k562_all_fixed2000_officialorder_geneplusctrl_v1_official_cell_gat_predict_v1/part02/test_predictions.h5ad
PRELID3B,2000,3352,outputs/TxPert_generated/scplad_xcell_k562_all_fixed2000_officialorder_geneplusctrl_v1_official_cell_gat_predict_v1/part02/test_predictions.h5ad
PRIM1,2000,3352,outputs/TxPert_generated/scplad_xcell_k562_all_fixed2000_officialorder_geneplusctrl_v1_official_cell_gat_predict_v1/part02/test_predictions.h5ad
PRIM2,2000,3352,outputs/TxPert_generated/scplad_xcell_k562_all_fixed2000_officialorder_geneplusctrl_v1_official_cell_gat_predict_v1/part02/test_predictions.h5ad
PRMT1,2000,3352,outputs/TxPert_generated/scplad_xcell_k562_all_fixed2000_officialorder_geneplusctrl_v1_official_cell_gat_predict_v1/part02/test_predictions.h5ad
PRMT5,2000,3352,outputs/TxPert_generated/scplad_xcell_k562_all_fixed2000_officialorder_geneplusctrl_v1_official_cell_gat_predict_v1/part02/test_predictions.h5ad
PRPF18,2000,3352,outputs/TxPert_generated/scplad_xcell_k562_all_fixed2000_officialorder_geneplusctrl_v1_official_cell_gat_predict_v1/part02/test_predictions.h5ad
PRPF19,2000,3352,outputs/TxPert_generated/scplad_xcell_k562_all_fixed2000_officialorder_geneplusctrl_v1_official_cell_gat_predict_v1/part02/test_predictions.h5ad
PRPF3,2000,3352,outputs/TxPert_generated/scplad_xcell_k562_all_fixed2000_officialorder_geneplusctrl_v1_official_cell_gat_predict_v1/part02/test_predictions.h5ad
PRPF31,2000,3352,outputs/TxPert_generated/scplad_xcell_k562_all_fixed2000_officialorder_geneplusctrl_v1_official_cell_gat_predict_v1/part02/test_predictions.h5ad
PRPF4,2000,3352,outputs/TxPert_generated/scplad_xcell_k562_all_fixed2000_officialorder_geneplusctrl_v1_official_cell_gat_predict_v1/part02/test_predictions.h5ad
PRPF40A,2000,3352,outputs/TxPert_generated/scplad_xcell_k562_all_fixed2000_officialorder_geneplusctrl_v1_official_cell_gat_predict_v1/part02/test_predictions.h5ad
PRPF6,2000,3352,outputs/TxPert_generated/scplad_xcell_k562_all_fixed2000_officialorder_geneplusctrl_v1_official_cell_gat_predict_v1/part02/test_predictions.h5ad
PRPF8,2000,3352,outputs/TxPert_generated/scplad_xcell_k562_all_fixed2000_officialorder_geneplusctrl_v1_official_cell_gat_predict_v1/part02/test_predictions.h5ad
PRRC2A,2000,3352,outputs/TxPert_generated/scplad_xcell_k562_all_fixed2000_officialorder_geneplusctrl_v1_official_cell_gat_predict_v1/part02/test_predictions.h5ad
PSMA1,2000,3352,outputs/TxPert_generated/scplad_xcell_k562_all_fixed2000_officialorder_geneplusctrl_v1_official_cell_gat_predict_v1/part02/test_predictions.h5ad
PSMA2,2000,3352,outputs/TxPert_generated/scplad_xcell_k562_all_fixed2000_officialorder_geneplusctrl_v1_official_cell_gat_predict_v1/part02/test_predictions.h5ad
PSMA3,2000,3352,outputs/TxPert_generated/scplad_xcell_k562_all_fixed2000_officialorder_geneplusctrl_v1_official_cell_gat_predict_v1/part02/test_predictions.h5ad
PSMA4,2000,3352,outputs/TxPert_generated/scplad_xcell_k562_all_fixed2000_officialorder_geneplusctrl_v1_official_cell_gat_predict_v1/part02/test_predictions.h5ad
PSMA6,2000,3352,outputs/TxPert_generated/scplad_xcell_k562_all_fixed2000_officialorder_geneplusctrl_v1_official_cell_gat_predict_v1/part02/test_predictions.h5ad
PSMA7,2000,3352,outputs/TxPert_generated/scplad_xcell_k562_all_fixed2000_officialorder_geneplusctrl_v1_official_cell_gat_predict_v1/part02/test_predictions.h5ad
PSMB1,2000,3352,outputs/TxPert_generated/scplad_xcell_k562_all_fixed2000_officialorder_geneplusctrl_v1_official_cell_gat_predict_v1/part02/test_predictions.h5ad
PSMB2,2000,3352,outputs/TxPert_generated/scplad_xcell_k562_all_fixed2000_officialorder_geneplusctrl_v1_official_cell_gat_predict_v1/part02/test_predictions.h5ad
PSMB3,2000,3352,outputs/TxPert_generated/scplad_xcell_k562_all_fixed2000_officialorder_geneplusctrl_v1_official_cell_gat_predict_v1/part02/test_predictions.h5ad
PSMB5,2000,3352,outputs/TxPert_generated/scplad_xcell_k562_all_fixed2000_officialorder_geneplusctrl_v1_official_cell_gat_predict_v1/part02/test_predictions.h5ad
PSMB6,2000,3352,outputs/TxPert_generated/scplad_xcell_k562_all_fixed2000_officialorder_geneplusctrl_v1_official_cell_gat_predict_v1/part02/test_predictions.h5ad
PSMB7,2000,3352,outputs/TxPert_generated/scplad_xcell_k562_all_fixed2000_officialorder_geneplusctrl_v1_official_cell_gat_predict_v1/part02/test_predictions.h5ad
PSMC1,2000,3352,outputs/TxPert_generated/scplad_xcell_k562_all_fixed2000_officialorder_geneplusctrl_v1_official_cell_gat_predict_v1/part02/test_predictions.h5ad
PSMC2,2000,3352,outputs/TxPert_generated/scplad_xcell_k562_all_fixed2000_officialorder_geneplusctrl_v1_official_cell_gat_predict_v1/part02/test_predictions.h5ad
PSMC3,2000,3352,outputs/TxPert_generated/scplad_xcell_k562_all_fixed2000_officialorder_geneplusctrl_v1_official_cell_gat_predict_v1/part02/test_predictions.h5ad
PSMC4,2000,3352,outputs/TxPert_generated/scplad_xcell_k562_all_fixed2000_officialorder_geneplusctrl_v1_official_cell_gat_predict_v1/part02/test_predictions.h5ad
PSMC6,2000,3352,outputs/TxPert_generated/scplad_xcell_k562_all_fixed2000_officialorder_geneplusctrl_v1_official_cell_gat_predict_v1/part02/test_predictions.h5ad
PSMD1,2000,3352,outputs/TxPert_generated/scplad_xcell_k562_all_fixed2000_officialorder_geneplusctrl_v1_official_cell_gat_predict_v1/part02/test_predictions.h5ad
PSMD11,2000,3352,outputs/TxPert_generated/scplad_xcell_k562_all_fixed2000_officialorder_geneplusctrl_v1_official_cell_gat_predict_v1/part02/test_predictions.h5ad
PSMD12,2000,3352,outputs/TxPert_generated/scplad_xcell_k562_all_fixed2000_officialorder_geneplusctrl_v1_official_cell_gat_predict_v1/part02/test_predictions.h5ad
PSMD13,2000,3352,outputs/TxPert_generated/scplad_xcell_k562_all_fixed2000_officialorder_geneplusctrl_v1_official_cell_gat_predict_v1/part02/test_predictions.h5ad
PSMD2,2000,3352,outputs/TxPert_generated/scplad_xcell_k562_all_fixed2000_officialorder_geneplusctrl_v1_official_cell_gat_predict_v1/part02/test_predictions.h5ad
PSMD3,2000,3352,outputs/TxPert_generated/scplad_xcell_k562_all_fixed2000_officialorder_geneplusctrl_v1_official_cell_gat_predict_v1/part02/test_predictions.h5ad
PSMD4,2000,3352,outputs/TxPert_generated/scplad_xcell_k562_all_fixed2000_officialorder_geneplusctrl_v1_official_cell_gat_predict_v1/part02/test_predictions.h5ad
PSMD6,2000,3352,outputs/TxPert_generated/scplad_xcell_k562_all_fixed2000_officialorder_geneplusctrl_v1_official_cell_gat_predict_v1/part02/test_predictions.h5ad
PSMD7,2000,3352,outputs/TxPert_generated/scplad_xcell_k562_all_fixed2000_officialorder_geneplusctrl_v1_official_cell_gat_predict_v1/part02/test_predictions.h5ad
PSMG3,2000,3352,outputs/TxPert_generated/scplad_xcell_k562_all_fixed2000_officialorder_geneplusctrl_v1_official_cell_gat_predict_v1/part02/test_predictions.h5ad
PSMG4,2000,3352,outputs/TxPert_generated/scplad_xcell_k562_all_fixed2000_officialorder_geneplusctrl_v1_official_cell_gat_predict_v1/part02/test_predictions.h5ad
PTBP1,2000,3352,outputs/TxPert_generated/scplad_xcell_k562_all_fixed2000_officialorder_geneplusctrl_v1_official_cell_gat_predict_v1/part02/test_predictions.h5ad
PTCD1,2000,3352,outputs/TxPert_generated/scplad_xcell_k562_all_fixed2000_officialorder_geneplusctrl_v1_official_cell_gat_predict_v1/part02/test_predictions.h5ad
PUF60,2000,3352,outputs/TxPert_generated/scplad_xcell_k562_all_fixed2000_officialorder_geneplusctrl_v1_official_cell_gat_predict_v1/part02/test_predictions.h5ad
PWP2,2000,3352,outputs/TxPert_generated/scplad_xcell_k562_all_fixed2000_officialorder_geneplusctrl_v1_official_cell_gat_predict_v1/part02/test_predictions.h5ad
QARS,2000,3352,outputs/TxPert_generated/scplad_xcell_k562_all_fixed2000_officialorder_geneplusctrl_v1_official_cell_gat_predict_v1/part02/test_predictions.h5ad
RABGGTA,2000,3352,outputs/TxPert_generated/scplad_xcell_k562_all_fixed2000_officialorder_geneplusctrl_v1_official_cell_gat_predict_v1/part02/test_predictions.h5ad
RACGAP1,2000,3352,outputs/TxPert_generated/scplad_xcell_k562_all_fixed2000_officialorder_geneplusctrl_v1_official_cell_gat_predict_v1/part02/test_predictions.h5ad
RAD21,2000,3352,outputs/TxPert_generated/scplad_xcell_k562_all_fixed2000_officialorder_geneplusctrl_v1_official_cell_gat_predict_v1/part02/test_predictions.h5ad
RAD51,2000,3352,outputs/TxPert_generated/scplad_xcell_k562_all_fixed2000_officialorder_geneplusctrl_v1_official_cell_gat_predict_v1/part02/test_predictions.h5ad
RAD51C,2000,3352,outputs/TxPert_generated/scplad_xcell_k562_all_fixed2000_officialorder_geneplusctrl_v1_official_cell_gat_predict_v1/part02/test_predictions.h5ad
RAE1,2000,3352,outputs/TxPert_generated/scplad_xcell_k562_all_fixed2000_officialorder_geneplusctrl_v1_official_cell_gat_predict_v1/part02/test_predictions.h5ad
RAN,2000,3352,outputs/TxPert_generated/scplad_xcell_k562_all_fixed2000_officialorder_geneplusctrl_v1_official_cell_gat_predict_v1/part02/test_predictions.h5ad
RANGAP1,2000,3352,outputs/TxPert_generated/scplad_xcell_k562_all_fixed2000_officialorder_geneplusctrl_v1_official_cell_gat_predict_v1/part02/test_predictions.h5ad
RARS,2000,3352,outputs/TxPert_generated/scplad_xcell_k562_all_fixed2000_officialorder_geneplusctrl_v1_official_cell_gat_predict_v1/part02/test_predictions.h5ad
RARS2,2000,3352,outputs/TxPert_generated/scplad_xcell_k562_all_fixed2000_officialorder_geneplusctrl_v1_official_cell_gat_predict_v1/part02/test_predictions.h5ad
RBBP4,2000,3352,outputs/TxPert_generated/scplad_xcell_k562_all_fixed2000_officialorder_geneplusctrl_v1_official_cell_gat_predict_v1/part02/test_predictions.h5ad
RBBP6,2000,3352,outputs/TxPert_generated/scplad_xcell_k562_all_fixed2000_officialorder_geneplusctrl_v1_official_cell_gat_predict_v1/part02/test_predictions.h5ad
RBBP8,2000,3352,outputs/TxPert_generated/scplad_xcell_k562_all_fixed2000_officialorder_geneplusctrl_v1_official_cell_gat_predict_v1/part02/test_predictions.h5ad
RBM14,2000,3352,outputs/TxPert_generated/scplad_xcell_k562_all_fixed2000_officialorder_geneplusctrl_v1_official_cell_gat_predict_v1/part02/test_predictions.h5ad
RBM17,2000,3352,outputs/TxPert_generated/scplad_xcell_k562_all_fixed2000_officialorder_geneplusctrl_v1_official_cell_gat_predict_v1/part02/test_predictions.h5ad
RBM19,2000,3352,outputs/TxPert_generated/scplad_xcell_k562_all_fixed2000_officialorder_geneplusctrl_v1_official_cell_gat_predict_v1/part02/test_predictions.h5ad
RBM25,2000,3352,outputs/TxPert_generated/scplad_xcell_k562_all_fixed2000_officialorder_geneplusctrl_v1_official_cell_gat_predict_v1/part02/test_predictions.h5ad
RBM28,2000,3352,outputs/TxPert_generated/scplad_xcell_k562_all_fixed2000_officialorder_geneplusctrl_v1_official_cell_gat_predict_v1/part02/test_predictions.h5ad
RBM39,2000,3352,outputs/TxPert_generated/scplad_xcell_k562_all_fixed2000_officialorder_geneplusctrl_v1_official_cell_gat_predict_v1/part02/test_predictions.h5ad
RBM4,2000,3352,outputs/TxPert_generated/scplad_xcell_k562_all_fixed2000_officialorder_geneplusctrl_v1_official_cell_gat_predict_v1/part02/test_predictions.h5ad
RBM42,2000,3352,outputs/TxPert_generated/scplad_xcell_k562_all_fixed2000_officialorder_geneplusctrl_v1_official_cell_gat_predict_v1/part02/test_predictions.h5ad
RBM48,2000,3352,outputs/TxPert_generated/scplad_xcell_k562_all_fixed2000_officialorder_geneplusctrl_v1_official_cell_gat_predict_v1/part02/test_predictions.h5ad
RBM8A,2000,3352,outputs/TxPert_generated/scplad_xcell_k562_all_fixed2000_officialorder_geneplusctrl_v1_official_cell_gat_predict_v1/part02/test_predictions.h5ad
RBMX,2000,3352,outputs/TxPert_generated/scplad_xcell_k562_all_fixed2000_officialorder_geneplusctrl_v1_official_cell_gat_predict_v1/part02/test_predictions.h5ad
RBMX2,2000,3352,outputs/TxPert_generated/scplad_xcell_k562_all_fixed2000_officialorder_geneplusctrl_v1_official_cell_gat_predict_v1/part02/test_predictions.h5ad
RBX1,2000,3352,outputs/TxPert_generated/scplad_xcell_k562_all_fixed2000_officialorder_geneplusctrl_v1_official_cell_gat_predict_v1/part02/test_predictions.h5ad
RCC1,2000,3352,outputs/TxPert_generated/scplad_xcell_k562_all_fixed2000_officialorder_geneplusctrl_v1_official_cell_gat_predict_v1/part02/test_predictions.h5ad
RCL1,2000,3352,outputs/TxPert_generated/scplad_xcell_k562_all_fixed2000_officialorder_geneplusctrl_v1_official_cell_gat_predict_v1/part02/test_predictions.h5ad
REXO2,2000,3352,outputs/TxPert_generated/scplad_xcell_k562_all_fixed2000_officialorder_geneplusctrl_v1_official_cell_gat_predict_v1/part02/test_predictions.h5ad
RFC1,2000,3352,outputs/TxPert_generated/scplad_xcell_k562_all_fixed2000_officialorder_geneplusctrl_v1_official_cell_gat_predict_v1/part02/test_predictions.h5ad
RFC2,2000,3352,outputs/TxPert_generated/scplad_xcell_k562_all_fixed2000_officialorder_geneplusctrl_v1_official_cell_gat_predict_v1/part02/test_predictions.h5ad
RFC3,2000,3352,outputs/TxPert_generated/scplad_xcell_k562_all_fixed2000_officialorder_geneplusctrl_v1_official_cell_gat_predict_v1/part02/test_predictions.h5ad
RFC4,2000,3352,outputs/TxPert_generated/scplad_xcell_k562_all_fixed2000_officialorder_geneplusctrl_v1_official_cell_gat_predict_v1/part02/test_predictions.h5ad
RFC5,2000,3352,outputs/TxPert_generated/scplad_xcell_k562_all_fixed2000_officialorder_geneplusctrl_v1_official_cell_gat_predict_v1/part02/test_predictions.h5ad
RINT1,2000,3352,outputs/TxPert_generated/scplad_xcell_k562_all_fixed2000_officialorder_geneplusctrl_v1_official_cell_gat_predict_v1/part02/test_predictions.h5ad
RIOK1,2000,3352,outputs/TxPert_generated/scplad_xcell_k562_all_fixed2000_officialorder_geneplusctrl_v1_official_cell_gat_predict_v1/part02/test_predictions.h5ad
RIOK2,2000,3352,outputs/TxPert_generated/scplad_xcell_k562_all_fixed2000_officialorder_geneplusctrl_v1_official_cell_gat_predict_v1/part02/test_predictions.h5ad
RMI1,2000,3352,outputs/TxPert_generated/scplad_xcell_k562_all_fixed2000_officialorder_geneplusctrl_v1_official_cell_gat_predict_v1/part02/test_predictions.h5ad
RNASEH2C,2000,3352,outputs/TxPert_generated/scplad_xcell_k562_all_fixed2000_officialorder_geneplusctrl_v1_official_cell_gat_predict_v1/part02/test_predictions.h5ad
RNF113A,2000,3352,outputs/TxPert_generated/scplad_xcell_k562_all_fixed2000_officialorder_geneplusctrl_v1_official_cell_gat_predict_v1/part02/test_predictions.h5ad
RNF20,2000,3352,outputs/TxPert_generated/scplad_xcell_k562_all_fixed2000_officialorder_geneplusctrl_v1_official_cell_gat_predict_v1/part02/test_predictions.h5ad
RNF40,2000,3352,outputs/TxPert_generated/scplad_xcell_k562_all_fixed2000_officialorder_geneplusctrl_v1_official_cell_gat_predict_v1/part02/test_predictions.h5ad
RNGTT,2000,3352,outputs/TxPert_generated/scplad_xcell_k562_all_fixed2000_officialorder_geneplusctrl_v1_official_cell_gat_predict_v1/part02/test_predictions.h5ad
RNMT,2000,3352,outputs/TxPert_generated/scplad_xcell_k562_all_fixed2000_officialorder_geneplusctrl_v1_official_cell_gat_predict_v1/part02/test_predictions.h5ad
RNPC3,2000,3352,outputs/TxPert_generated/scplad_xcell_k562_all_fixed2000_officialorder_geneplusctrl_v1_official_cell_gat_predict_v1/part02/test_predictions.h5ad
RNPS1,2000,3352,outputs/TxPert_generated/scplad_xcell_k562_all_fixed2000_officialorder_geneplusctrl_v1_official_cell_gat_predict_v1/part02/test_predictions.h5ad
ROMO1,2000,3352,outputs/TxPert_generated/scplad_xcell_k562_all_fixed2000_officialorder_geneplusctrl_v1_official_cell_gat_predict_v1/part02/test_predictions.h5ad
RPA1,2000,3352,outputs/TxPert_generated/scplad_xcell_k562_all_fixed2000_officialorder_geneplusctrl_v1_official_cell_gat_predict_v1/part02/test_predictions.h5ad
RPA2,2000,3352,outputs/TxPert_generated/scplad_xcell_k562_all_fixed2000_officialorder_geneplusctrl_v1_official_cell_gat_predict_v1/part02/test_predictions.h5ad
RPA3,2000,3352,outputs/TxPert_generated/scplad_xcell_k562_all_fixed2000_officialorder_geneplusctrl_v1_official_cell_gat_predict_v1/part02/test_predictions.h5ad
RPAP1,2000,3352,outputs/TxPert_generated/scplad_xcell_k562_all_fixed2000_officialorder_geneplusctrl_v1_official_cell_gat_predict_v1/part02/test_predictions.h5ad
RPAP2,2000,3352,outputs/TxPert_generated/scplad_xcell_k562_all_fixed2000_officialorder_geneplusctrl_v1_official_cell_gat_predict_v1/part02/test_predictions.h5ad
RPF1,2000,3352,outputs/TxPert_generated/scplad_xcell_k562_all_fixed2000_officialorder_geneplusctrl_v1_official_cell_gat_predict_v1/part02/test_predictions.h5ad
RPF2,2000,3352,outputs/TxPert_generated/scplad_xcell_k562_all_fixed2000_officialorder_geneplusctrl_v1_official_cell_gat_predict_v1/part02/test_predictions.h5ad
RPL10,2000,3352,outputs/TxPert_generated/scplad_xcell_k562_all_fixed2000_officialorder_geneplusctrl_v1_official_cell_gat_predict_v1/part02/test_predictions.h5ad
RPL10A,2000,3352,outputs/TxPert_generated/scplad_xcell_k562_all_fixed2000_officialorder_geneplusctrl_v1_official_cell_gat_predict_v1/part02/test_predictions.h5ad
RPL11,2000,3352,outputs/TxPert_generated/scplad_xcell_k562_all_fixed2000_officialorder_geneplusctrl_v1_official_cell_gat_predict_v1/part02/test_predictions.h5ad
RPL12,2000,3352,outputs/TxPert_generated/scplad_xcell_k562_all_fixed2000_officialorder_geneplusctrl_v1_official_cell_gat_predict_v1/part02/test_predictions.h5ad
RPL13,2000,3352,outputs/TxPert_generated/scplad_xcell_k562_all_fixed2000_officialorder_geneplusctrl_v1_official_cell_gat_predict_v1/part02/test_predictions.h5ad
RPL13A,2000,3352,outputs/TxPert_generated/scplad_xcell_k562_all_fixed2000_officialorder_geneplusctrl_v1_official_cell_gat_predict_v1/part02/test_predictions.h5ad
RPL14,2000,3352,outputs/TxPert_generated/scplad_xcell_k562_all_fixed2000_officialorder_geneplusctrl_v1_official_cell_gat_predict_v1/part02/test_predictions.h5ad
RPL15,2000,3352,outputs/TxPert_generated/scplad_xcell_k562_all_fixed2000_officialorder_geneplusctrl_v1_official_cell_gat_predict_v1/part02/test_predictions.h5ad
RPL17,2000,3352,outputs/TxPert_generated/scplad_xcell_k562_all_fixed2000_officialorder_geneplusctrl_v1_official_cell_gat_predict_v1/part02/test_predictions.h5ad
RPL18,2000,3352,outputs/TxPert_generated/scplad_xcell_k562_all_fixed2000_officialorder_geneplusctrl_v1_official_cell_gat_predict_v1/part02/test_predictions.h5ad
RPL18A,2000,3352,outputs/TxPert_generated/scplad_xcell_k562_all_fixed2000_officialorder_geneplusctrl_v1_official_cell_gat_predict_v1/part02/test_predictions.h5ad
RPL19,2000,3352,outputs/TxPert_generated/scplad_xcell_k562_all_fixed2000_officialorder_geneplusctrl_v1_official_cell_gat_predict_v1/part02/test_predictions.h5ad
RPL21,2000,3352,outputs/TxPert_generated/scplad_xcell_k562_all_fixed2000_officialorder_geneplusctrl_v1_official_cell_gat_predict_v1/part02/test_predictions.h5ad
RPL23,2000,3352,outputs/TxPert_generated/scplad_xcell_k562_all_fixed2000_officialorder_geneplusctrl_v1_official_cell_gat_predict_v1/part02/test_predictions.h5ad
RPL23A,2000,3352,outputs/TxPert_generated/scplad_xcell_k562_all_fixed2000_officialorder_geneplusctrl_v1_official_cell_gat_predict_v1/part02/test_predictions.h5ad
RPL24,2000,3352,outputs/TxPert_generated/scplad_xcell_k562_all_fixed2000_officialorder_geneplusctrl_v1_official_cell_gat_predict_v1/part02/test_predictions.h5ad
RPL26,2000,3352,outputs/TxPert_generated/scplad_xcell_k562_all_fixed2000_officialorder_geneplusctrl_v1_official_cell_gat_predict_v1/part02/test_predictions.h5ad
RPL27,2000,3352,outputs/TxPert_generated/scplad_xcell_k562_all_fixed2000_officialorder_geneplusctrl_v1_official_cell_gat_predict_v1/part02/test_predictions.h5ad
RPL27A,2000,3352,outputs/TxPert_generated/scplad_xcell_k562_all_fixed2000_officialorder_geneplusctrl_v1_official_cell_gat_predict_v1/part02/test_predictions.h5ad
RPL30,2000,3352,outputs/TxPert_generated/scplad_xcell_k562_all_fixed2000_officialorder_geneplusctrl_v1_official_cell_gat_predict_v1/part02/test_predictions.h5ad
RPL31,2000,3352,outputs/TxPert_generated/scplad_xcell_k562_all_fixed2000_officialorder_geneplusctrl_v1_official_cell_gat_predict_v1/part02/test_predictions.h5ad
RPL32,2000,3352,outputs/TxPert_generated/scplad_xcell_k562_all_fixed2000_officialorder_geneplusctrl_v1_official_cell_gat_predict_v1/part02/test_predictions.h5ad
RPL34,2000,3352,outputs/TxPert_generated/scplad_xcell_k562_all_fixed2000_officialorder_geneplusctrl_v1_official_cell_gat_predict_v1/part02/test_predictions.h5ad
RPL35,2000,3352,outputs/TxPert_generated/scplad_xcell_k562_all_fixed2000_officialorder_geneplusctrl_v1_official_cell_gat_predict_v1/part02/test_predictions.h5ad
RPL35A,2000,3352,outputs/TxPert_generated/scplad_xcell_k562_all_fixed2000_officialorder_geneplusctrl_v1_official_cell_gat_predict_v1/part02/test_predictions.h5ad
RPL36,2000,3352,outputs/TxPert_generated/scplad_xcell_k562_all_fixed2000_officialorder_geneplusctrl_v1_official_cell_gat_predict_v1/part02/test_predictions.h5ad
RPL36A,2000,3352,outputs/TxPert_generated/scplad_xcell_k562_all_fixed2000_officialorder_geneplusctrl_v1_official_cell_gat_predict_v1/part02/test_predictions.h5ad
RPL37,2000,3352,outputs/TxPert_generated/scplad_xcell_k562_all_fixed2000_officialorder_geneplusctrl_v1_official_cell_gat_predict_v1/part02/test_predictions.h5ad
RPL37A,2000,3352,outputs/TxPert_generated/scplad_xcell_k562_all_fixed2000_officialorder_geneplusctrl_v1_official_cell_gat_predict_v1/part02/test_predictions.h5ad
RPL38,2000,3352,outputs/TxPert_generated/scplad_xcell_k562_all_fixed2000_officialorder_geneplusctrl_v1_official_cell_gat_predict_v1/part02/test_predictions.h5ad
RPL39,2000,3352,outputs/TxPert_generated/scplad_xcell_k562_all_fixed2000_officialorder_geneplusctrl_v1_official_cell_gat_predict_v1/part02/test_predictions.h5ad
RPL4,2000,3352,outputs/TxPert_generated/scplad_xcell_k562_all_fixed2000_officialorder_geneplusctrl_v1_official_cell_gat_predict_v1/part02/test_predictions.h5ad
RPL5,2000,3352,outputs/TxPert_generated/scplad_xcell_k562_all_fixed2000_officialorder_geneplusctrl_v1_official_cell_gat_predict_v1/part02/test_predictions.h5ad
RPL6,2000,3352,outputs/TxPert_generated/scplad_xcell_k562_all_fixed2000_officialorder_geneplusctrl_v1_official_cell_gat_predict_v1/part02/test_predictions.h5ad
RPL7,2000,3352,outputs/TxPert_generated/scplad_xcell_k562_all_fixed2000_officialorder_geneplusctrl_v1_official_cell_gat_predict_v1/part02/test_predictions.h5ad
RPL7L1,2000,3352,outputs/TxPert_generated/scplad_xcell_k562_all_fixed2000_officialorder_geneplusctrl_v1_official_cell_gat_predict_v1/part02/test_predictions.h5ad
RPL8,2000,3352,outputs/TxPert_generated/scplad_xcell_k562_all_fixed2000_officialorder_geneplusctrl_v1_official_cell_gat_predict_v1/part02/test_predictions.h5ad
RPL9,2000,3352,outputs/TxPert_generated/scplad_xcell_k562_all_fixed2000_officialorder_geneplusctrl_v1_official_cell_gat_predict_v1/part02/test_predictions.h5ad
RPLP0,2000,3352,outputs/TxPert_generated/scplad_xcell_k562_all_fixed2000_officialorder_geneplusctrl_v1_official_cell_gat_predict_v1/part02/test_predictions.h5ad
RPLP1,2000,3352,outputs/TxPert_generated/scplad_xcell_k562_all_fixed2000_officialorder_geneplusctrl_v1_official_cell_gat_predict_v1/part02/test_predictions.h5ad
RPLP2,2000,3352,outputs/TxPert_generated/scplad_xcell_k562_all_fixed2000_officialorder_geneplusctrl_v1_official_cell_gat_predict_v1/part02/test_predictions.h5ad
RPP14,2000,3352,outputs/TxPert_generated/scplad_xcell_k562_all_fixed2000_officialorder_geneplusctrl_v1_official_cell_gat_predict_v1/part02/test_predictions.h5ad
RPP30,2000,3352,outputs/TxPert_generated/scplad_xcell_k562_all_fixed2000_officialorder_geneplusctrl_v1_official_cell_gat_predict_v1/part02/test_predictions.h5ad
RPP38,2000,3352,outputs/TxPert_generated/scplad_xcell_k562_all_fixed2000_officialorder_geneplusctrl_v1_official_cell_gat_predict_v1/part02/test_predictions.h5ad
RPP40,2000,3352,outputs/TxPert_generated/scplad_xcell_k562_all_fixed2000_officialorder_geneplusctrl_v1_official_cell_gat_predict_v1/part02/test_predictions.h5ad
RPS10,2000,3352,outputs/TxPert_generated/scplad_xcell_k562_all_fixed2000_officialorder_geneplusctrl_v1_official_cell_gat_predict_v1/part02/test_predictions.h5ad
RPS11,2000,3352,outputs/TxPert_generated/scplad_xcell_k562_all_fixed2000_officialorder_geneplusctrl_v1_official_cell_gat_predict_v1/part02/test_predictions.h5ad
RPS12,2000,3352,outputs/TxPert_generated/scplad_xcell_k562_all_fixed2000_officialorder_geneplusctrl_v1_official_cell_gat_predict_v1/part02/test_predictions.h5ad
RPS13,2000,3352,outputs/TxPert_generated/scplad_xcell_k562_all_fixed2000_officialorder_geneplusctrl_v1_official_cell_gat_predict_v1/part02/test_predictions.h5ad
RPS14,2000,3352,outputs/TxPert_generated/scplad_xcell_k562_all_fixed2000_officialorder_geneplusctrl_v1_official_cell_gat_predict_v1/part02/test_predictions.h5ad
RPS15,2000,3352,outputs/TxPert_generated/scplad_xcell_k562_all_fixed2000_officialorder_geneplusctrl_v1_official_cell_gat_predict_v1/part02/test_predictions.h5ad
RPS15A,2000,3352,outputs/TxPert_generated/scplad_xcell_k562_all_fixed2000_officialorder_geneplusctrl_v1_official_cell_gat_predict_v1/part02/test_predictions.h5ad
RPS16,2000,3352,outputs/TxPert_generated/scplad_xcell_k562_all_fixed2000_officialorder_geneplusctrl_v1_official_cell_gat_predict_v1/part02/test_predictions.h5ad
RPS17,2000,3352,outputs/TxPert_generated/scplad_xcell_k562_all_fixed2000_officialorder_geneplusctrl_v1_official_cell_gat_predict_v1/part02/test_predictions.h5ad
RPS18,2000,3352,outputs/TxPert_generated/scplad_xcell_k562_all_fixed2000_officialorder_geneplusctrl_v1_official_cell_gat_predict_v1/part02/test_predictions.h5ad
RPS19,2000,3352,outputs/TxPert_generated/scplad_xcell_k562_all_fixed2000_officialorder_geneplusctrl_v1_official_cell_gat_predict_v1/part02/test_predictions.h5ad
RPS19BP1,2000,3352,outputs/TxPert_generated/scplad_xcell_k562_all_fixed2000_officialorder_geneplusctrl_v1_official_cell_gat_predict_v1/part02/test_predictions.h5ad
RPS2,2000,3352,outputs/TxPert_generated/scplad_xcell_k562_all_fixed2000_officialorder_geneplusctrl_v1_official_cell_gat_predict_v1/part02/test_predictions.h5ad
RPS20,2000,3352,outputs/TxPert_generated/scplad_xcell_k562_all_fixed2000_officialorder_geneplusctrl_v1_official_cell_gat_predict_v1/part02/test_predictions.h5ad
RPS21,2000,3352,outputs/TxPert_generated/scplad_xcell_k562_all_fixed2000_officialorder_geneplusctrl_v1_official_cell_gat_predict_v1/part02/test_predictions.h5ad
RPS23,2000,3352,outputs/TxPert_generated/scplad_xcell_k562_all_fixed2000_officialorder_geneplusctrl_v1_official_cell_gat_predict_v1/part02/test_predictions.h5ad
RPS24,2000,3352,outputs/TxPert_generated/scplad_xcell_k562_all_fixed2000_officialorder_geneplusctrl_v1_official_cell_gat_predict_v1/part02/test_predictions.h5ad
RPS26,2000,3352,outputs/TxPert_generated/scplad_xcell_k562_all_fixed2000_officialorder_geneplusctrl_v1_official_cell_gat_predict_v1/part02/test_predictions.h5ad
RPS27,2000,3352,outputs/TxPert_generated/scplad_xcell_k562_all_fixed2000_officialorder_geneplusctrl_v1_official_cell_gat_predict_v1/part02/test_predictions.h5ad
RPS27A,2000,3352,outputs/TxPert_generated/scplad_xcell_k562_all_fixed2000_officialorder_geneplusctrl_v1_official_cell_gat_predict_v1/part02/test_predictions.h5ad
RPS28,2000,3352,outputs/TxPert_generated/scplad_xcell_k562_all_fixed2000_officialorder_geneplusctrl_v1_official_cell_gat_predict_v1/part03/test_predictions.h5ad
RPS29,2000,3352,outputs/TxPert_generated/scplad_xcell_k562_all_fixed2000_officialorder_geneplusctrl_v1_official_cell_gat_predict_v1/part03/test_predictions.h5ad
RPS3,2000,3352,outputs/TxPert_generated/scplad_xcell_k562_all_fixed2000_officialorder_geneplusctrl_v1_official_cell_gat_predict_v1/part03/test_predictions.h5ad
RPS3A,2000,3352,outputs/TxPert_generated/scplad_xcell_k562_all_fixed2000_officialorder_geneplusctrl_v1_official_cell_gat_predict_v1/part03/test_predictions.h5ad
RPS4X,2000,3352,outputs/TxPert_generated/scplad_xcell_k562_all_fixed2000_officialorder_geneplusctrl_v1_official_cell_gat_predict_v1/part03/test_predictions.h5ad
RPS5,2000,3352,outputs/TxPert_generated/scplad_xcell_k562_all_fixed2000_officialorder_geneplusctrl_v1_official_cell_gat_predict_v1/part03/test_predictions.h5ad
RPS6,2000,3352,outputs/TxPert_generated/scplad_xcell_k562_all_fixed2000_officialorder_geneplusctrl_v1_official_cell_gat_predict_v1/part03/test_predictions.h5ad
RPS7,2000,3352,outputs/TxPert_generated/scplad_xcell_k562_all_fixed2000_officialorder_geneplusctrl_v1_official_cell_gat_predict_v1/part03/test_predictions.h5ad
RPS9,2000,3352,outputs/TxPert_generated/scplad_xcell_k562_all_fixed2000_officialorder_geneplusctrl_v1_official_cell_gat_predict_v1/part03/test_predictions.h5ad
RPSA,2000,3352,outputs/TxPert_generated/scplad_xcell_k562_all_fixed2000_officialorder_geneplusctrl_v1_official_cell_gat_predict_v1/part03/test_predictions.h5ad
RPTOR,2000,3352,outputs/TxPert_generated/scplad_xcell_k562_all_fixed2000_officialorder_geneplusctrl_v1_official_cell_gat_predict_v1/part03/test_predictions.h5ad
RPUSD4,2000,3352,outputs/TxPert_generated/scplad_xcell_k562_all_fixed2000_officialorder_geneplusctrl_v1_official_cell_gat_predict_v1/part03/test_predictions.h5ad
RRM1,2000,3352,outputs/TxPert_generated/scplad_xcell_k562_all_fixed2000_officialorder_geneplusctrl_v1_official_cell_gat_predict_v1/part03/test_predictions.h5ad
RRN3,2000,3352,outputs/TxPert_generated/scplad_xcell_k562_all_fixed2000_officialorder_geneplusctrl_v1_official_cell_gat_predict_v1/part03/test_predictions.h5ad
RRP1,2000,3352,outputs/TxPert_generated/scplad_xcell_k562_all_fixed2000_officialorder_geneplusctrl_v1_official_cell_gat_predict_v1/part03/test_predictions.h5ad
RRP12,2000,3352,outputs/TxPert_generated/scplad_xcell_k562_all_fixed2000_officialorder_geneplusctrl_v1_official_cell_gat_predict_v1/part03/test_predictions.h5ad
RRP7A,2000,3352,outputs/TxPert_generated/scplad_xcell_k562_all_fixed2000_officialorder_geneplusctrl_v1_official_cell_gat_predict_v1/part03/test_predictions.h5ad
RRP9,2000,3352,outputs/TxPert_generated/scplad_xcell_k562_all_fixed2000_officialorder_geneplusctrl_v1_official_cell_gat_predict_v1/part03/test_predictions.h5ad
RRS1,2000,3352,outputs/TxPert_generated/scplad_xcell_k562_all_fixed2000_officialorder_geneplusctrl_v1_official_cell_gat_predict_v1/part03/test_predictions.h5ad
RSL1D1,2000,3352,outputs/TxPert_generated/scplad_xcell_k562_all_fixed2000_officialorder_geneplusctrl_v1_official_cell_gat_predict_v1/part03/test_predictions.h5ad
RSL24D1,2000,3352,outputs/TxPert_generated/scplad_xcell_k562_all_fixed2000_officialorder_geneplusctrl_v1_official_cell_gat_predict_v1/part03/test_predictions.h5ad
RTCB,2000,3352,outputs/TxPert_generated/scplad_xcell_k562_all_fixed2000_officialorder_geneplusctrl_v1_official_cell_gat_predict_v1/part03/test_predictions.h5ad
RTF1,2000,3352,outputs/TxPert_generated/scplad_xcell_k562_all_fixed2000_officialorder_geneplusctrl_v1_official_cell_gat_predict_v1/part03/test_predictions.h5ad
RUVBL1,2000,3352,outputs/TxPert_generated/scplad_xcell_k562_all_fixed2000_officialorder_geneplusctrl_v1_official_cell_gat_predict_v1/part03/test_predictions.h5ad
SAE1,2000,3352,outputs/TxPert_generated/scplad_xcell_k562_all_fixed2000_officialorder_geneplusctrl_v1_official_cell_gat_predict_v1/part03/test_predictions.h5ad
SAMM50,2000,3352,outputs/TxPert_generated/scplad_xcell_k562_all_fixed2000_officialorder_geneplusctrl_v1_official_cell_gat_predict_v1/part03/test_predictions.h5ad
SAP130,2000,3352,outputs/TxPert_generated/scplad_xcell_k562_all_fixed2000_officialorder_geneplusctrl_v1_official_cell_gat_predict_v1/part03/test_predictions.h5ad
SAP18,2000,3352,outputs/TxPert_generated/scplad_xcell_k562_all_fixed2000_officialorder_geneplusctrl_v1_official_cell_gat_predict_v1/part03/test_predictions.h5ad
SARS,2000,3352,outputs/TxPert_generated/scplad_xcell_k562_all_fixed2000_officialorder_geneplusctrl_v1_official_cell_gat_predict_v1/part03/test_predictions.h5ad
SARS2,2000,3352,outputs/TxPert_generated/scplad_xcell_k562_all_fixed2000_officialorder_geneplusctrl_v1_official_cell_gat_predict_v1/part03/test_predictions.h5ad
SART1,2000,3352,outputs/TxPert_generated/scplad_xcell_k562_all_fixed2000_officialorder_geneplusctrl_v1_official_cell_gat_predict_v1/part03/test_predictions.h5ad
SART3,2000,3352,outputs/TxPert_generated/scplad_xcell_k562_all_fixed2000_officialorder_geneplusctrl_v1_official_cell_gat_predict_v1/part03/test_predictions.h5ad
SBNO1,2000,3352,outputs/TxPert_generated/scplad_xcell_k562_all_fixed2000_officialorder_geneplusctrl_v1_official_cell_gat_predict_v1/part03/test_predictions.h5ad
SCAF1,2000,3352,outputs/TxPert_generated/scplad_xcell_k562_all_fixed2000_officialorder_geneplusctrl_v1_official_cell_gat_predict_v1/part03/test_predictions.h5ad
SCFD1,2000,3352,outputs/TxPert_generated/scplad_xcell_k562_all_fixed2000_officialorder_geneplusctrl_v1_official_cell_gat_predict_v1/part03/test_predictions.h5ad
SDAD1,2000,3352,outputs/TxPert_generated/scplad_xcell_k562_all_fixed2000_officialorder_geneplusctrl_v1_official_cell_gat_predict_v1/part03/test_predictions.h5ad
SDC1,2000,3352,outputs/TxPert_generated/scplad_xcell_k562_all_fixed2000_officialorder_geneplusctrl_v1_official_cell_gat_predict_v1/part03/test_predictions.h5ad
SDE2,2000,3352,outputs/TxPert_generated/scplad_xcell_k562_all_fixed2000_officialorder_geneplusctrl_v1_official_cell_gat_predict_v1/part03/test_predictions.h5ad
SDHC,2000,3352,outputs/TxPert_generated/scplad_xcell_k562_all_fixed2000_officialorder_geneplusctrl_v1_official_cell_gat_predict_v1/part03/test_predictions.h5ad
SEC13,2000,3352,outputs/TxPert_generated/scplad_xcell_k562_all_fixed2000_officialorder_geneplusctrl_v1_official_cell_gat_predict_v1/part03/test_predictions.h5ad
SEC61A1,2000,3352,outputs/TxPert_generated/scplad_xcell_k562_all_fixed2000_officialorder_geneplusctrl_v1_official_cell_gat_predict_v1/part03/test_predictions.h5ad
SEC61G,2000,3352,outputs/TxPert_generated/scplad_xcell_k562_all_fixed2000_officialorder_geneplusctrl_v1_official_cell_gat_predict_v1/part03/test_predictions.h5ad
SEH1L,2000,3352,outputs/TxPert_generated/scplad_xcell_k562_all_fixed2000_officialorder_geneplusctrl_v1_official_cell_gat_predict_v1/part03/test_predictions.h5ad
SERBP1,2000,3352,outputs/TxPert_generated/scplad_xcell_k562_all_fixed2000_officialorder_geneplusctrl_v1_official_cell_gat_predict_v1/part03/test_predictions.h5ad
SETD1A,2000,3352,outputs/TxPert_generated/scplad_xcell_k562_all_fixed2000_officialorder_geneplusctrl_v1_official_cell_gat_predict_v1/part03/test_predictions.h5ad
SETDB1,2000,3352,outputs/TxPert_generated/scplad_xcell_k562_all_fixed2000_officialorder_geneplusctrl_v1_official_cell_gat_predict_v1/part03/test_predictions.h5ad
SF1,2000,3352,outputs/TxPert_generated/scplad_xcell_k562_all_fixed2000_officialorder_geneplusctrl_v1_official_cell_gat_predict_v1/part03/test_predictions.h5ad
SF3A1,2000,3352,outputs/TxPert_generated/scplad_xcell_k562_all_fixed2000_officialorder_geneplusctrl_v1_official_cell_gat_predict_v1/part03/test_predictions.h5ad
SF3A2,2000,3352,outputs/TxPert_generated/scplad_xcell_k562_all_fixed2000_officialorder_geneplusctrl_v1_official_cell_gat_predict_v1/part03/test_predictions.h5ad
SF3B2,2000,3352,outputs/TxPert_generated/scplad_xcell_k562_all_fixed2000_officialorder_geneplusctrl_v1_official_cell_gat_predict_v1/part03/test_predictions.h5ad
SF3B3,2000,3352,outputs/TxPert_generated/scplad_xcell_k562_all_fixed2000_officialorder_geneplusctrl_v1_official_cell_gat_predict_v1/part03/test_predictions.h5ad
SF3B4,2000,3352,outputs/TxPert_generated/scplad_xcell_k562_all_fixed2000_officialorder_geneplusctrl_v1_official_cell_gat_predict_v1/part03/test_predictions.h5ad
SF3B5,2000,3352,outputs/TxPert_generated/scplad_xcell_k562_all_fixed2000_officialorder_geneplusctrl_v1_official_cell_gat_predict_v1/part03/test_predictions.h5ad
SFPQ,2000,3352,outputs/TxPert_generated/scplad_xcell_k562_all_fixed2000_officialorder_geneplusctrl_v1_official_cell_gat_predict_v1/part03/test_predictions.h5ad
SFSWAP,2000,3352,outputs/TxPert_generated/scplad_xcell_k562_all_fixed2000_officialorder_geneplusctrl_v1_official_cell_gat_predict_v1/part03/test_predictions.h5ad
SIN3A,2000,3352,outputs/TxPert_generated/scplad_xcell_k562_all_fixed2000_officialorder_geneplusctrl_v1_official_cell_gat_predict_v1/part03/test_predictions.h5ad
SKA3,2000,3352,outputs/TxPert_generated/scplad_xcell_k562_all_fixed2000_officialorder_geneplusctrl_v1_official_cell_gat_predict_v1/part03/test_predictions.h5ad
SKP1,2000,3352,outputs/TxPert_generated/scplad_xcell_k562_all_fixed2000_officialorder_geneplusctrl_v1_official_cell_gat_predict_v1/part03/test_predictions.h5ad
SLBP,2000,3352,outputs/TxPert_generated/scplad_xcell_k562_all_fixed2000_officialorder_geneplusctrl_v1_official_cell_gat_predict_v1/part03/test_predictions.h5ad
SLC39A9,2000,3352,outputs/TxPert_generated/scplad_xcell_k562_all_fixed2000_officialorder_geneplusctrl_v1_official_cell_gat_predict_v1/part03/test_predictions.h5ad
SLC7A5,2000,3352,outputs/TxPert_generated/scplad_xcell_k562_all_fixed2000_officialorder_geneplusctrl_v1_official_cell_gat_predict_v1/part03/test_predictions.h5ad
SLC7A6OS,2000,3352,outputs/TxPert_generated/scplad_xcell_k562_all_fixed2000_officialorder_geneplusctrl_v1_official_cell_gat_predict_v1/part03/test_predictions.h5ad
SLU7,2000,3352,outputs/TxPert_generated/scplad_xcell_k562_all_fixed2000_officialorder_geneplusctrl_v1_official_cell_gat_predict_v1/part03/test_predictions.h5ad
SMARCB1,2000,3352,outputs/TxPert_generated/scplad_xcell_k562_all_fixed2000_officialorder_geneplusctrl_v1_official_cell_gat_predict_v1/part03/test_predictions.h5ad
SMC1A,2000,3352,outputs/TxPert_generated/scplad_xcell_k562_all_fixed2000_officialorder_geneplusctrl_v1_official_cell_gat_predict_v1/part03/test_predictions.h5ad
SMC2,2000,3352,outputs/TxPert_generated/scplad_xcell_k562_all_fixed2000_officialorder_geneplusctrl_v1_official_cell_gat_predict_v1/part03/test_predictions.h5ad
SMC3,2000,3352,outputs/TxPert_generated/scplad_xcell_k562_all_fixed2000_officialorder_geneplusctrl_v1_official_cell_gat_predict_v1/part03/test_predictions.h5ad
SMC4,2000,3352,outputs/TxPert_generated/scplad_xcell_k562_all_fixed2000_officialorder_geneplusctrl_v1_official_cell_gat_predict_v1/part03/test_predictions.h5ad
SMG5,2000,3352,outputs/TxPert_generated/scplad_xcell_k562_all_fixed2000_officialorder_geneplusctrl_v1_official_cell_gat_predict_v1/part03/test_predictions.h5ad
SMN2,2000,3352,outputs/TxPert_generated/scplad_xcell_k562_all_fixed2000_officialorder_geneplusctrl_v1_official_cell_gat_predict_v1/part03/test_predictions.h5ad
SMU1,2000,3352,outputs/TxPert_generated/scplad_xcell_k562_all_fixed2000_officialorder_geneplusctrl_v1_official_cell_gat_predict_v1/part03/test_predictions.h5ad
SNAPC1,2000,3352,outputs/TxPert_generated/scplad_xcell_k562_all_fixed2000_officialorder_geneplusctrl_v1_official_cell_gat_predict_v1/part03/test_predictions.h5ad
SNAPC2,2000,3352,outputs/TxPert_generated/scplad_xcell_k562_all_fixed2000_officialorder_geneplusctrl_v1_official_cell_gat_predict_v1/part03/test_predictions.h5ad
SNAPC3,2000,3352,outputs/TxPert_generated/scplad_xcell_k562_all_fixed2000_officialorder_geneplusctrl_v1_official_cell_gat_predict_v1/part03/test_predictions.h5ad
SNAPC5,2000,3352,outputs/TxPert_generated/scplad_xcell_k562_all_fixed2000_officialorder_geneplusctrl_v1_official_cell_gat_predict_v1/part03/test_predictions.h5ad
SNIP1,2000,3352,outputs/TxPert_generated/scplad_xcell_k562_all_fixed2000_officialorder_geneplusctrl_v1_official_cell_gat_predict_v1/part03/test_predictions.h5ad
SNRNP200,2000,3352,outputs/TxPert_generated/scplad_xcell_k562_all_fixed2000_officialorder_geneplusctrl_v1_official_cell_gat_predict_v1/part03/test_predictions.h5ad
SNRNP25,2000,3352,outputs/TxPert_generated/scplad_xcell_k562_all_fixed2000_officialorder_geneplusctrl_v1_official_cell_gat_predict_v1/part03/test_predictions.h5ad
SNRNP27,2000,3352,outputs/TxPert_generated/scplad_xcell_k562_all_fixed2000_officialorder_geneplusctrl_v1_official_cell_gat_predict_v1/part03/test_predictions.h5ad
SNRNP35,2000,3352,outputs/TxPert_generated/scplad_xcell_k562_all_fixed2000_officialorder_geneplusctrl_v1_official_cell_gat_predict_v1/part03/test_predictions.h5ad
SNRNP48,2000,3352,outputs/TxPert_generated/scplad_xcell_k562_all_fixed2000_officialorder_geneplusctrl_v1_official_cell_gat_predict_v1/part03/test_predictions.h5ad
SNRNP70,2000,3352,outputs/TxPert_generated/scplad_xcell_k562_all_fixed2000_officialorder_geneplusctrl_v1_official_cell_gat_predict_v1/part03/test_predictions.h5ad
SNRPA1,2000,3352,outputs/TxPert_generated/scplad_xcell_k562_all_fixed2000_officialorder_geneplusctrl_v1_official_cell_gat_predict_v1/part03/test_predictions.h5ad
SNRPB,2000,3352,outputs/TxPert_generated/scplad_xcell_k562_all_fixed2000_officialorder_geneplusctrl_v1_official_cell_gat_predict_v1/part03/test_predictions.h5ad
SNRPC,2000,3352,outputs/TxPert_generated/scplad_xcell_k562_all_fixed2000_officialorder_geneplusctrl_v1_official_cell_gat_predict_v1/part03/test_predictions.h5ad
SNRPD1,2000,3352,outputs/TxPert_generated/scplad_xcell_k562_all_fixed2000_officialorder_geneplusctrl_v1_official_cell_gat_predict_v1/part03/test_predictions.h5ad
SNRPD3,2000,3352,outputs/TxPert_generated/scplad_xcell_k562_all_fixed2000_officialorder_geneplusctrl_v1_official_cell_gat_predict_v1/part03/test_predictions.h5ad
SNRPE,2000,3352,outputs/TxPert_generated/scplad_xcell_k562_all_fixed2000_officialorder_geneplusctrl_v1_official_cell_gat_predict_v1/part03/test_predictions.h5ad
SNRPF,2000,3352,outputs/TxPert_generated/scplad_xcell_k562_all_fixed2000_officialorder_geneplusctrl_v1_official_cell_gat_predict_v1/part03/test_predictions.h5ad
SNRPG,2000,3352,outputs/TxPert_generated/scplad_xcell_k562_all_fixed2000_officialorder_geneplusctrl_v1_official_cell_gat_predict_v1/part03/test_predictions.h5ad
SNW1,2000,3352,outputs/TxPert_generated/scplad_xcell_k562_all_fixed2000_officialorder_geneplusctrl_v1_official_cell_gat_predict_v1/part03/test_predictions.h5ad
SON,2000,3352,outputs/TxPert_generated/scplad_xcell_k562_all_fixed2000_officialorder_geneplusctrl_v1_official_cell_gat_predict_v1/part03/test_predictions.h5ad
SPC24,2000,3352,outputs/TxPert_generated/scplad_xcell_k562_all_fixed2000_officialorder_geneplusctrl_v1_official_cell_gat_predict_v1/part03/test_predictions.h5ad
SPC25,2000,3352,outputs/TxPert_generated/scplad_xcell_k562_all_fixed2000_officialorder_geneplusctrl_v1_official_cell_gat_predict_v1/part03/test_predictions.h5ad
SPCS3,2000,3352,outputs/TxPert_generated/scplad_xcell_k562_all_fixed2000_officialorder_geneplusctrl_v1_official_cell_gat_predict_v1/part03/test_predictions.h5ad
SRBD1,2000,3352,outputs/TxPert_generated/scplad_xcell_k562_all_fixed2000_officialorder_geneplusctrl_v1_official_cell_gat_predict_v1/part03/test_predictions.h5ad
SRFBP1,2000,3352,outputs/TxPert_generated/scplad_xcell_k562_all_fixed2000_officialorder_geneplusctrl_v1_official_cell_gat_predict_v1/part03/test_predictions.h5ad
SRP54,2000,3352,outputs/TxPert_generated/scplad_xcell_k562_all_fixed2000_officialorder_geneplusctrl_v1_official_cell_gat_predict_v1/part03/test_predictions.h5ad
SRP68,2000,3352,outputs/TxPert_generated/scplad_xcell_k562_all_fixed2000_officialorder_geneplusctrl_v1_official_cell_gat_predict_v1/part03/test_predictions.h5ad
SRP72,2000,3352,outputs/TxPert_generated/scplad_xcell_k562_all_fixed2000_officialorder_geneplusctrl_v1_official_cell_gat_predict_v1/part03/test_predictions.h5ad
SRPRB,2000,3352,outputs/TxPert_generated/scplad_xcell_k562_all_fixed2000_officialorder_geneplusctrl_v1_official_cell_gat_predict_v1/part03/test_predictions.h5ad
SRRM1,2000,3352,outputs/TxPert_generated/scplad_xcell_k562_all_fixed2000_officialorder_geneplusctrl_v1_official_cell_gat_predict_v1/part03/test_predictions.h5ad
SRRM2,2000,3352,outputs/TxPert_generated/scplad_xcell_k562_all_fixed2000_officialorder_geneplusctrl_v1_official_cell_gat_predict_v1/part03/test_predictions.h5ad
SRRT,2000,3352,outputs/TxPert_generated/scplad_xcell_k562_all_fixed2000_officialorder_geneplusctrl_v1_official_cell_gat_predict_v1/part03/test_predictions.h5ad
SRSF1,2000,3352,outputs/TxPert_generated/scplad_xcell_k562_all_fixed2000_officialorder_geneplusctrl_v1_official_cell_gat_predict_v1/part03/test_predictions.h5ad
SRSF10,2000,3352,outputs/TxPert_generated/scplad_xcell_k562_all_fixed2000_officialorder_geneplusctrl_v1_official_cell_gat_predict_v1/part03/test_predictions.h5ad
SRSF11,2000,3352,outputs/TxPert_generated/scplad_xcell_k562_all_fixed2000_officialorder_geneplusctrl_v1_official_cell_gat_predict_v1/part03/test_predictions.h5ad
SRSF2,2000,3352,outputs/TxPert_generated/scplad_xcell_k562_all_fixed2000_officialorder_geneplusctrl_v1_official_cell_gat_predict_v1/part03/test_predictions.h5ad
SRSF3,2000,3352,outputs/TxPert_generated/scplad_xcell_k562_all_fixed2000_officialorder_geneplusctrl_v1_official_cell_gat_predict_v1/part03/test_predictions.h5ad
SRSF7,2000,3352,outputs/TxPert_generated/scplad_xcell_k562_all_fixed2000_officialorder_geneplusctrl_v1_official_cell_gat_predict_v1/part03/test_predictions.h5ad
SS18L2,2000,3352,outputs/TxPert_generated/scplad_xcell_k562_all_fixed2000_officialorder_geneplusctrl_v1_official_cell_gat_predict_v1/part03/test_predictions.h5ad
SSBP1,2000,3352,outputs/TxPert_generated/scplad_xcell_k562_all_fixed2000_officialorder_geneplusctrl_v1_official_cell_gat_predict_v1/part03/test_predictions.h5ad
SSRP1,2000,3352,outputs/TxPert_generated/scplad_xcell_k562_all_fixed2000_officialorder_geneplusctrl_v1_official_cell_gat_predict_v1/part03/test_predictions.h5ad
SSU72,2000,3352,outputs/TxPert_generated/scplad_xcell_k562_all_fixed2000_officialorder_geneplusctrl_v1_official_cell_gat_predict_v1/part03/test_predictions.h5ad
STARD7,2000,3352,outputs/TxPert_generated/scplad_xcell_k562_all_fixed2000_officialorder_geneplusctrl_v1_official_cell_gat_predict_v1/part03/test_predictions.h5ad
STRAP,2000,3352,outputs/TxPert_generated/scplad_xcell_k562_all_fixed2000_officialorder_geneplusctrl_v1_official_cell_gat_predict_v1/part03/test_predictions.h5ad
SUGP1,2000,3352,outputs/TxPert_generated/scplad_xcell_k562_all_fixed2000_officialorder_geneplusctrl_v1_official_cell_gat_predict_v1/part03/test_predictions.h5ad
SUGT1,2000,3352,outputs/TxPert_generated/scplad_xcell_k562_all_fixed2000_officialorder_geneplusctrl_v1_official_cell_gat_predict_v1/part03/test_predictions.h5ad
SUPT16H,2000,3352,outputs/TxPert_generated/scplad_xcell_k562_all_fixed2000_officialorder_geneplusctrl_v1_official_cell_gat_predict_v1/part03/test_predictions.h5ad
SUPT4H1,2000,3352,outputs/TxPert_generated/scplad_xcell_k562_all_fixed2000_officialorder_geneplusctrl_v1_official_cell_gat_predict_v1/part03/test_predictions.h5ad
SUPT5H,2000,3352,outputs/TxPert_generated/scplad_xcell_k562_all_fixed2000_officialorder_geneplusctrl_v1_official_cell_gat_predict_v1/part03/test_predictions.h5ad
SUPT6H,2000,3352,outputs/TxPert_generated/scplad_xcell_k562_all_fixed2000_officialorder_geneplusctrl_v1_official_cell_gat_predict_v1/part03/test_predictions.h5ad
SUPV3L1,2000,3352,outputs/TxPert_generated/scplad_xcell_k562_all_fixed2000_officialorder_geneplusctrl_v1_official_cell_gat_predict_v1/part03/test_predictions.h5ad
SURF6,2000,3352,outputs/TxPert_generated/scplad_xcell_k562_all_fixed2000_officialorder_geneplusctrl_v1_official_cell_gat_predict_v1/part03/test_predictions.h5ad
SYF2,2000,3352,outputs/TxPert_generated/scplad_xcell_k562_all_fixed2000_officialorder_geneplusctrl_v1_official_cell_gat_predict_v1/part03/test_predictions.h5ad
SYMPK,2000,3352,outputs/TxPert_generated/scplad_xcell_k562_all_fixed2000_officialorder_geneplusctrl_v1_official_cell_gat_predict_v1/part03/test_predictions.h5ad
TADA3,2000,3352,outputs/TxPert_generated/scplad_xcell_k562_all_fixed2000_officialorder_geneplusctrl_v1_official_cell_gat_predict_v1/part03/test_predictions.h5ad
TAF1,2000,3352,outputs/TxPert_generated/scplad_xcell_k562_all_fixed2000_officialorder_geneplusctrl_v1_official_cell_gat_predict_v1/part03/test_predictions.h5ad
TAF10,2000,3352,outputs/TxPert_generated/scplad_xcell_k562_all_fixed2000_officialorder_geneplusctrl_v1_official_cell_gat_predict_v1/part03/test_predictions.h5ad
TAF12,2000,3352,outputs/TxPert_generated/scplad_xcell_k562_all_fixed2000_officialorder_geneplusctrl_v1_official_cell_gat_predict_v1/part03/test_predictions.h5ad
TAF1C,2000,3352,outputs/TxPert_generated/scplad_xcell_k562_all_fixed2000_officialorder_geneplusctrl_v1_official_cell_gat_predict_v1/part03/test_predictions.h5ad
TAF1D,2000,3352,outputs/TxPert_generated/scplad_xcell_k562_all_fixed2000_officialorder_geneplusctrl_v1_official_cell_gat_predict_v1/part03/test_predictions.h5ad
TAF2,2000,3352,outputs/TxPert_generated/scplad_xcell_k562_all_fixed2000_officialorder_geneplusctrl_v1_official_cell_gat_predict_v1/part03/test_predictions.h5ad
TAF5,2000,3352,outputs/TxPert_generated/scplad_xcell_k562_all_fixed2000_officialorder_geneplusctrl_v1_official_cell_gat_predict_v1/part03/test_predictions.h5ad
TAF6,2000,3352,outputs/TxPert_generated/scplad_xcell_k562_all_fixed2000_officialorder_geneplusctrl_v1_official_cell_gat_predict_v1/part03/test_predictions.h5ad
TAF7,2000,3352,outputs/TxPert_generated/scplad_xcell_k562_all_fixed2000_officialorder_geneplusctrl_v1_official_cell_gat_predict_v1/part03/test_predictions.h5ad
TAF8,2000,3352,outputs/TxPert_generated/scplad_xcell_k562_all_fixed2000_officialorder_geneplusctrl_v1_official_cell_gat_predict_v1/part03/test_predictions.h5ad
TANGO6,2000,3352,outputs/TxPert_generated/scplad_xcell_k562_all_fixed2000_officialorder_geneplusctrl_v1_official_cell_gat_predict_v1/part03/test_predictions.h5ad
TARS,2000,3352,outputs/TxPert_generated/scplad_xcell_k562_all_fixed2000_officialorder_geneplusctrl_v1_official_cell_gat_predict_v1/part03/test_predictions.h5ad
TBCB,2000,3352,outputs/TxPert_generated/scplad_xcell_k562_all_fixed2000_officialorder_geneplusctrl_v1_official_cell_gat_predict_v1/part03/test_predictions.h5ad
TBL3,2000,3352,outputs/TxPert_generated/scplad_xcell_k562_all_fixed2000_officialorder_geneplusctrl_v1_official_cell_gat_predict_v1/part03/test_predictions.h5ad
TBP,2000,3352,outputs/TxPert_generated/scplad_xcell_k562_all_fixed2000_officialorder_geneplusctrl_v1_official_cell_gat_predict_v1/part03/test_predictions.h5ad
TCERG1,2000,3352,outputs/TxPert_generated/scplad_xcell_k562_all_fixed2000_officialorder_geneplusctrl_v1_official_cell_gat_predict_v1/part03/test_predictions.h5ad
TCOF1,2000,3352,outputs/TxPert_generated/scplad_xcell_k562_all_fixed2000_officialorder_geneplusctrl_v1_official_cell_gat_predict_v1/part03/test_predictions.h5ad
TCP1,2000,3352,outputs/TxPert_generated/scplad_xcell_k562_all_fixed2000_officialorder_geneplusctrl_v1_official_cell_gat_predict_v1/part03/test_predictions.h5ad
TEFM,2000,3352,outputs/TxPert_generated/scplad_xcell_k562_all_fixed2000_officialorder_geneplusctrl_v1_official_cell_gat_predict_v1/part03/test_predictions.h5ad
TELO2,2000,3352,outputs/TxPert_generated/scplad_xcell_k562_all_fixed2000_officialorder_geneplusctrl_v1_official_cell_gat_predict_v1/part03/test_predictions.h5ad
TERF2,2000,3352,outputs/TxPert_generated/scplad_xcell_k562_all_fixed2000_officialorder_geneplusctrl_v1_official_cell_gat_predict_v1/part03/test_predictions.h5ad
TEX10,2000,3352,outputs/TxPert_generated/scplad_xcell_k562_all_fixed2000_officialorder_geneplusctrl_v1_official_cell_gat_predict_v1/part03/test_predictions.h5ad
TFDP1,2000,3352,outputs/TxPert_generated/scplad_xcell_k562_all_fixed2000_officialorder_geneplusctrl_v1_official_cell_gat_predict_v1/part03/test_predictions.h5ad
TFIP11,2000,3352,outputs/TxPert_generated/scplad_xcell_k562_all_fixed2000_officialorder_geneplusctrl_v1_official_cell_gat_predict_v1/part03/test_predictions.h5ad
THAP1,2000,3352,outputs/TxPert_generated/scplad_xcell_k562_all_fixed2000_officialorder_geneplusctrl_v1_official_cell_gat_predict_v1/part03/test_predictions.h5ad
THAP11,2000,3352,outputs/TxPert_generated/scplad_xcell_k562_all_fixed2000_officialorder_geneplusctrl_v1_official_cell_gat_predict_v1/part03/test_predictions.h5ad
THG1L,2000,3352,outputs/TxPert_generated/scplad_xcell_k562_all_fixed2000_officialorder_geneplusctrl_v1_official_cell_gat_predict_v1/part03/test_predictions.h5ad
THOC1,2000,3352,outputs/TxPert_generated/scplad_xcell_k562_all_fixed2000_officialorder_geneplusctrl_v1_official_cell_gat_predict_v1/part03/test_predictions.h5ad
THOC2,2000,3352,outputs/TxPert_generated/scplad_xcell_k562_all_fixed2000_officialorder_geneplusctrl_v1_official_cell_gat_predict_v1/part03/test_predictions.h5ad
THOC3,2000,3352,outputs/TxPert_generated/scplad_xcell_k562_all_fixed2000_officialorder_geneplusctrl_v1_official_cell_gat_predict_v1/part03/test_predictions.h5ad
THOC5,2000,3352,outputs/TxPert_generated/scplad_xcell_k562_all_fixed2000_officialorder_geneplusctrl_v1_official_cell_gat_predict_v1/part03/test_predictions.h5ad
THOC6,2000,3352,outputs/TxPert_generated/scplad_xcell_k562_all_fixed2000_officialorder_geneplusctrl_v1_official_cell_gat_predict_v1/part03/test_predictions.h5ad
THOC7,2000,3352,outputs/TxPert_generated/scplad_xcell_k562_all_fixed2000_officialorder_geneplusctrl_v1_official_cell_gat_predict_v1/part03/test_predictions.h5ad
TICRR,2000,3352,outputs/TxPert_generated/scplad_xcell_k562_all_fixed2000_officialorder_geneplusctrl_v1_official_cell_gat_predict_v1/part03/test_predictions.h5ad
TIMM13,2000,3352,outputs/TxPert_generated/scplad_xcell_k562_all_fixed2000_officialorder_geneplusctrl_v1_official_cell_gat_predict_v1/part03/test_predictions.h5ad
TIMM23B,2000,3352,outputs/TxPert_generated/scplad_xcell_k562_all_fixed2000_officialorder_geneplusctrl_v1_official_cell_gat_predict_v1/part03/test_predictions.h5ad
TIMM44,2000,3352,outputs/TxPert_generated/scplad_xcell_k562_all_fixed2000_officialorder_geneplusctrl_v1_official_cell_gat_predict_v1/part03/test_predictions.h5ad
TIMM9,2000,3352,outputs/TxPert_generated/scplad_xcell_k562_all_fixed2000_officialorder_geneplusctrl_v1_official_cell_gat_predict_v1/part03/test_predictions.h5ad
TMA16,2000,3352,outputs/TxPert_generated/scplad_xcell_k562_all_fixed2000_officialorder_geneplusctrl_v1_official_cell_gat_predict_v1/part03/test_predictions.h5ad
TMSB10,2000,3352,outputs/TxPert_generated/scplad_xcell_k562_all_fixed2000_officialorder_geneplusctrl_v1_official_cell_gat_predict_v1/part03/test_predictions.h5ad
TMX2,2000,3352,outputs/TxPert_generated/scplad_xcell_k562_all_fixed2000_officialorder_geneplusctrl_v1_official_cell_gat_predict_v1/part03/test_predictions.h5ad
TNPO3,2000,3352,outputs/TxPert_generated/scplad_xcell_k562_all_fixed2000_officialorder_geneplusctrl_v1_official_cell_gat_predict_v1/part03/test_predictions.h5ad
TOMM22,2000,3352,outputs/TxPert_generated/scplad_xcell_k562_all_fixed2000_officialorder_geneplusctrl_v1_official_cell_gat_predict_v1/part03/test_predictions.h5ad
TOMM40,2000,3352,outputs/TxPert_generated/scplad_xcell_k562_all_fixed2000_officialorder_geneplusctrl_v1_official_cell_gat_predict_v1/part03/test_predictions.h5ad
TOP1,2000,3352,outputs/TxPert_generated/scplad_xcell_k562_all_fixed2000_officialorder_geneplusctrl_v1_official_cell_gat_predict_v1/part03/test_predictions.h5ad
TPR,2000,3352,outputs/TxPert_generated/scplad_xcell_k562_all_fixed2000_officialorder_geneplusctrl_v1_official_cell_gat_predict_v1/part03/test_predictions.h5ad
TPX2,2000,3352,outputs/TxPert_generated/scplad_xcell_k562_all_fixed2000_officialorder_geneplusctrl_v1_official_cell_gat_predict_v1/part03/test_predictions.h5ad
TRA2B,2000,3352,outputs/TxPert_generated/scplad_xcell_k562_all_fixed2000_officialorder_geneplusctrl_v1_official_cell_gat_predict_v1/part03/test_predictions.h5ad
TREX2,2000,3352,outputs/TxPert_generated/scplad_xcell_k562_all_fixed2000_officialorder_geneplusctrl_v1_official_cell_gat_predict_v1/part03/test_predictions.h5ad
TRMT10C,2000,3352,outputs/TxPert_generated/scplad_xcell_k562_all_fixed2000_officialorder_geneplusctrl_v1_official_cell_gat_predict_v1/part03/test_predictions.h5ad
TRMT112,2000,3352,outputs/TxPert_generated/scplad_xcell_k562_all_fixed2000_officialorder_geneplusctrl_v1_official_cell_gat_predict_v1/part03/test_predictions.h5ad
TRMT5,2000,3352,outputs/TxPert_generated/scplad_xcell_k562_all_fixed2000_officialorder_geneplusctrl_v1_official_cell_gat_predict_v1/part03/test_predictions.h5ad
TRPM7,2000,3352,outputs/TxPert_generated/scplad_xcell_k562_all_fixed2000_officialorder_geneplusctrl_v1_official_cell_gat_predict_v1/part03/test_predictions.h5ad
TRRAP,2000,3352,outputs/TxPert_generated/scplad_xcell_k562_all_fixed2000_officialorder_geneplusctrl_v1_official_cell_gat_predict_v1/part03/test_predictions.h5ad
TSEN2,2000,3352,outputs/TxPert_generated/scplad_xcell_k562_all_fixed2000_officialorder_geneplusctrl_v1_official_cell_gat_predict_v1/part03/test_predictions.h5ad
TSG101,2000,3352,outputs/TxPert_generated/scplad_xcell_k562_all_fixed2000_officialorder_geneplusctrl_v1_official_cell_gat_predict_v1/part03/test_predictions.h5ad
TSR1,2000,3352,outputs/TxPert_generated/scplad_xcell_k562_all_fixed2000_officialorder_geneplusctrl_v1_official_cell_gat_predict_v1/part03/test_predictions.h5ad
TSR2,2000,3352,outputs/TxPert_generated/scplad_xcell_k562_all_fixed2000_officialorder_geneplusctrl_v1_official_cell_gat_predict_v1/part03/test_predictions.h5ad
TTC27,2000,3352,outputs/TxPert_generated/scplad_xcell_k562_all_fixed2000_officialorder_geneplusctrl_v1_official_cell_gat_predict_v1/part03/test_predictions.h5ad
TTI1,2000,3352,outputs/TxPert_generated/scplad_xcell_k562_all_fixed2000_officialorder_geneplusctrl_v1_official_cell_gat_predict_v1/part03/test_predictions.h5ad
TTK,2000,3352,outputs/TxPert_generated/scplad_xcell_k562_all_fixed2000_officialorder_geneplusctrl_v1_official_cell_gat_predict_v1/part03/test_predictions.h5ad
TUBGCP2,2000,3352,outputs/TxPert_generated/scplad_xcell_k562_all_fixed2000_officialorder_geneplusctrl_v1_official_cell_gat_predict_v1/part03/test_predictions.h5ad
TUT1,2000,3352,outputs/TxPert_generated/scplad_xcell_k562_all_fixed2000_officialorder_geneplusctrl_v1_official_cell_gat_predict_v1/part03/test_predictions.h5ad
TWISTNB,2000,3352,outputs/TxPert_generated/scplad_xcell_k562_all_fixed2000_officialorder_geneplusctrl_v1_official_cell_gat_predict_v1/part03/test_predictions.h5ad
TXN,2000,3352,outputs/TxPert_generated/scplad_xcell_k562_all_fixed2000_officialorder_geneplusctrl_v1_official_cell_gat_predict_v1/part03/test_predictions.h5ad
TXNL4A,2000,3352,outputs/TxPert_generated/scplad_xcell_k562_all_fixed2000_officialorder_geneplusctrl_v1_official_cell_gat_predict_v1/part03/test_predictions.h5ad
U2AF1,2000,3352,outputs/TxPert_generated/scplad_xcell_k562_all_fixed2000_officialorder_geneplusctrl_v1_official_cell_gat_predict_v1/part03/test_predictions.h5ad
U2AF2,2000,3352,outputs/TxPert_generated/scplad_xcell_k562_all_fixed2000_officialorder_geneplusctrl_v1_official_cell_gat_predict_v1/part03/test_predictions.h5ad
U2SURP,2000,3352,outputs/TxPert_generated/scplad_xcell_k562_all_fixed2000_officialorder_geneplusctrl_v1_official_cell_gat_predict_v1/part03/test_predictions.h5ad
UBA1,2000,3352,outputs/TxPert_generated/scplad_xcell_k562_all_fixed2000_officialorder_geneplusctrl_v1_official_cell_gat_predict_v1/part03/test_predictions.h5ad
UBA2,2000,3352,outputs/TxPert_generated/scplad_xcell_k562_all_fixed2000_officialorder_geneplusctrl_v1_official_cell_gat_predict_v1/part03/test_predictions.h5ad
UBA3,2000,3352,outputs/TxPert_generated/scplad_xcell_k562_all_fixed2000_officialorder_geneplusctrl_v1_official_cell_gat_predict_v1/part03/test_predictions.h5ad
UBA52,2000,3352,outputs/TxPert_generated/scplad_xcell_k562_all_fixed2000_officialorder_geneplusctrl_v1_official_cell_gat_predict_v1/part03/test_predictions.h5ad
UBAP1,2000,3352,outputs/TxPert_generated/scplad_xcell_k562_all_fixed2000_officialorder_geneplusctrl_v1_official_cell_gat_predict_v1/part03/test_predictions.h5ad
UBE2I,2000,3352,outputs/TxPert_generated/scplad_xcell_k562_all_fixed2000_officialorder_geneplusctrl_v1_official_cell_gat_predict_v1/part03/test_predictions.h5ad
UBL5,2000,3352,outputs/TxPert_generated/scplad_xcell_k562_all_fixed2000_officialorder_geneplusctrl_v1_official_cell_gat_predict_v1/part03/test_predictions.h5ad
UBQLN4,2000,3352,outputs/TxPert_generated/scplad_xcell_k562_all_fixed2000_officialorder_geneplusctrl_v1_official_cell_gat_predict_v1/part03/test_predictions.h5ad
UFL1,2000,3352,outputs/TxPert_generated/scplad_xcell_k562_all_fixed2000_officialorder_geneplusctrl_v1_official_cell_gat_predict_v1/part03/test_predictions.h5ad
UFM1,2000,3352,outputs/TxPert_generated/scplad_xcell_k562_all_fixed2000_officialorder_geneplusctrl_v1_official_cell_gat_predict_v1/part03/test_predictions.h5ad
UPF1,2000,3352,outputs/TxPert_generated/scplad_xcell_k562_all_fixed2000_officialorder_geneplusctrl_v1_official_cell_gat_predict_v1/part03/test_predictions.h5ad
UPF2,2000,3352,outputs/TxPert_generated/scplad_xcell_k562_all_fixed2000_officialorder_geneplusctrl_v1_official_cell_gat_predict_v1/part03/test_predictions.h5ad
UQCC2,2000,3352,outputs/TxPert_generated/scplad_xcell_k562_all_fixed2000_officialorder_geneplusctrl_v1_official_cell_gat_predict_v1/part03/test_predictions.h5ad
UQCRB,2000,3352,outputs/TxPert_generated/scplad_xcell_k562_all_fixed2000_officialorder_geneplusctrl_v1_official_cell_gat_predict_v1/part03/test_predictions.h5ad
UQCRC2,2000,3352,outputs/TxPert_generated/scplad_xcell_k562_all_fixed2000_officialorder_geneplusctrl_v1_official_cell_gat_predict_v1/part03/test_predictions.h5ad
UQCRFS1,2000,3352,outputs/TxPert_generated/scplad_xcell_k562_all_fixed2000_officialorder_geneplusctrl_v1_official_cell_gat_predict_v1/part03/test_predictions.h5ad
UQCRQ,2000,3352,outputs/TxPert_generated/scplad_xcell_k562_all_fixed2000_officialorder_geneplusctrl_v1_official_cell_gat_predict_v1/part03/test_predictions.h5ad
URB2,2000,3352,outputs/TxPert_generated/scplad_xcell_k562_all_fixed2000_officialorder_geneplusctrl_v1_official_cell_gat_predict_v1/part03/test_predictions.h5ad
URI1,2000,3352,outputs/TxPert_generated/scplad_xcell_k562_all_fixed2000_officialorder_geneplusctrl_v1_official_cell_gat_predict_v1/part03/test_predictions.h5ad
USP36,2000,3352,outputs/TxPert_generated/scplad_xcell_k562_all_fixed2000_officialorder_geneplusctrl_v1_official_cell_gat_predict_v1/part03/test_predictions.h5ad
USP39,2000,3352,outputs/TxPert_generated/scplad_xcell_k562_all_fixed2000_officialorder_geneplusctrl_v1_official_cell_gat_predict_v1/part03/test_predictions.h5ad
USP5,2000,3352,outputs/TxPert_generated/scplad_xcell_k562_all_fixed2000_officialorder_geneplusctrl_v1_official_cell_gat_predict_v1/part03/test_predictions.h5ad
USPL1,2000,3352,outputs/TxPert_generated/scplad_xcell_k562_all_fixed2000_officialorder_geneplusctrl_v1_official_cell_gat_predict_v1/part03/test_predictions.h5ad
UTP15,2000,3352,outputs/TxPert_generated/scplad_xcell_k562_all_fixed2000_officialorder_geneplusctrl_v1_official_cell_gat_predict_v1/part03/test_predictions.h5ad
UTP18,2000,3352,outputs/TxPert_generated/scplad_xcell_k562_all_fixed2000_officialorder_geneplusctrl_v1_official_cell_gat_predict_v1/part03/test_predictions.h5ad
UTP20,2000,3352,outputs/TxPert_generated/scplad_xcell_k562_all_fixed2000_officialorder_geneplusctrl_v1_official_cell_gat_predict_v1/part03/test_predictions.h5ad
UTP23,2000,3352,outputs/TxPert_generated/scplad_xcell_k562_all_fixed2000_officialorder_geneplusctrl_v1_official_cell_gat_predict_v1/part03/test_predictions.h5ad
UTP3,2000,3352,outputs/TxPert_generated/scplad_xcell_k562_all_fixed2000_officialorder_geneplusctrl_v1_official_cell_gat_predict_v1/part03/test_predictions.h5ad
UTP6,2000,3352,outputs/TxPert_generated/scplad_xcell_k562_all_fixed2000_officialorder_geneplusctrl_v1_official_cell_gat_predict_v1/part03/test_predictions.h5ad
UXT,2000,3352,outputs/TxPert_generated/scplad_xcell_k562_all_fixed2000_officialorder_geneplusctrl_v1_official_cell_gat_predict_v1/part03/test_predictions.h5ad
VARS,2000,3352,outputs/TxPert_generated/scplad_xcell_k562_all_fixed2000_officialorder_geneplusctrl_v1_official_cell_gat_predict_v1/part03/test_predictions.h5ad
VPS28,2000,3352,outputs/TxPert_generated/scplad_xcell_k562_all_fixed2000_officialorder_geneplusctrl_v1_official_cell_gat_predict_v1/part03/test_predictions.h5ad
VPS29,2000,3352,outputs/TxPert_generated/scplad_xcell_k562_all_fixed2000_officialorder_geneplusctrl_v1_official_cell_gat_predict_v1/part03/test_predictions.h5ad
VPS35,2000,3352,outputs/TxPert_generated/scplad_xcell_k562_all_fixed2000_officialorder_geneplusctrl_v1_official_cell_gat_predict_v1/part03/test_predictions.h5ad
VPS54,2000,3352,outputs/TxPert_generated/scplad_xcell_k562_all_fixed2000_officialorder_geneplusctrl_v1_official_cell_gat_predict_v1/part03/test_predictions.h5ad
VPS72,2000,3352,outputs/TxPert_generated/scplad_xcell_k562_all_fixed2000_officialorder_geneplusctrl_v1_official_cell_gat_predict_v1/part03/test_predictions.h5ad
WAC,2000,3352,outputs/TxPert_generated/scplad_xcell_k562_all_fixed2000_officialorder_geneplusctrl_v1_official_cell_gat_predict_v1/part03/test_predictions.h5ad
WBP11,2000,3352,outputs/TxPert_generated/scplad_xcell_k562_all_fixed2000_officialorder_geneplusctrl_v1_official_cell_gat_predict_v1/part03/test_predictions.h5ad
WDHD1,2000,3352,outputs/TxPert_generated/scplad_xcell_k562_all_fixed2000_officialorder_geneplusctrl_v1_official_cell_gat_predict_v1/part03/test_predictions.h5ad
WDR12,2000,3352,outputs/TxPert_generated/scplad_xcell_k562_all_fixed2000_officialorder_geneplusctrl_v1_official_cell_gat_predict_v1/part03/test_predictions.h5ad
WDR24,2000,3352,outputs/TxPert_generated/scplad_xcell_k562_all_fixed2000_officialorder_geneplusctrl_v1_official_cell_gat_predict_v1/part03/test_predictions.h5ad
WDR3,2000,3352,outputs/TxPert_generated/scplad_xcell_k562_all_fixed2000_officialorder_geneplusctrl_v1_official_cell_gat_predict_v1/part03/test_predictions.h5ad
WDR33,2000,3352,outputs/TxPert_generated/scplad_xcell_k562_all_fixed2000_officialorder_geneplusctrl_v1_official_cell_gat_predict_v1/part03/test_predictions.h5ad
WDR36,2000,3352,outputs/TxPert_generated/scplad_xcell_k562_all_fixed2000_officialorder_geneplusctrl_v1_official_cell_gat_predict_v1/part03/test_predictions.h5ad
WDR43,2000,3352,outputs/TxPert_generated/scplad_xcell_k562_all_fixed2000_officialorder_geneplusctrl_v1_official_cell_gat_predict_v1/part03/test_predictions.h5ad
WDR46,2000,3352,outputs/TxPert_generated/scplad_xcell_k562_all_fixed2000_officialorder_geneplusctrl_v1_official_cell_gat_predict_v1/part03/test_predictions.h5ad
WDR5,2000,3352,outputs/TxPert_generated/scplad_xcell_k562_all_fixed2000_officialorder_geneplusctrl_v1_official_cell_gat_predict_v1/part03/test_predictions.h5ad
WDR55,2000,3352,outputs/TxPert_generated/scplad_xcell_k562_all_fixed2000_officialorder_geneplusctrl_v1_official_cell_gat_predict_v1/part03/test_predictions.h5ad
WDR61,2000,3352,outputs/TxPert_generated/scplad_xcell_k562_all_fixed2000_officialorder_geneplusctrl_v1_official_cell_gat_predict_v1/part03/test_predictions.h5ad
WDR70,2000,3352,outputs/TxPert_generated/scplad_xcell_k562_all_fixed2000_officialorder_geneplusctrl_v1_official_cell_gat_predict_v1/part03/test_predictions.h5ad
WDR74,2000,3352,outputs/TxPert_generated/scplad_xcell_k562_all_fixed2000_officialorder_geneplusctrl_v1_official_cell_gat_predict_v1/part03/test_predictions.h5ad
WDR75,2000,3352,outputs/TxPert_generated/scplad_xcell_k562_all_fixed2000_officialorder_geneplusctrl_v1_official_cell_gat_predict_v1/part03/test_predictions.h5ad
WDR82,2000,3352,outputs/TxPert_generated/scplad_xcell_k562_all_fixed2000_officialorder_geneplusctrl_v1_official_cell_gat_predict_v1/part03/test_predictions.h5ad
WDTC1,2000,3352,outputs/TxPert_generated/scplad_xcell_k562_all_fixed2000_officialorder_geneplusctrl_v1_official_cell_gat_predict_v1/part03/test_predictions.h5ad
XAB2,2000,3352,outputs/TxPert_generated/scplad_xcell_k562_all_fixed2000_officialorder_geneplusctrl_v1_official_cell_gat_predict_v1/part03/test_predictions.h5ad
XPO1,2000,3352,outputs/TxPert_generated/scplad_xcell_k562_all_fixed2000_officialorder_geneplusctrl_v1_official_cell_gat_predict_v1/part03/test_predictions.h5ad
XRCC5,2000,3352,outputs/TxPert_generated/scplad_xcell_k562_all_fixed2000_officialorder_geneplusctrl_v1_official_cell_gat_predict_v1/part03/test_predictions.h5ad
XRCC6,2000,3352,outputs/TxPert_generated/scplad_xcell_k562_all_fixed2000_officialorder_geneplusctrl_v1_official_cell_gat_predict_v1/part03/test_predictions.h5ad
XRN2,2000,3352,outputs/TxPert_generated/scplad_xcell_k562_all_fixed2000_officialorder_geneplusctrl_v1_official_cell_gat_predict_v1/part03/test_predictions.h5ad
YEATS2,2000,3352,outputs/TxPert_generated/scplad_xcell_k562_all_fixed2000_officialorder_geneplusctrl_v1_official_cell_gat_predict_v1/part03/test_predictions.h5ad
YEATS4,2000,3352,outputs/TxPert_generated/scplad_xcell_k562_all_fixed2000_officialorder_geneplusctrl_v1_official_cell_gat_predict_v1/part03/test_predictions.h5ad
YTHDC1,2000,3352,outputs/TxPert_generated/scplad_xcell_k562_all_fixed2000_officialorder_geneplusctrl_v1_official_cell_gat_predict_v1/part03/test_predictions.h5ad
ZBTB17,2000,3352,outputs/TxPert_generated/scplad_xcell_k562_all_fixed2000_officialorder_geneplusctrl_v1_official_cell_gat_predict_v1/part03/test_predictions.h5ad
ZC3H18,2000,3352,outputs/TxPert_generated/scplad_xcell_k562_all_fixed2000_officialorder_geneplusctrl_v1_official_cell_gat_predict_v1/part03/test_predictions.h5ad
ZCCHC9,2000,3352,outputs/TxPert_generated/scplad_xcell_k562_all_fixed2000_officialorder_geneplusctrl_v1_official_cell_gat_predict_v1/part03/test_predictions.h5ad
ZCRB1,2000,3352,outputs/TxPert_generated/scplad_xcell_k562_all_fixed2000_officialorder_geneplusctrl_v1_official_cell_gat_predict_v1/part03/test_predictions.h5ad
ZFC3H1,2000,3352,outputs/TxPert_generated/scplad_xcell_k562_all_fixed2000_officialorder_geneplusctrl_v1_official_cell_gat_predict_v1/part03/test_predictions.h5ad
ZMAT2,2000,3352,outputs/TxPert_generated/scplad_xcell_k562_all_fixed2000_officialorder_geneplusctrl_v1_official_cell_gat_predict_v1/part03/test_predictions.h5ad
ZMAT5,2000,3352,outputs/TxPert_generated/scplad_xcell_k562_all_fixed2000_officialorder_geneplusctrl_v1_official_cell_gat_predict_v1/part03/test_predictions.h5ad
ZNF207,2000,3352,outputs/TxPert_generated/scplad_xcell_k562_all_fixed2000_officialorder_geneplusctrl_v1_official_cell_gat_predict_v1/part03/test_predictions.h5ad
ZNF236,2000,3352,outputs/TxPert_generated/scplad_xcell_k562_all_fixed2000_officialorder_geneplusctrl_v1_official_cell_gat_predict_v1/part03/test_predictions.h5ad
ZNF335,2000,3352,outputs/TxPert_generated/scplad_xcell_k562_all_fixed2000_officialorder_geneplusctrl_v1_official_cell_gat_predict_v1/part03/test_predictions.h5ad
ZNF574,2000,3352,outputs/TxPert_generated/scplad_xcell_k562_all_fixed2000_officialorder_geneplusctrl_v1_official_cell_gat_predict_v1/part03/test_predictions.h5ad
ZNHIT6,2000,3352,outputs/TxPert_generated/scplad_xcell_k562_all_fixed2000_officialorder_geneplusctrl_v1_official_cell_gat_predict_v1/part03/test_predictions.h5ad
ZNRD1,2000,3352,outputs/TxPert_generated/scplad_xcell_k562_all_fixed2000_officialorder_geneplusctrl_v1_official_cell_gat_predict_v1/part03/test_predictions.h5ad
