source,condition,UMAP1,UMAP2
Observed,Control,7.108021,18.060513
Observed,Control,10.794863,20.531895
Observed,Control,7.287392,20.199976
Observed,Control,6.7551904,19.41752
Observed,Control,7.015365,20.755795
Observed,Control,8.089815,17.961567
Observed,Control,5.1396847,13.516908
Observed,Control,9.120138,19.474596
Observed,Control,9.556232,17.380419
Observed,Control,9.185445,19.197271
Observed,Control,7.2047305,17.455212
Observed,Control,8.249525,19.122658
Observed,Control,7.045117,16.722263
Observed,Control,10.111191,18.833838
Observed,Control,9.509016,17.506878
Observed,Control,10.245967,18.868032
Observed,Control,9.067495,21.400799
Observed,Control,9.091959,21.128761
Observed,Control,7.3061185,19.058834
Observed,Control,9.680305,17.27118
Observed,Control,7.956937,17.256693
Observed,Control,8.350838,21.067839
Observed,Control,9.954393,20.97777
Observed,Control,6.938356,15.406375
Observed,Control,9.956555,21.03681
Observed,Control,7.989557,19.402456
Observed,Control,10.156915,20.761324
Observed,Control,8.681401,17.799423
Observed,Control,9.216982,17.29713
Observed,Control,10.567078,18.543606
Observed,Control,10.362526,19.42045
Observed,Control,7.5231533,20.721674
Observed,Control,7.1355906,19.258902
Observed,Control,7.0474424,17.677116
Observed,Control,10.468758,19.794243
Observed,Control,10.119684,21.450283
Observed,Control,8.629271,17.754972
Observed,Control,8.159112,19.863483
Observed,Control,9.2225895,17.763067
Observed,Control,7.3207464,21.047962
Observed,Control,8.294423,18.709202
Observed,Control,8.039255,18.179548
Observed,Control,8.688482,19.691406
Observed,Control,6.715545,17.704403
Observed,Control,6.81445,20.545666
Observed,Control,10.349842,18.583893
Observed,Control,10.174095,20.710777
Observed,Control,8.407854,18.832293
Observed,Control,9.363307,18.526884
Observed,Control,9.30756,20.894451
Observed,Control,7.4779296,20.68834
Observed,Control,11.17475,18.960262
Observed,Control,9.32755,21.228157
Observed,Control,10.759374,19.235954
Observed,Control,9.38529,17.81246
Observed,Control,7.626447,17.245932
Observed,Control,8.682232,15.305419
Observed,Control,7.182487,21.047039
Observed,Control,8.422876,18.11471
Observed,Control,6.210684,15.630135
Observed,Control,9.358172,17.903141
Observed,Control,8.589992,19.043432
Observed,Control,9.390203,21.49051
Observed,Control,6.9631433,18.308985
Observed,Control,10.398175,18.686937
Observed,Control,8.106782,20.7138
Observed,Control,9.311971,16.162752
Observed,Control,10.541708,20.112307
Observed,Control,9.827397,20.53924
Observed,Control,6.9430594,17.063234
Observed,Control,6.9912667,18.132877
Observed,Control,10.615606,18.531656
Observed,Control,9.193487,17.94688
Observed,Control,8.838922,19.624935
Observed,Control,8.091041,18.551243
Observed,Control,6.845018,18.959635
Observed,Control,8.421165,19.131092
Observed,Control,9.38233,21.43206
Observed,Control,6.7138553,17.6407
Observed,Control,9.324116,16.230616
Observed,Control,10.641078,19.823532
Observed,Control,8.1976595,17.216364
Observed,Control,9.207404,19.45621
Observed,Control,7.953016,18.818062
Observed,Control,7.6064296,19.989887
Observed,Control,6.8434534,18.543133
Observed,Control,9.682325,17.894728
Observed,Control,8.192995,18.563114
Observed,Control,10.755731,20.81948
Observed,Control,8.523353,21.075102
Observed,Control,9.120667,17.616203
Observed,Control,9.583179,21.07075
Observed,Control,10.094139,18.819496
Observed,Control,9.6716175,21.437857
Observed,Control,8.157225,18.020817
Observed,Control,8.613573,19.715382
Observed,Control,7.2509484,17.551016
Observed,Control,8.96372,17.702133
Observed,Control,8.157083,19.869383
Observed,Control,6.48057,19.01659
Observed,Control,9.398204,20.811934
Observed,Control,6.612225,15.217813
Observed,Control,8.128941,19.348507
Observed,Control,7.1291986,17.36911
Observed,Control,10.302174,21.188196
Observed,Control,8.422075,20.048943
Observed,Control,7.8774977,21.218102
Observed,Control,6.7580485,18.815546
Observed,Control,9.154742,17.359636
Observed,Control,7.3757415,16.552713
Observed,Control,8.512957,19.86269
Observed,Control,10.601026,20.946001
Observed,Control,10.114989,19.368937
Observed,Control,7.703693,17.937511
Observed,Control,9.239052,19.97934
Observed,Control,9.466228,17.60551
Observed,Control,8.516358,19.014185
Observed,Control,11.080956,19.280539
Observed,Control,8.617454,19.790968
Observed,Control,7.494383,16.14096
Observed,Control,9.840918,21.251154
Observed,Control,9.769416,18.308458
Observed,Control,8.378722,19.086258
Observed,Control,8.594024,17.952347
Observed,Control,7.485682,16.195667
Observed,Control,7.3220816,13.59325
Observed,Control,7.0354013,17.18814
Observed,Control,6.4838324,18.427494
Observed,Control,7.133433,20.124928
Observed,Control,8.65664,18.926966
Observed,Control,10.382844,20.9222
Observed,Control,6.5586715,18.992981
Observed,Control,9.00485,19.316912
Observed,Control,6.726769,17.917719
Observed,Control,7.9941683,19.854366
Observed,Control,9.697451,21.51735
Observed,Control,9.385862,17.739508
Observed,Control,7.0697303,20.457878
Observed,Control,8.389359,19.30403
Observed,Control,8.492121,19.178223
Observed,Control,9.327879,20.647053
Observed,Control,7.0339994,17.456057
Observed,Control,7.036484,17.472979
Observed,Control,9.43436,17.833485
Observed,Control,10.5359745,18.690845
Observed,Control,9.154971,17.400919
Observed,Control,10.811106,21.000599
Observed,Control,8.343378,16.992914
Observed,Control,8.468095,19.217941
Observed,Control,8.504458,15.182636
Observed,Control,10.202504,18.390894
Observed,Control,6.850301,18.92295
Observed,Control,10.256505,18.322582
Observed,Control,6.8180857,18.784195
Observed,Control,9.131694,21.392149
Observed,Control,10.826409,20.337368
Observed,Control,8.722544,17.994087
Observed,Control,6.5650134,18.854525
Observed,Control,7.6875296,21.170101
Observed,Control,8.180661,18.949295
Observed,Control,7.443949,19.257723
Observed,Control,9.822231,21.241219
Observed,Control,8.540736,18.54467
Observed,Control,7.6262364,13.897051
Observed,Control,10.782197,18.993168
Observed,Control,7.6658993,19.265888
Observed,Control,8.106249,19.921057
Observed,Control,6.9093776,19.420969
Observed,Control,7.4617715,20.813135
Observed,Control,10.144245,18.643074
Observed,Control,10.311167,21.206186
Observed,Control,8.7777405,20.464981
Observed,Control,6.7372527,17.238932
Observed,Control,10.549558,20.430483
Observed,Control,8.150488,17.895544
Observed,Control,10.048465,18.091793
Observed,Control,9.752573,19.001717
Observed,Control,11.08736,19.654545
Observed,Control,7.707911,17.176569
Observed,Control,9.938387,18.391293
Observed,Control,6.737694,15.092047
Observed,Control,7.152307,18.66861
Observed,Control,7.396775,17.05106
Observed,Control,9.37924,19.91197
Observed,Control,10.391403,18.04134
Observed,Control,6.316307,18.641172
Observed,Control,6.5460076,18.226559
Observed,Control,9.543843,17.492962
Observed,Control,7.5484986,18.393217
Observed,Control,8.147437,19.437523
Observed,Control,6.39974,18.826735
Observed,Control,7.58425,19.576166
Observed,Control,7.395256,19.852264
Observed,Control,10.136403,17.68213
Observed,Control,10.940312,18.943209
Observed,Control,9.011025,17.55757
Observed,Control,7.0425987,18.1937
Observed,Control,7.1533685,18.796278
Observed,Control,6.591001,17.659182
Observed,Control,8.993501,20.189974
Observed,Control,9.918936,21.310211
Observed,Control,9.85936,18.588501
Observed,Control,10.406496,18.841248
Observed,Control,10.162994,17.962124
Observed,Control,6.924658,17.895803
Observed,Control,6.2269883,19.067835
Observed,Control,6.976222,19.675175
Observed,Control,10.014232,18.898594
Observed,Control,7.4165773,18.204035
Observed,Control,10.9709835,19.162683
Observed,Control,8.756502,17.088392
Observed,Control,6.8920236,19.771475
Observed,Control,6.869101,20.081118
Observed,Control,8.766359,18.985523
Observed,Control,8.03929,18.935595
Observed,Control,8.454724,18.86251
Observed,Control,9.9017725,20.496698
Observed,Control,10.734869,18.431004
Observed,Control,6.895827,17.886187
Observed,Control,8.642543,16.249592
Observed,Control,7.257486,18.70594
Observed,Control,9.156063,18.207445
Observed,Control,8.65191,19.424324
Observed,Control,10.227348,17.981998
Observed,Control,7.245019,17.776367
Observed,Control,6.4876075,18.43569
Observed,Control,6.575887,17.095976
Observed,Control,8.106173,17.682283
Observed,Control,9.100801,20.116442
Observed,Control,10.600271,18.256779
Observed,Control,10.473657,19.561966
Observed,Control,7.643478,18.710077
Observed,Control,9.64938,17.31154
Observed,Control,7.429417,19.79046
Observed,Control,8.009987,20.828455
Observed,Control,6.6370196,20.177187
Observed,Control,7.3678603,18.709417
Observed,Control,8.671677,19.155556
Observed,Control,8.720769,19.261229
Observed,Control,9.459222,16.437664
Observed,Control,7.8692765,16.660948
Observed,Control,6.157203,15.05402
Observed,Control,10.472595,20.481998
Observed,Control,6.9260645,16.54876
Observed,Control,6.4331713,18.308054
Observed,Control,9.212898,17.526703
Observed,Control,10.941938,19.194786
Observed,Control,6.029641,14.226676
Observed,Control,8.595118,20.20686
Observed,Control,9.220974,19.7418
Observed,HSPA9,6.904618,15.776746
Observed,HSPA9,6.1787534,11.714934
Observed,HSPA9,6.8773,13.273755
Observed,HSPA9,6.932244,11.317295
Observed,HSPA9,6.219021,11.512031
Observed,HSPA9,8.624958,20.102873
Observed,HSPA9,5.972713,14.673012
Observed,HSPA9,5.0900197,14.311025
Observed,HSPA9,5.12944,14.035683
Observed,HSPA9,7.0721354,12.996738
Observed,HSPA9,4.332014,14.062785
Observed,HSPA9,3.898347,13.534466
Observed,HSPA9,6.5057526,11.46806
Observed,HSPA9,6.5228195,13.820597
Observed,HSPA9,6.5022135,12.513005
Observed,HSPA9,4.0161715,13.380762
Observed,HSPA9,6.356437,11.791242
Observed,HSPA9,6.3231406,11.453668
Observed,HSPA9,6.7170477,11.879394
Observed,HSPA9,8.381593,15.372885
Observed,HSPA9,6.752105,11.307563
Observed,HSPA9,6.0220666,13.307531
Observed,HSPA9,10.758074,20.629547
Observed,HSPA9,4.8378,12.942786
Observed,HSPA9,6.0485096,13.623394
Observed,HSPA9,6.3684096,12.302956
Observed,HSPA9,6.7670774,11.736198
Observed,HSPA9,4.904577,14.120016
Observed,HSPA9,4.035399,13.209657
Observed,HSPA9,7.051719,11.8395605
Observed,HSPA9,4.989809,14.152155
Observed,HSPA9,7.5050564,17.549004
Observed,HSPA9,7.1805925,12.00885
Observed,HSPA9,6.2449827,15.447787
Observed,HSPA9,6.5416193,11.803973
Observed,HSPA9,6.6339245,12.297082
Observed,HSPA9,4.922078,14.184571
Observed,HSPA9,8.477888,19.489042
Observed,HSPA9,6.2351127,12.913861
Observed,HSPA9,5.7090855,13.2662325
Observed,HSPA9,6.251919,12.20651
Observed,HSPA9,6.6982913,12.737692
Observed,HSPA9,8.217876,17.968323
Observed,HSPA9,4.792373,14.472208
Observed,HSPA9,7.132113,12.564982
Observed,HSPA9,6.092528,12.633763
Observed,HSPA9,6.80115,13.579307
Observed,HSPA9,5.934625,12.795697
Observed,HSPA9,4.0286007,13.57361
Observed,HSPA9,6.601169,11.555231
Observed,HSPA9,4.19305,13.464515
Observed,HSPA9,6.863251,12.082393
Observed,HSPA9,4.842658,14.453467
Observed,HSPA9,7.2591305,12.474625
Observed,HSPA9,6.0441637,12.335188
Observed,HSPA9,7.0487733,12.416827
Observed,HSPA9,6.586685,12.358024
Observed,HSPA9,9.822343,17.727041
Observed,HSPA9,6.133331,18.742947
Observed,HSPA9,6.353652,12.664059
Observed,HSPA9,7.4127736,13.740727
Observed,HSPA9,6.48331,12.929943
Observed,HSPA9,7.353594,12.292916
Observed,HSPA9,6.3222346,12.161127
Observed,HSPA9,5.8120766,11.841492
Observed,HSPA9,4.8332458,14.225304
Observed,HSPA9,4.8322396,13.174125
Observed,HSPA9,4.7416635,13.879833
Observed,HSPA9,10.751102,19.634764
Observed,HSPA9,6.645961,11.912953
Observed,HSPA9,5.423389,14.235567
Observed,HSPA9,5.823087,12.28153
Observed,HSPA9,5.8957314,11.85943
Observed,HSPA9,7.4402184,12.39204
Observed,HSPA9,6.5786858,13.860413
Observed,HSPA9,6.022093,12.526413
Observed,HSPA9,6.9363384,11.95884
Observed,HSPA9,6.4211555,11.777882
Observed,HSPA9,5.7144322,14.302655
Observed,HSPA9,5.951836,12.710626
Observed,HSPA9,5.0153084,13.0986185
Observed,HSPA9,6.7968674,12.239039
Observed,HSPA9,5.8828173,13.913661
Observed,HSPA9,5.540071,13.804533
Observed,HSPA9,7.2899895,12.293739
Observed,HSPA9,5.055807,13.86075
Observed,HSPA9,4.7070465,14.305858
Observed,HSPA9,3.877356,13.560265
Observed,HSPA9,5.4685183,13.939879
Observed,HSPA9,6.683743,12.4574375
Observed,HSPA9,4.179213,13.244914
Observed,HSPA9,6.754413,13.263719
Observed,HSPA9,4.461127,13.15426
Observed,HSPA9,3.8710978,13.249303
Observed,HSPA9,6.305063,12.230165
Observed,HSPA9,7.0071077,12.643888
Observed,HSPA9,5.341055,14.78474
Observed,HSPA9,6.4667377,12.185593
Observed,HSPA9,6.798037,11.481686
Observed,HSPA9,4.3730974,14.263095
Observed,HSPA9,6.6510587,12.080412
Observed,HSPA9,6.8817034,14.773269
Observed,HSPA9,4.339662,13.1446705
Observed,HSPA9,4.7448664,14.118745
Observed,HSPA9,7.5041265,16.974192
Observed,HSPA9,5.3022203,14.341157
Observed,HSPA9,6.9020677,12.829616
Observed,HSPA9,6.1438274,12.523107
Observed,HSPA9,6.520652,12.832585
Observed,HSPA9,6.9936557,12.933203
Observed,HSPA9,4.3975377,13.351032
Observed,HSPA9,6.167034,11.962875
Observed,HSPA9,6.079493,11.702847
Observed,HSPA9,4.94585,14.652062
Observed,HSPA9,6.4784017,11.984212
Observed,HSPA9,5.6246476,14.443732
Observed,HSPA9,6.3079853,11.428233
Observed,HSPA9,7.062514,15.304678
Observed,HSPA9,6.7082224,14.3536415
Observed,HSPA9,5.9439945,14.491324
Observed,HSPA9,5.9429216,11.460347
Observed,HSPA9,6.1330066,13.449354
Observed,HSPA9,5.4832225,14.045937
Observed,HSPA9,6.146603,11.7272415
Observed,HSPA9,6.7792225,16.408495
Observed,HSPA9,7.2344637,13.232317
Observed,HSPA9,6.846252,12.432192
Observed,HSPA9,5.733086,13.4595175
Observed,HSPA9,7.461545,12.567525
Observed,HSPA9,10.159866,20.787916
Observed,HSPA9,6.6788282,11.660396
Observed,HSPA9,4.188632,13.190422
Observed,HSPA9,4.6669455,14.4778385
Observed,HSPA9,7.3419046,12.6544895
Observed,HSPA9,7.0849533,12.163515
Observed,HSPA9,6.7203217,11.6989155
Observed,HSPA9,7.0427547,11.697335
Observed,HSPA9,7.0147123,12.734276
Observed,HSPA9,6.24774,14.153567
Observed,HSPA9,6.7595887,12.977974
Observed,HSPA9,4.40178,14.10222
Observed,HSPA9,4.1063466,13.510554
Observed,HSPA9,7.086012,11.665954
Observed,HSPA9,4.8279,13.44433
Observed,HSPA9,7.4752264,17.394222
Observed,HSPA9,3.9311287,13.247697
Observed,HSPA9,4.034259,13.245592
Observed,HSPA9,5.22683,14.736318
Observed,HSPA9,6.9433813,12.578012
Observed,HSPA9,6.4892163,11.228359
Observed,HSPA9,6.4311714,12.653388
Observed,HSPA9,5.6460104,12.306586
Observed,HSPA9,10.076763,21.283464
Observed,HSPA9,10.527841,21.252087
Observed,HSPA9,6.4440255,12.566516
Observed,HSPA9,4.620195,14.208379
Observed,HSPA9,6.6118875,11.125241
Observed,HSPA9,5.7076845,12.19596
Observed,HSPA9,4.171904,13.179713
Observed,HSPA9,6.694763,12.05143
Observed,HSPA9,5.6873045,13.4168
Observed,HSPA9,8.038808,21.448286
Observed,HSPA9,6.8152947,11.450967
Observed,HSPA9,4.115848,13.249289
Observed,HSPA9,4.992607,14.300677
Observed,HSPA9,6.9835773,11.9701605
Observed,HSPA9,6.928672,11.373268
Observed,HSPA9,4.9872017,13.754821
Observed,HSPA9,4.8889036,14.328793
Observed,HSPA9,6.0626163,11.578531
Observed,HSPA9,6.5175495,12.3435335
Observed,HSPA9,8.413569,16.92014
Observed,HSPA9,6.638744,14.595678
Observed,HSPA9,5.0162826,14.678175
Observed,HSPA9,5.878514,12.155456
Observed,HSPA9,8.638108,21.514996
Observed,HSPA9,6.118749,14.835767
Observed,HSPA9,4.7924585,13.439521
Observed,HSPA9,6.605862,13.640631
Observed,HSPA9,5.799835,14.422926
Observed,HSPA9,6.877655,12.765932
Observed,HSPA9,6.1512704,12.139202
Observed,HSPA9,4.4326167,13.683785
Observed,HSPA9,6.932101,12.785984
Observed,HSPA9,6.037865,14.832475
Observed,HSPA9,5.826823,12.013188
Observed,HSPA9,5.256558,14.108845
Observed,HSPA9,4.9191155,12.884853
Observed,HSPA9,7.1206136,12.418076
Observed,HSPA9,3.990834,13.558579
Observed,HSPA9,6.858086,12.612362
Observed,HSPA9,5.154266,13.016819
Observed,HSPA9,6.6985717,12.512941
Observed,HSPA9,6.17565,11.569976
Observed,HSPA9,6.799989,11.374112
Observed,HSPA9,5.231589,14.029192
Observed,HSPA9,7.1866302,12.962024
Observed,HSPA9,5.238354,14.002683
Observed,HSPA9,6.266993,12.489708
Observed,HSPA9,7.2146482,11.95744
Observed,HSPA9,5.363867,13.664583
Observed,HSPA9,5.751269,12.16911
Observed,HSPA9,5.9797726,14.873819
Observed,HSPA9,4.336968,14.011774
Observed,HSPA9,5.8322134,11.822333
Observed,HSPA9,6.9835277,11.839282
Observed,HSPA9,7.108629,13.163508
Observed,HSPA9,5.9732447,14.264824
Observed,HSPA9,4.61261,13.516838
Observed,HSPA9,4.198559,13.568393
Observed,HSPA9,6.793652,12.406592
Observed,HSPA9,4.6376657,14.4355755
Observed,HSPA9,6.234119,12.016393
Observed,HSPA9,5.0902176,14.196447
Observed,HSPA9,7.888332,18.403492
Observed,HSPA9,5.980728,12.881123
Observed,HSPA9,4.959906,13.534839
Observed,HSPA9,6.504801,11.542558
Observed,HSPA9,7.080221,12.082968
Observed,HSPA9,5.6169157,13.351399
Observed,HSPA9,6.160564,11.4521
Observed,HSPA9,5.7945757,14.533302
Observed,HSPA9,6.3282456,14.464305
Observed,HSPA9,6.782814,11.700146
Observed,HSPA9,6.9802604,12.046114
Observed,HSPA9,5.44785,13.637762
Observed,HSPA9,7.051894,12.765725
Observed,HSPA9,4.465984,13.803057
Observed,HSPA9,5.827581,12.080009
Observed,HSPA9,6.2075706,12.800481
Observed,HSPA9,6.4767795,12.520344
Observed,HSPA9,6.1741347,14.3161125
Observed,HSPA9,6.5945826,11.207924
Observed,HSPA9,5.2793603,14.652288
Observed,HSPA9,6.31041,12.2617855
Observed,HSPA9,4.48882,13.66225
Observed,HSPA9,6.359585,12.435749
Observed,HSPA9,3.9181783,13.398674
Observed,HSPA9,6.009722,12.154738
Observed,HSPA9,5.455042,13.145567
Observed,HSPA9,5.2959313,13.705856
Observed,HSPA9,6.6004987,13.278174
Observed,HSPA9,5.697726,12.19028
Observed,HSPA9,5.8230624,12.257111
Observed,HSPA9,6.3818917,13.734518
Observed,HSPA9,10.595267,21.14523
Observed,HSPA9,5.3290462,14.23247
Observed,HSPA9,5.3590527,14.11761
Observed,HSPA9,6.8405623,12.768782
Observed,HSPA9,5.9409246,11.869115
Observed,NCBP2,13.412095,16.901417
Observed,NCBP2,11.864348,16.508932
Observed,NCBP2,12.70855,17.190842
Observed,NCBP2,8.901669,17.531164
Observed,NCBP2,13.162588,17.368402
Observed,NCBP2,7.3738804,18.085474
Observed,NCBP2,11.253843,16.77143
Observed,NCBP2,12.452733,16.549234
Observed,NCBP2,13.374106,16.976936
Observed,NCBP2,10.731701,18.582026
Observed,NCBP2,10.746235,15.83039
Observed,NCBP2,12.919376,16.657063
Observed,NCBP2,12.852626,16.59947
Observed,NCBP2,13.101327,16.61646
Observed,NCBP2,12.738508,17.724222
Observed,NCBP2,12.377951,17.479626
Observed,NCBP2,11.755315,17.052729
Observed,NCBP2,10.788217,15.76724
Observed,NCBP2,10.519856,18.907614
Observed,NCBP2,13.270836,17.321623
Observed,NCBP2,10.816671,19.115805
Observed,NCBP2,12.108651,17.245098
Observed,NCBP2,6.668739,19.706902
Observed,NCBP2,13.367494,16.80824
Observed,NCBP2,11.559838,16.155777
Observed,NCBP2,9.801785,20.969322
Observed,NCBP2,11.520368,16.407948
Observed,NCBP2,12.309263,17.935904
Observed,NCBP2,13.026399,16.535524
Observed,NCBP2,8.5199,20.286077
Observed,NCBP2,12.209455,16.628521
Observed,NCBP2,11.217147,17.35661
Observed,NCBP2,9.735826,17.728085
Observed,NCBP2,12.559914,17.008318
Observed,NCBP2,12.5850725,15.841143
Observed,NCBP2,11.581717,16.503788
Observed,NCBP2,11.911571,16.880144
Observed,NCBP2,9.511286,18.148214
Observed,NCBP2,11.743452,16.84061
Observed,NCBP2,11.612741,16.917744
Observed,NCBP2,12.968631,15.850962
Observed,NCBP2,13.264151,16.569677
Observed,NCBP2,9.378161,18.597612
Observed,NCBP2,11.244255,18.762094
Observed,NCBP2,9.850462,20.36303
Observed,NCBP2,10.623501,20.213985
Observed,NCBP2,10.756152,16.124464
Observed,NCBP2,8.233348,18.45682
Observed,NCBP2,7.5086694,17.840635
Observed,NCBP2,13.204451,16.73996
Observed,NCBP2,8.234325,19.488264
Observed,NCBP2,10.585069,16.147768
Observed,NCBP2,10.41552,17.504154
Observed,NCBP2,12.372525,16.21972
Observed,NCBP2,11.988729,18.219173
Observed,NCBP2,11.704012,15.951995
Observed,NCBP2,12.794124,17.558256
Observed,NCBP2,7.4442053,18.11942
Observed,NCBP2,10.347899,16.282711
Observed,NCBP2,7.2959905,19.007683
Observed,NCBP2,9.934134,18.450344
Observed,NCBP2,10.282684,17.614634
Observed,NCBP2,12.574703,16.340515
Observed,NCBP2,13.071965,16.688906
Observed,NCBP2,13.214188,17.819248
Observed,NCBP2,12.631769,16.503204
Observed,NCBP2,13.442816,16.851576
Observed,NCBP2,12.083152,17.218725
Observed,NCBP2,10.775206,16.098755
Observed,NCBP2,9.793709,17.485548
Observed,NCBP2,12.466484,17.30639
Observed,NCBP2,13.4709215,17.184742
Observed,NCBP2,11.060782,17.044806
Observed,NCBP2,6.5725183,19.301722
Observed,NCBP2,11.18874,16.313387
Observed,NCBP2,10.886875,20.790554
Observed,NCBP2,13.40804,17.261034
Observed,NCBP2,9.890158,17.111677
Observed,NCBP2,9.061391,16.266071
Observed,NCBP2,10.041273,17.255556
Observed,NCBP2,12.654931,16.17035
Observed,NCBP2,13.007873,15.576978
Observed,NCBP2,12.963988,17.056812
Observed,NCBP2,13.046963,17.883493
Observed,NCBP2,13.369189,16.801783
Observed,NCBP2,11.254221,16.17795
Observed,NCBP2,8.902289,21.205797
Observed,NCBP2,8.683379,18.007748
Observed,NCBP2,12.711486,16.369501
Observed,NCBP2,12.994656,16.755646
Observed,NCBP2,12.1608715,17.357716
Observed,NCBP2,12.830646,17.842876
Observed,NCBP2,12.237491,18.083822
Observed,NCBP2,8.919651,20.215677
Observed,NCBP2,9.672018,20.715353
Observed,NCBP2,13.686104,17.004086
Observed,NCBP2,10.833208,18.160227
Observed,NCBP2,10.442847,17.798409
Observed,NCBP2,11.612042,17.918863
Observed,NCBP2,11.954719,16.250944
Observed,NCBP2,10.474065,15.904749
Observed,NCBP2,11.179631,15.886906
Observed,NCBP2,9.95011,19.011614
Observed,NCBP2,11.843067,16.525766
Observed,NCBP2,10.418527,20.858284
Observed,NCBP2,12.16065,17.621824
Observed,NCBP2,12.623402,17.480963
Observed,NCBP2,12.473827,16.152025
Observed,NCBP2,12.779097,16.526264
Observed,NCBP2,12.7922325,17.722857
Observed,NCBP2,12.736703,15.725984
Observed,NCBP2,11.909304,18.65751
Observed,NCBP2,8.86931,17.90634
Observed,NCBP2,9.00256,17.04417
Observed,NCBP2,10.241562,17.763414
Observed,NCBP2,11.142027,16.193562
Observed,NCBP2,9.151293,20.70321
Observed,NCBP2,9.172455,17.333729
Observed,NCBP2,13.040367,17.918125
Observed,NCBP2,10.373986,15.429534
Observed,NCBP2,10.018323,15.656016
Observed,NCBP2,12.642904,17.770588
Observed,NCBP2,13.017744,16.581238
Observed,NCBP2,6.9319744,18.35216
Observed,NCBP2,9.342197,20.022339
Observed,NCBP2,10.271148,16.933403
Observed,NCBP2,9.757906,17.425064
Observed,NCBP2,12.378101,17.736885
Observed,NCBP2,8.338756,20.29462
Observed,NCBP2,12.876152,16.929964
Observed,NCBP2,10.626057,16.406986
Observed,NCBP2,12.812411,17.347586
Observed,NCBP2,6.0600624,15.458656
Observed,NCBP2,9.090935,19.910006
Observed,NCBP2,9.554481,15.502521
Observed,NCBP2,8.934657,19.68677
Observed,NCBP2,13.467233,16.44819
Observed,NCBP2,11.839328,17.964317
Observed,NCBP2,10.529118,17.203783
Observed,NCBP2,13.264962,16.58954
Observed,NCBP2,12.835697,16.226147
Observed,NCBP2,11.529244,18.179657
Observed,NCBP2,11.846845,15.828325
Observed,NCBP2,11.94469,16.098286
Observed,NCBP2,13.492443,16.544651
Observed,NCBP2,13.025651,16.515734
Observed,NCBP2,13.320748,15.934178
Observed,NCBP2,12.011388,16.51006
Observed,NCBP2,13.242892,16.188572
Observed,NCBP2,13.059463,16.195377
Observed,NCBP2,12.325121,16.801977
Observed,NCBP2,12.798582,16.946465
Observed,NCBP2,12.155502,16.869387
Observed,NCBP2,13.240396,16.358358
Observed,NCBP2,13.202296,17.34934
Observed,NCBP2,9.311032,16.64647
Observed,NCBP2,8.583038,19.764439
Observed,NCBP2,11.37059,16.358051
Observed,NCBP2,11.952253,16.920994
Observed,NCBP2,11.81548,16.635834
Observed,NCBP2,12.338922,17.391218
Observed,NCBP2,8.168691,18.39803
Observed,NCBP2,8.090606,16.471947
Observed,NCBP2,13.538559,16.545895
Observed,NCBP2,12.339937,16.357878
Observed,NCBP2,9.778123,16.47269
Observed,NCBP2,9.740372,19.673483
Observed,NCBP2,13.291357,17.674044
Observed,NCBP2,12.447482,17.689266
Observed,NCBP2,12.571354,17.011282
Observed,NCBP2,8.719167,19.377089
Observed,NCBP2,11.912949,16.426989
Observed,NCBP2,12.037323,16.463596
Observed,NCBP2,12.684024,16.946842
Observed,NCBP2,12.821885,15.887301
Observed,NCBP2,12.854236,15.603833
Observed,NCBP2,12.779294,17.810772
Observed,NCBP2,13.061144,16.204048
Observed,NCBP2,11.064279,18.002827
Observed,NCBP2,11.601866,16.096775
Observed,NCBP2,6.9690733,18.244665
Observed,NCBP2,12.615319,17.24403
Observed,NCBP2,13.409306,17.721367
Observed,NCBP2,12.253866,16.803902
Observed,NCBP2,10.252549,16.155159
Observed,NCBP2,13.110687,16.06073
Observed,NCBP2,9.661652,21.282429
Observed,NCBP2,7.8291416,19.76546
Observed,NCBP2,12.077379,16.718956
Observed,NCBP2,13.317606,16.830872
Observed,NCBP2,11.036859,15.685508
Observed,NCBP2,12.426868,18.262114
Observed,NCBP2,13.294706,16.307901
Observed,NCBP2,12.148924,16.113274
Observed,NCBP2,10.019402,19.99133
Observed,NCBP2,12.235075,16.380949
Observed,NCBP2,13.171649,16.279013
Observed,NCBP2,12.040993,17.808424
Observed,NCBP2,10.461301,15.822484
Observed,NCBP2,10.699674,20.801792
Observed,NCBP2,8.641008,18.366125
Observed,NCBP2,12.869174,17.921978
Observed,NCBP2,10.570102,15.733789
Observed,NCBP2,11.29112,16.097725
Observed,NCBP2,11.706347,16.671732
Observed,NCBP2,13.441632,17.583738
Observed,NCBP2,10.896491,18.879711
Observed,NCBP2,10.327663,18.260593
Observed,NCBP2,12.751428,17.129013
Observed,NCBP2,12.552296,16.14666
Observed,NCBP2,13.513072,16.184786
Observed,NCBP2,12.630635,16.46879
Observed,NCBP2,8.795235,15.243573
Observed,NCBP2,11.372758,16.738983
Observed,NCBP2,12.210849,16.345514
Observed,NCBP2,11.711821,16.16696
Observed,NCBP2,12.551791,15.754004
Observed,NCBP2,9.222301,18.934795
Observed,NCBP2,12.212309,17.840597
Observed,NCBP2,13.557049,16.423119
Observed,NCBP2,13.544997,17.176138
Observed,NCBP2,12.747218,15.826165
Observed,NCBP2,9.829089,19.943121
Observed,NCBP2,9.890954,15.788409
Observed,NCBP2,12.7932005,15.642773
Observed,NCBP2,11.9092655,15.794666
Observed,NCBP2,4.57948,14.253946
Observed,NCBP2,13.257504,16.793884
Observed,NCBP2,12.552794,15.702135
Observed,NCBP2,11.830728,16.11517
Observed,NCBP2,12.421869,15.862465
Observed,NCBP2,10.272134,15.959907
Observed,NCBP2,7.0406394,17.4404
Observed,NCBP2,11.839348,16.188017
Observed,NCBP2,9.457557,19.361448
Observed,NCBP2,10.2781315,21.329796
Observed,NCBP2,10.15243,17.131136
Observed,NCBP2,7.8916903,17.277447
Observed,NCBP2,11.719186,16.612518
Observed,NCBP2,9.526555,21.188251
Observed,NCBP2,12.355041,15.817784
Observed,NCBP2,10.525688,16.280397
Observed,NCBP2,8.954743,19.183128
Observed,NCBP2,12.283094,16.554773
Observed,NCBP2,12.2706175,17.16443
Observed,NCBP2,12.324784,18.14935
Observed,NCBP2,9.808878,15.939657
Observed,NCBP2,13.231697,16.820417
Observed,NCBP2,12.853674,16.814566
Observed,NCBP2,8.873185,15.870183
Observed,SLC39A9,10.615555,19.453217
Observed,SLC39A9,10.293968,17.541862
Observed,SLC39A9,9.112122,21.154285
Observed,SLC39A9,6.8469467,17.12084
Observed,SLC39A9,8.873958,17.679539
Observed,SLC39A9,8.465286,17.549116
Observed,SLC39A9,7.4622397,16.73873
Observed,SLC39A9,8.186443,16.651508
Observed,SLC39A9,9.667473,17.631868
Observed,SLC39A9,6.5948687,15.532256
Observed,SLC39A9,7.4782796,21.066515
Observed,SLC39A9,10.330764,20.126501
Observed,SLC39A9,6.562362,19.5258
Observed,SLC39A9,8.377435,17.50584
Observed,SLC39A9,8.79875,20.88344
Observed,SLC39A9,10.2306385,17.36094
Observed,SLC39A9,8.695368,20.858982
Observed,SLC39A9,7.0956354,19.878086
Observed,SLC39A9,9.834346,18.73645
Observed,SLC39A9,8.249307,17.334345
Observed,SLC39A9,6.9478006,15.614302
Observed,SLC39A9,10.381923,17.749657
Observed,SLC39A9,8.278942,17.897041
Observed,SLC39A9,11.032878,19.640272
Observed,SLC39A9,9.939736,17.75191
Observed,SLC39A9,9.091509,19.485287
Observed,SLC39A9,8.601192,18.076689
Observed,SLC39A9,8.700272,20.160427
Observed,SLC39A9,8.975343,21.045984
Observed,SLC39A9,8.6394415,20.683924
Observed,SLC39A9,7.8927917,17.398588
Observed,SLC39A9,8.463893,20.83761
Observed,SLC39A9,8.120948,20.051777
Observed,SLC39A9,10.535962,19.094042
Observed,SLC39A9,8.42137,17.169783
Observed,SLC39A9,7.7351007,20.128468
Observed,SLC39A9,9.038223,16.59446
Observed,SLC39A9,9.503054,19.934242
Observed,SLC39A9,8.905472,19.685211
Observed,SLC39A9,10.162646,20.64995
Observed,SLC39A9,7.4065704,20.662209
Observed,SLC39A9,6.9377136,17.52122
Observed,SLC39A9,10.631901,20.281998
Observed,SLC39A9,9.598129,20.780031
Observed,SLC39A9,7.588891,17.947258
Observed,SLC39A9,7.2901807,17.893383
Observed,SLC39A9,10.863946,19.619137
Observed,SLC39A9,9.325472,17.025173
Observed,SLC39A9,8.8382845,20.519732
Observed,SLC39A9,7.8209043,20.00062
Observed,SLC39A9,8.475763,17.245512
Observed,SLC39A9,6.6717734,19.600744
Observed,SLC39A9,10.694727,20.371664
Observed,SLC39A9,7.280152,21.110643
Observed,SLC39A9,7.080497,17.092522
Observed,SLC39A9,6.531106,18.079079
Observed,SLC39A9,7.4700403,17.577549
Observed,SLC39A9,6.544793,19.261976
Observed,SLC39A9,6.5554433,18.534744
Observed,SLC39A9,9.211561,20.25013
Observed,SLC39A9,8.530219,19.68907
Observed,SLC39A9,6.9175463,17.429852
Observed,SLC39A9,9.702912,19.692556
Observed,SLC39A9,9.312916,19.322807
Observed,SLC39A9,7.6395054,20.112247
Observed,SLC39A9,7.1729364,16.50511
Observed,SLC39A9,8.310929,16.64278
Observed,SLC39A9,7.769136,19.176117
Observed,SLC39A9,6.939458,19.623215
Observed,SLC39A9,8.74856,20.408634
Observed,SLC39A9,8.573035,20.087467
Observed,SLC39A9,10.704808,20.09254
Observed,SLC39A9,8.000935,20.384682
Observed,SLC39A9,9.756533,15.905302
Observed,SLC39A9,7.7168326,19.162327
Observed,SLC39A9,10.537716,18.926487
Observed,SLC39A9,8.335214,20.142992
Observed,SLC39A9,8.295684,19.578682
Observed,SLC39A9,8.013327,16.634045
Observed,SLC39A9,7.2409215,17.437338
Observed,SLC39A9,9.076416,20.878687
Observed,SLC39A9,8.77032,15.970388
Observed,SLC39A9,8.017458,14.677624
Observed,SLC39A9,9.79407,19.050583
Observed,SLC39A9,7.697586,19.342009
Observed,SLC39A9,7.112705,17.608793
Observed,SLC39A9,9.728562,18.873384
Observed,SLC39A9,7.7127523,16.530466
Observed,SLC39A9,8.864832,16.568323
Observed,SLC39A9,8.89497,16.969172
Observed,SLC39A9,8.026723,16.600485
Observed,SLC39A9,7.721137,20.467447
Observed,SLC39A9,7.7881665,17.844336
Observed,SLC39A9,7.9114904,16.682545
Observed,SLC39A9,8.599941,20.827866
Observed,SLC39A9,8.42775,19.013706
Observed,SLC39A9,10.717905,19.71853
Observed,SLC39A9,8.695524,20.86351
Observed,SLC39A9,9.29985,19.782595
Observed,SLC39A9,7.8204184,16.95607
Observed,SLC39A9,10.706846,19.842176
Observed,SLC39A9,10.405611,20.127222
Observed,SLC39A9,7.558586,20.502617
Observed,SLC39A9,7.2575946,19.3298
Observed,SLC39A9,7.2355046,20.271212
Observed,SLC39A9,10.473253,19.02325
Observed,SLC39A9,6.327489,12.120947
Observed,SLC39A9,9.124514,17.003893
Observed,SLC39A9,9.36207,16.985723
Observed,SLC39A9,10.735362,18.783636
Observed,SLC39A9,6.6643105,17.543217
Observed,SLC39A9,8.782167,20.371296
Observed,SLC39A9,9.212709,16.803247
Observed,SLC39A9,9.866681,20.85249
Observed,SLC39A9,6.451835,19.514513
Observed,SLC39A9,6.5255795,19.163721
Observed,SLC39A9,8.457162,20.55993
Observed,SLC39A9,7.801955,16.22742
Observed,SLC39A9,8.129493,19.625036
Observed,SLC39A9,7.6776047,16.27527
Observed,SLC39A9,7.443372,14.260906
Observed,SLC39A9,9.743271,21.291203
Observed,SLC39A9,8.312335,20.761126
Observed,SLC39A9,10.668107,18.763948
Observed,SLC39A9,7.8967896,21.192188
Observed,SLC39A9,7.0904765,20.946548
Observed,SLC39A9,8.4953575,18.34558
Observed,SLC39A9,9.178688,18.031185
Observed,SLC39A9,5.790294,15.168662
Observed,SLC39A9,8.64384,16.5871
Observed,SLC39A9,7.010126,18.20085
Observed,SLC39A9,10.623655,20.89223
Observed,SLC39A9,8.65906,21.565105
Observed,SLC39A9,8.6509,21.525314
Observed,SLC39A9,9.649829,21.131014
Observed,SLC39A9,8.713913,21.157
Observed,SLC39A9,9.24132,16.05214
Observed,SLC39A9,9.449178,20.547634
Observed,SLC39A9,7.730027,19.618612
Observed,SLC39A9,8.92003,17.056505
Observed,SLC39A9,6.901201,17.185244
Observed,SLC39A9,7.9062195,18.417583
Observed,SLC39A9,8.116781,20.493639
Observed,SLC39A9,7.300108,21.157137
Observed,SLC39A9,6.6901956,19.896658
Observed,SLC39A9,7.394594,20.907625
Observed,SLC39A9,7.256991,21.166311
Observed,SLC39A9,6.4661236,18.151653
Observed,SLC39A9,9.565276,19.360958
Observed,SLC39A9,7.7275314,17.348682
Observed,SLC39A9,9.40125,21.565079
Observed,SLC39A9,7.3311257,17.259802
Observed,SLC39A9,6.7456813,18.447264
Observed,SLC39A9,10.596767,17.730295
Observed,SLC39A9,8.899182,20.554367
Observed,SLC39A9,8.919954,17.252857
Observed,SLC39A9,8.370328,17.284641
Observed,SLC39A9,7.0475006,20.822725
Observed,SLC39A9,6.312636,15.206654
Observed,SLC39A9,8.472007,18.231455
Observed,SLC39A9,9.926913,20.14361
Observed,SLC39A9,8.228844,20.470062
Observed,SLC39A9,9.623126,19.238913
Observed,SLC39A9,8.474801,20.078281
Observed,SLC39A9,8.7706585,17.11913
Observed,SLC39A9,8.4005995,17.713661
Observed,SLC39A9,8.859288,17.027618
Observed,SLC39A9,8.058798,20.828026
Observed,SLC39A9,9.440618,17.607826
Observed,SLC39A9,6.894349,18.556517
Observed,SLC39A9,9.294097,17.631287
Observed,SLC39A9,7.177497,17.311583
Observed,SLC39A9,7.5457835,17.122137
Observed,SLC39A9,9.601056,18.785017
Observed,SLC39A9,10.781618,19.307993
Observed,SLC39A9,9.514148,19.893019
Observed,SLC39A9,6.3604684,19.245111
Observed,SLC39A9,10.291896,21.086138
Observed,SLC39A9,8.497435,16.845747
Observed,SLC39A9,6.87481,17.837875
Observed,SLC39A9,7.417582,14.694891
Observed,SLC39A9,7.0278563,20.745825
Observed,SLC39A9,9.618296,18.093395
Observed,SLC39A9,10.228799,20.801285
Observed,SLC39A9,8.998408,19.472988
Observed,SLC39A9,10.692815,18.374489
Observed,SLC39A9,6.693816,19.657894
Observed,SLC39A9,10.161634,20.627598
Observed,SLC39A9,8.626135,17.505573
Observed,SLC39A9,8.684773,17.539572
Observed,SLC39A9,11.012019,19.475689
Observed,SLC39A9,8.5426855,19.940521
Observed,SLC39A9,7.927365,18.006445
Observed,SLC39A9,8.752871,16.859493
Observed,SLC39A9,8.732921,17.028746
Observed,SLC39A9,9.149414,18.345278
Observed,SLC39A9,9.986789,18.222109
Observed,SLC39A9,8.951707,17.348072
Observed,SLC39A9,8.584021,20.936062
Observed,SLC39A9,7.0279937,20.610994
Observed,SLC39A9,6.957794,20.728115
Observed,SLC39A9,9.499657,19.064032
Observed,SLC39A9,6.9834332,18.761152
Observed,SLC39A9,8.564166,17.874285
Observed,SLC39A9,9.480882,21.300129
Observed,SLC39A9,9.927104,18.043102
Observed,SLC39A9,7.2144003,16.730288
Observed,SLC39A9,8.465617,19.742815
Observed,SLC39A9,10.584928,19.7869
Observed,SLC39A9,8.588481,16.950537
Observed,SLC39A9,8.3048315,20.539248
Observed,SLC39A9,10.559708,19.267132
Observed,SLC39A9,10.6455555,20.810812
Observed,SLC39A9,8.960241,16.382618
Observed,SLC39A9,8.233965,18.71654
Observed,SLC39A9,11.02103,19.94928
Observed,SLC39A9,7.4258695,17.38132
Observed,SLC39A9,9.432722,19.909372
Observed,SLC39A9,8.625679,20.720098
Observed,SLC39A9,7.1240373,15.5976
Observed,SLC39A9,9.04746,21.326012
Observed,SLC39A9,8.151146,18.108097
Observed,SLC39A9,6.5186114,17.56043
Observed,SLC39A9,8.042258,19.33046
Observed,SLC39A9,8.059821,17.371561
Observed,SLC39A9,6.7104373,19.172094
Observed,SLC39A9,10.822463,19.538206
Observed,SLC39A9,9.068774,20.609661
Observed,SLC39A9,10.642003,19.254612
Observed,SLC39A9,6.6238313,19.073599
Observed,SLC39A9,7.925772,20.02462
Observed,SLC39A9,8.041084,19.408192
Observed,SLC39A9,9.210813,20.980507
Observed,SLC39A9,10.042107,17.425087
Observed,SLC39A9,7.195685,17.475962
Observed,SLC39A9,8.9806795,20.314653
Observed,SLC39A9,8.111534,16.939087
Observed,SLC39A9,8.073744,20.814917
Observed,SLC39A9,10.459687,17.593287
Observed,SLC39A9,8.442418,16.79121
Observed,SLC39A9,8.639032,19.475126
Observed,SLC39A9,10.365776,20.92785
Observed,SLC39A9,8.625684,18.358908
Observed,SLC39A9,10.020374,17.881052
Observed,SLC39A9,7.0135574,19.849255
Observed,SLC39A9,6.501682,19.075325
Observed,SLC39A9,8.96247,17.32598
Observed,SLC39A9,10.465172,19.638214
Observed,SLC39A9,8.081821,19.218922
Observed,SLC39A9,10.298029,20.988096
PatchAE,Control,6.339367,18.14873
PatchAE,Control,11.062081,21.124609
PatchAE,Control,6.935135,20.243704
PatchAE,Control,6.056906,19.402988
PatchAE,Control,6.630956,20.72929
PatchAE,Control,7.9384193,18.043041
PatchAE,Control,5.676106,15.171494
PatchAE,Control,8.953206,19.446657
PatchAE,Control,9.227028,17.18611
PatchAE,Control,9.10554,19.37971
PatchAE,Control,7.994071,17.898716
PatchAE,Control,8.02501,19.628317
PatchAE,Control,6.7812557,16.798662
PatchAE,Control,10.141,19.444963
PatchAE,Control,9.495067,17.085697
PatchAE,Control,11.178924,18.8283
PatchAE,Control,8.938755,21.712736
PatchAE,Control,9.069478,21.800264
PatchAE,Control,7.3811173,19.003763
PatchAE,Control,9.856735,16.901316
PatchAE,Control,7.959691,17.623953
PatchAE,Control,8.582225,21.31319
PatchAE,Control,9.590675,21.693121
PatchAE,Control,7.5205946,15.908668
PatchAE,Control,10.160273,21.797977
PatchAE,Control,7.952579,19.322367
PatchAE,Control,10.148503,21.459919
PatchAE,Control,8.852562,17.750172
PatchAE,Control,9.386831,17.109375
PatchAE,Control,11.0372505,19.198128
PatchAE,Control,10.886068,19.589314
PatchAE,Control,7.7473097,21.47804
PatchAE,Control,7.3747616,19.376287
PatchAE,Control,6.8188777,17.328865
PatchAE,Control,11.105911,20.06275
PatchAE,Control,9.820369,21.8207
PatchAE,Control,8.649663,18.395712
PatchAE,Control,7.7791734,20.34346
PatchAE,Control,9.479236,17.13905
PatchAE,Control,7.4375696,21.486864
PatchAE,Control,7.843747,19.031334
PatchAE,Control,7.975296,18.156647
PatchAE,Control,8.936834,19.05049
PatchAE,Control,6.367964,17.645542
PatchAE,Control,6.5073667,20.589817
PatchAE,Control,11.293284,19.624187
PatchAE,Control,9.524286,21.85097
PatchAE,Control,7.9654117,18.728695
PatchAE,Control,9.395043,18.737007
PatchAE,Control,9.507917,21.714888
PatchAE,Control,8.098375,21.512938
PatchAE,Control,11.310583,19.129694
PatchAE,Control,9.042775,21.769178
PatchAE,Control,11.341743,19.868753
PatchAE,Control,8.980537,17.978703
PatchAE,Control,7.7223682,17.515455
PatchAE,Control,8.606054,15.166374
PatchAE,Control,7.522755,21.492613
PatchAE,Control,8.48363,18.389875
PatchAE,Control,6.2497053,16.082724
PatchAE,Control,8.861282,17.452871
PatchAE,Control,8.031338,19.409954
PatchAE,Control,9.056593,21.72837
PatchAE,Control,6.319849,18.285862
PatchAE,Control,10.432602,18.424759
PatchAE,Control,8.434608,21.465923
PatchAE,Control,8.553364,16.158136
PatchAE,Control,10.946009,20.317278
PatchAE,Control,9.880849,21.006702
PatchAE,Control,6.264642,17.34124
PatchAE,Control,6.2351093,18.00677
PatchAE,Control,10.469912,18.190664
PatchAE,Control,9.302961,18.22481
PatchAE,Control,8.893126,19.13081
PatchAE,Control,7.8837996,18.879435
PatchAE,Control,7.045068,18.651049
PatchAE,Control,8.098041,19.24592
PatchAE,Control,9.179912,21.693369
PatchAE,Control,6.3244705,17.586145
PatchAE,Control,8.534532,16.14314
PatchAE,Control,11.178429,20.247179
PatchAE,Control,8.294125,17.57301
PatchAE,Control,9.306606,19.863188
PatchAE,Control,8.014581,19.060892
PatchAE,Control,7.7570457,20.349407
PatchAE,Control,6.1679664,18.571335
PatchAE,Control,9.694919,17.800667
PatchAE,Control,8.1463585,18.49007
PatchAE,Control,10.984323,21.18273
PatchAE,Control,8.278111,21.342867
PatchAE,Control,8.677739,18.036434
PatchAE,Control,9.50602,21.777273
PatchAE,Control,9.529389,18.613272
PatchAE,Control,9.738743,21.74038
PatchAE,Control,8.035016,18.280787
PatchAE,Control,9.024095,19.464878
PatchAE,Control,6.5505586,17.67602
PatchAE,Control,8.964863,18.325922
PatchAE,Control,8.284326,19.83099
PatchAE,Control,6.185813,18.804874
PatchAE,Control,9.276146,21.021467
PatchAE,Control,6.68306,15.694757
PatchAE,Control,7.921209,19.769287
PatchAE,Control,6.4396644,17.427065
PatchAE,Control,10.10942,21.587519
PatchAE,Control,8.310838,21.088612
PatchAE,Control,8.020657,21.452797
PatchAE,Control,7.0100665,19.168772
PatchAE,Control,9.3001995,17.087084
PatchAE,Control,7.362916,16.718527
PatchAE,Control,8.262085,20.261524
PatchAE,Control,10.953754,20.451653
PatchAE,Control,10.091884,19.611694
PatchAE,Control,7.6499567,17.587181
PatchAE,Control,8.69722,19.749397
PatchAE,Control,9.210465,17.29628
PatchAE,Control,8.205766,19.044907
PatchAE,Control,11.305761,19.48117
PatchAE,Control,8.406605,19.662565
PatchAE,Control,8.084044,16.361767
PatchAE,Control,9.154436,21.684694
PatchAE,Control,10.083034,18.216106
PatchAE,Control,8.584434,19.223476
PatchAE,Control,7.8583035,17.983885
PatchAE,Control,7.8202915,16.024757
PatchAE,Control,7.7513595,13.740842
PatchAE,Control,6.23901,17.542658
PatchAE,Control,6.247076,18.373478
PatchAE,Control,6.5740843,20.278315
PatchAE,Control,8.789845,19.290081
PatchAE,Control,10.0900955,20.528103
PatchAE,Control,6.1070757,18.826458
PatchAE,Control,8.756721,19.102467
PatchAE,Control,6.247977,17.97636
PatchAE,Control,8.242533,20.986473
PatchAE,Control,9.827998,21.754457
PatchAE,Control,8.731352,17.492405
PatchAE,Control,7.115597,21.370123
PatchAE,Control,7.9253335,19.652481
PatchAE,Control,8.197411,19.1941
PatchAE,Control,9.734065,21.703625
PatchAE,Control,7.633042,17.841785
PatchAE,Control,6.5511227,17.454132
PatchAE,Control,9.082298,18.210052
PatchAE,Control,11.114302,18.911734
PatchAE,Control,9.515848,16.807829
PatchAE,Control,10.711556,21.0638
PatchAE,Control,9.093039,17.248556
PatchAE,Control,8.195262,18.734941
PatchAE,Control,8.94001,15.483412
PatchAE,Control,10.349852,18.533894
PatchAE,Control,6.299398,19.091791
PatchAE,Control,9.955833,17.719454
PatchAE,Control,6.106115,18.834848
PatchAE,Control,9.120666,21.81965
PatchAE,Control,11.236845,20.471224
PatchAE,Control,8.580309,18.255283
PatchAE,Control,7.132237,18.609623
PatchAE,Control,8.809243,21.917408
PatchAE,Control,7.7290616,18.939634
PatchAE,Control,7.4439106,19.24685
PatchAE,Control,9.714243,21.752005
PatchAE,Control,8.751192,18.803968
PatchAE,Control,7.337386,13.979188
PatchAE,Control,10.723637,18.335136
PatchAE,Control,8.29566,19.008724
PatchAE,Control,7.848892,19.896128
PatchAE,Control,6.2312098,19.594614
PatchAE,Control,7.73042,21.42055
PatchAE,Control,9.676236,18.857737
PatchAE,Control,10.06555,21.5894
PatchAE,Control,8.747242,20.323742
PatchAE,Control,6.2016973,17.505465
PatchAE,Control,11.024861,20.695005
PatchAE,Control,7.6174607,17.058657
PatchAE,Control,9.942122,18.115253
PatchAE,Control,9.924945,19.168657
PatchAE,Control,11.156958,19.937939
PatchAE,Control,7.553919,17.968596
PatchAE,Control,10.049152,18.338089
PatchAE,Control,6.912575,15.360485
PatchAE,Control,6.4685736,18.724419
PatchAE,Control,6.4713974,17.377073
PatchAE,Control,9.815054,19.97653
PatchAE,Control,10.464977,17.945734
PatchAE,Control,6.126702,18.657581
PatchAE,Control,6.385774,18.270182
PatchAE,Control,9.691153,17.17741
PatchAE,Control,7.3069153,18.402342
PatchAE,Control,7.966513,19.52419
PatchAE,Control,6.4734125,18.6789
PatchAE,Control,7.3975573,19.161448
PatchAE,Control,7.323411,20.212114
PatchAE,Control,10.044945,17.171701
PatchAE,Control,11.3019,19.325039
PatchAE,Control,8.707753,17.304316
PatchAE,Control,7.4196987,18.164705
PatchAE,Control,6.150882,19.635536
PatchAE,Control,6.224067,17.464067
PatchAE,Control,9.128948,20.3369
PatchAE,Control,9.715113,21.825788
PatchAE,Control,9.77338,18.68472
PatchAE,Control,10.104151,19.2064
PatchAE,Control,10.281436,18.116571
PatchAE,Control,6.2772202,17.875574
PatchAE,Control,6.11657,19.424109
PatchAE,Control,6.3470197,19.996021
PatchAE,Control,10.98849,19.054314
PatchAE,Control,6.1826005,18.134922
PatchAE,Control,11.189513,19.78227
PatchAE,Control,8.465349,16.501211
PatchAE,Control,6.518049,20.154116
PatchAE,Control,6.4975557,20.093319
PatchAE,Control,9.024337,19.920015
PatchAE,Control,7.701557,19.045822
PatchAE,Control,8.320845,19.872229
PatchAE,Control,9.987706,21.017672
PatchAE,Control,10.798976,18.210089
PatchAE,Control,6.346923,17.926474
PatchAE,Control,8.106266,16.259005
PatchAE,Control,6.1839585,18.40759
PatchAE,Control,8.704707,18.317785
PatchAE,Control,7.7769313,19.622389
PatchAE,Control,10.109857,18.402046
PatchAE,Control,7.34116,17.802551
PatchAE,Control,5.9991236,18.91577
PatchAE,Control,6.394684,17.550728
PatchAE,Control,8.479314,16.473566
PatchAE,Control,9.307226,20.802448
PatchAE,Control,10.514465,17.960678
PatchAE,Control,10.224043,19.859163
PatchAE,Control,7.4567623,19.192207
PatchAE,Control,9.930746,17.26226
PatchAE,Control,7.2645087,20.24338
PatchAE,Control,7.9333715,21.481314
PatchAE,Control,6.598138,20.335142
PatchAE,Control,6.1850257,18.797218
PatchAE,Control,8.934869,19.203787
PatchAE,Control,8.409744,19.369595
PatchAE,Control,9.70151,16.702606
PatchAE,Control,7.936215,16.692562
PatchAE,Control,6.2743874,15.818415
PatchAE,Control,10.895761,20.776148
PatchAE,Control,6.4761925,16.843592
PatchAE,Control,5.9404,18.358309
PatchAE,Control,9.016391,17.989517
PatchAE,Control,11.2718525,19.462086
PatchAE,Control,5.939776,17.843458
PatchAE,Control,8.2795515,20.361828
PatchAE,Control,9.491345,19.780434
PatchAE,HSPA9,7.073937,16.265594
PatchAE,HSPA9,6.883398,12.136271
PatchAE,HSPA9,7.094312,13.521369
PatchAE,HSPA9,7.36565,11.556838
PatchAE,HSPA9,5.548215,11.635656
PatchAE,HSPA9,8.329697,20.420494
PatchAE,HSPA9,5.857351,15.31028
PatchAE,HSPA9,5.469008,14.559288
PatchAE,HSPA9,5.5054207,14.3338375
PatchAE,HSPA9,7.3825083,13.353264
PatchAE,HSPA9,4.131481,14.23927
PatchAE,HSPA9,3.708304,13.497285
PatchAE,HSPA9,7.0679784,11.528102
PatchAE,HSPA9,6.694872,14.110003
PatchAE,HSPA9,7.416017,12.881123
PatchAE,HSPA9,4.1704397,12.869154
PatchAE,HSPA9,6.3300724,13.022805
PatchAE,HSPA9,6.076325,11.184962
PatchAE,HSPA9,7.3144884,11.53324
PatchAE,HSPA9,8.882823,15.622153
PatchAE,HSPA9,6.499853,11.003504
PatchAE,HSPA9,6.4411187,13.904388
PatchAE,HSPA9,11.061826,20.514791
PatchAE,HSPA9,4.5026426,12.908233
PatchAE,HSPA9,6.645986,13.959537
PatchAE,HSPA9,5.705034,12.5510235
PatchAE,HSPA9,6.831138,11.150914
PatchAE,HSPA9,4.819331,14.567265
PatchAE,HSPA9,4.082024,13.354227
PatchAE,HSPA9,7.424951,11.824649
PatchAE,HSPA9,5.0170574,13.794577
PatchAE,HSPA9,9.674254,18.014141
PatchAE,HSPA9,7.606233,12.134312
PatchAE,HSPA9,6.2163467,19.493805
PatchAE,HSPA9,7.3917484,11.721946
PatchAE,HSPA9,6.6420226,13.099536
PatchAE,HSPA9,4.802749,13.889612
PatchAE,HSPA9,8.446369,19.72353
PatchAE,HSPA9,7.1628585,13.279338
PatchAE,HSPA9,5.9254375,13.694416
PatchAE,HSPA9,5.887494,12.020325
PatchAE,HSPA9,7.501745,13.113237
PatchAE,HSPA9,8.350201,18.116486
PatchAE,HSPA9,5.5264254,14.687054
PatchAE,HSPA9,7.607632,12.987055
PatchAE,HSPA9,6.02853,12.692568
PatchAE,HSPA9,6.975355,13.659535
PatchAE,HSPA9,5.8695407,12.983499
PatchAE,HSPA9,3.9058812,13.793502
PatchAE,HSPA9,7.31587,11.334911
PatchAE,HSPA9,3.932596,14.369922
PatchAE,HSPA9,5.698141,11.824915
PatchAE,HSPA9,5.7697377,15.293712
PatchAE,HSPA9,7.6385374,12.541107
PatchAE,HSPA9,5.7714033,12.563577
PatchAE,HSPA9,7.416632,12.931853
PatchAE,HSPA9,6.1856985,12.505333
PatchAE,HSPA9,9.387206,18.239933
PatchAE,HSPA9,6.0320334,19.254168
PatchAE,HSPA9,6.5508556,13.54865
PatchAE,HSPA9,5.646307,13.983933
PatchAE,HSPA9,6.329472,13.310086
PatchAE,HSPA9,7.721793,12.605448
PatchAE,HSPA9,6.307107,12.84236
PatchAE,HSPA9,5.4980755,11.874016
PatchAE,HSPA9,4.5469046,14.302875
PatchAE,HSPA9,4.648655,12.779593
PatchAE,HSPA9,4.2364273,13.827598
PatchAE,HSPA9,11.221058,20.100565
PatchAE,HSPA9,7.4613485,12.024037
PatchAE,HSPA9,5.231198,14.648391
PatchAE,HSPA9,6.22543,13.115686
PatchAE,HSPA9,5.6996036,11.689109
PatchAE,HSPA9,7.781219,12.824394
PatchAE,HSPA9,6.4344187,14.165151
PatchAE,HSPA9,5.4990983,12.588799
PatchAE,HSPA9,7.506945,11.639749
PatchAE,HSPA9,6.2358937,11.304251
PatchAE,HSPA9,5.834598,15.078307
PatchAE,HSPA9,5.8020825,12.673383
PatchAE,HSPA9,4.4519796,13.038454
PatchAE,HSPA9,7.4491253,12.4983015
PatchAE,HSPA9,6.141668,14.477103
PatchAE,HSPA9,5.873297,14.372003
PatchAE,HSPA9,7.6427145,12.574967
PatchAE,HSPA9,5.3448644,13.925873
PatchAE,HSPA9,4.4917493,14.330203
PatchAE,HSPA9,3.6762877,13.721516
PatchAE,HSPA9,5.6997576,14.290383
PatchAE,HSPA9,6.4855556,13.078233
PatchAE,HSPA9,4.1794677,13.24446
PatchAE,HSPA9,6.4962335,13.32176
PatchAE,HSPA9,4.3362103,12.988972
PatchAE,HSPA9,3.7254002,13.035769
PatchAE,HSPA9,7.068277,12.944834
PatchAE,HSPA9,7.3351,13.0029125
PatchAE,HSPA9,5.8696923,15.744853
PatchAE,HSPA9,5.883468,12.592294
PatchAE,HSPA9,7.1696506,11.510396
PatchAE,HSPA9,4.233359,13.846293
PatchAE,HSPA9,5.991293,11.4103985
PatchAE,HSPA9,7.3029885,15.74005
PatchAE,HSPA9,3.9758961,13.206788
PatchAE,HSPA9,4.6206965,14.133788
PatchAE,HSPA9,6.5286508,16.869095
PatchAE,HSPA9,5.552295,14.652284
PatchAE,HSPA9,6.5586214,13.071835
PatchAE,HSPA9,6.1851954,12.951282
PatchAE,HSPA9,6.9119506,13.25136
PatchAE,HSPA9,6.978403,13.355184
PatchAE,HSPA9,3.8077621,13.736748
PatchAE,HSPA9,5.5259266,11.990685
PatchAE,HSPA9,5.579156,11.62976
PatchAE,HSPA9,5.46673,14.938494
PatchAE,HSPA9,6.235069,12.178204
PatchAE,HSPA9,5.937395,14.520498
PatchAE,HSPA9,5.8909903,11.412868
PatchAE,HSPA9,7.3689504,15.75333
PatchAE,HSPA9,6.6504154,14.4133
PatchAE,HSPA9,6.3724623,14.757374
PatchAE,HSPA9,5.861333,11.320033
PatchAE,HSPA9,6.387694,13.3036585
PatchAE,HSPA9,5.0691533,14.497558
PatchAE,HSPA9,5.86305,11.881038
PatchAE,HSPA9,6.6224666,16.62049
PatchAE,HSPA9,7.4799485,13.052757
PatchAE,HSPA9,6.5470057,13.084382
PatchAE,HSPA9,6.0799007,13.296164
PatchAE,HSPA9,7.6911135,12.295937
PatchAE,HSPA9,10.353535,21.576435
PatchAE,HSPA9,6.9866505,11.216321
PatchAE,HSPA9,4.27077,12.955329
PatchAE,HSPA9,5.1254363,14.967075
PatchAE,HSPA9,7.696668,12.986863
PatchAE,HSPA9,6.080723,12.179881
PatchAE,HSPA9,7.348567,12.277828
PatchAE,HSPA9,7.273418,11.545984
PatchAE,HSPA9,6.887993,13.114587
PatchAE,HSPA9,6.568314,15.250436
PatchAE,HSPA9,6.819507,13.282356
PatchAE,HSPA9,4.0984683,14.186483
PatchAE,HSPA9,3.8194835,13.52774
PatchAE,HSPA9,7.607435,12.074833
PatchAE,HSPA9,4.976546,13.354746
PatchAE,HSPA9,6.712123,17.525297
PatchAE,HSPA9,3.833312,12.83456
PatchAE,HSPA9,4.1977425,12.9875555
PatchAE,HSPA9,5.832932,15.4707365
PatchAE,HSPA9,7.4751954,13.154278
PatchAE,HSPA9,6.3424416,11.367778
PatchAE,HSPA9,6.284895,12.963578
PatchAE,HSPA9,6.0366807,13.428973
PatchAE,HSPA9,9.53699,21.78939
PatchAE,HSPA9,10.456787,21.467258
PatchAE,HSPA9,6.1903777,12.9696
PatchAE,HSPA9,4.0744967,14.498943
PatchAE,HSPA9,6.696122,11.089648
PatchAE,HSPA9,5.37673,12.56943
PatchAE,HSPA9,10.063114,21.92571
PatchAE,HSPA9,7.539829,12.033408
PatchAE,HSPA9,5.7535043,13.78439
PatchAE,HSPA9,8.370154,21.640038
PatchAE,HSPA9,7.4974694,11.702238
PatchAE,HSPA9,3.9074478,13.885308
PatchAE,HSPA9,5.003455,14.643558
PatchAE,HSPA9,7.537699,12.666421
PatchAE,HSPA9,7.4100714,11.344654
PatchAE,HSPA9,4.808071,13.562358
PatchAE,HSPA9,4.6701727,14.264682
PatchAE,HSPA9,6.1858797,11.39697
PatchAE,HSPA9,6.3835144,12.289815
PatchAE,HSPA9,7.9954314,16.337017
PatchAE,HSPA9,7.0109224,15.57931
PatchAE,HSPA9,5.3873277,14.736616
PatchAE,HSPA9,5.3444066,12.196548
PatchAE,HSPA9,8.853096,21.974487
PatchAE,HSPA9,6.2217374,15.498904
PatchAE,HSPA9,4.540639,13.728461
PatchAE,HSPA9,6.9305863,14.889813
PatchAE,HSPA9,5.962999,14.304658
PatchAE,HSPA9,7.289781,13.2222
PatchAE,HSPA9,6.323934,12.331184
PatchAE,HSPA9,8.213422,21.61058
PatchAE,HSPA9,6.7730093,13.197793
PatchAE,HSPA9,5.9160337,15.043734
PatchAE,HSPA9,5.458209,11.83891
PatchAE,HSPA9,5.410817,14.3957615
PatchAE,HSPA9,4.856621,12.764894
PatchAE,HSPA9,7.5801167,12.811276
PatchAE,HSPA9,3.9247408,13.832683
PatchAE,HSPA9,6.5481954,13.052885
PatchAE,HSPA9,6.679625,13.796787
PatchAE,HSPA9,6.707094,12.811003
PatchAE,HSPA9,5.9071875,11.52833
PatchAE,HSPA9,7.4319844,11.43585
PatchAE,HSPA9,5.58044,14.386725
PatchAE,HSPA9,6.940016,13.137267
PatchAE,HSPA9,5.0533075,14.53865
PatchAE,HSPA9,6.8127255,12.678536
PatchAE,HSPA9,7.1972895,12.120874
PatchAE,HSPA9,5.519562,14.442108
PatchAE,HSPA9,6.2138815,13.399676
PatchAE,HSPA9,5.822957,15.548483
PatchAE,HSPA9,4.0227327,13.706391
PatchAE,HSPA9,5.5350876,11.7186775
PatchAE,HSPA9,7.5040665,12.060581
PatchAE,HSPA9,6.9956174,13.481648
PatchAE,HSPA9,6.291249,15.073655
PatchAE,HSPA9,4.6019616,13.527085
PatchAE,HSPA9,6.7154,21.090902
PatchAE,HSPA9,6.8134894,13.102826
PatchAE,HSPA9,4.461853,14.5113535
PatchAE,HSPA9,5.5250716,11.583174
PatchAE,HSPA9,5.1845107,13.986533
PatchAE,HSPA9,7.738874,18.754883
PatchAE,HSPA9,6.324644,13.678249
PatchAE,HSPA9,4.117235,14.066035
PatchAE,HSPA9,6.5551314,11.172487
PatchAE,HSPA9,7.6648355,12.36409
PatchAE,HSPA9,5.8388214,13.563721
PatchAE,HSPA9,5.6866293,11.782236
PatchAE,HSPA9,5.831065,15.710841
PatchAE,HSPA9,6.458031,14.631016
PatchAE,HSPA9,5.9417067,11.436802
PatchAE,HSPA9,7.4106603,11.77733
PatchAE,HSPA9,5.452827,13.806435
PatchAE,HSPA9,7.214675,12.975916
PatchAE,HSPA9,7.524142,21.690329
PatchAE,HSPA9,5.5947475,12.197063
PatchAE,HSPA9,6.251811,13.351942
PatchAE,HSPA9,6.6504254,13.006375
PatchAE,HSPA9,6.4822907,14.912677
PatchAE,HSPA9,6.4103017,11.190965
PatchAE,HSPA9,5.4412146,15.023706
PatchAE,HSPA9,6.001394,12.816452
PatchAE,HSPA9,3.8505154,13.922829
PatchAE,HSPA9,6.7124276,13.000335
PatchAE,HSPA9,3.6509292,13.70225
PatchAE,HSPA9,5.5555205,12.564703
PatchAE,HSPA9,5.4826684,13.620106
PatchAE,HSPA9,5.311369,14.133948
PatchAE,HSPA9,6.5913095,13.330894
PatchAE,HSPA9,5.7263093,12.545799
PatchAE,HSPA9,5.611915,12.44768
PatchAE,HSPA9,6.894548,14.334008
PatchAE,HSPA9,10.841976,21.184982
PatchAE,HSPA9,5.340132,14.773973
PatchAE,HSPA9,5.721023,14.750309
PatchAE,HSPA9,7.268346,13.354725
PatchAE,HSPA9,5.613135,12.001198
PatchAE,NCBP2,13.0424185,17.460339
PatchAE,NCBP2,11.788684,17.109837
PatchAE,NCBP2,11.889282,18.517963
PatchAE,NCBP2,8.948237,17.72151
PatchAE,NCBP2,13.776999,17.007362
PatchAE,NCBP2,6.142101,18.289955
PatchAE,NCBP2,10.113584,16.878845
PatchAE,NCBP2,12.680741,16.851288
PatchAE,NCBP2,13.2557335,17.370783
PatchAE,NCBP2,11.200587,18.726824
PatchAE,NCBP2,9.458454,16.05328
PatchAE,NCBP2,13.404323,17.128841
PatchAE,NCBP2,12.854226,16.962452
PatchAE,NCBP2,13.1275425,16.911045
PatchAE,NCBP2,12.695772,18.333466
PatchAE,NCBP2,12.013058,18.618309
PatchAE,NCBP2,11.652009,17.349733
PatchAE,NCBP2,11.334336,15.50248
PatchAE,NCBP2,11.27392,19.039318
PatchAE,NCBP2,13.278286,17.779228
PatchAE,NCBP2,11.390656,20.028189
PatchAE,NCBP2,11.533559,17.87282
PatchAE,NCBP2,6.388782,19.773022
PatchAE,NCBP2,13.05907,17.369347
PatchAE,NCBP2,11.823934,15.724108
PatchAE,NCBP2,9.72268,21.804415
PatchAE,NCBP2,10.841621,16.646175
PatchAE,NCBP2,8.047228,21.689653
PatchAE,NCBP2,13.78317,16.782652
PatchAE,NCBP2,8.909888,21.115091
PatchAE,NCBP2,12.269323,16.796022
PatchAE,NCBP2,7.5319448,19.180735
PatchAE,NCBP2,9.536266,17.373043
PatchAE,NCBP2,11.755162,17.582138
PatchAE,NCBP2,13.029405,15.77278
PatchAE,NCBP2,11.255857,17.366985
PatchAE,NCBP2,11.533386,17.356216
PatchAE,NCBP2,9.330619,18.212103
PatchAE,NCBP2,11.568434,17.276276
PatchAE,NCBP2,11.62493,17.326454
PatchAE,NCBP2,13.2582445,15.701918
PatchAE,NCBP2,13.7121315,16.771372
PatchAE,NCBP2,9.11436,18.95175
PatchAE,NCBP2,11.33732,19.009857
PatchAE,NCBP2,9.229044,21.308086
PatchAE,NCBP2,10.962955,20.824755
PatchAE,NCBP2,10.571883,16.515285
PatchAE,NCBP2,7.730769,18.838673
PatchAE,NCBP2,7.6816587,18.388386
PatchAE,NCBP2,13.3144455,16.897816
PatchAE,NCBP2,8.487266,19.508066
PatchAE,NCBP2,6.4917126,17.086344
PatchAE,NCBP2,10.322568,17.450172
PatchAE,NCBP2,12.006062,16.965796
PatchAE,NCBP2,11.492735,19.557276
PatchAE,NCBP2,11.757837,15.980102
PatchAE,NCBP2,13.030563,17.963406
PatchAE,NCBP2,6.425918,18.11868
PatchAE,NCBP2,9.305003,16.334557
PatchAE,NCBP2,7.0322194,19.010794
PatchAE,NCBP2,9.708567,18.499636
PatchAE,NCBP2,10.357901,17.603943
PatchAE,NCBP2,12.261839,16.035654
PatchAE,NCBP2,12.551309,17.4502
PatchAE,NCBP2,13.027025,18.169683
PatchAE,NCBP2,12.442762,16.460905
PatchAE,NCBP2,13.770193,17.048464
PatchAE,NCBP2,9.212257,19.315254
PatchAE,NCBP2,9.943728,15.929697
PatchAE,NCBP2,9.938005,17.253176
PatchAE,NCBP2,11.939525,17.484762
PatchAE,NCBP2,13.557403,17.49605
PatchAE,NCBP2,7.596231,18.421629
PatchAE,NCBP2,6.1863813,19.68213
PatchAE,NCBP2,10.955875,16.729254
PatchAE,NCBP2,10.924138,21.241259
PatchAE,NCBP2,13.542551,17.58682
PatchAE,NCBP2,9.958104,17.141064
PatchAE,NCBP2,8.408609,16.210203
PatchAE,NCBP2,9.828829,17.4355
PatchAE,NCBP2,12.375597,16.109362
PatchAE,NCBP2,13.20378,15.63651
PatchAE,NCBP2,12.2387905,17.38294
PatchAE,NCBP2,12.906316,18.155355
PatchAE,NCBP2,13.30355,17.304663
PatchAE,NCBP2,11.236945,15.880603
PatchAE,NCBP2,8.937147,21.593712
PatchAE,NCBP2,8.638828,18.36808
PatchAE,NCBP2,12.67328,17.073536
PatchAE,NCBP2,12.556926,16.947386
PatchAE,NCBP2,11.843508,17.542387
PatchAE,NCBP2,12.588909,18.059933
PatchAE,NCBP2,9.789166,21.738472
PatchAE,NCBP2,9.093809,21.578257
PatchAE,NCBP2,9.081986,21.533964
PatchAE,NCBP2,13.884285,17.04416
PatchAE,NCBP2,10.911775,18.218573
PatchAE,NCBP2,10.480149,17.528671
PatchAE,NCBP2,9.1193285,19.894403
PatchAE,NCBP2,11.639405,15.716613
PatchAE,NCBP2,11.076264,16.278801
PatchAE,NCBP2,10.80174,15.663817
PatchAE,NCBP2,9.605454,18.903446
PatchAE,NCBP2,11.336941,17.313
PatchAE,NCBP2,10.685433,21.367237
PatchAE,NCBP2,11.742783,17.594652
PatchAE,NCBP2,12.86746,18.102625
PatchAE,NCBP2,12.633083,16.512632
PatchAE,NCBP2,12.615417,16.297806
PatchAE,NCBP2,12.745984,18.132818
PatchAE,NCBP2,13.083151,15.669832
PatchAE,NCBP2,11.741779,19.465658
PatchAE,NCBP2,8.301795,18.391806
PatchAE,NCBP2,8.225243,17.252804
PatchAE,NCBP2,10.187752,17.401018
PatchAE,NCBP2,7.286709,18.646828
PatchAE,NCBP2,9.09392,20.340698
PatchAE,NCBP2,9.511014,16.994469
PatchAE,NCBP2,12.987024,18.111843
PatchAE,NCBP2,10.75367,15.447268
PatchAE,NCBP2,9.685461,15.363299
PatchAE,NCBP2,12.556227,18.499065
PatchAE,NCBP2,13.589671,17.1819
PatchAE,NCBP2,6.8205767,18.311123
PatchAE,NCBP2,9.357776,20.14226
PatchAE,NCBP2,9.902683,17.05555
PatchAE,NCBP2,9.0370865,18.303726
PatchAE,NCBP2,11.791088,18.294909
PatchAE,NCBP2,8.433795,19.391083
PatchAE,NCBP2,13.018327,17.392065
PatchAE,NCBP2,10.213117,16.507988
PatchAE,NCBP2,12.006656,18.16301
PatchAE,NCBP2,6.0569315,16.039135
PatchAE,NCBP2,9.130287,20.046925
PatchAE,NCBP2,9.981684,15.469694
PatchAE,NCBP2,9.307453,19.980452
PatchAE,NCBP2,13.834948,16.645033
PatchAE,NCBP2,11.713484,18.017416
PatchAE,NCBP2,10.436826,17.024061
PatchAE,NCBP2,13.697541,16.550703
PatchAE,NCBP2,13.496725,16.203901
PatchAE,NCBP2,10.421299,20.124956
PatchAE,NCBP2,11.502201,15.892984
PatchAE,NCBP2,12.733834,16.361279
PatchAE,NCBP2,13.782648,16.649931
PatchAE,NCBP2,13.632703,16.733822
PatchAE,NCBP2,13.543579,16.002268
PatchAE,NCBP2,11.65159,17.2665
PatchAE,NCBP2,13.6264305,16.104397
PatchAE,NCBP2,13.242971,15.929759
PatchAE,NCBP2,12.425894,17.160292
PatchAE,NCBP2,12.315873,17.595644
PatchAE,NCBP2,12.337813,16.859432
PatchAE,NCBP2,13.182455,16.214245
PatchAE,NCBP2,13.403364,17.501163
PatchAE,NCBP2,8.409176,16.311754
PatchAE,NCBP2,8.443921,19.64115
PatchAE,NCBP2,10.755326,16.656788
PatchAE,NCBP2,11.646497,17.199673
PatchAE,NCBP2,11.34748,17.278944
PatchAE,NCBP2,11.7989235,18.582573
PatchAE,NCBP2,7.9487944,18.602331
PatchAE,NCBP2,8.311788,16.182993
PatchAE,NCBP2,13.754695,16.58256
PatchAE,NCBP2,12.531966,16.791054
PatchAE,NCBP2,9.733908,16.830929
PatchAE,NCBP2,9.497808,19.7835
PatchAE,NCBP2,13.545895,17.83172
PatchAE,NCBP2,12.018815,17.825422
PatchAE,NCBP2,12.375189,17.140144
PatchAE,NCBP2,8.870252,19.128412
PatchAE,NCBP2,11.865383,16.732214
PatchAE,NCBP2,11.961149,15.904288
PatchAE,NCBP2,11.767361,17.68129
PatchAE,NCBP2,12.185734,18.617426
PatchAE,NCBP2,12.488062,15.421999
PatchAE,NCBP2,12.69196,17.938587
PatchAE,NCBP2,12.617735,15.7601385
PatchAE,NCBP2,11.274413,18.487896
PatchAE,NCBP2,11.934717,15.843829
PatchAE,NCBP2,6.2379713,18.191835
PatchAE,NCBP2,8.696618,21.498672
PatchAE,NCBP2,13.584334,17.460938
PatchAE,NCBP2,12.754665,17.057758
PatchAE,NCBP2,10.179258,16.282093
PatchAE,NCBP2,13.440383,15.863557
PatchAE,NCBP2,9.12422,21.74987
PatchAE,NCBP2,8.098207,19.636034
PatchAE,NCBP2,11.4342375,17.166985
PatchAE,NCBP2,13.914474,17.008272
PatchAE,NCBP2,10.309746,15.927108
PatchAE,NCBP2,12.185502,18.879576
PatchAE,NCBP2,13.709718,16.177246
PatchAE,NCBP2,12.303966,16.471556
PatchAE,NCBP2,9.852496,19.442955
PatchAE,NCBP2,12.389748,16.218607
PatchAE,NCBP2,13.625018,16.413261
PatchAE,NCBP2,11.74812,18.17184
PatchAE,NCBP2,10.062216,15.700197
PatchAE,NCBP2,10.58626,21.41376
PatchAE,NCBP2,8.797308,18.374521
PatchAE,NCBP2,11.188724,20.647566
PatchAE,NCBP2,10.04113,15.918661
PatchAE,NCBP2,9.953501,16.76546
PatchAE,NCBP2,11.218595,16.708145
PatchAE,NCBP2,13.371471,17.836449
PatchAE,NCBP2,11.05846,18.83587
PatchAE,NCBP2,10.24917,18.093302
PatchAE,NCBP2,12.033862,18.830643
PatchAE,NCBP2,12.314853,15.874973
PatchAE,NCBP2,13.791612,16.229712
PatchAE,NCBP2,12.078105,15.626698
PatchAE,NCBP2,9.78849,15.095725
PatchAE,NCBP2,11.186514,16.938087
PatchAE,NCBP2,12.078091,16.72567
PatchAE,NCBP2,12.392449,16.05453
PatchAE,NCBP2,12.568694,15.33002
PatchAE,NCBP2,9.154294,18.808605
PatchAE,NCBP2,11.590445,20.183493
PatchAE,NCBP2,13.730686,16.634722
PatchAE,NCBP2,13.435758,17.748728
PatchAE,NCBP2,13.040144,15.684657
PatchAE,NCBP2,9.947526,20.132427
PatchAE,NCBP2,10.730212,15.542594
PatchAE,NCBP2,12.284299,15.533441
PatchAE,NCBP2,11.027912,16.335518
PatchAE,NCBP2,4.4774942,14.741156
PatchAE,NCBP2,13.300068,17.031767
PatchAE,NCBP2,12.290117,15.69202
PatchAE,NCBP2,12.077408,15.765068
PatchAE,NCBP2,12.118632,15.483464
PatchAE,NCBP2,10.2705765,16.001715
PatchAE,NCBP2,6.4354563,17.578926
PatchAE,NCBP2,11.648148,15.650035
PatchAE,NCBP2,9.369604,19.798626
PatchAE,NCBP2,9.941523,21.837933
PatchAE,NCBP2,9.966095,17.065
PatchAE,NCBP2,8.163384,16.613262
PatchAE,NCBP2,11.425175,16.289104
PatchAE,NCBP2,9.532736,21.7706
PatchAE,NCBP2,12.192539,15.484173
PatchAE,NCBP2,9.697103,16.885696
PatchAE,NCBP2,8.50082,19.404293
PatchAE,NCBP2,12.577542,16.465721
PatchAE,NCBP2,12.561269,16.903395
PatchAE,NCBP2,11.651626,19.265556
PatchAE,NCBP2,6.3824763,16.925922
PatchAE,NCBP2,13.342484,17.514591
PatchAE,NCBP2,12.450407,17.986269
PatchAE,NCBP2,8.16033,15.725352
PatchAE,SLC39A9,11.25652,19.770235
PatchAE,SLC39A9,10.183986,17.349237
PatchAE,SLC39A9,9.179851,21.638296
PatchAE,SLC39A9,6.341343,17.278423
PatchAE,SLC39A9,8.140099,18.325708
PatchAE,SLC39A9,7.98773,17.52131
PatchAE,SLC39A9,7.4119425,16.705973
PatchAE,SLC39A9,8.189321,16.160192
PatchAE,SLC39A9,9.54824,17.3537
PatchAE,SLC39A9,6.6021256,15.696542
PatchAE,SLC39A9,7.6699195,21.334553
PatchAE,SLC39A9,11.268617,20.652475
PatchAE,SLC39A9,6.2757306,19.923786
PatchAE,SLC39A9,8.915221,17.462814
PatchAE,SLC39A9,8.06728,21.039864
PatchAE,SLC39A9,10.053585,17.094828
PatchAE,SLC39A9,8.67844,21.046719
PatchAE,SLC39A9,6.874123,20.048016
PatchAE,SLC39A9,9.562174,18.827675
PatchAE,SLC39A9,9.040003,17.811947
PatchAE,SLC39A9,6.9253054,15.163895
PatchAE,SLC39A9,10.461856,17.740618
PatchAE,SLC39A9,8.153068,17.93876
PatchAE,SLC39A9,10.852195,20.034464
PatchAE,SLC39A9,9.788131,17.99585
PatchAE,SLC39A9,9.198514,19.533554
PatchAE,SLC39A9,8.489746,17.635
PatchAE,SLC39A9,8.37138,20.106546
PatchAE,SLC39A9,8.754721,21.454023
PatchAE,SLC39A9,8.043502,20.622362
PatchAE,SLC39A9,7.8749404,16.698938
PatchAE,SLC39A9,8.480464,21.326736
PatchAE,SLC39A9,7.7833924,20.191153
PatchAE,SLC39A9,11.238954,19.37085
PatchAE,SLC39A9,8.53697,17.583004
PatchAE,SLC39A9,8.01242,20.548307
PatchAE,SLC39A9,8.520156,16.372488
PatchAE,SLC39A9,9.189796,20.502806
PatchAE,SLC39A9,8.188813,20.008432
PatchAE,SLC39A9,9.871863,21.419207
PatchAE,SLC39A9,7.1999006,21.295874
PatchAE,SLC39A9,6.3351464,17.575794
PatchAE,SLC39A9,11.032931,20.1983
PatchAE,SLC39A9,9.679956,21.855831
PatchAE,SLC39A9,7.9451656,18.181128
PatchAE,SLC39A9,6.3079476,17.886993
PatchAE,SLC39A9,11.311336,19.686308
PatchAE,SLC39A9,9.759035,16.812378
PatchAE,SLC39A9,9.050458,20.70075
PatchAE,SLC39A9,7.902925,20.387402
PatchAE,SLC39A9,8.160304,17.140978
PatchAE,SLC39A9,6.2646465,19.648024
PatchAE,SLC39A9,10.998073,20.627827
PatchAE,SLC39A9,7.45566,21.530792
PatchAE,SLC39A9,6.5365934,17.111647
PatchAE,SLC39A9,6.563986,18.48313
PatchAE,SLC39A9,7.0490828,17.46317
PatchAE,SLC39A9,6.055991,19.30651
PatchAE,SLC39A9,6.0346084,18.37236
PatchAE,SLC39A9,8.751557,21.318497
PatchAE,SLC39A9,7.9622726,19.223267
PatchAE,SLC39A9,6.6515865,17.524904
PatchAE,SLC39A9,8.267106,20.716646
PatchAE,SLC39A9,9.069413,19.6242
PatchAE,SLC39A9,7.503602,20.265142
PatchAE,SLC39A9,7.10133,16.249956
PatchAE,SLC39A9,8.292943,16.514538
PatchAE,SLC39A9,7.5640783,19.063145
PatchAE,SLC39A9,7.1040025,20.224672
PatchAE,SLC39A9,8.664456,21.107637
PatchAE,SLC39A9,8.756493,19.692934
PatchAE,SLC39A9,10.781377,21.058609
PatchAE,SLC39A9,7.945843,20.2938
PatchAE,SLC39A9,9.292902,15.595287
PatchAE,SLC39A9,7.448672,19.228828
PatchAE,SLC39A9,11.307245,19.181564
PatchAE,SLC39A9,7.8220606,19.58382
PatchAE,SLC39A9,8.773284,18.570951
PatchAE,SLC39A9,8.260303,16.350077
PatchAE,SLC39A9,6.597408,17.462103
PatchAE,SLC39A9,9.588151,21.73647
PatchAE,SLC39A9,7.741177,18.80987
PatchAE,SLC39A9,7.9667587,15.448285
PatchAE,SLC39A9,10.041709,19.32353
PatchAE,SLC39A9,6.2411923,19.043213
PatchAE,SLC39A9,6.331452,17.68834
PatchAE,SLC39A9,6.308515,20.186134
PatchAE,SLC39A9,8.326333,16.368332
PatchAE,SLC39A9,8.51391,16.61884
PatchAE,SLC39A9,9.03579,17.285572
PatchAE,SLC39A9,8.161545,16.298466
PatchAE,SLC39A9,7.3177114,20.06482
PatchAE,SLC39A9,7.8936977,17.826399
PatchAE,SLC39A9,7.849229,16.68952
PatchAE,SLC39A9,8.548087,21.246222
PatchAE,SLC39A9,8.2288,19.814182
PatchAE,SLC39A9,11.078241,20.054033
PatchAE,SLC39A9,8.810174,21.365177
PatchAE,SLC39A9,7.9872146,19.726309
PatchAE,SLC39A9,8.070494,17.258638
PatchAE,SLC39A9,11.119294,20.18494
PatchAE,SLC39A9,9.905266,21.603386
PatchAE,SLC39A9,7.83403,21.144201
PatchAE,SLC39A9,6.2624416,19.29185
PatchAE,SLC39A9,7.529535,20.76327
PatchAE,SLC39A9,11.138455,19.481085
PatchAE,SLC39A9,5.73922,12.426982
PatchAE,SLC39A9,9.179915,16.699371
PatchAE,SLC39A9,9.21139,16.88966
PatchAE,SLC39A9,11.026847,19.238783
PatchAE,SLC39A9,6.3184404,17.345358
PatchAE,SLC39A9,8.65575,20.82933
PatchAE,SLC39A9,8.666105,16.68136
PatchAE,SLC39A9,10.5370655,21.197384
PatchAE,SLC39A9,6.2829704,19.535461
PatchAE,SLC39A9,6.212367,19.08552
PatchAE,SLC39A9,8.438869,21.371088
PatchAE,SLC39A9,7.43266,16.504711
PatchAE,SLC39A9,7.5885878,19.087624
PatchAE,SLC39A9,7.4538803,16.670322
PatchAE,SLC39A9,7.5129733,14.437924
PatchAE,SLC39A9,9.400824,21.731268
PatchAE,SLC39A9,8.0425005,20.973385
PatchAE,SLC39A9,11.024698,19.026646
PatchAE,SLC39A9,7.852449,21.6254
PatchAE,SLC39A9,7.0139794,21.080322
PatchAE,SLC39A9,8.361848,18.47828
PatchAE,SLC39A9,9.538762,16.95712
PatchAE,SLC39A9,5.9517603,15.885605
PatchAE,SLC39A9,8.311354,16.299234
PatchAE,SLC39A9,6.257806,18.080019
PatchAE,SLC39A9,10.191239,20.557291
PatchAE,SLC39A9,9.247122,21.803207
PatchAE,SLC39A9,9.14669,21.811455
PatchAE,SLC39A9,9.344657,21.753014
PatchAE,SLC39A9,8.575744,21.654917
PatchAE,SLC39A9,8.775995,16.154566
PatchAE,SLC39A9,9.505119,21.492117
PatchAE,SLC39A9,6.8981414,19.667145
PatchAE,SLC39A9,8.409883,16.720642
PatchAE,SLC39A9,6.3511405,17.312246
PatchAE,SLC39A9,7.5521417,18.634521
PatchAE,SLC39A9,8.917062,21.243517
PatchAE,SLC39A9,7.386856,21.468224
PatchAE,SLC39A9,6.3506374,19.872797
PatchAE,SLC39A9,8.0802145,21.651064
PatchAE,SLC39A9,7.160465,21.327423
PatchAE,SLC39A9,6.303683,18.23268
PatchAE,SLC39A9,8.944495,18.855162
PatchAE,SLC39A9,7.9135656,17.988804
PatchAE,SLC39A9,9.494586,21.80799
PatchAE,SLC39A9,6.6412454,17.20888
PatchAE,SLC39A9,6.437164,18.79476
PatchAE,SLC39A9,10.485403,17.899471
PatchAE,SLC39A9,8.764417,20.772438
PatchAE,SLC39A9,9.05693,16.930542
PatchAE,SLC39A9,8.096273,16.45841
PatchAE,SLC39A9,6.8190827,21.029821
PatchAE,SLC39A9,6.425147,15.766511
PatchAE,SLC39A9,8.833651,18.48941
PatchAE,SLC39A9,9.715105,20.404745
PatchAE,SLC39A9,8.260127,21.14957
PatchAE,SLC39A9,9.604109,19.929464
PatchAE,SLC39A9,8.205438,20.941532
PatchAE,SLC39A9,8.495507,16.867458
PatchAE,SLC39A9,8.227803,17.8263
PatchAE,SLC39A9,8.836873,16.98729
PatchAE,SLC39A9,9.025517,21.946196
PatchAE,SLC39A9,9.688685,17.155878
PatchAE,SLC39A9,7.139613,18.441893
PatchAE,SLC39A9,8.518406,16.850481
PatchAE,SLC39A9,6.6155925,17.31287
PatchAE,SLC39A9,7.213843,16.796358
PatchAE,SLC39A9,9.924184,19.220427
PatchAE,SLC39A9,11.20907,19.40518
PatchAE,SLC39A9,9.086049,19.926441
PatchAE,SLC39A9,6.2141185,19.509466
PatchAE,SLC39A9,9.980366,21.613754
PatchAE,SLC39A9,8.518974,16.628666
PatchAE,SLC39A9,6.2258153,17.867783
PatchAE,SLC39A9,7.5470695,15.175676
PatchAE,SLC39A9,6.906063,20.835417
PatchAE,SLC39A9,9.634737,18.50682
PatchAE,SLC39A9,9.800224,21.59933
PatchAE,SLC39A9,8.422008,19.604874
PatchAE,SLC39A9,10.9235325,18.184996
PatchAE,SLC39A9,6.5515265,20.554796
PatchAE,SLC39A9,9.970244,21.525616
PatchAE,SLC39A9,8.799664,16.79217
PatchAE,SLC39A9,8.217366,18.242434
PatchAE,SLC39A9,11.144186,20.07307
PatchAE,SLC39A9,8.651209,20.609545
PatchAE,SLC39A9,7.461419,18.531185
PatchAE,SLC39A9,9.316463,16.77856
PatchAE,SLC39A9,8.035632,17.484333
PatchAE,SLC39A9,8.893145,18.482174
PatchAE,SLC39A9,9.691226,18.519459
PatchAE,SLC39A9,8.78268,16.971811
PatchAE,SLC39A9,8.322316,21.589119
PatchAE,SLC39A9,7.2934995,21.421663
PatchAE,SLC39A9,7.472539,21.44808
PatchAE,SLC39A9,8.994854,19.796585
PatchAE,SLC39A9,7.060993,19.199577
PatchAE,SLC39A9,8.10635,17.949057
PatchAE,SLC39A9,8.802308,21.57756
PatchAE,SLC39A9,10.600413,18.003462
PatchAE,SLC39A9,7.1751595,16.668524
PatchAE,SLC39A9,8.581231,19.849358
PatchAE,SLC39A9,11.017072,19.959879
PatchAE,SLC39A9,8.2806425,16.689491
PatchAE,SLC39A9,8.0401945,20.678062
PatchAE,SLC39A9,11.200304,19.851967
PatchAE,SLC39A9,10.376602,21.235634
PatchAE,SLC39A9,8.369093,16.647896
PatchAE,SLC39A9,8.185252,18.70132
PatchAE,SLC39A9,11.024378,20.316637
PatchAE,SLC39A9,6.5066905,17.942457
PatchAE,SLC39A9,8.6205225,20.505878
PatchAE,SLC39A9,8.38876,21.29013
PatchAE,SLC39A9,7.409827,16.025833
PatchAE,SLC39A9,8.902117,21.55266
PatchAE,SLC39A9,8.01636,18.604462
PatchAE,SLC39A9,6.3958325,17.33686
PatchAE,SLC39A9,7.8577957,19.22884
PatchAE,SLC39A9,8.35855,17.487593
PatchAE,SLC39A9,6.37567,19.273115
PatchAE,SLC39A9,11.394039,20.123838
PatchAE,SLC39A9,8.491251,21.299526
PatchAE,SLC39A9,10.1642885,21.626287
PatchAE,SLC39A9,6.004928,19.28761
PatchAE,SLC39A9,7.756822,19.591635
PatchAE,SLC39A9,7.798759,19.774796
PatchAE,SLC39A9,8.85792,21.50393
PatchAE,SLC39A9,9.429451,17.07981
PatchAE,SLC39A9,7.3567038,16.950493
PatchAE,SLC39A9,8.755934,20.693039
PatchAE,SLC39A9,8.253259,16.694643
PatchAE,SLC39A9,8.399241,21.352173
PatchAE,SLC39A9,10.637457,17.945927
PatchAE,SLC39A9,8.448739,16.532618
PatchAE,SLC39A9,8.289858,19.417181
PatchAE,SLC39A9,10.280442,21.553738
PatchAE,SLC39A9,8.472987,18.3029
PatchAE,SLC39A9,9.792415,17.353054
PatchAE,SLC39A9,6.460801,19.729967
PatchAE,SLC39A9,6.1230545,19.27553
PatchAE,SLC39A9,9.37251,16.84991
PatchAE,SLC39A9,11.028723,19.972126
PatchAE,SLC39A9,7.7233515,19.359175
PatchAE,SLC39A9,10.582712,21.262646
Global VAE (z = 128),Control,6.206713,18.614374
Global VAE (z = 128),Control,10.447128,21.533625
Global VAE (z = 128),Control,7.121458,20.141012
Global VAE (z = 128),Control,6.043726,19.158836
Global VAE (z = 128),Control,6.8264165,21.019642
Global VAE (z = 128),Control,8.446983,18.171165
Global VAE (z = 128),Control,7.1124573,15.601142
Global VAE (z = 128),Control,9.05538,19.811714
Global VAE (z = 128),Control,9.321,18.145485
Global VAE (z = 128),Control,9.203441,19.628834
Global VAE (z = 128),Control,6.3339143,17.646715
Global VAE (z = 128),Control,8.324854,19.781834
Global VAE (z = 128),Control,6.6511097,16.963326
Global VAE (z = 128),Control,10.005653,19.452194
Global VAE (z = 128),Control,9.185481,17.667461
Global VAE (z = 128),Control,11.1528015,19.312092
Global VAE (z = 128),Control,8.99367,21.818632
Global VAE (z = 128),Control,8.9752655,21.667494
Global VAE (z = 128),Control,7.357005,18.937374
Global VAE (z = 128),Control,9.439392,18.108574
Global VAE (z = 128),Control,7.5247374,18.224083
Global VAE (z = 128),Control,8.601473,21.45995
Global VAE (z = 128),Control,10.082893,21.767843
Global VAE (z = 128),Control,7.8383374,17.688139
Global VAE (z = 128),Control,9.899976,21.753904
Global VAE (z = 128),Control,7.7856765,19.41661
Global VAE (z = 128),Control,10.562137,21.423761
Global VAE (z = 128),Control,8.865254,18.308363
Global VAE (z = 128),Control,9.34367,17.466003
Global VAE (z = 128),Control,10.850799,18.540733
Global VAE (z = 128),Control,11.157856,19.919258
Global VAE (z = 128),Control,8.211771,21.634514
Global VAE (z = 128),Control,6.315867,19.934507
Global VAE (z = 128),Control,6.38201,18.468826
Global VAE (z = 128),Control,11.027365,20.225666
Global VAE (z = 128),Control,10.19478,21.61428
Global VAE (z = 128),Control,8.211236,18.26001
Global VAE (z = 128),Control,7.864091,20.516642
Global VAE (z = 128),Control,9.012633,18.104631
Global VAE (z = 128),Control,7.597053,21.513956
Global VAE (z = 128),Control,8.646067,18.721048
Global VAE (z = 128),Control,7.777558,18.834433
Global VAE (z = 128),Control,8.961246,19.807781
Global VAE (z = 128),Control,7.031178,18.184946
Global VAE (z = 128),Control,6.6876173,20.408459
Global VAE (z = 128),Control,10.220273,18.769642
Global VAE (z = 128),Control,9.859682,21.736662
Global VAE (z = 128),Control,8.719093,18.763546
Global VAE (z = 128),Control,9.288484,18.910927
Global VAE (z = 128),Control,9.690401,21.512114
Global VAE (z = 128),Control,7.8538513,21.526634
Global VAE (z = 128),Control,11.036185,19.501808
Global VAE (z = 128),Control,9.120101,21.757647
Global VAE (z = 128),Control,11.234268,19.727018
Global VAE (z = 128),Control,8.689711,18.680225
Global VAE (z = 128),Control,7.714413,17.413984
Global VAE (z = 128),Control,9.585558,15.398784
Global VAE (z = 128),Control,7.3400416,21.404236
Global VAE (z = 128),Control,8.051074,18.564486
Global VAE (z = 128),Control,6.2226586,17.245436
Global VAE (z = 128),Control,9.060555,18.224081
Global VAE (z = 128),Control,8.825675,19.653053
Global VAE (z = 128),Control,9.195571,21.69392
Global VAE (z = 128),Control,6.710073,18.706293
Global VAE (z = 128),Control,10.492008,19.666782
Global VAE (z = 128),Control,7.7700357,21.043774
Global VAE (z = 128),Control,8.699235,16.365345
Global VAE (z = 128),Control,11.271242,20.25792
Global VAE (z = 128),Control,10.157922,21.605337
Global VAE (z = 128),Control,6.283915,17.45542
Global VAE (z = 128),Control,6.294481,18.129599
Global VAE (z = 128),Control,11.098645,19.039
Global VAE (z = 128),Control,8.849783,18.285418
Global VAE (z = 128),Control,7.9847536,19.960285
Global VAE (z = 128),Control,7.888161,18.81369
Global VAE (z = 128),Control,7.391104,18.753244
Global VAE (z = 128),Control,8.271269,19.605625
Global VAE (z = 128),Control,8.851338,21.713974
Global VAE (z = 128),Control,6.275841,17.883049
Global VAE (z = 128),Control,8.438485,16.155254
Global VAE (z = 128),Control,11.188071,20.283321
Global VAE (z = 128),Control,8.139877,17.830488
Global VAE (z = 128),Control,9.093683,19.727526
Global VAE (z = 128),Control,7.366723,19.806091
Global VAE (z = 128),Control,7.525664,20.462833
Global VAE (z = 128),Control,7.0632052,19.206661
Global VAE (z = 128),Control,9.542323,18.237644
Global VAE (z = 128),Control,8.45055,18.439577
Global VAE (z = 128),Control,10.344054,21.294352
Global VAE (z = 128),Control,8.189934,21.296844
Global VAE (z = 128),Control,8.950381,18.422634
Global VAE (z = 128),Control,9.059531,21.740017
Global VAE (z = 128),Control,11.051962,18.820248
Global VAE (z = 128),Control,10.011312,21.63271
Global VAE (z = 128),Control,8.675404,18.572884
Global VAE (z = 128),Control,8.087733,19.954878
Global VAE (z = 128),Control,7.658372,17.71207
Global VAE (z = 128),Control,8.797462,18.48248
Global VAE (z = 128),Control,8.156136,20.82354
Global VAE (z = 128),Control,6.136904,19.244968
Global VAE (z = 128),Control,9.417774,21.700136
Global VAE (z = 128),Control,7.885778,21.450954
Global VAE (z = 128),Control,7.4973683,19.410845
Global VAE (z = 128),Control,7.287178,18.279932
Global VAE (z = 128),Control,9.928185,21.700304
Global VAE (z = 128),Control,8.185323,20.226583
Global VAE (z = 128),Control,7.888839,21.280575
Global VAE (z = 128),Control,6.1581154,18.797598
Global VAE (z = 128),Control,8.846546,18.318556
Global VAE (z = 128),Control,7.172687,16.683947
Global VAE (z = 128),Control,8.0290575,20.014574
Global VAE (z = 128),Control,10.294344,21.658482
Global VAE (z = 128),Control,10.483162,19.68302
Global VAE (z = 128),Control,6.7116766,17.96883
Global VAE (z = 128),Control,9.087541,20.043066
Global VAE (z = 128),Control,8.5368185,17.739897
Global VAE (z = 128),Control,7.9203897,19.425495
Global VAE (z = 128),Control,10.073537,19.043575
Global VAE (z = 128),Control,8.314608,19.879562
Global VAE (z = 128),Control,7.882246,16.544968
Global VAE (z = 128),Control,9.701788,21.564089
Global VAE (z = 128),Control,9.596608,18.34156
Global VAE (z = 128),Control,8.356705,19.011145
Global VAE (z = 128),Control,8.963707,18.473642
Global VAE (z = 128),Control,7.4541235,16.209044
Global VAE (z = 128),Control,7.9490952,14.394432
Global VAE (z = 128),Control,6.594116,17.188162
Global VAE (z = 128),Control,6.082759,18.817488
Global VAE (z = 128),Control,6.991798,20.41149
Global VAE (z = 128),Control,8.810973,19.80804
Global VAE (z = 128),Control,10.686878,21.150602
Global VAE (z = 128),Control,6.15468,18.956898
Global VAE (z = 128),Control,9.066158,19.32452
Global VAE (z = 128),Control,6.417587,18.191334
Global VAE (z = 128),Control,7.9171934,19.87919
Global VAE (z = 128),Control,9.4904785,21.655245
Global VAE (z = 128),Control,8.954262,18.022076
Global VAE (z = 128),Control,6.892592,20.945246
Global VAE (z = 128),Control,7.832108,19.49058
Global VAE (z = 128),Control,8.422509,19.305319
Global VAE (z = 128),Control,8.842882,21.73189
Global VAE (z = 128),Control,6.437857,18.12467
Global VAE (z = 128),Control,6.258523,17.456173
Global VAE (z = 128),Control,9.493379,17.287739
Global VAE (z = 128),Control,11.210363,19.884779
Global VAE (z = 128),Control,8.689134,18.565403
Global VAE (z = 128),Control,10.77108,21.256739
Global VAE (z = 128),Control,8.383207,17.379955
Global VAE (z = 128),Control,8.60481,18.661024
Global VAE (z = 128),Control,11.4414425,20.030382
Global VAE (z = 128),Control,10.148504,18.42755
Global VAE (z = 128),Control,6.03238,18.913635
Global VAE (z = 128),Control,9.935984,18.424068
Global VAE (z = 128),Control,6.07859,18.937992
Global VAE (z = 128),Control,8.926078,21.660984
Global VAE (z = 128),Control,11.231437,20.610975
Global VAE (z = 128),Control,8.271542,18.674906
Global VAE (z = 128),Control,6.5928135,19.063765
Global VAE (z = 128),Control,8.092951,21.537569
Global VAE (z = 128),Control,7.9449215,19.13504
Global VAE (z = 128),Control,7.2979665,18.778362
Global VAE (z = 128),Control,9.120783,21.698418
Global VAE (z = 128),Control,8.304143,18.670418
Global VAE (z = 128),Control,7.2672353,13.522247
Global VAE (z = 128),Control,11.139977,19.238245
Global VAE (z = 128),Control,8.141415,18.815378
Global VAE (z = 128),Control,7.7076635,19.739296
Global VAE (z = 128),Control,6.2546725,19.471577
Global VAE (z = 128),Control,7.5507703,21.552748
Global VAE (z = 128),Control,9.524409,18.77269
Global VAE (z = 128),Control,10.611475,21.459055
Global VAE (z = 128),Control,8.415597,21.173645
Global VAE (z = 128),Control,6.4974914,17.59987
Global VAE (z = 128),Control,11.13068,20.588257
Global VAE (z = 128),Control,7.9189906,17.99972
Global VAE (z = 128),Control,9.600666,18.241585
Global VAE (z = 128),Control,6.702173,20.427248
Global VAE (z = 128),Control,11.019903,20.13324
Global VAE (z = 128),Control,7.722438,17.109993
Global VAE (z = 128),Control,9.495593,18.451262
Global VAE (z = 128),Control,7.8613687,21.271841
Global VAE (z = 128),Control,7.155806,18.500286
Global VAE (z = 128),Control,6.924582,16.950502
Global VAE (z = 128),Control,9.099117,19.737623
Global VAE (z = 128),Control,10.580756,17.879028
Global VAE (z = 128),Control,6.351474,18.51951
Global VAE (z = 128),Control,6.300474,18.106924
Global VAE (z = 128),Control,9.319734,17.262133
Global VAE (z = 128),Control,7.3681335,18.522589
Global VAE (z = 128),Control,8.038977,19.154701
Global VAE (z = 128),Control,6.2961416,19.352537
Global VAE (z = 128),Control,6.7046266,19.421883
Global VAE (z = 128),Control,7.9311695,20.196999
Global VAE (z = 128),Control,9.769308,17.282845
Global VAE (z = 128),Control,11.203083,19.82035
Global VAE (z = 128),Control,8.534319,17.697622
Global VAE (z = 128),Control,7.246734,18.177448
Global VAE (z = 128),Control,6.3755817,19.828568
Global VAE (z = 128),Control,6.31538,17.818571
Global VAE (z = 128),Control,8.773591,21.140417
Global VAE (z = 128),Control,9.711322,21.7838
Global VAE (z = 128),Control,10.06567,19.413073
Global VAE (z = 128),Control,10.315556,19.868944
Global VAE (z = 128),Control,10.82213,18.313234
Global VAE (z = 128),Control,6.216655,17.851841
Global VAE (z = 128),Control,6.142723,19.236134
Global VAE (z = 128),Control,6.405953,19.720257
Global VAE (z = 128),Control,10.298743,19.316986
Global VAE (z = 128),Control,6.4462967,17.94375
Global VAE (z = 128),Control,11.11123,19.900265
Global VAE (z = 128),Control,8.2984915,16.810032
Global VAE (z = 128),Control,6.504262,20.251705
Global VAE (z = 128),Control,6.3586144,19.685703
Global VAE (z = 128),Control,8.122623,21.161772
Global VAE (z = 128),Control,8.679033,18.723957
Global VAE (z = 128),Control,8.177956,19.00198
Global VAE (z = 128),Control,9.638041,20.649117
Global VAE (z = 128),Control,10.638247,18.299217
Global VAE (z = 128),Control,6.3629045,17.668648
Global VAE (z = 128),Control,6.6313457,17.162468
Global VAE (z = 128),Control,7.4612794,19.30229
Global VAE (z = 128),Control,8.810087,18.538242
Global VAE (z = 128),Control,8.463077,20.313217
Global VAE (z = 128),Control,10.450769,18.28409
Global VAE (z = 128),Control,6.6506577,17.99353
Global VAE (z = 128),Control,6.1497655,18.905125
Global VAE (z = 128),Control,6.2887692,18.476955
Global VAE (z = 128),Control,8.135528,17.64394
Global VAE (z = 128),Control,9.089061,20.456669
Global VAE (z = 128),Control,9.980815,18.472548
Global VAE (z = 128),Control,11.052162,20.316916
Global VAE (z = 128),Control,7.0659733,19.12015
Global VAE (z = 128),Control,8.943433,17.952763
Global VAE (z = 128),Control,7.390439,20.064758
Global VAE (z = 128),Control,8.001199,21.320768
Global VAE (z = 128),Control,6.4552283,20.290714
Global VAE (z = 128),Control,6.196148,19.500622
Global VAE (z = 128),Control,8.338165,18.993893
Global VAE (z = 128),Control,8.2121,19.555676
Global VAE (z = 128),Control,9.272586,16.62451
Global VAE (z = 128),Control,8.181763,17.019049
Global VAE (z = 128),Control,6.039512,18.648752
Global VAE (z = 128),Control,10.916386,20.874657
Global VAE (z = 128),Control,6.68462,17.072113
Global VAE (z = 128),Control,6.251712,18.8108
Global VAE (z = 128),Control,8.726807,18.411139
Global VAE (z = 128),Control,11.260096,19.783073
Global VAE (z = 128),Control,6.276241,20.267483
Global VAE (z = 128),Control,8.802491,20.874418
Global VAE (z = 128),Control,9.212203,19.571712
Global VAE (z = 128),HSPA9,7.6616483,16.363625
Global VAE (z = 128),HSPA9,5.4291873,12.675956
Global VAE (z = 128),HSPA9,7.268935,15.445691
Global VAE (z = 128),HSPA9,6.0271773,12.880656
Global VAE (z = 128),HSPA9,5.584294,12.623371
Global VAE (z = 128),HSPA9,9.388075,19.584211
Global VAE (z = 128),HSPA9,5.773122,15.434272
Global VAE (z = 128),HSPA9,5.806849,14.913133
Global VAE (z = 128),HSPA9,6.181398,14.797589
Global VAE (z = 128),HSPA9,7.2499943,13.394731
Global VAE (z = 128),HSPA9,5.5139046,15.227115
Global VAE (z = 128),HSPA9,3.6695216,14.1214485
Global VAE (z = 128),HSPA9,5.5291195,12.107863
Global VAE (z = 128),HSPA9,7.2097087,16.182644
Global VAE (z = 128),HSPA9,6.596639,14.097232
Global VAE (z = 128),HSPA9,3.8416512,13.347476
Global VAE (z = 128),HSPA9,5.556963,12.574245
Global VAE (z = 128),HSPA9,5.539686,12.294273
Global VAE (z = 128),HSPA9,5.666037,12.620825
Global VAE (z = 128),HSPA9,8.260073,21.139198
Global VAE (z = 128),HSPA9,5.667645,11.611218
Global VAE (z = 128),HSPA9,6.28501,16.229753
Global VAE (z = 128),HSPA9,10.9632225,21.13346
Global VAE (z = 128),HSPA9,5.3006473,13.35721
Global VAE (z = 128),HSPA9,6.3396506,15.8989315
Global VAE (z = 128),HSPA9,6.3162193,13.249328
Global VAE (z = 128),HSPA9,5.6637697,12.546698
Global VAE (z = 128),HSPA9,6.1353426,14.826271
Global VAE (z = 128),HSPA9,4.3433414,13.482621
Global VAE (z = 128),HSPA9,6.173522,12.916213
Global VAE (z = 128),HSPA9,5.4913974,15.091928
Global VAE (z = 128),HSPA9,6.221367,17.769064
Global VAE (z = 128),HSPA9,6.713371,13.053649
Global VAE (z = 128),HSPA9,6.799306,19.474905
Global VAE (z = 128),HSPA9,5.758887,12.451398
Global VAE (z = 128),HSPA9,6.4549465,13.22911
Global VAE (z = 128),HSPA9,5.6488333,14.569069
Global VAE (z = 128),HSPA9,8.0562315,19.669144
Global VAE (z = 128),HSPA9,6.7854614,14.323324
Global VAE (z = 128),HSPA9,5.598148,14.894922
Global VAE (z = 128),HSPA9,6.030694,13.101431
Global VAE (z = 128),HSPA9,6.882415,15.932003
Global VAE (z = 128),HSPA9,7.753826,19.007246
Global VAE (z = 128),HSPA9,6.330725,15.772224
Global VAE (z = 128),HSPA9,7.3243885,13.085712
Global VAE (z = 128),HSPA9,6.605917,16.095953
Global VAE (z = 128),HSPA9,6.848753,15.138801
Global VAE (z = 128),HSPA9,6.91699,14.517733
Global VAE (z = 128),HSPA9,3.6702998,14.153862
Global VAE (z = 128),HSPA9,6.067766,12.582664
Global VAE (z = 128),HSPA9,8.240389,21.606234
Global VAE (z = 128),HSPA9,5.602954,12.776711
Global VAE (z = 128),HSPA9,6.547127,15.648655
Global VAE (z = 128),HSPA9,7.4000225,13.265743
Global VAE (z = 128),HSPA9,5.775643,13.2305565
Global VAE (z = 128),HSPA9,6.855593,13.187747
Global VAE (z = 128),HSPA9,5.692974,12.389022
Global VAE (z = 128),HSPA9,9.975145,18.77644
Global VAE (z = 128),HSPA9,5.9826875,18.88307
Global VAE (z = 128),HSPA9,6.59211,14.9246645
Global VAE (z = 128),HSPA9,6.8397083,14.0596485
Global VAE (z = 128),HSPA9,6.7400217,14.205757
Global VAE (z = 128),HSPA9,7.286417,12.991356
Global VAE (z = 128),HSPA9,5.989965,12.680893
Global VAE (z = 128),HSPA9,5.6656375,12.684358
Global VAE (z = 128),HSPA9,5.500119,14.895372
Global VAE (z = 128),HSPA9,5.340848,13.754126
Global VAE (z = 128),HSPA9,5.179384,15.389922
Global VAE (z = 128),HSPA9,11.109185,19.997839
Global VAE (z = 128),HSPA9,6.231319,13.120706
Global VAE (z = 128),HSPA9,6.196146,14.986848
Global VAE (z = 128),HSPA9,5.511148,12.770355
Global VAE (z = 128),HSPA9,5.464433,11.959318
Global VAE (z = 128),HSPA9,7.5592093,13.657364
Global VAE (z = 128),HSPA9,6.427417,16.17882
Global VAE (z = 128),HSPA9,5.964612,13.071659
Global VAE (z = 128),HSPA9,7.0701823,12.553755
Global VAE (z = 128),HSPA9,5.9044857,12.732762
Global VAE (z = 128),HSPA9,5.7147927,15.529773
Global VAE (z = 128),HSPA9,6.6780157,14.475234
Global VAE (z = 128),HSPA9,6.127506,13.954515
Global VAE (z = 128),HSPA9,5.8738637,12.7992115
Global VAE (z = 128),HSPA9,6.1928945,14.927034
Global VAE (z = 128),HSPA9,6.1812844,16.329803
Global VAE (z = 128),HSPA9,7.398315,13.504356
Global VAE (z = 128),HSPA9,5.986464,14.818811
Global VAE (z = 128),HSPA9,5.42049,14.768654
Global VAE (z = 128),HSPA9,3.6664057,14.10521
Global VAE (z = 128),HSPA9,5.8537116,14.580397
Global VAE (z = 128),HSPA9,6.320218,13.239504
Global VAE (z = 128),HSPA9,3.8483486,13.333905
Global VAE (z = 128),HSPA9,7.1192784,14.881959
Global VAE (z = 128),HSPA9,4.789703,13.549456
Global VAE (z = 128),HSPA9,3.6408832,13.437364
Global VAE (z = 128),HSPA9,5.782831,12.575708
Global VAE (z = 128),HSPA9,7.0202203,13.985075
Global VAE (z = 128),HSPA9,8.081954,20.471048
Global VAE (z = 128),HSPA9,5.746799,12.786911
Global VAE (z = 128),HSPA9,5.5534983,12.452207
Global VAE (z = 128),HSPA9,4.9349685,15.062492
Global VAE (z = 128),HSPA9,5.914579,13.069267
Global VAE (z = 128),HSPA9,7.975049,17.477287
Global VAE (z = 128),HSPA9,5.248116,15.524676
Global VAE (z = 128),HSPA9,5.4509535,15.231507
Global VAE (z = 128),HSPA9,7.3388023,16.949446
Global VAE (z = 128),HSPA9,5.9341745,14.879616
Global VAE (z = 128),HSPA9,6.4107265,13.705243
Global VAE (z = 128),HSPA9,7.174432,15.425465
Global VAE (z = 128),HSPA9,6.641097,13.778828
Global VAE (z = 128),HSPA9,7.0534754,14.146077
Global VAE (z = 128),HSPA9,4.375331,13.608775
Global VAE (z = 128),HSPA9,5.71201,12.694944
Global VAE (z = 128),HSPA9,5.6504083,12.895014
Global VAE (z = 128),HSPA9,6.3066597,16.159483
Global VAE (z = 128),HSPA9,5.787088,12.902955
Global VAE (z = 128),HSPA9,5.9563537,15.415145
Global VAE (z = 128),HSPA9,5.49535,12.741003
Global VAE (z = 128),HSPA9,7.623173,16.181597
Global VAE (z = 128),HSPA9,6.716308,16.080929
Global VAE (z = 128),HSPA9,6.4182396,15.663984
Global VAE (z = 128),HSPA9,5.4106646,12.248901
Global VAE (z = 128),HSPA9,6.2918334,13.101346
Global VAE (z = 128),HSPA9,5.752244,14.349018
Global VAE (z = 128),HSPA9,5.3260293,12.256418
Global VAE (z = 128),HSPA9,6.427914,16.884802
Global VAE (z = 128),HSPA9,7.459586,13.490955
Global VAE (z = 128),HSPA9,6.5321174,13.3472595
Global VAE (z = 128),HSPA9,6.7336016,13.992222
Global VAE (z = 128),HSPA9,7.4503655,13.064013
Global VAE (z = 128),HSPA9,9.965522,21.768572
Global VAE (z = 128),HSPA9,5.930859,12.704661
Global VAE (z = 128),HSPA9,3.738051,14.067938
Global VAE (z = 128),HSPA9,6.5567007,15.241889
Global VAE (z = 128),HSPA9,7.381739,13.015806
Global VAE (z = 128),HSPA9,6.3101053,13.265809
Global VAE (z = 128),HSPA9,6.350027,13.098707
Global VAE (z = 128),HSPA9,6.5591908,12.716906
Global VAE (z = 128),HSPA9,7.044747,13.112169
Global VAE (z = 128),HSPA9,6.394398,15.679286
Global VAE (z = 128),HSPA9,6.8198295,13.992076
Global VAE (z = 128),HSPA9,5.1798162,13.939398
Global VAE (z = 128),HSPA9,3.661612,14.067843
Global VAE (z = 128),HSPA9,6.191732,13.104328
Global VAE (z = 128),HSPA9,4.3939023,13.97401
Global VAE (z = 128),HSPA9,6.293523,18.30874
Global VAE (z = 128),HSPA9,3.8566186,13.878073
Global VAE (z = 128),HSPA9,4.370896,12.989597
Global VAE (z = 128),HSPA9,7.3309927,19.70926
Global VAE (z = 128),HSPA9,6.6650147,13.919643
Global VAE (z = 128),HSPA9,5.862166,12.703547
Global VAE (z = 128),HSPA9,6.0678144,13.0686
Global VAE (z = 128),HSPA9,6.4666734,16.3783
Global VAE (z = 128),HSPA9,9.599906,21.792631
Global VAE (z = 128),HSPA9,10.673507,21.462742
Global VAE (z = 128),HSPA9,6.086269,13.017554
Global VAE (z = 128),HSPA9,8.046641,21.221632
Global VAE (z = 128),HSPA9,5.488899,12.063489
Global VAE (z = 128),HSPA9,5.699069,12.972905
Global VAE (z = 128),HSPA9,10.689323,20.69465
Global VAE (z = 128),HSPA9,6.089655,12.812788
Global VAE (z = 128),HSPA9,6.1057777,14.457475
Global VAE (z = 128),HSPA9,7.9646907,21.59433
Global VAE (z = 128),HSPA9,6.461783,13.297406
Global VAE (z = 128),HSPA9,3.7387366,14.036441
Global VAE (z = 128),HSPA9,6.1016145,20.041063
Global VAE (z = 128),HSPA9,6.8743997,12.692877
Global VAE (z = 128),HSPA9,7.311079,12.492532
Global VAE (z = 128),HSPA9,5.183246,14.631181
Global VAE (z = 128),HSPA9,5.8249164,15.071848
Global VAE (z = 128),HSPA9,5.3521495,12.20245
Global VAE (z = 128),HSPA9,5.845151,12.98446
Global VAE (z = 128),HSPA9,8.176234,17.509834
Global VAE (z = 128),HSPA9,7.3368382,16.076729
Global VAE (z = 128),HSPA9,6.739824,15.811978
Global VAE (z = 128),HSPA9,5.4264755,12.524093
Global VAE (z = 128),HSPA9,9.0215,21.778704
Global VAE (z = 128),HSPA9,6.2916327,16.830883
Global VAE (z = 128),HSPA9,6.46166,16.274208
Global VAE (z = 128),HSPA9,7.318836,15.77858
Global VAE (z = 128),HSPA9,6.130847,16.702845
Global VAE (z = 128),HSPA9,7.083064,14.078764
Global VAE (z = 128),HSPA9,5.848486,12.88174
Global VAE (z = 128),HSPA9,7.5192127,21.562185
Global VAE (z = 128),HSPA9,7.070801,14.796891
Global VAE (z = 128),HSPA9,6.1435447,16.407528
Global VAE (z = 128),HSPA9,5.497256,12.6708765
Global VAE (z = 128),HSPA9,5.8889217,15.245913
Global VAE (z = 128),HSPA9,5.9694476,13.859305
Global VAE (z = 128),HSPA9,7.028343,13.27492
Global VAE (z = 128),HSPA9,3.852466,13.941381
Global VAE (z = 128),HSPA9,6.3165355,13.698856
Global VAE (z = 128),HSPA9,7.4709926,15.383151
Global VAE (z = 128),HSPA9,5.560047,12.704135
Global VAE (z = 128),HSPA9,5.506811,11.995411
Global VAE (z = 128),HSPA9,5.969561,12.019016
Global VAE (z = 128),HSPA9,5.742023,14.827132
Global VAE (z = 128),HSPA9,6.984778,13.734635
Global VAE (z = 128),HSPA9,6.0723343,15.0030365
Global VAE (z = 128),HSPA9,5.7046723,12.625515
Global VAE (z = 128),HSPA9,6.551101,13.243987
Global VAE (z = 128),HSPA9,6.1951065,15.120102
Global VAE (z = 128),HSPA9,6.10197,14.09218
Global VAE (z = 128),HSPA9,6.072558,19.6082
Global VAE (z = 128),HSPA9,4.4288406,14.0189905
Global VAE (z = 128),HSPA9,5.6258707,12.556688
Global VAE (z = 128),HSPA9,6.3667502,12.983031
Global VAE (z = 128),HSPA9,7.1713,15.668358
Global VAE (z = 128),HSPA9,6.2398167,15.851846
Global VAE (z = 128),HSPA9,5.8687477,15.740083
Global VAE (z = 128),HSPA9,7.3544116,21.39312
Global VAE (z = 128),HSPA9,6.553756,13.188327
Global VAE (z = 128),HSPA9,5.874553,15.484112
Global VAE (z = 128),HSPA9,5.8899603,13.11111
Global VAE (z = 128),HSPA9,5.7313547,15.362768
Global VAE (z = 128),HSPA9,7.5652246,19.27584
Global VAE (z = 128),HSPA9,6.629423,16.275553
Global VAE (z = 128),HSPA9,5.5943027,15.085614
Global VAE (z = 128),HSPA9,6.793481,12.15138
Global VAE (z = 128),HSPA9,6.59055,13.048084
Global VAE (z = 128),HSPA9,6.327358,16.21702
Global VAE (z = 128),HSPA9,5.71904,12.628864
Global VAE (z = 128),HSPA9,6.1227803,19.538641
Global VAE (z = 128),HSPA9,7.011609,16.017904
Global VAE (z = 128),HSPA9,5.915318,12.569371
Global VAE (z = 128),HSPA9,6.467456,13.425851
Global VAE (z = 128),HSPA9,5.552535,14.468569
Global VAE (z = 128),HSPA9,6.608673,14.889295
Global VAE (z = 128),HSPA9,6.967021,21.461807
Global VAE (z = 128),HSPA9,5.5092683,12.275642
Global VAE (z = 128),HSPA9,6.589157,13.544898
Global VAE (z = 128),HSPA9,6.5945053,13.4404335
Global VAE (z = 128),HSPA9,6.40322,16.136456
Global VAE (z = 128),HSPA9,6.172309,12.881628
Global VAE (z = 128),HSPA9,6.319561,16.013033
Global VAE (z = 128),HSPA9,5.8284974,13.149794
Global VAE (z = 128),HSPA9,6.877569,21.211372
Global VAE (z = 128),HSPA9,6.717458,13.734105
Global VAE (z = 128),HSPA9,3.7064939,13.878772
Global VAE (z = 128),HSPA9,5.39501,12.108057
Global VAE (z = 128),HSPA9,5.998601,14.537038
Global VAE (z = 128),HSPA9,5.5871325,13.917282
Global VAE (z = 128),HSPA9,7.47977,15.719943
Global VAE (z = 128),HSPA9,6.0405526,13.283022
Global VAE (z = 128),HSPA9,6.3545437,13.226721
Global VAE (z = 128),HSPA9,6.724491,15.663968
Global VAE (z = 128),HSPA9,10.148426,21.685873
Global VAE (z = 128),HSPA9,6.309296,15.251823
Global VAE (z = 128),HSPA9,5.8676844,14.873282
Global VAE (z = 128),HSPA9,7.0488176,14.848637
Global VAE (z = 128),HSPA9,6.621085,13.823758
Global VAE (z = 128),NCBP2,11.624771,19.395752
Global VAE (z = 128),NCBP2,9.948701,17.397455
Global VAE (z = 128),NCBP2,9.536284,19.812157
Global VAE (z = 128),NCBP2,8.855556,18.370829
Global VAE (z = 128),NCBP2,12.18772,19.04327
Global VAE (z = 128),NCBP2,6.2198315,18.496317
Global VAE (z = 128),NCBP2,10.074976,17.313671
Global VAE (z = 128),NCBP2,9.2145605,19.126886
Global VAE (z = 128),NCBP2,9.840392,19.76212
Global VAE (z = 128),NCBP2,10.041528,19.333569
Global VAE (z = 128),NCBP2,8.410027,17.468937
Global VAE (z = 128),NCBP2,9.617254,19.41793
Global VAE (z = 128),NCBP2,9.640921,19.566116
Global VAE (z = 128),NCBP2,9.885241,19.676207
Global VAE (z = 128),NCBP2,11.006985,20.4524
Global VAE (z = 128),NCBP2,10.062813,19.661139
Global VAE (z = 128),NCBP2,9.695512,18.474354
Global VAE (z = 128),NCBP2,9.605272,16.611696
Global VAE (z = 128),NCBP2,11.093494,18.951965
Global VAE (z = 128),NCBP2,10.898181,21.160015
Global VAE (z = 128),NCBP2,11.17869,20.270391
Global VAE (z = 128),NCBP2,8.765096,19.481699
Global VAE (z = 128),NCBP2,6.3469443,19.807991
Global VAE (z = 128),NCBP2,9.54183,19.467934
Global VAE (z = 128),NCBP2,10.9077215,17.324142
Global VAE (z = 128),NCBP2,9.567653,21.660122
Global VAE (z = 128),NCBP2,9.6186,17.219397
Global VAE (z = 128),NCBP2,9.146762,21.83295
Global VAE (z = 128),NCBP2,11.741624,18.82758
Global VAE (z = 128),NCBP2,8.198571,21.284523
Global VAE (z = 128),NCBP2,9.30131,19.041489
Global VAE (z = 128),NCBP2,7.8290114,19.051107
Global VAE (z = 128),NCBP2,9.633848,16.772709
Global VAE (z = 128),NCBP2,9.347586,19.709517
Global VAE (z = 128),NCBP2,9.740973,19.311974
Global VAE (z = 128),NCBP2,7.749282,18.739374
Global VAE (z = 128),NCBP2,10.575472,18.077356
Global VAE (z = 128),NCBP2,9.70704,16.9622
Global VAE (z = 128),NCBP2,9.819158,17.96031
Global VAE (z = 128),NCBP2,7.543367,18.775906
Global VAE (z = 128),NCBP2,11.805035,18.869913
Global VAE (z = 128),NCBP2,9.382501,19.225622
Global VAE (z = 128),NCBP2,9.136149,18.992216
Global VAE (z = 128),NCBP2,11.141305,19.705784
Global VAE (z = 128),NCBP2,9.657012,20.484896
Global VAE (z = 128),NCBP2,10.55551,20.328072
Global VAE (z = 128),NCBP2,9.6223135,16.892712
Global VAE (z = 128),NCBP2,7.872012,18.37151
Global VAE (z = 128),NCBP2,7.416072,18.31077
Global VAE (z = 128),NCBP2,9.686929,19.682884
Global VAE (z = 128),NCBP2,7.9950075,19.750961
Global VAE (z = 128),NCBP2,6.441699,17.39518
Global VAE (z = 128),NCBP2,10.155111,17.5508
Global VAE (z = 128),NCBP2,9.250595,18.703964
Global VAE (z = 128),NCBP2,11.182503,20.503876
Global VAE (z = 128),NCBP2,9.547818,17.120495
Global VAE (z = 128),NCBP2,11.223876,20.721264
Global VAE (z = 128),NCBP2,7.2558208,18.086002
Global VAE (z = 128),NCBP2,7.8283005,17.99231
Global VAE (z = 128),NCBP2,6.216233,18.546028
Global VAE (z = 128),NCBP2,8.818739,18.513557
Global VAE (z = 128),NCBP2,10.197764,17.424006
Global VAE (z = 128),NCBP2,7.7006254,18.91616
Global VAE (z = 128),NCBP2,9.573208,19.526402
Global VAE (z = 128),NCBP2,11.116197,21.0818
Global VAE (z = 128),NCBP2,9.444306,19.011389
Global VAE (z = 128),NCBP2,10.610178,20.488075
Global VAE (z = 128),NCBP2,9.388616,19.138496
Global VAE (z = 128),NCBP2,7.746873,16.447077
Global VAE (z = 128),NCBP2,10.190179,17.365377
Global VAE (z = 128),NCBP2,9.321675,19.384373
Global VAE (z = 128),NCBP2,9.948964,19.941513
Global VAE (z = 128),NCBP2,8.223353,18.049238
Global VAE (z = 128),NCBP2,6.811332,19.960144
Global VAE (z = 128),NCBP2,7.6642222,18.362164
Global VAE (z = 128),NCBP2,10.460149,21.43793
Global VAE (z = 128),NCBP2,10.797713,21.21302
Global VAE (z = 128),NCBP2,8.973693,18.167988
Global VAE (z = 128),NCBP2,8.351271,16.2033
Global VAE (z = 128),NCBP2,9.833059,17.688272
Global VAE (z = 128),NCBP2,8.780228,18.814922
Global VAE (z = 128),NCBP2,9.510127,19.424334
Global VAE (z = 128),NCBP2,9.77203,19.861551
Global VAE (z = 128),NCBP2,11.13304,20.839706
Global VAE (z = 128),NCBP2,9.720654,19.6194
Global VAE (z = 128),NCBP2,9.580526,16.761223
Global VAE (z = 128),NCBP2,8.93108,21.815731
Global VAE (z = 128),NCBP2,8.597046,18.37357
Global VAE (z = 128),NCBP2,9.247168,19.116821
Global VAE (z = 128),NCBP2,9.368178,19.197073
Global VAE (z = 128),NCBP2,10.417348,19.683716
Global VAE (z = 128),NCBP2,11.074554,20.389303
Global VAE (z = 128),NCBP2,9.643483,21.016552
Global VAE (z = 128),NCBP2,8.772457,21.359678
Global VAE (z = 128),NCBP2,9.394625,21.755838
Global VAE (z = 128),NCBP2,12.630962,18.462893
Global VAE (z = 128),NCBP2,10.883228,18.321234
Global VAE (z = 128),NCBP2,9.982795,17.90258
Global VAE (z = 128),NCBP2,9.130604,19.535513
Global VAE (z = 128),NCBP2,7.5063906,18.973223
Global VAE (z = 128),NCBP2,7.8826094,18.21764
Global VAE (z = 128),NCBP2,9.560876,16.811756
Global VAE (z = 128),NCBP2,10.169625,19.271357
Global VAE (z = 128),NCBP2,9.189036,19.036308
Global VAE (z = 128),NCBP2,10.438028,21.39935
Global VAE (z = 128),NCBP2,7.081235,20.095394
Global VAE (z = 128),NCBP2,11.4383,19.11598
Global VAE (z = 128),NCBP2,9.488341,19.08424
Global VAE (z = 128),NCBP2,9.765783,19.723888
Global VAE (z = 128),NCBP2,11.052596,20.85892
Global VAE (z = 128),NCBP2,9.187714,19.017189
Global VAE (z = 128),NCBP2,11.057069,20.167337
Global VAE (z = 128),NCBP2,8.812839,18.349497
Global VAE (z = 128),NCBP2,8.495836,17.737518
Global VAE (z = 128),NCBP2,9.684737,18.17213
Global VAE (z = 128),NCBP2,7.36233,18.936153
Global VAE (z = 128),NCBP2,9.210175,19.56111
Global VAE (z = 128),NCBP2,9.071694,17.46238
Global VAE (z = 128),NCBP2,11.388484,20.218966
Global VAE (z = 128),NCBP2,9.868363,15.816818
Global VAE (z = 128),NCBP2,9.569722,16.146385
Global VAE (z = 128),NCBP2,10.560736,20.200449
Global VAE (z = 128),NCBP2,9.726767,19.364742
Global VAE (z = 128),NCBP2,7.437678,18.606838
Global VAE (z = 128),NCBP2,8.984979,20.432236
Global VAE (z = 128),NCBP2,9.710961,17.42465
Global VAE (z = 128),NCBP2,9.106836,18.717018
Global VAE (z = 128),NCBP2,9.639705,20.154379
Global VAE (z = 128),NCBP2,7.991236,19.254625
Global VAE (z = 128),NCBP2,9.372147,19.685207
Global VAE (z = 128),NCBP2,9.593056,16.842194
Global VAE (z = 128),NCBP2,9.538426,19.775337
Global VAE (z = 128),NCBP2,8.251491,21.40666
Global VAE (z = 128),NCBP2,8.833965,19.668552
Global VAE (z = 128),NCBP2,8.533364,15.744877
Global VAE (z = 128),NCBP2,8.607571,20.248142
Global VAE (z = 128),NCBP2,11.883294,18.747108
Global VAE (z = 128),NCBP2,10.091827,19.875214
Global VAE (z = 128),NCBP2,9.441005,18.296726
Global VAE (z = 128),NCBP2,11.926239,18.85697
Global VAE (z = 128),NCBP2,9.119587,20.132114
Global VAE (z = 128),NCBP2,9.449732,19.984564
Global VAE (z = 128),NCBP2,9.789111,17.180927
Global VAE (z = 128),NCBP2,10.021456,17.383835
Global VAE (z = 128),NCBP2,9.7321205,20.032984
Global VAE (z = 128),NCBP2,9.650172,19.672665
Global VAE (z = 128),NCBP2,9.804938,19.796915
Global VAE (z = 128),NCBP2,9.354173,18.237482
Global VAE (z = 128),NCBP2,11.900237,18.581587
Global VAE (z = 128),NCBP2,9.663368,19.671621
Global VAE (z = 128),NCBP2,9.001949,19.414747
Global VAE (z = 128),NCBP2,9.859849,19.660244
Global VAE (z = 128),NCBP2,9.854094,18.44336
Global VAE (z = 128),NCBP2,9.6148615,19.779997
Global VAE (z = 128),NCBP2,10.851836,20.925407
Global VAE (z = 128),NCBP2,8.3604965,16.82177
Global VAE (z = 128),NCBP2,8.809869,19.851213
Global VAE (z = 128),NCBP2,9.9407625,17.039175
Global VAE (z = 128),NCBP2,10.094209,17.287556
Global VAE (z = 128),NCBP2,9.035892,18.23616
Global VAE (z = 128),NCBP2,9.349873,20.106583
Global VAE (z = 128),NCBP2,7.691591,18.851898
Global VAE (z = 128),NCBP2,8.482949,16.756208
Global VAE (z = 128),NCBP2,9.914699,19.674456
Global VAE (z = 128),NCBP2,9.082465,19.072996
Global VAE (z = 128),NCBP2,9.445791,18.464994
Global VAE (z = 128),NCBP2,9.534828,19.558092
Global VAE (z = 128),NCBP2,11.146863,20.83831
Global VAE (z = 128),NCBP2,9.013993,19.836878
Global VAE (z = 128),NCBP2,10.889762,18.302664
Global VAE (z = 128),NCBP2,8.793134,19.252356
Global VAE (z = 128),NCBP2,9.321581,18.374838
Global VAE (z = 128),NCBP2,10.359993,17.198818
Global VAE (z = 128),NCBP2,9.380108,19.591087
Global VAE (z = 128),NCBP2,9.557032,19.633665
Global VAE (z = 128),NCBP2,9.5249405,19.403727
Global VAE (z = 128),NCBP2,10.77704,20.986996
Global VAE (z = 128),NCBP2,9.385484,19.240736
Global VAE (z = 128),NCBP2,10.068099,18.476927
Global VAE (z = 128),NCBP2,7.6969357,18.56977
Global VAE (z = 128),NCBP2,6.3564816,18.419483
Global VAE (z = 128),NCBP2,9.823673,20.309263
Global VAE (z = 128),NCBP2,12.219096,19.443762
Global VAE (z = 128),NCBP2,10.716535,17.622297
Global VAE (z = 128),NCBP2,8.864109,16.547138
Global VAE (z = 128),NCBP2,10.051227,19.813442
Global VAE (z = 128),NCBP2,9.97664,21.684752
Global VAE (z = 128),NCBP2,7.7307296,19.04244
Global VAE (z = 128),NCBP2,9.601341,18.577597
Global VAE (z = 128),NCBP2,9.89067,19.747776
Global VAE (z = 128),NCBP2,8.98743,18.522507
Global VAE (z = 128),NCBP2,9.625651,21.670773
Global VAE (z = 128),NCBP2,11.79743,18.295568
Global VAE (z = 128),NCBP2,8.959236,18.813454
Global VAE (z = 128),NCBP2,10.068679,19.456663
Global VAE (z = 128),NCBP2,9.47023,19.098263
Global VAE (z = 128),NCBP2,9.624301,19.584082
Global VAE (z = 128),NCBP2,11.319791,20.176554
Global VAE (z = 128),NCBP2,8.947759,16.37585
Global VAE (z = 128),NCBP2,10.6615505,21.460405
Global VAE (z = 128),NCBP2,8.353241,18.861069
Global VAE (z = 128),NCBP2,10.8802,21.277903
Global VAE (z = 128),NCBP2,9.235074,16.39043
Global VAE (z = 128),NCBP2,7.789529,18.312458
Global VAE (z = 128),NCBP2,9.879529,17.49916
Global VAE (z = 128),NCBP2,11.322258,20.496658
Global VAE (z = 128),NCBP2,10.968319,18.554243
Global VAE (z = 128),NCBP2,9.443739,18.437819
Global VAE (z = 128),NCBP2,9.607149,19.641563
Global VAE (z = 128),NCBP2,8.907717,19.05558
Global VAE (z = 128),NCBP2,9.014752,19.841557
Global VAE (z = 128),NCBP2,9.461767,18.884403
Global VAE (z = 128),NCBP2,11.363722,17.994146
Global VAE (z = 128),NCBP2,7.8300815,17.865042
Global VAE (z = 128),NCBP2,8.944258,18.864166
Global VAE (z = 128),NCBP2,9.135197,18.701275
Global VAE (z = 128),NCBP2,9.536468,19.41975
Global VAE (z = 128),NCBP2,9.322192,19.300232
Global VAE (z = 128),NCBP2,8.280304,21.487846
Global VAE (z = 128),NCBP2,11.771789,18.713425
Global VAE (z = 128),NCBP2,9.300297,21.836088
Global VAE (z = 128),NCBP2,9.563869,19.04545
Global VAE (z = 128),NCBP2,9.516959,19.915648
Global VAE (z = 128),NCBP2,9.063796,16.273869
Global VAE (z = 128),NCBP2,8.364011,19.114996
Global VAE (z = 128),NCBP2,8.804544,18.594769
Global VAE (z = 128),NCBP2,8.472691,21.686989
Global VAE (z = 128),NCBP2,9.666255,20.124115
Global VAE (z = 128),NCBP2,8.96798,19.22516
Global VAE (z = 128),NCBP2,9.294499,18.083677
Global VAE (z = 128),NCBP2,9.22949,18.744429
Global VAE (z = 128),NCBP2,8.878234,16.20368
Global VAE (z = 128),NCBP2,6.5651,18.015425
Global VAE (z = 128),NCBP2,9.338443,18.98162
Global VAE (z = 128),NCBP2,8.834164,19.51632
Global VAE (z = 128),NCBP2,10.086962,21.623783
Global VAE (z = 128),NCBP2,9.828415,17.43811
Global VAE (z = 128),NCBP2,8.083595,16.991684
Global VAE (z = 128),NCBP2,9.958107,17.254948
Global VAE (z = 128),NCBP2,9.497345,21.71557
Global VAE (z = 128),NCBP2,9.223667,18.488308
Global VAE (z = 128),NCBP2,9.358707,18.084728
Global VAE (z = 128),NCBP2,8.283055,19.988462
Global VAE (z = 128),NCBP2,9.657066,18.920841
Global VAE (z = 128),NCBP2,11.285007,19.844604
Global VAE (z = 128),NCBP2,10.85658,20.092255
Global VAE (z = 128),NCBP2,6.5503025,17.196903
Global VAE (z = 128),NCBP2,9.385241,19.385294
Global VAE (z = 128),NCBP2,11.671229,18.267332
Global VAE (z = 128),NCBP2,8.948823,16.753172
Global VAE (z = 128),SLC39A9,11.143059,20.18297
Global VAE (z = 128),SLC39A9,9.77097,17.861593
Global VAE (z = 128),SLC39A9,9.081381,21.595543
Global VAE (z = 128),SLC39A9,6.3520384,17.607546
Global VAE (z = 128),SLC39A9,8.8975935,18.693838
Global VAE (z = 128),SLC39A9,7.7622113,17.899658
Global VAE (z = 128),SLC39A9,8.018799,17.447886
Global VAE (z = 128),SLC39A9,7.629592,16.893816
Global VAE (z = 128),SLC39A9,9.410664,18.22854
Global VAE (z = 128),SLC39A9,7.0930147,20.330585
Global VAE (z = 128),SLC39A9,7.634285,20.786465
Global VAE (z = 128),SLC39A9,10.138802,21.597925
Global VAE (z = 128),SLC39A9,6.2765512,19.587828
Global VAE (z = 128),SLC39A9,7.655749,17.085196
Global VAE (z = 128),SLC39A9,8.6293545,21.064878
Global VAE (z = 128),SLC39A9,10.261137,17.409595
Global VAE (z = 128),SLC39A9,8.40675,20.882378
Global VAE (z = 128),SLC39A9,6.616928,20.264587
Global VAE (z = 128),SLC39A9,9.635364,18.34856
Global VAE (z = 128),SLC39A9,8.222413,17.649054
Global VAE (z = 128),SLC39A9,7.2160945,15.78852
Global VAE (z = 128),SLC39A9,9.577559,17.88618
Global VAE (z = 128),SLC39A9,7.718329,18.463886
Global VAE (z = 128),SLC39A9,11.127347,20.333578
Global VAE (z = 128),SLC39A9,10.238365,18.817877
Global VAE (z = 128),SLC39A9,8.691105,18.876024
Global VAE (z = 128),SLC39A9,8.212978,17.708946
Global VAE (z = 128),SLC39A9,8.552242,19.83568
Global VAE (z = 128),SLC39A9,9.089006,21.674667
Global VAE (z = 128),SLC39A9,8.518281,21.267567
Global VAE (z = 128),SLC39A9,7.5822005,17.33928
Global VAE (z = 128),SLC39A9,8.9356785,21.266106
Global VAE (z = 128),SLC39A9,8.004286,19.924393
Global VAE (z = 128),SLC39A9,11.074297,19.80598
Global VAE (z = 128),SLC39A9,8.507121,18.430367
Global VAE (z = 128),SLC39A9,8.02822,20.923111
Global VAE (z = 128),SLC39A9,7.842368,17.797815
Global VAE (z = 128),SLC39A9,9.458621,20.175892
Global VAE (z = 128),SLC39A9,8.021303,19.25236
Global VAE (z = 128),SLC39A9,9.811129,21.655233
Global VAE (z = 128),SLC39A9,7.818069,20.838978
Global VAE (z = 128),SLC39A9,6.2903686,17.874207
Global VAE (z = 128),SLC39A9,10.451092,20.118273
Global VAE (z = 128),SLC39A9,9.276803,21.713402
Global VAE (z = 128),SLC39A9,7.846941,18.37554
Global VAE (z = 128),SLC39A9,6.769617,18.5679
Global VAE (z = 128),SLC39A9,11.131332,20.145388
Global VAE (z = 128),SLC39A9,9.623267,19.059454
Global VAE (z = 128),SLC39A9,8.560533,21.609701
Global VAE (z = 128),SLC39A9,8.184857,20.644066
Global VAE (z = 128),SLC39A9,8.332961,17.514248
Global VAE (z = 128),SLC39A9,6.0918255,19.393103
Global VAE (z = 128),SLC39A9,11.003132,21.16488
Global VAE (z = 128),SLC39A9,7.639221,21.505499
Global VAE (z = 128),SLC39A9,6.5985518,17.346338
Global VAE (z = 128),SLC39A9,6.043315,18.574846
Global VAE (z = 128),SLC39A9,6.3607254,17.450314
Global VAE (z = 128),SLC39A9,6.221294,19.49286
Global VAE (z = 128),SLC39A9,6.1265945,19.021074
Global VAE (z = 128),SLC39A9,8.780863,21.274508
Global VAE (z = 128),SLC39A9,7.805459,19.330511
Global VAE (z = 128),SLC39A9,6.9895034,18.317385
Global VAE (z = 128),SLC39A9,9.145074,20.302292
Global VAE (z = 128),SLC39A9,9.118796,19.201956
Global VAE (z = 128),SLC39A9,7.8597946,20.328537
Global VAE (z = 128),SLC39A9,6.602184,16.831371
Global VAE (z = 128),SLC39A9,8.441332,18.14943
Global VAE (z = 128),SLC39A9,7.721913,18.934832
Global VAE (z = 128),SLC39A9,6.612622,19.925055
Global VAE (z = 128),SLC39A9,8.865924,21.56665
Global VAE (z = 128),SLC39A9,8.232241,19.710163
Global VAE (z = 128),SLC39A9,10.255714,21.301
Global VAE (z = 128),SLC39A9,8.079802,20.304605
Global VAE (z = 128),SLC39A9,8.6505375,15.932087
Global VAE (z = 128),SLC39A9,7.5174503,19.467512
Global VAE (z = 128),SLC39A9,11.149605,19.597435
Global VAE (z = 128),SLC39A9,8.463529,19.284029
Global VAE (z = 128),SLC39A9,8.863713,18.659218
Global VAE (z = 128),SLC39A9,8.43171,16.741169
Global VAE (z = 128),SLC39A9,6.816756,17.988201
Global VAE (z = 128),SLC39A9,8.96323,21.56219
Global VAE (z = 128),SLC39A9,7.578213,18.737204
Global VAE (z = 128),SLC39A9,7.526861,16.023647
Global VAE (z = 128),SLC39A9,7.1488986,21.364426
Global VAE (z = 128),SLC39A9,7.2971315,19.038124
Global VAE (z = 128),SLC39A9,6.0993795,18.430769
Global VAE (z = 128),SLC39A9,6.468712,20.393202
Global VAE (z = 128),SLC39A9,7.823694,16.237638
Global VAE (z = 128),SLC39A9,8.401732,16.844599
Global VAE (z = 128),SLC39A9,8.114099,17.206118
Global VAE (z = 128),SLC39A9,8.326466,16.767254
Global VAE (z = 128),SLC39A9,6.8322606,20.252234
Global VAE (z = 128),SLC39A9,8.061872,17.472712
Global VAE (z = 128),SLC39A9,7.810183,17.113707
Global VAE (z = 128),SLC39A9,8.565354,21.609343
Global VAE (z = 128),SLC39A9,8.800374,18.929735
Global VAE (z = 128),SLC39A9,11.091627,20.639973
Global VAE (z = 128),SLC39A9,8.426482,21.380737
Global VAE (z = 128),SLC39A9,8.9041605,19.559217
Global VAE (z = 128),SLC39A9,8.034947,16.980646
Global VAE (z = 128),SLC39A9,11.083965,20.511786
Global VAE (z = 128),SLC39A9,10.521101,21.440018
Global VAE (z = 128),SLC39A9,6.6627917,20.260338
Global VAE (z = 128),SLC39A9,7.078501,19.051592
Global VAE (z = 128),SLC39A9,7.0720787,20.49878
Global VAE (z = 128),SLC39A9,9.801642,18.80421
Global VAE (z = 128),SLC39A9,6.267247,13.293017
Global VAE (z = 128),SLC39A9,9.549469,17.310625
Global VAE (z = 128),SLC39A9,9.56775,17.085213
Global VAE (z = 128),SLC39A9,10.23247,18.935196
Global VAE (z = 128),SLC39A9,6.2611113,17.995485
Global VAE (z = 128),SLC39A9,8.601106,21.413315
Global VAE (z = 128),SLC39A9,8.775998,18.684353
Global VAE (z = 128),SLC39A9,10.475638,21.378344
Global VAE (z = 128),SLC39A9,6.3289175,19.938116
Global VAE (z = 128),SLC39A9,6.1219435,18.997929
Global VAE (z = 128),SLC39A9,8.299914,20.836319
Global VAE (z = 128),SLC39A9,7.6451383,16.434864
Global VAE (z = 128),SLC39A9,7.7181864,19.798044
Global VAE (z = 128),SLC39A9,7.6151285,16.746601
Global VAE (z = 128),SLC39A9,7.646309,15.54451
Global VAE (z = 128),SLC39A9,9.611113,21.767584
Global VAE (z = 128),SLC39A9,8.263255,21.35467
Global VAE (z = 128),SLC39A9,9.992652,19.14201
Global VAE (z = 128),SLC39A9,8.451836,21.576336
Global VAE (z = 128),SLC39A9,7.1918564,21.429462
Global VAE (z = 128),SLC39A9,8.007105,18.208994
Global VAE (z = 128),SLC39A9,8.780411,18.17772
Global VAE (z = 128),SLC39A9,6.8991075,21.238781
Global VAE (z = 128),SLC39A9,7.6548967,16.73295
Global VAE (z = 128),SLC39A9,6.739445,18.06634
Global VAE (z = 128),SLC39A9,10.153059,21.651781
Global VAE (z = 128),SLC39A9,8.719553,21.552189
Global VAE (z = 128),SLC39A9,8.476894,21.654438
Global VAE (z = 128),SLC39A9,9.169284,21.590149
Global VAE (z = 128),SLC39A9,8.976607,21.660702
Global VAE (z = 128),SLC39A9,8.402601,16.445675
Global VAE (z = 128),SLC39A9,8.901712,21.364006
Global VAE (z = 128),SLC39A9,7.329047,19.64292
Global VAE (z = 128),SLC39A9,8.974805,18.321123
Global VAE (z = 128),SLC39A9,6.449043,17.337845
Global VAE (z = 128),SLC39A9,7.8978004,19.023119
Global VAE (z = 128),SLC39A9,8.430968,21.344337
Global VAE (z = 128),SLC39A9,7.5556736,21.355396
Global VAE (z = 128),SLC39A9,6.476724,19.922934
Global VAE (z = 128),SLC39A9,7.316158,21.462496
Global VAE (z = 128),SLC39A9,7.474644,21.425745
Global VAE (z = 128),SLC39A9,6.4050736,18.562729
Global VAE (z = 128),SLC39A9,8.48996,19.656672
Global VAE (z = 128),SLC39A9,7.7926035,18.146305
Global VAE (z = 128),SLC39A9,9.553831,21.753042
Global VAE (z = 128),SLC39A9,7.818441,17.763596
Global VAE (z = 128),SLC39A9,6.1034503,18.924713
Global VAE (z = 128),SLC39A9,9.870685,18.164524
Global VAE (z = 128),SLC39A9,8.660893,21.378693
Global VAE (z = 128),SLC39A9,8.566634,18.114975
Global VAE (z = 128),SLC39A9,7.995888,17.374186
Global VAE (z = 128),SLC39A9,7.03778,21.156744
Global VAE (z = 128),SLC39A9,7.6049066,20.126114
Global VAE (z = 128),SLC39A9,8.828386,18.529747
Global VAE (z = 128),SLC39A9,9.197752,21.62393
Global VAE (z = 128),SLC39A9,8.531032,20.316902
Global VAE (z = 128),SLC39A9,9.845934,19.502562
Global VAE (z = 128),SLC39A9,8.587715,21.168839
Global VAE (z = 128),SLC39A9,8.569998,17.179146
Global VAE (z = 128),SLC39A9,8.4614,18.224438
Global VAE (z = 128),SLC39A9,8.505958,17.16044
Global VAE (z = 128),SLC39A9,8.446443,21.532589
Global VAE (z = 128),SLC39A9,9.563197,17.716768
Global VAE (z = 128),SLC39A9,6.164854,18.489893
Global VAE (z = 128),SLC39A9,9.776765,17.182396
Global VAE (z = 128),SLC39A9,6.2640243,17.350706
Global VAE (z = 128),SLC39A9,6.8916893,17.947937
Global VAE (z = 128),SLC39A9,6.538537,20.306614
Global VAE (z = 128),SLC39A9,11.106775,19.802107
Global VAE (z = 128),SLC39A9,9.046427,19.093206
Global VAE (z = 128),SLC39A9,6.0609207,19.258167
Global VAE (z = 128),SLC39A9,9.960241,21.78079
Global VAE (z = 128),SLC39A9,8.100775,16.890863
Global VAE (z = 128),SLC39A9,6.3620534,17.762285
Global VAE (z = 128),SLC39A9,7.7523556,15.936287
Global VAE (z = 128),SLC39A9,7.524299,20.869015
Global VAE (z = 128),SLC39A9,9.533224,18.390905
Global VAE (z = 128),SLC39A9,9.932725,20.651451
Global VAE (z = 128),SLC39A9,8.144691,19.782108
Global VAE (z = 128),SLC39A9,9.861047,18.47042
Global VAE (z = 128),SLC39A9,6.588119,20.491388
Global VAE (z = 128),SLC39A9,9.868962,21.700031
Global VAE (z = 128),SLC39A9,8.926118,18.088915
Global VAE (z = 128),SLC39A9,8.810346,18.552092
Global VAE (z = 128),SLC39A9,10.986858,20.170874
Global VAE (z = 128),SLC39A9,8.325288,21.109324
Global VAE (z = 128),SLC39A9,7.591905,18.456657
Global VAE (z = 128),SLC39A9,9.280104,18.345388
Global VAE (z = 128),SLC39A9,8.092383,17.571842
Global VAE (z = 128),SLC39A9,8.997393,18.55847
Global VAE (z = 128),SLC39A9,10.030348,18.409307
Global VAE (z = 128),SLC39A9,8.516611,17.987507
Global VAE (z = 128),SLC39A9,8.706414,21.30428
Global VAE (z = 128),SLC39A9,6.575059,20.654467
Global VAE (z = 128),SLC39A9,6.699369,20.873392
Global VAE (z = 128),SLC39A9,9.176397,19.40707
Global VAE (z = 128),SLC39A9,6.8397074,19.533178
Global VAE (z = 128),SLC39A9,8.045889,18.151869
Global VAE (z = 128),SLC39A9,8.868079,21.481459
Global VAE (z = 128),SLC39A9,7.90384,18.087149
Global VAE (z = 128),SLC39A9,6.5458055,16.992579
Global VAE (z = 128),SLC39A9,8.008009,19.032766
Global VAE (z = 128),SLC39A9,11.141901,20.29796
Global VAE (z = 128),SLC39A9,8.257682,17.354422
Global VAE (z = 128),SLC39A9,8.99326,20.47754
Global VAE (z = 128),SLC39A9,11.20306,19.276747
Global VAE (z = 128),SLC39A9,10.213534,21.41913
Global VAE (z = 128),SLC39A9,7.976995,16.298704
Global VAE (z = 128),SLC39A9,8.287096,18.935629
Global VAE (z = 128),SLC39A9,11.0004,20.223303
Global VAE (z = 128),SLC39A9,6.7308526,18.130816
Global VAE (z = 128),SLC39A9,8.816747,19.973722
Global VAE (z = 128),SLC39A9,8.795521,21.4102
Global VAE (z = 128),SLC39A9,9.257862,21.83673
Global VAE (z = 128),SLC39A9,9.121021,21.744509
Global VAE (z = 128),SLC39A9,7.2965994,18.09019
Global VAE (z = 128),SLC39A9,6.431148,17.495218
Global VAE (z = 128),SLC39A9,7.7983193,19.874706
Global VAE (z = 128),SLC39A9,7.744964,17.004728
Global VAE (z = 128),SLC39A9,6.241015,19.012249
Global VAE (z = 128),SLC39A9,11.040432,20.169512
Global VAE (z = 128),SLC39A9,8.335134,21.020607
Global VAE (z = 128),SLC39A9,10.197178,20.589115
Global VAE (z = 128),SLC39A9,5.971955,18.854322
Global VAE (z = 128),SLC39A9,7.6550813,19.774462
Global VAE (z = 128),SLC39A9,7.7659082,19.636412
Global VAE (z = 128),SLC39A9,8.5245905,21.495728
Global VAE (z = 128),SLC39A9,9.344283,18.21909
Global VAE (z = 128),SLC39A9,7.5730333,18.182817
Global VAE (z = 128),SLC39A9,8.489582,21.323774
Global VAE (z = 128),SLC39A9,7.608947,16.752066
Global VAE (z = 128),SLC39A9,8.314569,21.355997
Global VAE (z = 128),SLC39A9,10.438086,17.841743
Global VAE (z = 128),SLC39A9,8.454515,17.31675
Global VAE (z = 128),SLC39A9,8.062956,19.515451
Global VAE (z = 128),SLC39A9,10.064317,21.691261
Global VAE (z = 128),SLC39A9,8.047718,19.069088
Global VAE (z = 128),SLC39A9,10.1087,17.954311
Global VAE (z = 128),SLC39A9,6.4607,20.185238
Global VAE (z = 128),SLC39A9,6.1015363,19.2085
Global VAE (z = 128),SLC39A9,8.530507,18.447771
Global VAE (z = 128),SLC39A9,10.48348,19.958073
Global VAE (z = 128),SLC39A9,7.9311213,19.040632
Global VAE (z = 128),SLC39A9,10.309756,21.622833
