gene_rank,true_mean,true_q10,true_q90,high_pra_q10,high_pra_q90,high_pra_iou,low_pra_q10,low_pra_q90,low_pra_iou
1,3.6999999999999997,3.232452601882824,4.30022976785313,3.228924577854199,4.253662630601106,0.9532391313434229,3.484579486011783,3.8797794101855168,0.3701146051522925
2,3.6980701029937437,3.2303763043477405,4.298283846703546,3.227691234305769,4.253100398780521,0.9552878308605304,3.4839018192338203,3.879388430325902,0.37033787608582464
3,3.6961415667639215,3.2283014258402307,4.296339066520131,3.226459318066226,4.252539450115176,0.9573393886136106,3.4832258527445568,3.8789979334340328,0.37056004921093605
4,3.6942143809599655,3.2262279579544524,4.294395415822411,3.225228819788672,4.251979773083553,0.9593938109685686,3.4825515781316594,3.878607906134607,0.37078112152327536
5,3.6922885352428594,3.224155892296329,4.292452883143243,3.223999730139327,4.251421356173862,0.9614511043272363,3.4818789869869042,3.8782183350726656,0.3710010900354173
6,3.6903640192853153,3.222085220483704,4.290511457029017,3.2227720397976953,4.250864187884222,0.9622490658885317,3.4812080709063036,3.877829206913822,0.371219951776893
7,3.6884408227719434,3.220015934146498,4.288571126039829,3.221545739456725,4.250308256722851,0.9627603001425711,3.4805388214902337,3.877440508344478,0.37143770379421365
8,3.686518935399422,3.2179480249268577,4.286631878749675,3.2203208198229625,4.249753551208246,0.9632715303996342,3.4798712303435617,3.8770522260720486,0.3716543431508957
9,3.6845983468766756,3.215881484479319,4.284693703746637,3.2190972716167234,4.249200059869378,0.9637827577970627,3.4792052890757788,3.876664346825185,0.3718698669274838
10,3.6826790469250392,3.2138163044709493,4.28275658963306,3.2178750855722402,4.248647771245865,0.9642939834728956,3.478540989301118,3.87627685735399,0.37208427222157975
11,3.680761025278434,3.211752476581511,4.280820525025748,3.2166542524378294,4.248096673888169,0.9648052085658605,3.4778783226386913,3.8758897444302454,0.3722975561478625
12,3.6788442716835363,3.2096899925036078,4.278885498556141,3.215434762976048,4.247546756357771,0.965316434215364,3.4772172807126105,3.8755029948476283,0.3725097158381141
13,3.676928775899947,3.2076288439428384,4.276951498870501,3.214216607963848,4.246998007227364,0.9658276615614971,3.476557855152113,3.87511659542193,0.3727207484412449
14,3.6750145277003643,3.2055690226179503,4.275018514630098,3.2129997781927417,4.246450415081028,0.9663388917450131,3.475900037591693,3.87473053299128,0.37293065112331336
15,3.6731015168707506,3.203510520260991,4.273086534511389,3.211784264468954,4.245903968514419,0.9668501259073368,3.475243819671224,3.87434479441636,0.37313942106755443
16,3.671189733210505,3.2014533286174585,4.271155547206208,3.210570057613582,4.2453586561349566,0.9673613651905518,3.474589193036087,3.8739593665806273,0.3733470554743979
17,3.6692791665326276,3.199397439446452,4.269225541421942,3.20935714846275,4.244814466561996,0.9678726107373914,3.473936149337292,3.873574236390527,0.3735535515614922
18,3.6673698066638942,3.1973428445208243,4.267296505881718,3.2081455278677695,4.24427138842702,0.9683838636912396,3.473284680231608,3.8731893907757162,0.3737589065637312
19,3.6654616434450196,3.1952895356273294,4.265368429324583,3.2069351866952918,4.243729410373819,0.9688951251961211,3.4726347773816837,3.872804816689277,0.3739631177332701
20,3.6635546667308274,3.193237504566774,4.263441300505684,3.205726115827465,4.243188521058669,0.9694063963966968,3.471986432456176,3.8724205011079347,0.3741661823395519
21,3.6616488663904194,3.1911867431541676,4.261515108196455,3.2045183061620914,4.242648709150523,0.9699176784382584,3.471339637129873,3.8720364310322757,0.3743680976693278
22,3.6597442323073395,3.1891372432188687,4.259589841184792,3.2033117486127796,4.242109963331183,0.9704289724667213,3.4706943830838153,3.87165259348696,0.3745688610266784
23,3.657840754379744,3.187088996604737,4.257665488275238,3.2021064341091026,4.241572272295485,0.9709402796286195,3.470050662005426,3.8712689755209415,0.37476846973303535
24,3.6559384225205647,3.185041995170277,4.25574203828916,3.2009023535967467,4.241035624751481,0.9714516010710994,3.4694084655886277,3.870885564207678,0.3749669211272021
25,3.654037226657678,3.1829962307887905,4.25381948006493,3.1996994980376723,4.240500009420616,0.9719629379419147,3.468767785533971,3.8705023466453503,0.3751642125653752
26,3.6521371567340704,3.1809516953485213,4.251897802458104,3.198497858410262,4.239965415037914,0.9724742913894224,3.4681286135487532,3.8701193099570736,0.3753603414211649
27,3.6502382027080023,3.1789083807528025,4.249976994341604,3.197297425709477,4.239431830352151,0.972985662562571,3.467490941347146,3.869736441291114,0.3755553050856138
28,3.6483403545531736,3.1768662789202033,4.24805704460589,3.196098190947007,4.238899244126039,0.9734970526109029,3.4668547606503126,3.869353727821097,0.3757491009672197
29,3.6464436022588895,3.1748253817846748,4.246137942159145,3.1949001451514256,4.238367645136405,0.9740084626845426,3.466220063186533,3.868971156746225,0.3759417264919518
30,3.644547935830224,3.172785681295696,4.244219675927452,3.1937032793683398,4.237837022174366,0.974519893934192,3.465586840691327,3.8685887152914886,0.37613317910327326
31,3.642653345288184,3.170747169418419,4.242302234854964,3.192507584660542,4.2373073640455114,0.9750313475111274,3.4649550849075705,3.868206390707875,0.3763234562621589
32,3.640759820669873,3.1687098381338137,4.240385607904092,3.191313052108164,4.236778659570082,0.9755428245671929,3.4643247875856247,3.867824170272586,0.37651255544711465
33,3.6388673520286536,3.1666736794388126,4.238469784055673,3.1901196728088217,4.236250897583142,0.976054326254792,3.463695940483449,3.8674420412892414,0.3767004741541969
34,3.6369759294343114,3.1646386853464543,4.236554752309152,3.188927437877771,4.235724066934762,0.9765658537268845,3.463068535366727,3.867059991088095,0.3768872098970288
35,3.6350855429732154,3.1626048478860267,4.234640501682749,3.187736338448055,4.235198156490192,0.9760495006230256,3.462442564008986,3.8666780070262403,0.3770727602068212
36,3.6331961827484838,3.160572159103212,4.23272702121365,3.1865463656706554,4.234673155130042,0.9740058517894365,3.461818018191715,3.8662960764878247,0.3772571226323892
37,3.63130783888014,3.158540611060226,4.230814299958163,3.185357510714637,4.234149051750454,0.9719678181147837,3.4611948897044855,3.8659141868842526,0.3774402947401704
38,3.6294205015052796,3.156510195835964,4.228902326991907,3.1841697647673035,4.2336258352632825,0.9699353755368991,3.4605731703450733,3.8655323256543985,0.37762227411424154
39,3.627534160778227,3.1544809055261407,4.22699109140998,3.182983119034338,4.233103494596263,0.967908500113722,3.459952851919574,3.865150480264812,0.3778030583563369
40,3.625648806870697,3.15245273224343,4.225080582327132,3.181797564739956,4.232582018693196,0.9658871680225437,3.459333926242523,3.8647686382099256,0.37798264508586527
41,3.623764429971956,3.150425668117611,4.22317078887794,3.1806130931270507,4.232061396514116,0.9638713555592814,3.4587163851370177,3.8643867870122626,0.3781610319399242
42,3.621881020288978,3.1483997052957,4.221261700216982,3.1794296954573396,4.231541617035464,0.9618610391377358,3.4581002204348286,3.8640049142226425,0.37833821657332156
43,3.619998568046611,3.1463748359421015,4.2193533055190064,3.178247363011513,4.231022669250267,0.959856195288871,3.457485423976526,3.863623007420387,0.37851419665858577
44,3.618117063487725,3.1443510522387372,4.217445593979104,3.177066087089377,4.23050454216831,0.9578568006600853,3.4568719876115876,3.863241054213523,0.37868896988598755
45,3.61623649687338,3.1423283463851908,4.2155385548128805,3.1758858590099996,4.229987224816305,0.9558628320145015,3.4562599031985246,3.8628590422389903,0.37886253396355146
46,3.614356858482979,3.1403067105988463,4.2136321772566285,3.17470667011186,4.229470706238068,0.9538742662302488,3.4556491626049954,3.862476959162845,0.37903488661707324
47,3.6124781386144247,3.1382861371150237,4.211726450567497,3.173528511752985,4.22895497549469,0.951891080299766,3.4550397577079206,3.8620947926804607,0.37920602559013417
48,3.6106003275842804,3.1362666181871197,4.209821364023659,3.172351375311102,4.22844002166471,0.949913251329091,3.454431680393601,3.861712530516734,0.3793759486441187
49,3.608723415727923,3.1342481460867417,4.207916906924486,3.1711752521837777,4.227925833844283,0.9479407565371711,3.4538249225578346,3.861330160426285,0.379544653558225
50,3.6068473933997005,3.132230713103848,4.206013068590712,3.1700001337885615,4.227412401147356,0.9459735732551737,3.4532194761060304,3.8609476701936614,0.379712138129484
51,3.6049722509730877,3.1302143115468803,4.204109838364605,3.168826011563129,4.226899712705836,0.9440116789257964,3.452615332953325,3.8605650476335365,0.37987840017277
52,3.6030979788408404,3.1281989337429024,4.202207205610136,3.167652876965425,4.226387757669757,0.9420550511025938,3.4520124850246976,3.8601822805909123,0.38004343752081626
53,3.6012245674151515,3.1261845720377344,4.2003051597131424,3.166480721473805,4.225876525207457,0.9401036674492979,3.4514109242550837,3.85979935694132,0.38020724802423056
54,3.5993520071278047,3.124171218796087,4.1984036900815,3.165309536587176,4.225366004505742,0.938157505739147,3.45081064258949,3.859416264591015,0.380369829551505
55,3.5974802884303294,3.122158866401698,4.19650278614529,3.1641393138251392,4.224856184770057,0.9362165438542284,3.4502116319831124,3.859032991477184,0.3805311799890326
56,3.59560940179415,3.120147507257461,4.194602437356956,3.1629700447281257,4.224347055224654,0.9342807597848075,3.4496138844014395,3.858649525568133,0.38069129724111983
57,3.5937393377107445,3.1181371337855652,4.192702633191482,3.161801720857542,4.223838605112759,0.9323501316286853,3.449017391820378,3.8582658548634923,0.3808501792299967
58,3.591870086691795,3.116127738427625,4.190803363146553,3.1606343337959086,4.2233308236967435,0.930424637590537,3.44842214622636,3.8578819673944147,0.38100782389583426
59,3.5900016392693375,3.114119313644811,4.1889046167427155,3.159467875146995,4.222823700258286,0.928504255981275,3.447828139616454,3.8574978512237643,0.38116422919675225
60,3.588133985995915,3.1121118519179856,4.187006383523547,3.158302336535962,4.222317224098545,0.9265889652174016,3.4472353639984816,3.8571134944463195,0.38131939310883456
61,3.586267117444729,3.110105345747828,4.185108653055819,3.157137709609498,4.221811384538319,0.9246787438203791,3.446643811391126,3.856728885188964,0.38147331362613884
62,3.5844010242097912,3.1080997876549756,4.183211414929658,3.1559739860359586,4.221306170918219,0.9227735704159943,3.446053473824048,3.8563440116108856,0.381625988760711
63,3.5825356969060698,3.106095170180142,4.1813146587587084,3.1548111575055007,4.220801572598827,0.9208734237337338,3.4454643433379912,3.855958861903764,0.3817774165425927
64,3.580671126169643,3.1040914858842554,4.179418374180299,3.1536492157302196,4.220297578960865,0.9189782826061645,3.4448764119848985,3.8555734242919706,0.38192759501983625
65,3.578807302657846,3.1020887273485855,4.177522550855599,3.1524881524442883,4.219794179405361,0.9170881259683098,3.444289671828022,3.8551876870327586,0.38207652225851424
66,3.576944217049423,3.100086887174873,4.175627178469785,3.1513279594040897,4.219291363353811,0.9152029328570435,3.4437041149420318,3.854801638416454,0.3822241963427288
67,3.5750818600446683,3.098085957985453,4.173732246732194,3.150168628388351,4.21878912024834,0.9133226824104759,3.443119733413125,3.854415266766647,0.3823706153746239
68,3.573220222365583,3.096085932423392,4.171837745376492,3.149010151198283,4.2182874395518715,0.9114473538673539,3.44253651933914,3.8540285604403866,0.3825157774743962
69,3.571359294756015,3.0940868031526056,4.1699436641608285,3.1478525196577074,4.217786310748282,0.9095769265664615,3.441954464829661,3.8536415078283652,0.382659680780302
70,3.569499067981809,3.0920885628579926,4.168049992867996,3.1466957256131947,4.217285723342569,0.9077113799460222,3.441373562006128,3.853254097355112,0.38280232344867143
71,3.5676395328309543,3.090091204245557,4.166156721305592,3.145539760934199,4.216785666861015,0.9058506935431089,3.4407938030019496,3.852866317479183,0.38294370365391367
72,3.565780680113726,3.088094720042535,4.164263839306173,3.144384617513184,4.21628613085134,0.9039948469930589,3.440215179962606,3.8524781566933433,0.3830838195885286
73,3.563922500662834,3.086099102997519,4.162371336727414,3.143230287265762,4.215787104882869,0.9021438200288887,3.439637685045759,3.8520896035247603,0.383222669463116
74,3.562064985333567,3.0841043458805864,4.160479203452265,3.141694433071005,4.214411564765307,0.901334392419877,3.4368631080327603,3.8495024441465877,0.3833602515063843
75,3.5602081250039355,3.082110441483417,4.158587429389109,3.13984745076431,4.212321084640189,0.9013717794935762,3.4322963731249105,3.8451215991743055,0.38349656396515724
76,3.558351910574816,3.0801173826194224,4.156696004471915,3.1380012248118594,4.210231121552898,0.90140907464892,3.4277307428867094,3.8407403276090486,0.3836316051043858
77,3.5564963329700956,3.0781251621238663,4.154804918660396,3.1361557469247465,4.208141665508909,0.9014462786023175,3.4231662095256192,3.836358618117447,0.3837653732071529
78,3.554641383136814,3.0761337728539884,4.152914161940164,3.13431100883501,4.206052706539433,0.9014833920720201,3.41860276526182,3.831976459401461,0.3838978665746838
79,3.552787052045304,3.074143207689124,4.151023724322883,3.1324670022957624,4.203964234701559,0.901520415778127,3.414040402328311,3.827593840198558,0.3840290835263521
80,3.550933330689335,3.0721534595308277,4.14913359584642,3.1306237190813317,4.201876240078402,0.9015573504425739,3.4094791129710207,3.8232107492819027,0.38415902239968924
81,3.5490802100862537,3.070164521302993,4.147243766575006,3.128781150987393,4.199788712779263,0.9015941967891253,3.40491888944891,3.818827175460534,0.38428768155038834
82,3.547227681277126,3.068176385951974,4.14535422659938,3.1269392898311033,4.197701642939765,0.9016309555433742,3.400359724034078,3.8144431075795504,0.38441505935231624
83,3.5453757353268736,3.066189046446704,4.143464966036947,3.1250981274512326,4.195615020722008,0.9016676274327312,3.3958016090118637,3.810058534520287,0.38454115419751655
84,3.5435243633244173,3.064202495778814,4.1415759750319285,3.1232576557083,4.193528836314715,0.9017042131864245,3.3912445366809547,3.8056734452004966,0.38466596449621465
85,3.541673556382814,3.0622167269627534,4.139687243755509,3.1214178664847037,4.191443079933378,0.9017407135354856,3.386688499353487,3.8012878285745306,0.38478948867682966
86,3.5398233056393957,3.060231733035907,4.137798762405993,3.1195787516848554,4.189357741820403,0.9017771292127539,3.382133489355149,3.796901673633517,0.3849117251859771
87,3.537973602255909,3.0582475070587134,4.135910521208951,3.1177403032353093,4.18727281224526,0.9018134609528627,3.3775794990252863,3.7925149694055356,0.3850326724884733
88,3.5361244374186493,3.0562640421147793,4.134022510417368,3.1159025130848934,4.185188281504623,0.9018497094922361,3.3730265207170023,3.788127704955798,0.3851523290673445
89,3.5342758023386,3.0542813313109995,4.1321347203117975,3.1140653732048404,4.183104139922519,0.9018858755690877,3.36847454679726,3.7837398693868223,0.3852706934238298
90,3.532427688251569,3.0522993677776706,4.130247141200501,3.1122288755889187,4.181020377850468,0.9019219599234041,3.363923569646987,3.7793514518386107,0.3853877640773881
91,3.5305800864183228,3.050318144668607,4.1283597634196045,3.110393012253559,4.178936985667629,0.9019579632969537,3.3593735816611736,3.774962441488821,0.38550353956570094
92,3.5287329881247236,3.048337655161255,4.126472577333237,3.108557775237985,4.176853953780942,0.9019938864332628,3.3548245752489754,3.770572827552944,0.3856180184446797
93,3.526886384681863,3.0463578924568075,4.124585573333684,3.106723156604342,4.174771272625268,0.9020297300776298,3.3502765428338126,3.766182599284476,0.38573119928847
94,3.5250402674261974,3.04437884978032,4.122698741841533,3.1048891484378243,4.172688932663538,0.9020654949771048,3.3457294768534744,3.7617917459750903,0.38584308068945206
95,3.5231946277196795,3.0424005203808178,4.120812073305809,3.103055742846801,4.170606924386885,0.9021011818804882,3.341183369760214,3.757400256954811,0.3859536612582512
96,3.521349456949893,3.0404228975314136,4.118925558204133,3.1012229319629436,4.168525238314787,0.9021367915383269,3.3366382140208506,3.753008121592181,0.38606293962373595
97,3.5195047465301843,3.038445974529418,4.117039187042854,3.0993907079413545,4.166443864995214,0.9021723247029044,3.332094002116868,3.748615329294437,0.3861709144330261
98,3.517660487899794,3.036469744696448,4.115152950357202,3.097559062960686,4.164362795004756,0.9022077821282418,3.3275507265445143,3.7442218695076734,0.38627758435149145
99,3.5158166725239925,3.0344942013785445,4.113266838711424,3.0957279892232776,4.162282018948771,0.9022431645700814,3.323008379814901,3.739827731717019,0.3863829480627612
100,3.5139732918942026,3.0325193379462743,4.111380842698928,3.093897478955265,4.160201527461515,0.9022784727858927,3.3184669544540975,3.735432905446795,0.38648700426872107
101,3.512130337528138,3.030545147794845,4.109494952942427,3.0920675244067164,4.15812131120629,0.9023137075348571,3.3139264430032327,3.731037380260692,0.3865897516895196
102,3.510287800969927,3.028571624344212,4.107609160094078,3.09023811785175,4.156041360875568,0.9023488695778697,3.3093868380185905,3.7266411457619295,0.3866911890635691
103,3.5084456737902467,3.026598761039187,4.10572345483562,3.0884092515886596,4.15396166719114,0.9023839596775239,3.304848132071707,3.722244191593426,0.38679131514754933
104,3.5066039475864463,3.024626551349548,4.10383782787852,3.0865809179400348,4.151882220904243,0.9024189785981176,3.300310317749467,3.717846507437961,0.38689012871640927
105,3.50476261398268,3.0226549887701424,4.101952269964107,3.0847531092528855,4.149803012795697,0.9024539271056374,3.2957733876542026,3.7134480830183443,0.3869876285633669
106,3.50292166463003,3.020684066820996,4.10006677186371,3.0829258178987597,4.1477240336760435,0.902488805967755,3.291237334403782,3.7090489080975693,0.3870838134999145
107,3.5010810912066366,3.0187137790474208,4.098181324378803,3.0810990362738675,4.145645274385673,0.9025236159538294,3.2867021506317147,3.704648972478988,0.38717868235581765
108,3.4992408854178225,3.016744119020115,4.0962959183411325,3.0792727567991993,4.1435667257949635,0.9025583578348865,3.2821678289872374,3.7002482660064633,0.38727223397911714
109,3.49740103899622,3.0147750803352755,4.094410544612861,3.0774469719206468,4.141488378804411,0.9025930323836263,3.277634362135416,3.695846778564536,0.3873644672361311
110,3.4955615437018936,3.0128066566146936,4.092525194086701,3.0756216741091196,4.139410224344759,0.9026276403744107,3.2731017427572335,3.691444500078579,0.3874553810114533
111,3.493722391322467,3.010838841505865,4.0906398576860505,3.0737968558606674,4.137332253377137,0.902662182583258,3.2685699635496888,3.6870414205149635,0.38754497420795614
112,3.491883573673245,3.0088716286820896,4.088754526365127,3.071972509696593,4.1352544568931835,0.9026966597878394,3.2640390172258873,3.6826375298812124,0.3876332457467904
113,3.4900450825973386,3.006905011842577,4.086869191109103,3.070148628163577,4.13317682591518,0.9027310727674701,3.259508896515135,3.678232818226161,0.3877201945673872
114,3.488206909965787,3.0049389847125436,4.08498384293424,3.068325203833785,4.131099351496182,0.9027654223031083,3.254979594163032,3.6738272756401122,0.3878058196274519
115,3.486369047677679,3.002973541043319,4.08309847288802,3.066502229304995,4.129022024720145,0.9027997091773416,3.2504511029315637,3.669420892254994,0.3878901199029718
116,3.4845314876602735,3.0010086746124407,4.081213072049276,3.0646796972006998,4.1269448367020525,0.9028339341743884,3.24592341559919,3.665013658244512,0.387973094388211
117,3.4826942218691235,2.9990443792237595,4.079327631528328,3.0628576001702346,4.124867778588044,0.90286809808009,3.241396524960943,3.6606055638243085,0.3880547420957113
118,3.4808572422881943,2.9970806487075374,4.077442142467112,3.061035930888884,4.122790841555547,0.9029022016819035,3.236870423828514,3.656196599252113,0.3881350620562899
119,3.479020540929983,2.9951174769205435,4.075556596039309,3.0592146820579993,4.1207140168133956,0.9029362457688949,3.232345105030345,3.6517867548278944,0.38821405331904035
120,3.477184109835638,2.993154857746156,4.0736709834504765,3.0573938464051094,4.118637295601962,0.9029702311317361,3.2278205614117175,3.6473760208940154,0.38829171495133036
121,3.4753479410750785,2.9911927850944555,4.0717852959381755,3.0555734166840347,4.116560669193277,0.9030041585626989,3.2232967858348442,3.642964387835381,0.3883680460388002
122,3.47351202674711,2.9892312529023273,4.069899524772103,3.0537533856750008,4.114484128891159,0.9030380288556464,3.2187737711789604,3.6385518460795914,0.38844304568536075
123,3.4716763589795425,2.9872702551335517,4.068013661254213,3.0519337461847464,4.112407666031335,0.9030718428060298,3.2142515103404072,3.6341383860970886,0.3885167130131928
124,3.46984092992931,2.985309785778905,4.066127696718851,3.0501144910466387,4.110331271981565,0.9031056012108817,3.2097299962327286,3.6297239984013094,0.3885890471627437
125,3.4680057317825814,2.9833498388562507,4.064241622532877,3.0482956131207803,4.108254938141762,0.90313930486881,3.2052092217867507,3.625308673548828,0.3886600472927266
126,3.4661707567548787,2.9813904084106353,4.062355430095787,3.04647710529412,4.106178655944118,0.9031729545799921,3.200689179950676,3.620892402139504,0.3887297125801163
127,3.4643359970911933,2.979431488514382,4.060469110839849,3.044658960480564,4.104102416853222,0.9032065511461697,3.196169863690169,3.616475174816632,0.3887980422201462
128,3.4625014450660956,2.977473073267184,4.0585826562302145,3.0428411716210806,4.102026212366182,0.9032400953706423,3.191651265988443,3.612056982267083,0.3888650354263082
129,3.4606670929838526,2.9755151567961966,4.056696057765052,3.0410237316838122,4.099950034012743,0.9032735880582611,3.1871333798463466,3.6076378152214503,0.3889306914303482
130,3.45883293317854,2.973557733256129,4.054809306975667,3.0392066336641808,4.097873873355411,0.9033070300154226,3.1826161982824517,3.603217664454192,0.38899500948226023
131,3.456998958014152,2.9716007968293368,4.05292239542662,3.037389870584993,4.0957977219895625,0.9033404220500679,3.178099714333136,3.5987965207837735,0.3890579888502879
132,3.455165159884716,2.969644341725909,4.051035314715859,3.035573435496552,4.093721571543575,0.9033737649716679,3.1735839210526726,3.5943743750728108,0.38911962882091555
133,3.453331531214402,2.9676883621837638,4.049148056474828,3.0337573214767555,4.091645413678931,0.9034070595912256,3.1690688115133123,3.5899512182282085,0.38917992869886814
134,3.451498064457633,2.9657328524687316,4.0472606123685955,3.031941521631208,4.089569240090345,0.903440306721264,3.164554378805369,3.585527041201303,0.3892388878071062
135,3.4496647520991943,2.9637778068746483,4.045372974095973,3.0301260290933176,4.087493042505873,0.903473507175829,3.1600406160373042,3.5811018349879995,0.3892965054868207
136,3.4478315866543454,2.9618232197234415,4.043485133389633,3.02831083702441,4.085416812687034,0.9035066617704698,3.155527516335811,3.576675590628909,0.3893527810974282
137,3.4459985606689236,2.9598690853652183,4.041597082016226,3.0264959386138215,4.083340542428915,0.9035397713222476,3.151015072845897,3.572248299209488,0.38940771401656826
138,3.4441656667194556,2.9579153981783497,4.039708811776501,3.0246813270790054,4.081264223560294,0.9035728366497214,3.146503278730967,3.5678199518601725,0.38946130364009607
139,3.442332897413263,2.9559621525695614,4.037820314505421,3.0228669956656367,4.079187847943748,0.903605858572944,3.141992127172907,3.563390539756516,0.3895135493820794
140,3.440500245388571,2.954009342974016,4.03593158207228,3.0210529376477098,4.077111407475771,0.9036388379134569,3.1374816113721646,3.558960054119321,0.3895644506747921
141,3.43866770331461,2.952056963855397,4.034042606380815,3.019239146327642,4.075034894086876,0.9036717754942809,3.1329717245478346,3.554528486214776,0.38961400696870896
142,3.4368352638917243,2.950105009705996,4.032153379369331,3.0174256150363683,4.072958299741717,0.903704672139921,3.128462459937734,3.550095827354584,0.38966221773249937
143,3.435002919851477,2.948153475046795,4.030263893010802,3.0156123371334504,4.070881616439194,0.9037375286763438,3.123953810798489,3.5456620688960996,0.38970908245302316
144,3.4331706639567505,2.946202354427546,4.028374139312993,3.0137993060071646,4.068804836212561,0.9037703459309877,3.1194457704056124,3.541227202242454,0.3897546006353227
145,3.431338489001854,2.9442516424268597,4.026484110318571,3.0119865150746077,4.0667279511295416,0.903803124732747,3.114938332053585,3.5367912188426907,0.38979877180261824
146,3.4295063878126215,2.9423013336522805,4.024593798105217,3.010041875030855,4.064538062821898,0.9040444825086636,3.111047678043252,3.5329702991792065,0.3898415954962994
147,3.427674353246519,2.940351422740372,4.0227031947857395,3.006927592144344,4.061348160063179,0.9061360919455453,3.112615286607622,3.534605919693604,0.38988307127591976
148,3.42584237819274,2.9384019043567955,4.020812292508178,3.003813540539575,4.058158116419131,0.9082322928984009,3.1141834772108825,3.5362403980857513,0.38992319871919157
149,3.4240104555723114,2.9364527731963883,4.018921083455922,3.000699713843082,4.054967923987686,0.9103331044666633,3.115752243224178,3.53787372598961,0.38996197742197514
150,3.4221785783381904,2.9345040239832447,4.017029559847818,2.99758610571121,4.051777574901182,0.9124385458682399,3.117321578038015,3.539505895085687,0.3899994069982739
151,3.420346739475364,2.9325556514707936,4.015137713938271,2.9944727098302026,4.048587061326475,0.9145486364403087,3.118891475062338,3.5411368971011585,0.390035487080228
152,3.41851493200095,2.9306076504418765,4.013245538017365,2.9913595199162994,4.045396375465039,0.9166633956401324,3.120461927726612,3.5427667238099954,0.3900702173181033
153,3.4166831489642906,2.928660015708823,4.01135302441096,2.9882465297158216,4.042205509553077,0.9187828430458675,3.1220329294798916,3.544395367033082,0.39010359738028716
154,3.414851383447055,2.926712742113528,4.009460165480801,2.9851337330052674,4.039014455861621,0.920906998357387,3.123604473790905,3.546022818638343,0.39013562695327864
155,3.4130196285633314,2.9247658245275283,4.007566953624626,2.9820211235913985,4.035823206696643,0.9230358813971041,3.125176554148125,3.5476490705408588,0.3901663057416793
156,3.4111878774597253,2.9228192578520753,4.00567338127627,2.978908695311331,4.032631754399149,0.9251695121108128,3.1267491640598464,3.549274114702989,0.39019563346818753
157,3.4093561233154546,2.9208730370182105,4.003779440905768,2.9757964420326246,4.029440091345295,0.9273079105685158,3.12832229705426,3.5508979431344887,0.39022360987358834
158,3.4075243593424447,2.918927156986841,4.001885125019462,2.972684357653371,4.026248209946478,0.9294510969652868,3.1298959466795315,3.5525205478926294,0.39025023471674336
159,3.4056925787854206,2.916981612748809,3.9999904261601005,2.9695724361022777,4.023056102649441,0.9315990916221144,3.131470106503869,3.5541419210823113,0.3902755077745847
160,3.403860774922001,2.915036399324964,3.99809533690694,2.9664606713387593,4.01986376193638,0.9337519149867596,3.133044770115602,3.5557620548561837,0.39029942884210456
161,3.402028941062794,2.9130915117662406,3.996199849875853,2.963349057353021,4.016671180325033,0.9359095876346402,3.1346199311232525,3.5573809414147575,0.3903219977323457
162,3.400197070551483,2.9111469451537215,3.9943039577194206,2.9602375881661454,4.013478350368789,0.9380721302696863,3.1361955831556108,3.5589985730065195,0.39034321427639146
163,3.3983651567649216,2.9092026945987106,3.992407653127036,2.9571262578301734,4.0102852646567815,0.9402395637252365,3.137771719861803,3.5606149419280437,0.3903630783233565
164,3.396533193113225,2.907258755242805,3.9905109288250067,2.954015060428194,4.00709191581399,0.9424119089649207,3.1393483349113684,3.562230040524109,0.3903815897403786
165,3.3947011730398593,2.905315122257962,3.9886137775766484,2.9509039900744267,4.003898296501334,0.9445891870835579,3.140925421994331,3.563843861187805,0.3903987484126059
166,3.392869090021727,2.903371790846566,3.9867161921823855,2.9477930409142976,4.000704399415773,0.9467714193080634,3.1425029748212636,3.5654563963606423,0.3904145542431892
167,3.3910369375692615,2.901428756241498,3.9848181654798474,2.9446822071245315,3.9975102172904,0.9489586269983539,3.1440809871233704,3.5670676385326647,0.39042900715326806
168,3.3892047092265085,2.8994860137062015,3.982919690343963,2.941571482913223,3.9943157428945364,0.9511508316482749,3.145659452652545,3.5686775802425537,0.39044210708196564
169,3.3873723985712205,2.897543558534751,3.9810207596870635,2.938460862519929,3.9911209690338305,0.9533480548865199,3.147238365181453,3.57028621407774,0.39045385398637106
170,3.3855399992149358,2.8956013860519128,3.979121366458966,2.935350340215736,3.9879258885503464,0.9555503184775685,3.14881771850359,3.5718935326745056,0.3904642478415356
171,3.38370750480307,2.893659491613215,3.977221503647079,2.932239910303352,3.9847304943226605,0.9577576443226288,3.150397506433361,3.5734995287180933,0.3904732886404562
172,3.381874909014996,2.8917178706050066,3.9753211642764867,2.929129567117173,3.981534779265951,0.9599700544605858,3.1519777228061385,3.5751041949428037,0.3904809763940658
173,3.380042205564134,2.889776518444527,3.9734203414100495,2.9260193050233716,3.978338736332092,0.9621875710689617,3.153558361478342,3.5767075241321082,0.39048731113122354
174,3.37820938819803,2.887835430579963,3.971519028148488,2.9229091184199696,3.9751423585097454,0.9644102164648738,3.155139416327497,3.578309509118743,0.39049229289870074
175,3.3763764506984426,2.8858946024905143,3.969617217630482,2.919799001736913,3.9719456388244456,0.9666380131060234,3.156720881252309,3.579910142784816,0.39049592176116965
176,3.3745433868814207,2.883954029686453,3.967714903032754,2.9166889494361516,3.968748570338695,0.9688709835916612,3.1583027501727243,3.581509418061901,0.3904981978011924
177,3.3727101905973917,2.8820137077091874,3.965812077570166,2.9135789560117136,3.965551146152051,0.970634593476346,3.1598850170300032,3.583107327931146,0.39049912111920815
178,3.3708768557312365,2.880073632131318,3.9639087344958024,2.9104690159897797,3.9623533594012126,0.9705206457298272,3.1614676757867817,3.5847038654233625,0.3904986918335203
179,3.369043376202371,2.8781337985566995,3.9620048671010597,2.9073591239287557,3.959155203260107,0.970407006752117,3.1630507204271376,3.586299023619126,0.3904969100802841
180,3.367209745964828,2.8761942026204994,3.960100468715736,2.9042492744193487,3.95595667093998,0.9702936770624996,3.1646341449566573,3.5878927956488753,0.39049377601349583
181,3.365375959007334,2.8742548399892556,3.9581955327081184,2.9011394620846387,3.95275775568948,0.9701806571788103,3.1662179434025024,3.5894851746930048,0.3904892898049759
182,3.3635420093533863,2.872315706360931,3.9562900524850635,2.8980296815801485,3.9495584507947394,0.9700679476174374,3.167802109813468,3.591076153981957,0.3904834516443596
183,3.361707891061333,2.870376797464977,3.9543840214920887,2.8949199275939193,3.946358749579466,0.9699555488933251,3.169386638260055,3.5926657267963207,0.3904762617390817
184,3.359873598224447,2.8684381090623816,3.9524774332134527,2.891810194846577,3.9431586454050214,0.9698434615199707,3.170971522834526,3.5942538864669196,0.39046772031436483
185,3.358039124971004,2.8664996369457287,3.950570281172242,2.888700478091404,3.9399581316705037,0.9697316860094247,3.172556757650974,3.595840626374904,0.39045782761320297
186,3.356204465464356,2.8645613769392533,3.9486625589304514,2.88559077211441,3.936757201812835,0.9696202228722961,3.174142336845383,3.5974259399518425,0.3904465838963509
187,3.354369613903008,2.8626233248988946,3.9467542600890693,2.8824810717343974,3.9335558493068374,0.9695090726177498,3.1757282545756897,3.59900982067981,0.3904339894423081
188,3.3525345645206874,2.8606854767123444,3.9448453782881527,2.87937137180303,3.930354067665313,0.9693982357535055,3.177314505021845,3.600592262091475,0.39042004454730583
189,3.3506993115864243,2.8587478282991095,3.9429359072069183,2.876261667204904,3.927151850439131,0.9692877127858427,3.1789010823858805,3.602173257770191,0.39040474952529186
190,3.3488638494046175,2.8568103756105554,3.941025840563813,2.8731519528576097,3.9239491912173,0.9691775042195991,3.180487980891963,3.603752801350078,0.39038810470791663
191,3.3470281723151065,2.854873114629958,3.9391151721165953,2.870042223711798,3.9207460836270487,0.9690676105581708,3.182075194786456,3.605330886516108,0.39037011044451975
192,3.345192274693248,2.8529360413725593,3.9372038956624182,2.866932474751249,3.917542521333904,0.9689580323035143,3.183662718337986,3.606907507004193,0.3903507671021116
193,3.343356150949979,2.8509991518856097,3.935292005037901,2.8638227009929307,3.914338498041768,0.9688487699561458,3.185250545837493,3.608482656601263,0.39033007506536266
194,3.3415197955318927,2.8490624422484245,3.93337949411921,2.8607128974870695,3.9111340074929934,0.9687398240151436,3.1868386715982986,3.610056329145354,0.39030803473658615
195,3.3396832029213015,2.8471259085724263,3.931466356822132,2.8576030593172077,3.9079290434684597,0.9686311949781469,3.188427089956159,3.611628518525682,0.3902846465357223
196,3.3378463676363093,2.845189547001196,3.929552587102151,2.854493181600268,3.9047235997876477,0.9685228833413599,3.1900157952693244,3.6131992186827286,0.3902599109003249
197,3.336009284230878,2.843253353710518,3.9276381789545254,2.8513832594866164,3.9015176703087153,0.9684148895995465,3.191604781918601,3.61476842360832,0.3902338282855437
198,3.334171947294892,2.841317324908426,3.925723126414354,2.8482732881601196,3.8983112489285663,0.9683072142460374,3.193194044307401,3.6163361273456993,0.3902063991641096
199,3.3323343514542256,2.8393814568352513,3.9238074235566573,2.8451632628382084,3.895104329582926,0.9681998577727274,3.1947835768618074,3.617902323989609,0.3901776240263183
200,3.33049649137081,2.8374457457636644,3.9218910644964464,2.842053178771938,3.8918969062464166,0.968092820670076,3.1963733740306264,3.6194670076863646,0.39014750338001386
201,3.328658361742695,2.8355101879987226,3.9199740433887933,2.838943031246043,3.888688972932619,0.9679861034271104,3.197963430285446,3.6210301726339322,0.3901160377505743
202,3.3268199573041115,2.8335747798779067,3.918056354428902,2.835832815578997,3.885480523694151,0.9678797065314237,3.199553740120686,3.622591813081995,0.39008322768089276
203,3.32498127282554,2.831639517771173,3.916137991852181,2.8327225271230727,3.8822715526227323,0.9677736304691771,3.201144298053663,3.624151923332035,0.3900490737313618
204,3.3231423031137686,2.829704398080989,3.91421894993431,2.8296121612643965,3.8790620538492577,0.9675005418831356,3.202735098624637,3.6257104977374004,0.3900135764798574
205,3.3213030430119543,2.8277694172423757,3.912299222991308,2.8265017134230033,3.875852021543861,0.9652652497961481,3.2043261363968707,3.627267530703375,0.38997673652172055
206,3.3194634873996858,2.8258345717229485,3.9103788053796023,2.8233911790528934,3.8726414499159816,0.9630347695222071,3.2059174059566797,3.6288230166872495,0.38993855446974207
207,3.3176236311930425,2.8238998580229584,3.908457691496094,2.820280553642088,3.869430333214436,0.9608090804529933,3.207508901913491,3.630376950198391,0.38989903095414297
208,3.3157834693446557,2.82196527267533,3.9065358757782267,2.817169832712682,3.8662186657274793,0.9585881620777849,3.209100618899891,3.631929325798309,0.3898581666225586
209,3.3139429968437635,2.820030812245699,3.904613352704048,2.814059011820896,3.863006441782871,0.9563719939829409,3.2106925515716824,3.6334801381007225,0.38981596214002145
210,3.3121022087162717,2.8180964733324534,3.9026901167922743,2.8109480865571315,3.8597936557479398,0.9541605558513877,3.212284694607933,3.6350293817716235,0.389772418188943
211,3.310261100024811,2.816162252566766,3.90076616260236,2.80783705254602,3.8565803020296463,0.9519538274621008,3.2138770427110313,3.6365770515293456,0.38972753546909344
212,3.308419665868792,2.8142281466126344,3.898841484734552,2.804725905446477,3.853366375074647,0.949751788689605,3.2154695906067343,3.6381231421446234,0.38968131469758865
213,3.306577901384461,2.812294152166915,3.8969160778299585,2.801614640951749,3.850151869369354,0.9475544195034613,3.217062333044222,3.639667648440657,0.3896337566088672
214,3.304735801744957,2.810360265959359,3.8949899365706075,2.7985032547894666,3.8469367794399996,0.9453616999677715,3.2186552647961437,3.6412105652931706,0.38958486195467407
215,3.3028933621603627,2.808426484752645,3.893063055679508,2.7953917427216903,3.843721099852692,0.9431736102406753,3.220248380658672,3.6427518876304754,0.3895346315040423
216,3.301050577877761,2.806492805342415,3.8911354299207073,2.7922801005449625,3.840504825213479,0.94099013057386,3.221841675451551,3.6442916104335286,0.3894830660432744
217,3.299207444181285,2.8045592245573037,3.889207054099355,2.7891683240903498,3.8372879501684047,0.9388112413120643,3.2234351440181452,3.645829728735988,0.38943016637592104
218,3.297363956392174,2.8026257392589757,3.887277923061757,2.7860564092234954,3.834070469403569,0.9366369228925939,3.2250287812254883,3.6473662376242744,0.38937593332276765
219,3.2955201098688205,2.8006923463421525,3.8853480316954343,2.7837283875850263,3.8320266368107623,0.9361981660207631,3.2235759504899595,3.6458545007632495,0.38932036772180856
220,3.293675900006823,2.7987590427346447,3.8834173749291803,2.7818184131027057,3.8306084113177006,0.93668331610646,3.220498408080784,3.642716274699726,0.3892634704282313
221,3.291831322239035,2.7968258253973826,3.881485947733114,2.779908338384657,3.8291895056371086,0.937168358796192,3.217421019055957,3.6395764247984,0.38920524231439796
222,3.289986372035615,2.7948926913244447,3.879553745118738,2.7779981598102914,3.82776991417835,0.9376532937869761,3.214343778377669,3.6364349463572774,0.3891456842698239
223,3.288141044904075,2.7929596375430883,3.8776207621389918,2.7760878737950487,3.8263496313896885,0.9381381207784094,3.2112666810320194,3.6332918347273964,0.3890847972011579
224,3.2862953363893253,2.7910266611137735,3.875686993888304,2.7741774767904284,3.8249286517583463,0.9386228394726656,3.208189722029056,3.630147085312869,0.3890225820321627
225,3.2844492420737263,2.789093759130196,3.8737524355026487,2.7722669652840306,3.8235069698105706,0.9391074495744994,3.2051128964028313,3.6270006935709422,0.3889590397036958
226,3.282602757577129,2.7871609287193064,3.8718170821595903,2.7703563357995837,3.822084580111689,0.9395919507912481,3.202036199211436,3.6238526550120356,0.3888941711736879
227,3.2807558785569246,2.785228167041344,3.8698809290783416,2.7684455848969836,3.8206614772661722,0.940076342832828,3.1989596255370523,3.6207029651997944,0.38882797741712327
228,3.2789086007080885,2.7832954712898554,3.8679439715198125,2.7665347091723214,3.819237655917692,0.9405606254117372,3.1958831704859962,3.6175516197511364,0.38876045942601856
229,3.2770609197632212,2.781362838691723,3.866006204786654,2.764623705257916,3.8178131107491775,0.9410447982430566,3.1928068291887595,3.614398614336293,0.38869161820940373
230,3.2752128314925963,2.779430266507186,3.864067624223317,2.762712569822347,3.8163878364828783,0.9415288610444489,3.1897305968000556,3.611243944678858,0.3886214547932987
231,3.273364331704198,2.777497752029866,3.8621282252160887,2.760801299570484,3.8149618278804143,0.9420128135361626,3.1866544684988596,3.608087606555825,0.38854997022069515
232,3.271515416243765,2.7755652925867853,3.8601880031931493,2.7588898912435127,3.8135350797428353,0.9424966554410269,3.1835784394884543,3.604929595797636,0.38847716555153367
233,3.2696660809948335,2.773632885538394,3.858246953624612,2.7569783416189697,3.812107586910675,0.942980386484456,3.1805025049964715,3.601769908288217,0.3884030418626824
234,3.2678163218787737,2.7717005282785863,3.8563050720225727,2.7550666475107657,3.8106793442640083,0.9434640063944505,3.177426660274932,3.5986085399650216,0.3883276002479173
235,3.265966134854831,2.769768218234722,3.8543623539411525,2.753154805769215,3.8092503467225005,0.9439475149015947,3.174350900600289,3.595445486819066,0.388250841817898
236,3.2641155159201647,2.7678359528676473,3.8524187949765403,2.7512428132810602,3.8078205892454626,0.9444309117390588,3.171275221273467,3.5922807448949703,0.38817276770014936
237,3.2622644611098863,2.7659037296717126,3.85047439076704,2.749330666969501,3.8063900668319035,0.9449141966425987,3.168199617619905,3.5891143102909924,0.3880933790390367
238,3.260412966497095,2.763971546174789,3.848529136993108,2.747418363794215,3.804958774520581,0.9453973693505575,3.1651240849895927,3.585946179159064,0.38801267699574443
239,3.2585610281929163,2.7620393999382884,3.8465830293773995,2.7455059007513865,3.803526707390052,0.9458804296038653,3.1620486187571135,3.5827763477048267,0.38793066274825583
240,3.2567086423465352,2.7601072885571774,3.844636063684804,2.7435932748737257,3.8020938605587227,0.9463633771460392,3.1589732143216813,3.579604812187663,0.38784733749132855
241,3.254855805145235,2.7581752096599965,3.842688235722491,2.7416804832304953,3.800660229184899,0.9468462117231834,3.1558978671071807,3.5764315689207313,0.3877627024364736
242,3.253002512814427,2.7562431609088716,3.840739541339944,2.7397675229275302,3.799225808466833,0.9473289330839921,3.152822572562204,3.573256614270994,0.3876767588119318
243,3.251148761617687,2.7543111399995324,3.8387899764290014,2.7378543911072604,3.7977905936427696,0.9478115409797453,3.1497473261600897,3.5700799446592493,0.38758950786265217
244,3.2492945478567874,2.752379144661323,3.8368395369238946,2.73594108494873,3.7963545799909983,0.9482940351643138,3.14667212339896,3.5669015565601607,0.38750095085026753
245,3.2474398678717282,2.750447172657216,3.8348882188012823,2.7340276016676173,3.794917762829893,0.9487764153941559,3.143596959801757,3.5637214465022833,0.387411089053073
246,3.2455847180407695,2.748515221783826,3.8329360180802876,2.7321139385162567,3.7934801375179616,0.9492586814283225,3.1405218309162795,3.5605396110680925,0.3873199237660022
247,3.243729094780461,2.74658328987142,3.8309829308225347,2.7302000927836527,3.7920416994538892,0.9497408330284501,3.1374467323152193,3.557356046894008,0.3872274563006044
248,3.241872994545672,2.744651374783929,3.829028953132181,2.728286061795501,3.790602444076582,0.9502228699587687,3.134371659596195,3.5541707506704197,0.38713368798502107
249,3.2400164138296206,2.7427194744189585,3.827074081155951,2.7263718429142036,3.7891623668652095,0.9507047919860964,3.131296608381791,3.55098371914171,0.3870386201639601
250,3.238159349163902,2.7407875867077967,3.8251183110831697,2.7244574335388863,3.7877214633392478,0.9511865988798437,3.128221574319587,3.5477949491062786,0.38694225419867745
251,3.236301797118515,2.738855709615426,3.8231616391457948,2.722542831105412,3.7862797290585206,0.9516682904120093,3.1251465530821974,3.544604437416561,0.3868445914669468
252,3.23444375430189,2.736923841140528,3.821204061618446,2.720628033086398,3.7848371596232417,0.9521498663571876,3.122071540367301,3.541412180979051,0.3867456333630407
253,3.2325852173609153,2.734991979315495,3.8192455748184377,2.71871303699123,3.783393750674051,0.9526313264925598,3.118996531897677,3.5382181767543197,0.38664538129770465
254,3.2307261829809595,2.7330601222064317,3.8172861751058056,2.716797840366071,3.7819494978920574,0.9531126705979015,3.1159215234212367,3.5350224217570316,0.38654383669813114
255,3.2288666478859,2.7311282679131663,3.8153258588833396,2.7148824407938803,3.780504396998876,0.9535938984555786,3.1128465107110563,3.531824913055965,0.3864410010079379
256,3.2270066088381424,2.7291964145692513,3.8133646225966062,2.7129668358944183,3.779058443756665,0.9540750098505505,3.109771489565407,3.5286256477740245,0.38633687568714353
257,3.2251460626386486,2.7272645603419736,3.811402462733982,2.7110510233242655,3.7776116339681653,0.9545560045703675,3.1066964558077927,3.52542462308826,0.3862314622121398
258,3.223285006126954,2.725332703432353,3.809439375826673,2.709135000776825,3.7761639634767334,0.9550368824051741,3.1036214052869733,3.5222218362298756,0.38612476207566926
259,3.221423436181191,2.7234008420751485,3.8074753584487455,2.7072187659823364,3.7747154281663757,0.955517643147704,3.100546333876999,3.5190172844842453,0.3860167767868013
260,3.219561349718112,2.721468974538861,3.8055104072171497,2.7053023167078845,3.7732660239617903,0.9559982865932868,3.0974712374772433,3.515810965190926,0.3859075078709039
261,3.217698743693105,2.719537099125733,3.8035445187917407,2.7033856507574052,3.7718157468283926,0.9564788125398437,3.0943961120124275,3.5126028757436636,0.3857969568696211
262,3.2158356151002168,2.7176052141717526,3.801577689875305,2.701468765971696,3.770364592772354,0.9569592207878899,3.0913209534326542,3.509393013590408,0.38568512534084803
263,3.213971960972169,2.715673318046653,3.7996099172135813,2.6995516602284195,3.7689125578406313,0.9574395111405315,3.0882457577134343,3.5061813762333154,0.38557201485870124
264,3.2121077783803753,2.7137414091539087,3.797641197595281,2.6976343314421105,3.767459638120998,0.9579196834034708,3.0851705208557147,3.5029679612287588,0.3854576270134981
265,3.2102430644349624,2.711809485930742,3.7956715278521123,2.6957167775641824,3.766005829742078,0.9583997373850006,3.08209523888591,3.4997527661873375,0.38534196341172994
266,3.208377816284782,2.7098775468481153,3.7937009048587957,2.6937989965829297,3.7645511288733737,0.9588796728960088,3.0790199078559266,3.496535788773876,0.38522502567603384
267,3.2065120311174273,2.7079455904107306,3.791729325533085,2.691880986523532,3.7630955317252943,0.9593594897499763,3.0759445238431904,3.4933170267074307,0.38510681544516884
268,3.20464570615925,2.706013615157028,3.7897567868357878,2.689962745448059,3.761639034549187,0.9598391877629762,3.0728690829506755,3.490096477761294,0.38498733437398935
269,3.20277883867537,2.7040816196591777,3.7877832857707783,2.688044271455468,3.7601816336373615,0.9603187667536776,3.0697935813069277,3.486874139762994,0.38486658413341857
270,3.2009114259696934,2.702149602523081,3.7858088193850175,2.6861255626816116,3.75872332532312,0.9607982265433417,3.0667180150660927,3.483650010594296,0.3847445664104222
271,3.199043465384923,2.700217562388364,3.783833384768569,2.6842066172992345,3.7572641059807825,0.9612775669558229,3.0636423804079427,3.480424088191206,0.384621282907983
272,3.1971749543025676,2.6982854979283664,3.781856979054611,2.6822874335179727,3.7558039720257095,0.9617567878175706,3.0605666735378954,3.4771963705439597,0.38449673534507106
273,3.1953058901429565,2.6963534078501428,3.779879599419454,2.6803680095843547,3.7543429199143317,0.9622358889576257,3.057490890687044,3.4739668556970305,0.384370925456623
274,3.1934362703652495,2.694421290894451,3.7779012430825523,2.6784483437818016,3.7528809461441703,0.9627148702076253,3.054415028112182,3.47073554174912,0.3842438549935083
275,3.1915660924674434,2.692489145835745,3.7759219073065178,2.6765284344306206,3.7514180472538596,0.9631937314017961,3.0513390820958226,3.467502426853155,0.3841155257225062
276,3.1896953539863846,2.6905569714821667,3.773941589397131,2.674608279888006,3.749954219823174,0.9636724723769632,3.048263048946225,3.4642675092162816,0.383985939426278
277,3.1878240524977732,2.6886247666755354,3.7719602867033517,2.672687878548033,3.748489460473044,0.9641510929725415,3.045186924997414,3.4610307870998565,0.3838550979033394
278,3.1859521856161743,2.686692530291342,3.76997799661733,2.6707672288416533,3.7470237658655807,0.9646295930305405,3.0421107066092086,3.457792258819443,0.3837230029680334
279,3.184079750995021,2.6847602612387313,3.767994716574416,2.6688463292366933,3.7455571327040937,0.9651079723955629,3.0390343901672354,3.4545519227447983,0.3835896564505028
280,3.182206746326623,2.6828279584605,3.766010444053168,2.6669251782378445,3.7440895577331137,0.965586230914804,3.0359579720829593,3.4513097772998664,0.3834550601966626
281,3.1803331693421693,2.6808956209330748,3.7640251765753603,2.6650037743866575,3.742621037738407,0.9660643684380524,3.0328814487936957,3.448065820962763,0.3833192160681708
282,3.1784590178117327,2.6789632476665064,3.762038911705989,2.663082116261536,3.7411515695469943,0.9665423848176902,3.0298048167626375,3.444820052265766,0.38318212594240275
283,3.1765842895442766,2.677030837704455,3.7600516470532814,2.6611602024777303,3.7396811500271716,0.9670202799086923,3.026728072478872,3.4415724697953047,0.38304379171242386
284,3.1747089823876524,2.675098390124174,3.758063380268698,2.659238031687322,3.738209776088521,0.9674980535686247,3.023651212457402,3.438323072191938,0.38290421528695684
285,3.172833094228607,2.673165904036498,3.7560741090469394,2.6573156025792226,3.7367374446819297,0.967975705657648,3.0205742332391647,3.4350718581503457,0.38276339859035824
286,3.1709566229927795,2.6712333785858258,3.7540838311259503,2.6553929138791585,3.7352641527996036,0.9684532360385132,3.017497131391051,3.4318188264193097,0.38262134356258776
287,3.1690795666447054,2.6693008129501044,3.75209254428692,2.653469964349661,3.733789897475082,0.9689306445765652,3.0144199035059227,3.4285639758016955,0.3824780521591812
288,3.167201923187812,2.667368206340811,3.750100246354286,2.6515467527900527,3.7323146757832477,0.9694079311397398,3.0113425462026306,3.4253073051544325,0.38233352635121964
289,3.165323690664424,2.6654355580029407,3.748106935195739,2.649623278036441,3.730838484840346,0.9698850955985634,3.008265056126035,3.422048813388498,0.38218776812530236
290,3.1634448671557553,2.6635028672149814,3.7461126087222163,2.647699538961698,3.7293613218039887,0.9703621378261563,3.0051874299470183,3.418788499468892,0.382040779483518
291,3.1615654507819104,2.6615701332888992,3.744117264887908,2.645934110588863,3.727550750922075,0.9706765337459362,3.0022882911092994,3.415704989161414,0.38189256244341524
292,3.1596854397018794,2.6596373555701183,3.7421209016902526,2.6447912232285753,3.7244334142549995,0.9703520095962371,3.000090757522902,3.4133214027260887,0.3817431190379742
293,3.1578048321135355,2.6577045334375002,3.7401235171699367,2.643647784267241,3.7213154286877987,0.9700268444925869,2.9978930780030426,3.4109359913560167,0.3815924513155751
294,3.15592362625363,2.655771666303323,3.738125109410894,2.642503790973043,3.7181967935872224,0.9697010357545045,2.995695249324864,3.408548754232067,0.38144056133997195
295,3.1540418203977856,2.65383875361326,3.736125676540296,2.641359240647646,3.7150775083651775,0.9693745806945614,2.9934972682896115,3.4061596905890115,0.381287451190261
296,3.1521594128604913,2.651905794846357,3.7341252167285557,2.640214130626214,3.711957572478699,0.969047476618377,2.9912991317246473,3.403768799715498,0.38113312296085256
297,3.150276401995097,2.6499727895150116,3.732123728189318,2.6390684582774275,3.7088369854299184,0.9687197208246024,2.989100836483468,3.4013760809540248,0.3809775787614401
298,3.1483927861938032,2.6480397371649453,3.730121209179454,2.6379222210034925,3.705715746766027,0.9683913106049153,2.9869023794457132,3.3989815337009066,0.38082082071697115
299,3.146508563887654,2.6461066373751843,3.7281176579990554,2.6367754162401598,3.7025938560792477,0.9680622432440102,2.984703757517182,3.396585157406246,0.380662850967617
300,3.1446237335465277,2.64417348975803,3.7261130729914282,2.635628041456732,3.6994713130067933,0.9677325160195805,2.982504967629844,3.3941869515739023,0.38050367166874377
301,3.142738293679128,2.642240293959038,3.7241074525430844,2.6344800941560838,3.6963481172308397,0.9674021262023198,2.9803060067418534,3.3917869157614597,0.38034328499088077
302,3.1408522428329717,2.6403070496569874,3.72210079508373,2.633331571874663,3.6932242684784793,0.967071071055899,2.9781068718375594,3.3893850495801896,0.3801816931196902
303,3.1389655795943785,2.638373756563856,3.7200930990862595,2.632182472182511,3.6900997665216932,0.9667393478369684,2.9759075599275175,3.3869813526950194,0.3800188982559385
304,3.1370783025884585,2.6364404144247935,3.718084363066743,2.6310327926832664,3.686974611177307,0.9664069537951352,2.973708068048502,3.3845758248244953,0.3798549026154634
305,3.135190410479102,2.634507023018094,3.7160745855844164,2.629882531014179,3.6838488023069575,0.9660738861729625,2.9715083932635156,3.3821684657407465,0.3796897084291476
306,3.13330190196896,2.6325735821551612,3.714063765241667,2.628731684846116,3.6807223398170454,0.9657401422059549,2.9693085326617985,3.379759275269443,0.37952331794288124
307,3.1314127757994354,2.6306400916804855,3.7120519006840222,2.6275802518835687,3.677595223658702,0.9654057191225474,2.9671084833588397,3.377348253289763,0.37935573341753803
308,3.1295230307506685,2.6287065514716135,3.7100389906001396,2.626428229864667,3.6744674538277478,0.9650706141440967,2.9649082424963873,3.374935399734348,0.3791869571289402
309,3.127632665641516,2.6267729614391118,3.708025033721784,2.625275616561176,3.671339030364644,0.9647348244848678,2.962707807242454,3.3725207145892617,0.3790169913678278
310,3.1257416793295394,2.6248393215265398,3.706010028823821,2.6241224097785123,3.668209953354458,0.9643983473520299,2.9605071747913283,3.37010419789395,0.3788458384398293
311,3.1238500707109846,2.622905631710415,3.7039939747241934,2.6229686073557397,3.665080222926813,0.9639467692954226,2.9583063423635796,3.3676858497411954,0.37867350066542926
312,3.1219578387207685,2.620971892000184,3.7019768702839126,2.621814207165583,3.6619498392558487,0.962193193357583,2.9561053072060712,3.3652656702770747,0.37849998037993504
313,3.1200649823324538,2.619038102438183,3.6999587144070327,2.620659207114426,3.658818802560172,0.9604401876977658,2.9539040665919596,3.362843659700911,0.3783252799334503
314,3.1181715005582364,2.61710426309961,3.6979395060406386,2.6195036051423175,3.655687113102815,0.958687750725975,2.9517026178207093,3.36041981826523,0.37814940169083733
315,3.11627739244892,2.6151703740924845,3.695919244174823,2.6183473992229747,3.652554771191186,0.9569358808484515,2.9495009582180924,3.3579941462757095,0.3779723480316897
316,3.1143826570939006,2.613236435557616,3.69389792784267,2.6171905873637824,3.6494217771770217,0.9551845764676881,2.9472990851362,3.355566644091135,0.3777941213502992
317,3.1124872936211374,2.611302447668564,3.6918755561202294,2.6160331676057975,3.6462881314563393,0.953433835982441,2.9450969959534405,3.353137312123343,0.3776147240556229
318,3.1105913011971387,2.609368410631605,3.689852128126501,2.6148751380237476,3.6431538344693886,0.951683657787743,2.9428946880745523,3.350706150837177,0.37743415857125234
319,3.108694679026935,2.607434324685695,3.6878276430234087,2.6137164967260347,3.6400188867006005,0.9499340402749139,2.940692158930606,3.348273160750435,0.3772524273353806
320,3.1067974263540545,2.6055001901024255,3.6858021000157786,2.612557241854729,3.636883288678538,0.9481849818315756,2.9384894059790034,3.345838342433811,0.37706953280077016
321,3.104899542460499,2.6035660071859903,3.683775498351313,2.611397371585571,3.6337470409758392,0.9464364808416601,2.9362864267034867,3.343401696510847,0.37688547743472145
322,3.1030010266667216,2.601631776273148,3.6817478373205716,2.6102368841279717,3.6306101442091765,0.9446885356854294,2.9340832186141417,3.340963223657876,0.37670026371903925
323,3.1011018783315984,2.599697497733175,3.6797191162569396,2.609075777725006,3.627472599039191,0.9429411447394807,2.9318797792473985,3.3385229246039674,0.37651389415000047
324,3.099202096852401,2.597763171967829,3.677689334536605,2.607914050653411,3.624334406170446,0.9411943063767596,2.929676106166032,3.336080800130865,0.37632637123832124
325,3.0973016816647716,2.595828799411308,3.675658491578533,2.6067517012235824,3.6211955663513695,0.939448018966576,2.92747219695917,3.3336368510729373,0.3761376975091249
326,3.095400632242694,2.593894380530207,3.6736265868444336,2.6055887277795717,3.6180560803742026,0.9377022808746153,2.925268049242289,3.3311910783171106,0.3759478755019084
327,3.093498948098463,2.5919599158234745,3.6715936198387378,2.6044251286990754,3.6149159490749367,0.935957090462948,2.9230636606572165,3.328743482802812,0.37575690777050846
328,3.0915966287826606,2.5900254058223737,3.669559590108568,2.6032609023934374,3.611775173333264,0.9342124460900447,2.920859028872136,3.3262940655219113,0.37556479688307026
329,3.089693673884118,2.5880908510904312,3.667524497243704,2.6020960473076347,3.608633754072513,0.9324683461107866,2.9186541515815803,3.323842827518653,0.3753715454220134
330,3.087790083029889,2.5861562522233985,3.6654883408765566,2.6009305619202734,3.6054916922595934,0.9307247888764794,2.916449026506435,3.3213897698895964,0.3751771559839992
331,3.085885855885221,2.5842216098492052,3.6634511206821343,2.5997644447435833,3.60234898890494,0.9289817727348658,2.91424365139394,3.3189348937835517,0.37498163117989475
332,3.083980992153518,2.5822869246279128,3.6614128363780116,2.5985976943234053,3.5992056450624452,0.9272392960301357,2.9120380240176855,3.3164782004015145,0.37478497363474317
333,3.082075491576308,2.580352197251666,3.6593734877242947,2.5974303092391833,3.596061661829404,0.9254973571029391,2.9098321421776094,3.3140196909965973,0.3745871859877271
334,3.0801693539332122,2.5784174284446504,3.6573330745235895,2.596262288103957,3.5929170403464497,0.9237559542903989,2.9076260036999986,3.311559366873964,0.37438827089213567
335,3.0782625790419096,2.5764826189630416,3.655291596620966,2.595093629564347,3.5897717817974932,0.9220150859261248,2.905419606437486,3.3090972293907637,0.37418823101533194
336,3.0763551667580993,2.5745477695949566,3.653249053903923,2.5939243323005488,3.586625887409658,0.9202747503402205,2.903212948269045,3.3066332799560554,0.3739870690387173
337,3.0744471169754677,2.572612881160405,3.6512054463023516,2.592754395026314,3.5834793584532174,0.9185349458593017,2.9010060270999904,3.3041675200307443,0.3737847876576976
338,3.0725384296256517,2.5706779545112424,3.649160773788501,2.591583816488948,3.5803321962415318,0.9167956708065038,2.898798840861973,3.3016999511275076,0.3735813895816506
339,3.070629104678199,2.568742990531116,3.647115036376936,2.590412595469285,3.577184402130978,0.9150569235014987,2.8965913875129736,3.2992305748107187,0.37337687753388993
340,3.068719142140531,2.5668079901354153,3.645068234124503,2.5892407307816843,3.574035977520888,0.9133187022605,2.894383665037301,3.296759392696379,0.37317125425163145
341,3.066808542057908,2.5648729542712214,3.6430203671302896,2.5880682212740096,3.57088692385348,0.9115810053962827,2.8921756714455884,3.294286406452043,0.3729645224859593
342,3.0648973045133827,2.5629378839172543,3.640971435535584,2.5868950658276155,3.5677372426137897,0.9098438312181906,2.889967404774783,3.2918116177967374,0.37275668500178977
343,3.062985429627768,2.56100278008382,3.638921439523835,2.5857212633573354,3.5645869353296065,0.9081071780321508,2.8877588630881474,3.289335028500892,0.3725477445778385
344,3.061072917559589,2.559067643812757,3.6368703793206096,2.584546812811459,3.5614360035713957,0.9063710441406829,2.885550044475247,3.286856640386258,0.37233770400658567
345,3.059159768505047,2.5571324761773835,3.6348182551935544,2.58337171317172,3.5582844489522385,0.9046354278429146,2.8833409470519467,3.2843764553258294,0.3721265660942392
346,3.057245982697973,2.5551972782824404,3.632765067452346,2.582195963453275,3.5551322731277524,0.9029003274345923,2.8811315689604045,3.2818944752437655,0.37191433366070187
347,3.055331560409791,2.5532620512640394,3.630710816448656,2.5810195627046904,3.5519794777960283,0.9011657412080916,2.8789219083690627,3.279410702115309,0.37170100953953394
348,3.0534165019494646,2.551326796289604,3.628655502576097,2.579842510007915,3.548826064697548,0.8994316674524329,2.8767119634726384,3.2769251379667046,0.37148659657792316
349,3.051500807663463,2.5493915145578145,3.626599126270186,2.5786648044782683,3.5456720356151203,0.8976981044532906,2.87450173249212,3.274437784875117,0.37127109763664157
350,3.0495844779357117,2.5474562072985534,3.6245416880082963,2.5774864452644186,3.5425173923738056,0.8959650504930046,2.8722912136747554,3.2719486449685506,0.3710545155900179
351,3.0476675131875433,2.545520875772841,3.6224831883096043,2.576307431548356,3.539362136840835,0.8942325038505968,2.8700804052940407,3.269457720425756,0.3708368533258977
352,3.0457499138776587,2.5435855212727865,3.6204236277350534,2.5751277625453812,3.536206270925544,0.8925004628017774,2.867869305649719,3.266965013476157,0.37061811374560827
353,3.0438316805020738,2.5416501451215203,3.6183630068872965,2.573947437504073,3.5330497965792906,0.8907689256189614,2.8656579130677593,3.264470526399753,0.3703982997639251
354,3.041912813594074,2.53971474867314,3.6163013264106505,2.572766455706273,3.52989271579538,0.8890378905712777,2.863446225900355,3.2619742615270377,0.3701774143090333
355,3.0399933137241666,2.537779333312648,3.614238586991048,2.5715848164670567,3.5267350306089886,0.8873073559245839,2.861234242525909,3.2594762212389106,0.36995546032249454
356,3.0380731815000317,2.5358439004558933,3.612174789355987,2.5704025191347144,3.5235767430970832,0.8855773199414736,2.859021961349025,3.2569764079665857,0.369732440759209
357,3.0361524175664707,2.5339084515495065,3.6101099342744756,2.569219563090723,3.5204178553783465,0.8838477808812953,2.8568093808004926,3.2544748241915022,0.36950835858738157
358,3.0342310226053564,2.531972988070841,3.6080440225569848,2.5680359477497197,3.5172583696130904,0.882118737000158,2.854596499337278,3.251971472445232,0.369283216788483
359,3.0323089973355843,2.53003751152791,3.605977055055395,2.566851672559481,3.514098288003184,0.8803901865509465,2.852383315442512,3.2494663553093894,0.36905701835721594
360,3.030386342513018,2.5281020234593217,3.603909032662942,2.5656667370008908,3.510937612791967,0.8786621277833327,2.8501698276254746,3.246959475415538,0.3688297663014782
361,3.0284630589304373,2.5261665254342187,3.6018399563141625,2.5644811405879153,3.507776346264169,0.8769345589437871,2.8479560344215846,3.2444508354450936,0.3686014636423253
362,3.0265391474174854,2.524231019052211,3.5997698269848404,2.563294882867574,3.5046144907458263,0.8752074782755912,2.8457419343923824,3.2419404381292307,0.3683721134139361
363,3.0246146088406167,2.5222955059433123,3.5976986456919513,2.5621079634199146,3.501452048604202,0.8734808840188494,2.8435275261255226,3.2394282862487898,0.36814171866357354
364,3.022689444103038,2.5203599877678746,3.595626413493605,2.560917348073107,3.499936897468724,0.8732901232007165,2.841819695481224,3.237421269880647,0.3679102824515511
365,3.020763654144658,2.5184244662165227,3.5935531314889904,2.5597253763787005,3.498959545414689,0.8736016435744093,2.8402772669911114,3.235578217796471,0.36767780785119264
366,3.0188372399420307,2.516488943010088,3.591478800818319,2.5585330832614583,3.4979812158247583,0.8739134846153027,2.838734526182808,3.233733419787232,0.3674442979487983
367,3.016910202508294,2.5145534198995385,3.5894034226627607,2.557340470147934,3.4970019092297537,0.8742256469890126,2.837191471748254,3.231886878831438,0.3672097558436079
368,3.014982542893119,2.5126178986659142,3.587326998244391,2.556147538498663,3.4960216262000046,0.8745381313603647,2.835648102405427,3.2300385979567667,0.36697418464775966
369,3.01305426218265,2.5106823811202585,3.5852495288261306,2.554954289808097,3.4950403673452946,0.8748509383933963,2.8341044168983185,3.2281885802399612,0.3667375874862597
370,3.011125361499443,2.5087468691035477,3.583171015711679,2.5537607256045374,3.494058133314812,0.8751640687513549,2.832560413996921,3.2263368288067276,0.3664999674969388
371,3.0091958420024105,2.5068113644866212,3.581091460245462,2.552566847450071,3.493074924797098,0.8754775230966919,2.8310160924972103,3.2244833468316316,0.3662613278304177
372,3.00726570488676,2.5048758691701156,3.579010863812562,2.5513726569405053,3.492090742519995,0.8757913020910671,2.8294714512211256,3.2226281375379946,0.36602167165007155
373,3.0053349513839334,2.50294038508439,3.57692922783866,2.550178155705299,3.4911055872505905,0.8761054063953404,2.8279264890165545,3.2207712041977867,0.36578100213198905
374,3.003403582761546,2.501004914189455,3.5748465537899716,2.5489833454074957,3.490119459795169,0.8764198366695748,2.826381204757311,3.2189125501315208,0.3655393224649367
375,3.0014716003233253,2.4990694584749025,3.57276284317318,2.5477882277436548,3.4891323609991516,0.8767345935730313,2.8248355973431196,3.2170521787081454,0.3652966358503214
376,2.999539005409047,2.4971340199598338,3.5706780975353754,2.546592804443784,3.4881442917470435,0.8770496777641679,2.823289665699594,3.2151900933449356,0.36505294550215134
377,2.9976057993944742,2.495198600692786,3.5685923184639865,2.545397077271271,3.4871552529623813,0.8773650899006388,2.8217434087782176,3.213326297507385,0.364808254647001
378,2.9956719836912917,2.493263202751657,3.566505507586717,2.5442010480228094,3.48616524560767,0.8776808306392891,2.8201968255563243,3.211460794709094,0.3645625665239692
379,2.9937375597470415,2.4913278282436337,3.5644176665714737,2.5430047185283318,3.485174270684332,0.8779969006361589,2.8186499150370765,3.209593588511658,0.3643158843846438
380,2.9918025290450605,2.4893924793051188,3.5623287971263067,2.541808090650938,3.484182329232646,0.878313300546474,2.8171026762494455,3.2077246825245607,0.36406821149306545
381,2.9898668931044106,2.48745715810165,3.560238900999333,2.54061116628682,3.483189422331688,0.878630031024649,2.8155551082481893,3.2058540804050524,0.36381955112568315
382,2.9879306534798165,2.4855218668278325,3.558147979978674,2.5394139473651953,3.4821955510992764,0.8789470927242838,2.8140072101138305,3.203981785858044,0.36356990657132376
383,2.985993811761594,2.4835866077072533,3.5560560358923805,2.538216435848226,3.4812007166919043,0.8792644862981608,2.8124589809526332,3.2021078026359873,0.3633192811311482
384,2.9840563695755886,2.481651382992414,3.553963070608367,2.5370186337309546,3.480204920304689,0.8795822123982436,2.8109104198965844,3.200232134538762,0.363067678118615
385,2.9821183285831006,2.4797161949646465,3.551869086034337,2.5358205430412193,3.479208163171303,0.8799002716756775,2.8093615261033658,3.1983547854135566,0.3628151008594408
386,2.9801796904808215,2.477781045934039,3.549774084117714,2.5346221658395875,3.4782104465639145,0.8802186647807809,2.8078122987563345,3.1964757591547555,0.36256155269156465
387,2.978240457000761,2.475845938239356,3.5476780668455663,2.5334235042192756,3.4772117717931272,0.8805373923630518,2.806262737064496,3.1945950597038135,0.3623070369651052
388,2.9763006299101775,2.4739108742479594,3.5455810362445366,2.532224560306073,3.4762121402079122,0.8808564550711587,2.8047128402624817,3.192712691049143,0.3620515570423249
389,2.9743602110115095,2.4719758563557295,3.543482994380767,2.531025336258269,3.4752115531955496,0.8811758535529404,2.8031626076105245,3.190828657225991,0.36179511629759037
390,2.9724192021423006,2.4700408869869843,3.5413839433598224,2.5298258342665694,3.47421001218156,0.8814955884554083,2.8016120383944316,3.188942962316318,0.36153771811733426
391,2.9704776051751307,2.4681059685944007,3.53928388532662,2.5286260565540237,3.473207518629641,0.881815660424738,2.8000611319255637,3.187055610448677,0.361279365900013
392,2.968535422017541,2.466171103658932,3.5371828224653488,2.527426005375945,3.4722040740416014,0.8821360701062723,2.798509887540803,3.185166605798089,0.3610200630560733
393,2.9665926546119623,2.464236294689726,3.5350807569993967,2.5262256830198293,3.4711996799572953,0.8824568181445149,2.796958304602532,3.183275952585922,0.36075981300790755
394,2.964649304935638,2.462301544224043,3.532977691191269,2.5250250918052766,3.4701943379545512,0.8827779051831316,2.7954063824986033,3.1813836550797623,0.36049861918981735
395,2.962705375000555,2.460366854827175,3.530873627342516,2.523824234083911,3.4691880496491114,0.8830993318649487,2.7938541206423166,3.179489717593295,0.36023648504797456
396,2.960760866853363,2.458432229092359,3.5287685677936493,2.5226231122392986,3.468180816694555,0.8834210988319465,2.7923015184723865,3.1775941444861706,0.35997341404038014
397,2.9588157825753005,2.4564976696406977,3.526662514924066,2.5214217286868683,3.4671726407822354,0.8837432067252614,2.7907485754529175,3.175696940163884,0.3597094096368267
398,2.95687012428212,2.454563179121071,3.524555471151967,2.5202200858738246,3.4661635236412076,0.884065656185184,2.7891952910733773,3.1737981090776426,0.3594444753188558
399,2.954923894124009,2.4526287602100547,3.5224474389342766,2.519018186279072,3.4651534670381583,0.8843884478511532,2.7876416648485636,3.1718976557242398,0.3591786145797234
400,2.9529770942855125,2.4506944156118307,3.520338420766562,2.517816032413124,3.4641424727773353,0.8847115823617586,2.786087696318578,3.169995584645922,0.3589118309243542
401,2.951029726985457,2.448760148058109,3.518228419182952,2.516613626818026,3.4631305427004753,0.8850350603547348,2.7845333850487997,3.1680919004302632,0.3586441278693057
402,2.9490817944768666,2.4468259603080313,3.516117436756051,2.5154109720672646,3.462117678686731,0.885358882466962,2.782978730629847,3.1661866077100274,0.3583755089427285
403,2.9471332990468895,2.4448918551480934,3.5140054760968606,2.514208070765688,3.461103882652599,0.8856830493344608,2.781423732677556,3.1642797111630414,0.35810597768432323
404,2.945184243016713,2.442957835392052,3.5118925398546916,2.5130049255494162,3.4600891565518475,0.8860075615923952,2.7798683908329456,3.1623712155120582,0.35783553764530385
405,2.943234628741486,2.441023903880838,3.5097786307170815,2.511801539085756,3.4590735023754373,0.8863324198750645,2.7783127047621856,3.1604611255246247,0.3575641923883557
406,2.941284458610235,2.4390900634824715,3.5076637514097095,2.5105979140731165,3.4580569221514543,0.8866576248159058,2.77675667415657,3.158549446012947,0.35729194548759485
407,2.939333735045786,2.4371563170919686,3.5055479046963107,2.509394053240917,3.457039417945027,0.886983177047489,2.77520029873248,3.156636181833754,0.35701880052852997
408,2.9373824605046766,2.435222667631253,3.5034310933785866,2.5081899593495023,3.456020991858253,0.887309077201516,2.7736435782313547,3.1547213378881613,0.35674476110802
409,2.9354306374770776,2.433289118049069,3.5013133202961226,2.5069856351900546,3.4550016460301243,0.8876353259088189,2.7720865124196576,3.1528049191215337,0.35646983083423506
410,2.9334782684867067,2.4313556713208873,3.4991945883262967,2.505781083584501,3.453981382636446,0.8879619237993567,2.770529101088844,3.150886930523346,0.3561940133266137
411,2.931525356090746,2.4294223304488174,3.4970749003841934,2.504576307385428,3.4529602038897624,0.8882888715022147,2.76897134405533,3.148967377127048,0.3559173122158258
412,2.929571902879754,2.427489098461513,3.4949542594225114,2.503371309475988,3.451938112039274,0.8886161696456,2.767413241160452,3.1470462640099184,0.35563973114372865
413,2.9276179114775847,2.4255559784140845,3.492832668431478,2.502166092769809,3.450915109370761,0.8889438188568421,2.76585479227044,3.1451235962929296,0.3553612737633281
414,2.9256633845412976,2.4236229733880026,3.4907101304387576,2.500960660210907,3.449891198206505,0.8892718197623881,2.7642959972763803,3.1431993791406057,0.3550819437387373
415,2.9237083247610713,2.4216900864910063,3.488586648509356,2.4997550147735854,3.4488663809052023,0.8896001729878035,2.7627368560941794,3.1412736177608758,0.3548017447451347
416,2.9217527348601195,2.4197573208570122,3.486462225745537,2.4985491594623537,3.4478406598618907,0.8899288791577669,2.7611773686645305,3.1393463174049367,0.354520680468725
417,2.919796617594599,2.417824679646017,3.4843368652867213,2.497343097311824,3.4468140375078606,0.8902579388960709,2.7596175349528753,3.1374174833671056,0.3542387546066978
418,2.9178399757535245,2.4158921660440074,3.4822105703094026,2.4961368313866252,3.4457865163105774,0.8905873528256149,2.758057354949373,3.135487120984677,0.3539559708671835
419,2.915882812158678,2.41395978326286,3.480083344027047,2.4949303647813044,3.4447580987735975,0.89091712156841,2.756496828668858,3.133555235637776,0.35367233296921635
420,2.913925129664519,2.412027534540253,3.4779551896900003,2.493723700620233,3.443728787436482,0.8912472457455728,2.7549359561508067,3.1316218327492136,0.35338784464269113
421,2.9119669311580956,2.410095423139563,3.4758261105853974,2.4925168420575137,3.442698584874717,0.8915777259773205,2.7533747374593,3.1296869177843396,0.3531025096283209
422,2.910008219558953,2.4081634523497755,3.473696110037062,2.4913097922768817,3.441667493699626,0.8919085628829746,2.751813172682984,3.1277504962508935,0.3528163316775972
423,2.9080489978190425,2.4062316254853844,3.4715651914054124,2.490102554491609,3.440635516558283,0.8922397570809558,2.750251261935035,3.125812573698858,0.3525293145527487
424,2.9060892689226283,2.4042999458862937,3.469433358087365,2.4888951319444104,3.4396026561334314,0.8925713091887784,2.7486890053531163,3.123873155720306,0.35224146202669687
425,2.9041290358861978,2.402368416917726,3.467300613516238,2.487687527907341,3.438568915143392,0.8929032198230556,2.747126403099345,3.1219322479492564,0.35195277788301865
426,2.902168301758366,2.400437041970118,3.4651669611616516,2.486479745681704,3.4375342963419797,0.8932354895994908,2.7455634553602506,3.119989856061518,0.35166326591590047
427,2.9002070696197833,2.3985058244590256,3.4630324045294305,2.485271788597947,3.4364988025184138,0.893568119132878,2.7440001623467345,3.118045985774541,0.3513729299300992
428,2.898245342583041,2.3965747678250224,3.4608969471615048,2.4840636600155657,3.435462436497229,0.8939011090370985,2.7424365242940296,3.1161006428472624,0.35108177374090027
429,2.8962831237925766,2.394643875533604,3.4587605926358114,2.482855363323005,3.4344252011381906,0.8942344599251217,2.7408725414616644,3.114153833079955,0.35078980117407327
430,2.8943204164245793,2.392713151075085,3.456623344566191,2.481646901937557,3.433387099336198,0.8945681724089968,2.739308214133417,3.112205562314073,0.35049701606583317
431,2.892357223686894,2.3907825979645003,3.4544852066022913,2.4804382793052633,3.4323481340212028,0.8949022470998576,2.73774354261728,3.110255836432097,0.350203422262795
432,2.8903935488189227,2.388852219741503,3.452346182429461,2.4792294989008083,3.4313083081581093,0.8952366846079151,2.7361785272454107,3.108304661357377,0.3499090236219353
433,2.888429395091531,2.386922019970264,3.4502062757686494,2.478020564227424,3.4302676247466883,0.8955714855424557,2.734613168374098,3.1063520430539797,0.3496138240105464
434,2.8864647658069496,2.384992002239372,3.4480654903763073,2.476811478816784,3.429226086821488,0.8959066505118436,2.7330474663837174,3.1043979875265313,0.3493178273061964
435,2.8844996642986755,2.383062170161728,3.4459238300442783,2.475602246228903,3.428183697451735,0.8962421801235123,2.7314814216786845,3.102442500820056,0.3490210373966862
436,2.882534093931373,2.3811325273744446,3.4437812985996974,2.4741082908248706,3.4266099842183877,0.8963466755767908,2.729839430872334,3.1004099852047386,0.3487234581800065
437,2.8805680581007778,2.3792030775387456,3.4416378999048876,2.47196362556381,3.4238230305611985,0.8959226344610093,2.7280242895119353,3.0982032419008245,0.348425093564296
438,2.8786015602335935,2.3772738243398566,3.439493637857253,2.469818665423714,3.4210354198502744,0.8954989751854991,2.726208806793968,3.095995085793779,0.3481259474677979
439,2.876634603787394,2.375344771486907,3.4373485163891746,2.4676734134318803,3.4182471560451786,0.8950756974032856,2.7243929832185896,3.0937855230886413,0.34782602381881955
440,2.8746671922505227,2.373415922712823,3.435202539467903,2.465527872643704,3.4154582431393594,0.8946528007658752,2.7225768193097863,3.0915745600300526,0.3475253265556861
441,2.872699329141989,2.3714872817742227,3.4330557110954523,2.463382046142582,3.412668685160042,0.8942302849232595,2.7207603156153213,3.0893622029020933,0.34722385962670094
442,2.8707310180113703,2.369558852451312,3.4309080353084926,2.46123593703982,3.4098784861681213,0.8938081495239201,2.7189434727066963,3.087148458028124,0.34692162699010115
443,2.8687622624387075,2.3676306385477783,3.4287595161782427,2.4590895484745356,3.4070876502580463,0.8933863942148305,2.7171262911791025,3.0849333317706185,0.34661863261401493
444,2.866793066034401,2.3657026438906863,3.42661015781036,2.4569428836135656,3.4042961815577106,0.8929650186414586,2.715308771651375,3.0827168305310018,0.34631488047641906
445,2.8648234324391115,2.363774872330369,3.4244599643448344,2.4547959456513695,3.4015040842283417,0.8925440224477684,2.7134909147659476,3.080498960749485,0.3460103745650948
446,2.862853365323651,2.3618473277403225,3.422308939955874,2.4526487378099318,3.398711362464385,0.8921234052762249,2.711672721188804,3.078279728904898,0.3457051188775863
447,2.8608828683888845,2.3599200140170984,3.420157088851801,2.450501263338668,3.395918020493396,0.8917031667677949,2.7098541916094363,3.07605914151453,0.3453991174211555
448,2.8589119453656195,2.357992935080198,3.4180044152749365,2.448353525514324,3.393124062575919,0.8912833065619513,2.708035326740791,3.073837205133955,0.34509237421274064
449,2.8569406000145032,2.35606609487196,3.4158509235014884,2.4462055276408825,3.390329493005379,0.8908638242966735,2.7062161273192253,3.071613926356867,0.34478489327891154
450,2.8549688361259173,2.3541394973574556,3.4136966178414436,2.4440572730494603,3.387534316107965,0.8904447196084533,2.704396594104458,3.0693893118149145,0.34447667865582726
451,2.852996657519872,2.352213146524381,3.411541502638456,2.441908765098215,3.3847385362425157,0.890025992132293,2.702576727879523,3.067163368177532,0.3441677343891925
452,2.8510240680458954,2.350287046382943,3.409385582269725,2.4397600071722407,3.3819421578004008,0.8896076415017152,2.700756529450716,3.064936102151763,0.34385806453421247
453,2.84905107158293,2.348361200965753,3.4072288611458936,2.4376110026834694,3.379145185205405,0.8891896673487568,2.6989359996475497,3.0627075204820993,0.3435476731555506
454,2.847077672039225,2.346435614327718,3.405071343710927,2.435461755070576,3.3763476229136167,0.8887720693039782,2.6971151393227037,3.060477629950308,0.34323656432728716
455,2.8451038733522243,2.3445102905459274,3.402913034441999,2.4333122677988697,3.3735494754133026,0.8883548469964647,2.695293949351974,3.0582464373752565,0.3429247421328702
456,2.8431296794884626,2.342585233719543,3.4007539378493803,2.4311625443602005,3.370750747224796,0.8879380000538251,2.693472430634222,3.0560139496127436,0.34261221066507547
457,2.8411550944434496,2.3406604479696878,3.398594058476317,2.4290125882728515,3.367951442900372,0.8875215281021995,2.691650584091323,3.0537801735553254,0.34229897402596354
458,2.8391801222415687,2.3387359374393375,3.3964334008989217,2.4268624030814423,3.365151567024137,0.8871054307662597,2.689828410668122,3.0515451161321447,0.3419850363268308
459,2.8372047669359572,2.3368117062932017,3.3942719697260477,2.4247119923568214,3.3623511242119006,0.886689707669213,2.6880059113323713,3.049308784308753,0.3416704016881729
460,2.8352290326084044,2.334887758717619,3.392109769599183,2.422561359695968,3.359550119111061,0.8862743584328001,2.6861830870746917,3.0470711850869403,0.34135507423963135
461,2.8332529233692325,2.332964098920439,3.3899468051923205,2.4204105087218855,3.3567485564004818,0.8858593826773051,2.684359938908507,3.044832325504556,0.34103905811996027
462,2.8312764433571918,2.331040731130913,3.3877830812118495,2.4182594430834996,3.353946440790374,0.8854447800215536,2.6825364678700057,3.0425922126353377,0.34072235747697177
463,2.8292995967393426,2.329117659599577,3.3856186023964314,2.4161081664555515,3.3511437770221697,0.8850305500829148,2.680712675018075,3.0403508535887287,0.34040497646749895
464,2.8273223877109457,2.32719488859814,3.3834533735168804,2.413956682538497,3.348340569868404,0.8846166924773062,2.678888561434258,3.0381082555097056,0.34008691925734735
465,2.8253448204953493,2.3252724224193697,3.381287399376048,2.4118049950583975,3.3455368241325907,0.8842032068191947,2.6770641282226952,3.0358644255786023,0.33976819002125414
466,2.8233668993438736,2.3233502653769778,3.379120684808697,2.4096531077668164,3.3427325446491007,0.8837900927216024,2.675239376510073,3.033619371010926,0.3394487929428399
467,2.821388628535698,2.3214284218055035,3.3769532346813853,2.4075010244407142,3.3399277362830366,0.8833773497961015,2.673414307445565,3.0313730990571814,0.33912873221456735
468,2.8194100123777455,2.3195068960602003,3.3747850538923396,2.4053487488823375,3.337122403930109,0.882964977652827,2.6715889222007867,3.0291256170026934,0.3388080120376938
469,2.817431055204569,2.317585692516921,3.372616147371339,2.4031962849191184,3.3343165525165124,0.8825529759004708,2.6697632219697307,3.0268769321674234,0.3384866366222293
470,2.815451761378234,2.315664815571998,3.3704465200795877,2.4010436364035606,3.3315101869988006,0.88214134414629,2.6679372079687176,3.0246270519057905,0.3381646101868904
471,2.8134721352882046,2.3137442696421293,3.3682761770095953,2.398890807213137,3.328703312363761,0.8817300819961044,2.6661108814363392,3.0223759836064907,0.33784193695905507
472,2.8114921813512255,2.311824059164264,3.3661051231850525,2.396737801250178,3.3258959336282885,0.8813191890543042,2.664284243633404,3.0201237346923153,0.33751862117471815
473,2.809511904011206,2.309904188595481,3.363933363660706,2.394584622441765,3.323088055839258,0.8809086649238489,2.6624572958428763,3.0178703126199666,0.33719466707844864
474,2.8075313077391013,2.3079846624128733,3.3617609035222342,2.392431274739619,3.3202796840733986,0.8804985092062705,2.6606300393698255,3.0156157248798774,0.3368700789233409
475,2.8055503970327957,2.3060654851134306,3.3595877478861245,2.390277762119991,3.3174708234371653,0.8800887215016774,2.6588024755413646,3.013359978996025,0.3365448609709723
476,2.8035691764169863,2.304146661213922,3.3574139018995464,2.3881240885835577,3.314661479066613,0.8796793014087535,2.656974605706598,3.011103082525751,0.33621901749135663
477,2.8015876504430595,2.302228195250776,3.355239370740223,2.385970258155303,3.311851656127266,0.8792702485247671,2.6551464312365582,3.008845043059572,0.33589255276290114
478,2.799605823688977,2.3003100917799615,3.3530641596163115,2.3838162748844116,3.3090413598139907,0.8788615624455651,2.6533179535241533,3.0065858682209994,0.3355654710723581
479,2.7976237007591527,2.298392355376871,3.3508882737662677,2.381662142844158,3.3062305953508644,0.8784532427655835,2.6514891739841047,3.004325565666349,0.3352377767147823
480,2.7956412862843334,2.296474990636198,3.348711718458725,2.3795078661317914,3.303419367991046,0.878045289077843,2.649660094052889,3.002064143084558,0.3349094739934854
481,2.79365858492148,2.2945580021718195,3.3465344989923644,2.37735344886843,3.3006076830166484,0.8776377009739554,2.647830715188683,2.9998016081969974,0.33458056721998863
482,2.7916756013536443,2.292641394616676,3.3443566206957858,2.375198895198941,3.2977955457386057,0.8772304780441271,2.6460010388712987,2.9975379687572827,0.3342510607139784
483,2.789692340289851,2.2907251726226505,3.3421780889273807,2.3730442092918334,3.2949829614965416,0.8768236198771583,2.6441710666021314,2.995273232551093,0.3339209588032622
484,2.7877088064649715,2.2888093408604457,3.339998909075201,2.370889395339143,3.2921699356586394,0.8764171260604458,2.6423407999040895,2.9930074073959725,0.33359026582372125
485,2.7857250046396054,2.2868939040194673,3.3378190865568307,2.3687344575563163,3.289356473621506,0.8760109961799866,2.640510240321544,2.9907405011411488,0.33325898611926463
486,2.7837409395999555,2.2849788668076987,3.3356386268192546,2.3665794001821,3.286542580810047,0.875605229820383,2.638679389420261,2.9884725216673402,0.33292712404178476
487,2.7817566161577063,2.2830642339515803,3.3334575353387286,2.3644242274784246,3.283728262677325,0.8751998265648387,2.636848248787345,2.986203476886568,0.33259468395111147
488,2.779772039149902,2.2811500101958906,3.3312758176206505,2.362268943730291,3.2809135247044345,0.8747947859951657,2.6350168200311774,2.9839333747419676,0.3322616702149657
489,2.777787213438818,2.279236200303619,3.3290934791994236,2.360113553245652,3.278098372400361,0.8743901076917872,2.6331851047813513,2.981662223207591,0.3319280872089141
490,2.775802143911842,2.2773228090558466,3.3269105256383287,2.3579580603553016,3.275282811301853,0.8739857912337365,2.631353104688613,2.979390030288222,0.3315939393163224
491,2.773816835481345,2.2754098412516215,3.3247269625293896,2.3558024694127524,3.2724668469732796,0.8735818361986625,2.629520821424799,2.9771168040191816,0.3312592309283107
492,2.77183129308456,2.2734973017078377,3.3225427954932423,2.3536467847941274,3.269650485006505,0.8731782421628301,2.6276882566827746,2.9748425524661357,0.3309239664437049
493,2.7698455216834525,2.2715851952591084,3.320358030178999,2.351491010898034,3.2668337310207445,0.8727750087011247,2.625855412176366,2.972567283724902,0.33058815026899435
494,2.767859526264599,2.269673526757646,3.318172672264117,2.349335152145454,3.2640165906624343,0.8723721353870529,2.624022289640304,2.9702910059212573,0.3302517868182816
495,2.7658733118390577,2.2677623010731343,3.3159867274542623,2.347179212979625,3.2611990696050928,0.8719696217927434,2.622188890830156,2.968013727210745,0.32991488051323975
496,2.7638868834422436,2.2658515230926084,3.3138002014831773,2.3450231978659186,3.2583811735491826,0.8715674674889534,2.6203552175222633,2.965735455778477,0.3295774357830634
497,2.761900246133799,2.263941197720324,3.311613100112542,2.3428671112917243,3.255562908221976,0.8711656720450682,2.6185212715136768,2.963456199838943,0.3292394570644242
498,2.75991340499747,2.2620313298776398,3.3094254291318435,2.340710957766332,3.252744279377417,0.8707642350291048,2.6166870546220933,2.9611759676358127,0.328900948801423
499,2.7579263651409733,2.2601219245028847,3.3072371943582337,2.3385547418208112,3.2499252927959787,0.870363156007711,2.6148525686857877,2.95889476744174,0.3285619154455449
500,2.7559391316958752,2.25821298655124,3.305048401636401,2.3363984680078937,3.2471059542845335,0.8699624345461728,2.6130178155635524,2.95661260755817,0.3282223614556122
501,2.753951709817456,2.2563045209946067,3.3028590568384253,2.33424214090185,3.244286269676206,0.8695620702084135,2.611182797134628,2.954329496315138,0.32788229129773605
502,2.7519641046845855,2.254396532821484,3.300669165863647,2.3320857650983737,3.241466244830239,0.8691620625569962,2.6093475152986394,2.952045442071076,0.327541709445273
503,2.7499763214995916,2.252489027036841,3.2984787346385267,2.3299293452144574,3.2386458856318514,0.8687624111531262,2.60751197197553,2.949760453212615,0.3272006203787749
504,2.7479883654881316,2.2505820086619908,3.296287769116507,2.327772885888274,3.2358251979920984,0.8683631155566549,2.605676169105492,2.947474538154383,0.32685902858594573
505,2.7460002418990612,2.2486754827344626,3.294096275277874,2.3256163917790538,3.233004187847733,0.8679641753260804,2.603840108648904,2.9451877053388116,0.3265169385615917
506,2.7440119560043055,2.2467694543078767,3.2919042591296197,2.323459867566964,3.2301828611610626,0.8675655900185507,2.602003792586262,2.942899963235935,0.3261743548075755
507,2.7420235130987276,2.244863928451816,3.289711726705303,2.32130331795299,3.227361223919811,0.8671673591898645,2.6001672229181105,2.9406113203431925,0.32583128183277077
508,2.7400349184999957,2.242958910251696,3.287518684064908,2.3191467476588046,3.2245392821369716,0.8667694823944743,2.5983304016649766,2.9383217851852255,0.32548772415301336
509,2.7380461775484544,2.2410544048086414,3.285325137294705,2.317447888727373,3.2231924763177036,0.8673465217530819,2.597367142373138,2.936905177819516,0.32514368629105406
510,2.7360572956069915,2.239150417239356,3.2831310925071113,2.315826861959825,3.2220951455157194,0.8680891371130591,2.596551739242103,2.9356357989637356,0.32479917277651327
511,2.7340682780609056,2.2372469526759917,3.280936555840548,2.314206112616745,3.2209971972418394,0.8688321526588235,2.59573609070688,2.9343655535778814,0.32445418814583193
512,2.7320791303177727,2.235344016266024,3.2787415334593004,2.3125856464170926,3.2198986365403583,0.8695755693994021,2.594920198867241,2.9330944502934093,0.3241087369422269
513,2.7300898578073163,2.2334416131721215,3.2765460315533765,2.310965469098464,3.2187994684818166,0.8703193883429022,2.594104065842598,2.931822497767973,0.32376282371563975
514,2.72810046598127,2.231539748572015,3.2743500563383643,2.3093455864169425,3.2176996981628703,0.8710636104965052,2.5932876937719316,2.9305497046852276,0.3234164530226935
515,2.7261109603132483,2.229638427658373,3.2721536140552896,2.307726004146968,3.216599330706174,0.8718082368664615,2.5924710848137225,2.929276079754623,0.3230696294266442
516,2.7241213462986074,2.2277376556386645,3.269956710970472,2.306106728081182,3.2154983712602476,0.8725532684580846,2.5916542411458785,2.9280016317112,0.32272235749733025
517,2.7221316294543176,2.225837437735038,3.267759353375387,2.3044877640302994,3.214396824999363,0.8732987062757456,2.5908371649656696,2.9267263693153938,0.3223746418111301
518,2.7201418153188217,2.2239377791841832,3.265561547586514,2.3028691178229543,3.2132946971234038,0.8740445513228674,2.5900198584896508,2.9254503013528224,0.32202648695091074
519,2.7181519094519047,2.222038685237208,3.2633632999451994,2.3012507953055636,3.2121919928577527,0.8747908046019207,2.589202323953594,2.9241734366340877,0.32167789750598225
520,2.7161619174345573,2.2201401611595024,3.261164616817511,2.2996328023421824,3.211088717453157,0.8755374671144144,2.5883845636124176,2.922895783994571,0.3213288780720491
521,2.71417184486884,2.218242212230612,3.25896550459409,2.298015144814361,3.2099848761856076,0.8762845398608955,2.587566579740114,2.9216173522942275,0.3209794332511629
522,2.712181697377747,2.216344843744103,3.25676596969001,2.296397828620999,3.2088804743562074,0.8770320238409396,2.5867483746296744,2.92033815041738,0.3206295676516754
523,2.7101914806050704,2.214448061007434,3.2545660185446312,2.2947808596782067,3.2077755172910454,0.8777799200531425,2.5859299505930218,2.9190581872725168,0.3202792858881888
524,2.708201200215263,2.2125518693418247,3.25236565762145,2.2931642439191533,3.2066700103410715,0.8785282294951252,2.585111309960934,2.917777471792083,0.3199285925815099
525,2.706210861893302,2.210656274082121,3.2501648934079608,2.291547987293929,3.205563958881964,0.8792769531635141,2.584292455082974,2.9164960129322766,0.3195774923586002
526,2.704220471344553,2.208761280576669,3.2479637324155037,2.289932095769398,3.204457368314007,0.8800260920539461,2.583473388327415,2.915213819672843,0.31922598985253003
527,2.70223003429463,2.206866894187178,3.2457621811791206,2.288316575329053,3.203350244061956,0.8807756471610595,2.582654112081165,2.9139309010168652,0.3188740897024297
528,2.700239556489258,2.2049731202885883,3.2435602462574056,2.286701431972869,3.202242591574911,0.881525619478486,2.581834628749698,2.9126472659905605,0.318521796553441
529,2.698249043694137,2.2030799642689436,3.2413579342323597,2.2850866717171607,3.2011344163261874,0.8822760099988481,2.5810149407569734,2.911362923643069,0.3181691150566699
530,2.6962585016948024,2.2011874315292537,3.239155251709245,2.2834723005944357,3.2000257238131886,0.8830268197137517,2.58019505054537,2.9100778830462524,0.31781604986913603
531,2.6942679362964848,2.199295527483364,3.2369522053164306,2.2818583246532453,3.1989165195572684,0.8837780496137809,2.579374960575602,2.9087921532944794,0.3174626056537292
532,2.6922773533239734,2.1974042575578205,3.234748801705251,2.280244749958043,3.197806809103609,0.8845297006884913,2.57855467332665,2.9075057435044216,0.31710878707915596
533,2.6902867586214754,2.1955136271917404,3.2325450475498516,2.2786315825890355,3.1966965980210853,0.8852817739264066,2.5777341912956855,2.9062186628148456,0.3167545988198957
534,2.688296158052476,2.1936236418366737,3.2303409495470445,2.277018828642034,3.1955858919021334,0.8860342703150091,2.576913516997991,2.9049309203863993,0.31640004555614804
535,2.6863055574996006,2.191734306956476,3.228136514416157,2.275406494228314,3.194474696362624,0.8867871908407379,2.5760926529668913,2.9036425254014118,0.3160451319737885
536,2.6843149628644714,2.1898456280271668,3.225931748898879,2.2737945854744575,3.193363017041723,0.8875405364889798,2.575271601753668,2.902353487063672,0.3156898627643163
537,2.6823243800675707,2.187957610536805,3.22372665975912,2.272183108522216,3.1922508596017662,0.888294308244066,2.5744503659274938,2.9010638145982313,0.3153342426248093
538,2.6803338150480966,2.186070259985345,3.2215212537828517,2.2705720695283556,3.1911382297281223,0.8890485070892629,2.5736289480753465,2.8997735172511865,0.3149782762578729
539,2.678343273763825,2.1841835818845117,3.219315537777962,2.2689614746645126,3.1900251331290637,0.8898031340067712,2.572807350801937,2.8984826042894705,0.31462196837159223
540,2.676352762190965,2.182297581757658,3.2171095185741017,2.2673513301170427,3.1889115755356277,0.8905581899777145,2.571985576729629,2.897191085000643,0.31426532367948434
541,2.6743622863240226,2.180412265139638,3.2149032030225344,2.2657416420868777,3.187797562701492,0.8913136759821381,2.571163628498368,2.895898968692682,0.31390834690044794
542,2.672371852175653,2.1785276375766647,3.212696597995985,2.264132416789369,3.186683100402831,0.892069592999,2.5703415087655936,2.894606264693768,0.31355104275871504
543,2.6703814657765226,2.176643704626181,3.210489710388487,2.262523660454145,3.185568194438188,0.892825942006166,2.569519220206169,2.893312982352076,0.3131934159838029
544,2.668391133175164,2.1747604718567213,3.2082825471152305,2.2609153793249606,3.1844528506283396,0.8935827239804043,2.5686967655122994,2.892019131035566,0.3128354713104658
545,2.6664008604378373,2.172877944847779,3.206075115112413,2.2593075796595468,3.1833370748161602,0.8943399398973774,2.567874147393455,2.8907247201317667,0.31247721347864277
546,2.664410653648381,2.170996129189667,3.2038674213370792,2.2577002677294598,3.1822208728664867,0.8950975907316424,2.567051368576289,2.889429759047566,0.3121186472334126
547,2.6624205189080756,2.1691150304833875,3.2016594727669765,2.256093449819935,3.181104250665983,0.8958556774566351,2.566228431804562,2.8881342572090003,0.3117597773249421
548,2.6604304623354973,2.1672346543404926,3.1994512764003984,2.2544871322297366,3.1799872141230083,0.8966142010446712,2.5654053398390615,2.886838224061042,0.3114006085084396
549,2.6584404900663725,2.165355006382949,3.197242839256028,2.2528813212710026,3.1788697691674734,0.897373162466939,2.56458209545752,2.8855416690673827,0.31104114554410167
550,2.656450608253438,2.1634760922430045,3.1950341683727888,2.2512760232691007,3.1777519217507137,0.8981325626934936,2.5637587014545375,2.884244601710227,0.3106813931970687
551,2.6544608230662927,2.1615979175630473,3.1928252708096867,2.249671244562473,3.1766336778453437,0.8988924026932481,2.5629351606414996,2.8829470314900734,0.31032135623737306
552,2.652471140691258,2.1597204879954752,3.190616153645661,2.2480669915024905,3.1755150434451282,0.8996526834339694,2.5621114758464985,2.8816489679255066,0.3099610394398893
553,2.6504815673312283,2.1578438092025554,3.188406823979422,2.2464632704532947,3.1743960245648384,0.9004134058822748,2.56128764991425,2.8803504205529795,0.30960044758428634
554,2.648492109205531,2.15596788685629,3.1861972889293044,2.244860087791654,3.1732766272401203,0.9011745710036216,2.560463685706015,2.8790513989266038,0.309239585454978
555,2.6465027725497774,2.1540927266382783,3.1839875556331068,2.243257449906809,3.172156857527354,0.9019361797623023,2.559639586099516,2.877751912617933,0.3088784578410722
556,2.64451356361572,2.152218334239581,3.1817776312479364,2.2416553632003193,3.171036721503514,0.90269823312144,2.5588153539888543,2.8764519712157504,0.30851706953632435
557,2.642524488671107,2.1503447153605824,3.179567522950057,2.240053834085916,3.169916225266036,0.9034607320429818,2.557990992284434,2.8751515843258537,0.308155425339083
558,2.640535553999535,2.1484718757108547,3.1773572379347295,2.2384528689893464,3.1687953749326736,0.9042236774876912,2.557166503912873,2.8738507615708433,0.3077935300522463
559,2.6385467659003043,2.146599821009019,3.1751467834160576,2.2368524743482245,3.1676741766413627,0.9049870704151413,2.5563418918169227,2.872549512589903,0.3074313884832067
560,2.6365581306882744,2.144728556982612,3.1729361666268323,2.235252656611877,3.1665526365500827,0.9057509117837144,2.555517158955389,2.871247847038592,0.3070690054438054
561,2.634569654693713,2.1428580893679423,3.1707253948183705,2.233653422241191,3.1654307608367134,0.9065152025505886,2.5546923083030437,2.8699457745886248,0.30670638575028114
562,2.6325813442621544,2.1409884239099597,3.168514475260364,2.2320547777084627,3.164308555698898,0.9072799436717353,2.5538673428505443,2.8686433049276565,0.3063435342232195
563,2.630593205754251,2.1391195663621136,3.16630341524072,2.2304567294972464,3.1631860273539067,0.9080451361019123,2.553042265604351,2.8673404477590725,0.3059804556875052
564,2.628605245545626,2.137251522486217,3.1640922220654035,2.2288592841021964,3.1620631820384895,0.9088107807946577,2.552217079586642,2.8660372128017686,0.30561715497227027
565,2.6266174700267264,2.135384298052308,3.1618809030582797,2.2272624480289194,3.160940026008743,0.9095768787022842,2.55139178783523,2.8647336097899383,0.30525363691084517
566,2.6246298856026757,2.133517898838513,3.159669465560956,2.2256662277938184,3.1598165655399644,0.9100696201516527,2.550566393403477,2.8634296484728545,0.3048899063407092
567,2.6226424986931267,2.1316523306309065,3.157457916932625,2.22407062992394,3.1586928069265126,0.9088125624564328,2.5497408993602093,2.8621253386146566,0.3045259681034396
568,2.6206553157321144,2.1297875992233775,3.1552462645499055,2.2224756609568224,3.1575687564816697,0.9075576031003925,2.5489153087896366,2.860820689994134,0.30416182704466227
569,2.6186683431679065,2.127923710417486,3.1530345158066853,2.220881327440339,3.156444420537495,0.9063047337739863,2.548089624791263,2.8595157124045105,0.3037974880140002
570,2.6166815874628573,2.1260606700223303,3.1508226781139603,2.2192876359325497,3.155319805444689,0.9050539462048622,2.547263850479803,2.8582104156532266,0.30343295586502655
571,2.6146950550932577,2.1241984838544044,3.148610758899678,2.2176945930015406,3.154194917572447,0.9038052321576989,2.546437988985097,2.856904809561726,0.3030682354552109
572,2.612708752549188,2.122337157737461,3.146398765608576,2.2161022052252757,3.1530697633083182,0.9025585834340305,2.545612043452025,2.855598903965238,0.3027033316458699
573,2.6107226863343684,2.1204766975023737,3.1441867057020256,2.214510479191439,3.1519443490580645,0.9013139918720868,2.5447860170404186,2.8542927087125602,0.30233824930211994
574,2.608736862966011,2.1186171089869994,3.1419745866578688,2.2129194214972827,3.150818681245519,0.9000714493466205,2.5439599129249784,2.8529862336658445,0.3019729932928234
575,2.6067512889746713,2.1167583980360383,3.1397624159702624,2.211329038749472,3.149692766312441,0.8988309477687463,2.5431337342951856,2.8516794887003787,0.30160756849053894
576,2.604765970904097,2.1149005705008945,3.1375502011495158,2.209739337563931,3.1485666107183743,0.8975924790857758,2.5423074843552156,2.8503724837043714,0.3012419797714725
577,2.6027809153110817,2.1130436322395387,3.1353379497219316,2.208150324565687,3.1474402209405055,0.8963560352810529,2.5414811663238503,2.8490652285787332,0.3008762320154249
578,2.600796128765313,2.1111875891163714,3.1331256692296447,2.206562006388718,3.146313603473516,0.8951216083737983,2.540654783434393,2.8477577332368638,0.30051033010574485
579,2.598811617849224,2.109332447002079,3.1309133672304625,2.204974389675796,3.1451867648294467,0.8938891904189376,2.539828338934578,2.84645000760443,0.3001442789292734
580,2.596827389157843,2.1074782117734983,3.1287010512977043,2.203387481078331,3.144059711537542,0.8926587735069567,2.5390018360864857,2.8451420616191516,0.29977808337629674
581,2.5948434492986463,2.1056248893134804,3.1264887290200414,2.2007669439283783,3.1418716921075536,0.8933410289861476,2.538247495060075,2.843906122124208,0.299411748340496
582,2.592859804891403,2.1037724855107447,3.1242764080013337,2.196632541325714,3.138130233160635,0.8968307810167905,2.5375988484178897,2.8427757283528132,0.2990452787188947
583,2.5908764625680303,2.1019210062597455,3.122064095860471,2.1924988486849495,3.134388600439886,0.9003335818144186,2.5369501532988603,2.841645144111886,0.2986786794118075
584,2.5888934289724386,2.100070457460531,3.11985180023121,2.1883658726451527,3.1306468005948673,0.9038495146832972,2.536301413021565,2.8405143793851897,0.2983119553227932
585,2.586910710760385,2.0982208450186035,3.1176395287620142,2.1842336198533903,3.1269048402914725,0.9073786636109065,2.5356526309184884,2.8393834441674555,0.2979451113585992
586,2.5849283145993196,2.0963721748447828,3.1154272891158907,2.1801020969645726,3.1231627262117856,0.9109211132748412,2.5350038103359283,2.8382523484641653,0.29757815242911506
587,2.5829462471682367,2.0945244528550635,3.113215088970231,2.1759713106412932,3.1194204650539303,0.9144769490498111,2.5343549546339075,2.837121102291333,0.297211083447317
588,2.5809645151575227,2.0926776849704787,3.111002936016645,2.1718412675536816,3.1156780635319303,0.9180462570147017,2.533706067186085,2.83598971567529,0.29684390932922117
589,2.5789831252688074,2.0908318771169605,3.108790837960804,2.167711974379244,3.1119355283755574,0.9216291239597469,2.533057151379667,2.8348581986524666,0.29647663499383103
590,2.577002084214809,2.0889870352251982,3.106578802522273,2.1635834378027083,3.1081928663301857,0.9252256373937754,2.5324082106153134,2.833726561269174,0.2961092653630857
591,2.575021398719187,2.087143165230501,3.1043668374343536,2.1594556645158716,3.1044500841566474,0.9288358855515461,2.5317592483070532,2.8325948135813896,0.29574180536180905
592,2.573041075516387,2.085300273072659,3.1021549504439156,2.155328661217441,3.1007071886310817,0.9297085890951554,2.5311102678821884,2.8314629656545343,0.29537425991766
593,2.5710611213514936,2.083458364695803,3.099943149311242,2.1512024346128853,3.0969641865447946,0.9304239141068048,2.5304612727812086,2.8303310275632625,0.29500663396107984
594,2.5690815429800757,2.081617446048267,3.097731441809859,2.1470769914142736,3.093221084704103,0.9311397119185243,2.5298122664576974,2.82919900939124,0.29463893242524203
595,2.5671023471680336,2.079777523082443,3.0955198357263742,2.1429523383401183,3.089477889930192,0.9318559833608885,2.5291632523782397,2.828066921230925,0.2942711602460005
596,2.5651235406914528,2.077938601754651,3.0933083388603198,2.13882848211523,3.0857346090589695,0.9325727292630503,2.5285142340223357,2.826934773183357,0.29390332236183725
597,2.5631451303364456,2.07610068802499,3.091096959023981,2.134705429470552,3.0819912489409123,0.9332899504527364,2.5278652148823046,2.825802575357935,0.2935354237138144
598,2.561167122899003,2.074263787857206,3.088885704042237,2.130583187143007,3.0782478164409217,0.934007647756245,2.527216198463196,2.8246703378722,0.2931674692455184
599,2.5591895251848435,2.072427907218548,3.0866745817523995,2.1264617618753467,3.074504318438179,0.9347258219984339,2.5265671882826957,2.8235380708516207,0.2927994639030126
600,2.557212344009256,2.0705930520796305,3.0844636000040424,2.12234116041599,3.0707607618259884,0.9354444740027176,2.525918187871036,2.8224057844293737,0.29243141263478356
601,2.5552355861969533,2.0687592284142946,3.0822527666588466,2.1182213895188715,3.067017153511637,0.9361636045910584,2.5252692007709023,2.8212734887461277,0.29206332039168925
602,2.5532592585819156,2.066926442199466,3.080042089590429,2.114102455943283,3.0632735004162424,0.9368832145839641,2.52462023053734,2.8201411939498264,0.2916951921269107
603,2.5512833680072404,2.0650946994150186,3.077831576684183,2.1099843664537197,3.0595298094746024,0.9376033048004763,2.523971280737662,2.819008910195468,0.291327032795895
604,2.549307921324988,2.063264006043633,3.0756212358371107,2.105867127819724,3.0557860876350507,0.938323876058169,2.5233223549513575,2.817876647644895,0.2909588473563103
605,2.547332925396032,2.061434368070659,3.073411074957664,2.10175074681573,3.052042341859305,0.9390449291731396,2.5226734567699984,2.8167444164665705,0.29059064076798685
606,2.545358387089904,2.0596057914839747,3.0712011019655767,2.0976352302209076,3.0482985791223194,0.939766464960003,2.5220245897971436,2.815612226835366,0.29022241799287357
607,2.5433843132846405,2.0577782822738477,3.0689913247917,2.093520584819007,3.0445548064121333,0.9404884842318841,2.521375757648249,2.81448008893234,0.28985418399497787
608,2.5414107108666326,2.0559518464327944,3.0667817513778397,2.0894068173982,3.0408110307297234,0.9412109878004126,2.5207269639505716,2.813348012944526,0.28948594374031983
609,2.539437586730471,2.0541264899554434,3.06457238967659,2.08529393475093,3.0370672590888543,0.941933976475718,2.5200782123430763,2.812216009064713,0.28911770219687954
610,2.5374649477787936,2.052302218838395,3.0623632476511724,2.081181943673751,3.033323498515929,0.9426574510664196,2.519429506476342,2.811084087491228,0.2887494643345424
611,2.535492800922133,2.05047903908008,3.060154333275266,2.0770708509671727,3.0295797560498388,0.943381412379623,2.5187808500124667,2.8099522584277223,0.2883812351250497
612,2.533521153078763,2.048656956680623,3.057945654532846,2.072960663435507,3.025836038741813,0.944105861220912,2.5181322466249734,2.8088205320829513,0.28801301954194647
613,2.5315500111745464,2.046835977641704,3.0557372194180203,2.0688513878867116,3.022092353655272,0.9448307983943425,2.5174836999987185,2.807688918670564,0.28764482256052853
614,2.529579382142779,2.0450161079664153,3.0535290359348606,2.0647430311322297,3.018348707865671,0.9455562247024344,2.51683521382979,2.806557428408878,0.2872766491577915
615,2.5276092729240403,2.0431973536591252,3.0513211120972388,2.0606355999868398,3.014605108460358,0.9462821409461707,2.516186791825419,2.8054260715206714,0.2869085043123783
616,2.5256396904660376,2.04137972072534,3.049113455928665,2.0565291012684974,3.010861562538418,0.9470085479249835,2.515538437703883,2.8042948582329625,0.2865403930045257
617,2.523670641723453,2.0395632151715604,3.0469060754621173,2.052423541798179,3.007118077210523,0.9477354464367505,2.514890155194408,2.8031637987767946,0.28617232021601596
618,2.521702133657791,2.037747843005148,3.0446989787398815,2.048318928399725,3.0033746595987845,0.9484628372777908,2.5142419480370743,2.8020329033870204,0.28580429093012144
619,2.5197341732372243,2.0359336102341827,3.042492173813382,2.0442152678996868,2.9996313168366004,0.9491907212428563,2.5135938199827232,2.8009021823020857,0.2854363101315526
620,2.517766767436442,2.034120522867327,3.040285668743021,2.0401125671271707,2.995888056068507,0.9499190991251222,2.512945774792859,2.799771645763815,0.28506838280640645
621,2.515799923236492,2.032308586913681,3.0380794715980066,2.0360108329136772,2.992144884450024,0.9506479717161849,2.5122978162395504,2.798641304017193,0.2847005139421146
622,2.5138336476246335,2.030497808382652,3.0358735904561946,2.0319100720929524,2.9884018091475095,0.951377339806053,2.5116499481053394,2.7975111673101534,0.2843327085273906
623,2.5118679475941774,2.028688193283808,3.0336680334039174,2.027810291500825,2.984658837338003,0.9504034260804012,2.511002174183141,2.7963812458933606,0.2839649715521781
624,2.509902830144338,2.026879747626745,3.031462808535822,2.023711497975057,2.98091597620908,0.9466980777742275,2.5103544982761488,2.795251550019995,0.2835973080075969
625,2.5079383022800767,2.0250724774209465,3.029257923954705,2.019613698355184,2.977173232958699,0.9430061910891437,2.5097069241977374,2.7941220899455397,0.2832297228858921
626,2.5059743710119484,2.023266388675642,3.0270533877713426,2.0155168994823605,2.973430614795048,0.9393276833014821,2.509059455771365,2.7929928759275633,0.2828622211803805
627,2.504011043355948,2.021461487399672,3.0248492081043286,2.0114211081992033,2.9696881289363963,0.9356624723801273,2.5084120968304746,2.7918639182255056,0.2824948078853997
628,2.502048326333359,2.0196577796013497,3.0226453930799106,2.0073263313496392,2.9659457826109445,0.9320104769794864,2.507764851218403,2.7907352271004675,0.28212748799625414
629,2.5000862269705957,2.017855271288321,3.0204419508318185,2.0032325757787444,2.9622035830566675,0.9283716164325303,2.507117722788276,2.789606812814988,0.2817602665091622
630,2.498124752299055,2.0160539684674266,3.018238889501105,1.9991398483325937,2.9584615375211714,0.924745810743938,2.506470715402915,2.788478685632839,0.2813931484212056
631,2.4961639093549572,2.0142538771445646,3.0160362172359765,1.9950481558581015,2.9547196532615345,0.9211329805833026,2.5058238329347375,2.7873508558188056,0.28102613873027443
632,2.494203705179198,2.0124550033245527,3.0138339421916274,1.9909575052028683,2.95097793754416,0.917533047278438,2.5051770792656622,2.7862233336384747,0.2806592424350151
633,2.492244146817188,2.0106573530109872,3.0116320725300754,1.986867903215024,2.9472363976446236,0.9139459328087578,2.504530458287004,2.785096129358019,0.28029246453478
634,2.490285241318707,2.008860932206111,3.0094306164199955,1.982779356743074,2.9434950408475222,0.9103715597987313,2.5038839738993834,2.7839692532439866,0.2799258100295704
635,2.4883269957377454,2.00706574691067,3.0072295820365573,1.9786918726357445,2.9397538744463234,0.906809851511426,2.5032376300126273,2.782842715563088,0.27955928391998663
636,2.4863694171323507,2.0052718031237786,3.0050289775612518,1.9746054577418228,2.93601290574321,0.9032607318421209,2.502591430545662,2.781716526581977,0.27919289120717583
637,2.484412512564476,2.0034791068427813,3.0028288111817325,1.970520118910007,2.9322721420489324,0.8997241253119983,2.5019453794264255,2.780590696567045,0.27882663689277576
638,2.482456289099826,2.0016876640631143,3.0006290910916484,1.9664358629887504,2.9285315906826566,0.8961999570619167,2.501299480591761,2.779465235784206,0.2784605259788664
639,2.4805007538077017,1.9998974807781706,2.9984298254904758,1.9623526968261031,2.9247912589718092,0.8926881528462436,2.500653737987323,2.7783401544986823,0.27809456346791217
640,2.47854591376085,1.99810856297916,2.9962310225833546,1.9582706272695602,2.9210511542519297,0.8891886390267785,2.5000081555674734,2.7772154629747936,0.27772875436271294
641,2.4765917760353076,1.9963209166549736,2.9940326905809234,1.9541896611659069,2.9173112838665167,0.885701342566737,2.4993627372951854,2.7760911714757457,0.2773631036663491
642,2.4746383477102483,1.9945345477920455,2.991834837699151,1.9501098053610606,2.9135716551668747,0.8822261910248088,2.4987174871419433,2.7749672902634166,0.2769976163821279
643,2.4726856358678315,1.9927494623742188,2.989637472159173,1.946031066699922,2.9098322755119668,0.8787631125492901,2.498072409087644,2.7738438295981487,0.2766322975135325
644,2.470733647593044,1.9909656663826025,2.9874406021871263,1.9419534520262118,2.906093152268256,0.8753120358722756,2.497427507120492,2.772720799738532,0.27626715206416763
645,2.468782389973554,1.989183165795443,2.9852442360139815,1.9378769681823258,2.902354292809561,0.8718728903039318,2.496782785236908,2.771598210941198,0.2759021850377052
646,2.4668318700995506,1.987401966587981,2.9830483818753795,1.933801622009173,2.8986157045168977,0.8684456057268255,2.4961382474414213,2.770476073460605,0.27553740143783345
647,2.464882095063596,1.9856220747323188,2.980853048011465,1.9297274203460262,2.894877394778333,0.8650301125903285,2.4954938977465755,2.7693543975488324,0.27517280626820234
648,2.4629330719604687,1.9838434961972808,2.978658242666721,1.9256543700303652,2.8911393709888284,0.8616263419050814,2.494849740172822,2.7682331934553637,0.2748084045323706
649,2.4609848078870122,1.9820662369482807,2.9764639740898033,1.9215824778977217,2.88740164055009,0.8582342252375221,2.494205778748426,2.7671124714268824,0.27444420123375257
650,2.4590373099419827,1.9802903029471834,2.974270250533376,1.9175117507815287,2.8836642108704176,0.8548536947044839,2.493562017509362,2.765992241707058,0.27408020137556416
651,2.457090585225892,1.9785157001521678,2.9720770802539427,1.9134421955129621,2.8799270893645486,0.8514846829678504,2.492918460499211,2.7648725145363375,0.2737164099607705
652,2.455144640840862,1.976742434517596,2.9698844715116866,1.9093738189207932,2.8761902834535134,0.8481271232292769,2.492275111769068,2.763753300151739,0.2733528319920328
653,2.453199483890463,1.97497051199387,2.9676924325703005,1.9053066278312267,2.8724538005644753,0.844780949224967,2.4916319753774316,2.7626346087866374,0.2729894724716528
654,2.451255121479569,1.9731999385273051,2.9655009716968257,1.9061645604599495,2.8724256681422355,0.8488575678853507,2.4898671247160995,2.7603945199965505,0.27262633640152145
655,2.449311560714199,1.971430720059987,2.963310097161482,1.9072471133702922,2.872566879561402,0.8532977420214098,2.488051497683275,2.758103977832138,0.27226342878306437
656,2.4473688087013663,1.9696628625296388,2.9611198172375053,1.9083304688342713,2.8727089069651566,0.8577651795253893,2.486236095207892,2.7558139893634217,0.27190075461718954
657,2.4454268725489285,1.9678963718694888,2.958930140200984,1.9094146329307797,2.872851758661816,0.8622601386292241,2.4844209213770707,2.7535245648071314,0.2715383189042323
658,2.4434857593654313,1.9661312540081326,2.956741074330692,1.9104996117389512,2.8729954429609057,0.8667828807953153,2.482605980284831,2.751235714375314,0.2711761266439015
659,2.441545476259957,1.9643675148693978,2.954552627907922,1.9115854113380193,2.873139968172999,0.8713336707671029,2.480791276031992,2.748947448275127,0.2708141828352273
660,2.4396060303419738,1.9626051603722126,2.952364809216326,1.912672037807183,2.8732853426095457,0.8759127766205845,2.4789768127260707,2.746659776708635,0.2704524924765084
661,2.437667428721181,1.9608441964304668,2.9501776265417434,1.9137594972254632,2.8734315745827024,0.880520469816815,2.4771625944811793,2.7443727098725947,0.27009106056525417
662,2.435729678507361,1.9590846289528845,2.947991088172045,1.9148477956715693,2.8735786724051695,0.8851570252553946,2.4753486254179258,2.7420862579582588,0.26972989209813514
663,2.4337927868102214,1.9573264638428804,2.9458052023969574,1.915936939223755,2.8737266443900173,0.8898227213289877,2.4735349096633064,2.739800431151161,0.26936899207092835
664,2.4318567607392483,1.9555697069984348,2.943619977507911,1.917026933959686,2.8738754988505235,0.8945178399788665,2.4717214513506094,2.737515239630915,0.26900836547846096
665,2.4299216074035503,1.9538143643119537,2.9414354217978635,1.9181177859562957,2.874025244100001,0.8992426667515349,2.4699082546193085,2.735230693571007,0.2686480173145596
666,2.4279873339117106,1.9520604416701388,2.939251543561145,1.9192095012896515,2.8741758884516337,0.9039974908564263,2.4680953236149628,2.7329468031385935,0.268287952571996
667,2.4260539473716336,1.9503079449538536,2.9370683510932896,1.9203020860348166,2.8743274402183085,0.9087826052247275,2.4662826624891134,2.7306635784942928,0.26792817624243076
668,2.4241214548903907,1.9485568800379864,2.934885852690868,1.921395546265707,2.874479907712444,0.9135983065693289,2.464470275399178,2.72838102979198,0.2675686933163628
669,2.4221898635740735,1.9468072527913227,2.9327040566513305,1.9224898880549601,2.874633299245829,0.9184448954459459,2.4626581665083545,2.7260991671785884,0.26720950878307254
670,2.42025918052764,1.9450590690764094,2.930522971272839,1.923585117473793,2.874787623129453,0.9233226763154234,2.4608463399855127,2.7238180007938997,0.2668506276305691
671,2.4183294128547628,1.9433123347494206,2.928342604854101,1.9246812405918652,2.8749428876733365,0.9282319576072677,2.459034800005093,2.721537540770344,0.2664920548455378
672,2.416400567657681,1.9415670556600304,2.926162965694212,1.9257782634771432,2.8750991011863682,0.9331730517844077,2.457223550747004,2.7192577972327956,0.2661337954132826
673,2.414472652037044,1.9398232376512725,2.9239840620924844,1.9268761921957593,2.875256271976136,0.9381462754092499,2.4554125963965165,2.7169787802983683,0.26577585431767625
674,2.412545673091766,1.9380808865594166,2.9218059023482916,1.927975032811879,2.875414408348762,0.943151949211015,2.4536019411441665,2.7147005000762174,0.26541823654110197
675,2.4106196379188716,1.9363400082138291,2.9196284947608975,1.9290747913875586,2.875573518608732,0.9481903981544215,2.4517915891856434,2.712422966667332,0.2650609470644022
676,2.408694553613349,1.9346006084368486,2.917451847629299,1.9301754739826145,2.8757336110587364,0.9532619515097299,2.4499815447216955,2.7101461901643416,0.264703990866825
677,2.406770427267994,1.9328626930436459,2.9152759692520576,1.9312770866544768,2.8758946939994945,0.958366942924176,2.448171811958018,2.7078701806513035,0.2643473729259664
678,2.404847265973265,1.9311262678421002,2.9131008679271404,1.9323796354580642,2.876056775729598,0.960999541321955,2.4463623951051554,2.705594948203511,0.26399109821771927
679,2.402925076817131,1.9293913386326653,2.910926551951758,1.9334831264456378,2.8762198645453383,0.9604716420838394,2.444553298378397,2.7033205028872915,0.2636351717162188
680,2.4010038668849196,1.9276579112082364,2.9087530296221953,1.9345875656666696,2.8763839687405452,0.9599440313151149,2.4427445259976692,2.701046854759801,0.2632795983937868
681,2.39908364325917,1.9259259913540225,2.906580309233656,1.9356929591677028,2.876549096606415,0.9594167080944767,2.4409360821874366,2.69877401386883,0.2629243832208778
682,2.39716441301948,1.9241955848474128,2.9044083990800944,1.936799312992218,2.8767152564313534,0.958889671499458,2.4391279711765947,2.6965019902526004,0.2625695311660255
683,2.395246183242362,1.9224666974578515,2.902237307454059,1.9379066331804986,2.8768824565008053,0.9583629206064277,2.437320197198369,2.694230793939571,0.26221504719578864
684,2.3933289610010866,1.920739334946702,2.9000670426465254,1.939014925769488,2.877050705097088,0.9578364544905943,2.435512764490207,2.691960434948234,0.26186093627469537
685,2.3914127533655383,1.91901350306712,2.8978976129467346,1.9401241967926626,2.877220010499231,0.9573102722260092,2.433705677293677,2.6896909232869177,0.2615072033651894
686,2.3894975674020635,1.9172892075639232,2.8957290266420337,1.941234452279887,2.877390380982807,0.9567843728855696,2.4318989398543622,2.687422268953592,0.26115385342757697
687,2.3875834101733244,1.915566454173463,2.8935612920177123,1.942345698257289,2.8775618248197716,0.956258755541019,2.4300925564217595,2.685154481935667,0.26080089141996843
688,2.385670288738148,1.9138452486234938,2.8913944173568424,1.943457940747114,2.8777343502782946,0.955733419262953,2.428286531249171,2.6828875722098,0.2604483222982292
689,2.383758210151376,1.912125596633044,2.8892284109401123,1.9445711857675945,2.877907965622596,0.9552083631208204,2.426480868593602,2.680621549741694,0.26009615101592004
690,2.381847181463721,1.9104075039122879,2.8870632810456716,1.9456854393328156,2.878082679112786,0.9546835861829251,2.424675572715655,2.6783564244859055,0.25974438252424814
691,2.3799372097216147,1.908690976162419,2.8848990359489672,1.9468007074525797,2.8782584990046978,0.9541590875164305,2.4228706478794297,2.6760922063856487,0.2593930217720051
692,2.37802830196706,1.906976019075517,2.882735683922581,1.9479169961322709,2.8784354335497238,0.9536348661873596,2.421066098352411,2.673828905372597,0.2590420737055197
693,2.3761204652374843,1.9052626383344253,2.880573233236072,1.9490343113727193,2.8786134909946535,0.953110921260602,2.4192619284053696,2.6715665313666923,0.25869154326859944
694,2.3742137065655906,1.9035508396126186,2.878411692155811,1.9501526591700704,2.8787926795815095,0.9518244551683213,2.417458142312257,2.6693050942759475,0.2583414354024767
695,2.3723080329792103,1.9018406285740777,2.8762510689448266,1.951272045515645,2.878973007547383,0.9466261105798968,2.4156547443500975,2.667044603996252,0.2579917550457528
696,2.370403451501158,1.9001320108731643,2.874091371862641,1.9523924763958127,2.879154483124274,0.9414481501609715,2.413851738798889,2.6647850704111837,0.2576425071343465
697,2.368499969149078,1.898424992154487,2.871932609165107,1.9535139577918499,2.879337114538925,0.9362904488739832,2.412049129941491,2.6625265033918075,0.25729369660143503
698,2.366597592935306,1.8967195780527832,2.8697747891042558,1.9546364956798135,2.879520910012662,0.9311528827494521,2.410246922063526,2.6602689127964907,0.2569453283774041
699,2.3646963298667147,1.8950157741927858,2.867617919928131,1.9557600960304022,2.8797058777612285,0.9260353288747645,2.4084451194532703,2.658012308470705,0.2565974073897881
700,2.3627961869445717,1.8933135861891004,2.8654620098806305,1.9568847648088248,2.879892025994627,0.9209376653831031,2.406643726401551,2.6557567002468363,0.2562499385632193
701,2.3608971711643925,1.891613019646079,2.86330706720135,1.9580105079746688,2.8800793629169545,0.9158597714425136,2.404842747201643,2.653502097943999,0.2559029268193721
702,2.3589992895157903,1.889914080157691,2.861153100125418,1.9591373314817633,2.8802678967262403,0.9108015272451065,2.4030421861491575,2.651248511367834,0.2555563770769055
703,2.3571025489823367,1.8882167733074038,2.8590001168833443,1.9602652412780517,2.8804576356142886,0.9057628139963941,2.401242047541944,2.6489959503103293,0.2552102942514119
704,2.3552069565414104,1.886521104668052,2.856848125700855,1.9613942433054545,2.8806485877665127,0.9007435139047579,2.3994423356799808,2.6467444245496243,0.2548646832553612
705,2.353312519164054,1.8848270798017137,2.8546971347987364,1.962524343499739,2.8808407613617755,0.8957435101710473,2.397643054865271,2.6444939438498207,0.2545195489980434
706,2.3514192438148274,1.8831347042595878,2.852547152392678,1.9636555477903865,2.88103416457223,0.8907626869783067,2.395844209401737,2.6422445179607963,0.2541748963855176
707,2.3495271374516644,1.881443983581868,2.8503981866931114,1.9647878621004613,2.8812288055631576,0.8858009294816277,2.394045803595116,2.6399961566180132,0.2538307303205539
708,2.347636207025727,1.8797549232976187,2.848250245905055,1.9659212923464784,2.881424692492807,0.8808581237981272,2.3922478417528548,2.637748869542335,0.2534870557025806
709,2.34574645948126,1.8780675289246522,2.8461033382279566,1.9670558444382722,2.8816218335122366,0.875934156997048,2.390450328184003,2.6355026664398324,0.253143877427627
710,2.3438579017554457,1.8763818059694022,2.8439574718555316,1.968191524278863,2.881820236765151,0.8710289170899789,2.3886532671991088,2.6332575570016017,0.25280120038826975
711,2.341970540778263,1.874697759926804,2.841812654975611,1.96932833776433,2.8820199103877444,0.8661422930211959,2.3868566631101134,2.631013550903577,0.2524590294735784
712,2.34008438347234,1.87301539628017,2.8396688957699823,1.9704662907836779,2.882220862508541,0.8612741746581213,2.3850605202302453,2.628770657806342,0.25211736956905867
713,2.338199436752813,1.8713347205010666,2.837526202414233,1.9716053892187049,2.8824231012482335,0.8564244527818983,2.3832648428739165,2.62652888735495,0.25177622555659845
714,2.3363157075271777,1.8696557380491903,2.83538458307759,1.972745638943875,2.8826266347195264,0.8515930190780739,2.381469635356613,2.6242882491787314,0.2514356023144131
715,2.334433202695154,1.8679784543722502,2.8332440459227732,1.9738870458261872,2.8828314710269787,0.8467797661274085,2.3796749019947963,2.6220487528911174,0.2510955047169886
716,2.332551929148535,1.8663028749058397,2.8311045991058275,1.9750296157250429,2.8830376182668394,0.8419845873967823,2.3778806471057883,2.619810408089448,0.2507559376350283
717,2.3306718937710498,1.864629005073321,2.828966250775976,1.9761733544921212,2.8832450845268984,0.8372073772302158,2.3760868750076756,2.6175732243547962,0.25041690593539606
718,2.328793103438219,1.862956850285701,2.8268290090754618,1.977318267971244,2.8834538778863217,0.8324480308400078,2.374293590019199,2.615337211251781,0.2500784144810624
719,2.326915565017209,1.8612864159415077,2.8246928821393875,1.97846436199825,2.8836640064154953,0.8277064442979574,2.3725007964596467,2.613102378328385,0.24974046813104922
720,2.325039285366696,1.859617707426674,2.8225578780955694,1.979611642400863,2.883875478175868,0.822982514526722,2.3707084986487517,2.610868735115773,0.2494030717403729
721,2.323164271336719,1.8579507301144147,2.820424005064374,1.9807601149985672,2.8840883012197973,0.8182761392912438,2.368916700906586,2.6086362911281133,0.2490662301599914
722,2.3212905297685436,1.8562854893651088,2.8182912711585715,1.9819097856024759,2.884302483590391,0.8135872171903111,2.3671254075534547,2.606405055862394,0.24872994823674693
723,2.319418067494513,1.8546219905261754,2.816159684483172,1.9830606600152008,2.8845180333213465,0.8089156476481973,2.365334622909788,2.604175038798242,0.24839423081331202
724,2.3175468913379134,1.8529602389319577,2.81402925313528,1.9842127440307293,2.8847349584367996,0.8042613309064086,2.3635443512960403,2.601946249397747,0.2480590827281327
725,2.315677008112832,1.8513002399036038,2.8118999852039366,1.9853660434342917,2.8849532669511673,0.7996241680155327,2.361754597032581,2.599718697105282,0.2477245088153769
726,2.3138084246240145,1.8496419987489459,2.8097718887699656,1.984355870143866,2.8834626530765703,0.7984131630286814,2.360103731559952,2.5976307584676817,0.2473905139048736
727,2.311941147666726,1.8479855207623834,2.8076449719058223,1.9812443144960068,2.8803117153804028,0.800522801531351,2.3585878058517435,2.5956784895470504,0.24705710282206061
728,2.310075184026611,1.8463308112247638,2.8055192426754383,1.9781343052403502,2.877161819080542,0.8026387750559848,2.3570724104533762,2.5937274859594717,0.24672428038793048
729,2.3082105404795525,1.8446778754032631,2.8033947091340696,1.9750258485042451,2.874012971709493,0.8047611157944844,2.355557549683828,2.5917777570766622,0.24639205141897141
730,2.306347223791536,1.8430267185512745,2.8012713793281456,1.9719189504025552,2.870865180792884,0.806889856132508,2.35404322786147,2.589829312251738,0.24606042072711465
731,2.304485240718505,1.8413773459082812,2.799149261295113,1.9688136170375155,2.867718453849317,0.8090250286509046,2.3525294493039515,2.5878821608190306,0.24572939311967937
732,2.302624598006228,1.83972976269975,2.7970283630632906,1.9657098544986091,2.8645727983902307,0.8111666661271563,2.3510162183281054,2.585936312093918,0.24539897339931363
733,2.300765302390154,1.838083974137006,2.794908692651709,1.962607668862422,2.861428221919743,0.8133148015368431,2.3495035392498327,2.583991775372646,0.24506916636394352
734,2.2989073605952797,1.836439985417122,2.792790258069967,1.9595070661925214,2.8582847319345213,0.8154694680551033,2.347991416384003,2.5820485599321557,0.2447399768067146
735,2.297050779336007,1.8347978017227993,2.7906730673180755,1.956408052539315,2.855142335923626,0.8176306990581265,2.3464798540443494,2.5801066750299113,0.24441140951593676
736,2.2951955653160083,1.8331574282222536,2.7885571283863104,1.9533106339399233,2.852001041368375,0.8197985281246466,2.3449688565433586,2.578166129903725,0.24408346927503
737,2.293341725228088,1.8315188700691003,2.786442449255059,1.950214816418045,2.8488608557421946,0.8219729890374559,2.34345842819217,2.5762269337715864,0.24375616086246793
738,2.2914892657540444,1.8298821324022367,2.784329037894671,1.9471206059838264,2.845721786510477,0.8241541157849288,2.3419485733004692,2.5742890958314897,0.24342948905172196
739,2.2896381935645342,1.8282472203457305,2.78221690226531,1.9440280086337294,2.84258384113044,0.8263419425625612,2.3404392961763807,2.5723526252612627,0.2431034586112062
740,2.2877885153189346,1.826614139008703,2.780106050316801,1.9409370303503994,2.83944702705098,0.8285365037745234,2.3389306011263646,2.5704175312183972,0.24277807430422255
741,2.28594023766521,1.8249828934852188,2.7779964899884844,1.9378476771025401,2.836311351712534,0.8307378340352258,2.337422492455113,2.5684838228398794,0.24245334088890397
742,2.2840933672397727,1.8233534888541685,2.7758882292090665,1.9347599548447763,2.8331768225469336,0.8329459681709042,2.3359149744654424,2.5665515092420197,0.24212926311815788
743,2.2822479106673477,1.8217259301791553,2.773781275896466,1.9316738695175244,2.8300434469772617,0.835160941221212,2.334408051458186,2.564620599520281,0.2418058457396142
744,2.280403874560841,1.8201002225083864,2.7716756379576752,1.9285894270468693,2.8269112324177166,0.8373827884408329,2.3329017277320965,2.562691102749119,0.2414830934955659
745,2.278561265521198,1.8184763708745557,2.7695713232886003,1.9255066333444268,2.823780186273462,0.8396115453011058,2.3313960075837326,2.560763027981804,0.24116101112291483
746,2.276720090137277,1.8168543802947343,2.7674683397739246,1.9224254943072203,2.8206503159404948,0.8418472474916654,2.3298908953073596,2.5588363842502635,0.24083960335311666
747,2.2748803549857084,1.8152342557702594,2.7653666952869553,1.9193460158175522,2.8175216288054985,0.8440899309220952,2.3283863951948436,2.5569111805649114,0.24051887491212443
748,2.273042066630761,1.8136160022866177,2.763266397689474,1.9162682037428669,2.8143941322457,0.8463396317236045,2.3268825115355414,2.554987425914479,0.2401988305203326
749,2.2712052316242137,1.8119996248133412,2.7611674548315985,1.9131920639356368,2.811267833628738,0.8485963862507061,2.325379248616204,2.553065129265858,0.2398794748925221
750,2.2693698565052167,1.8103851283038923,2.759069874551628,1.9101176022332238,2.8081427403125145,0.8508602310829256,2.3238766107208666,2.551144299563932,0.23956081273780466
751,2.2675359478001607,1.808772517695555,2.756973664675903,1.907044824457757,2.8050188596450596,0.8531312030265155,2.3223746021307443,2.5492249457314102,0.23924284875956545
752,2.265703512022542,1.8071617979093217,2.754878833018653,1.903973736416002,2.8018961989643887,0.8554093391161869,2.3208732271241272,2.5473070766686665,0.23892558765540947
753,2.263872555672835,1.8055529738497897,2.75278538738186,1.9009043438992408,2.798774765598367,0.8576946766168654,2.319372489976279,2.545390701253581,0.2386090341171052
754,2.2620430852383544,1.8039460504050457,2.7506933355551046,1.897836652683139,2.7956545668645663,0.8599872530254483,2.317872394959328,2.543475828341369,0.23829319283052747
755,2.260215107193128,1.8023410324465607,2.748602685315428,1.8947706685276233,2.7925356100701313,0.8622871060725954,2.3163729463421654,2.54156246676443,0.23797806847560316
756,2.2583886279977614,1.8007379248290796,2.746513444427183,1.891706397176757,2.7894179025116377,0.8645942737245199,2.3148741483903397,2.539650625332179,0.2376636657262555
757,2.2565636540993097,1.7991367323905127,2.7444256206418918,1.8886438443586093,2.786301451474952,0.8669087941848146,2.3133760053659524,2.5377403128308895,0.23734998925034678
758,2.2547401919311474,1.7975374599518317,2.742339221698104,1.8855830157851412,2.783186264235102,0.8692307058962715,2.3118785215275564,2.5358315380235372,0.23703704370962392
759,2.2529182479128353,1.7959401123169574,2.740254255321252,1.8825239171520702,2.7800723480561307,0.8715600475427449,2.310381701130046,2.533924309649636,0.2367248337596627
760,2.2510978284499927,1.794344694272655,2.738170729223505,1.8794665541387532,2.7769597101909635,0.8738968580510088,2.308885548424559,2.5320186364250836,0.23641336404981053
761,2.2492789399341664,1.7927512105884276,2.736088651103632,1.8764109324080593,2.773848357881271,0.8762411765926491,2.307390067658368,2.5301145270420027,0.2361026392231326
762,2.2474615887427016,1.7911596660164082,2.7340080286468535,1.8733570576062488,2.7707382983573314,0.8785930425859595,2.305895263074778,2.5282119901685833,0.2357926639163541
763,2.245645781238615,1.7895700652912572,2.7319288695247064,1.8703049353628507,2.7676295388378964,0.8809524956978689,2.304401138913024,2.52631103444893,0.23548344275980532
764,2.243831523770463,1.787982413130054,2.729851181394897,1.8672545712905384,2.7645220865300533,0.8833195758458768,2.3029076994081654,2.5244116685029043,0.23517498037736662
765,2.242018822672216,1.7863967142321913,2.727774971901161,1.8642059709850094,2.7614159486290903,0.8856943232000082,2.3014149487909816,2.5225139009259676,0.23486728138640967
766,2.2402076842631304,1.7848129732792752,2.7257002486731254,1.8611591400248644,2.7583111323183624,0.8880767781847944,2.299922891287871,2.5206177402890337,0.23456035039774664
767,2.2383981148476186,1.783231194935014,2.7236270193261647,1.858114083971482,2.7552076447691554,0.8904669814812635,2.2984315311207446,2.5187231951383073,0.2342541920155677
768,2.236590120715125,1.78165138384512,2.7215552914612626,1.855070808368903,2.75210549314055,0.892864974028958,2.296940872506924,2.516830273995138,0.23394881083739147
769,2.234783708139997,1.7800735446372022,2.719485072664872,1.8520293187437062,2.749004684579291,0.8952707970279624,2.295450919659037,2.5149389853558635,0.23364421145400446
770,2.2329788833813615,1.7784976819206677,2.717416370508776,1.848989620604892,2.7459052262196515,0.8976844919409592,2.2939616767849174,2.5130493376916623,0.23334039844940807
771,2.2311756526829942,1.7769238002866115,2.7153491925499487,1.8459517194437591,2.7428071251832993,0.9001061004952968,2.2924731480874954,2.511161339448399,0.23303737640076172
772,2.2293740222731997,1.775351904307723,2.7132835463304166,1.8429156207337885,2.7397103885791654,0.9025356646850858,2.2909853377647025,2.5092749990464784,0.23273514987832597
773,2.2275739983646816,1.773781998538178,2.7112194393771207,1.8398813299305221,2.7366150235033087,0.9049732267733073,2.289498250009362,2.507390324880692,0.23243372344540816
774,2.225775587154419,1.7722140875135373,2.7091568792017773,1.836848852471445,2.733521037038785,0.9074188292939434,2.2880118890090886,2.5055073253200715,0.23213310165830564
775,2.2239787948235445,1.7706481757506514,2.7070958733007453,1.8338181937758706,2.730428436255516,0.9098725150541356,2.2865262589461866,2.5036260087077418,0.23183328906625003
776,2.2221836275372158,1.7690842677475516,2.705036429154881,1.8307893592448174,2.7273372282101542,0.9123343271363498,2.2850413639975447,2.5017463833607705,0.23153429021135094
777,2.2203900914444965,1.7675223679833563,2.7029785542294125,1.827762354260898,2.724247419945957,0.9148043089005756,2.283557208334537,2.499868457570026,0.23123610962854033
778,2.218598192678229,1.7659624809181675,2.700922255973792,1.8247371841881974,2.7211590184926497,0.9172825039865407,2.282073796122916,2.497992239600028,0.2309387518455175
779,2.216807937354914,1.7644046109929736,2.698867541821569,1.8217138543721596,2.718072030866299,0.9197689563159456,2.280591131522714,2.496117737688801,0.23064222138269108
780,2.215019331574586,1.762848762629547,2.696814419190249,1.818692370139471,2.71498646406918,0.9222637100947233,2.279109218688138,2.494244960047735,0.2303465227531253
781,2.2132323814206942,1.7612949402303508,2.6947628954811633,1.815672736797945,2.7119023250896506,0.9247668098153194,2.2776280617674702,2.492373914861438,0.23005166046248243
782,2.2114470929599777,1.7597431481784347,2.69271297807933,1.8126549596364065,2.708819620902015,0.9272783002589948,2.276147664902965,2.4905046102875925,0.22975763900896717
783,2.209663472242345,1.758193390837341,2.690664674353324,1.8096390439245778,2.7057383584664,0.9297982264981502,2.274668032230745,2.4886370544568144,0.22946446288327124
784,2.2078815253007558,1.7566456725510076,2.688617991655139,1.8066249949129651,2.702658544728626,0.9323266338986722,2.2731891678807035,2.486771255472513,0.22917213656851698
785,2.2061012581510964,1.7550999976436683,2.6865729373200598,1.8036128178327444,2.6995801866200773,0.9348635681223058,2.2717110759763983,2.4849072214107464,0.22888066454020212
786,2.20432267679206,1.7535563704197565,2.684529518666521,1.8006025178956446,2.696503291057569,0.9374090751290486,2.270233760634952,2.483044960320082,0.22859005126614265
787,2.202545787205032,1.752014795163813,2.6824877429959844,1.797594100293844,2.693427864943231,0.9399632011795621,2.2687572259669544,2.481184480221462,0.22830030120641714
788,2.2007705953539656,1.750475276140387,2.6804476175928,1.794587570199848,2.690353915164371,0.9425259928376206,2.267281476076354,2.4793257891080565,0.2280114188133119
789,2.1989971071852628,1.7489378175939396,2.678409149724075,1.7915829327663808,2.6872814485933487,0.94509749697257,2.265806515060362,2.477468894945131,0.22772340853126397
790,2.19722532862766,1.7474024237487529,2.676372346639547,1.7885801931262764,2.6842104720874533,0.9476777607618202,2.264332347009349,2.4756138056699064,0.2274362747968052
791,2.1954552655921065,1.7458690988088326,2.6743372155714473,1.7855793563923634,2.681140992488774,0.9502668316933568,2.2628589760067457,2.4737605291914244,0.22715002203850668
792,2.193686923971649,1.7443378469578166,2.6723037637343756,1.782580427657359,2.6780730166240767,0.9528647575682788,2.261386406128943,2.4719090733904108,0.2268646546769226
793,2.1919203096413122,1.7428086723588785,2.6702719983251675,1.779583411993753,2.675006551304676,0.9554715865033667,2.2599146414451874,2.4700594461191385,0.22658017712453396
794,2.190155428457984,1.7412815791546365,2.6682419265227635,1.7765883144537036,2.67194160332631,0.9580873669336651,2.258443686017484,2.468211655201295,0.22629659378569444
795,2.1883922862602985,1.739756571467061,2.666213555488085,1.7735951400689256,2.6688781794690213,0.960712147615101,2.256973543900495,2.4663657084318484,0.22601390905657157
796,2.1866308888685198,1.738233653397382,2.6641868923638987,1.7706038938505813,2.665816286497024,0.9633459776271251,2.255504219141442,2.464521613576914,0.22573212732509304
797,2.184871242084427,1.7367128290259957,2.662161944274696,1.7676145807891732,2.6627559311585878,0.9659889063753755,2.254035715780001,2.462679378373621,0.22545125297088872
798,2.183113351691199,1.7351941024123763,2.66013871832656,1.764778861820875,2.659752828213998,0.9675973577169928,2.2524438725462974,2.4607148452280736,0.225171290365238
799,2.1813572234532996,1.7336774775949833,2.6581172216070383,1.7644091660223813,2.657656916061363,0.9662584888034988,2.2488351726105025,2.456734500964916,0.22489224387101062
800,2.1796028631163638,1.732162958591171,2.65609746118502,1.7640407953351822,2.65556328839764,0.9649195809438896,2.245227306145097,2.4527560393895675,0.2246141178426126
801,2.1778502764070833,1.7306505493970987,2.6540794441106037,1.7636737542838188,2.6534719523520267,0.9635806321008278,2.2416202771585914,2.448779468121908,0.2243369166259282
802,2.176099469033095,1.7291402539876435,2.6520631774149788,1.763308047378212,2.6513829150294987,0.9622416402372607,2.2380140896514544,2.4448047947521836,0.22406064455826735
803,2.174350446682865,1.727632076316306,2.650048668110292,1.76294367911356,2.6492961835106654,0.9609026033164253,2.2344087476160155,2.440832026840876,0.22378530596830754
804,2.1726032150255796,1.7261260203151276,2.648035923189528,1.7625806539702487,2.647211764851649,0.9595635193018652,2.2308042550363667,2.436861171918576,0.2235109051760369
805,2.170857779711032,1.7246220898945994,2.646024949626384,1.7622189764137515,2.645129666083947,0.9582243861574362,2.227200615888262,2.4328922374858597,0.2232374464927029
806,2.1691141463695094,1.723120288943574,2.644015754375142,1.7618586508945355,2.6430498942143053,0.9568852018473223,2.2235978341390217,2.428925231013157,0.22296493422074876
807,2.1673723206116833,1.721620621329179,2.6420083443705487,1.7614996818479651,2.6409724562245853,0.9555459643360427,2.219995913747429,2.4249601599406327,0.22269337265376665
808,2.1656323080285,1.7201230908967322,2.6400027265276935,1.7611420736942105,2.6388973590716405,0.9542066715884655,2.216394858663639,2.42099703167806,0.22242276607643435
809,2.1638941141910686,1.7186277014696523,2.6379989077418813,1.7607858308381483,2.6368246096871824,0.9528673215698207,2.2127946728290744,2.4170358536046965,0.22215311876446306
810,2.1621577446505507,1.7171344568493736,2.6359968948885126,1.7604309576692723,2.634754214977655,0.9515279122457073,2.209195360176329,2.413076633069161,0.22188443498454066
811,2.160423204938054,1.7156433608152628,2.633996694822962,1.7600774585615961,2.6326861818241047,0.9501884415821077,2.2055969246290736,2.4091193773893154,0.22161671899427704
812,2.158690500564522,1.7141544171245329,2.6319983143804584,1.759725337873564,2.6306205170820602,0.9488489075453989,2.201999370101955,2.4051640938521404,0.22134997504214612
813,2.1569596370206225,1.7126676295121555,2.6300017603759582,1.7593745999479533,2.6285572275813966,0.947509308102362,2.1984027005004982,2.4012107897136135,0.22108420736743117
814,2.1552306197766478,1.7111830016907847,2.6280070396040336,1.7590252491117868,2.6264963201262166,0.9461696412201958,2.1948069197210125,2.3972594721985945,0.22081942020016967
815,2.153503454282398,1.7097005373506649,2.6260141588387445,1.7586772896762373,2.6244378014947216,0.9448299048665262,2.1912120316504926,2.3933101485007033,0.22055561776109628
816,2.1517781459670795,1.7082202401595519,2.6240231248335224,1.7583307259365357,2.6223816784390888,0.9434900970094221,2.1876180401665195,2.3893628257822006,0.2202928042615885
817,2.1500547002391985,1.7067421137626322,2.6220339443210556,1.7579855621718834,2.6203279576853453,0.9421502156173984,2.1840249491371706,2.3854175111738756,0.22003098390360865
818,2.1483331224864544,1.7052661617824385,2.620046624013164,1.7576418026453597,2.6182766459332494,0.9408102586594385,2.1804327624209177,2.3814742117749255,0.2197701608796507
819,2.14661341807563,1.7037923878187653,2.6180611706006824,1.7572994516038265,2.616227749856156,0.939470224104996,2.1768414838665304,2.3775329346528378,0.21951033937268183
820,2.1448955923524946,1.7023207954485944,2.6160775907533482,1.756958513277848,2.6141812761009096,0.9381301099240119,2.1732511173129847,2.373593686843282,0.2192515235560896
821,2.143179650641693,1.7008513882260092,2.6140958911196788,1.7566189918815915,2.6121372312877096,0.9367899140869259,2.1696616665893638,2.3696564753499896,0.21899371759362402
822,2.1414655982466435,1.699384169682116,2.6121160783268564,1.7562808916127453,2.6100956220099945,0.9354496345646841,2.1660731355147633,2.3657213071446432,0.21873692563934266
823,2.1397534404494354,1.697919143324965,2.6101381589806145,1.7559442166524253,2.608056454834322,0.9341092693287572,2.1624855278981974,2.361788189166764,0.21848115183755445
824,2.138043182510723,1.6964563126394694,2.6081621396651187,1.7556089711650873,2.606019736300244,0.9327688163511453,2.1588988475384996,2.357857128323597,0.21822640032276577
825,2.1363348296696265,1.6949956810873288,2.6061880269428546,1.7552751592984421,2.6039854729201926,0.9314282736043942,2.155313098224234,2.3539281314900062,0.21797267521962213
826,2.134628387143627,1.6935372521069487,2.604215827354512,1.7549427851833634,2.601953671179357,0.9300876390616063,2.151728283733595,2.3500012055083572,0.21771998064285483
827,2.1329238601284657,1.6920810291133646,2.6022455474188697,1.754611852933804,2.5999243375355654,0.9287469106964511,2.1481444078343155,2.3460763571884105,0.21746832069722288
828,2.1312212537980435,1.6906270154981637,2.600277193632685,1.7542823666467071,2.597897478419169,0.9274060864831775,2.144561474283572,2.342153593307214,0.2172176994774598
829,2.12952057330432,1.689175214629409,2.5983107724705796,1.7539543304019207,2.595873100232923,0.9260651643966263,2.1409794868278915,2.3382329206089967,0.21696812106821817
830,2.127821823777211,1.6877256298515608,2.596346290384923,1.7536277482621114,2.5938512093518695,0.9247241424122421,2.1373984492030553,2.3343143458050526,0.2167195895440098
831,2.1261250103244937,1.6862782644854049,2.5943837538057277,1.75330262427268,2.5918318121232233,0.9233830185060832,2.1338183651340086,2.3303978755736474,0.2164721089691573
832,2.1244301380317014,1.6848331218279715,2.592423169140531,1.7529789624616723,2.5898149148662535,0.9220417906548376,2.1302392383347626,2.3264835165599,0.21622568339773104
833,2.1227372119620305,1.683390205152467,2.590464542774289,1.7526567668397015,2.5878005238721706,0.9207004568358297,2.126661072508308,2.322571275375689,0.21598031687349942
834,2.1210462371562384,1.6819495177081945,2.5885078810692637,1.7523360413998565,2.585788645404011,0.9193590150270362,2.1230838713465157,2.3186611585995403,0.21573601342987
835,2.119357218632547,1.6805110627204827,2.586553190364912,1.7520167901176236,2.583779285696524,0.9180174632070977,2.119507638530046,2.314753172776527,0.21549277708983483
836,2.1176701613865463,1.6790748433906106,2.5846004769777795,1.7516990169507982,2.5817724509560565,0.9166757993553284,2.1159323777282593,2.310847324418169,0.2152506118659165
837,2.1159850703910954,1.6776408628957364,2.5826497472013883,1.7513827258394066,2.5797681473604417,0.9153340214517293,2.112358092599117,2.3069436200023263,0.2150095217601102
838,2.11430195059623,1.676209124388825,2.5807010073061316,1.75106792070562,2.5777663810588884,0.9139921274770022,2.1087847867890996,2.3030420659731052,0.2147695107638303
839,2.112620806929062,1.6747796309985743,2.578754263539162,1.7507546054536736,2.5757671581718675,0.91265011541256,2.1052124639331034,2.29914266874075,0.21453058285785412
840,2.110941644293688,1.6733523858293455,2.576809522124288,1.7504427839697843,2.5737704847909995,0.9113079832405371,2.1016411276543576,2.2952454346815494,0.2142927420122649
841,2.1092644675710934,1.6719273919610922,2.574866789261865,1.7501324601220705,2.571776366978949,0.9099657289438059,2.0980707815643287,2.2913503701377373,0.21405599218640192
842,2.1075892816190582,1.6705046524492901,2.5729260711286894,1.7498236377604701,2.5697848107693106,0.9086233505059855,2.0945014292626323,2.2874574814173934,0.2138203373287974
843,2.1059160912720634,1.6690841703248662,2.570987373877894,1.7495163207166617,2.5677958221665036,0.9072808459114544,2.09093307433694,2.283566774794348,0.21358578137712797
844,2.1042449013411963,1.6676659485941294,2.56905070363884,1.7492105128039805,2.5658094071456574,0.9059382131453643,2.087365720362888,2.2796782565080846,0.21335232825815587
845,2.1025757166140604,1.6662499902387027,2.567116066517014,1.748906217817344,2.5638255716525107,0.9045954501936506,2.0837993709039915,2.2757919327636444,0.21311998188767323
846,2.1009085418546833,1.6648362982154556,2.565183468593926,1.74860343953317,2.561844321603301,0.9032525550430471,2.08023402951155,2.2719078097315353,0.2128887461704502
847,2.0992433818034204,1.6634248754564323,2.563252915927,1.7483021817092967,2.5598656628846554,0.9019095256810948,2.076669699724557,2.2680258935476307,0.2126586250001763
848,2.097580241176872,1.6620157248687908,2.5613244145494782,1.7480024480849092,2.5578896013534904,0.9005663600961571,2.0731063850696176,2.2641461903130873,0.21242962225940581
849,2.095919124667783,1.6606088493347282,2.5593979704703105,1.747704242380455,2.5559161428369,0.8992230562774316,2.069544089060849,2.260268706094242,0.21220174181950557
850,2.0942600369449624,1.6592042517114227,2.5574735896740597,1.7474075682975725,2.5539452931320556,0.897879612214962,2.0659828151998,2.2563934469225293,0.2119749875405958
851,2.0926029826531862,1.6578019348309612,2.5555512781207956,1.7471124295190117,2.5519770580061003,0.8965360258996498,2.0624225669753575,2.2525204187943855,0.21174936327149801
852,2.0909479664131134,1.6564019015002773,2.5536310417459958,1.7468188297085567,2.5500114431960443,0.8951922953232687,2.0588633478636615,2.248649627671162,0.2115248728496769
853,2.0892949928211935,1.6550041545010852,2.551712886460443,1.7465267725109506,2.5480484544086632,0.8938484184784771,2.05530516132801,2.244781079479034,0.21130152010119121
854,2.087644066449582,1.6536086965898162,2.549796818150129,1.7462362615518203,2.5460880973203945,0.8925043933588275,2.0517480108187813,2.2409147801089144,0.21107930884062973
855,2.085995191846053,1.6522155304975565,2.5478828426761537,1.7459473004376038,2.5441303775772397,0.8911602179587829,2.0481918997733395,2.2370507354163673,0.2108582428710641
856,2.0843483735339072,1.6508246589299795,2.5459709658746226,1.745659892755468,2.5421753007946535,0.8898158902737259,2.0446368316159456,2.2331889512215173,0.21063832598399138
857,2.082703616011892,1.6494360845672869,2.544061193556554,1.7453740420732424,2.540222872557456,0.8884714082999758,2.0410828097576763,2.229329433308969,0.21041956195927777
858,2.081060923754113,1.6480498100641463,2.54215353150778,1.7450897519393413,2.5382730984197237,0.8871267700347968,2.0375298375963338,2.2254721874277203,0.21020195456510568
859,2.0794203012099475,1.6466658380496275,2.5402479854888464,1.7448070258826924,2.5363259839046943,0.8857819734764124,2.0339779185163587,2.221617219291076,0.20998550755791662
860,2.077781752803961,1.645284171127143,2.5383445612349202,1.7445258674126602,2.534381534504665,0.884437016624019,2.0304270558887447,2.217764534576569,0.20977022468235984
861,2.0761452829358236,1.6439048118743875,2.5364432644556913,1.74424628001898,2.5324397556808997,0.8830918974777964,2.0268772530709542,2.213914138925874,0.20955610967123225
862,2.074510895980225,1.6425277628432757,2.534544100835276,1.7439682671716787,2.530500652863526,0.8817466140389245,2.0233285134068284,2.210066037944728,0.2093431662454308
863,2.0728785962867926,1.6411530265598853,2.532647076032125,1.7436918323210095,2.5285642314514414,0.8804011643095909,2.019780840226506,2.20622023720285,0.20913139811389103
864,2.071248388180007,1.6397806055243964,2.530752195678926,1.743416978897376,2.526630496812216,0.8790555462930082,2.0162342368463353,2.202376742233858,0.20892080897353674
865,2.0696202759591236,1.638410502211034,2.528859465382515,1.7431437103112661,2.524699454282002,0.8777097579934239,2.0126887065687935,2.1985355585351964,0.20871140250922265
866,2.0679942638980857,1.6370427190680084,2.526968890723775,1.7428720299531768,2.5227711091654283,0.8763637974161359,2.009144252682394,2.1946966915680477,0.20850318239368212
867,2.066370356245449,1.635677258517459,2.5250804772575512,1.7426019411935503,2.5208454667355187,0.8750176625675022,2.005600878461613,2.1908601467572653,0.20829615228746995
868,2.064748557224297,1.6343141229553966,2.523194230512554,1.7423334473826986,2.5189225322335873,0.8736713514549563,2.002058587166794,2.187025929491289,0.20809031583891185
869,2.063128871032165,1.6329533147516488,2.521310155991271,1.7420665518507417,2.517002310869156,0.87232486208702,1.9985173820440756,2.183194045122075,0.20788567668404456
870,2.061511301840956,1.631594836249801,2.5194282591698722,1.741801257907532,2.5150848078198527,0.8709781924733159,1.994977266325299,2.1793644989650165,0.2076822384465665
871,2.0598958537968666,1.6302386897671433,2.517548545498122,1.7401126106588163,2.5132368111559926,0.8713125358674907,1.992780001196319,2.176879054267261,0.20748000473777947
872,2.0582825310203066,1.6288848775946154,2.515671020399291,1.7375103038590223,2.5114335686236817,0.87272818936586,1.9914463905857176,2.175258516996434,0.20727897915653729
873,2.056671337605821,1.6275334019967522,2.513795689270063,1.7349105742888016,2.5096319329413634,0.8741445616918696,1.990113878987993,2.173640333663838,0.20707916528918952
874,2.0550622776220124,1.6261842652116265,2.511922557480447,1.7323134251922778,2.507831909139531,0.8755616537259118,1.9887824695769833,2.1720245094378865,0.20688056670952806
875,2.0534553551114683,1.6248374694508043,2.510051630373694,1.7297188597824196,2.5060335022286626,0.8769794663439272,1.9874521655118245,2.1704110494500712,0.2066831869787318
876,2.051850574090679,1.6234930168992816,2.508182913266202,1.7271268812409635,2.504236717199127,0.8783980004173817,1.98612296993686,2.168799958794886,0.2064870296453139
877,2.0502479385499686,1.6221509097154414,2.5063164114474366,1.7245374927183508,2.5024415590211118,0.879817256813257,1.9847948859815694,2.1671912425297655,0.20629209824506742
878,2.048647452453414,1.620811150030995,2.504452130179837,1.721950697333655,2.5006480326445315,0.8812372363940292,1.9834679167604785,2.1655849056750074,0.20609839630100996
879,2.0470491197387757,1.6194737399509347,2.502590074698736,1.7193664981745163,2.4988561429989526,0.8826579400176551,1.9821420653730857,2.1639809532137124,0.2059059273233304
880,2.045452944317421,1.6181386815534835,2.5007302502122752,1.716784898297075,2.4970658949935083,0.8840793685375533,1.980817334903779,2.1623793900917145,0.20571469480933496
881,2.0438589300742525,1.6168059768900431,2.498872661901314,1.7142059007259038,2.495277293516818,0.8855015228025914,1.9794937284217553,2.160780221217514,0.20552470224339356
882,2.0422670808676324,1.6154756279851439,2.497017314919352,1.7116295084539417,2.4934903434369065,0.886924403657064,1.9781712489809409,2.159183451462212,0.2053359530968848
883,2.0406774005293156,1.6141476368363992,2.4951642143924437,1.7090557244424303,2.491705049601126,0.8883480119406818,1.9768498996199162,2.1575890856594513,0.20514845082814306
884,2.0390898928643733,1.6128220054144538,2.4933133654191146,1.7064845516208484,2.489921416836073,0.8897723484885501,1.9755296833618297,2.155997128605343,0.2049621988824036
885,2.0375045616511245,1.6114987356629373,2.4914647730702786,1.7039159928868475,2.4881394499475107,0.8911974141311567,1.9742106032143263,2.1544075850584137,0.20477720069175032
886,2.035921410641066,1.610177829498417,2.48961844238916,1.7013500511061905,2.4863591537202936,0.8926232096943518,1.9728926621694656,2.152820459739538,0.20459345967506035
887,2.0343404435588015,1.6088592888103508,2.487774378391208,1.6987867291126877,2.4845805329182826,0.8940497359993322,1.9715758632036438,2.1512357573318797,0.20441097923795265
888,2.0327616641019715,1.6075431154610396,2.4859325860640173,1.696226029708134,2.4828035922842724,0.8954769938626265,1.9702602092775172,2.1496534824808275,0.20422976277273033
889,2.031185075941187,1.6062293112855834,2.4840930703672504,1.6936679556622498,2.4810283365399135,0.8969049840960757,1.968945703335925,2.1480736397939415,0.20404981365833144
890,2.0296106827199596,1.604917878091836,2.482255836232556,1.691112509712619,2.4792547703856327,0.8983337075068172,1.9676323483078115,2.14649623384089,0.20387113526027323
891,2.028038488054635,1.6036088176603591,2.4804208885634917,1.6885596945646286,2.4774828985005604,0.8997631648972696,1.9663201471061509,2.1449212691533943,0.20369373093059837
892,2.0264684955343255,1.6023021317443793,2.4785882322354444,1.6860095128914112,2.475712725542453,0.9011933570651149,1.9650091026278693,2.1433487502251696,0.20351760400782332
893,2.0249007087208426,1.600997822069742,2.476757872095553,1.6834619673337827,2.473944256147616,0.9026242848032808,1.9636992177537693,2.1417786815118682,0.2033427578168819
894,2.0233351311486367,1.5996958903348761,2.4749298129626376,1.6809170605001915,2.4721774949308353,0.9040559488999242,1.9623904953484594,2.1402110674310317,0.20316919566907565
895,2.0217717663247203,1.5983963382107378,2.4731040596271074,1.6783747949666485,2.4704124464852923,0.9054883501384183,1.961082938260267,2.1386459123620214,0.20299692086201743
896,2.0202106177286177,1.5970991673407835,2.4712806168509056,1.6758351732766859,2.468649115382502,0.906921489297327,1.9597765493211776,2.1370832206459807,0.2028259366795795
897,2.01865168881229,1.595804379340919,2.4694594893674178,1.6732981979412886,2.4668875061722315,0.9083553671503993,1.9584713313467514,2.135522996585773,0.20265624639184143
898,2.017094983000076,1.5945119757994601,2.467640681881406,1.6707638714388442,2.465127623382429,0.9097899844665416,1.957167287136051,2.1339652444459305,0.20248785325503482
899,2.0155405036886296,1.5932219582770955,2.4658241990689307,1.6682321962150877,2.463369471519153,0.9112253420098088,1.955864419471569,2.132409968452605,0.20232076051149195
900,2.0139882542468572,1.5919343283068454,2.464010045577283,1.6657031746830486,2.461613055066501,0.9126614405393821,1.9545627311191556,2.1308571727935175,0.20215497138959054
901,2.0124382380158528,1.5906490873940191,2.4621982260249027,1.663176809222993,2.459858378486533,0.9140982808095558,1.9532622248279394,2.129306861617904,0.20199048910370435
902,2.0108904583088423,1.5893662370161818,2.4603887450013153,1.6606531021823747,2.4581054462192067,0.9155358635697194,1.9519629033302641,2.1277590390364742,0.2018273168541479
903,2.0093449184111196,1.5880857786231137,2.458581607067057,1.658132055875784,2.4563542626823063,0.9169741895643383,1.9506647693416097,2.126213709121358,0.20166545782712267
904,2.0078016215799845,1.58680771363677,2.456776816753601,1.6556136725848902,2.454604832271366,0.9184132595329384,1.94936782556052,2.124670875906058,0.2015049151946675
905,2.0062605710446904,1.58553204345125,2.4549743785632923,1.6530979545583988,2.452857159359611,0.9198530742100912,1.9480720746685378,2.123130543385409,0.20134569211460335
906,2.0047217700063773,1.5842587694327552,2.4531742969692742,1.6505849040119942,2.4511112482978805,0.9212936343253937,1.9467775193301258,2.1215927155155243,0.20118779173048137
907,2.0031852216380184,1.5829878929195549,2.451376576415421,1.6480745231282943,2.449367103414562,0.9227349406034517,1.9454841621925998,2.120057396213757,0.20103121717153083
908,2.0016509290843625,1.5817194152219527,2.44958122131627,1.6455668140568012,2.4476247290155255,0.9241769937638649,1.944192005886059,2.118524589358654,0.20087597155260592
909,2.000118895461875,1.58045333762225,2.447788236056952,1.643061778913852,2.4458841293840523,0.9256197945212067,1.9429010530233144,2.1169942987899133,0.20072205797413292
910,1.9985891238586804,1.5791896613747096,2.4459976249931237,1.6405594197825693,2.444145308780769,0.9270633435850092,1.941611306199818,2.1154665283083403,0.20056947952206036
911,1.9970616173345124,1.5779283877055283,2.4442093924509063,1.6380597387128213,2.4424082714435875,0.9285076416597461,1.9403227679935975,2.113941281675809,0.20041823926780247
912,1.9955363789206502,1.5766695178127965,2.4424235427268104,1.635562737721165,2.440673021587627,0.9299526894448168,1.9390354409651818,2.1124185626152174,0.20026834026819104
913,1.9940134116198704,1.5754130528664705,2.440640080087679,1.6330684187908115,2.43893956340516,0.9313984876345236,1.9377493276575382,2.110898374810453,0.200119785565421
914,1.9924927184063908,1.5741589940083385,2.438859008770619,1.6305767838715732,2.4372079010655407,0.9328450369180613,1.9364644305960004,2.109380721906349,0.19997257818699843
915,1.990974302225815,1.5729073423519893,2.4370803329829367,1.6280878348798233,2.4354780387151442,0.934292337979496,1.9351807522882023,2.107865607508648,0.1998267211456883
916,1.9894581659950834,1.5716580989827817,2.4353040569020763,1.6256015736984522,2.4337499804773017,0.9357403914977495,1.93389829522401,2.106353035183966,0.1996822174394653
917,1.9879443126024168,1.5704112649578144,2.433530184675554,1.6231180021768217,2.4320237304522347,0.9371891981465825,1.9326170618754555,2.1048430084597514,0.19953907005145693
918,1.986432744907267,1.569166841305894,2.431758720420899,1.6206371221307272,2.4302992927169966,0.9386387585945745,1.9313370546966693,2.1033355308242556,0.19939728194989728
919,1.9849234657402663,1.5679248290275094,2.4299896682255904,1.618158935342353,2.4285766713254078,0.940089073505109,1.9300582761238156,2.101830605726492,0.19925685608806917
920,1.9834164779031749,1.5666852290948006,2.428223032146995,1.615683443560232,2.426855870307993,0.9415401435363573,1.9287807285750247,2.100328236576206,0.19911779540425856
921,1.9819117841688312,1.565448042451529,2.4264588162123077,1.613210648499205,2.4251368936719224,0.9429919693412583,1.927504414450329,2.0988284267438386,0.19898010282169806
922,1.9804093872811057,1.5642132700130547,2.424697024418495,1.6107405518403843,2.4234197454009507,0.9444445515675018,1.926229336131598,2.0973311795604976,0.19884378124851884
923,1.978909289954847,1.5629809126663043,2.422937660732228,1.6082731552311098,2.421704429455353,0.9458978908575134,1.9249554959824722,2.095836498317921,0.19870883357769656
924,1.9774114948758388,1.561750971269748,2.421180729089833,1.605808460284915,2.4199909497718717,0.947351987848435,1.9236828963483015,2.094344386268452,0.19857526268700257
925,1.9759160047007482,1.5605234466533713,2.4194262333972265,1.603346468581487,2.418279310263651,0.9488068431721082,1.9224115395560784,2.092854846625002,0.1984430714389496
926,1.9744228220570812,1.5592983396186502,2.41767417752986,1.6008871816666304,2.416569514820181,0.9502624574550579,1.921141427914377,2.0913678825610282,0.19831226268074356
927,1.9729319495431363,1.558075650938528,2.4159245653326664,1.5984306010522318,2.4148615673072404,0.9517188313184712,1.9198725637132894,2.089883497210499,0.19818283924422858
928,1.9714433897279584,1.5568553813573893,2.4141774006200007,1.595976728216225,2.4131554715668395,0.953175965378185,1.9186049492243633,2.0884016936678726,0.19805480394584138
929,1.9699571451512918,1.5556375315910356,2.4124326871755835,1.5935255646025512,2.411451231417157,0.9546338602446656,1.9173385867005384,2.086922474988063,0.1979281595865539
930,1.9684732183235396,1.554422102326665,2.41069042875245,1.5910771116211322,2.409748850652492,0.956092516522992,1.9160734783760875,2.0854458441864208,0.19780290895182737
931,1.9669916117257156,1.5532090942228454,2.408950629072893,1.5886313706478308,2.4080483330432005,0.9575519348128371,1.9148096264665522,2.0839718042387037,0.19767905481156053
932,1.9655123278094038,1.551998507909497,2.407213291828409,1.5861883430244212,2.4063496823356454,0.9590121157084539,1.9135470331686832,2.0825003580810515,0.19755659992003563
933,1.9640353689967154,1.5507903439878676,2.40547842067965,1.583748030058557,2.4046529022521383,0.9604730597986526,1.9122857006603826,2.0810315086099678,0.19743554701587152
934,1.9625607376802436,1.549584603030512,2.4037460192563618,1.5813104330237349,2.4029579964908843,0.9619347676667904,1.9110256311006368,2.0795652586822886,0.19731589882197162
935,1.9610884362230279,1.5483812855812737,2.4020160911573436,1.578875553159273,2.4012649687259318,0.9633972398907453,1.9097668266294658,2.0781016111151698,0.19719765804547335
936,1.959618466958508,1.5471803921552632,2.40028863995039,1.5764433916702718,2.3995738226071155,0.9648604770429057,1.9085092893678577,2.0766405686860594,0.19708082737769783
937,1.9581508321904848,1.5459819232388383,2.3985636691722405,1.5740139497275898,2.3978845617600038,0.9663244796901493,1.907253021417711,2.0751821341326773,0.19696540949409877
938,1.9566855341930827,1.544785879289587,2.396841182328534,1.5715872284678123,2.3961971897858487,0.9677892483938265,1.9059980248617787,2.073726310152999,0.19685140705421272
939,1.9552225752107082,1.5435922607363086,2.395121182893754,1.5691632289932251,2.394511710261532,0.9692547837097447,1.9047443017636077,2.0722730994052356,0.1967388227016115
940,1.9537619574580127,1.542401067978996,2.3934036743111866,1.566741952371786,2.392828126739513,0.9707210861881453,1.9034918541674826,2.070822504507814,0.19662765906384716
941,1.9523036831198533,1.5412123013888177,2.391688659992866,1.564323399637098,2.3911464427477793,0.9721881563736928,1.902240684098368,2.0693745280393596,0.19651791875240487
942,1.9508477543512581,1.5400259613081044,2.389976143319533,1.5619075717883844,2.389466661789798,0.9736559948054535,1.9009907935618542,2.0679291725386846,0.19640960436265395
943,1.9493941732773863,1.5388420480503293,2.3882661276405845,1.5596858264001967,2.387716159915441,0.9748138219894463,1.9001714018071094,2.0669156577677774,0.19630271847379463
944,1.9479429419934946,1.5376605619000951,2.38655861627403,1.5584753937286266,2.385585072875036,0.974333342955304,1.9016164391064025,2.06816791449137,0.19619726364881326
945,1.9464940625649005,1.536481503113118,2.3848536125064435,1.5572670244011544,2.383456674286328,0.9738529128167418,1.903062761838245,2.0694227995601167,0.19609324243442713
946,1.945047537026947,1.5353048719162137,2.383151119592921,1.5560607196659304,2.3813309671030525,0.9733725303361915,1.9045103719301633,2.070680315353412,0.19599065736103982
947,1.9436033673849724,1.5341306685072862,2.381451140757039,1.5548564807439473,2.379207954245616,0.9728921942755632,1.9059592712900324,2.0719404642107633,0.19588951094268722
948,1.942161555614269,1.532958893055309,2.3797536791908027,1.553654308829009,2.377087638601049,0.9724119033962549,1.907409461806018,2.0732032484317777,0.19578980567699367
949,1.9407221036600595,1.5317895457003197,2.378058738054614,1.5524542050877117,2.3749700230229696,0.9719316564591517,1.908860945346529,2.0744686702761546,0.1956915440451164
950,1.939285013437455,1.5306226265534004,2.3763663204772194,1.551256170659414,2.3728551103315363,0.9714514522246365,1.9103137237601577,2.0757367319636706,0.1955947285117014
951,1.9378502868314313,1.5294581356966723,2.3746764295556755,1.5500602066562166,2.3707429033134106,0.9709712894525896,1.911767798875632,2.077007435674175,0.19549936152483197
952,1.936417925696793,1.5282960731832822,2.3729890683553054,1.548866314162937,2.3686334047217157,0.9704911669023981,1.9132231725017605,2.078280783547578,0.19540544551598066
953,1.9349879318581455,1.5271364390373932,2.3713042399096587,1.5476744942370886,2.366526617275998,0.9700110833329606,1.914679846427385,2.0795567776838464,0.1953129828999596
954,1.9335603071098615,1.5259792332541713,2.369621947220471,1.546484747908854,2.3644225436621844,0.9695310375026887,1.9161378224213212,2.08083542014299,0.19522197607487188
955,1.9321350532160564,1.524824455799782,2.3679421932576266,1.5452970761810694,2.362321186532551,0.9690510281695175,1.917597102232317,2.082116712945065,0.19513242742206416
956,1.9307121719105558,1.5236721066113774,2.3662649809591194,1.5441114800291982,2.360222548505677,0.9685710540909063,1.9190576875889953,2.0834006580701576,0.19504433930607537
957,1.9292916648968708,1.5225221855970905,2.364590313231017,1.542927960401315,2.3581266321664187,0.9680911140238481,1.9205195801998085,2.08468725745839,0.1949577140745912
958,1.9278735338481654,1.5213746926360239,2.3629181929474177,1.5417465182180803,2.3560334400658594,0.9676112067248703,1.921982781752985,2.0859765130099084,0.1948725540583953
959,1.9264577804072354,1.5202296275782472,2.3612486229504226,1.5405671543727257,2.3539429747212868,0.9671313309500442,1.9234472939164846,2.0872684265848838,0.19478886157131745
960,1.925044406186478,1.5190869902447885,2.359581606050093,1.5393898697310329,2.351855238616149,0.9666514854549869,1.9249131183379462,2.0885630000035094,0.194706638910191
961,1.9236334127678687,1.517946780427629,2.3579171450244205,1.5382146651313162,2.3497702342000273,0.9661716689948694,1.9263802566446422,2.0898602350459985,0.1946258883548006
962,1.9222248017029342,1.5168089978896961,2.356255242619287,1.5370415413844036,2.3476879638885957,0.9656918803244204,1.927848710443429,2.0911601334525822,0.19454661216783506
963,1.920818574512729,1.5156736423648607,2.354595901548435,1.535870499273621,2.3456084300635927,0.9652121181979315,1.9293184813207007,2.092462696923513,0.19446881259484233
964,1.9194147326878124,1.5145407135579319,2.3529391244934343,1.5347015395547752,2.3435316350727886,0.9647323813692632,1.9307895708423437,2.0937679271190617,0.19439249186417626
965,1.9180132776882237,1.5134102111446541,2.351284914103647,1.5335346629561377,2.3414575812299523,0.9642526685918523,1.932261980553689,2.095075825659523,0.1943176521869553
966,1.91661421094346,1.5122821347717021,2.349633272996198,1.532369870178429,2.3393862708148196,0.9637729786187115,1.9337357119794645,2.0963863941252123,0.1942442957570099
967,1.9152175338524549,1.5111564840566807,2.3479842037559404,1.5312071618948033,2.3373177060730663,0.9632933102024441,1.9352107666237548,2.097699634056475,0.19417242475083824
968,1.9138232477835566,1.5100332585881207,2.34633770893543,1.530046538750837,2.335251889216276,0.9628136620952392,1.9366871459699517,2.0990155469536855,0.19410204132755762
969,1.9124313540745081,1.5089124579254805,2.3446937910548917,1.528888001364512,2.3331888224219126,0.9623340330488855,1.9381648514807126,2.1003341342772543,0.19403314762885673
970,1.9110418540324254,1.507794081599141,2.3430524526021905,1.5277315503262034,2.3311285078332884,0.9618544218147702,1.9396438845979154,2.1016553974476326,0.19396574577894984
971,1.9096547489337785,1.506678129110408,2.3414136960328022,1.5265771861986663,2.3290709475595417,0.961374827143892,1.9411242467426142,2.1029793378453183,0.1938998378845308
972,1.9082700400243737,1.505564599931513,2.339777523769788,1.5254249095170263,2.327016143675607,0.9608952477868604,1.9426059393149997,2.104305956810863,0.19383542603472226
973,1.906887728519334,1.504453493505611,2.3381439382037654,1.5242747207887648,2.3249640982221877,0.9604156824939024,1.9440889636943537,2.1056352556448807,0.19377251230103332
974,1.9055078156030825,1.5033448092467852,2.336512941692882,1.5231266204937108,2.3229148132057342,0.9599361300148709,1.9455733212390078,2.106967235608054,0.19371109873731018
975,1.9041303024293235,1.502238546540046,2.3348845365627855,1.5219806090840284,2.320868290598414,0.95945658909925,1.947059013286303,2.108301897921145,0.19365118737969111
976,1.9027551901210278,1.5011347047413355,2.3332587251066057,1.5208366869842087,2.3188245323380916,0.9589770584961568,1.9485460411525464,2.109639243765004,0.19359278024655957
977,1.9013824797704164,1.5000332831775292,2.331635509584923,1.5196948545910605,2.316783540328302,0.9584975369543511,1.9500344061329749,2.1109792742805817,0.19353587933849706
978,1.9000121724389458,1.4989342811464408,2.330014892225748,1.518555112273701,2.3147453164382306,0.9580180232222402,1.95152410950171,2.1123219905689403,0.1934804866382401
979,1.8986442691572916,1.4978376979168244,2.3283968752244975,1.5174174603735477,2.3127098625026865,0.9575385160478818,1.953015152511723,2.113667393691264,0.19342660411062904
980,1.8972787709253356,1.4967435327283805,2.326781460743967,1.5162818992043121,2.310677180322086,0.957059014178996,1.9545075363947921,2.1150154846688727,0.19337423370256704
981,1.8959156787121532,1.495651784791761,2.3251686509143163,1.5151484290519914,2.3086472716624264,0.9565795163629633,1.9560012623614655,2.1163662644832364,0.19332337734297259
982,1.8945549934559998,1.494562453288575,2.3235584478330416,1.5140170501748635,2.306620138255272,0.9561000213468388,1.9574963316010252,2.11771973407599,0.19327403694273276
983,1.8931967160642988,1.493475537371395,2.3219508535649576,1.5128877628034814,2.3045957817977274,0.9556205278773492,1.9589927452814462,2.119075894348947,0.19322621439465967
984,1.8918408474136292,1.492391036163763,2.3203458701421753,1.5117605671406655,2.3025742039524237,0.9551410347009066,1.9604905045493612,2.1204347461641158,0.19317991157344314
985,1.8904873883497155,1.491308948760198,2.318743499564083,1.5106354633615018,2.300555406347497,0.9546615405636099,1.961989610530023,2.1217962903437164,0.19313513033560784
986,1.8891363396874192,1.4902292742262067,2.3171437437973297,1.5095124516133382,2.298539390576574,0.9541820442112502,1.9634900643272706,2.1231605276701995,0.19309187251946572
987,1.8877877022107248,1.489152011598287,2.3155466047758018,1.5083915320157781,2.2965261581987515,0.9537025443893207,1.9649918670234907,2.1245274588862606,0.19305013994507178
988,1.8864414766727349,1.4880771598839422,2.3139520844006087,1.5072727046606809,2.2945157107385823,0.9532230398430198,1.9664950196795843,2.1258970846948624,0.19300993441418052
989,1.885097663795658,1.4870047180616854,2.3123601845400654,1.5061559696121556,2.2925080496860573,0.9527435293172557,1.9679995233349326,2.1272694057592543,0.1929712577101999
990,1.8837562642708046,1.4859346850810542,2.3107709070296742,1.5050413269065632,2.290503176496594,0.9522640115566579,1.96950537900736,2.1286444227029886,0.1929341115981465
991,1.8824172787585767,1.4848670598626192,2.309184253672112,1.5039287765525147,2.288501092591019,0.9517844853055756,1.971012587693106,2.1300221361099494,0.19289849782460322
992,1.8810807078884633,1.4838018412979959,2.307600226237212,1.5028183185308683,2.286501799355556,0.9513049493080902,1.972521150366786,2.1314025465243653,0.19286441811767122
993,1.8797465522590324,1.4827390282498545,2.30601882646195,1.5017099527947306,2.284505298141811,0.9508254023080192,1.9740310679813622,2.1327856544508377,0.1928318741869295
994,1.8784148124379274,1.4816786195519354,2.304440056050432,1.5006036792694584,2.2825115902667634,0.9503458430489211,1.975542341468111,2.1341714603543624,0.19280086772338811
995,1.8770854889618613,1.48062061400906,2.3028639166738785,1.4994994978526581,2.280520677012749,0.9498662702741024,1.9770549717365906,2.1355599646603536,0.19277140039944649
996,1.875758582336612,1.4795650103971436,2.3012904099706133,1.4983974084141871,2.278532559627454,0.949386682726625,1.9785689596746114,2.136951167754669,0.1927434738688479
997,1.874434093037021,1.4785118074632115,2.2997195375460517,1.497297410796158,2.276547239323902,0.9489070791493112,1.9800843061482043,2.138345069983635,0.1927170897666368
998,1.8731120215069872,1.4774610039254117,2.2981513009726884,1.4961995048129402,2.274564717280445,0.9484274582847497,1.98160101200159,2.139741671654071,0.1926922497091143
999,1.871792368159467,1.47641259847303,2.296585701790087,1.4951036902511632,2.272584994640753,0.9479478188752998,1.9831190780571508,2.141140973033319,0.19266895529379613
1000,1.8704751333764715,1.475366589766507,2.2950227415048694,1.49400996686972,2.2706080725138085,0.9474681596631043,1.984638505115402,2.14254297434927,0.19264720809936842
1001,1.8691603175090665,1.4743229764374535,2.293462421590708,1.492918334399774,2.2686339519738965,0.9469884793900899,1.986159293954962,2.143947675790393,0.19262700968564625
1002,1.8678479208773693,1.473281757088665,2.291904743488314,1.4918287925447604,2.2666626340605966,0.9465087767979736,1.987681445332524,2.1453550775057613,0.19260836159352784
1003,1.866537943770552,1.472242930294143,2.290349708605433,1.490741340980396,2.26469411977878,0.9460290506282726,1.9892049599828296,2.146765179605085,0.19259126534495413
1004,1.8652303864468398,1.471206494599109,2.288797318316834,1.4896559793546806,2.2627284100985996,0.9455492996223058,1.9907298386186427,2.148177982158741,0.1925757224428654
1005,1.8639252491335137,1.4701724485200254,2.2872475739643043,1.488572707287909,2.2607655059554883,0.9450695225212062,1.9922560819307202,2.149593485197803,0.19256173437115928
1006,1.8626225320269112,1.469140790544612,2.285700476856643,1.4874915243726736,2.258805408250153,0.9445897180659226,1.9937836905877888,2.1510116887140738,0.19254930259464664
1007,1.8613222352924303,1.4681115191318679,2.2841560282696545,1.486412430173876,2.2568481178485706,0.9441098849972276,1.9953126652365176,2.1524325926601184,0.19253842855901332
1008,1.8600243590645318,1.4670846327120897,2.282614229446146,1.4853354242287327,2.2548936355819853,0.9436300220557234,1.9968430065014957,2.1538561969492966,0.1925291136907725
1009,1.8587289034467416,1.4660601296868911,2.2810750815959184,1.484260506046786,2.252941962246907,0.9431501279818507,1.9983747149852038,2.1552825014557957,0.19252135939722745
1010,1.8574358685116583,1.4650380084292274,2.279538585895769,1.4831876751099127,2.250993098605107,0.9426702015158911,1.999907791267994,2.1567115060146675,0.1925151670664284
1011,1.856145254300955,1.4640182672834121,2.278004743489482,1.482116930872334,2.24904704538362,0.9421902413979771,2.0014422359080655,2.1581432104218634,0.19251053806713037
1012,1.8548570608253865,1.4630009045651433,2.2764735554878315,1.4810482727606273,2.2471038032747415,0.9417102463680976,2.0029780494414404,2.159577614434267,0.1925074737487515
1013,1.853571288064795,1.4619859185615238,2.274945022968575,1.479981700173736,2.245163372936028,0.9412302151661042,2.004515232381944,2.161014717769736,0.1925059754413331
1014,1.852287935968117,1.4609733075310851,2.2734191469764555,1.478917212482983,2.2432257549903,0.940750146531718,2.0060537852211797,2.1624545201071346,0.192506044455498
1015,1.8510070044533897,1.45996306970381,2.2718959285232003,1.4778548090320807,2.241290950025639,0.9402700392045348,2.007593708428509,2.1638970210863735,0.1925076820824086
1016,1.8497284934077616,1.4589552032811592,2.27037536858752,1.4767479289838235,2.2406803288339687,0.9414757390971593,2.0067714616076477,2.162978679465066,0.1925108895937289
1017,1.8484524026874967,1.4579497064360925,2.26885746811511,1.4756247811643073,2.2406110940367268,0.9433703178379798,2.0049858754784777,2.1610983251003963,0.19251566824157837
1018,1.8471787321179887,1.4569465773130974,2.2673422280186517,1.474504478906833,2.240543783077076,0.9452658136841018,2.0032016609918375,2.159220668063976,0.19252201925849902
1019,1.8459074814937662,1.4559458140282122,2.2658296491778143,1.4733870205078876,2.2404783974972595,0.947162227096031,2.0014188185279216,2.157345707840297,0.19252994385740818
1020,1.844638650578506,1.4549474146690542,2.2643197324392585,1.4722724042280964,2.2404149388145154,0.9490595585263255,1.9996373484445849,2.155473443875099,0.19253944323156227
1021,1.8433722391050433,1.4539513772948456,2.2628124786166386,1.4711606282922496,2.240353408521065,0.9509578084195739,1.9978572510773251,2.1536038755754134,0.1925505185545162
1022,1.842108246775383,1.4529576999364409,2.261307888490606,1.47005169088933,2.2402938080841026,0.952856977212372,1.996078526739264,2.151737002309601,0.19256317098008197
1023,1.8408466732607118,1.4519663805963554,2.2598059628088145,1.4689455901725446,2.2402361389457948,0.9547570653333045,1.9943011757211306,2.1498728234074007,0.19257740164229195
1024,1.8395875182014112,1.4509774172487924,2.2583067022859264,1.467842324259352,2.2401804025232646,0.9566580732029163,1.9925251982912457,2.1480113381599697,0.19259321165535595
1025,1.8383307812070708,1.4499908078396733,2.2568101076036164,1.4667418912314951,2.2401266002085896,0.9585600012336951,1.9907505946955046,2.146152545819931,0.1926106021136248
1026,1.8370764618565023,1.4490065502866663,2.2553161794105785,1.4656442891350328,2.240074733368794,0.9604628498300474,1.9889773651573628,2.144296445601417,0.19262957409154902
1027,1.8358245596977538,1.4480246424792167,2.253824918322534,1.464549515980369,2.2400248033458428,0.9623666193882765,1.9872055098778192,2.142443036680116,0.19265012864364137
1028,1.834575074248126,1.4470450822785779,2.252336324922238,1.4634575697422907,2.239976811456637,0.9642713102965588,1.9854350290354057,2.140592318193322,0.1926722668044377
1029,1.8333280049941854,1.4460678675178409,2.2508503997594884,1.462368448359995,2.239930758993007,0.9661769229349247,1.9836659227861677,2.1387442892399773,0.19269598958845824
1030,1.832083351391784,1.4450929960019676,2.2493671433511344,1.4612821497371296,2.2398866472217103,0.9680834576752324,1.9818981912636557,2.1368989488807233,0.1927212979901686
1031,1.8308411128660742,1.4441204655078221,2.247886556181087,1.460198671741823,2.239844477384427,0.9699909148811482,1.9801318345789114,2.13505629613795,0.1927481929839412
1032,1.8296012888115256,1.4431502737842026,2.2464086387003257,1.4591180122067209,2.239804250697753,0.9718992949081235,1.9783668528204525,2.1332163299958427,0.19277667552401972
1033,1.828363878591946,1.4421824185518761,2.2449333913269154,1.4580401689290254,2.2397659683532054,0.9738085981033731,1.976603246054266,2.1313790494004365,0.19280674654447852
1034,1.8271288815404976,1.4412168975036106,2.2434608144460126,1.4569651396705277,2.239729631517211,0.9757188248058511,1.9748410143237933,2.129544453259663,0.19283840695918492
1035,1.8258962969597163,1.4402537083042097,2.241990908409879,1.4558929221576469,2.239695241331109,0.9776299753462319,1.9730801576499197,2.1277125404434014,0.19287165766176387
1036,1.824666124121534,1.4392928485905478,2.2405236735378944,1.4548235140814707,2.2396627989111493,0.9795420500468823,1.9713206760309678,2.1258833097835357,0.1929064995255581
1037,1.8234383622672956,1.4383343159716042,2.23905911011657,1.4537569130977894,2.239632305348491,0.9800376482030804,1.9695625694426826,2.124056760074,0.19294293340359256
1038,1.8222130106077832,1.4373781080284993,2.2375972183995625,1.4526931168271395,2.2396037617092017,0.9784081298961131,1.9678058378382284,2.122232890070839,0.1929809601285361
1039,1.8209900683232365,1.4364242223145318,2.236137998607688,1.4516321228548432,2.2395771690342596,0.9767826650664206,1.966050481148176,2.120411698492257,0.1930205805126658
1040,1.8197695345633746,1.435472656355214,2.2346814509289366,1.4505739287310468,2.2395525283395514,0.9751612364861725,1.964296499280497,2.1185931840186747,0.19306179534782972
1041,1.81855140844742,1.434523407648309,2.23322757551849,1.449518531970765,2.2395298406158743,0.9735438270457916,1.962543892120555,2.1167773452927836,0.19310460540541133
1042,1.81733568906412,1.4335764736638696,2.2317763724987367,1.4484659300539207,2.239509106828939,0.9719304197530616,1.9607926595310994,2.114964180919601,0.19314901143629062
1043,1.8161223754717735,1.4326318518442758,2.2303278419592876,1.4474161204253904,2.2394903279193707,0.9703209977322355,1.959042801352261,2.1131536894665306,0.19319501417081206
1044,1.8149114666982538,1.4316895396042735,2.2288819839569975,1.4463691004950445,2.239473504802711,0.968715544223168,1.957294317401543,2.1113458694634137,0.19324261431874473
1045,1.8137029617410343,1.4307495343310146,2.2274387985159794,1.4453248676377954,2.2394586383694226,0.967114042580432,1.955547207473818,2.109540719402591,0.19329181256924854
1046,1.8124968595672137,1.429811833384095,2.225998285627625,1.4442834191936378,2.2394457294848915,0.9655164762724637,1.9538014713413234,2.10773823773896,0.19334260959083974
1047,1.8112931591135428,1.4288764340955966,2.2245604452506225,1.4432447524676972,2.2394347789894318,0.9639228288807019,1.9520571087536553,2.1059384228900337,0.1933950060313543
1048,1.810091859286452,1.4279433337701277,2.223125277310981,1.4422088647302753,2.2394257876982904,0.9623330840987439,1.9503141194377684,2.104141273236,0.19344900251791045
1049,1.8088929589620786,1.4270125296848641,2.221692781702046,1.441175753216897,2.2394187564016526,0.9607472257314985,1.9485725030979697,2.102346787119782,0.1935045996568788
1050,1.8076964569862932,1.4260840190895905,2.2202629582845246,1.4401454151283561,2.239413685864645,0.9591652376943584,1.946832259415918,2.1005549628471005,0.1935617980338443
1051,1.8065023521747312,1.4251577992067432,2.218835806886504,1.439117847630766,2.2394105768273453,0.9575871040123669,1.9450933880506216,2.0987657986865327,0.19362059821357172
1052,1.8053106433128197,1.4242338672314534,2.2174113273034766,1.4380930478556062,2.2394094300047866,0.9560128088194011,1.9433558886384363,2.096979292869575,0.193681000739972
1053,1.8041213291558087,1.4233122203315893,2.215989519298362,1.4370710128997728,2.2394102460869645,0.9544423363573601,1.941619760793066,2.095195443590708,0.19374300613606893
1054,1.802934408428801,1.422392855647801,2.2145703826015315,1.4360517398256287,2.239413025738846,0.9528756709753544,1.9398850041055606,2.0934142490074565,0.1938066149039636
1055,1.801749879826783,1.4214757702935639,2.2131539169108305,1.4350352256610523,2.2394177696003763,0.9513127971289118,1.9381516181443177,2.0916357072404548,0.1938718275248013
1056,1.800567742014657,1.4205609613552248,2.2117401218916064,1.434021467399492,2.2394244782864865,0.9497536993791834,1.9364196024550842,2.0898598163735125,0.1939386444587383
1057,1.7993879936272728,1.4196484258920454,2.210328997176731,1.4330104620000155,2.2394331523871065,0.9481983623921525,1.934688956560955,2.0880865744536767,0.194007066144908
1058,1.79821063326946,1.41873816093625,2.2089205423666294,1.4320022063873636,2.2394437924671693,0.9466467709378646,1.9329596799623783,2.086315979491301,0.19407709300138876
1059,1.7970356595160624,1.41783016349307,2.2075147570293048,1.4309966974520025,2.2394563990666247,0.9450989098896485,1.931231772137154,2.084548029460107,0.19414872542516967
1060,1.79586307091197,1.4169244305407913,2.206111640700365,1.4299939320501793,2.239470972700449,0.9435547642233478,1.9295052325404412,2.0827827222972566,0.1942219637921181
1061,1.7946928659721568,1.416020959030803,2.2047111928830554,1.4289939070039752,2.2394875138586547,0.9420143190165705,1.9277800606047593,2.0810200559034167,0.19429680845694902
1062,1.793525043181712,1.4151197458876434,2.203313413048281,1.427996619101361,2.2395060230063035,0.940477559447927,1.9260562557399932,2.0792600281428273,0.19437325975319017
1063,1.7923596009958773,1.4142207880090478,2.201918300634639,1.427002065096253,2.239526500583518,0.9389444707962843,1.9243338173333966,2.0775026368433682,0.19445131799314938
1064,1.7911965378400831,1.4133240822659991,2.2005258550484488,1.426010241708568,2.2395489470054923,0.9374150384400302,1.9226127447495975,2.0757478797966327,0.19453098346788839
1065,1.7900358521099862,1.4124296255027768,2.199136075663781,1.4250211456242852,2.239573362662509,0.9358892478563305,1.9208930373306075,2.073995754757995,0.19461225644718425
1066,1.7888775421715035,1.411537414537004,2.1977489618224895,1.424034773495496,2.2395997479199474,0.9343670846204085,1.9191746943958221,2.0722462594466773,0.19469513717950082
1067,1.787721606360854,1.4106474461597012,2.196364512834241,1.4230511219404693,2.2396281031183007,0.9328485344048164,1.917457715242033,2.0704993915458267,0.1947796258919585
1068,1.7865680429845958,1.4097597171353355,2.19498272797655,1.422070187543709,2.2396584285731915,0.9313335829787199,1.915742099143433,2.0687551487025835,0.19486572279030198
1069,1.7854168503196624,1.40887422420187,2.193603606494809,1.4210919668560091,2.239690724575382,0.9298222162071892,1.9140278453516237,2.0670135285281512,0.19495342805886937
1070,1.7842680266134068,1.4079909640708193,2.192227147602324,1.4201164563945208,2.239724991390794,0.9283144200504928,1.9123149530956267,2.065274528597875,0.19504274186056267
1071,1.783121570083638,1.4071099334272978,2.1908533504803462,1.4191436526428083,2.239761229260523,0.9268101805633969,1.9106034215818892,2.063538146451308,0.19513366433681584
1072,1.781977478918663,1.4062311289300744,2.189482214278107,1.4181735520509116,2.2397994384008535,0.9253094838944738,1.9088932499942963,2.06180437959229,0.19522619560756635
1073,1.7808357512773285,1.4053545472116256,2.188113738112856,1.4172061510354097,2.239839619003277,0.9238123162854152,1.907184437494181,2.060073225489021,0.19532033577122368
1074,1.7796963852890606,1.4044801848781874,2.1867479210698906,1.4162414459794825,2.2398817712345083,0.922318664070344,1.9054769832203329,2.0583446815741326,0.19541608490464174
1075,1.77855937905391,1.4036080385098115,2.1853847622025993,1.415279433232974,2.239925895236505,0.9208285136751467,1.9037708862890124,2.0566187452447684,0.19551344306308635
1076,1.7774247306425925,1.4027381046604188,2.184024260532493,1.4143201091124566,2.2399719911264837,0.9193418516167934,1.9020661457939612,2.054895413862656,0.19561241028020798
1077,1.7762924380965333,1.4018703798578531,2.1826664150492445,1.4133634699012956,2.2400200589969392,0.9178586645026772,1.9003627608064138,2.053174684754186,0.19571298656801522
1078,1.7751624994279107,1.4010048606039394,2.181311224710728,1.4124095118497144,2.2400700989156648,0.9163789390299527,1.8986607303751124,2.0514565552104873,0.19581517191683973
1079,1.774034912619702,1.400141543374538,2.1799586884430546,1.4114582311748614,2.240122110925771,0.9149026619848796,1.8969600535263207,2.0497410224875074,0.19591896629531405
1080,1.7729096756257254,1.3992804246195996,2.1786088051406143,1.410509624060873,2.2401760950457046,0.9134298202421761,1.895260729263835,2.0480280838060856,0.19602436965033784
1081,1.771786786370689,1.3984215007632255,2.1772615736661134,1.4095636866589456,2.2402320512692713,0.9119604007643692,1.8935627565690019,2.0463177363520373,0.1961313819070557
1082,1.7706662427502355,1.3975647682037224,2.175916992850616,1.4086204150873995,2.240289979565655,0.9104943906011598,1.891866134400733,2.0446099772762296,0.1962400029688233
1083,1.7695480426309875,1.3967102233136606,2.1745750614935844,1.4076798054317483,2.2403498798794406,0.9090317768887859,1.8901708616955186,2.0429048036946615,0.19635023271718427
1084,1.768432183850598,1.3958578624399332,2.173235778362923,1.4067418537447693,2.240411752130636,0.9075725468493945,1.8884769373674477,2.041202212688547,0.19646207101184082
1085,1.7673186642177956,1.395007681903814,2.171899142195016,1.4058065560465705,2.240475596214692,0.906116687790418,1.8867843603082222,2.039502201304392,0.19657551769062645
1086,1.766207481512433,1.3941596780010164,2.1705651516947726,1.404873908324662,2.240541412002529,0.9046641871039508,1.8850931293871733,2.037804766554077,0.1966905725694806
1087,1.7650986334855365,1.393313847001754,2.1692338055356704,1.4039439065340271,2.2406091993405575,0.9032150322661405,1.8834032434512835,2.0361099054149405,0.19680723544241974
1088,1.7639921178593567,1.3924701851508006,2.167905102359799,1.4031363502798706,2.2403328803281872,0.9019959911314726,1.882135809214875,2.0348387227195324,0.19692550608151196
1089,1.7628879323274154,1.391628688667549,2.1665790407779033,1.4026704481283074,2.2390784775820265,0.9014204766374515,1.8820628566113493,2.034763246507419,0.19704538423685328
1090,1.7617860745545588,1.3907893537460756,2.1652556193694283,1.4022065025968957,2.2378268355903734,0.9008445707870057,1.8819912454000103,2.034690334632065,0.1971668696365364
1091,1.7606865421770066,1.3899521765551968,2.163934836682566,1.4017445108139204,2.236577952582037,0.9002682737177642,1.8819209743386258,2.034619983933466,0.1972899619866309
1092,1.7595893328024057,1.3891171532385365,2.1626166912343017,1.401284469882588,2.2353318267531783,0.8996915855755846,1.8818520421627132,2.0345521912174904,0.1974146609711527
1093,1.7584944440098798,1.388284279914584,2.1613011815104572,1.4008263768810771,2.2340884562673566,0.8991145065145636,1.8817844475855563,2.034486953255965,0.1975409662520424
1094,1.7574018733500845,1.3874535526767604,2.1599883059657436,1.4003702288625988,2.23284783925558,0.8985370366970447,1.8817181892982318,2.0344242667867634,0.19766887746913905
1095,1.7563116183452574,1.3866249675934776,2.158678063023802,1.3999160228554488,2.231609973816352,0.8979591762936214,1.8816532659696268,2.0343641285138854,0.1977983942401541
1096,1.7552236764892755,1.3857985207082066,2.157370451077258,1.39946375586307,2.230374858015722,0.8973809254831511,1.8815896762464666,2.034306535107552,0.19792951616065046
1097,1.7541380452477062,1.3849742080395386,2.1560654684877676,1.3990134248641064,2.2291424898873347,0.8968022844527557,1.8815274187533344,2.0342514832042853,0.19806224280401472
1098,1.753054722057864,1.3841520255812514,2.1547631135860668,1.3985650268124625,2.2279128674324835,0.8962232533978313,1.8814664920926982,2.0341989694069995,0.19819657372143457
1099,1.751973704328865,1.383331969302373,2.153463384672022,1.3981185586373628,2.2266859886201575,0.8956438325220544,1.8814068948449338,2.034148990285089,0.19833250844187653
1100,1.750894989441682,1.3825140351472476,2.1521662800146792,1.3976740172434088,2.225461851387096,0.8950640220373863,1.8813486255683496,2.034101542374514,0.19847004647205982
1101,1.749818574749203,1.3816982190356029,2.1508717978523175,1.3972313995106411,2.2242404536378424,0.8944838221640803,1.8812916827992148,2.0340566221778937,0.19860918729643615
1102,1.748744457576285,1.3808845168626138,2.149579936392499,1.396790702294598,2.2230217932447927,0.8939032331306872,1.8812360650517823,2.034014226164591,0.198749930377163
1103,1.747672635219814,1.3800729244989725,2.14829069381212,1.3963519224263767,2.2218058680482526,0.8933222551740606,1.881181770818319,2.033974350770807,0.1988922751540849
1104,1.7466031049487618,1.3792634377909525,2.1470040682574676,1.3959150567126941,2.220592675856491,0.8927408885393622,1.88112879856913,2.033936992399668,0.19903622104470947
1105,1.7455358640042435,1.3784560525604785,2.145720057844267,1.3954801019359482,2.219382214445794,0.8921591334800637,1.8810771467525886,2.033902147421318,0.19918176744418503
1106,1.7444709095995783,1.3776507646051943,2.1444386606577415,1.395047054854281,2.2181744815605198,0.8915769902579574,1.8810268137951645,2.0338698121730094,0.1993289137252772
1107,1.7434082389203471,1.3768475696985298,2.143159874752662,1.3946159122016397,2.2169694749131557,0.8909944591431549,1.8809777981014526,2.033839982959196,0.19947765923835117
1108,1.7423478491244542,1.3760464635897731,2.1418836981534057,1.3941866706878412,2.2157671921843747,0.890411540414094,1.8809300980542016,2.0338126560516234,0.19962800331134714
1109,1.7412897373421856,1.3752474420041358,2.140610128854008,1.3937593269986333,2.214567631023091,0.8898282343575415,1.880883712014346,2.033787827689423,0.19977994524976042
1110,1.7402339006762715,1.374450500642826,2.13933916481822,1.3933338777957607,2.213370789046517,0.8892445412685973,1.8808386383210356,2.033765494079206,0.19993348433662114
1111,1.739180336201948,1.3736556351831184,2.138070803979567,1.3929103197170294,2.212176663840225,0.888660461450697,1.880794875291667,2.033745651395154,0.2000886198324713
1112,1.7381290409670176,1.3728628412784232,2.136805044241401,1.3924886493763693,2.210985252958201,0.888075995215617,1.8807524212219155,2.033728295779118,0.20024535097534862
1113,1.7370800119919125,1.3720721145583585,2.135541883476964,1.3920688633639013,2.2097965539229083,0.887491142883475,1.8807112743857666,2.033713423340708,0.2004036769807622
1114,1.7360332462697583,1.3712834506288227,2.134281319529441,1.3916509582460035,2.2086105642253435,0.8869059047827339,1.8806714330355505,2.033701030157392,0.2005635970416764
1115,1.734988740766436,1.3704968450720638,2.133023350212021,1.3912349305653753,2.2074272813251,0.8863202812502021,1.880632895401974,2.0336911122745884,0.20072511032848828
1116,1.7339464924206465,1.3697122934467545,2.1317679733079555,1.3908207768411063,2.206246702650426,0.8857342726310382,1.8805956596941549,2.0336836657057646,0.20088821598901124
1117,1.732906498143976,1.3689297912880638,2.1305151865706202,1.3904084935687413,2.2050688255982873,0.885147879278753,1.8805597240996572,2.033678686432532,0.2010529131484537
1118,1.7318687548209595,1.3681493341077304,2.1292649877235723,1.38999807722035,2.2038936475344304,0.8845611015552075,1.8805250867845253,2.0336761704047426,0.20121920090940243
1119,1.7308332593091476,1.3673709173941364,2.128017374460612,1.3895895242445935,2.2027211657934425,0.8839739398306165,1.88049174589332,2.033676113540588,0.20138707835180333
1120,1.7298000084391714,1.3665945366123813,2.1267723444458464,1.389182831066793,2.2015513776788165,0.8833863944835507,1.880459699549154,2.0336785117266953,0.20155654453294367
1121,1.7287689990148094,1.3658201872043563,2.125529895313747,1.388777994089,2.2003842804630134,0.8827984659009346,1.8804289458537293,2.033683360818226,0.2017275984874336
1122,1.7277402278130547,1.36504786458882,2.124290024669216,1.388375009690063,2.199219871387527,0.882210154478051,1.8803994828873747,2.033690656638974,0.2019002392271884
1123,1.7267136915841816,1.3642775641614722,2.1230527300876454,1.3879738742257,2.1980581476629473,0.8816214606185356,1.8803713087090819,2.0337003949814663,0.20207446574141424
1124,1.7256893870518148,1.3635092812950316,2.1218180091149854,1.3875745840285671,2.1968991064690297,0.8810323847343832,1.8803444213565466,2.033712571607062,0.20225027699658749
1125,1.724667310912997,1.3627430113393104,2.120585859267803,1.3871771354083313,2.195742744954755,0.8804429272459416,1.8803188188462046,2.03372718224605,0.20242767193643904
1126,1.723647459838257,1.3619787496212905,2.1193562780333486,1.3867815246517379,2.1945890602383993,0.8798530885819149,1.8802944991732715,2.0337442225977513,0.2026066494819399
1127,1.7226298304716807,1.361216491445202,2.118129262869622,1.3863877480226854,2.1934380494076007,0.8792628691793615,1.8802714603117852,2.0337636883306214,0.2027872085312843
1128,1.7216144194309804,1.3604562320926001,2.1169048112054374,1.3859958017622969,2.1922897095194256,0.8786722694836924,1.8802497002146437,2.0337855750823466,0.2029693479598703
1129,1.720601223307564,1.3596979668224412,2.1156829204404866,1.3856056820889906,2.191144037600436,0.8780812899486712,1.8802292168136456,2.0338098784599503,0.2031530666202914
1130,1.719590238666608,1.3589416908711631,2.114463587945409,1.3852173851985556,2.190001030646761,0.8774899310364093,1.8802100080195356,2.0338365940398937,0.20333836334231492
1131,1.7185814620471263,1.358187399452762,2.1132468110618574,1.3848309072642226,2.188860685624161,0.8768981932173695,1.8801920717220413,2.033865717368176,0.20352523693287022
1132,1.717574889962044,1.3574350877588728,2.112032587102564,1.38444624443674,2.1877229994681016,0.8763060769703566,1.8801754057899198,2.03389724396044,0.20371368617603314
1133,1.716570518898269,1.3566847509588473,2.1108209133514113,1.384063392844446,2.1865879690838206,0.8757135827825223,1.8801600080709997,2.0339311693020745,0.20390370983301231
1134,1.7155683453167638,1.3559363841998346,2.109611787063497,1.3836823485933443,2.1854555913464004,0.8751207111493563,1.8801458763922232,2.033967488848317,0.204095306642135
1135,1.71456836565262,1.3551899826068596,2.108405205465206,1.3833031077671785,2.1843258631008373,0.8745274625746874,1.8801330085596921,2.0340061980243584,0.20428847531883265
1136,1.713570576315131,1.3544455412829062,2.1072011657542777,1.382925666427509,2.183198781162115,0.8739338375706771,1.8801214023587123,2.034047292225448,0.20448321455562868
1137,1.712574973687867,1.353703055308996,2.105999665099877,1.3825500206137866,2.182074342315275,0.8733398366578184,1.8801110555538385,2.034090766816998,0.2046795230221251
1138,1.711581554128749,1.35296251974427,2.1048007006426666,1.3821761663434309,2.180952543315489,0.8727454603649335,1.8801019658889204,2.034136617134687,0.20487739936498772
1139,1.7105903139701235,1.3522239296260714,2.103604269494873,1.3818040996119065,2.1798333808881347,0.8721507092291623,1.8800941310871486,2.034184838484569,0.20507684220793726
1140,1.709601249518839,1.3514872799700255,2.1024103687403626,1.3814338163927988,2.178716851728866,0.8715555837959664,1.880087548851102,2.034235426143176,0.2052778501517335
1141,1.7086143570563208,1.3507525657701236,2.1012189954347114,1.3810653126378927,2.177602952503689,0.8709600846191204,1.8800822168627938,2.0342883753576264,0.2054804217741669
1142,1.7076296328386489,1.3500197819988058,2.100030146605279,1.3806985842772517,2.1764916798490366,0.8703642122607065,1.8800781327837222,2.034343681345732,0.20568455563004429
1143,1.7066470730966332,1.3492889236070433,2.098843819251279,1.3803336272192932,2.175383030371843,0.8697679672911108,1.8800752942549155,2.0344013392961022,0.20589025025117733
1144,1.705666674035892,1.3485599855244228,2.097660010343854,1.3799704373508705,2.1742770006496186,0.8691713502890175,1.8800736988969833,2.0344613443682555,0.20609750414637487
1145,1.704688431836929,1.3478329626592291,2.0964787168261503,1.3796090105373497,2.173173587230529,0.8685743618414017,1.880073344310165,2.034523691692725,0.20630631580142927
1146,1.7037123426552137,1.3471078498985318,2.095299935613391,1.3792493426226917,2.1720727866334686,0.8679770025435252,1.8800742280743812,2.0345883763711674,0.2065166836791061
1147,1.7027384026212558,1.3463846421082666,2.0941236635929505,1.3788914294295282,2.1709745953481394,0.8673792729989297,1.8800763477492806,2.0346553934764704,0.20672860621913672
1148,1.7017666078406883,1.345663334133323,2.0929498976244303,1.3785352667592468,2.1698790098351273,0.8667811738194289,1.8800797008742955,2.0347247380528635,0.2069420818382053
1149,1.7007969543943462,1.344943920797629,2.091778634539735,1.378180850392069,2.168786026525982,0.8661827056251019,1.8800842849686916,2.034796405116027,0.2071571089299418
1150,1.6998294383383452,1.3442263969042358,2.09060987114315,1.3778281760871318,2.167695641823295,0.8655838690442883,1.8800900975316186,2.0348703896532,0.20737368586491112
1151,1.6988640557041632,1.3435107572354055,2.0894436042114135,1.3774772395825705,2.166607852100778,0.8649846647135765,1.8800971360421643,2.0349466866232926,0.20759181099060622
1152,1.6979008024987212,1.342796996552696,2.0882798304938,1.3771280365955987,2.1655226537033427,0.8643850932778002,1.880105397959408,2.035025290956995,0.20781148263143817
1153,1.6969396747044638,1.3420851095970485,2.087118546712192,1.3767805628225922,2.1644400429471813,0.8637851553900273,1.880114880722473,2.035106197556889,0.20803269908872862
1154,1.6959806682794423,1.3413750910888753,2.085959749561163,1.3764348139391718,2.1633600161198476,0.863184851711552,1.880125581750581,2.035189401297558,0.20825545864070258
1155,1.695023779157396,1.3406669357281464,2.0848034357080527,1.3760907856002857,2.1622825694803365,0.8625841829118893,1.8801374984431083,2.035274897025701,0.208479759542479
1156,1.6940690032478356,1.339960638194478,2.0836496017930486,1.3757484734402938,2.161207699259168,0.8619831496687609,1.8801506281796387,2.0353626795602415,0.20870560002606595
1157,1.6931163364361246,1.3392561931472198,2.0824982444292623,1.3754078730730512,2.160135401658466,0.8613817526680893,1.8801649683200197,2.0354527436924403,0.20893297830035276
1158,1.692165774583565,1.3385535952255452,2.0813493602028137,1.3750689800919924,2.1590656728520443,0.8607799926039886,1.88018051620442,2.035545084186009,0.20916189255110212
1159,1.6912173135274808,1.3378528390485394,2.0802029456729083,1.3747317900702183,2.1579985089854876,0.8601778701787521,1.880197269153386,2.0356396957772245,0.20939234094094744
1160,1.6902709490812997,1.3371539192152866,2.079058997371918,1.3743962985605758,2.156933906176233,0.8595753861028465,1.880215224467896,2.0357365731750363,0.20962432160938327
1161,1.6893266770346418,1.3364568303049635,2.077917511805464,1.3730339616765805,2.1552183388539303,0.8609143722182285,1.8786413957203953,2.0342427273521593,0.20985783267276176
1162,1.6883844931534027,1.3357615668769276,2.076778485452499,1.371434692466865,2.153353443792055,0.8627089051410112,1.8766989640923373,2.0323813368826698,0.21009287222428707
1163,1.687444393179839,1.3350681234708062,2.075641914765387,1.3698372692952328,2.1514909101523805,0.8645087532881859,1.8747577266159479,2.0305221961838265,0.2103294383340114
1164,1.686506372832655,1.3343764946065884,2.0745077961699883,1.3682416871925778,2.1496307344560543,0.8663139355249722,1.872817680514526,2.028665299856424,0.21056752904882767
1165,1.6855704278070893,1.3336866747847167,2.073376126065741,1.366647941168425,2.147772913198316,0.8681244707864237,1.8708788229920983,2.026810642474505,0.21080714239246964
1166,1.6846365537750003,1.3329986584861757,2.0722469008257454,1.365056026211023,2.145917442848567,0.8699403780777485,1.868941151233479,2.024958218585473,0.2110482763655033
1167,1.6837047463849562,1.3323124401725883,2.071120116796849,1.36346593728744,2.14406431985046,0.8717616764746244,1.8670046624043324,2.023108022710212,0.21129092894532817
1168,1.6827750012623186,1.3316280142863017,2.069995770299728,1.3618776693436558,2.142213540621969,0.8735883851235178,1.86506935365123,2.0212600493431943,0.21153509808616855
1169,1.6818473140093362,1.330945375250486,2.0688738576289762,1.3602912173046608,2.140365101555476,0.8754205232420057,1.8631352221017186,2.019414292952608,0.2117807817190782
1170,1.680921680205227,1.3302645174692218,2.067754375053186,1.3587065760745465,2.138518999017848,0.8772581101190987,1.861202264864375,2.017570747980461,0.2120279777519293
1171,1.6799980954062723,1.3295854353275964,2.0666373188150375,1.357123740536606,2.1366752293505193,0.8791011651155635,1.8592704790288759,2.015729408842708,0.2122766840694168
1172,1.6790765551459037,1.3289081231917947,2.065522685131384,1.3555427055534268,2.1348337888695714,0.8809497076642548,1.8573398616660557,2.01389026992936,0.2125268985330531
1173,1.6781570549347928,1.3282325754091957,2.0644104701933372,1.3539634659669895,2.1329946738658165,0.8828037572704389,1.8554104098279738,2.0120533256046076,0.2127786189811688
1174,1.6772395902609423,1.327558786308464,2.0633006701663557,1.3523860165987642,2.1311578806048788,0.8846633335121258,1.8534821205479752,2.0102185702069333,0.21303184322891103
1175,1.6763241565897755,1.3268867501996444,2.062193281190331,1.3508103522498067,2.129323405327276,0.8865284560404029,1.8515549908407591,2.008385998049232,0.21328656906823942
1176,1.6754107493642283,1.3262164613742584,2.061088299379678,1.349236467700859,2.127491244248505,0.888399144579767,1.8496290177024417,2.0065556034189305,0.2135427942679325
1177,1.674499364004839,1.3255479141053965,2.0599857208234207,1.3476643577124432,2.1256613935591218,0.8902754189284656,1.8477041981106215,2.004727380578102,0.2138005165735796
1178,1.6735899959098408,1.3248811026478147,2.058885541585281,1.3460940170249631,2.1238338494248277,0.89215729895883,1.845780529024446,2.002901323763588,0.2140597337075885
1179,1.6726826404552555,1.324216021238031,2.057787757703771,1.344525440358804,2.1220086079865537,0.8940448046176179,1.8438580073846806,2.0010774271871172,0.21432044336917985
1180,1.6717772929949828,1.3235526640944195,2.056692365192278,1.3429586224144279,2.1201856653605433,0.8959379559263575,1.8419366301137712,1.9992556850354226,0.21458264323439316
1181,1.6708739488608952,1.3228910254173072,2.055599360039159,1.3413935578724763,2.1183650176384394,0.8978367729816891,1.8400163941159153,1.9974360914703633,0.2148463309560846
1182,1.6699726033629316,1.3222310993890711,2.054508738207826,1.339830241393869,2.1165466608873684,0.8997412759557137,1.838097296277129,1.9956186406290428,0.2151115041639306
1183,1.669073251789189,1.3215728801742346,2.0534204956368427,1.338268667619905,2.1147305911500265,0.9016514850963417,1.836179333465315,1.9938033266239306,0.2153781604644294
1184,1.6681758894060188,1.3209163619195639,2.0523346282400117,1.3367088311723616,2.1129168044447666,0.903567420727644,1.8342625025303323,1.9919901435429812,0.21564629744090302
1185,1.6672805114581188,1.3202615387541659,2.0512511319064655,1.335150726653597,2.111105296765684,0.9054891032502013,1.8323468003040653,1.990179085449755,0.21591591265350038
1186,1.6663871131686299,1.319608404789586,2.050170002500762,1.3335943486466513,2.109296064082703,0.9074165531414632,1.8304322236004937,1.98837014638354,0.2161870036392006
1187,1.6654956897392303,1.3189569541199062,2.0490912358629743,1.332039691715347,2.1074891023416678,0.909349790956105,1.8285187692157632,1.9865633203594717,0.21645956791181584
1188,1.6646062363502319,1.3183071808218436,2.0480148278087844,1.3304867504043933,2.105684407464425,0.9112888373263844,1.8266064339282566,1.984758601368657,0.21673360296199642
1189,1.663718748160674,1.3176590789548475,2.0469407741295766,1.328935519239487,2.103881975348916,0.9132337129625043,1.8246952144986641,1.9829559833782922,0.2170091062572333
1190,1.662833220308422,1.3170126425611994,2.0458690705925298,1.3273859927274136,2.1020818018692644,0.9151844386529772,1.8227851076700556,1.9811554603317878,0.21728607524186438
1191,1.6619496479102625,1.3163678656661126,2.0447997129407125,1.325838165356154,2.1002838828758637,0.9171410352649897,1.8208761101679547,1.9793570261488902,0.21756450733707736
1192,1.6610680260620012,1.3157247422778309,2.0437326968931786,1.3242920315949855,2.098488214195469,0.9191035237447719,1.8189682187004088,1.9775606747258037,0.21784439994091712
1193,1.6601883498385595,1.3150832663877283,2.0426680181450596,1.322747585894587,2.0966947916312857,0.9210719251179654,1.8170614299580632,1.9757663999353126,0.21812575042829052
1194,1.659310614294072,1.314443431970409,2.04160567236766,1.3212048226871402,2.0949036109630588,0.9230462604899977,1.8151557406142356,1.973974195626905,0.21840855615097185
1195,1.6584348144619852,1.3138052329838086,2.0405456552085552,1.319663736386438,2.0931146679471655,0.9250265510464569,1.8132511473249893,1.9721840556268964,0.21869281443761032
1196,1.6575609453551554,1.3131686633692925,2.0394879622916853,1.318124321387986,2.091327958316703,0.9270128180534685,1.8113476467292087,1.970395973738552,0.2189785225937354
1197,1.6566890019659486,1.31253371705176,2.0384325892174524,1.3165865720691103,2.089543477781586,0.9290050828580714,1.8094452354486732,1.9686099437422113,0.21926567790176626
1198,1.6558189792663371,1.3119003879397422,2.0373795315628156,1.3150504827890601,2.0877612220286283,0.9310033668886064,1.8075439100881332,1.9668259593954112,0.21955427762101704
1199,1.6549508722080013,1.3112686699255054,2.036328784881391,1.3135160478891148,2.085981186721645,0.9330076916550962,1.8056436672353862,1.96504401443301,0.21984431898770493
1200,1.6540846757224283,1.310638556885152,2.0352803447035464,1.311983261692691,2.08420336750154,0.9350180787496286,1.8037445034613535,1.963264102567313,0.22013579921495968
1201,1.6532203847210132,1.3100100426787231,2.034234206536501,1.310452118505448,2.082427759986399,0.9370345498467505,1.8018464153201565,1.961486217488197,0.22042871549283238
1202,1.652357994095157,1.3093831211502993,2.033190365864421,1.3089226126153932,2.080654359771583,0.9379000506086876,1.7999493993491935,1.959710352863233,0.22072306498830277
1203,1.6514974987163702,1.3087577861281048,2.032148818148522,1.3073947382929911,2.0788831624298227,0.9376563657838064,1.7980534520692188,1.9579365023378128,0.2210188448452888
1204,1.6506388934363727,1.308134031424609,2.031109558827165,1.3058684897912705,2.077114163511311,0.9374127493193476,1.7961585699844194,1.9561646595352746,0.22131605218465883
1205,1.6497821730871953,1.3075118508366308,2.030072583315955,1.3043438613459302,2.0753473585437994,0.937169202351734,1.7942647495824948,1.9543948180570283,0.22161468410423965
1206,1.6489273324812814,1.3068912381454398,2.0290378870078447,1.3028208471754485,2.073582743032689,0.9369257260171562,1.7923719873347357,1.9526269714826798,0.2219147376788264
1207,1.6480743664115889,1.3062721871168617,2.0280054652732287,1.301299441481192,2.0718203124611296,0.9366823214515614,1.7904802796961024,1.9508611133701579,0.22221620996019564
1208,1.6472232696516944,1.3056546915013816,2.02697531346005,1.2997796384475235,2.0700600622901137,0.9364389897906495,1.7885896231053076,1.9490972372558422,0.22251909797711517
1209,1.6463740369558932,1.3050387450342478,2.0259474268938957,1.2982614322419095,2.0683019879585696,0.9361957321698645,1.786700013984893,1.9473353366546853,0.2228233987353561
1210,1.6455266630593044,1.3044243414355754,2.0249218008781003,1.2967448170150309,2.0665460848834605,0.93595254972439,1.7848114487413125,1.9455754050603424,0.2231291092177048
1211,1.644681142677973,1.3038114744104516,2.0238984306938455,1.2952297869008922,2.0647923484598802,0.9357094435891398,1.7829239237650123,1.9438174359452967,0.22343622638397564
1212,1.6438374705089762,1.3032001376490423,2.022877311600266,1.2937163360169317,2.063040774061149,0.9354664148987554,1.781037435430515,1.9420614227609883,0.2237447471710236
1213,1.642995641230524,1.302590324826693,2.021858438834546,1.292204458464131,2.061291357038912,0.9352234647875959,1.7791519800964983,1.9403073589379383,0.22405466849275685
1214,1.6421556495020657,1.3019820296040379,2.020841807612026,1.2906941483271244,2.059544092723235,0.9349805943897321,1.777267554105879,1.9385552378858777,0.22436598724015172
1215,1.6413174899643943,1.301375245627103,2.0198274131263028,1.2891853996743112,2.0577989764227045,0.9347378048389406,1.7753841537858963,1.9368050529938754,0.22467870028126666
1216,1.6404811572397509,1.300769966527413,2.0188152505493338,1.2876782065579657,2.0560560034245223,0.9344950972686981,1.773501775448194,1.9350567976304638,0.22499280446125414
1217,1.639646645931931,1.3001661859220977,2.017805315031541,1.2861725630143486,2.0543151689946075,0.9342524728121726,1.7716204153889064,1.9333104651437698,0.22530829660237908
1218,1.6388139506263888,1.299563897413996,2.0167976017019127,1.284668463063818,2.052576468377694,0.9340099326022175,1.7697400698887396,1.9315660488616393,0.22562517350403055
1219,1.637983065890345,1.2989630945917665,2.0157921056681105,1.283165900710943,2.050839896797428,0.9337674777713677,1.7678607352130582,1.9298235420917687,0.22594343194274127
1220,1.6371539862728908,1.2983637710299896,2.014788822016571,1.281664869944613,2.049105449456471,0.9335251094518278,1.7659824076119708,1.9280829381218312,0.22626306867219878
1221,1.6363267063050957,1.297765920289277,2.0137877458126114,1.2801653647381517,2.0473731215365953,0.9332828287754701,1.7641050833204115,1.9263442302196048,0.22658408042326647
1222,1.6355012205001145,1.2971695359163786,2.0127888721005354,1.2786673790494296,2.045642908198787,0.9330406368738271,1.7622287585582312,1.9246074116331038,0.22690646390399682
1223,1.6346775233532933,1.2965746114442898,2.011792195903738,1.2771709068209762,2.0439148045833453,0.9327985348780825,1.7603534295302796,1.9228724755907045,0.2272302157996501
1224,1.6338556093422785,1.295981140392359,2.010797712224811,1.275675941980094,2.0421888058099844,0.9325565239190673,1.7584790924264941,1.921139415301278,0.22755533277271345
1225,1.6330354729271233,1.295389116266395,2.0098054160456496,1.2741824784389715,2.040464906977933,0.9323146051272534,1.7566057434219864,1.919408223954315,0.227881811462914
1226,1.6322171085503954,1.2947985325587763,2.0088153023275566,1.272690510094796,2.0387431031660355,0.9320727796327425,1.7547333786771282,1.917678894720059,0.22820964848724393
1227,1.631400510637287,1.2942093827485581,2.007827366011354,1.2712000308298699,2.037023389432857,0.9318310485652667,1.7528619943376424,1.915951420749634,0.22853884043997316
1228,1.6305856735957205,1.2936216603015804,2.0068416020174826,1.2697110345117206,2.0353057608167786,0.931589413054177,1.7509915865346872,1.9142257951751733,0.2288693838926722
1229,1.6297725918164607,1.2930353586705796,2.0058580052461172,1.2682235149932202,2.033590212336108,0.9313478742284363,1.7491221513849484,1.9125020111099522,0.22920127539423016
1230,1.6289612596732215,1.2924504712952938,2.004876570577268,1.2667374661126964,2.0318767389891765,0.9311064332166157,1.7472536849907274,1.9107800616485167,0.22953451147087528
1231,1.628151671522776,1.2918669916025742,2.0038972928708914,1.2652528816940487,2.030165335754442,0.9308650911468874,1.7453861834400286,1.9090599398668122,0.2298690886261957
1232,1.627343821705066,1.2912849130064936,2.0029201669669976,1.2637697555468637,2.0284559975905947,0.9306238491470163,1.7435196428066515,1.9073416388223157,0.23020500334115873
1233,1.6265377045433127,1.2907042289084567,2.0019451876857595,1.2626689623948057,2.0269460723378003,0.9306061237793087,1.7412442142552034,1.9052153066590887,0.23054225207413345
1234,1.6257333143441257,1.2901249326973083,2.0009723498276197,1.2622398594604465,2.025785666861984,0.9309820186812805,1.7382484117110844,1.9023694542778034,0.23088083126091263
1235,1.6249306453976144,1.289547017749445,2.000001648173402,1.2618120408853277,2.0246274923478516,0.9313584682400222,1.7352535582213549,1.8995254016966479,0.23122073731473228
1236,1.6241296919774983,1.2889704774289243,1.9990330774844196,1.2613855010019084,2.0234715430005923,0.9317354746364997,1.7322596498038982,1.8966831419005306,0.23156196662629708
1237,1.6233304483412183,1.2883953050875758,1.9980666325025838,1.2609602341301964,2.0223178130046526,0.9321130400568705,1.729266682462846,1.8938426678565436,0.2319045155638019
1238,1.622532908730047,1.28782149406511,1.997102307950515,1.2605362345778555,2.021166296523849,0.9324911666924959,1.7262746521886698,1.891003972514094,0.2322483804729541
1239,1.6217370673692024,1.287249037689232,1.9961400985316538,1.2601134966403136,2.0200169877014877,0.9328698567399452,1.7232835549582768,1.888167048805038,0.23259355767699946
1240,1.620942918467957,1.2866779292757493,1.995179998930369,1.2596920146008717,2.018869880660475,0.9332491124010128,1.720293386735099,1.8853318896438092,0.23294004347674407
1241,1.6201504562197513,1.2861081621286847,1.9942220038120704,1.2592717827308106,2.017724969503437,0.9336289358827209,1.7173041434691885,1.882498487927552,0.2332878341505796
1242,1.6193596748023062,1.2855397295403876,1.9932661078233196,1.2588527952895032,2.016582248312835,0.9340093293973357,1.714315821097311,1.8796668365362528,0.2336369259545083
1243,1.618570568377735,1.2849726247916449,1.9923123055919398,1.258435046524519,2.015441711151081,0.9343902951623705,1.7113284155430382,1.8768369283328712,0.23398731512216897
1244,1.6177831310926565,1.2844068411517928,1.9913605917271302,1.258018530671738,2.0143033520606592,0.9347718354006006,1.7083419227168442,1.8740087561634737,0.23433899786486118
1245,1.6169973570783067,1.2838423718788283,1.9904109608195735,1.257603241955455,2.0131671650642344,0.9351539523400718,1.7053563385161972,1.8711823128573621,0.23469197037157224
1246,1.6162132404506553,1.2832792102195232,1.9894634074415531,1.2571891745884947,2.01203314416478,0.935536648214108,1.7023716588256592,1.8683575912272115,0.23504622880900425
1247,1.6154307753105153,1.2827173494095332,1.9885179261470622,1.2567763227723168,2.0109012833456874,0.9359199252613255,1.6993878795169757,1.8655345840691961,0.2354017693216006
1248,1.6146499557436595,1.2821567826735136,1.9875745114719174,1.2563646806971287,2.0097715765708895,0.9363037857256381,1.6964049964491759,1.8627132841631264,0.2357585880315727
1249,1.613870775820933,1.2815975032252283,1.9866331579338707,1.255954242541994,2.008644017784975,0.9366882318562717,1.6934230054686665,1.8598936842725795,0.23611668103892894
1250,1.613093229598368,1.2810395042676657,1.9856938600327245,1.2555450024749453,2.0075186009133112,0.9370732659077717,1.6904419024093278,1.8570757771450312,0.23647604442150275
1251,1.612317311117299,1.2804827789931512,1.9847566122504436,1.255136954653092,2.0063953198621602,0.9374588901400113,1.6874616830926135,1.8542595555119916,0.23683667423498023
1252,1.6115430144044744,1.2799273205834565,1.9838214090512682,1.2547300932227312,2.005274168518798,0.9378451068182064,1.684482343327642,1.851445012089133,0.23719856651293092
1253,1.6107703334721764,1.2793731222099192,1.9828882448818312,1.2543244123194621,2.0041551407516356,0.9382319182129238,1.6815038789113004,1.8486321395764282,0.2375617172668355
1254,1.609999262318331,1.2788201770335506,1.9819571141712675,1.2539199060682926,2.0030382304103385,0.9386193266000874,1.6785262856283383,1.84582093065828,0.2379261224861172
1255,1.609229794926627,1.278268478205152,1.9810280113313328,1.2535165685837533,2.0019234313259453,0.9390073342609957,1.6755495592514673,1.8430113780036559,0.23829177813817115
1256,1.6084619252666292,1.2777180188654282,1.980100930756515,1.2531143939700082,2.0008107373109896,0.9393959434823265,1.6725736955414567,1.8402034742662186,0.2386586801683964
1257,1.6076956472938957,1.2771687921451003,1.979175866824151,1.2527133763209657,1.9997001421596192,0.9397851565561495,1.6695986902472368,1.8373972120844633,0.2390268245002259
1258,1.6069309549500932,1.2766207911650214,1.9782528138945419,1.2523135097203921,1.9985916396477197,0.9401749757799353,1.6666245391059948,1.8345925840818482,0.23939620703515857
1259,1.6061678421631134,1.2760740090362894,1.9773317663110674,1.2519147882420216,1.9974852235330318,0.940565403456568,1.6636512378432757,1.8317895828669293,0.2397668236527912
1260,1.6054063028471888,1.2755284388603618,1.976412718400301,1.25151720594967,1.9963808875552758,0.9409564418943532,1.6606787821730813,1.8289882010334932,0.24013867021085183
1261,1.6046463309030103,1.2749840737291702,1.975495664472128,1.2511207568973453,1.995278625436271,0.9413480934070309,1.6577071677979687,1.8261884311606895,0.24051174254523153
1262,1.6038879202178429,1.2744409067252347,1.9745805988198586,1.2507254351293615,1.994178430880059,0.9417403603137839,1.654736390409154,1.8233902658131675,0.240886036470019
1263,1.6031310646656443,1.2738989309217796,1.9736675157203476,1.250331234680452,1.9930802975730262,0.94213324493925,1.651766445686612,1.8205936975412078,0.24126154777753236
1264,1.6023757581071796,1.2733581393828461,1.972756409434107,1.2499381495758792,1.991984219184024,0.9425267496135312,1.6487973292991742,1.817798718880856,0.24163827223835593
1265,1.6016219943901417,1.2728185251634112,1.971847274205427,1.2495461738315514,1.9908901893644948,0.942920876672205,1.6458290369046356,1.8150053223540585,0.2420162056013729
1266,1.6008697673492662,1.272280081309498,1.9709401042624883,1.249155301454132,1.9897982017485902,0.9433156284563358,1.6428615641498496,1.8122135004687931,0.2423953435938018
1267,1.6001190708064514,1.2717428008582956,1.970034893817484,1.2487655264411561,1.9887082499532998,0.9437110073124848,1.639894906670836,1.8094232457192065,0.242775681921231
1268,1.5993698985708749,1.2712066768382717,1.9691316370667338,1.2483768427811421,1.9876203275785698,0.9441070155927205,1.63692906009288,1.8066345505857468,0.24315721626765513
1269,1.5986222444391116,1.2706717022692886,1.9682303281908018,1.2479892444537055,1.9865344282074289,0.9445036556546313,1.6339640200306365,1.803847407535298,0.2435399422955113
1270,1.597876102195253,1.2701378701627193,1.9673309613546155,1.2476027254296713,1.9854505454061113,0.9449009298613338,1.6309997820882294,1.8010618090213122,0.2439238556457163
1271,1.5971314656110256,1.2696051735215648,1.966433530707584,1.2472172796711913,1.984368672724182,0.9452988405814857,1.6280363418593595,1.7982777474839478,0.24430895193770374
1272,1.596388328445909,1.2690736053405671,1.9655380303837142,1.246832901131854,1.9832888036946592,0.9456973901892957,1.625073694927405,1.7954952153502004,0.24469522676946145
1273,1.5956466844472552,1.2685431586063278,1.9646444545017316,1.2464495837568015,1.9822109318341405,0.9460965810645351,1.6221118368655252,1.792714205034039,0.24508267571757048
1274,1.5949065273504077,1.2680138262974225,1.9637527971651971,1.2460673214828422,1.9811350506429266,0.946496415592549,1.6191507632367674,1.7899347089365403,0.2454712943372413
1275,1.5941678508788204,1.2674856013845188,1.9628630524626267,1.245686108238566,1.9800611536051465,0.9468968961642671,1.6161904695941653,1.7871567194460205,0.24586107816235683
1276,1.5934306487441774,1.2669584768304916,1.9619752144676101,1.2453059379444578,1.9789892341888824,0.9472980251762139,1.6132309514808507,1.784380228938175,0.24625202270550858
1277,1.5926949146465126,1.2664324455905398,1.961089277238931,1.2449268045130135,1.9779192858462968,0.9476998050305221,1.6102722044301525,1.7816052297762075,0.24664412345803752
1278,1.5919606422743289,1.2659075006123035,1.960205234820684,1.2445487018488532,1.9768513020137555,0.9481022381349408,1.6073142239657057,1.7788317143109684,0.24703737589007455
1279,1.591227825304719,1.2653836348359804,1.9593230812423976,1.2441716238488376,1.9757852761119554,0.9485053269028509,1.6043570056015553,1.7760596748810888,0.24743177545058168
1280,1.590496457403484,1.2648608411944422,1.95844281051915,1.243795564402181,1.974721201546049,0.9489090737532719,1.6014005448422597,1.773289103813112,0.24782731756739315
1281,1.5897665322252559,1.264339112613353,1.9575644166516928,1.2434205173905686,1.9736590717057723,0.9493134811108764,1.5984448371830013,1.7705199934216327,0.24822399764725622
1282,1.5890380434136155,1.263818442011285,1.9566878936265686,1.2430464766882698,1.9725988799655698,0.9497185514060005,1.59548987810969,1.767752336009429,0.24862181107587325
1283,1.5883109846012147,1.2632988222998363,1.9558132354162323,1.2426734361622547,1.9715406196847223,0.9501242870746547,1.5925356630990692,1.7649861238675986,0.2490207532179468
1284,1.5875853494098966,1.262780246383748,1.9549404359791713,1.2423013896723092,1.9704842842074728,0.9505306905585368,1.5895821876188245,1.762221349275693,0.2494208194172196
1285,1.586861131450816,1.2622627071610224,1.9540694892600263,1.2419303310711503,1.9694298668631536,0.9509377643050425,1.5866294471276876,1.7594580045018502,0.24982200499651827
1286,1.586138324324561,1.261746197523039,1.9532003891897118,1.2415602542045419,1.968377360966314,0.9513455107672772,1.5836774370755466,1.7566960818029336,0.2502243052578001
1287,1.5854169216212735,1.2612307103546732,1.952333129685537,1.2411911529114101,1.9673267598168476,0.951753932404067,1.5807261529035528,1.7539355734246642,0.25062771548219365
1288,1.584696916920771,1.2607162385344135,1.951467704651328,1.2408230210239604,1.9662780567001201,0.952163031679972,1.5777755900442272,1.7511764716017564,0.2510322309300461
1289,1.583978303792668,1.2602027749344802,1.9506041079775474,1.2404558523677918,1.9652312448870968,0.9525728110652953,1.574825743921571,1.7484187685580534,0.2514378468409675
1290,1.5832610757964969,1.259690312420941,1.9497423335414166,1.2400896407620143,1.9641863176344698,0.9529832730360994,1.5718766099511685,1.7456624565066587,0.2518445584338766
1291,1.5825452264818303,1.2591788438538323,1.9488823752070379,1.2397243800193638,1.9631432681847871,0.9533944200742128,1.5689281835403028,1.7429075276500763,0.2522523609070467
1292,1.5818307493884027,1.2586683620872736,1.9480242268255155,1.23936006394632,1.962102089766582,0.9538062546672458,1.5659804600880598,1.7401539741803422,0.25266124943815277
1293,1.5811176380462326,1.2581588599695885,1.947167882235078,1.2389966863432205,1.9610627755944992,0.9542187793085996,1.5630334349854382,1.7374017882791606,0.2530712191843181
1294,1.5804058859757437,1.257650330343421,1.9463133352611994,1.2386342410043791,1.960025318869425,0.9546319964974809,1.5600871036154595,1.7346509621180384,0.25348226528216156
1295,1.5796954866878883,1.2571427660458547,1.9454605797167228,1.238272721718201,1.9589897127786153,0.9550459087389125,1.557141461353275,1.7319014878584191,0.2538943828478466
1296,1.5789864336842685,1.256636159908531,1.9446096094019811,1.2379121222673009,1.9579559504958262,0.9554605185437451,1.5541965035662795,1.7291533576518203,0.25430756697712725
1297,1.5782787204572597,1.2561305047577669,1.9437604181049215,1.237552436428617,1.956924025181441,0.9558758284286706,1.5512522256142174,1.7264065636399675,0.2547218127454008
1298,1.5775723404901323,1.2556257934146746,1.942912999601226,1.237193657973531,1.9558939299826021,0.956291840916232,1.5483086228492955,1.723661097954928,0.2551371152077526
1299,1.5768672872571743,1.2551220186952783,1.9420673476544352,1.236835780667982,1.9548656580333366,0.9567085585348408,1.5453656906162903,1.7209169527192463,0.2555534693990089
1300,1.576163554223815,1.2546191734106347,1.9412234560160717,1.2364787982725853,1.9538392024546911,0.9571259838187819,1.5424234242526622,1.7181741200460812,0.2559708703337867
1301,1.5754611348467473,1.2541172503669507,1.9403813184257623,1.2361227045427483,1.9528145563548571,0.957544119308232,1.539481819088664,1.7154325920393378,0.25638931300654233
1302,1.5747600225740503,1.2536162423657018,1.9395409286113616,1.235767493228788,1.9517917128293039,0.9579629675492694,1.5365408704474524,1.7126923607938047,0.2568087923916253
1303,1.5740602108453134,1.2531161422037518,1.9387022802890748,1.2354131580760483,1.9507706649609067,0.9583825310938867,1.5336005736451996,1.7099534183952876,0.25722930344332656
1304,1.5733616930917576,1.25261694267347,1.937865367163581,1.2350596928250155,1.949751405820077,0.9588028125000045,1.5306609239912015,1.7072157569207427,0.25765084109593467
1305,1.5726644627363617,1.2521186365628525,1.9370301829281587,1.2347070912114382,1.9487339284648963,0.9592238143314815,1.5277219167879958,1.7044793684384172,0.2580734002637846
1306,1.5719685131939831,1.2516212166556393,1.9361967212648061,1.234574617188522,1.9486469423460113,0.9586921107160721,1.5285057220825111,1.7054664197590206,0.25849697584131154
1307,1.5712738378714821,1.2511246757314334,1.9353649758443674,1.2344640663616708,1.9486499525142,0.9580703194781426,1.5296446532464842,1.706809221016167,0.2589215627031054
1308,1.5705804301678468,1.2506290065658208,1.9345349403266567,1.2343545572098387,1.948654493902409,0.9574492431394184,1.530784212729404,1.7081532714193401,0.2593471557039636
1309,1.569888283474314,1.2501342019304884,1.9337066083605796,1.234246082454983,1.9486605606827012,0.9568288819200048,1.531924395807879,1.709498563003284,0.2597737496789456
1310,1.569197391174496,1.2496402545933445,1.9328799735842608,1.2341386348137455,1.9486681470168215,0.9562092360388513,1.5330651977523164,1.710845087794703,0.26020133944342627
1311,1.5685077466445019,1.2491471573186366,1.9320550296251644,1.2340322069975804,1.9486772470563085,0.9555903057137398,1.5342066138270338,1.7121928378123978,0.2606299197931543
1312,1.567819343253063,1.248654902867071,1.9312317701002213,1.2339267917128895,1.9486878549426119,0.9549720911612835,1.5353486392903746,1.7135418050674007,0.26105948550430447
1313,1.567132174361657,1.248163483995933,1.930410188615953,1.233822381661156,1.9486999648072032,0.9543545925969247,1.5364912693948198,1.7148919815631096,0.26149003133353466
1314,1.5664462333246307,1.247672893459205,1.9295902787685946,1.2337189695390731,1.9487135707716907,0.9537378102349243,1.5376344993871018,1.7162433592954234,0.26192155201804357
1315,1.565761513489325,1.2471831240076854,1.9287720341442207,1.2336165480386816,1.9487286669479333,0.9531217442883658,1.5387783245083162,1.7175959302528747,0.2623540422756261
1316,1.5650780081962,1.2466941683891102,1.9279554483188706,1.2335151098475006,1.9487452474381555,0.9525063949691451,1.5399227399940383,1.7189496864167677,0.26278749680473185
1317,1.564395710778957,1.24620601934827,1.9271405148586709,1.2334146476486592,1.9487633063350593,0.9518917624879674,1.541067741074434,1.7203046197613092,0.26322191028452235
1318,1.563714614564666,1.2457186696271307,1.9263272273199639,1.233315154121032,1.9487828377219418,0.9512778470543456,1.542213322974376,1.7216607222537457,0.26365727737492906
1319,1.5630347128738868,1.245232111964952,1.9255155792494278,1.2332166219393712,1.9488038356728066,0.9506646488765929,1.5433594809135571,1.7230179858544974,0.26409359271671384
1320,1.5623559990207956,1.2447463390984077,1.9247055641842061,1.233119043774438,1.9488262942524788,0.9500521681618213,1.5445062101066034,1.724376402517291,0.26453085093152645
1321,1.561678466313309,1.2442613437617043,1.9238971756520304,1.2330224122931388,1.9488502075167218,0.9494404051159364,1.5456535057631906,1.7257359641892955,0.26496904662196374
1322,1.5610021080532093,1.243777118686702,1.923090407171347,1.2329267201586567,1.9488755695123503,0.9488293599436323,1.5468013630881583,1.7270966628112583,0.2654081743716328
1323,1.5603269175362675,1.2432936566030321,1.92228525225144,1.2328319600305837,1.9489023742773428,0.9482190328483899,1.5479497772816224,1.7284584903176343,0.2658482287452083
1324,1.5596528880523697,1.2428109502382183,1.921481704392559,1.2327381245650562,1.9489306158409616,0.9476094240324701,1.5490987435390944,1.7298214386367265,0.266289204288495
1325,1.558980012885641,1.242328992317795,1.9206797570860434,1.2326452064148858,1.9489602882238628,0.9470005336969122,1.550248257051592,1.7311854996908156,0.26673109552848934
1326,1.5583082853145709,1.2418477755654274,1.9198794038144484,1.232553198229696,1.9489913854382142,0.9463923620415297,1.5513983130057571,1.7325506653962957,0.2671738969734411
1327,1.557637698612137,1.241367292703031,1.919080638051669,1.232462092656051,1.949023901487808,0.9457849092649029,1.552548906583969,1.7339169276638078,0.26761760311291655
1328,1.5569682460459313,1.2408875364508911,1.9182834532630677,1.2323718823375929,1.9490578303681785,0.9451781755643794,1.5537000329644635,1.7352842783983757,0.2680622084178589
1329,1.5562999208782844,1.240408499527782,1.9174878429055995,1.232282559915173,1.9490931660667155,0.9445721611360682,1.5548516873214437,1.7366527094995374,0.2685077073406547
1330,1.5556327163663908,1.2399301746510876,1.9166938004279368,1.2321941180269858,1.9491299025627793,0.9439668661748343,1.5560038648251995,1.7380222128614806,0.2689540943151966
1331,1.5549666257624337,1.239452554536919,1.9159013192705965,1.2321065493087022,1.9491680338278177,0.9433622908742976,1.557156560642222,1.739392780373176,0.26940136375694557
1332,1.5543016423137102,1.2389756319002367,1.9151103928660644,1.2320198463936038,1.9492075538254796,0.9427584354268264,1.5583097699353183,1.7407644039185104,0.2698495100629998
1333,1.5536377592627557,1.238499399454967,1.9143210146389222,1.2319340019127143,1.9492484565117312,0.9421553000235353,1.5594634878637308,1.7421370753764227,0.27029852761215556
1334,1.55297496984747,1.2380238499141238,1.9135331780059728,1.2318490084949345,1.9492907358349705,0.9415528848542805,1.56061770958325,1.743510786621034,0.2707484107649746
1335,1.5523132673012432,1.2375489759899287,1.912746876376368,1.2317648587671761,1.9493343857361456,0.9409511901076555,1.5617724302463338,1.7448855295217849,0.27119915386385096
1336,1.5516526448530776,1.2370747703939269,1.9119621031517309,1.2316815453544927,1.949379400148866,0.9403502159709883,1.5629276450022203,1.7462612959435653,0.2716507512330769
1337,1.5509930957277167,1.236601225837111,1.911178851726286,1.2315990608802159,1.9494257729995217,0.9397499626303364,1.5640833489970478,1.7476380777468499,0.2721031971789084
1338,1.5503346131457676,1.2361283350300372,1.910397115486982,1.2315173979660872,1.949473498207397,0.9391504302704842,1.5652395373739711,1.749015866787833,0.27255648598963544
1339,1.549677190323829,1.2356560906829477,1.9096168878136217,1.231436549232393,1.9495225696847878,0.938551619074938,1.5663962052732767,1.750394654918559,0.2730106119356477
1340,1.549020820474612,1.235184485505886,1.908838162078983,1.2313565072980945,1.949572981337115,0.9379535292259219,1.5675533478324988,1.7517744339870545,0.2734655692695031
1341,1.5483654968070715,1.2347135122088213,1.9080609316489507,1.2312772647809653,1.9496247270630427,0.9373561609043765,1.5687109601865399,1.7531551958374658,0.2739213522259972
1342,1.5477112125265255,1.2342431635017639,1.9072851898826386,1.2311988142977217,1.9496778007545923,0.9367595142899515,1.5698690374677844,1.754536932310188,0.27437795502223217
1343,1.5470579608347836,1.2337734320948859,1.9065109301325172,1.2311211484641569,1.9497321962972585,0.9361635895610048,1.571027574806218,1.7559196352420008,0.27483537185768775
1344,1.546405734930273,1.233304310698642,1.9057381457445413,1.2310442598952767,1.949787907570127,0.9355683868945982,1.5721865673295436,1.7573032964661988,0.2752935969142888
1345,1.5457545280081597,1.232835792023886,1.9049668300582732,1.2309681412054276,1.9498449284459876,0.9349739064664916,1.5733460101632986,1.7586879078127242,0.27575262435647746
1346,1.545104333260479,1.2323678687819921,1.9041969764070126,1.2308927850084352,1.9499032527914524,0.9343801484511418,1.5745058984309734,1.7600734611083022,0.2762124483312842
1347,1.5444551438762577,1.231900533684974,1.9034285781179208,1.2308181839177352,1.9499628744670707,0.9337871130216986,1.5756662272541282,1.7614599481765714,0.27667306296839994
1348,1.543806953041638,1.2314337794456023,1.902661628512146,1.2307443305465056,1.9500237873274446,0.9331948003499985,1.5768269917525097,1.7628473608382156,0.2771344623802465
1349,1.5431597539400068,1.2309675987775264,1.9018961209049527,1.2306712175078016,1.9500859852213461,0.932603210606563,1.5779881870441708,1.7642356909110979,0.27759664066204953
1350,1.5425135397521175,1.2305019843953904,1.9011320486058463,1.2305988374146888,1.9501494619918327,0.9317523260564714,1.5791498082455857,1.7656249302103921,0.2780595918919125
1351,1.5418683036562175,1.2300369290149562,1.9003694049186997,1.2305271828803757,1.9502142114763634,0.9301074032062646,1.580311850471771,1.7670150705487153,0.27852331013088794
1352,1.5412240388281715,1.2295724253532185,1.899608183141879,1.230456246518345,1.950280227506914,0.9284649543461346,1.5814743088363987,1.7684061037362577,0.2789877894230537
1353,1.5405807384415877,1.229108466128526,1.8988483765683708,1.230386020942491,1.950347503910094,0.9268249784176659,1.5826371784519198,1.7697980215809186,0.2794530237955849
1354,1.539938395667943,1.2286450440607,1.8980899784859084,1.2303164987672481,1.9504160345072625,0.9251874743615094,1.583800454429677,1.7711908158884344,0.2799190072588306
1355,1.5392970036767082,1.2281821518711522,1.8973329821770986,1.2302476726077256,1.9504858131146445,0.9235524411172755,1.584964131880027,1.7725844784625124,0.2803857338063864
1356,1.5386565556354732,1.2277197822830064,1.8965773809195472,1.2301795350798426,1.950556833543447,0.9219198776234274,1.5861282059124557,1.773979001104962,0.2808531974151721
1357,1.5380170447100712,1.2272579280212135,1.8958231679859854,1.2301120788004567,1.9506290895999745,0.9202897828171793,1.5872926716356974,1.7753743756158264,0.28132139204550843
1358,1.5373784640647037,1.2267965818126714,1.8950703366443962,1.230045296387499,1.950702575085744,0.9186621556343927,1.5884575241578518,1.7767705937935117,0.2817903116411899
1359,1.536740806862068,1.2263357363863463,1.894318880158142,1.2299791804601081,1.9507772837976047,0.9170369950094742,1.5896227585865041,1.7781676474349224,0.2822599501295667
1360,1.5361040662634793,1.2258753844733874,1.8935687917860897,1.2299137236387603,1.9508532095278501,0.9154142998752733,1.590788370028842,1.779565528335589,0.282730301421617
1361,1.5354682354289975,1.2254155188072489,1.8928200647827371,1.2298489185454033,1.9509303460643366,0.9137940691629842,1.5919543535917744,1.7809642282898,0.2832013594120279
1362,1.53483330751755,1.2249561321238045,1.8920726923983384,1.2297847578035894,1.9510086871905985,0.9121763018020385,1.5931207043820488,1.782363739090734,0.28367311797927397
1363,1.5341992756870593,1.2244972171614692,1.8913266678790324,1.2297212340386061,1.9510882266859644,0.910560996720015,1.5942874175063704,1.7837640525305891,0.2841455709856941
1364,1.5335661330945665,1.2240387666613168,1.8905819844669678,1.229658339877611,1.9511689583256726,0.9089481528425378,1.5954544880715207,1.7851651604007137,0.2846187122775712
1365,1.5329338728963549,1.2235807733671966,1.889838635400428,1.2295960679497613,1.9512508758809877,0.9073377690931771,1.596621911184474,1.7865670544917371,0.2850925356852137
1366,1.5323024882480778,1.223123230025854,1.8890966139139602,1.2295344108863486,1.9513339731193167,0.9057298443933555,1.5977896819525195,1.787969726593701,0.28556703502303127
1367,1.531671972304879,1.2226661293870458,1.888355913238498,1.2294733613209288,1.9514182438043237,0.9041243776622485,1.5989577954833754,1.7893731684961882,0.2860422040896211
1368,1.5310423182215225,1.2222094642036607,1.8876165266014913,1.2294129118894574,1.9515036816960496,0.9025213678166906,1.6001262468853106,1.7907773719884545,0.286518036667844
1369,1.5304135191525121,1.2217532272318359,1.8868784472270288,1.2293530552304175,1.9515902805510221,0.900920813771084,1.601295031267261,1.7921823288595564,0.28699452652490776
1370,1.529785568252219,1.2212974112310746,1.8861416683359666,1.2292937839849538,1.9516780341223765,0.8993227144373017,1.6024641437389482,1.7935880308984828,0.2874716674124496
1371,1.5291584586750053,1.220842008964365,1.8854061831460525,1.2292350907970049,1.9517669361599688,0.8977270687245953,1.6036335794109993,1.794994469894284,0.2879494530666166
1372,1.5285321835753491,1.2203870131982977,1.8846719848720532,1.2291769683134348,1.951856980410494,0.8961338755395027,1.604803333395065,1.7964016376362029,0.2884278772081506
1373,1.5279067361079677,1.219932416703182,1.8839390667258793,1.2291194091841633,1.9519481606175988,0.8945431337857589,1.6059734008039366,1.7978095259138018,0.28890693354246955
1374,1.5272821094279416,1.219478212253164,1.883207421916711,1.2290624060622983,1.952040470522,0.8929548423642024,1.6071437767516645,1.7992181265170932,0.28938661575975194
1375,1.526658296690841,1.2190243926263455,1.8824770436511251,1.2290059516042682,1.9521339038615992,0.8913690001726892,1.6083144563536789,1.8006274312366692,0.2898669175350203
1376,1.526035291052848,1.2185709506048994,1.8817479251332194,1.2289500384699519,1.952228454371598,0.8897856061060009,1.6094854347269056,1.8020374318638304,0.2903478325282267
1377,1.5254130856708805,1.2181178789751872,1.8810200595647388,1.2288946593228105,1.9523241157846147,0.8882046590557575,1.610656706989887,1.8034481201907158,0.2908293543843375
1378,1.5247916737027165,1.2176651705278765,1.8802934401452007,1.2280577021178798,1.951506748341027,0.8887963802364329,1.6105939399333804,1.8036251596809114,0.29131147673341623
1379,1.524171048307119,1.2172128180580586,1.879568060072021,1.2263169150202138,1.9496335598296646,0.8919069433665949,1.6091042648780258,1.80237567832713,0.291794193190714
1380,1.5235512026439586,1.2167608143653639,1.8788439125406402,1.2245765847055416,1.9477615278250895,0.8950296706805407,1.6076148690789231,1.8011268600557966,0.2922774973567504
1381,1.5229321298743377,1.21630915225408,1.8781209907446461,1.2228367042390087,1.9458906456003549,0.8981646224332416,1.6061257476622566,1.7998786966636844,0.29276138281740594
1382,1.5223138231607136,1.2158578245332679,1.8773992878759023,1.2210972666900974,1.9440209064263874,0.9013118592603099,1.6046368957564177,1.798631179949046,0.2932458431440029
1383,1.5216962756670231,1.2154068240168778,1.8766787971246717,1.2193582651327564,1.9421523035721113,0.9044714421810974,1.603148308492123,1.7973843017117432,0.2937308718933985
1384,1.5210794805588046,1.214956143523867,1.8759595116797418,1.2176196926455196,1.9402848303045688,0.9076434326018417,1.6016599810025312,1.796138053753372,0.29421646260806933
1385,1.5204634310033227,1.2145057758783153,1.8752414247285505,1.2158815423116365,1.938418479889044,0.9108278923188258,1.6001719084233628,1.7948924278773923,0.294702608816201
1386,1.5198481201696907,1.2140557139095418,1.8745245294573105,1.214143807219191,1.9365532455891825,0.9140248835215895,1.5986840858930174,1.7936474158892555,0.29518930403177723
1387,1.519233541228994,1.21360595045222,1.8738088190511344,1.2124064804612298,1.934689120667116,0.9140505833155895,1.597196508552692,1.7924030095965304,0.2956765417546679
1388,1.5186196873544127,1.213156478346495,1.8730942866941591,1.2106695551358841,1.9328260983835814,0.9138431473317105,1.5957091715464984,1.791159200809032,0.2961643154707207
1389,1.5180065517213455,1.2127072904380984,1.8723809255696722,1.2089330243464942,1.9309641719980455,0.913635979939648,1.594222070021582,1.7899159813389476,0.29665261865184894
1390,1.5173941275075318,1.2122583795784647,1.8716687288602343,1.2071968812017344,1.9291033347688245,0.9134290821525224,1.5927351991282392,1.7886733430009647,0.29714144475612414
1391,1.5167824078931742,1.2118097386248463,1.8709576897478049,1.2054611188157336,1.9272435799532055,0.9132224549820643,1.5912485540200352,1.7874312776123962,0.29763078722786585
1392,1.5161713860610626,1.2113613604404305,1.8702478014138681,1.203725730308203,1.9253849008075714,0.913016099438612,1.5897621298539226,1.7861897769933093,0.2981206394977332
1393,1.515561055196694,1.2109132378944518,1.8695390570395534,1.2019907088045547,1.9235272905875174,0.9128100165311028,1.588275921790357,1.7849488329666492,0.29861099498281773
1394,1.514951408488399,1.2104653638623115,1.868831449805765,1.2002560474360306,1.9216707425479775,0.9126042072670703,1.5867899249934185,1.7837084373583685,0.2991018470867333
1395,1.514342439127459,1.2100177312256875,1.8681249728933007,1.1985217393398204,1.9198152499433419,0.9123986726526364,1.585304134630924,1.7824685819975497,0.2995931891997117
1396,1.5137341403082318,1.209570332872654,1.8674196194829793,1.1967877776591858,1.9179608060275786,0.9121934136925042,1.5838185458745486,1.7812292587165333,0.3000850146986937
1397,1.5131265052282743,1.2091231616977944,1.866715382755765,1.195054155543586,1.9161074040543584,0.9119884313899548,1.5823331538999426,1.7799904593510447,0.30057731694742407
1398,1.512519527088461,1.2086762106023152,1.8660122558928884,1.1933208661487973,1.9142550372771714,0.9117837267468403,1.5808479538868472,1.7787521757403173,0.3010700892965442
1399,1.5119131990931087,1.2082294724941618,1.8653102320759727,1.1915879026370366,1.9124036989494506,0.9115793007635764,1.5793629410192136,1.7775143997272183,0.30156332508368555
1400,1.511307514450097,1.207782940288132,1.864609304487157,1.189855258177084,1.9105533823246923,0.9113751544391402,1.5778781104853186,1.776277123158376,0.30205701763356835
1401,1.5107024663709891,1.2073366069059908,1.8639094663092175,1.188122925944403,1.9087040806565745,0.9111712887710585,1.576393457477881,1.7750403378843014,0.3025511602580935
1402,1.510098048071156,1.206890465276585,1.8632107107256959,1.186390899121267,1.9068557871990832,0.910967704755409,1.574908977194183,1.7738040357595177,0.30304574625643843
1403,1.509494252769894,1.2064445083359558,1.8625130309210163,1.1846591708968761,1.9050084952066266,0.9107644033868083,1.5734246648361814,1.7725682086426795,0.3035407689151537
1404,1.5088910736905483,1.2059987290274532,1.861816420080614,1.1829277344674813,1.9031621979341597,0.9105613856584108,1.5719405156106272,1.771332848396702,0.30403622150826043
1405,1.5082885040606335,1.2055531203018508,1.8611208713910552,1.1811965830365065,1.901316888637304,0.9103586525618983,1.5704565247291837,1.7700979468888833,0.30453209729734554
1406,1.5076865371119537,1.2051076751174568,1.8604263780401606,1.1794657098146666,1.8994725605724654,0.9101562050874774,1.5689726874085381,1.7688634959910274,0.30502838953166095
1407,1.5070851660807245,1.2046623864402302,1.8597329332171297,1.177735108020094,1.8976292069969585,0.9099540442238738,1.5674889988705252,1.7676294875795715,0.3055250914482179
1408,1.5064843842076918,1.2042172472438912,1.859040530112661,1.1760047708784538,1.8957868211691231,0.9097521709583236,1.5660054543422366,1.7663959135357057,0.30602219627188865
1409,1.5058841847382538,1.203772250510037,1.8583491619190762,1.174274691623069,1.8939453963484456,0.9095505862765709,1.5645220490561418,1.7651627657455002,0.306519697215504
1410,1.50528456092258,1.2033273892282517,1.8576588218304417,1.1725448634950375,1.8921049257956772,0.9093492911628599,1.5630387782502007,1.7639300361000254,0.30701758747995134
1411,1.504685506015733,1.202882656396222,1.856969503042693,1.1708152797433562,1.8902654027729582,0.9091482865999292,1.5615556371679835,1.7626977164954785,0.3075158602542741
1412,1.5040870132777855,1.2024380450198473,1.8562811987537522,1.1690859336250383,1.8884268205439314,0.9089475735690065,1.5600726210587839,1.7614657988333033,0.3080145087157717
1413,1.5034890759739432,1.2019935481133528,1.8555939021636552,1.167356818405234,1.886589172373866,0.908747153049803,1.5585897251777343,1.7602342750203153,0.3085135260301006
1414,1.5028916873746632,1.2015491586994032,1.8549076064746703,1.1656279273573533,1.884752451529776,0.9085470260205075,1.557106944785925,1.7590031369688242,0.30901290535137393
1415,1.502294840755772,1.2011048698092117,1.8542223048914206,1.163899253763179,1.8829166512805364,0.9083471934577804,1.5556242751505138,1.7577723765967532,0.3095126398222622
1416,1.5016985293985865,1.200660674482654,1.8535379906210054,1.162170790912993,1.881081764897007,0.9081476563367483,1.5541417115448475,1.7565419858277658,0.31001272257409473
1417,1.5011027465900335,1.20021656576838,1.8528546568731223,1.160442532105692,1.8792477856521481,0.9079484156309974,1.552659249248573,1.7553119565913846,0.31051314672696273
1418,1.500507485622767,1.1997725367239243,1.8521722968601875,1.1587144706489074,1.8774147068211406,0.9077494723125688,1.5511768835477542,1.754082280823115,0.31101390538981954
1419,1.499912739795288,1.1993285804158182,1.8514909037974574,1.1569865998591249,1.8755825216815047,0.9075508273519516,1.549694609734987,1.7528529504645654,0.31151499166058383
1420,1.499318502412063,1.1988846899197003,1.850810470903149,1.1552589130618012,1.873751223513217,0.907352481718079,1.5482124231095113,1.7516239574635686,0.31201639862624414
1421,1.4987247667836414,1.1984408583204271,1.850130991398561,1.153531403591483,1.8719208055988295,0.9071544363783217,1.5467303189773294,1.7503952937743041,0.3125181193629588
1422,1.4981315262267756,1.1979970787121852,1.8494524585081942,1.1518040647919277,1.8700912612235896,0.9069566922984804,1.545248292651318,1.7491669513574188,0.3130201469361633
1423,1.4975387740645378,1.1975533441986006,1.8487748654598724,1.1500768900162188,1.8682625836755569,0.9067592504427833,1.543766339451344,1.7479389221801478,0.3135224744006722
1424,1.496946503626438,1.1971096478928496,1.8480982054848614,1.148349872626884,1.8664347662457197,0.9065621117738774,1.5422844547043773,1.7467111982164343,0.31402509480078383
1425,1.4963547082485416,1.1966659829177682,1.8474224718179904,1.1466230059960134,1.8646078022281147,0.9063652772528259,1.5408026337446044,1.7454837714470495,0.3145280011703856
1426,1.495763381273587,1.196222342405963,1.846747657697771,1.1448962835053769,1.8627816849199443,0.9061687478390996,1.5393208719135445,1.7442566338597159,0.31503118653306017
1427,1.4951725160511042,1.1957787194999214,1.8460737563665175,1.1431696985465418,1.8609564076216938,0.9059725244905732,1.5378391645601615,1.7430297774492234,0.3155346439021885
1428,1.494582105937529,1.195335107352119,1.845400761070466,1.141443244520988,1.8591319636372488,0.9057766081635188,1.5363575070409765,1.7418031942175514,0.3160383662810588
1429,1.4939921442963229,1.1948914991251318,1.8447286650598933,1.1397169148402273,1.857308346274012,0.9055809998125998,1.5348758947201828,1.7405768761739873,0.3165423466629719
1430,1.4934026244980878,1.1944478879917426,1.8440574615892376,1.137990702925916,1.8554855488430206,0.9053857003908669,1.5333943229697586,1.7393508153352464,0.3170465780313462
1431,1.4928135399206837,1.1940042671350528,1.8433871439172156,1.1362646022099763,1.8536635646590631,0.905190710849751,1.531912787169579,1.7381250037255904,0.31755105335982836
1432,1.4922248839493448,1.1935606297485895,1.8427177053069435,1.1345386061347085,1.8518423870407963,0.9049960321390584,1.5304312827075301,1.7368994333769476,0.31805576561239784
1433,1.4916366499767948,1.1931169690364132,1.8420491390260523,1.1328127081529074,1.8500220093108606,0.9048016652069641,1.52894980497962,1.7356740963290291,0.3185607077434761
1434,1.4910488314033643,1.1926732782132285,1.8413814383468101,1.13108690172798,1.848202424795999,0.9046076110000079,1.5274683493900927,1.7344489846294506,0.31906587269803516
1435,1.4904614216371046,1.1922295505044904,1.8407145965462375,1.1293611803340566,1.8463836268271683,0.9044138704630874,1.5259869113515379,1.733224090333847,0.31957125341170617
1436,1.489874414093905,1.1917857791465134,1.840048606906226,1.1276355374561113,1.8445656087396607,0.9042204445394529,1.5245054862850058,1.731999405505993,0.3200768428108879
1437,1.4892878021976077,1.1913419573865789,1.8393834627136583,1.1259099665900725,1.8427483638732165,0.9040273341707021,1.5230240696201172,1.7307749222179203,0.3205826338128561
1438,1.488701579380122,1.1908980784830416,1.8387191572605222,1.12418446124294,1.840931885572141,0.9038345402967742,1.5215426567951753,1.7295506325500347,0.3210886193258739
1439,1.4881157390815392,1.1904541357054386,1.83805568384403,1.1224590149328963,1.8391161671854173,0.903642063855944,1.5200612432572764,1.728326528591233,0.3215947922493019
1440,1.4875302747502488,1.1900101223345954,1.8373930357667365,1.1207336211894259,1.8373012020668256,0.9032059951574148,1.5185798244624222,1.727102602439022,0.32210114547370905
1441,1.486945179843051,1.1895660316627326,1.8367312063366543,1.1190082735534235,1.835486983575055,0.8999586364163253,1.5170983958756297,1.7258788461996324,0.32260767188098166
1442,1.4863604478252725,1.189121856993573,1.8360701888673714,1.1172829655773115,1.83367350507382,0.8967210701519998,1.5156169529710424,1.7246552519881388,0.3231143643444374
1443,1.4857760721708797,1.1886775916424492,1.8354099766781684,1.115557690825153,1.8318607599319763,0.89349326372891,1.5141354912320415,1.7234318119285743,0.3236212157289345
1444,1.4851920463625914,1.1882332289364061,1.8347505630941334,1.113832442872761,1.8300487415236304,0.8902751846355893,1.5126540061513527,1.722208518154045,0.32412821889098553
1445,1.4846083638919947,1.1877887622143115,1.8340919414462793,1.1121072153078169,1.8282374432282609,0.8870668004839813,1.5111724932311617,1.7209853628068497,0.324635366678868
1446,1.4840250182596562,1.187344184826958,1.8334341050716594,1.1103820017299788,1.8264268584308265,0.8838680790087794,1.509690947983219,1.719762338038593,0.3251426519327387
1447,1.4834420029752369,1.1868994901371712,1.832777047313484,1.108656795750997,1.824616980521885,0.8806789880667809,1.5082093659289528,1.718539436010302,0.32565006748474595
1448,1.482859311557603,1.186454671519913,1.8321207615212338,1.1069315909948236,1.822807802897703,0.8774994956362427,1.5067277425995769,1.7173166488925404,0.3261576061591414
1449,1.4822769375349396,1.1860097223623878,1.831465241050777,1.105206381097724,1.8209993189603704,0.8743295698162357,1.5052460735361979,1.7160939688655241,0.32666526077239827
1450,1.4816948744448633,1.1855646360641465,1.8308104792644841,1.1034943406424966,1.8191978846234955,0.8711937146890001,1.503767517937759,1.7148745517670674,0.3271730241333199
1451,1.4811131158345339,1.1851194060371923,1.8301564695313424,1.1026785544497875,1.817829817838334,0.8697314360810676,1.5025040357701558,1.7138703542017064,0.32768088904315734
1452,1.4805316552607661,1.1846740257060833,1.8295032052270703,1.101862682576635,1.8164624967595735,0.8682700473472763,1.5012404945523297,1.7128662403267993,0.3281888482957244
1453,1.479950486290142,1.1842284885080383,1.828850679734233,1.101046719349982,1.8150959140667084,0.8668095529812695,1.499976889866054,1.7118622023623167,0.3286968946775108
1454,1.4793696024991208,1.1837827878930387,1.8281988864423537,1.1002306591092428,1.813730062446083,0.8653499574573971,1.4987132173035371,1.7108582325384516,0.32920502096779897
1455,1.4787889974741515,1.1833369173239336,1.827547818748032,1.099414496206407,1.812364934591016,0.8638912652306512,1.4974494724675327,1.709854323095736,0.3297132199387796
1456,1.4782086648117834,1.1828908702765433,1.8268974700550533,1.0985982250061381,1.811000523201924,0.8624334807366093,1.4961856509714457,1.7088504662851514,0.3302214843556671
1457,1.477628598118777,1.182444640239761,1.8262478337745054,1.0977818398858732,1.8096368209864437,0.8609766083913696,1.4949217484394397,1.7078466543682442,0.33072980697681725
1458,1.477048791012212,1.1819982207156559,1.825598903324888,1.0969653352359219,1.8082738206595552,0.8595206525914972,1.4936577605065418,1.7068428796172352,0.331238180553843
1459,1.476469237119602,1.1815516052195776,1.8249506721322304,1.096148705459567,1.8069115149437054,0.8580656177139602,1.4923936828187525,1.705839134315136,0.33174659783173205
1460,1.4758899300789998,1.1811047872802558,1.8243031336302005,1.0953319449731636,1.8055498965689296,0.8566115081160772,1.4911295110331504,1.704835410755859,0.33225505154896295
1461,1.4753108635391095,1.1806577604399042,1.8236562812602182,1.0945150482062354,1.804188958272975,0.8551583281354588,1.4898652408179969,1.7038317012443296,0.33276353443762535
1462,1.4747320311593948,1.180210518254321,1.8230101084715682,1.0936980096015754,1.8028286928014219,0.8537060820899515,1.4886008678528433,1.7028279980965986,0.333272039223536
1463,1.4741534266101899,1.1797630542929929,1.8223646087215124,1.0928808236153447,1.8014690929078054,0.8522547742775812,1.487336387828638,1.701824293639955,0.3337805586263575
1464,1.4735750435728048,1.1793153621391923,1.8217197754753989,1.0920634847171669,1.8001101513537368,0.8508044089765022,1.4860717964478272,1.7008205802130343,0.33428908535971863
1465,1.4729968757396374,1.1788674353900819,1.8210756022067769,1.0912459873902292,1.7987518609090267,0.8493549904449423,1.4848070894244634,1.6998168501659314,0.3347976121313296
1466,1.4724189168142803,1.1784192676568146,1.820432082397506,1.090428326131378,1.797394214351804,0.8479065229211477,1.483542262484309,1.6988130958603127,0.3353061316431065
1467,1.471841160511628,1.1779708525646329,1.8197892095378667,1.0896104954512158,1.7960372044686381,0.8464590106233346,1.482277311364941,1.697809309669524,0.3358146365912862
1468,1.4712636005579853,1.1775221837529695,1.8191469771266724,1.0887924898741983,1.7946808240546583,0.8450124577496367,1.4810122318158525,1.696805483978702,0.33632311966655015
1469,1.470686230691176,1.1770732548755483,1.8185053786713787,1.0879743039387306,1.7933250659136752,0.8435668684780537,1.4797470195985607,1.6958016111848853,0.3368315735541416
1470,1.4701090446606477,1.1766240596004833,1.8178644076881945,1.0871559321972635,1.7919699228583004,0.8421222469664023,1.4784816704867063,1.694797683697122,0.3373399909339877
1471,1.4695320362275806,1.1761745916103776,1.8172240577021908,1.0863373692163887,1.790615387710067,0.8406785973522697,1.4772161802661596,1.6937936939365816,0.33784836448082006
1472,1.468955199164993,1.1757248446024233,1.8165843222474112,1.0855186095769354,1.789261453299548,0.8392359237529627,1.4759505447351216,1.6927896343366633,0.33835668686429643
1473,1.4683785272578473,1.1752748122885,1.8159451948669796,1.084699647874063,1.7879081124664755,0.8377942302654596,1.4746847597042256,1.6917854973431037,0.3388649507491226
1474,1.4678020143031585,1.1748244883952732,1.815306669113213,1.0838804787173593,1.786555358059862,0.8363535209663675,1.4734188209966432,1.6907812754140874,0.3393731487951698
1475,1.4672256541100963,1.1743738666642929,1.8146687385477245,1.0830610967309326,1.7852031829381165,0.834913799911875,1.4721527244481816,1.6897769610203552,0.3398812736576049
1476,1.4666494405000938,1.1739229408520924,1.8140313967415382,1.0822414965535074,1.7838515799691654,0.833475071137705,1.4708864659073888,1.688772546645312,0.34038931798700484
1477,1.4660733673069497,1.1734717047302834,1.8133946372751915,1.0814216728385162,1.7825005420305684,0.8320373386590749,1.4696200412356517,1.6877680247851334,0.34089727442948403
1478,1.465497428376936,1.1730201520856567,1.8127584537388468,1.0806016202541953,1.7811500620096377,0.8306006064706483,1.4683534463073,1.6867633879488755,0.3414051356268147
1479,1.4649216175689004,1.172568276720277,1.812122839732398,1.0797813334836772,1.7798001328035566,0.8291648785464976,1.4670866770097046,1.6857586286585817,0.3419128942165529
1480,1.4643459287543723,1.1721160724515818,1.8114877888655785,1.078960807225084,1.778450747319496,0.8277301588400572,1.4658197292433794,1.6847537394493894,0.34242054283215906
1481,1.4637703558176647,1.171663533112475,1.810853294758066,1.078140036191619,1.7771018984747307,0.8262964512840881,1.4645525989220798,1.6837487128696367,0.3429280741031232
1482,1.4631948926559808,1.1712106525514274,1.8102193510395934,1.07731901511166,1.7757535791967591,0.8248637597906312,1.4632852819729043,1.6827435414809706,0.3434354806550893
1483,1.462619533179514,1.1707574246325685,1.8095859513500505,1.0764977387288512,1.7744057824234163,0.8234320882509735,1.4620177743363914,1.6817382178584508,0.34394275510997874
1484,1.4620442713115533,1.1703038432357848,1.808953089339594,1.0756762018021946,1.7730585011029927,0.822001440535606,1.4607500719666202,1.6807327345906578,0.34444989008611543
1485,1.4614691009885852,1.1698499022568143,1.8083207586687509,1.0748543991061406,1.7717117281943495,0.8205718204941872,1.4594821708313086,1.6797270842797978,0.34495687819835086
1486,1.4608940161603963,1.169395595607342,1.8076889530085256,1.074032325430681,1.7703654566670346,0.8191432319555058,1.458214066911911,1.678721259541808,0.3454637120581886
1487,1.4603190107901753,1.1689409172150942,1.8070576660405049,1.0732099755814377,1.7690196795013984,0.8177156787274451,1.4569457562037176,1.6777152530064632,0.34597038427391025
1488,1.4597440788546154,1.1684858610239335,1.8064268914569623,1.0723873443797542,1.7676743896887075,0.8162891645969449,1.4556772347159506,1.676709057317479,0.3464768874507005
1489,1.459169214344015,1.1680304209939527,1.8057966229609637,1.0715644266627855,1.7663295802312615,0.8148636933299698,1.4544084984718617,1.6757026651326183,0.3469832141907753
1490,1.4585944112623794,1.16757459110157,1.8051668542664714,1.0707412172835875,1.7649852441425076,0.8134392686714726,1.4531395435088303,1.6746960691237938,0.3474893570935034
1491,1.4580196636275213,1.1671183653396198,1.8045375790984473,1.069917711111206,1.7636413744471517,0.8120158943453626,1.4518703658784575,1.673689261977173,0.34799530875553814
1492,1.457444965471162,1.1666617377174486,1.8039087911929583,1.069093903030767,1.7622979641812773,0.8105935740544731,1.4506009616466653,1.6726822363932836,0.3485010617709403
1493,1.456870310839031,1.1662047022610071,1.8032804842972787,1.0682697879435639,1.7609550063924555,0.8091723114805286,1.4493313268937893,1.6716749850871138,0.349006608731307
1494,1.4562956937909657,1.1657472530129425,1.8026526521699928,1.0674453607671461,1.7596124941398594,0.807752110284114,1.448061457714676,1.6706675007882175,0.349511942225898
1495,1.455721108401012,1.1652893840326912,1.8020252885811,1.0666206164354084,1.7582704204943784,0.8063329741046456,1.4467913502187784,1.6696597762408187,0.3500170548417637
1496,1.4551465487575228,1.1648310893965719,1.8013983873121147,1.065795549898677,1.75692877853873,0.80491490656034,1.4455210005302492,1.6686518042039118,0.3505219391638725
1497,1.454572008963257,1.1643723631978746,1.80077194215617,1.064970156123798,1.7555875613675718,0.8034979112481881,1.4442504047880353,1.6676435774513643,0.3510265877752385
1498,1.453997483135479,1.163913199546956,1.80014594691812,1.064144430094223,1.7542467620876148,0.8020819917439217,1.442979559145974,1.6666350887720218,0.3515309932570513
1499,1.4534229654060544,1.1634535925713263,1.799520395414639,1.0633183668100967,1.752906373817734,0.8006671516019928,1.4417084597728822,1.6656263309698045,0.3520351481888007
1500,1.4528484499215517,1.1629935364157435,1.7988952814743262,1.0624919612883434,1.7515663896890818,0.7992533943555428,1.440437102852655,1.664617296863815,0.3525390451484095
1501,1.4522739308433374,1.1625330252423025,1.7982705989378045,1.0616652085627525,1.750226802845199,0.7978407235163794,1.4391654845843544,1.663607979288436,0.3530426767123604
1502,1.451699402347673,1.1620720532305242,1.7976463416578201,1.060838103684063,1.7488876064421222,0.7964291425749486,1.4378936011823025,1.6625983710934298,0.3535460354558247
1503,1.451124858625813,1.1616106145774467,1.7970225034993452,1.0600106417200503,1.7475487936484984,0.795018655000313,1.4366214488761753,1.6615884651440436,0.3540491139527924
1504,1.4505502938841017,1.1611487034977155,1.7963990783396766,1.0591828177556106,1.746210357645695,0.7936092642401288,1.4353490239110926,1.6605782543211063,0.354551904776202
1505,1.4499757023440687,1.16068631422367,1.7957760600685357,1.058354626892845,1.7448722916279085,0.7922009737206215,1.4340763225477107,1.6595677315211301,0.35505440049806847
1506,1.4494010782425255,1.1602234410054364,1.7951534425881681,1.0575260642511444,1.7435345888022742,0.7907937868465634,1.4328033410623127,1.6585568896564107,0.3555565936896151
1507,1.4488264158316597,1.1597600781110113,1.7945312198134409,1.0566971249672712,1.7421972423889753,0.7893877070012545,1.431530075746897,1.6575457216551248,0.35605847692140413
1508,1.4482517093791318,1.1592962198263541,1.7939093856719432,1.0558678041954457,1.7408602456213529,0.7879827375465,1.4302565229092712,1.656534220461432,0.35656004276346437
1509,1.4476769531681695,1.1588318604554728,1.7932879341040842,1.0550380971074267,1.7395235917460148,0.7865788818225924,1.4289826788731392,1.6555223790355722,0.35706128378542445
1510,1.4471021414976615,1.1583669943205117,1.7926668590631893,1.0542079988925952,1.7381872740229425,0.7851761431482918,1.4277085399781912,1.6545101903539647,0.35756219255664234
1511,1.446527268682253,1.1579016157618396,1.7920461545156008,1.0533775047580374,1.7368512857256002,0.783774524820806,1.4264341025801925,1.6534976474093068,0.35806276164633694
1512,1.4459523290524383,1.1574357191381353,1.7914258144407715,1.0525466099286243,1.735515620141042,0.7823740301157752,1.4251593630510722,1.6524847432106713,0.35856298362371886
1513,1.4453773169546544,1.1569692988264744,1.790805832831364,1.0517153096470953,1.734180270570019,0.7809746622872544,1.4238843177790101,1.651471470783604,0.3590628510581218
1514,1.4448022267513758,1.156502349222417,1.7901862036933485,1.0508835991741394,1.7328452303270883,0.7795764245676974,1.4226089631685277,1.6504578231702238,0.35956235651913404
1515,1.444227052821204,1.156034864740091,1.7895669210460943,1.0500514737884752,1.7315104927407166,0.7781793201679418,1.42133329564057,1.6494437934293154,0.3600614925767314
1516,1.4436517895589633,1.1555668398122811,1.788947978922471,1.0492189287869307,1.7301760511533884,0.776783352277191,1.4200573116325985,1.6484293746364307,0.3605602518014072
1517,1.4430764313757904,1.1550982688905096,1.78832937136894,1.0483859594845253,1.7288418989217118,0.7753885240630072,1.418781007598672,1.6474145598839822,0.36105862676430694
1518,1.4425009726992277,1.154629146445125,1.7877110924456532,1.0475525612145482,1.7275080294165244,0.7739948386712917,1.417504380009538,1.6463993422813423,0.3615566100373575
1519,1.4419254079733121,1.1541594669653839,1.787093136226543,1.0467187293286364,1.7261744360229958,0.7726022992262745,1.4162274253527118,1.6453837149549342,0.36205419419340223
1520,1.4413497316586696,1.153689224959537,1.7864754967994223,1.0458844591968572,1.7248411121407377,0.7712109088305047,1.4149501401325681,1.6443676710483335,0.3625513718063326
1521,1.4407739382326028,1.153218414954912,1.7858581682660746,1.0450497462077837,1.723508051183904,0.7698206705648366,1.4136725208704224,1.6433512037223608,0.36304813545122167
1522,1.4401980221891821,1.1527470314979968,1.785241144742349,1.0442145857685734,1.7221752465812963,0.7684315874884197,1.4123945641046147,1.6423343061551758,0.3635444777044561
1523,1.4396219780393362,1.1522750691545232,1.7846244203582546,1.0443758584403247,1.7220535268403614,0.7697123466333846,1.4108012910362995,1.641001996188078,0.36404039114386944
1524,1.4390458003109403,1.151802522509549,1.7840079892580516,1.0453035292613426,1.7228634385987198,0.7730573551589428,1.4089653848583414,1.639426953654414,0.36453586834887697
1525,1.4384694835489062,1.151329386167541,1.7833918456003452,1.0462307641148312,1.723673557746312,0.7764166963689849,1.407129130894734,1.6378514605190069,0.36503090190060783
1526,1.4378930223152702,1.1508556547524569,1.7827759835581776,1.0471575579937928,1.7244838783423821,0.7797904506671696,1.4052925257527535,1.6362755100303215,0.36552548438203825
1527,1.4373164111892824,1.1503813229078266,1.78216039731912,1.0480839059109723,1.7252943944604366,0.7831786990614272,1.4034555660571189,1.634699095454636,0.3660196083781271
1528,1.4367396447674927,1.1499063852968328,1.781545081085363,1.0490098028989379,1.7261051001883356,0.7865815231698156,1.4016182484500683,1.633122210076131,0.3665132664759491
1529,1.436162717663841,1.1494308366023942,1.7809300290738104,1.0499352440101695,1.7269159896283903,0.7899990052264462,1.3997805695914454,1.631544847196985,0.3670064512648288
1530,1.4355856245097427,1.1489546715272447,1.7803152355161678,1.0508602243171372,1.7277270568974512,0.7934312280874707,1.3979425261587783,1.6299670001374669,0.36749915533647315
1531,1.4350083599541754,1.1484778847940122,1.7797006946590328,1.0517847389123844,1.728538296127004,0.7968782752371513,1.396104114847357,1.6283886622360262,0.36799137128511006
1532,1.4344309186637658,1.1480004711453011,1.7790864007639868,1.052708782908609,1.7293497014632582,0.8003402307939835,1.3942653323703178,1.6268098268493878,0.3684830917076187
1533,1.4338532953228764,1.147522425343771,1.7784723481076838,1.0536323514387458,1.730161267067242,0.8038171795169082,1.3924261754587206,1.6252304873526422,0.3689743092036667
1534,1.4332754846336901,1.147043742172215,1.77785853098194,1.054555439656046,1.7309729871148916,0.8073092068115872,1.3905866408616276,1.6236506371393378,0.3694650163758449
1535,1.432697481316295,1.1465644164336384,1.7772449436938205,1.0554780427341572,1.7317848557971414,0.810816398736756,1.3887467253461816,1.6220702696215696,0.3699552058298009
1536,1.43211928010877,1.1460844429513375,1.776631580565732,1.0564001558672063,1.7325968673200174,0.8143388420106524,1.3869064256976844,1.620489378230072,0.3704448701743741
1537,1.4315408757672703,1.1456038165689788,1.7760184359355071,1.0573217742698757,1.733409015904724,0.8178766240175155,1.385065738719675,1.6189079564143098,0.3709340020217346
1538,1.43096226306611,1.1451225321506755,1.7754055041564953,1.0582428931774848,1.7342212957877368,0.8214298328141686,1.3832246612340071,1.617325997642567,0.37142259398751165
1539,1.4303834367978459,1.1446405845810643,1.7747927795976473,1.0591635078460664,1.7350337012208887,0.824998557136676,1.3813831900809228,1.615743495402036,0.3719106386909369
1540,1.4298043917733614,1.1441579687653838,1.774180256643605,1.0600836135524478,1.7358462264714636,0.8285828864070834,1.3795413221191333,1.61416044319891,0.3723981287549735
1541,1.4292251228219481,1.1436746796295487,1.7735679296947842,1.0610032055943268,1.7366588658222797,0.8321829107402349,1.3776990542258885,1.6125768345584668,0.37288505680645573
1542,1.428645624791391,1.1431907121202292,1.7729557931674662,1.06192227929035,1.7374716135717825,0.8357987209506688,1.3758563832970594,1.6109926630251645,0.3733714154762229
1543,1.428065892548047,1.1427060612049236,1.7723438414938786,1.0628408299801886,1.738284464034129,0.8394304085596029,1.3740133062472069,1.6094079221627242,0.3738571973992562
1544,1.4274859209769295,1.1422207218720364,1.771732069122284,1.0637588530246165,1.7390974115392785,0.843078065801999,1.3721698200096597,1.6078226055542217,0.3743423952148137
1545,1.4269057049817881,1.141734689130951,1.7711204705170627,1.0646763438055862,1.7399104504330771,0.8467417856337152,1.370325921536586,1.6062367068021735,0.3748270015665677
1546,1.4263252394851902,1.1412479580121062,1.7705090401588,1.0655932977263045,1.740723575077347,0.8504216617387407,1.3684816077990674,1.6046502195286247,0.37531100910273935
1547,1.4257445194286011,1.14076052356707,1.7698977725443683,1.0665097102113075,1.7415367798499712,0.8541177885365193,1.3666368757871732,1.603063137375238,0.3757944104762361
1548,1.4251635397724642,1.1402723808686122,1.7692866621870116,1.0674255767065353,1.7423500591449792,0.8578302611893633,1.3647917225100301,1.6014754540033775,0.3762771983447876
1549,1.4245822954962806,1.1397835250107797,1.7686757036164293,1.068340892679407,1.7431634073726348,0.8615591756099554,1.3629461449958957,1.599887163094198,0.3767593653710829
1550,1.4240007815986881,1.1392939511089692,1.7680648913788595,1.0692556536188942,1.7439768189595184,0.8653046284689389,1.3611001402922307,1.59829825834873,0.3772409042229045
1551,1.423418993097541,1.1388036542999986,1.7674542200371601,1.0701698550355971,1.7447902883486162,0.8690667172026139,1.3592537054657665,1.5967087334879653,0.3777218075732689
1552,1.4228369250299868,1.1383126297421815,1.7668436841708932,1.0710834924618136,1.7456038099994002,0.8728455400207019,1.3574068376025796,1.5951185822529435,0.37820206810055906
1553,1.4222545724525464,1.1378208726153973,1.7662332783764059,1.0719965614516145,1.7464173783879153,0.8766411959142302,1.3555595338081585,1.5935277984048373,0.378681678488665
1554,1.4216719304411891,1.1373283781211636,1.7656229972669109,1.0729090575809148,1.7472309880068604,0.8804537846634972,1.3537117912074752,1.5919363757250364,0.37916063142711653
1555,1.4210889940914124,1.1368351414827076,1.7650128354725696,1.073820976447548,1.7480446333656758,0.8842834068461475,1.3518636069450514,1.5903443080152329,0.3796389196112243
1556,1.4205057585183172,1.1363411579450364,1.764402787640571,1.0747323136713338,1.7488583089906227,0.8881301638453317,1.3500149781850301,1.588751589097506,0.3801165357422139
1557,1.419922218856684,1.1358464227750082,1.7637928484352128,1.0756430648941517,1.7496720094248666,0.8919941578579776,1.3481659021112415,1.5871582128144046,0.38059347252736336
1558,1.41933837026105,1.1353509312614007,1.7631830125379808,1.0765532257800114,1.7504857292285605,0.8958754919031631,1.3463163759272712,1.585564173029033,0.38106972268014067
1559,1.4187542079057835,1.1348546787149827,1.7625732746476288,1.0774627920151207,1.7512994629789251,0.8997742698305818,1.3444663968565258,1.5839694636251322,0.38154527892034124
1560,1.4181697269851599,1.1343576604685826,1.761963629480257,1.078371759307959,1.7521132052703328,0.9036905963291314,1.342615962142301,1.5823740785071636,0.382020133974224
1561,1.4175849227134343,1.133859871877155,1.7613540717693907,1.0792801233893417,1.7529269507143843,0.9076245769355896,1.3407650690478456,1.5807780116003913,0.382494280574649
1562,1.4169997903249187,1.1333613083178533,1.760744596266059,1.080187880012493,1.7537406939399944,0.9115763180434125,1.338913714856429,1.5791812568509656,0.3829677114612146
1563,1.4164143250740544,1.1328619651900953,1.7601351977388722,1.081095024953113,1.7545544295934685,0.915545926911633,1.3370618968714052,1.5775838082260043,0.3834404193803951
1564,1.4158285222354845,1.1323618379156302,1.759525870974099,1.082001554009444,1.7553681523385836,0.919533511673876,1.3352096124162762,1.5759856597136739,0.38391239708567715
1565,1.4152423771041278,1.1318609219386069,1.7589166107757437,1.082907463002341,1.7561818568566683,0.923539181347488,1.3333568588347555,1.5743868053232701,0.38438363733769837
1566,1.4146558849952522,1.1313592127256418,1.7583074119656228,1.0838127477753352,1.7569955378466808,0.9275630458427694,1.331503633490835,1.5727872390853026,0.3848541329043836
1567,1.414069041244544,1.1308567057658823,1.7576982693834395,1.084717404194703,1.757809190025288,0.931286901449918,1.329649933768842,1.5711869550515698,0.3853238765610827
1568,1.4134818412081833,1.1303533965710761,1.7570891778868634,1.085621428149531,1.758622808126944,0.9312548234846437,1.3277957570735082,1.5695859472952456,0.3857928610907073
1569,1.4128942802629116,1.1298492806756344,1.7564801323516,1.0865248155517815,1.7594363869039658,0.9312231775369536,1.325941100830025,1.5679842099109533,0.3862610792838687
1570,1.412306353806105,1.1293443536366983,1.7558711276714702,1.087427562336359,1.7602499211266147,0.9311919644901161,1.324085962484108,1.5663817370148494,0.3867285239390171
1571,1.4117180572558437,1.1288386110342037,1.7552621587584827,1.0883296644611726,1.7610634055831698,0.931161185225404,1.322230339502058,1.564778522744701,0.3871951878625752
1572,1.4111293860509815,1.1283320484709445,1.7546532205429082,1.0892311179072016,1.7618768350800043,0.9311308406220951,1.3203742293708205,1.5631745612599657,0.3876610638690778
1573,1.4105403356512167,1.1278246615726382,1.754044307973353,1.0901319186785605,1.7626902044416657,0.9311009315574588,1.318517629598045,1.5615698467418697,0.38812614478131024
1574,1.4099509015371599,1.1273164459879885,1.7534354160168326,1.0910320628025594,1.7635035085109467,0.9310714589067568,1.3166605377121445,1.559964373393486,0.3885904234304432
1575,1.4093610792104023,1.1268073973887485,1.7528265396588427,1.0919315463297694,1.764316742148964,0.931042423543233,1.314802951262353,1.558358135439812,0.38905389265617346
1576,1.4087708641935848,1.1262975114697835,1.7522176739034334,1.092830365334083,1.7651299002352305,0.9310138263381111,1.3129448678187852,1.5567511271278474,0.3895165453068572
1577,1.408180252030466,1.1257867839491338,1.7516088137732808,1.0937285159127779,1.7659429776677324,0.9309856681605889,1.3110862849724942,1.5551433427266732,0.38997837423965054
1578,1.4075892382859876,1.1252752105680757,1.7509999543097554,1.0946259941865768,1.7667559693630008,0.9309579498778289,1.3092272003355254,1.5535347765275247,0.39043937232064724
1579,1.4069978185463432,1.1247627870911838,1.750391090572998,1.0955227962997092,1.7675688702561863,0.9309306723549597,1.307367611540977,1.5519254228438715,0.3908995324250118
1580,1.4064059884190443,1.1242495093063927,1.749782217641986,1.0964189184199729,1.7683816753011345,0.9309038364550616,1.3055075162430523,1.5503152760114924,0.39135884743712357
1581,1.4058137435329852,1.1237353730250554,1.7491733306146056,1.0973143567387917,1.7691943794704548,0.9308774430391703,1.3036469121171184,1.5487043303885515,0.39181731025070676
1582,1.4052210795385096,1.1232203740820064,1.748564424607721,1.0982091074712772,1.7700069777555953,0.9308514929662648,1.3017857968597577,1.547092580355673,0.39227491376897344
1583,1.4046279921074754,1.1227045083356193,1.7479554947572429,1.0991031668562856,1.7708194651669138,0.9308259870932636,1.2999241681888258,1.545480020316018,0.39273165090475715
1584,1.4040344769333177,1.1221877716678668,1.7473465362181975,1.0999965311564794,1.7716318367337496,0.9308009262750223,1.2980620238435,1.543866644695356,0.3931875145806528
1585,1.4034405297311172,1.121670159984382,1.746737544164797,1.100889196658384,1.7724440875044967,0.9307763113643227,1.2961993615843392,1.5422524479421447,0.39364249772915105
1586,1.4028461462376578,1.1211516692145116,1.7461285137905025,1.1017811596724434,1.773256212546669,0.9307521432118724,1.2943361791933303,1.5406374245275984,0.3940965932927782
1587,1.402251322211495,1.1206322953113803,1.7455194403080965,1.1026724165330808,1.7740682069469764,0.9307284226662961,1.2924724744739444,1.5390215689457662,0.3945497942242314
1588,1.401656053433017,1.120112034251945,1.744910318949748,1.1035629635987536,1.774880065811392,0.9307051505741311,1.2906082452511876,1.5374048757136038,0.3950020934865159
1589,1.401060335704505,1.119590882037052,1.744301144967077,1.10445279725201,1.7756917842652202,0.9306823277798234,1.2887434893716478,1.5357873393710437,0.3954534840530828
1590,1.4004641648501988,1.1190688346914948,1.7436919136312243,1.105341913899545,1.7765033574531697,0.9306599551257198,1.2868782047035527,1.534168954481074,0.39590395890796487
1591,1.3998675367163553,1.1185458882640715,1.7430826202329144,1.1062303099722552,1.7773147805394172,0.9306380334520636,1.2850123891368137,1.532549715629806,0.3963535110459149
1592,1.3992704471713109,1.118022038827639,1.7424732600825212,1.1071179819252943,1.778126048707679,0.9306165635969896,1.283146040583077,1.5309296174265479,0.39680213347254073
1593,1.3986728921055411,1.1174972824791691,1.741863828510134,1.108004926238126,1.7789371571612769,0.9305955463965186,1.2812791569757735,1.5293086545038765,0.39724981920444247
1594,1.3980748674317214,1.1169716153398048,1.7412543208656197,1.1088911394145808,1.7797481011232068,0.9305749826845506,1.279411736270164,1.527686821517707,0.3976965612693504
1595,1.3974763690847856,1.116445033554913,1.740644732518688,1.1095020381465353,1.7803118887571694,0.9305165963135005,1.277736979670677,1.5262573163746533,0.39814235270625953
1596,1.3968773930219873,1.1159175332941416,1.7400350588589557,1.1080185286975468,1.778992224612507,0.9301669042535989,1.2775348565571578,1.5263001051583003,0.39858718656556674
1597,1.3962779352229557,1.1153891107514702,1.739425295296007,1.1065342795952506,1.7776723796348644,0.9298178489757969,1.2773321903425836,1.526342007986944,0.3990310559092089
1598,1.3956779916897566,1.1148597621452674,1.7388154372594589,1.105049287166139,1.7763523494478104,0.9294694306822431,1.2771289790700155,1.526383019610566,0.399473953810796
1599,1.3950775584469473,1.1143294837183393,1.73820548019902,1.103563547762072,1.7750321296940492,0.9291216495724028,1.2769252208045776,1.5264231348028383,0.3999158733557507
1600,1.3944766315416355,1.1137982717379855,1.7375954195845549,1.1020770577603354,1.77371171603548,0.9287745058430591,1.2767209136335038,1.5264623483611919,0.40035680764144027
1601,1.3938752070435367,1.1132661224960505,1.7369852509061443,1.1005898135636962,1.7723911041532587,0.9284279996883118,1.276516055666182,1.5265006551068891,0.4007967497773177
1602,1.3932732810450297,1.1127330323089748,1.7363749696741455,1.0991018116004554,1.7710702897478547,0.9280821312995756,1.276310645034198,1.5265380498850887,0.4012356928850522
1603,1.3926708496612112,1.1121989975178461,1.7357645714192527,1.097613048324501,1.7697492685391092,0.9277369008655815,1.2761046798913755,1.5265745275649139,0.4016736300986698
1604,1.3920679090299541,1.1116640144884515,1.7351540516925563,1.0961235202153623,1.7684280362662947,0.9273923085723709,1.2758981584138238,1.526610083039523,0.4021105545646859
1605,1.3914644553119595,1.1111280796113259,1.7345434060656029,1.0946332237782619,1.7671065886881705,0.9270483546033025,1.275691078799976,1.5266447112261747,0.4025464594422421
1606,1.3908604846908135,1.1105911893018041,1.7339326301304534,1.0931421555441692,1.7657849215830426,0.9267050391390445,1.2754834392706313,1.5266784070662942,0.40298133790324075
1607,1.3902559933730403,1.1100533400000694,1.7333217194997432,1.091650312069851,1.7644630307488187,0.9263623623575793,1.275275238068998,1.5267111655255436,0.4034151831324811
1608,1.3896509775881545,1.1095145281712013,1.7327106698067367,1.090157689937922,1.763140912003065,0.9260203244341976,1.275066473460729,1.526742981593883,0.4038479883277941
1609,1.3890454335887168,1.1089747503052272,1.7320994767053886,1.0886642857568962,1.7618185611830601,0.9256789255415044,1.2748571437339673,1.526773850285642,0.4042797467001777
1610,1.388439357650384,1.1084340029171678,1.731488135870397,1.0871700961612376,1.7604959741458543,0.9253381658494106,1.2746472471993806,1.5268037666395808,0.40471045147393125
1611,1.3878327460719622,1.1078922825470863,1.730876642997263,1.085675117811409,1.7591731467683207,0.924998045525139,1.2744367821902012,1.526832725718957,0.4051400958867909
1612,1.3872255951754593,1.107349585760136,1.7302649938023458,1.084179347393922,1.7578500749472135,0.9246585647332188,1.2742257470622662,1.526860722611592,0.4055686731900632
1613,1.3866179013061348,1.1068059091466065,1.7296531840229175,1.0826827816213846,1.7565267545992183,0.9243197236354889,1.2740141401940512,1.5268877524299336,0.4059961766487613
1614,1.3860096608325505,1.1062612493219692,1.7290412094172185,1.081185417232549,1.7552031816610074,0.9239815223910948,1.2738019599867096,1.5269138103111202,0.40642259954173715
1615,1.3854008701466223,1.1057156029269262,1.7284290657645134,1.0796872509923618,1.753879352089295,0.9236439611564886,1.2735892048641086,1.5269388914170463,0.4068479351618177
1616,1.3847915256636676,1.105168966627453,1.727816748865143,1.0781882796920077,1.7525552618608866,0.9233070400854279,1.2733758732728637,1.5269629909344233,0.4072721768159371
1617,1.3841816238224571,1.1046213371148454,1.7272042545405804,1.07668850014896,1.751230906972734,0.9229707593289774,1.2731619636823748,1.526986104074845,0.40769531782527213
1618,1.3835711610852612,1.1040727111057633,1.7265915786334818,1.0751879092070218,1.749906283441985,0.9226351190355062,1.2729474745848612,1.5270082260748492,0.4081173515253746
1619,1.3829601339379,1.1035230853422753,1.7259787170077414,1.0736865037363756,1.7485813873060365,0.9223001193506869,1.2727324044953934,1.5270293521959795,0.40853827126630604
1620,1.3823485388897903,1.102972456591902,1.725365665548542,1.0721842806336275,1.7472562146225852,0.9219657604174977,1.2725167519519285,1.5270494777248484,0.4089580704127707
1621,1.3817363724739926,1.1024208216476599,1.724752420162408,1.0706812368218501,1.7459307614696775,0.921632042376219,1.2723005155153422,1.5270685979731977,0.40937674234424715
1622,1.38112363124726,1.1018681773281047,1.7241389767772566,1.0691773692506297,1.7446050239457611,0.9212989653644356,1.2720836937694617,1.5270867082779613,0.40979428045512345
1623,1.3805103117900805,1.101314520477372,1.723525331342447,1.0676726748961052,1.7432789981697319,0.9209665295170335,1.2718662853210945,1.5271038040013236,0.4102106781548301
1624,1.3798964107067286,1.1007598479652219,1.722911479828834,1.0661671507610166,1.7419526802809866,0.9206347349662023,1.2716482888000642,1.5271198805307828,0.4106259288679693
1625,1.3792819246253054,1.100204156687078,1.7222974182288153,1.0646607938747428,1.7406260664394693,0.9203035818414316,1.271429702859236,1.527134933279209,0.4110400260344521
1626,1.3786668501977863,1.09964744356407,1.721683142556381,1.063153601293347,1.73929915282572,0.9199730702695138,1.27121052617455,1.5271489576849044,0.4114529631096269
1627,1.3780511841000653,1.099089705543074,1.721068648847165,1.0616455700996164,1.7379719356409244,0.9196432003745421,1.270990757445049,1.5271619492116637,0.4118647335644133
1628,1.3774349230319978,1.0985309395967526,1.72045393315849,1.0601366974031026,1.7366444111069583,0.919313972277908,1.2707703953929061,1.527173903348831,0.41227533088543383
1629,1.3768180637174452,1.0979711427235948,1.719838991569419,1.058626980340164,1.7353165754664364,0.9189853860983067,1.2705494387634562,1.5271848156113608,0.412684748575144
1630,1.3762006029043168,1.0974103119479541,1.7192238201807994,1.0571164160740039,1.7339884249827584,0.9186574419517304,1.270327886325218,1.5271946815398731,0.4130929801519659
1631,1.3755825373646147,1.0968484443200908,1.7186084151153138,1.055605001794713,1.732659955940157,0.918330139951472,1.2701057368699276,1.5272034967007162,0.4135000191504189
1632,1.3749638638944723,1.0962855369162057,1.717992772517524,1.0540927347193039,1.7313311646437404,0.9180034802081237,1.2698829892125583,1.5272112566860185,0.41390585912124883
1633,1.3743445793141982,1.0957215868384806,1.7173768885539158,1.0525796120917514,1.730002047419538,0.9176774628295753,1.269659642191351,1.5272179571137503,0.41431049363156147
1634,1.3737246804683172,1.0951565912151173,1.7167607594129501,1.0510656311830326,1.728672600614548,0.9173520879210161,1.2694356946678373,1.5272235936277772,0.4147139162649498
1635,1.37310416422561,1.0945905472003714,1.7161443813051023,1.0495507892911617,1.7273428205967791,0.9170273555849336,1.269211145526864,1.527228161897919,0.4151161206216285
1636,1.3724830274791533,1.0940234519745897,1.7155277504629092,1.0480350837412262,1.7260127037552944,0.9167032659211127,1.2689859936766166,1.5272316576200038,0.4155171003185599
1637,1.37186126714636,1.0934553027442484,1.7149108631410142,1.0465185118854268,1.7246822465002563,0.916379819026637,1.268760238048644,1.5272340765159242,0.4159168489895861
1638,1.3712388801690176,1.092886096741986,1.714293715616209,1.045001071103108,1.7233514452629668,0.9160570149958864,1.2685338775978805,1.527235414333694,0.4163153602855589
1639,1.3706158635133274,1.0923158312266399,1.7136763041874787,1.0434827588007982,1.722020296495913,0.91573485392054,1.2683069113026675,1.5272356668475,0.41671262787446645
1640,1.369992214169943,1.0917445034832824,1.7130586251760436,1.0419635724122431,1.720688796672808,0.9154133358895714,1.2680793381647761,1.5272348298577598,0.4171086454415657
1641,1.3693679291540057,1.0911721108232513,1.7124406749254006,1.0404435093984377,1.7193569422886312,0.9150924609892531,1.2678511572094264,1.5272328991911734,0.4175034066895091
1642,1.368743005505185,1.0905986505841878,1.7118224498013677,1.0389225672476625,1.7180247298596714,0.9147722293031533,1.2676223674853098,1.5272298707007788,0.417896905338474
1643,1.3681174402877117,1.0900241201300667,1.7112039461921214,1.0374007434755153,1.7166921559235646,0.9144526409121374,1.2673929680646068,1.5272257402660037,0.41828913512629123
1644,1.3674912305904174,1.0894485168512318,1.7105851605082423,1.0358780356249457,1.7153592170393386,0.914133695894368,1.2671629580430084,1.52722050379272,0.4186800898085712
1645,1.3668643735267667,1.088871838164426,1.7099660891827493,1.034354441266284,1.7140259097874475,0.9138153943253007,1.2669323365397311,1.527214157213294,0.4190697631588352
1646,1.366236866234896,1.0882940815128255,1.7093467286711463,1.0328299579972773,1.7126922307698165,0.9134977362776914,1.2667011026975397,1.5272066964866424,0.41945814896863937
1647,1.3656087058776443,1.0877152443660685,1.708727075451456,1.031304583443115,1.7113581766098747,0.91318072182159,1.2664692556827593,1.5271981175982798,0.419845241047704
1648,1.3649798896425913,1.0871353242202908,1.7081071260242622,1.029778315256465,1.7100237439525985,0.9128643510243423,1.2662367946852975,1.5271884165603744,0.4202310332240404
1649,1.3643504147420873,1.0865543185981505,1.7074868769127451,1.0282511511174994,1.7086889294645464,0.9125486239505904,1.2660037189186557,1.527177589411795,0.4206155193440764
1650,1.3637202784132902,1.085972225048864,1.7068663246627243,1.026723088733928,1.7073537298338999,0.9122335406622734,1.2657700276199484,1.5271656322181655,0.42099869327278416
1651,1.3630894779181946,1.0853890411482312,1.7062454658426898,1.0251941258410233,1.7060181417704956,0.9112809331242866,1.2655357200499153,1.5271525410719113,0.4213805488938046
1652,1.3624580105436657,1.0848047644986665,1.7056242970438436,1.0236642602016506,1.7046821620058652,0.9089644026320558,1.2653007954929374,1.5271383120923134,0.42176108010957614
1653,1.3618258736014712,1.084219392729228,1.705002814880134,1.022133489606297,1.70334578729327,0.9066542772524839,1.2650652532570499,1.5271229414255538,0.42214028084145666
1654,1.3611930644283121,1.0836329234956454,1.7043810159882922,1.0206018118730977,1.7020090144077382,0.9043505377035664,1.2648290926739565,1.527106425244768,0.4225181450298509
1655,1.360559580385853,1.0830453544803467,1.7037588970278683,1.0190692248478628,1.7006718401460978,0.9020531647560424,1.2645923130990397,1.5270887597500908,0.4228946666343347
1656,1.3599254188607535,1.0824566833924876,1.7031364546812655,1.0175357264041052,1.6993342613270142,0.8997621392332422,1.264354913911376,1.5270699411687083,0.42326983963377984
1657,1.3592905772646957,1.0818669079679761,1.7025136856537737,1.0160013144430624,1.6979962747910191,0.8974774420109238,1.2641168945137442,1.527049965754902,0.4236436580264783
1658,1.3586550530344157,1.081276025969501,1.7018905866736058,1.014465986893727,1.6966578774005507,0.8951990540171272,1.2638782543326368,1.5270288297900985,0.42401611583026644
1659,1.3580188436317322,1.0806840351865576,1.7012671544919304,1.0129297417128695,1.695319066039984,0.892926956232014,1.2636389928182736,1.5270065295829183,0.4243872070826476
1660,1.357381946543572,1.0800909334354714,1.7006433858829024,1.01139257688506,1.6939798376156612,0.890661129687715,1.263399109444605,1.5269830614692173,0.4247569258409162
1661,1.3567443592820008,1.0794967185594244,1.7000192776436998,1.0098544904226965,1.6926401890559295,0.8884015554681804,1.2631586037093268,1.52695842181214,0.4251252661822817
1662,1.3561060793842485,1.07890138842848,1.6993948265945513,1.0083154803660224,1.6913001173111661,0.886148214709018,1.2629174751338845,1.5269326070021598,0.42549222220398925
1663,1.3554671044127369,1.0783049409396062,1.6987700295787713,1.006775544783155,1.6899596193538167,0.8839010885973542,1.2626757232634835,1.5269056134571282,0.42585778802344343
1664,1.3548274319551052,1.0777073740166998,1.6981448834627892,1.005234681770104,1.688618692178421,0.8816601583716738,1.262433347667095,1.5268774376223182,0.4262219577783297
1665,1.3541870596242374,1.0771086856106107,1.697519385136181,1.0036928894507955,1.6872773328016475,0.879425405321674,1.2621903479374639,1.5268480759704712,0.426584725626737
1666,1.353545985058284,1.0765088736991613,1.6968935315116975,1.0021501659770902,1.6859355382623198,0.8771968107881141,1.261946723691112,1.526817525001838,0.42694608574727694
1667,1.3529042059206908,1.0759079362871722,1.6962673195252969,1.0006065095288053,1.6845933056214473,0.8749743561626604,1.261702474568347,1.5267857812442276,0.42730603233920705
1668,1.35226171990022,1.0753058714064823,1.6956407461361702,0.9990882510543302,1.6830178957399247,0.8724568910804641,1.2608759692912321,1.5261712103110137,0.4276645596225497
1669,1.351618524710976,1.0747026771159702,1.6950138083267738,0.9975822364647522,1.6813256574478617,0.8697956972500012,1.2597580230186725,1.5252646242562629,0.4280216618382137
1670,1.3509746180924262,1.0740983515015745,1.6943865031028533,0.9960753007949181,1.679632952319269,0.8671414676098396,1.2586394509333687,1.5243568351617256,0.4283773332481127
1671,1.3503299978094268,1.0734928926763159,1.6937588274934752,0.9945674427089772,1.6779397770698257,0.8644941822042188,1.2575202527708058,1.5234478396658657,0.4287315681352862
1672,1.3496846616522418,1.0728862987803147,1.6931307785510505,0.9930586608975571,1.6762461284393733,0.8618538211197501,1.2564004282902697,1.5225376344349162,0.42908436080401746
1673,1.349038607436568,1.0722785679808133,1.692502353351365,0.991548954077776,1.6745520031919499,0.8592203644854046,1.2552799772748502,1.5216262161629228,0.4294357055799537
1674,1.3483918330035531,1.0716696984721923,1.6918735489936019,0.9900383209932523,1.6728573981158203,0.8565937924725098,1.2541588995314426,1.5207135815717847,0.4297855968102227
1675,1.3477443362198185,1.07105968847599,1.6912443626003693,0.9885267604141175,1.6711623100235111,0.8539740852947454,1.2530371948907457,1.5197997274112938,0.4301340288635515
1676,1.3470961149774783,1.0704485362409206,1.6906147913177252,0.9870142711370246,1.6694667357518405,0.8513612232081328,1.2519148632072645,1.5188846504591782,0.43048099613038565
1677,1.3464471671941594,1.0698362400428914,1.6899848323152016,0.9855008519851594,1.6677706721619503,0.8487551865110317,1.2507919043593076,1.5179683475211398,0.43082649302300396
1678,1.3457974908130215,1.0692227981850213,1.68935448278583,0.9839865018082502,1.6660741161393375,0.8461559555441278,1.2496683182489887,1.5170508154308966,0.4311705139756363
1679,1.3451470838027735,1.0686082089976536,1.6887237399461625,0.9824712194825731,1.6643770645938818,0.843563510690427,1.2485441048022201,1.5161320510502188,0.431513053444581
1680,1.3444959441576951,1.067992470838378,1.6880926010362982,0.9809550039109658,1.662679514459879,0.8409778323752446,1.2474192639687156,1.5152120512689713,0.43185410590831996
1681,1.3438440698976506,1.0673755820920399,1.6874610633199028,0.9794378540228297,1.660981462696066,0.8383989010661942,1.2462937957219828,1.514290813005149,0.4321936658676341
1682,1.3431914590681098,1.0667575411707608,1.6868291240842335,0.9779197687741423,1.6592829062856547,0.8358266972731816,1.2451677000593229,1.5133683332049173,0.4325317278457191
1683,1.3425381097401616,1.06613834651395,1.6861967806401583,0.9764007471474595,1.6575838422363551,0.8332612015483867,1.2440409770018241,1.5124446088426486,0.43286828638830016
1684,1.3418840200105329,1.0655179965883204,1.68556403032218,0.9748807881519256,1.6558842675804073,0.8307023944862573,1.2429136265943586,1.5115196369209614,0.4332033360637474
1685,1.3412291880016016,1.0648964898879008,1.6849308704884534,0.9733598908232766,1.6541841793746055,0.8281502567234946,1.2417856489055756,1.5105934144707542,0.4335368714631871
1686,1.3405736118614138,1.0642738249340509,1.6842972985208085,0.9718380542238455,1.652483574700326,0.825604768939037,1.2406570440278961,1.5096659385512454,0.43386888720061967
1687,1.3399172897636968,1.0636500002754719,1.683663311824768,0.9703152774425687,1.6507824506635542,0.8230659118540548,1.2395278120775057,1.5087372062500062,0.4341993779130275
1688,1.3392602199078751,1.0630250144882214,1.6830289078295688,0.9687915595949883,1.6490808043949092,0.8205336662319241,1.2383979531943476,1.507807214682999,0.43452833826049264
1689,1.3386024005190833,1.0623988661757244,1.6823940839881792,0.9672668998232579,1.6473786330496702,0.8180080128782222,1.2372674675421158,1.506875960994612,0.43485576292630596
1690,1.3379438298481787,1.0617715539687844,1.6817588377773176,0.9657412972961444,1.6456759338078015,0.8154889326407084,1.236136355308246,1.5059434423576947,0.4351816466170805
1691,1.3372845061717538,1.0611430765255931,1.681123166697469,0.9642147512090296,1.6439727038739727,0.8129764064093036,1.2350046167039042,1.5050096559735895,0.43550598406286295
1692,1.33662442779215,1.0605134325317438,1.6804870682729052,0.9626872607839156,1.6422689404775894,0.8104704151160828,1.2338722519639813,1.50407459907217,0.43582877001724313
1693,1.3359635930374678,1.059882620700239,1.679850540051698,0.9611588252694234,1.6405646408728103,0.807970939735248,1.23273926134708,1.503138268911872,0.4361499992574665
1694,1.3353020002615792,1.0592506397715018,1.679213579605739,0.9596294439407969,1.6388598023385748,0.805477961283119,1.2316056451355057,1.5022006627797289,0.4364696665845438
1695,1.334639647844136,1.058617488513382,1.6785761845307519,0.9580991160998993,1.6371544221786198,0.8029914608181072,1.230471403635252,1.501261777991401,0.43678776682335974
1696,1.3339765341905827,1.057983165721169,1.67793835244631,0.9565678410752182,1.635448497721507,0.8005114194407023,1.229336537175993,1.5003216118912128,0.4371042948227834
1697,1.3333126577321652,1.0573476702175961,1.6773000809958512,0.9550356182218631,1.633742026320642,0.7980378182934523,1.2282010461110686,1.4993801618521818,0.4374192454557753
1698,1.3326480169259387,1.0567110008528497,1.6766613678466906,0.9535024469215629,1.6320350053542927,0.7955706385609383,1.2270649308174697,1.4984374252760515,0.4377326136194994
1699,1.3319826102547787,1.0560731565045778,1.676022210690036,0.9519683265826684,1.6303274322256152,0.7931098614697619,1.2259281916958285,1.4974933995933224,0.4380443942354254
1700,1.3313164362273862,1.0554341360778932,1.6753826072409994,0.9504332566401454,1.628619304362666,0.7906554682885147,1.2247908291703988,1.4965480822632826,0.4383545822494422
1701,1.3306494933782984,1.0547939385053842,1.6747425552386124,0.948897236555578,1.6269106192184295,0.7882074403277649,1.223652843689047,1.4956014707740395,0.4386631726319593
1702,1.3299817802678935,1.0541525627471162,1.6741020524458354,0.9473602658171613,1.6252013742708302,0.7857657589400306,1.222514235723231,1.4946535626425477,0.4389701603780171
1703,1.329313295482399,1.0535100077906405,1.6734610966495724,0.9458223439396999,1.623491567022755,0.7833304055197567,1.221375005767989,1.4937043554146419,0.4392755405073908
1704,1.328644037633896,1.052866272650996,1.6728196856606796,0.9442834704646039,1.621781195002069,0.7809013615032949,1.2202351543419185,1.492753846665063,0.43957930806469764
1705,1.3279740053603264,1.0522213563707161,1.6721778173139787,0.9427436449598842,1.6200702557616329,0.7784786083688737,1.219094681987162,1.4918020339974887,0.4398814581194992
1706,1.327303197325498,1.0515752580198316,1.6715354894682657,0.9412028670201482,1.6183587468793217,0.7760621276365812,1.2179535892693871,1.4908489150445614,0.4401819857664091
1707,1.3266316122190884,1.050927976695874,1.6708927000063216,0.9396611362665944,1.6166466659580387,0.7736519008683348,1.216811876777771,1.4898944874679179,0.44048088612519437
1708,1.3259592487566492,1.050279511523878,1.670249446834921,0.9381184523470052,1.6149340106257326,0.7712479096678572,1.215669545124977,1.4889387489582135,0.4407781543408804
1709,1.3252861056796097,1.0496298616563853,1.6696057278848415,0.9365748149357425,1.6132207785354122,0.768850135680652,1.2145265949471393,1.4879816972351532,0.44107378558385335
1710,1.32461218175528,1.048979026273445,1.6689615411108716,0.935030223733738,1.6115069673651612,0.7664585605939729,1.213383026903839,1.4870233300475149,0.44136777504996333
1711,1.323937475776855,1.0483270045826174,1.66831688449182,0.9334846784684903,1.609792574818154,0.7640731661368025,1.212238841678087,1.4860636451731795,0.44166011796062565
1712,1.3232619865634137,1.047673795818972,1.6676717560305208,0.9319381788940526,1.6080775986226672,0.7616939340798202,1.2110940399762986,1.4851026404191534,0.44195080956292276
1713,1.3225857129599234,1.0470193992450907,1.6670261537538422,0.9303907247910258,1.6063620365320943,0.7593208462353742,1.2099486225282754,1.4841403136215972,0.4422398451297057
1714,1.3219086538372402,1.0463638141510674,1.6663800757126928,0.9288423159665515,1.6046458863249593,0.7569538844574565,1.208802590087181,1.4831766626458487,0.4425272199596925
1715,1.321230808092108,1.045707039854506,1.6657335199820253,0.9272929522542988,1.602929145804926,0.754593030641669,1.2076559434295162,1.4822116853864478,0.4428129293775717
1716,1.3205521746471611,1.045049075700522,1.6650864846608455,0.9257426335144578,1.6012118128008135,0.7522382667251981,1.2065086833550982,1.4812453797671623,0.44309696873409876
1717,1.3198727524509226,1.0443899210617396,1.6644389678722151,0.9241913596337288,1.5994938851666056,0.7498895746867819,1.205360810687035,1.4802777437410106,0.4433793334061955
1718,1.3191925404778033,1.04372957533829,1.663790967763256,0.9226391305253088,1.597775360781462,0.7475469365466811,1.2042123262717008,1.4793087752902867,0.4436600187970507
1719,1.3185115377281007,1.0430680379578103,1.6631424825051553,0.921085946128883,1.5960562375497285,0.7452103343666474,1.2030632309787104,1.478338472426581,0.44393902033621424
1720,1.3178297432279973,1.0424053083754399,1.6624935102931677,0.919531806410611,1.5943365134009464,0.7428797502498902,1.201913525700892,1.4773668331908039,0.44421633347969836
1721,1.3171471560295578,1.0417413860738174,1.6618440493466196,0.9179767113631162,1.592616186289863,0.7405551663410475,1.2007632113542632,1.4763938556532097,0.44449195371007155
1722,1.3164637752107269,1.041076270563077,1.661194097908911,0.9164206610054714,1.59089525419644,0.7382365648261533,1.1996122888780023,1.4754195379134167,0.44476587653655575
1723,1.3157795998753254,1.0404099613808448,1.6605436542475178,0.9148636553831859,1.589173715125862,0.7359239279326018,1.1984607592344207,1.4744438781004297,0.44503809749512274
1724,1.3150946291530463,1.0397424580922339,1.659892716653993,0.9133056945681913,1.5874515671085425,0.7336172379291146,1.1973086234089336,1.4734668743726593,0.44530861214858924
1725,1.314408862199451,1.0390737602898392,1.6592412834439676,0.9117467786588281,1.5857288082001344,0.7313164771257098,1.1961558824100336,1.4724885249179451,0.44557741608671025
1726,1.3137222981959644,1.038403867593733,1.658589352957153,0.9101869077798306,1.5840054364815355,0.7290216278736644,1.1950025372692594,1.4715088279535742,0.4458445049262738
1727,1.3130349363498681,1.0377327796514564,1.6579369235573367,0.9086260820823094,1.5822814500588933,0.7267326725654822,1.1938485890411654,1.4705277817263003,0.4461098743111955
1728,1.3123467758942984,1.0370604961380172,1.6572839936323889,0.9070643017437401,1.580556847063615,0.7244495936348552,1.1926940388032945,1.4695453845123667,0.4463735199126095
1729,1.3116578160882344,1.036387016755878,1.6566305615942538,0.9055015669679409,1.578831625652367,0.7221723735566292,1.191538887656141,1.46856163461752,0.4466354374289637
1730,1.3109680562164956,1.0357123412349523,1.6559766258789534,0.9039378779850608,1.5771057840070846,0.7199009948467696,1.1903831367231246,1.4675765303770325,0.4468956225861082
1731,1.310277495589733,1.0350364693325953,1.6553221849465842,0.9023732350515602,1.5753793203349749,0.7176354400623229,1.1892267871505549,1.466590070155719,0.4471540711373896
1732,1.3095861335444223,1.0343594008335972,1.6546672372813154,0.9008076384501935,1.573652232868521,0.7153756918013788,1.188069840107601,1.4656022523479557,0.44741077886373937
1733,1.3088939694428534,1.0336811355501712,1.6540117813913842,0.89924108848999,1.5719245198654843,0.7131217327030358,1.1869122967862553,1.4646130753776954,0.4476657415737664
1734,1.3082010026731241,1.033001673321948,1.653355815809095,0.8976735855062359,1.5701961796089088,0.7108735454473584,1.1857541584013014,1.4636225376984857,0.44791895510384444
1735,1.3075072326491286,1.0323210140159629,1.6526993390908136,0.896105129860454,1.568467210407122,0.7086311127553439,1.1845954261902787,1.4626306377934846,0.44817041531820123
1736,1.3068126588105506,1.0316391575266484,1.6520423498169647,0.8945357219403869,1.5667376105937403,0.7063944173888821,1.1834361014134491,1.4616373741754791,0.44842011810900917
1737,1.3061172806228494,1.030956103775821,1.651384846592025,0.8929653621599709,1.5650073785276641,0.7041634421507116,1.1822761853537584,1.4606427453868962,0.44866805939647
1738,1.3054210975772524,1.0302718527126724,1.65072682804452,0.891394050959322,1.5632765125930863,0.7019381698843881,1.1811156793168036,1.4596467499998231,0.44891423512890427
1739,1.3047241091907416,1.0295864043137555,1.650068292827017,0.8898217888047086,1.5615450111994864,0.6997185834742378,1.1799545846307922,1.4586493866160177,0.44915864128283745
1740,1.3040263150060438,1.028899758582976,1.6494092396161197,0.8886148875169038,1.5602279701124209,0.6983861145438075,1.1790248650226964,1.4578826162431135,0.44940127386308587
1741,1.3033277145916164,1.0282119155515752,1.648749667112461,0.8887257456427424,1.5604046541816636,0.7002315632394109,1.1789296240439229,1.457949539720342,0.4496421289028411
1742,1.302628307541636,1.0275228752781211,1.648089574040696,0.8888356354803165,1.5605807202101833,0.702081106016773,1.17883379853602,1.4580150911842917,0.4498812024637578
1743,1.3019280934759858,1.0268326378484935,1.647428959149495,0.8889445574395207,1.5607561668961831,0.7039347517812881,1.1787373899172693,1.458079269355551,0.4501184906360337
1744,1.3012270720402392,1.026141203375869,1.6467678212115333,0.8890525119573525,1.5609309929619088,0.7057925094748757,1.1786403996283719,1.458142072984448,0.4503539895384981
1745,1.300525242905649,1.0254485720007087,1.6461061590234856,0.8891594994978929,1.5611051971536472,0.7076543880762415,1.1785428291324116,1.458203500851064,0.4505876953186903
1746,1.2998226057691307,1.0247547438907418,1.6454439714060147,0.8892655205522817,1.5612787782417175,0.7095203966011391,1.1784446799148107,1.4582635517652436,0.45081960415294553
1747,1.299119160353247,1.024059719240951,1.6447812572037623,0.8893705756386956,1.561451735020467,0.7113905441026361,1.1783459534832912,1.4583222245666068,0.4510497122464752
1748,1.298414906406195,1.0233634982735575,1.6441180152853412,0.889474665302326,1.5616240663082654,0.7132648396713793,1.1782466513678327,1.4583795181245607,0.4512780158334479
1749,1.2977098437017858,1.022666081238003,1.6434542445433202,0.8895777901153525,1.561795770947495,0.7151432924358634,1.1781467751206303,1.4584354313383094,0.45150451117707135
1750,1.2970039720394317,1.021967468410935,1.6427899438942182,0.8896799506769212,1.5619668478045452,0.7170259115626987,1.1780463263160508,1.4584899631368635,0.45172919456967087
1751,1.2962972912441273,1.0212676600961879,1.642125112278489,0.8897811476131173,1.5621372957698039,0.7189127062568842,1.177945306550591,1.4585431124790509,0.4519520623327697
1752,1.2955898011664326,1.020566656624768,1.6414597486605125,0.8898813815769423,1.5623071137576496,0.7208036857620783,1.1778437174428333,1.4585948783535259,0.45217311081716755
1753,1.2948815016824535,1.0198644583548313,1.6407938520285783,0.8899806532482855,1.5624763007064417,0.7226988593608789,1.1777415606334003,1.4586452597787765,0.4523923364030187
1754,1.2941723926938262,1.0191610656716703,1.6401274213948778,0.8900789633339006,1.5626448555785122,0.7245982363750929,1.1776388377849123,1.4586942558031355,0.4526097354999088
1755,1.2934624741276946,1.0184564789876902,1.6394604557954862,0.890176312567375,1.5628127773601541,0.7265018261660192,1.1775355505819385,1.4587418655047855,0.4528253045469334
1756,1.2927517459366937,1.0177506987423928,1.6387929542903517,0.8902727017091063,1.5629800650616126,0.7284096381347276,1.1774317007309545,1.4587880879917692,0.45303904001277323
1757,1.2920402080989288,1.0170437254023557,1.6381249159632807,0.8903681315462727,1.5631467177170748,0.7303216817223408,1.1773272899602942,1.4588329224019945,0.45325093839576824
1758,1.2913278606179535,1.01633555946121,1.6374563399219209,0.8904626028928035,1.563312734384656,0.7322379664103197,1.1772223200201022,1.458876367903242,0.4534609962239958
1759,1.2906147035227515,1.0156262014396238,1.6367872252977502,0.8905561165893529,1.5634781141463914,0.7341585017207453,1.177116792682288,1.4589184236931718,0.4536692100553421
1760,1.2899007368677136,1.0149156518852769,1.6361175712460572,0.8906486735032687,1.5636428561082212,0.7360832972166109,1.177010709740477,1.458959088999329,0.4538755764775778
1761,1.2891859607326155,1.0142039113728414,1.6354473769459275,0.890740274528563,1.5638069593999793,0.7380123625021072,1.1769040730099605,1.4589983630791477,0.45408009210843
1762,1.2884703752225959,1.013490980503958,1.634776641600224,0.8908309205858815,1.5639704231753786,0.739945707222917,1.1767968843276495,1.4590362452199575,0.4542827535956539
1763,1.287753980468134,1.0127768599072153,1.6341053644355743,0.8909206126224739,1.5641332466120004,0.7418833410665061,1.1766891455520232,1.4590727347389887,0.4544835576171072
1764,1.2870367766250261,1.0120615502381254,1.6334335447023496,0.8910093516121618,1.564295428911278,0.7438252737624199,1.1765808585630793,1.4591078309833745,0.45468250088081796
1765,1.2863187638743618,1.011345052179101,1.6327611816746483,0.8910971385553066,1.5644569692984835,0.7457715150825788,1.1764720252622833,1.4591415333301565,0.45487958012505786
1766,1.2855999424224989,1.0106273664394305,1.6320882746502765,0.8911839744787777,1.5646178670227113,0.7477220748415786,1.176362647572518,1.4591738411862862,0.4550747921184088
1767,1.2848803125010404,1.009908493755256,1.6314148229507308,0.8912698604359204,1.564778121356865,0.7496769628969892,1.1762527274380306,1.4592047539886301,0.45526813365983626
1768,1.2841598743668077,1.0091884348895452,1.6307408259211766,0.8913547975065215,1.56493773159764,0.7516361891496616,1.1761422668243815,1.4592342712039699,0.45545960157875337
1769,1.283438628301815,1.008467190632068,1.63006628293043,0.8914387867967756,1.565096697065507,0.7535997635440275,1.1760312677183913,1.4592623923290051,0.45564919273509075
1770,1.282716574613245,1.0077447617993711,1.6293911933709362,0.8915218294392522,1.565255017104696,0.7555676960684089,1.1759197321280874,1.4592891168903557,0.455836904019365
1771,1.2819937136334199,1.0070211492347512,1.6287155566587508,0.8916039265928599,1.5654126910831798,0.7575399967553269,1.175807662082651,1.459314444444562,0.45602273235274193
1772,1.2812700457197759,1.0062963538082275,1.6280393722335156,0.8916850794428115,1.5655697183926542,0.7595166756818114,1.175695059632362,1.4593383745780857,0.45620667468710413
1773,1.2805455712548346,1.0055703764165158,1.627362639558439,0.8917652892005885,1.5657260984485222,0.7614977429697156,1.1755819268485448,1.4593609069073104,0.4563887280051173
1774,1.2798202906461762,1.004843217983001,1.6266853581202736,0.8918445571039051,1.5658818306898734,0.7634832087860285,1.175468265823513,1.4593820410785414,0.4565688893202928
1775,1.2790942043264106,1.0041148794577088,1.6260075274292936,0.8919228844166716,1.5660369145794677,0.765473083343193,1.1753540786705137,1.4594017767680045,0.456747155677051
1776,1.2783673127531474,1.0033853618172763,1.6253291470192703,0.8920002724289566,1.566191349603712,0.7674673768994255,1.1752393675236714,1.459420113681846,0.4569235241507862
1777,1.2776396164089678,1.0026546660649247,1.6246502164474506,0.8920767224569504,1.5663451352726439,0.7694660997590351,1.175124134537931,1.4594370515561301,0.4570979918479276
1778,1.276911115801394,1.0019227932304293,1.6239707352945314,0.8921522358429264,1.5664982711199087,0.7714692622727483,1.175008381889001,1.4594525901568376,0.4572705559060023
1779,1.2761818114628596,1.0011897443700895,1.623290703164637,0.8922268139552039,1.566650756702741,0.7734768748380346,1.1748921117732958,1.4594667292798642,0.45744121349369404
1780,1.2754517039506774,1.0004555205666983,1.6226101196852918,0.8923004581881062,1.5668025916019408,0.7754889478994317,1.1747753264078766,1.459479468751016,0.4576099618109064
1781,1.27472079384701,0.9997201229295132,1.6219289845073968,0.8923731699619242,1.5669537754218539,0.7775054919488761,1.1746580280303935,1.4594908084260074,0.4577767980888208
1782,1.2739890817588364,0.9989835525942228,1.6212472973052034,0.8924449507228751,1.5671043077903488,0.7795265175260366,1.1745402188990273,1.4595007481904583,0.4579417195899546
1783,1.2732565683179211,0.9982458107229175,1.6205650577762871,0.8925158019430626,1.567254188358794,0.7815520352186449,1.174421901292428,1.459509287959888,0.4581047236082211
1784,1.272523254180781,0.9975068985040563,1.6198822656415206,0.8925857251204352,1.567403416802036,0.7835820556628341,1.1743030775096566,1.4595164276797141,0.4582658074689874
1785,1.2717891400286507,0.9967668171524333,1.619198920645046,0.8926547217787448,1.5675519928183732,0.7856165895434752,1.1741837498701209,1.459522167325241,0.4584249685291284
1786,1.271054226567453,0.9960255679091485,1.6185150225542493,0.8927227934675068,1.5676999161295357,0.7876556475945184,1.1740639207135204,1.4595265069016634,0.45858220417708684
1787,1.2703185145277602,0.9952831520415699,1.617830571159731,0.892789941761956,1.567847186480658,0.7896992405993368,1.1739435923997792,1.4595294464440536,0.4587375118329251
1788,1.2695820046647626,0.9945395708433027,1.6171455662752763,0.8928561682630036,1.5679938036402548,0.7917473793910693,1.173822767308986,1.459530986017357,0.45889088894838265
1789,1.2688446977582322,0.9937948256341542,1.6164600077378286,0.8929214745971952,1.568139767400196,0.7938000748529684,1.1737014478413328,1.4595311257163877,0.4590423330069288
1790,1.268106594612489,0.9930489177601002,1.6157738954074596,0.8929858624166674,1.568285077575682,0.7958573379187505,1.1735796364170503,1.4595298656658184,0.459191841523816
1791,1.2673676960563631,0.992301848593248,1.6150872291673386,0.8930493333991023,1.5684297340052153,0.7979191795729459,1.173457335476345,1.4595272060201754,0.4593394120461338
1792,1.2666280029431596,0.9915536195318023,1.6144000089237016,0.8931118892476844,1.5685737365505759,0.7999856108512574,1.1733345474793346,1.4595231469638275,0.4594850421528589
1793,1.2658875161506211,0.9908042320000285,1.6137122346058232,0.8931735316910532,1.5687170850967926,0.8020566428409097,1.1732112749059853,1.4595176887109809,0.45962872945490735
1794,1.265146236580892,0.990053687448218,1.613023906165983,0.893234262483261,1.5688597795521178,0.8041322866810143,1.1730875202560456,1.4595108315056686,0.4597704715951861
1795,1.26440416516048,0.9893019873526494,1.612335023579436,0.893294083403725,1.5690018198479976,0.8062125535629274,1.1729632860489814,1.4595025756217417,0.4599102662486405
1796,1.2636613028402166,0.9885491332155516,1.6116455868443782,0.8933529962571798,1.5691432059390429,0.8082974547306138,1.1728385748239094,1.459492921362858,0.46004811112230504
1797,1.262917650595221,0.9877951265650673,1.6109555959819168,0.8934110028736337,1.5692839378030035,0.8103870014810145,1.172713389139533,1.4594818690624751,0.4601840039553515
1798,1.2621732094248594,0.9870399689552136,1.6102650510360346,0.8934681051083179,1.5694240154407355,0.812481205164413,1.1725877315740731,1.4594694190838362,0.4603179425191359
1799,1.261427980352707,0.9862836619658448,1.6095739520735597,0.8935243048416415,1.5695634388761752,0.8145800771848078,1.172461604725203,1.459455571819962,0.4604499246172465
1800,1.2606819644265068,0.985526207202612,1.6088822991841292,0.8935796039791415,1.569702208156305,0.8166836290002836,1.1723350112099795,1.4594403276936372,0.46057994808554864
1801,1.2599351627181303,0.9847676062969251,1.6081900924801569,0.8936340044514348,1.569840323351127,0.8187918721233884,1.1722079536647758,1.4594236871574002,0.4607080107922319
1802,1.2591875763235356,0.9840078609059115,1.6074973320967967,0.8936875082141696,1.5699777845536285,0.8209048181215127,1.1720804347452125,1.4594056506935296,0.46083411063785334
1803,1.2584392063627272,0.9832469727123769,1.6068040181919088,0.893740117247974,1.5701145918797526,0.8230224786172685,1.1719524571260878,1.4593862188140307,0.46095824555538273
1804,1.257690053979715,0.982484943424765,1.606110150946025,0.8937918335584083,1.5702507454683663,0.8251448652888725,1.171824023501311,1.4593653920606255,0.4610804135102443
1805,1.2569401203424702,0.9817217747771154,1.6054157305623113,0.8938426591759129,1.5703862454812278,0.8272719898705326,1.1716951365838297,1.4593431710047353,0.46120061250036126
1806,1.2561894066428843,0.9809574685290217,1.6047207572665325,0.8938925961557571,1.5705210921029533,0.8294038641528358,1.17156579910556,1.4593195562474683,0.4613188405561963
1807,1.2554379140967258,0.9801920264655914,1.6040252313070138,0.8939416465779899,1.5706552855409857,0.8315404999831418,1.1714360138173179,1.4592945484196056,0.46143509574079344
1808,1.2546856439435974,0.9794254503974024,1.603329152954607,0.8939898125473859,1.5707888260255594,0.8336819092659715,1.1713057834887466,1.4592681481815852,0.4615493761498168
1809,1.2539325974468907,0.9786577421604594,1.6026325225026488,0.8940370961933936,1.5709217138096663,0.835828103963407,1.1711751109082444,1.459240356223487,0.46166167991159335
1810,1.2531787758937438,0.9778889036161527,1.6019353402669265,0.8940834996700835,1.5710539491690234,0.837979096095489,1.1710439988828942,1.4592111732650168,0.46177200518714834
1811,1.2524241805949952,0.9771189366512126,1.601237606585637,0.8941290251560945,1.5711855324020356,0.8401348977406191,1.1709124502383903,1.4591806000554908,0.46188035017024653
1812,1.251668812885139,0.9763478431776663,1.6005393218193482,0.8941736748545793,1.571316463829762,0.842295521035964,1.1707804678189657,1.4591486373738174,0.4619867130874273
1813,1.2509126741222802,0.9755756251327936,1.5998404863509617,0.8937264681204029,1.5710595721848835,0.84332548523014,1.1694023882591562,1.4578696198003187,0.4620910921980422
1814,1.2501557656880875,0.9748022844790811,1.59914110058567,0.8931301555260966,1.5706851629744563,0.8440136554045836,1.1676478304861273,1.4562131642191125,0.46219348579429115
1815,1.2493980889877483,0.9740278232041787,1.5984411649509198,0.892532958792017,1.5703101206837804,0.8447023172094646,1.1658928475813748,1.4545553216798701,0.46229389220125816
1816,1.2486396454499207,0.9732522433208515,1.5977406798963685,0.8919348801594963,1.5699344457933946,0.8453914698561404,1.164137442462549,1.4528960930796952,0.4623923097769445
1817,1.2478804365266862,0.9724755468669353,1.5970396458938447,0.8913359218948055,1.5695581388054927,0.8460811125595963,1.1623816180654698,1.4512354793451956,0.46248873691230286
1818,1.2471204636935036,0.9716977359052896,1.5963380634373068,0.8907360862890992,1.5691812002438874,0.8467712445384771,1.16062537734405,1.4495734814324626,0.462583172031271
1819,1.2463597284491588,0.9709188125237505,1.595635933042801,0.8901353756583591,1.5688036306539699,0.847461865015111,1.158868723270219,1.4479101003270505,0.46267561359080317
1820,1.2455982323157182,0.970138778835084,1.5949332552484188,0.8895337923433391,1.5684254306026717,0.848152973215539,1.1571116588338488,1.446245337043958,0.4627660600809025
1821,1.2448359768384782,0.969357636976937,1.5942300306142552,0.8889313387095067,1.5680466006784226,0.8488445683695375,1.1553541870426742,1.4445791926276055,0.4628545100246502
1822,1.2440729635859162,0.968575389111789,1.5935262597223638,0.8883280171469863,1.5676671414911123,0.8495366497106484,1.1535963109222178,1.442911668151815,0.4629409619782386
1823,1.2433091941496428,0.9677920374269064,1.592821943176717,0.887723830070503,1.5672870536720498,0.8502292164762,1.1518380335157146,1.4412427647197898,0.4630254145309958
1824,1.2425446701443479,0.9670075841342892,1.5921170816031576,0.8871187799193226,1.566906337873921,0.8509222679073398,1.15007935788403,1.4395724834640902,0.46310786630541867
1825,1.2417793932077543,0.9662220314706256,1.591411675649359,0.8865128691571955,1.5665249947707496,0.851615803249055,1.1483202871055862,1.4379008255466132,0.46318831595719745
1826,1.2410133650005624,0.9654353816972379,1.5907057259847768,0.8859061002722937,1.566143025057852,0.8523098217502001,1.1465608242762777,1.4362277921585667,0.46326676217524515
1827,1.2402465872064026,0.9646476371000368,1.589999233300606,0.8852984757771567,1.5657604294517988,0.8530043226635238,1.1448009725093993,1.4345533845204494,0.46334320368172166
1828,1.2394790615317812,0.9638587999894673,1.5892921983097354,0.8846899982086278,1.5653772086903697,0.853699305245693,1.1430407349355625,1.4328776038820268,0.46341763923206164
1829,1.2387107897060285,0.9630688727004593,1.5885846217467003,0.8840806701277946,1.5649933635325106,0.8543947687573175,1.1412801147026164,1.4312004515223031,0.4634900676149954
1830,1.237941773481247,0.9622778575923759,1.5878765043676384,0.8834704941199303,1.564608894758292,0.8550907124629772,1.139519114975569,1.4295219287495022,0.46356048765257746
1831,1.2371720146322567,0.9614857570489608,1.587167846950241,0.8828594727944297,1.5642238031688631,0.8557871356312469,1.1377577389365043,1.4278420369010376,0.46362889820020675
1832,1.2364015149565435,0.960692573478287,1.5864586502937073,0.8822476087847505,1.56383808958641,0.8564840375347219,1.135995989784504,1.4261607773434903,0.46369529814665084
1833,1.2356302762742042,0.9598983093127038,1.585748915218697,0.88163490474835,1.563451754854109,0.8571814174500412,1.1342338707355655,1.4244781514725815,0.46375968641406506
1834,1.2348583004278924,0.9591029670087838,1.5850386425672816,0.881021363366622,1.5630647998360823,0.8578792746579118,1.1324713850225196,1.4227941607131465,0.46382206195801706
1835,1.2340855892827636,0.9583065490472691,1.584327833202897,0.8804069873448355,1.5626772254173538,0.8585776084431372,1.1307085358949491,1.4211088065191073,0.4638824237675043
1836,1.233312144726421,0.9575090579330179,1.5836164880102948,0.8797917794120715,1.5622890325038026,0.8592764180946395,1.1289453266191067,1.419422090373446,0.46394077086497343
1837,1.2325379686688591,0.9567104961949502,1.5829046078954923,0.8791757423211586,1.5619002220221165,0.8599757029054839,1.1271817604778318,1.417734013788177,0.4639971023063419
1838,1.2317630630424072,0.9559108663859919,1.5821921937857242,0.8785588788486082,1.5615107949197464,0.8606754621729036,1.1254178407704671,1.4160445783043185,0.4640514171810124
1839,1.2309874298016756,0.9551101710830228,1.5814792466293932,0.8779411917945528,1.561120752164859,0.8613756951983224,1.123653570812778,1.4143537854918649,0.4641037146118913
1840,1.2302110709234955,0.9543084128868171,1.5807657673960174,0.8773226839826777,1.5607300947462892,0.8620764012873827,1.1218889539368626,1.4126616369497544,0.4641539937554065
1841,1.229433988406865,0.9535055944219912,1.580051757076183,0.8767033582601591,1.5603388236734945,0.8627775797499666,1.1201239934910756,1.4109681343058458,0.464202253801521
1842,1.2286561842728896,0.9527017183369453,1.5793372166814912,0.8760832174975964,1.5599469399765038,0.8634792299002187,1.1183586928399374,1.409273279216882,0.4642484939737483
1843,1.2278776605647257,0.9518967873038082,1.5786221472445074,0.8754622645889469,1.5595544447058733,0.8641813510565751,1.116593055364053,1.4075770733684647,0.4642927135291678
1844,1.2270984193475212,0.951090804018379,1.5779065498187104,0.8748405024514583,1.5591613389326333,0.8648839425417792,1.1148270844600257,1.4058795184750204,0.46433491175843533
1845,1.2263184627083572,0.9502837712000701,1.5771904254784381,0.874217934025603,1.5587676237482422,0.8655870036829134,1.113060783540369,1.4041806162797696,0.4643750879858001
1846,1.2255377927561895,0.9494756915918504,1.5764737753188376,0.8735945622750105,1.5583733002645364,0.8662905338114174,1.111294156033426,1.4024803685546974,0.4644132415691117
1847,1.224756411621788,0.9486665679601856,1.5757566004558101,0.8729703901863991,1.5579783696136793,0.866994532263113,1.1095272053832785,1.4007787771005185,0.464449371899835
1848,1.2239743214576777,0.9478564030949802,1.5750389020259594,0.8723454207695084,1.5575828329481132,0.8676989983782284,1.1077599350496625,1.3990758437466457,0.46448347840305765
1849,1.2231915244380802,0.9470451998095211,1.5743206811865385,0.8717196570570318,1.5571866914405077,0.8684039315014186,1.105992348507883,1.3973715703511598,0.4645155605375021
1850,1.2224080227588487,0.9462329609404132,1.5736019391153935,0.8710931021045445,1.5567899462837076,0.8691093309817901,1.1042244492487219,1.3956659588007698,0.46454561779553216
1851,1.2216238186374107,0.9454196893475233,1.5728826770109101,0.8704657589904368,1.5563925986906837,0.8698151961729265,1.1024562407783547,1.3939590110107851,0.4645736497031631
1852,1.2208389143127065,0.9446053879139211,1.5721628960919618,0.8698376308158455,1.555994649894481,0.8705215264329053,1.1006877266182624,1.3922507289250787,0.46459965582006657
1853,1.2200533120451253,0.9437900595458146,1.5714425975978503,0.8692087207045801,1.5555961011481647,0.8712283211243255,1.098918910305141,1.3905411145160522,0.46462363573957877
1854,1.2192670141164452,0.9429737071724933,1.570721782788253,0.8685790318030547,1.5551969537247698,0.8719355796143266,1.097149795390815,1.3888301697846015,0.4646455890887066
1855,1.2184800228297692,0.9421563337462642,1.5700004529431657,0.8679485672802176,1.5547972089172486,0.8726433012746162,1.0953803854421469,1.3871178967600801,0.46466551552813046
1856,1.2176923405094633,0.941337942242392,1.569278609362848,0.867317330327478,1.554396868038415,0.8733514854814844,1.0936106840409499,1.385404297500264,0.4646834147522099
1857,1.2169039695010928,0.9405185356590359,1.5685562533677646,0.8666853241586361,1.5539959324208943,0.8740601316158337,1.0918406947838961,1.3836893740913148,0.4646992864889879
1858,1.2161149121713595,0.939698117017189,1.5678333862985314,0.8660525520098108,1.553594403417068,0.8747692390631959,1.0900704212824301,1.3819731286477435,0.46471313050019136
1859,1.2153251709080366,0.938876689360614,1.5671100095158548,0.8654190171393665,1.5531922823990194,0.875478807213757,1.0882998671626765,1.3802555633123723,0.4647249465812345
1860,1.2145347481199043,0.9380542557557796,1.5663861244004766,0.8647847228278407,1.5527895707584798,0.8761888354623781,1.086529036065347,1.3785366802562953,0.46473473456121944
1861,1.213743646236687,0.9372308192918003,1.5656617323531155,0.8641496723778712,1.5523862699067732,0.8768993232086149,1.084757931645657,1.376816481678845,0.46474249430293746
1862,1.212951867708986,0.9364063830803688,1.564936834794408,0.863513869114122,1.5519823812747615,0.877610269856743,1.0829865575732276,1.3750949698075485,0.4647482257028666
1863,1.2121594150082147,0.9355809502556937,1.5642114331648496,0.8628773163832091,1.5515779063127881,0.8783216748157774,1.0812149175319967,1.3733721468980904,0.464751928691173
1864,1.2113662906265332,0.934754523974435,1.5634855289247371,0.8622400175536271,1.5511728464906236,0.8790335374994941,1.0794430152201286,1.371648015234274,0.46475360323170745
1865,1.2105724970767824,0.933927107415639,1.562759123554109,0.8616019760156741,1.5507672032974087,0.8797458573264516,1.0776708543499214,1.3699225771279808,0.4647532493220019
1866,1.2097780368924165,0.9330987037806733,1.5620322185526843,0.8609631951813759,1.550360978241597,0.8804586337200098,1.075898438647713,1.368195834919129,0.4647508669932688
1867,1.2089829126274365,0.9322693162931599,1.561304815439803,0.860323678484411,1.549954172850899,0.881171866108355,1.0741257718537913,1.366467790975634,0.46474645631039463
1868,1.208187126856324,0.9314389481989116,1.5605769157543679,0.8596834293800365,1.5495467886722252,0.8818855539245176,1.072352857722301,1.364738447693367,0.4647400173719342
1869,1.2073906821739713,0.9306076027658627,1.5598485210547794,0.8590424513450079,1.5491388272716273,0.8825996966063951,1.0705797000211477,1.3630078074961118,0.4647315503101079
1870,1.2065935811956157,0.9297752832840053,1.559119632918879,0.8584007478775066,1.5487302902342417,0.8833142935967704,1.0688063025319081,1.3612758728355243,0.46472105529079283
1871,1.2057958265567703,0.9289419930653202,1.5583902529438847,0.8577583224970609,1.54832117916423,0.8840293443433336,1.0670326690497354,1.3595426461910896,0.4647085325135164
1872,1.204997420913155,0.92810773544371,1.5576603827463305,0.8571151787444686,1.5479114956847209,0.8847448482987026,1.0652588033832644,1.357808130070078,0.4646939822114474
1873,1.204198366940628,0.9272725137749316,1.5569300239620039,0.8564713201817205,1.5475012414377514,0.8854608049204429,1.0634847093545186,1.3560723270075024,0.46467740465138824
1874,1.203398667335116,0.9264363314365276,1.5561991782458835,0.8558267503919208,1.547090418084208,0.8861772136710889,1.0617103907988137,1.3543352395660737,0.46465880013376604
1875,1.2025983248125445,0.9255991918277585,1.5554678472720758,0.8551814729792102,1.5466790273037656,0.8868940740181621,1.0599358515646657,1.3525968703361566,0.4646381689926198
1876,1.2017973421087693,0.9247610983695341,1.5547360327337534,0.8545354915686867,1.5462670707948298,0.8876113854341918,1.0581610955136953,1.3508572219357269,0.46461551159559256
1877,1.2009957219795035,0.9239220545043427,1.55400373634309,0.8538888098063258,1.5458545502744747,0.8883291473967355,1.056386126520531,1.349116297010322,0.4645908283439156
1878,1.200193467200249,0.9230820636961838,1.5532709598311973,0.8532414313589021,1.5454414674783838,0.8890473593883987,1.0546109484727153,1.3473740982329998,0.4645641196724007
1879,1.1993905805662235,0.922241129430496,1.5525377049480604,0.8525933599139084,1.5450278241607873,0.889766020896853,1.0528355652706078,1.3456306283042885,0.46453538604942224
1880,1.1985870648922903,0.9213992552140879,1.5518039734624731,0.8519445991794758,1.5446136220944031,0.8904851314148581,1.05105998082729,1.3438858899521429,0.4645046279769067
1881,1.1977829230128874,0.9205564445750689,1.5510697671619753,0.8512951528842952,1.5441988630703742,0.8912046904402787,1.0492841990684703,1.3421398859318971,0.4644718459903142
1882,1.1969781577819527,0.9197127010627755,1.5503350878527844,0.8506450247775321,1.5437835488982057,0.8919246974761036,1.0475082239323834,1.3403926190262152,0.464437040658627
1883,1.1961727720728546,0.9188680282477022,1.5495999373597324,0.8499942186287499,1.5433676814057053,0.8926451520304686,1.0457320593696997,1.3386440920450469,0.46440021258433
1884,1.1953667687783167,0.9180224297214288,1.5488643175261994,0.8493427382278256,1.5429512624389181,0.893366053616671,1.043955709343422,1.3368943078255748,0.46436136240339493
1885,1.1945601508103467,0.9171759090965494,1.548128230214047,0.8484817089052461,1.5422157556456335,0.8933651887239384,1.04281659543377,1.3357806868371465,0.4643204907852615
1886,1.1937529211001616,0.9163284700065994,1.547391677303553,0.8471738008886912,1.5407991546384774,0.8918233962108881,1.0430390598156,1.3360275701587427,0.46427759843282035
1887,1.1929450825981147,0.915480116105983,1.5466546606933431,0.8458652730781205,1.5393819576753058,0.8902843744430162,1.0432613506958885,1.3362732049165094,0.4642326860823922
1888,1.1921366382736218,0.9146308510699013,1.545917182300326,0.8445561293963075,1.537964166613284,0.8887481176242134,1.0434834720860073,1.33651759405608,0.4641857545037085
1889,1.1913275911150851,0.9137806785942765,1.5451792440596235,0.8432463737840963,1.5365457833296317,0.8872146199549017,1.0437054280091749,1.3367607405500754,0.4641368044998897
1890,1.1905179441298204,0.9129296023956812,1.5444408479245044,0.8419360102003198,1.5351268097215616,0.8856838756321357,1.0439272225003584,1.3370026473980527,0.4640858369074251
1891,1.1897077003439815,0.9120776262112634,1.543701995866317,0.8406250426217148,1.5337072477062144,0.8841558788497004,1.0441488596061763,1.3372433176264558,0.46403285259614974
1892,1.188896862802485,0.911224753798672,1.5429626898744193,0.8393134750428369,1.5322870992205935,0.8826306237982118,1.0443703433847977,1.3374827542885603,0.46397785246921996
1893,1.188085434568933,0.9103709889359811,1.5422229319561112,0.8380013114759752,1.5308663662215,0.881108104665215,1.044591677905844,1.337720960464424,0.46392083746309115
1894,1.1872734187255392,0.9095163354216178,1.5414827241365656,0.8366885559510686,1.529445050685469,0.8795883156352825,1.0448128672502908,1.3379579392608347,0.4638618085474935
1895,1.186460818373052,0.9086607970742849,1.5407420684587594,0.8353752125156191,1.5280231546087024,0.8780712508901104,1.045033915510367,1.3381936938112542,0.4638007667254037
1896,1.1856476366306778,0.9078043777328864,1.5400009669834032,0.8340612852346065,1.5266006800070036,0.8765569046086168,1.0452548267894552,1.3384282272757682,0.4637377130330243
1897,1.1848338766360034,0.9069470812564502,1.5392594217888722,0.8327467781904023,1.5251776289157115,0.8750452709670379,1.0454756052019938,1.33866154284103,0.46367264853974965
1898,1.184019541544919,0.9060889115240537,1.538517434971136,0.8314316954826825,1.5237540033896328,0.87353634413902,1.0456962548733746,1.3388936437202081,0.46360557434814453
1899,1.183204634531542,0.9052298724347461,1.5377750086436874,0.8301160412283424,1.5223298055029768,0.8720301182957204,1.0459167799398434,1.3391245331529296,0.4635364915939124
1900,1.182389158788137,0.9043699679074719,1.5370321449374735,0.8287998195614084,1.5209050373492867,0.8705265876058962,1.0461371845484007,1.339354214405227,0.46346540144586784
1901,1.181573117525039,0.9035092018809936,1.5362888460008222,0.8274830346329507,1.5194797010413725,0.8690257462360014,1.0463574728566984,1.3395826907694803,0.46339230510590546
1902,1.1807565139705758,0.9026475783138153,1.5355451139993734,0.826165690610998,1.5180537987112448,0.86752758835028,1.0465776490329433,1.3398099655643643,0.4633172038089706
1903,1.179939351370986,0.9017851011841023,1.5348009511160055,0.8248477916804452,1.5166273325100423,0.8660321081108548,1.0467977172557907,1.3400360421347883,0.4632400988230275
1904,1.1791216329903431,0.900921774489606,1.5340563595507641,0.8235293420429701,1.5152003046079683,0.8645392996778255,1.0470176817142482,1.3402609238518421,0.4631609914490263
1905,1.1783033621104753,0.9000576022475838,1.5333113415207906,0.8222103459169419,1.5137727171942184,0.8630491572093545,1.047237546607571,1.3404846141127376,0.46307988302087233
1906,1.1774845420308848,0.8991925884947205,1.532565899260249,0.8208908075373333,1.5123445724769131,0.8615616748617609,1.0474573161451612,1.340707116340751,0.46299677490539093
1907,1.1766651760686697,0.8983267372870506,1.5318200350202535,0.8195707311556331,1.5109158726830283,0.8600768467896102,1.0476769945464681,1.3409284339851657,0.46291166850229415
1908,1.1758452675584408,0.8974600526998757,1.5310737510687942,0.8182501210397527,1.5094866200583237,0.8585946671458031,1.0478965860408826,1.341148570521212,0.46282456524414484
1909,1.175024819852245,0.8965925388276896,1.5303270496906665,0.8169289814739429,1.5080568168672752,0.8571151300816651,1.0481160948676393,1.3413675294500107,0.4627354665963218
1910,1.1742038363194809,0.8957241997840941,1.529579933187395,0.8156073167586977,1.506626465393003,0.8556382297470344,1.04833552527571,1.3415853142985101,0.4626443740569831
1911,1.1733823203468197,0.8948550397017212,1.5288324038771601,0.8142851312106691,1.5051955679372013,0.8541639602903522,1.048554881523705,1.3418019286194294,0.4625512891570289
1912,1.1725602753381232,0.8939850627321517,1.5280844640947258,0.8129624291625743,1.5037641268200674,0.8526923158587466,1.0487741678797673,1.342017375991197,0.4624562134600647
1913,1.1717377047143624,0.8931142730458344,1.5273361161913628,0.8116392149631053,1.5023321443802304,0.8512232905981215,1.0489933886214744,1.3422316600178907,0.4623591485623587
1914,1.1709146119135343,0.8922426748320047,1.5265873625347743,0.8103154929768382,1.5008996229746785,0.8497568786532419,1.0492125480357295,1.3424447843291747,0.462260096092809
1915,1.1700910003905813,0.8913702722986037,1.525838205509023,0.8089912675841427,1.4994665649786894,0.8482930741678208,1.0494316504186634,1.3426567525802402,0.4621590577128973
1916,1.169266873617309,0.8904970696721973,1.5250886475144543,0.8076665431810912,1.498032972785757,0.8468318712846034,1.0496507000755295,1.3428675684517433,0.46205603511665244
1917,1.1684422350823,0.889623071197891,1.5243386909676195,0.8063413241793641,1.4965988488075168,0.8453732641454506,1.049869701320599,1.34307723564974,0.46195103003060656
1918,1.1676170882908352,0.8887482811392515,1.5235883383012032,0.8050156150061616,1.495164195473677,0.8439172468914252,1.0500886584770615,1.343285757905628,0.4618440442137542
1919,1.1667914367648076,0.8878727037782215,1.5228375919639454,0.8036894201041092,1.4937290152319422,0.8424638136628728,1.0503075758769165,1.343493138976079,0.46173507945750725
1920,1.1659652840426393,0.8869963434150376,1.5220864544205643,0.8023627439311665,1.492293310547942,0.841012958599508,1.0505264578608728,1.343699382642978,0.46162413758565646
1921,1.1651386336791991,0.8861192043681481,1.5213349281516833,0.8010355909605342,1.4908570839051567,0.8395646758404925,1.050745308778245,1.3439044927133585,0.46151122045431997
1922,1.1643114892457147,0.8852412909741262,1.520583015653749,0.7997079656805595,1.4894203378048418,0.8381189595245195,1.050964132986846,1.3441084730193367,0.4613963299519035
1923,1.1634838543296924,0.8843626075875906,1.5198307194389589,0.798379872594646,1.4879830747659566,0.8366758037898953,1.0511829348528867,1.344311327418049,0.4612794679990535
1924,1.1626557325348301,0.8834831585811187,1.519078042035182,0.7970513162211585,1.486545297325088,0.8352352027746182,1.0514017187508706,1.3445130597915858,0.4611606365486096
1925,1.1618271274809322,0.8826029483451626,1.5183249859858805,0.7957223010933283,1.4851070080363755,0.8337971506164589,1.051620489063487,1.3447136740469237,0.4610398375855581
1926,1.1609980428038267,0.8817219812879664,1.517571553850035,0.7943928317591626,1.4836682094714377,0.8323616414530414,1.0518392501815113,1.3449131741158635,0.4609170731269837
1927,1.1601684821552758,0.8808402618354778,1.516817748202062,0.7930629127813464,1.4822289042192938,0.8309286694219201,1.0520580065036955,1.3451115639549611,0.4607923452220232
1928,1.159338449202894,0.8799577944312663,1.5160635716317397,0.7917325487371508,1.4807890948862923,0.8294982286606608,1.052276762436667,1.34530884754546,0.46066565595181175
1929,1.1585079476300588,0.879074583536435,1.5153090267441265,0.7904017442183366,1.4793487840960302,0.8280703133069152,1.0524955223948198,1.3455050288932244,0.46053700742943743
1930,1.1576769811358285,0.8781906336295384,1.514554116159485,0.7890705038310621,1.4779079744892818,0.8266449174985006,1.0527142908002154,1.3457001120286747,0.460406401799889
1931,1.1568455534348507,0.877305949206492,1.5137988425132,0.7877388321957848,1.4764666687239183,0.8252220353734786,1.0529330720824714,1.3458941010067131,0.46027384124000265
1932,1.15601366825728,0.8764205347804899,1.5130432084557017,0.7864067339471676,1.4750248694748325,0.823801661070225,1.0531518706786618,1.3460869999066611,0.4601393279584119
1933,1.1551813293486877,0.8755343948819156,1.5122872166523842,0.7850742137339837,1.4735825794338615,0.8223837887275125,1.0533706910332068,1.3462788128321865,0.460002864195496
1934,1.1543485404699771,0.8746475340582576,1.5115308697835275,0.7837412762190195,1.4721398013097111,0.8209684124845823,1.0535895375977713,1.3464695439112364,0.45986445222332484
1935,1.1535153053972949,0.8737599568740202,1.5107741705442166,0.7824079260789802,1.4706965378278758,0.8195555264812198,1.0538084148311584,1.346659197295966,0.4597240943456033
1936,1.1526816279219425,0.8728716679106372,1.5100171216442615,0.7810741680043924,1.4692527917305627,0.8181451248578292,1.0540273271992018,1.3468477771626686,0.45958179289762024
1937,1.1518475118502896,0.871982671766384,1.509259725808116,0.7797400066995073,1.4678085657766116,0.8167372017555057,1.0542462791746632,1.3470352877117053,0.45943755024619
1938,1.1510129610036852,0.8710929730562904,1.5085019857747985,0.7784054468822053,1.4663638627414188,0.8153317513161099,1.0544652752371244,1.3472217331674343,0.45929136878959803
1939,1.1501779792183686,0.8702025764120509,1.5077439042978094,0.7770704932838968,1.4649186854168565,0.8139287676823398,1.0546843198728817,1.3474071177781382,0.4591432509575437
1940,1.149342570345383,0.8693114864819391,1.506985484145052,0.7757351506494294,1.4634730366111972,0.8125282449978053,1.0549034175748422,1.3475914458159537,0.45899319921108084
1941,1.1485067382504837,0.8684197079307163,1.5062267280987496,0.774399423736986,1.4620269191490305,0.811130177407096,1.0551225728424143,1.3477747215767983,0.4588412160425633
1942,1.1476704868140495,0.8675272454395432,1.5054676389553632,0.773063317317988,1.460580335871185,0.8097345590558541,1.0553417901814044,1.347956949380298,0.45868730397558255
1943,1.146833819930996,0.8666341037058931,1.5047082195255128,0.7717268361770011,1.459133289634651,0.8083413840908446,1.0555610741039099,1.3481381335697147,0.45853146556491076
1944,1.1459967415106824,0.865740287443459,1.503948472633892,0.7703899851116331,1.4576857833124983,0.8069506466600286,1.055780429128213,1.3483182785118715,0.458373703396438
1945,1.145159255476824,0.864845801382067,1.5031884011191878,0.7690527689324383,1.4562378197937966,0.8055623409126276,1.055999859778674,1.3484973885970806,0.45821402008711554
1946,1.144321365767401,0.8639506502675842,1.5024280078339978,0.7677151924628176,1.4547894019835357,0.8041764609991962,1.0562193705856253,1.3486754682390665,0.45805241828488846
1947,1.1434830763345687,0.8630548388618302,1.5016672956447465,0.7663772605389203,1.4533405328025435,0.8027930010716883,1.0564389660852664,1.3488525218748952,0.4578889006686398
1948,1.142644391144566,0.8621583719424846,1.5009062674316034,0.7650389780095452,1.451891215187406,0.8014119552835279,1.0566586508195541,1.3490285539648943,0.4577234699481225
1949,1.1418053141776272,0.8612612543029996,1.5001449260884003,0.7637003497360436,1.4504414520903877,0.8000333177896757,1.0568784293360998,1.3492035689925823,0.45755612886390024
1950,1.1409658494278887,0.8603634907525071,1.4993832745225482,0.7623613805922178,1.448991246479349,0.7986570827466954,1.0570983061880606,1.3493775714645893,0.45738688018727897
1951,1.1401260009032974,0.8594650861157265,1.4986213156549506,0.7610220754642207,1.4475406013376622,0.7972832443128195,1.0573182859340335,1.3495505659105822,0.4572157267202459
1952,1.1392857726255219,0.8585660452328758,1.4978590524199247,0.7596824392504593,1.446089519664134,0.7959117966480179,1.057538373137949,1.3497225568831883,0.4570426712954017
1953,1.1384451686298585,0.8576663729595788,1.497096487765114,0.7583424768614937,1.4446380044729206,0.7945427339140626,1.057758572368963,1.3498935489579167,0.4568677167758955
1954,1.137604192965141,0.8567660741667735,1.4963336246514065,0.7570021932199362,1.4431860587934473,0.7931760502745918,1.057978888201352,1.3500635467330833,0.45669086605535836
1955,1.1367628496936475,0.8558651537406199,1.4955704660528468,0.7556615932603523,1.441733685670324,0.7918117398951768,1.0581993252144053,1.3502325548297305,0.4565121220578356
1956,1.1359211428910092,0.8549636165824075,1.494807014956557,0.7543206819291594,1.4402808881632638,0.7904497969433824,1.058419887992319,1.3504005778915513,0.4563314877377168
1957,1.1350790766461163,0.8540614676084628,1.4940432743626464,0.752979464184526,1.4388276693469986,0.789090215588834,1.0586405811240864,1.3505676205848076,0.4561489660796718
1958,1.1342366550610283,0.8531587117500582,1.4932792472841314,0.7515616797046326,1.4380728016654465,0.7885940895591582,1.055881618347664,1.3477538967425229,0.45596456009857644
1959,1.1333938822508784,0.8522553539533168,1.492514936746847,0.7501320554760932,1.4374224550134478,0.7882281715042877,1.0526758264886968,1.3444922333032359,0.45577827283944516
1960,1.1325507623437823,0.8513513991791205,1.4917503457893642,0.7487020291778621,1.4367718253993722,0.7878632023418404,1.0494701787782976,1.3412296036288078,0.45559010737736166
1961,1.1317072994807431,0.8504468524030155,1.4909854774629017,0.747271605936521,1.4361209158143813,0.7874991792331938,1.046264679823588,1.3379660124749884,0.4554000668174043
1962,1.1308634978155598,0.8495417186151204,1.4902203348312426,0.7458407908945286,1.4354697292588385,0.7871360993411888,1.0430593342359578,1.3347014646197024,0.455208154294577
1963,1.1300193615147327,0.8486360028200302,1.4894549209706476,0.7444095892101137,1.4348182687422266,0.7867739598301411,1.039854146630953,1.3314359648629643,0.4550143729737365
1964,1.12917489475737,0.8477297100367243,1.4886892389697701,0.7429780060571722,1.434166537283069,0.7864127578658573,1.0366491216281717,1.3281695180267992,0.4548187260495186
1965,1.128330101735094,0.846822845298471,1.4879232919295682,0.7415460466251604,1.4335145379088479,0.786052490615649,1.0334442638511563,1.3249021289551588,0.4546212167462637
1966,1.1274849866519452,0.8459154136527326,1.4871570829632195,0.7401137161189889,1.432862273655922,0.7856931552483437,1.030239577927284,1.3216338025138399,0.4544218483179451
1967,1.126639553724291,0.8450074201610727,1.4863906151960347,0.7386810197589191,1.432209747569449,0.785334748934303,1.0270350684876643,1.3183645435904037,0.45422062404809166
1968,1.1257938071807287,0.8440988698990588,1.4856238917653704,0.7372479627804553,1.4315569627033016,0.7849772688454336,1.0238307401670292,1.315094357094091,0.45401754724971366
1969,1.1249477512619919,0.8431897679561686,1.4848569158205431,0.7358145504342393,1.4309039221199864,0.7846207121552007,1.0206265976036275,1.3118232479557408,0.4538126212652262
1970,1.1241013902208548,0.8422801194356946,1.4840896905227408,0.7343807879859439,1.4302506288905639,0.7842650760386439,1.0174226454391169,1.3085512211277046,0.45360584946637245
1971,1.123254728322038,0.8413699294546475,1.4833222190449364,0.7329466807161653,1.4295970860945657,0.7839103576723887,1.0142188883184553,1.3052782815837618,0.45339723525414694
1972,1.122407769842113,0.8404592031436624,1.4825545045718016,0.7315122339203182,1.4289432968199134,0.7835565542346596,1.0110153308897998,1.3020044343190396,0.45318678205871615
1973,1.1215605190694065,0.8395479456469003,1.4817865502996173,0.7300774529085259,1.428289264162836,0.7832036629052948,1.0078119778043921,1.2987296843499228,0.45297449333934225
1974,1.1207129803039049,0.8386361621219541,1.481018359436187,0.7286423430055167,1.42763499122779,0.7828516808657612,1.0046088337164585,1.2954540367139733,0.45276037258430224
1975,1.1198651578571592,0.837723857739752,1.4802499352007497,0.7272069095505131,1.4269804811273747,0.7825006052991624,1.0014059032830986,1.2921774964698423,0.45254442331080935
1976,1.1190170560521875,0.8368110376844584,1.4794812808238897,0.7257711578971247,1.426325736982252,0.7821504333902575,0.9982031911641785,1.2889000686971817,0.4523266490649305
1977,1.1181686792233807,0.8358977071533809,1.4787123995474505,0.7243350934132418,1.425670761921064,0.7818011623254725,0.9950007020222272,1.2856217584965641,0.4521070534215096
1978,1.117320031716405,0.8349838713568702,1.4779432946244457,0.722898721480925,1.4250155590803486,0.7814527892929094,0.9917984405223265,1.2823425709893914,0.45188563998408254
1979,1.116471117888107,0.8340695355182264,1.4771739693189716,0.7214620474963009,1.4243601316044612,0.7811053114823663,0.9885964113320077,1.2790625113178107,0.45166241238479604
1980,1.115621942106415,0.8331547048735972,1.4764044269061158,0.7200250768694471,1.4237044826454879,0.7807587260853448,0.9853946191211393,1.2757815846446219,0.4514373742843256
1981,1.1147725087502431,0.8322393846718832,1.475634670671871,0.7185878150242883,1.4230486153631638,0.7804130302950649,0.9821930685618251,1.2724997961531952,0.4512105293717921
1982,1.1139228222093955,0.8313235801746406,1.4748647039130454,0.7171502673984863,1.4223925329247924,0.7800682213064773,0.9789917643282975,1.2692171510473826,0.4509818813646785
1983,1.1130728868844681,0.8304072966559815,1.474094529937174,0.7157124394433307,1.421736238505161,0.7797242963162778,0.9757907110968078,1.265933654551426,0.4507514340087435
1984,1.1122227071867525,0.8294905394024781,1.4733241520624283,0.71427433662363,1.421079735286458,0.7793812525229173,0.9725899135455233,1.2626493119098723,0.4505191910779408
1985,1.1113722875381362,0.8285733137130606,1.4725535736175277,0.7128359644175986,1.4204230264581887,0.7790390871266161,0.9693893763544149,1.2593641283874784,0.45028515637432814
1986,1.110521632371008,0.8276556248989231,1.4717827979416502,0.7113973283167525,1.4197661152170948,0.778697797329377,0.9661891042051581,1.2560781092691287,0.45004933372798606
1987,1.1096707461281596,0.8267374782834227,1.471011828384343,0.7099584338257957,1.4191090047670687,0.7783573803349948,0.9629891017810221,1.252791259859741,0.44981172699692884
1988,1.1088196332626865,0.8258188792019807,1.4702406683054312,0.7085192864625116,1.4184516983190716,0.7780178333490738,0.959789373766764,1.249503585484177,0.44957234006701857
1989,1.1079682982378911,0.824899833001984,1.4694693210749301,0.707079891757651,1.4177941990910488,0.7776791535790345,0.9565899248485227,1.246215091487151,0.44933117685187635
1990,1.1071167455271849,0.8239803450426859,1.4686977900729532,0.7056402552548233,1.4171365103078475,0.7773413382341303,0.9533907597137123,1.2429257832331395,0.4490882412927953
1991,1.1062649796139894,0.8230604206951063,1.4679260786896235,0.7042003825103847,1.4164786352011316,0.7770043845254566,0.9501918830509171,1.2396356661062897,0.44884353735865024
1992,1.1054130049916389,0.8221400653419335,1.4671541903249832,0.7027602790933289,1.4158205770093004,0.7766682896659657,0.9469932995497844,1.236344745510328,0.44859706904580965
1993,1.104560826163281,0.8212192843774233,1.4663821283889016,0.7013199505851739,1.4151623389774022,0.7763330508704765,0.9437950139009192,1.2330530268684683,0.4483488403780469
1994,1.1037084476417796,0.8202980832072999,1.4656098963009878,0.6998794025798535,1.4145039243570525,0.7759986653556884,0.9405970307957792,1.2297605156233196,0.44809885540644667
1995,1.1028558739496128,0.8193764672486545,1.4648374974904956,0.6984386406836016,1.4138453364063484,0.7756651303401922,0.9373993549265629,1.2264672172367879,0.44784711820931644
1996,1.1020031096187781,0.8184544419298472,1.4640649353962372,0.6969976705148448,1.4131865783897855,0.7753324430444815,0.934201990986113,1.2231731371899928,0.44759363289209514
1997,1.101150159190691,0.8175320126904051,1.4632922134664894,0.6955564977040897,1.4125276535781741,0.7750006006909667,0.9310049436678046,1.219878280983166,0.44733840358725907
1998,1.1002970272160861,0.8166091849809227,1.462519335158904,0.6941151278938091,1.411868565248554,0.7746696005039837,0.9278082176654407,1.2165826541355618,0.4470814344542331
1999,1.0994437182549193,0.8156859642629607,1.4617463039404166,0.6926735667383328,1.4112093166841115,0.7743394397098091,0.9246118176731482,1.2132862621853604,0.44682272967929326
2000,1.098590236876266,0.8147623560089451,1.4609731232871541,0.6912318199037316,1.4105499111740933,0.774010115536668,0.9214157483852685,1.2099891106895726,0.446562293475476
2001,1.0977365876582241,0.8138383657020674,1.4601997966843454,0.6897898930677098,1.409890352013725,0.77368162521475,0.9182200144962579,1.2066912052239493,0.44630013008248437
2002,1.0968827751878132,0.8129139988361818,1.4594263276262287,0.6883477919194876,1.409230642504123,0.7733539659762156,0.9150246207005771,1.2033925513828816,0.44603624376659207
2003,1.0960288040608748,0.8119892609157056,1.4586527196159598,0.6869055221596928,1.4085707859522136,0.7730271350552134,0.9118295716925896,1.2000931547793072,0.4457706388205484
2004,1.0951746788819732,0.8110641574555163,1.4578789761655218,0.6854630895002449,1.4079107856706459,0.7727011296878861,0.9086348721664553,1.196793021044616,0.44550331956348427
2005,1.0943204042642944,0.8101386939808508,1.457105100795631,0.6840204996642427,1.4072506449777078,0.7723759471123857,0.905440526816023,1.1934921558285487,0.44523429034081496
2006,1.0934659848295478,0.8092128760272042,1.4563310970356484,0.6825777583858521,1.406590367197242,0.7720515845688817,0.9022465403347298,1.1901905647991051,0.4449635555241426
2007,1.0926114252078643,0.8082867091402266,1.4555569684234846,0.6811348714101926,1.40592995565856,0.7717280392995755,0.8990529174154948,1.1868882536424465,0.4446911195111615
2008,1.0917567300376976,0.8073601988756227,1.45478271850551,0.6796918444932232,1.4052694136963597,0.7714053085487095,0.8958596627506137,1.183585228062797,0.44441698672555857
2009,1.0909019039657222,0.806433350799048,1.4540083508364603,0.6782486834016281,1.4046087446506368,0.7710833895625782,0.8926667810316526,1.1802814937823436,0.44414116161691636
2010,1.090046951646735,0.8055061704860083,1.4532338689793474,0.6768053939127059,1.4039479518666038,0.7707622795895408,0.8894742769493484,1.1769770565411444,0.4438636486606145
2011,1.089191877743553,0.8045786635217554,1.4524592765053648,0.6753619818142517,1.403287038694602,0.7704419758800292,0.8862821551935005,1.173671922097025,0.4435844523577297
2012,1.0883366869269135,0.8036508355011869,1.4516845769937956,0.6739184529044471,1.4026260084900184,0.7701224756865628,0.8830904204528673,1.1703660962254814,0.44330357723493724
2013,1.087481383875374,0.8027226920287417,1.450909774031922,0.6724748129917433,1.4019648646132004,0.7698037762637552,0.8798990774150648,1.1670595847195833,0.4430210278444111
2014,1.0866259732752095,0.8017942387182968,1.4501348712149282,0.6710310678947471,1.4013036104293692,0.7694858748683294,0.8767081307664568,1.1637523933898688,0.44273680876372246
2015,1.0857704598203124,0.8008654811930658,1.4493598721458125,0.6695872234421063,1.4006422493085358,0.7691687687591232,0.8735175851920565,1.1604445280642508,0.44245092459574037
2016,1.0849148482120936,0.7999364250854961,1.4485847804352927,0.6681432854723988,1.399980784625417,0.7688524551971062,0.8703274453754225,1.1571359945879158,0.44216337996852867
2017,1.0840591431593787,0.7990070760371646,1.4478095997017133,0.6666992598340125,1.3993192197593483,0.7685369314453838,0.8671377159985523,1.1538267988232214,0.4418741795352454
2018,1.0832033493783078,0.7980774396986742,1.4470343335709521,0.6652551523850341,1.3986575580941991,0.7682221947692139,0.8639484017417816,1.150516946649598,0.44158332797404
2019,1.0823474715922337,0.797147521729551,1.4462589856763282,0.663810968993132,1.3979958030182875,0.767908242436012,0.860759507283677,1.1472064439634437,0.4412908299879502
2020,1.0814915145316224,0.7962173277981414,1.4454835596585083,0.662366715535444,1.3973339579242956,0.7675950717153656,0.857571037300939,1.1438952966780298,0.4409966903048002
2021,1.0806354829339497,0.7952868635815071,1.4447080591654144,0.6609223978984589,1.3966720262091834,0.7672826798790414,0.8543829964682943,1.1405835107233941,0.44070091367709574
2022,1.0797793815436005,0.7943561347653221,1.4439324878521298,0.6594780219779042,1.3960100112741038,0.7669710642009999,0.8511953894583946,1.13727109204624,0.4404035048819197
2023,1.078923215111768,0.7934251470437693,1.4431568493808071,0.6580335936786292,1.3953479165243172,0.7666602219573996,0.8480082209417146,1.1339580466098365,0.4401044687208291
2024,1.0780669883963498,0.7924939061194343,1.4423811474205723,0.6565891189144883,1.394685745369105,0.7663501504266129,0.8448214955864457,1.1306443803939104,0.4398038100197492
2025,1.077210706161849,0.7915624177032039,1.4416053856474347,0.6551446036082287,1.3940235012216862,0.7660408468892336,0.8416352180583998,1.1273300993945494,0.4395015336288666
2026,1.076354373179271,0.790630687514161,1.440829567744192,0.6537000536913715,1.3933611874991303,0.7657323086280855,0.8384493930209023,1.1240152096240967,0.4391976444225271
2027,1.0754979942260217,0.7896987212794795,1.4400536974003362,0.6522554751040979,1.3926988076222722,0.7654245329282358,0.8352640251346917,1.1206997171110464,0.43889214729912623
2028,1.0746415740858057,0.788766524734321,1.4392777783119615,0.6508108737951326,1.392036365015627,0.7651175170770025,0.8320791190578186,1.1173836278999416,0.4385850471810032
2029,1.0737851175485242,0.7878341036217286,1.4385018141816688,0.6493662557216267,1.3913738631073036,0.7648112583639649,0.8288946794455401,1.1140669480512662,0.4382763490143341
2030,1.0729286294101745,0.7869014636925251,1.4377258087184752,0.6488519680046492,1.3908898637468101,0.765633703239235,0.8270699999405521,1.1121089726316757,0.4379660577690258
2031,1.0720721144727448,0.7859686107052044,1.4369497656377161,0.6496210447642468,1.3906519359487581,0.768018883615363,0.8271206775678696,1.1120253001088725,0.4376541784386054
2032,1.0712155775441154,0.7850355504258308,1.436173688660956,0.6503903194151146,1.3904137296299584,0.7704135807622673,0.8271718356078009,1.1119410552245763,0.4373407160401125
2033,1.0703590234379539,0.78410228862793,1.43539758151589,0.6511597972212884,1.390175249078648,0.7728178526820951,0.8272234787034267,1.1118562441020003,0.4370256756139922
2034,1.0695024569736156,0.7831688310923881,1.4346214479362551,0.6519294834460425,1.3899364985962783,0.7752317578718131,0.8272756114945343,1.1117708728797802,0.4367090622239845
2035,1.0686458829760384,0.7822351836073429,1.4338452916617324,0.6526993833517826,1.3896974824974073,0.7776553553283547,0.8273282386175105,1.1116849477118607,0.4363908809570141
2036,1.067789306275643,0.7813013519680811,1.4330691164378546,0.6534695021999466,1.3894582051096023,0.7800887045538375,0.827381364705246,1.1115984747673953,0.43607113692308136
2037,1.0669327317082287,0.7803673419769326,1.4322929260159123,0.6542398452509013,1.3892186707733334,0.7825318655608372,0.827434994387032,1.1115114602306373,0.43574983525515365
2038,1.0660761641148717,0.7794331594431629,1.4315167241528595,0.655010417763841,1.3889788838418733,0.784984898877739,0.8274891322884619,1.111423910300833,0.43542698110905015
2039,1.0652196083418228,0.7784988101828711,1.4307405146112198,0.6557812249966841,1.3887388486811933,0.7874478655541445,0.8275437830313305,1.111335831192115,0.4351025796633345
2040,1.0643630692404051,0.7775643000188821,1.429964301158993,0.6565522722059729,1.3884985696698613,0.7899208271663557,0.8275989512335344,1.111247229133396,0.4347766361192027
2041,1.0635065516669107,0.7766296347806415,1.4291880875695602,0.6573235646467699,1.3882580511989366,0.7924038458229236,0.8276546415089729,1.1111581103682577,0.43444915570036896
2042,1.0626500604824982,0.7756948203041094,1.428411877621589,0.658095107572556,1.3880172976718683,0.7948969841702689,0.8277108584674474,1.1110684811548466,0.4341201436529563
2043,1.0617936005530912,0.7747598624316556,1.427635675098942,0.6588669062351304,1.3877763135043923,0.7974003053983757,0.827767606714564,1.1109783477657638,0.43378960524538146
2044,1.0609371767492743,0.773824767011953,1.4268594837905795,0.659638965884507,1.387535103124426,0.7999138732465533,0.8278248908516326,1.110887716487957,0.4334575457682449
2045,1.0600807939461923,0.7728895398998726,1.426083307490468,0.6604112917688134,1.3872936709719672,0.8024377520092748,0.8278827154755706,1.1107965936226112,0.43312397053421303
2046,1.0592244570234446,0.7719541869563757,1.4253071499974843,0.6611838891341884,1.3870520214989863,0.8049720065420879,0.8279410851788015,1.1107049854850404,0.43278888487790873
2047,1.0583681708649855,0.7710187140484095,1.4245310151153219,0.661956763224681,1.3868101591693258,0.8075167022676051,0.8280000045491582,1.1106128984045767,0.43245229415579434
2048,1.0575119403590192,0.7700831270487998,1.4237549066523965,0.6627299192821494,1.3865680884585956,0.8100719051815694,0.8280594781697854,1.1105203387244629,0.43211420374605886
2049,1.0566557703978985,0.7691474318361455,1.4229788284217522,0.6635033625461582,1.386325813854067,0.8126376818589931,0.8281195106190399,1.1104273128017401,0.43177461904850184
2050,1.055799665878022,0.768211634294713,1.4222027842409672,0.6642770982538779,1.386083339854571,0.8152140994603831,0.8281801064703946,1.1103338270071401,0.43143354548442003
2051,1.0549436316997296,0.7672757403143273,1.421426777932059,0.6650511316399828,1.3858406709703917,0.8178012257380428,0.82824127029234,1.110239887724972,0.4310909884964891
2052,1.0540876727672028,0.7663397557902693,1.4206508133213918,0.6658254679365507,1.3855978117231633,0.8203991290424553,0.8283030066482875,1.1101455013530144,0.4307469535486506
2053,1.0532317939883573,0.7654036866231646,1.4198748942395778,0.6666001123729606,1.385354766645763,0.8230078783287524,0.8283653200964709,1.1100506743024012,0.4304014461259947
2054,1.0523760002747455,0.7644675387188823,1.4190990245213897,0.6673750701757926,1.38511154028221,0.8256275431632624,0.8284282151898525,1.1099554129975135,0.43005447173464184
2055,1.05152029654145,0.7635313179884247,1.418323208005661,0.6681503465687259,1.3848681371875573,0.8282581937301483,0.8284916964760245,1.109859723875866,0.4297060359016283
2056,1.050664687706981,0.7625950303478206,1.4175474485351924,0.6689259467724373,1.384624561927787,0.8308999008381317,0.8285557684971109,1.1097636133879951,0.4293561441747895
2057,1.049809178693176,0.7616586817180226,1.4167717499566614,0.6697018760045033,1.3843808190797084,0.8335527359273016,0.8286204357896759,1.1096670879973487,0.42900480212263997
2058,1.0489537744250934,0.7607222780247946,1.4159961161205228,0.6704781394792957,1.384136913230848,0.8362167710760184,0.8286857028846244,1.109570154180171,0.4286520153342557
2059,1.0480984798309123,0.7597858251986094,1.4152205508809175,0.6712547424078823,1.3838928489793478,0.8388920790079011,0.8287515743071068,1.1094728184253926,0.4282977894191596
2060,1.0472432998418288,0.7588493291745402,1.4144450580955779,0.6720316899979266,1.3836486309338583,0.8415787330989127,0.8288180545764252,1.1093750872345156,0.42794213000719794
2061,1.0463882393919532,0.7579127958921544,1.4136696416257333,0.6728089874535874,1.3834042637134334,0.8442768073845371,0.8288851482059367,1.1092769671215024,0.4275850427484265
2062,1.0455333034182068,0.7569762312954057,1.4128943053360152,0.6735866399754169,1.383159751947424,0.8469863765670499,0.8289528597029592,1.1091784646126595,0.42722653331298627
2063,1.0446784968602187,0.7560396413325271,1.4121190530943637,0.674364652760262,1.3829151002753735,0.8497075160228901,0.8290211935686759,1.1090795862465272,0.4268666073909897
2064,1.0438238246602254,0.7551030319559264,1.4113438887719338,0.6751430310011641,1.3826703133469118,0.8524403018101216,0.8290901542980424,1.1089803385737635,0.42650527069239597
2065,1.0429692917629638,0.754166409122075,1.4105688162429986,0.675921779887256,1.3824253958216477,0.8551848106760034,0.8291597463796905,1.1088807281570303,0.4261425289468952
2066,1.0421149031155732,0.7532297787914053,1.4097938393848597,0.6767009046036659,1.3821803523690657,0.8579411200646522,0.8292299742958358,1.1087807615708796,0.42577838790378464
2067,1.0412606636674875,0.7522931469281993,1.4090189620777471,0.6774804103314147,1.381935187668416,0.8607093081248175,0.8293008425221827,1.1086804454016375,0.42541285333185075
2068,1.0404065783703367,0.7513565195004845,1.4082441882047307,0.6782603022473169,1.3816899064086132,0.8634894537177515,0.8293723555278328,1.1085797862472917,0.42504593101924676
2069,1.0395526521778424,0.7504199024799272,1.4074695216516235,0.6790405855238819,1.3814445132881263,0.8662816364251885,0.8294445177751905,1.1084787907173745,0.42467762677337234
2070,1.0386988900457144,0.7494833018417218,1.4066949663068868,0.6798212653292119,1.3811990130148735,0.869085936557435,0.829517333719869,1.1083774654328478,0.4243079464207524
2071,1.037845296931549,0.7485467235644871,1.4059205260615375,0.6806023468269045,1.380953410306116,0.8719024351615648,0.8295908078105998,1.1082758170259877,0.42393689580691546
2072,1.0369918777947258,0.7476101736301574,1.405146204809054,0.6813838351759534,1.3807077098883518,0.8747312140297274,0.8296649444891399,1.1081738521402689,0.4235644807962695
2073,1.0361386375963053,0.7466736580238753,1.404372006445281,0.682165735530647,1.3804619164972078,0.8775723557075669,0.8297397481901776,1.1080715774302479,0.4231907072719838
2074,1.035285581298926,0.7457371827338848,1.403597934868337,0.6829480530404708,1.3802160348773347,0.8804259435027577,0.8298152233412431,1.107968999561447,0.4228155811358623
2075,1.034432713866702,0.7448007537514243,1.4028239939785196,0.683730792850008,1.379970069782299,0.8832920614936552,0.8298913743626157,1.1078661252102386,0.42243910830822473
2076,1.0335800402651205,0.7438643770706188,1.4020501876782117,0.6845139600988404,1.379724025974477,0.8861707945380662,0.8299682056672326,1.1077629610637272,0.4220612947277808
2077,1.0327275654609387,0.7429280586883718,1.4012765198717871,0.6852975599214501,1.379477908224948,0.8890622282821408,0.8300457216605979,1.107659513819633,0.42168214635150814
2078,1.0318752944220826,0.7419918046042605,1.4005029944655183,0.6860815974471205,1.3792317213133873,0.8919664491693782,0.8301239267406925,1.107555790186175,0.4213016691545285
2079,1.0310232321175428,0.7410556208204258,1.399729615367481,0.6868660777998365,1.3789854700279587,0.8948835444497665,0.8302028252978824,1.107451796881953,0.42091986912998464
2080,1.0301713835172734,0.7401195133414662,1.3989563864874608,0.6876510060981884,1.3787391591652078,0.8978136021890452,0.830282421714829,1.1073475406358302,0.42053675228891607
2081,1.029319753592089,0.7391834881743304,1.3981833117368605,0.6884363874552707,1.378492793529955,0.9007567112780901,0.8303627203663998,1.1072430281868149,0.42015232466013386
2082,1.028468347313562,0.7382475513282091,1.3974103950286048,0.6892222269785866,1.3782463779351877,0.9037129614424404,0.8304437256195774,1.107138266283943,0.4197665922900982
2083,1.0276171696539216,0.737311708814429,1.3966376402770475,0.6900085297699483,1.3779999172019544,0.906682443251945,0.8305254418333715,1.10703326168616,0.4193795612427926
2084,1.0267662255859504,0.736375966646345,1.3958650513978796,0.6907953009253799,1.3777534161592566,0.9096652481305503,0.8306078733587292,1.1069280211622012,0.4189912375995985
2085,1.0259155200828824,0.7354403308392314,1.3950926323080326,0.6915825455350182,1.377506879643941,0.9126614683662247,0.8306910245384458,1.1068225514904737,0.41860162745917107
2086,1.0250650581183018,0.7345048074101779,1.3943203869255878,0.6923702686830171,1.377260312500593,0.9156711971210185,0.8307748997070774,1.1067168594589383,0.4182107369373146
2087,1.0242148446660388,0.7335694023779773,1.3935483191696814,0.6931584754474487,1.3770137195814294,0.9186945284412711,0.8308595031908517,1.1066109518649887,0.4178185721668545
2088,1.02336488470007,0.7326341217630232,1.3927764329604115,0.6939471709002057,1.37676710574619,0.9217315572679515,0.8309448393075805,1.1065048355153333,0.4174251392975143
2089,1.022515183194415,0.7316989715871995,1.392004732218746,0.6947363601069054,1.376520475862031,0.9247823794471539,0.831030912366572,1.1063985172258755,0.4170304444957883
2090,1.0216657451230349,0.7307639578737742,1.391233220866428,0.6955260481267916,1.3762738348034165,0.9278470917407372,0.8311177266685441,1.1062920038215933,0.416634493944815
2091,1.0208165754597294,0.7298290866472912,1.390461902825882,0.6963162400126363,1.3760271874520114,0.9309257918371155,0.831205286505535,1.1061853021364192,0.4162372938442525
2092,1.0199676791780374,0.7288943639334649,1.3896907820201239,0.6971069408106476,1.3757805386965754,0.9340185783622055,0.8312935961608213,1.1060784190131225,0.4158388504101501
2093,1.0191190612511334,0.7279597957590708,1.3889198623726653,0.697898155560368,1.3755338934328525,0.9371255508905204,0.8313826599088263,1.1059713613031859,0.41543916987482316
2094,1.0182707266517257,0.7270253881518394,1.3881491478074217,0.69868988929458,1.375287256563465,0.940246809956431,0.8314724820150372,1.1058641358666859,0.41503825848672443
2095,1.017422680351956,0.7260911471403488,1.3873786422486187,0.6994821470392092,1.3750406329978055,0.9433824570655843,0.8315630667359175,1.1057567495721723,0.41463612251031934
2096,1.0165749273232965,0.7251570787539169,1.3866083496207007,0.7002749338132295,1.3747940276519295,0.946532594706488,0.8316544183188237,1.105649209296548,0.41423276822595567
2097,1.0157274725364502,0.7242231890224953,1.385838273848237,0.7010682546285657,1.3745474454484468,0.9496973263622543,0.8317465410019179,1.105541521924947,0.4138282019297398
2098,1.0148803209612483,0.723289483976561,1.3850684188558304,0.7018621144899977,1.3743008913164148,0.9528767565225221,0.8318394390140844,1.1054336943506122,0.4134224299334045
2099,1.0140334775665485,0.7223559696470101,1.3842987885680234,0.7026565183950655,1.3740543701912291,0.9560709906955434,0.8319331165748438,1.1053257334747764,0.4130154585641865
2100,1.0131869473201354,0.7214226520650502,1.3835293869092062,0.7034514713339727,1.373807887014518,0.9592801354204507,0.832027577894271,1.1052176462065384,0.41260729416469355
2101,1.0123407351886173,0.720489537262093,1.3827602178035248,0.7042469782894922,1.3735614467340327,0.9625042982796997,0.8321228271729084,1.1051094394627416,0.4121979430927792
2102,1.0114948461373277,0.7195566312696483,1.3819912851747884,0.7050430442368707,1.3733150543035397,0.9657435879116893,0.8322188686016854,1.1050011201678538,0.41178741172141414
2103,1.0106492851302218,0.7186239401192165,1.3812225929463773,0.7043452841216631,1.3737444886081729,0.9678571580815217,0.8312547481314014,1.1038317370234112,0.4113757064385575
2104,1.0098040571297773,0.7176914698421808,1.3804541450411505,0.7036032992541537,1.3741943688939708,0.9699373253917596,0.8302597577690001,1.102630584804253,0.4109628336470273
2105,1.008959167096893,0.7167592264697016,1.3796859453813546,0.7028617019524278,1.3746445292827336,0.9720179340504319,0.8292655720710063,1.1014293408519193,0.4105487997643731
2106,1.0081146199907876,0.7158272160326081,1.37891799788853,0.7021204986133667,1.37509497305641,0.9740989848955773,0.8282721951890611,1.100228012120145,0.41013361122274694
2107,1.0072704207689003,0.7148954445612934,1.3781503064834215,0.7013796956352227,1.3755457034914886,0.9761804787920684,0.8272796312647787,1.0990266055696758,0.40971727446877365
2108,1.0064265743867895,0.7139639180856054,1.3773828750858854,0.7006392994175008,1.3759967238589241,0.9782624166316808,0.8262878844296639,1.0978251281681444,0.4092997959634214
2109,1.0055830857980326,0.7130326426347426,1.3766157076147971,0.6998993163608365,1.3764480374240586,0.9803447993331478,0.825296958805031,1.0966235868899472,0.4088811821818744
2110,1.0047399599541256,0.7121016242371447,1.3758488079879614,0.6991597528668752,1.3768996474465476,0.9793538628303209,0.8243068585019238,1.095421988716123,0.40846143961340103
2111,1.0038972018043821,0.7111708689203875,1.375082180122019,0.6984206153381514,1.377351557180281,0.9778775281625173,0.8233175876210325,1.094220340634225,0.40804057476122546
2112,1.0030548162958355,0.7102403827110764,1.3743158279323575,0.6976819101779688,1.3778037698733097,0.9764065597285055,0.8223291502526164,1.0930186496382022,0.4076185941423981
2113,1.0022128083731363,0.7093101716347391,1.3735497553330187,0.6969436437902783,1.3782562887677665,0.9749409299752939,0.8213415504764228,1.0918169227282728,0.4071955042876656
2114,1.0013711829784542,0.7083802417157198,1.3727839662366073,0.6962058225795591,1.378709117099794,0.9734806115301311,0.8203547923616069,1.0906151669108008,0.40677131174134096
2115,1.000529945051377,0.7074505989770719,1.3720184645542013,0.6954684529506963,1.379162258099466,0.9720255771990232,0.8193688799666529,1.089413389198172,0.40634602306117373
2116,0.9996890995288109,0.7065212494404519,1.3712532541952593,0.6947315413088608,1.379615714990714,0.9705757999652552,0.8183838173392949,1.0882115966086687,0.40591964481821863
2117,0.9988486513448824,0.7055921991260136,1.3704883390675313,0.6939950940593906,1.3800694909912505,0.9691312529879387,0.8173996085164392,1.0870097961663467,0.4054921835967067
2118,0.9980086054308376,0.7046634540523014,1.3697237230769677,0.6932591176076688,1.380523589312495,0.9676919096005644,0.8164162575240852,1.085807994900911,0.4050636459939157
2119,0.9971689667149434,0.7037350202361448,1.368959410127629,0.692523618359004,1.3809780131594998,0.9662577433095721,0.8154337683772486,1.08460619984759,0.40463403862003705
2120,0.9963297401223867,0.7028069036925497,1.3681954041215936,0.691788602718508,1.3814327657308716,0.9648287277929373,0.8144521450798814,1.08340441804701,0.40420336809804736
2121,0.9954909305751779,0.701879110434596,1.3674317089588697,0.6910540770909797,1.3818878502187022,0.9634048368987674,0.8134713916247981,1.0822026565450722,0.4037716410635772
2122,0.9946525429920504,0.7009516464733294,1.366668328537305,0.6903200478807812,1.3823432698084903,0.9619860446439156,0.8124915119935967,1.0810009223928267,0.4033388641647803
2123,0.9938145822883617,0.7000245178176555,1.3659052667524951,0.6895865214917205,1.3827990276790691,0.9605723252126062,0.811512510156583,1.0797992226463475,0.4029050440622034
2124,0.9929770533759951,0.699097730474235,1.365142527497695,0.688853504326929,1.3832551270025304,0.9591636529550729,0.8105343900726947,1.0785975643666068,0.4024701874286546
2125,0.99213996116326,0.698171290447376,1.3643801146637284,0.6881210027887432,1.383711570944154,0.9577600023862113,0.809557155689424,1.0773959546193483,0.4020343009490719
2126,0.9913033105547956,0.697245203738931,1.3636180321388989,0.6873890232785855,1.3841683626623316,0.9563613481842463,0.8085808109427449,1.0761944004749646,0.401597391320394
2127,0.9904671064514705,0.696319476348189,1.3628562838089002,0.6866575721968435,1.384625505308493,0.9549676651894115,0.8076053597570365,1.0749929090083696,0.4011594652514283
2128,0.9896313537502852,0.695394114271771,1.3620948735567264,0.6859266559427493,1.3850830020270344,0.9535789284026365,0.8066308060450085,1.073791487298872,0.40072052946271824
2129,0.9887960573442747,0.6944691235035245,1.361333805262583,0.6851962809142628,1.3855408559552451,0.9521951129842553,0.8056571537076276,1.0725901424300517,0.400280590686415
2130,0.9879612221224083,0.6935445100344171,1.3605730828037972,0.6844664535079492,1.3859990702232339,0.9508161942527215,0.804684406634042,1.07138888148963,0.3998396556661434
2131,0.9871268529694956,0.6926202798524337,1.3598127100547306,0.6837371801188624,1.3864576479538573,0.949442147683337,0.8037125687015108,1.070187711569348,0.39939773115687244
2132,0.9862929547660841,0.6916964389424674,1.359052690886688,0.6830084671404226,1.386916592262645,0.9480729489069969,0.8027416437753265,1.0689866397648364,0.3989548239247833
2133,0.985459532388366,0.6907729932862184,1.3582930291678306,0.6822803209643008,1.3873759062577307,0.9467085737089385,0.8017716357087467,1.0677856731754916,0.3985109407471385
2134,0.9846265907080785,0.6898499488620873,1.3575337287630873,0.6815527479802972,1.387835593039778,0.9453489980275109,0.8008025483429191,1.0665848189043479,0.3980660884121482
2135,0.9837941345924057,0.688927311645068,1.3567747935340644,0.6808257545762214,1.3882956557019088,0.9439941979529503,0.7998343855068091,1.0653840840579505,0.39762027371884096
2136,0.9829621689038847,0.6880050876066476,1.3560162273389598,0.6800993471377769,1.3887560973296316,0.9426441497261706,0.7988671510171297,1.064183475746231,0.3971735034769327
2137,0.9821306985003054,0.6870832827146974,1.3552580340324738,0.6793735320484392,1.3892169210007699,0.9412988297375655,0.7979008486782693,1.0629830010823786,0.39672578450669305
2138,0.9812997282346156,0.6861619029333705,1.3545002174657206,0.678648315689339,1.3896781297853922,0.9399582145258175,0.7969354822822208,1.0617826671827133,0.39627712363881384
2139,0.9804692629548238,0.6852409542229967,1.3537427814861418,0.6779237044391423,1.3901397267457387,0.938622280776726,0.7959710556085111,1.06058248116656,0.3958275277142793
2140,0.9796393075039018,0.6843204425399773,1.3529857299374168,0.6771997046739322,1.3906017149361525,0.9372910053220384,0.7950075724241302,1.0593824501561198,0.39537700358423283
2141,0.97880986671969,0.6834003738366822,1.3522290666593777,0.6764763227670916,1.391064097403007,0.9359643651383004,0.794045036483463,1.0581825812763443,0.3949255581098453
2142,0.9779809454348001,0.6824807540613447,1.3514727954879204,0.6757535650891838,1.391526877184638,0.93464233734571,0.7930834515282186,1.0569828816548084,0.39447319816218424
2143,0.9771525484765197,0.6815615891579583,1.3507169202549176,0.6750314380078348,1.3919900573112707,0.9333248992069864,0.792122821287361,1.0557833584215817,0.3940199306220826
2144,0.9763246806667161,0.6806428850661714,1.3499614447881325,0.6743099478876158,1.392453640804951,0.9320120281262508,0.7911631494770424,1.054584018709102,0.3935657623800037
2145,0.9754973468217397,0.679724647721184,1.34920637291113,0.6735891010899233,1.3929176306794764,0.9307037016479113,0.7902044398005315,1.0533848696520467,0.39311070033591344
2146,0.9746705517523303,0.6788068830536442,1.3484517084431935,0.6728689039728643,1.3933820299403248,0.929399897455569,0.7892466959481487,1.0521859183872073,0.39265475139914696
2147,0.9738443002635208,0.677889596989545,1.3476974551992347,0.6721493628911366,1.3938468415845864,0.9281005933709228,0.788289921597198,1.05098717205336,0.3921979224882758
2148,0.9730185971545415,0.6769727954501193,1.3469436169897095,0.6714304841959113,1.3943120686008936,0.9268057673526932,0.7873341204118988,1.0497886377911383,0.39174022053097796
2149,0.9721934472187257,0.6760564843517376,1.3461901976205313,0.6707122742347165,1.3947777139693527,0.9255153974955522,0.7863792960433192,1.0485903227429056,0.39128165246390517
2150,0.9713688552434144,0.675140669605804,1.3454372008929836,0.669994739351319,1.395243780661475,0.9242294620290635,0.7854254521293105,1.0473922340526265,0.3908222252325514
2151,0.9705448260098624,0.674225357118654,1.344684630603637,0.6692778858856078,1.3957102716401084,0.9229479393166349,0.7844725922944416,1.0461943788657402,0.39036194579111994
2152,0.9697213642931428,0.6733105527914507,1.3439324905442611,0.6685617201734769,1.3961771898593685,0.9216708078544771,0.7835207201499316,1.0449967643290317,0.3899008211023951
2153,0.9688984748620536,0.6723962625200821,1.3431807845017398,0.667846248546708,1.3966445382645714,0.9203980462705748,0.7825698392935867,1.0437993975905036,0.3894388581376063
2154,0.9680761624790223,0.6714824921950578,1.342429516257986,0.6671314773328547,1.3971123197921655,0.9191296333236674,0.7816199533097339,1.0426022857992479,0.3889760638762986
2155,0.9672544319000131,0.6705692477014074,1.3416786895898565,0.6664174128551246,1.397580537369664,0.9178655479022368,0.7806710657691573,1.0414054361053187,0.3885124453062012
2156,0.966433287874433,0.6696565349185766,1.3409283082690673,0.6657040614322642,1.3980491939155768,0.9166057690235095,0.7797231802290344,1.0402088556596036,0.3880480094230955
2157,0.9656127351450368,0.6687443597203262,1.3401783760621075,0.6649914293784416,1.3985182923393449,0.9153502758324592,0.7787763002328715,1.0390125516136939,0.38758276323068186
2158,0.9647927784478356,0.667832727974629,1.3394288967301569,0.6642795230031304,1.398987835541271,0.9140990476008308,0.7778304293104419,1.03781653111976,0.38711671374045226
2159,0.963973422512002,0.6669216455435669,1.3386798740289994,0.6635683486109947,1.3994578264124566,0.9128520637261622,0.7768855709777212,1.0366208013304181,0.38664986797155326
2160,0.963154672059778,0.6660111182832312,1.33793131170894,0.6628579125017715,1.3999282678347313,0.9116093037308215,0.7759417287368268,1.0354253693986057,0.3861822329506591
2161,0.962336531806382,0.6651011520436187,1.3371832135147212,0.6621482209701569,1.40039916268059,0.9103707472610522,0.7749989060759557,1.0342302424774528,0.3857138157118381
2162,0.9615190064599155,0.6641917526685305,1.336435583185438,0.6614392803056888,1.4008705138131252,0.9091363740860248,0.7740571064693212,1.0330354277201506,0.3852446232964213
2163,0.9607021007212715,0.6632829259954713,1.3356884244544545,0.6607310967926328,1.4013423240859613,0.9079061640968998,0.7731163333770941,1.0318409322798263,0.38477466275287237
2164,0.9598858192840408,0.6623746778555462,1.3349417410493205,0.6600236767098655,1.4018145963431894,0.9066800973058989,0.7721765902453392,1.0306467633094119,0.38430394113665417
2165,0.959070166834422,0.6614670140733612,1.3341955366916893,0.6593170263307615,1.4022873334193036,0.9054581538453824,0.771237880505958,1.029452927961518,0.3838324655101002
2166,0.9582551480511275,0.6605599404669211,1.3334498150972325,0.6586111519230758,1.4027605381391317,0.904240313966939,0.7703002075766257,1.0282594333883033,0.38336024294228166
2167,0.9574407676052934,0.6596534628475288,1.3327045799755592,0.6579060597488313,1.403234213317776,0.90302655804048,0.7693635748607341,1.0270662867413467,0.382887280508876
2168,0.9566270301603874,0.658747587019685,1.3319598350301332,0.6572017560642037,1.4037083617605446,0.9018168665533457,0.7684279857473318,1.0258734951715198,0.3824135852920378
2169,0.9558139403721165,0.6578423187809861,1.3312155839581874,0.6564982471194052,1.404182986262889,0.9006112201094133,0.7674934436110636,1.0246810658288552,0.38193916438026604
2170,0.955001502888338,0.6569376639220248,1.3304718304506462,0.655795539158573,1.4046580896103396,0.8994095994282238,0.7665599518121148,1.0234890058624213,0.3814640248682744
2171,0.9541897223489669,0.65603362822629,1.3297285781920403,0.655093638419653,1.4051336745784417,0.8982119853441054,0.765627513696152,1.022297322420191,0.3809881738568587
2172,0.9533786033858863,0.655130217470066,1.3289858308604259,0.6543925511342876,1.4056097439326931,0.8970183588053128,0.7646961325942656,1.0211060226489153,0.3805116184527696
2173,0.9525681506228564,0.6542274374223325,1.3282435921273028,0.6536922835277006,1.4060863004284792,0.8958287008731699,0.7637658118229135,1.0199151136939923,0.3800343657685776
2174,0.9517583686754235,0.6533252938446643,1.327501865657533,0.6529928418185835,1.4065633468110113,0.8946429927212228,0.762836554683862,1.0187246026993388,0.37955642292254516
2175,0.9509492621508316,0.6524237924911327,1.3267606551092594,0.6519433164701204,1.4057416740076494,0.8945852108526966,0.7612572833437842,1.0168834156869149,0.3790777970384964
2176,0.9501408356479317,0.6515229391082052,1.3260199641338248,0.6505730226063675,1.4037294754640572,0.8955603081755272,0.7590822578349283,1.0144458165573196,0.3785984952456858
2177,0.9493330937570926,0.6506227394346469,1.3252797963756924,0.6492036586231344,1.4017176753859906,0.896537528753639,0.7569083057749763,1.0120086368095764,0.3781185246786679
2178,0.9485260410601101,0.6497231992014195,1.3245401554723615,0.647835229164254,1.3997062782828689,0.89751687747786,0.7547354304063773,1.0095718835803922,0.3776378924771668
2179,0.9477196821301198,0.6488243241315842,1.3238010450542919,0.6464677388603006,1.3976952886608152,0.8984983592547225,0.7525636349566126,1.0071355640043504,0.3771566057859485
2180,0.9469140215315074,0.6479261199402022,1.3230624687448205,0.6451011923285059,1.3956847110225614,0.8994819790065359,0.7503929226381443,1.0046996852137815,0.37667467175468666
2181,0.9461090638198195,0.647028592334236,1.3223244301600827,0.6437355941726735,1.393674549867355,0.9004677416714648,0.7482232966483581,1.0022642543386342,0.3761920975378368
2182,0.9453048135416755,0.6461317470124504,1.3215869329089316,0.6423709489830949,1.3916648096908646,0.901455652203607,0.7460547601695118,0.9998292785063473,0.37570889029450494
2183,0.9445012752346789,0.645235589665314,1.3208499805928593,0.6410072613364646,1.3896554949850866,0.9024457155730696,0.7438873163686806,0.9973947648417184,0.3752250571883166
2184,0.9436984534273309,0.6443401259749038,1.3201135768059191,0.6396445357957996,1.387646610238255,0.9034379367660476,0.7417209683977076,0.9949607204667797,0.3747406053872891
2185,0.9428963526389401,0.6434453616148025,1.3193777251346428,0.6382827769103515,1.3856381599347438,0.9044323207849018,0.7395557193931492,0.9925271525006661,0.3742555420637017
2186,0.9420949773795367,0.642551302250005,1.3186424291579648,0.6369219892155267,1.3836301485549782,0.9054288726482371,0.7373915724762238,0.9900940680594876,0.3737698743939672
2187,0.941294332149785,0.6416579535368188,1.3179076924471436,0.6355621772328026,1.3816225805753406,0.9064275973909836,0.7352285307527621,0.9876614742562012,0.3732836095584998
2188,0.940494421440895,0.6407653211227662,1.317173518565681,0.6342033454696444,1.3796154604680766,0.9074285000644744,0.7330665973131529,0.9852293782004797,0.37279675474158924
2189,0.9396952497345373,0.6398734106464887,1.3164399110692466,0.6328454984194236,1.3776087927012055,0.9084315857365257,0.730905775232297,0.9827977869985876,0.37230931713127063
2190,0.9388968215027553,0.6389822277376485,1.3157068735055986,0.6314886405613358,1.375602581738426,0.9094368594915193,0.7287460675695543,0.980366707753249,0.37182130391919516
2191,0.9380991412078787,0.6380917780168316,1.3149744094145055,0.6301327763603191,1.373596832039026,0.910444326430481,0.7265874773686947,0.9779361475635207,0.37133272230050274
2192,0.9373022133024388,0.6372020670954537,1.3142425223276712,0.6287779102669732,1.3715915480577894,0.9114539916711639,0.7244300076578503,0.9755061135246641,0.3708435794736925
2193,0.9365060422290802,0.6363131005756593,1.3135112157686548,0.6274240467174763,1.3695867342449048,0.9124658603481302,0.7222736614494639,0.9730766127280145,0.37035388264049424
2194,0.9357106324204773,0.6354248840502297,1.3127804932527953,0.6260711901335074,1.3675823950458752,0.9134799376128321,0.7201184417402442,0.9706476522608558,0.36986363900574115
2195,0.9349159882992478,0.6345374231024845,1.3120503582871352,0.6247193449221637,1.3655785349014251,0.9144962286336977,0.7179643515111156,0.968219239206291,0.3693728557772413
2196,0.9341221142778678,0.6336507233061865,1.3113208143703425,0.6233685154758809,1.3635751582474114,0.9155147385962101,0.7158113937271714,0.9657913806431133,0.36888154016564967
2197,0.9333290147585872,0.6327647902254467,1.3105918649926365,0.622018706172354,1.3615722695147312,0.9165354727029946,0.7136595713376277,0.9633640836456795,0.3683896993843403
2198,0.9325366941333435,0.6318796294146263,1.3098635136357095,0.6206699213744559,1.3595698731292307,0.9175584361739025,0.7115088872757735,0.9609373552837783,0.36789734064927837
2199,0.9317451567836796,0.6309952464182451,1.3091357637726535,0.6193221654301605,1.3575679735116164,0.9185836342460942,0.7093593444589299,0.9585112026225081,0.3674044711788943
2200,0.930954407080658,0.6301116467708838,1.308408618867883,0.6179754426724623,1.3555665750773636,0.9196110721741262,0.7072109457883998,0.9560856327221436,0.3669110981939541
2201,0.9301644493847772,0.6292288359970898,1.3076820823770594,0.6166297574192978,1.3535656822366264,0.9206407552300349,0.7050636941494246,0.9536606526380105,0.36641722891743445
2202,0.929375288045889,0.6283468196112838,1.3069561577470188,0.6152851139734687,1.3515652993941492,0.9216726887034252,0.7029175924111399,0.9512362694203579,0.3659228705743943
2203,0.928586927403113,0.6274656031176626,1.3062308484156937,0.6139415166225606,1.3495654309491736,0.9227068779015564,0.7007726434265281,0.9488124901142277,0.36542803039184885
2204,0.9277993717847559,0.6265851920101082,1.3055061578120408,0.612598969638869,1.3475660812953532,0.9237433281494275,0.6986288500323788,0.9463893217593309,0.364932715598642
2205,0.927012625508227,0.625705591772092,1.3047820893559665,0.6112574772793194,1.345567254820661,0.9247820447898676,0.6964862150492418,0.9439667713899167,0.36443693342532135
2206,0.9262266928799563,0.6248268078765808,1.304058646458252,0.6099170437853922,1.3435689559073027,0.9258230331836218,0.6943447412813862,0.9415448460346477,0.36394069110401106
2207,0.925441578195311,0.6239488457859441,1.3033358325204805,0.608577673383043,1.3415711889316246,0.9268662987094429,0.6922044315167546,0.9391235527164682,0.36344399586828524
2208,0.9246572857385148,0.6230717109518598,1.3026136509349626,0.6072393702826291,1.3395739582640287,0.9279118467641766,0.6900652885269243,0.936702898452481,0.3629468549530431
2209,0.9238738197825656,0.6221954088152226,1.301892105084665,0.6059021386788321,1.3375772682688813,0.9289596827628542,0.6879273150670637,0.9342828902538189,0.36244927559438367
2210,0.9230911845891534,0.6213199448060499,1.3011711983431362,0.6045659827505823,1.3355811233044261,0.9300098121387829,0.685790513875892,0.9318635351255162,0.3619512650294773
2211,0.9223093844085801,0.6204453243433896,1.3004509340744335,0.6032309066609831,1.3335855277226962,0.9310622403436332,0.6836548876756368,0.9294448400663833,0.3614528304964447
2212,0.9215284234796768,0.619571552835227,1.2997313156330517,0.6018969145572353,1.3315904858694243,0.9321169728475351,0.6815204391719928,0.9270268120688765,0.3609539792342284
2213,0.9207483060297244,0.6186986356783932,1.29901234636385,0.6005640105705634,1.3295960020839575,0.9331740151391668,0.6793871710540853,0.9246094581189753,0.3604547184824687
2214,0.9199690362743731,0.617826578258474,1.2982940296019811,0.5992321988161408,1.3276020806991689,0.9342333727258457,0.6772550859944277,0.9221927851960533,0.3599550554813803
2215,0.9191906184175614,0.6169553859497161,1.2975763686728186,0.597901483393015,1.3256087260413698,0.9352950511336252,0.6751241866488826,0.9197768002727509,0.3594549974716258
2216,0.9184130566514366,0.6160850641149369,1.2968593668918862,0.596571868384034,1.3236159424302236,0.9363590559073853,0.6729944756566234,0.9173615103148496,0.3589545516941923
2217,0.9176363551562745,0.6152156181054331,1.2961430275647856,0.5952433578557728,1.3216237341786568,0.937425392610927,0.6708659556400951,0.9149469222811439,0.3584537253902673
2218,0.9168605181004016,0.6143470532608895,1.2954273539871282,0.5939159558584606,1.3196321055927758,0.9384940668270677,0.6687386292049783,0.9125330431233182,0.35795252580111464
2219,0.9160855496401145,0.6134793749092882,1.2947123494444617,0.5925896664259076,1.3176410609717784,0.9395650841577341,0.6666124989401498,0.9101198797858171,0.35745096016795125
2220,0.9153114539196013,0.6126125883668181,1.2939980172122016,0.5912644935754325,1.315650604607867,0.9406384502240607,0.6644875674176468,0.9077074392057207,0.35694903573182235
2221,0.9145382350708641,0.6117466989377847,1.293284360555561,0.5899404413077907,1.313660740786165,0.9417141706664837,0.6623638371926297,0.9052957283126188,0.3564467597334797
2222,0.9137658972136388,0.6108817119145191,1.2925713827294794,0.5886175136071008,1.3116714737846278,0.9427922511448373,0.6602413108033444,0.9028847540284823,0.35594413941325775
2223,0.9129944444553192,0.6100176325772896,1.2918590869785556,0.5872957144407758,1.3096828078739609,0.9438726973384537,0.65811999077109,0.9004745232675415,0.3554411820109505
2224,0.9122238808908782,0.6091544661942111,1.291147476536977,0.5859750477594499,1.3076947473175318,0.9449555149462581,0.6559998796001809,0.8980650429361573,0.35493789476568943
2225,0.9114542106027903,0.6082922180211559,1.2904365546284509,0.5846555174969081,1.3057072963712861,0.9460407096868678,0.653880979777912,0.8956563199326963,0.35443428491582185
2226,0.910685437660955,0.6074308933016646,1.2897263244661366,0.5833371275700162,1.3037204592836633,0.9471282872986919,0.6517632937745261,0.8932483611474062,0.3539303596987864
2227,0.9099175661226196,0.6065704972668574,1.2890167892525757,0.58201988187865,1.3017342402955103,0.9482182535400296,0.6496468240431768,0.8908411734622885,0.35342612635099396
2228,0.9091506000323033,0.6057110351353457,1.2883079521796263,0.580703784305626,1.299748643639999,0.9493106141891723,0.6475315730198982,0.8884347637509755,0.35292159210770324
2229,0.9083845434217198,0.604852512113143,1.2875998164283926,0.5793888387166315,1.297763673542541,0.9504053750445004,0.6454175431235696,0.8860291388786039,0.352416764202902
2230,0.9076194003097026,0.6039949333935772,1.28689238516916,0.578075048960156,1.2957793342207047,0.9515025419245896,0.643304736755884,0.8836243057016901,0.351911649869183
2231,0.906855174702129,0.6031383041572037,1.286185661561326,0.5767624188674226,1.2937956298841307,0.9526021206683079,0.6411931563013156,0.8812202710680066,0.35140625633762596
2232,0.9060918705918437,0.6022826295717154,1.2854796487533338,0.575450952252318,1.2918125647344476,0.9537041171349218,0.6390828041270861,0.878817041816454,0.35090059083767455
2233,0.9053294919585853,0.6014279147918578,1.2847743498826065,0.574140652911326,1.289830142965191,0.9548085372041972,0.6369736825831361,0.8764146247769399,0.350394660597016
2234,0.9045680427689109,0.6005741649593407,1.2840697680754802,0.5728315246234599,1.28784836876172,0.9559153867765032,0.6348657940020933,0.8740130267702539,0.3498884728414628
2235,0.9038075269761214,0.5997213852027519,1.2833659064471374,0.5715235711501943,1.2858672463011325,0.9570246717729165,0.6327591406992414,0.8716122546079428,0.34938203479483076
2236,0.9030479485201875,0.5988695806374695,1.2826627681015426,0.5702167962353976,1.2838867797521847,0.9581363981353276,0.6306537249724886,0.8692123150921849,0.34887535367882017
2237,0.9022893113276764,0.5980187563655779,1.2819603561313755,0.5689112036052674,1.2819069732752089,0.9591038913472246,0.6285495491023423,0.86681321501567,0.3483684367128954
2238,0.9015316193116776,0.5971689174757794,1.2812586736179676,0.5676067969682619,1.2799278310220306,0.9567114385679416,0.6264466153518753,0.8644149611614728,0.3478612911141673
2239,0.9007748763717295,0.5963200690433093,1.2805577236312353,0.5663035800150353,1.2779493571358866,0.9543231834001745,0.6243449259666997,0.8620175603029294,0.34735392409727184
2240,0.9000190863937475,0.5954722161298511,1.279857509229617,0.5650015564183724,1.2759715557513458,0.9519391101736805,0.6222444831749377,0.8596210192035161,0.3468463428742542
2241,0.8992642532499504,0.5946253637834504,1.2791580334600077,0.5637007298331216,1.273994430994224,0.9495592032771634,0.6201452891871932,0.8572253446167226,0.3463385546544478
2242,0.8985103807987885,0.5937795170384301,1.2784592993576962,0.5624011038961324,1.2720179869815071,0.9471834471580783,0.6180473461965257,0.8548305432859331,0.3458305666443579
2243,0.8977574728848715,0.5929346809153058,1.2777613099463005,0.5611026822261891,1.2700422278212669,0.9448118263224246,0.6159506563784216,0.8524366219442995,0.3453223860475418
2244,0.8970055333388973,0.5920908604207022,1.277064068237705,0.559805468423948,1.2680671576125835,0.9424443253345514,0.6138552218907697,0.8500435873146227,0.3448140200644943
2245,0.8962545659775797,0.5912480605472673,1.2763675772319973,0.5585094660718721,1.2660927804454636,0.9400809288169562,0.6117610448738333,0.8476514461092266,0.34430547589252586
2246,0.8955045746035779,0.5904062862735897,1.2756718399174056,0.557214678734169,1.2641191004007595,0.937721621450085,0.6096681274502236,0.8452602050298366,0.3437967607256499
2247,0.894755563005426,0.5895655425641152,1.2749768592702357,0.5559311424092402,1.2622083052879711,0.9354659195527757,0.6076444918005828,0.8429378908431641,0.3432878817544627
2248,0.8940075349574623,0.5887258343690627,1.2742826382548098,0.5547772424154408,1.261094168616649,0.9344868546304744,0.6064927769054625,0.8414871471226896,0.342778846166029
2249,0.8932604942197594,0.5878871666243418,1.273589179823405,0.5536245663760355,1.259980743170765,0.9335091808585873,0.6053423278653525,0.8400373235685923,0.34226966114376356
2250,0.8925144445380537,0.5870495442514698,1.2728964869161892,0.5524731185066114,1.2588680321478978,0.9325328929564695,0.6041931467320134,0.8385884268389875,0.3417603338673184
2251,0.8917693896436766,0.586212972157489,1.2722045624611629,0.5513229030059376,1.2577560387340334,0.9315579856533368,0.6030452355394333,0.8371404635807828,0.34125087151246336
2252,0.8910253332534855,0.5853774552348854,1.2715134093740976,0.5501739240558934,1.2566447661035043,0.9305844536882699,0.6018985963038049,0.8356934404295591,0.34074128125097314
2253,0.890282279069795,0.5845429983615058,1.270823030558474,0.5490261858213942,1.255534217418924,0.9296122918102142,0.6007532310235022,0.8342473640094479,0.34023157025051093
2254,0.8895402307803072,0.583709606400477,1.270133428905423,0.5478796924503166,1.254424395831124,0.9286414947779744,0.5996091416790577,0.8328022409330111,0.33972174567451474
2255,0.8887991920580458,0.5828772842001242,1.2694446072936656,0.5467344480734283,1.2533153044790943,0.9276720573602206,0.5984663302331428,0.8313580778011217,0.33921181468208117
2256,0.8880591665612857,0.5820460365938895,1.268756568589452,0.5455904568043121,1.2522069464899164,0.9267039743354823,0.5973247986305429,0.82991488120284,0.33870178442785276
2257,0.8873201579334875,0.5812158684002526,1.2680693156465044,0.5444477227392964,1.2510993249787048,0.9257372404921493,0.5961845487981396,0.8284726577152973,0.33819166206190326
2258,0.8865821698032289,0.580386784422648,1.267382851305956,0.5433062499573822,1.2499924430485443,0.9247718506284739,0.5950455826448888,0.827031413903574,0.3376814547296236
2259,0.8858452057841393,0.5795587894493878,1.2666971783962941,0.542166042520172,1.248886303790429,0.9238077995525654,0.5939079020618011,0.8255911563205807,0.337171169571609
2260,0.885109269474832,0.5787318882535797,1.2660122997333008,0.541027104471798,1.2477809102831996,0.9228450820823912,0.5927715089219215,0.824151891506938,0.33666081372354606
2261,0.8843743644588385,0.5779060855930479,1.2653282181199939,0.5398894398388515,1.2466762655934847,0.9218836930457779,0.5916364050803109,0.8227136259908576,0.3361503943160993
2262,0.8836404943045428,0.5770813862102547,1.2646449363465717,0.5387530526303129,1.245572372775639,0.9209236272804067,0.5905025923740265,0.8212763662880236,0.33563991847479946
2263,0.8829076625651154,0.5762577948322205,1.2639624571903536,0.5376179468374809,1.2444692348716835,0.9199648796338151,0.5893700726221043,0.8198401189014727,0.3351293933199299
2264,0.8821758727784493,0.5754353161704464,1.263280783415724,0.5364841264339038,1.2433668549112469,0.9190074449633961,0.5882388476255415,0.8184048903214781,0.33461882596641745
2265,0.8814451284670931,0.574613954920834,1.2625999177740748,0.5353515953753085,1.2422652359115027,0.9180513181363942,0.5871089191672766,0.8169706870254273,0.3341082235237177
2266,0.8807154331381883,0.5737937157636094,1.2619198630037496,0.534220357599533,1.2411643808771138,0.917096494029907,0.5859802890121759,0.8155375154777076,0.3335975930957053
2267,0.8799867902834044,0.5729746033632439,1.261240621829987,0.5330904170264568,1.240064292800171,0.9161429675308841,0.5848529589070134,0.814105382129586,0.333086941780564
2268,0.8792592033788755,0.572156622368378,1.2605621969648664,0.5319617775579333,1.2389649746601357,0.9151907335361225,0.5837269305804578,0.8126742934190938,0.332576276670674
2269,0.8785326758851362,0.5713397774117435,1.2598845911072503,0.5308344430777217,1.237866429423781,0.9142397869522704,0.5826022057430544,0.8112442557709069,0.33206560485250297
2270,0.8778072112470584,0.570524073110086,1.2592078069427304,0.5297084174514182,1.236768660045133,0.913290122695821,0.58147878608721,0.8098152755962288,0.331554933406495
2271,0.8770828128937892,0.5697095140640895,1.2585318471435731,0.5285837045263905,1.2356716694654155,0.9123417356931152,0.5803566732871792,0.8083873592926762,0.3310442694069625
2272,0.876359484238688,0.5688961048583004,1.257856714368664,0.5274603081317106,1.2345754606129895,0.9113946208803374,0.5792358689990491,0.8069605132441605,0.33053361992197594
2273,0.8756372286792646,0.568083850061051,1.2571824112634558,0.5263382320780875,1.2334800364032987,0.910448773203514,0.5781163748607251,0.8055347438207713,0.3300229920132542
2274,0.8749160495971173,0.5672727542243838,1.2565089404599115,0.5252174801578027,1.2323853997388121,0.9095041876185168,0.5769981924919181,0.8041100573786616,0.3295123927360573
2275,0.874195950357871,0.5664628218839767,1.2558363045764533,0.5240980561446418,1.231291553508966,0.9085608590910532,0.5758813234941298,0.8026864602599301,0.32900182913907644
2276,0.8734769343111166,0.5656540575590677,1.2551645062179086,0.5229799637938316,1.23019850059011,0.9076187825966721,0.5747657694506413,0.8012639587925072,0.3284913082643273
2277,0.8727590047903507,0.5648464657523812,1.2544935479754575,0.5218632068419746,1.2291062438454503,0.9066779531207583,0.5736515319265001,0.7998425592900398,0.3279808371470423
2278,0.8720421651129144,0.5640400509500526,1.2538234324265802,0.5207477890069838,1.2280147861249944,0.9057383656585316,0.5725386124685082,0.7984222680517746,0.3274704228155617
2279,0.871326418579934,0.5632348176215554,1.2531541621350049,0.5196337139880189,1.2269241302654956,0.904800015215046,0.5714270126052119,0.7970030913624462,0.3269600722912283
2280,0.8706117684762602,0.562430770219626,1.2524857396506552,0.5185209854654221,1.2258342790903989,0.9038628968051885,0.5703167338468875,0.7955850354921586,0.3264497925882796
2281,0.8698982180704102,0.5616279131801922,1.2518181675096005,0.5174096071006548,1.2247452354097854,0.9029270054536742,0.5692077776855337,0.7941681066962749,0.3259395907137426
2282,0.8691857706145083,0.5608262509223,1.2511514482340038,0.5162995825362354,1.2236570020203206,0.9019923361950491,0.568100145594861,0.7927523112153017,0.3254294736673259
2283,0.8684744293442259,0.5600257878480388,1.2504855843320701,0.5151909153956746,1.2225695817051963,0.901058884073684,0.5669938390302798,0.7913376552747746,0.32491944844131615
2284,0.8677641974787257,0.5592265283424719,1.2498205782979979,0.5140836092834152,1.2214829772340818,0.9001266441437765,0.5658888594288934,0.7899241450851469,0.32440952202047096
2285,0.8670550782206012,0.5584284767735626,1.2491564326119269,0.5129776677847682,1.2203971913630671,0.8991956114693456,0.5647852082094871,0.7885117868416739,0.32389970138191504
2286,0.8663470747558213,0.5576316374921031,1.2484931497398901,0.5118730944658526,1.219312226834612,0.8982657811242328,0.5636828867725214,0.7871005867243028,0.3233899934950343
2287,0.8656401902536722,0.556836014831644,1.2478307321337643,0.5107698928735347,1.2182280863774932,0.8973371481920986,0.5625818965001229,0.7856905508975593,0.3228804053213734
2288,0.8649344278667005,0.5560416131084223,1.2471691822312194,0.5096680665353652,1.2171447727067521,0.8964097077664207,0.5614822387560763,0.7842816855104342,0.32237094381452996
2289,0.8642297907306563,0.5552484366212898,1.2465085024556708,0.5085676189595204,1.216062288523642,0.8954834549504934,0.5603839148858176,0.7828739966962728,0.32186161592005164
2290,0.8635262819644384,0.5544564896516451,1.245848695216232,0.5074685536347419,1.2149806365155782,0.894558384857423,0.5592869262164271,0.7814674905726628,0.32135242857533286
2291,0.8628239046700373,0.553665776463362,1.245189762907665,0.5063708740302765,1.2138998193560853,0.8936344926101276,0.5581912740566228,0.7800621732413238,0.32084338870951223
2292,0.8621226619324805,0.5528763013027201,1.2445317079103324,0.5052745835958176,1.2128198397047476,0.8927117733413366,0.557096959696755,0.7786580507879948,0.3203345032433689
2293,0.8614225568197776,0.5520880683983361,1.2438745325901523,0.5041796857614463,1.211740700207158,0.8917902221935855,0.5560039844088001,0.7772551292823258,0.3198257790892219
2294,0.8607235923828644,0.5513010819610934,1.2432182392985487,0.5030861839375715,1.2106624034948665,0.8908698343192142,0.5549123494463539,0.7758534147777636,0.3193172231508264
2295,0.8600257716555506,0.5505153461840749,1.2425628303724072,0.5019940815148742,1.2095849521853337,0.8899506048803679,0.5538220560446308,0.7744529133114472,0.3188088423232739
2296,0.859329097654464,0.5497308652424939,1.2419083081340263,0.5009033818642475,1.2085083488818769,0.8890325290489915,0.5527331054204547,0.7730536309040926,0.31830064349289006
2297,0.8586335733789981,0.5489476432936264,1.2412546748910733,0.49981408833674107,1.207432596173625,0.8881156020068307,0.5516454987722587,0.7716555735598873,0.3177926335371343
2298,0.857939201811259,0.548165684476744,1.2406019329365394,0.4987262042635035,1.2063576966354674,0.887199818945426,0.5505592372800796,0.7702587472663797,0.3172848193244989
2299,0.8572459859160112,0.5473849929130445,1.2399500845486908,0.49763973295572494,1.2052836528280055,0.8862851750661148,0.5494743221055547,0.768863157994369,0.3167772077144097
2300,0.8565539286406271,0.5466055727055883,1.2392991319910287,0.49655467770458317,1.2042104672975051,0.8853716655800248,0.5483907543919202,0.7674688116978,0.3162698055571261
2301,0.8558630329150327,0.5458274279392281,1.23864907751224,0.49547104178118495,1.2031381425758487,0.8844592857080769,0.5473085352640077,0.7660757143136516,0.31576261969364094
2302,0.8551733016516586,0.5450505626805465,1.237999923346158,0.4943888284365139,1.2020666811804877,0.8835480306809769,0.5462276658282436,0.7646838717618316,0.3152556569555822
2303,0.8544847377453862,0.5442749809777869,1.2373516717117143,0.49330804090137315,1.200996085614395,0.8826378957392194,0.5451481471726463,0.7632932899450682,0.3147489241651152
2304,0.8537973440734975,0.5435006868607888,1.2367043248128973,0.4922286823863308,1.199926358366019,0.8817288761330813,0.5440699803668245,0.7619039747488012,0.3142424281348423
2305,0.8531111234956255,0.5427276843409243,1.2360578848387096,0.49115075608166797,1.1988575019092358,0.8808209671226199,0.5429931664619793,0.7605159320410787,0.3137361756677067
2306,0.8524260788537028,0.5419559774110312,1.2354123539631243,0.49007426515732344,1.1977895187033054,0.8799141639776749,0.5419177064909013,0.7591291676724483,0.31315770215820693
2307,0.8517422129719123,0.5411855700453494,1.2347677343450427,0.48899921276284025,1.196722411192823,0.879008461977859,0.5408436014679716,0.7577436874758519,0.3120775127572423
2308,0.8510595286566374,0.5404164661994566,1.2341240281282528,0.4879256020273129,1.195656181807676,0.8781038564125618,0.539770852389162,0.7563594972665184,0.3109988383609039
2309,0.850378028696413,0.5396486698102043,1.2334812374413866,0.4868534360593353,1.194590832962997,0.8772003425809444,0.5386994602320365,0.7549766028418606,0.30992167626580425
2310,0.8496977158618773,0.5388821847956551,1.2328393643978803,0.4857827179469483,1.1935263670591212,0.8762979157919375,0.5376294259557521,0.7535950099813686,0.30884602378794535
2311,0.8490185929057227,0.5381170150550186,1.2321984110959319,0.48471345075758804,1.1924627864815398,0.8753965713642401,0.5365607505010608,0.752214724446506,0.307771878262604
2312,0.8483406625626486,0.53735316446859,1.2315583796184617,0.4836456375380351,1.1914000936008577,0.8744963046263156,0.5354934347903114,0.7508357519806045,0.30669923704421087
2313,0.8476639275493132,0.5365906368976865,1.2309192720330715,0.4825792813143622,1.1903382907727493,0.8735971109163903,0.5344274797274526,0.7494580983087613,0.3056280975062361
2314,0.8469883905642861,0.5358294361845855,1.2302810903920043,0.4815143850918852,1.1892773803379137,0.8726989855824515,0.5333628861980348,0.7480817691377337,0.3045584570410694
2315,0.8463140542880028,0.5350695661524638,1.2296438367321059,0.48045095185511244,1.1882173646220346,0.8718019239822442,0.5322996550692146,0.7467067701558374,0.30349031305990426
2316,0.8456409213827167,0.5343110306053358,1.229007513074785,0.4793889845676949,1.1871582459357353,0.8709059214832688,0.5312377871897586,0.7453331070328437,0.30242366299262263
2317,0.8449689944924542,0.5335538333279923,1.2283721214259748,0.4783284861723771,1.1861000265745372,0.87001097346278,0.5301772833900459,0.7439607854198755,0.30135850428767524
2318,0.8442982762429679,0.5327979780859402,1.2277376637760935,0.477269459590948,1.1850427088188178,0.8691170753077828,0.5291181444820736,0.7425898109493059,0.30029483441196697
2319,0.8436287692416926,0.5320434686253428,1.2271041421000084,0.4762119077241926,1.1839862949337692,0.8682242224150291,0.5280603712594625,0.7412201892346566,0.29923265085074
2320,0.8429604760776997,0.5312903086729595,1.2264715583569958,0.47605082167938967,1.1835667272147354,0.8692142776193101,0.528408326506744,0.7412562878797797,0.3007836104621852
2321,0.8422933993216527,0.530538501936086,1.2258399144907057,0.4764323552940543,1.1835326089493228,0.8713471047893249,0.5296067980934096,0.7421428995727992,0.3039275102736768
2322,0.8416275415257631,0.5297880521024965,1.2252092124291234,0.47681535150635374,1.1834994254003433,0.8734857505268959,0.5308066376360898,0.7430308807481838,0.30517369217297907
2323,0.8409629052237465,0.5290389628403833,1.2245794540845332,0.47719981266960626,1.1834671793119773,0.8756302422589959,0.5320078458549544,0.7439202369430397,0.30467297555750694
2324,0.8402994929307797,0.5282912377982999,1.2239506413534829,0.47758574111533053,1.1834358734136687,0.8777806075906348,0.5332104234518252,0.7448109736751177,0.30417262979829374
2325,0.8396373071434577,0.5275448806051025,1.223322776116748,0.47797313915320977,1.183405510420077,0.8799368743062237,0.5344143711101852,0.7457030964427149,0.3036726614851094
2326,0.8389763503397502,0.5267998948698918,1.2226958602392939,0.47836200907105225,1.1833760930310255,0.8820990703709484,0.5356196894951843,0.746596610724574,0.30317307719609615
2327,0.8383166249789609,0.5260562841819574,1.2220698955702445,0.4787523531347565,1.183347623931458,0.8842672239321547,0.5368263792536501,0.7474915219797871,0.30267388349767865
2328,0.8376581335016839,0.5253140521107187,1.221444883942844,0.47914417358827277,1.183320105791387,0.8864413633207513,0.5380344410140943,0.7483878356476955,0.3021750869444737
2329,0.8370008783297644,0.5245732022056708,1.220820827174425,0.47953747265356805,1.183293541265848,0.8886215170526176,0.5392438753867215,0.7492855571477919,0.3016766940792029
2330,0.8363448618662559,0.5238337379963268,1.220197727066373,0.4799322525305894,1.1832679329948526,0.8908077138300327,0.540454682963439,0.7501846918796236,0.3011787114326041
2331,0.8356900864953803,0.5230956629921628,1.2195755854040935,0.4803285153972294,1.1832432836033402,0.8929999825431134,0.5416668643178663,0.7510852452226947,0.30068114552334313
2332,0.8350365545824879,0.5223589806825619,1.2189544039569786,0.48072626340929037,1.183219595701133,0.8951983522712661,0.5428804200053441,0.7519872225363698,0.3001840028579261
2333,0.8343842684740168,0.5216236945367603,1.2183341844783733,0.4811254987004509,1.1831968718828896,0.8974028522846548,0.5440953505629469,0.7528906291597786,0.2996872899306131
2334,0.8337332304974538,0.5208898080037911,1.2177149287055438,0.48152622338223033,1.1831751147280585,0.8996135120456789,0.5453116565094905,0.7537954704117172,0.29919101322333014
2335,0.833083442961296,0.5201573245124322,1.2170966383596458,0.4819284395439566,1.1831543268008338,0.9018303612104672,0.5465293383455456,0.7547017515905557,0.2986951792055839
2336,0.8324349081550112,0.5194262474711512,1.2164793151456919,0.4823321492527324,1.1831345106501097,0.9040534296303867,0.5477483965534484,0.7556094779741416,0.29819979433437493
2337,0.8317876283490002,0.5186965802680519,1.21586296075252,0.4827373545534018,1.1831156688094357,0.9062827473535638,0.5489688315973116,0.7565186548197048,0.29770486505411337
2338,0.8311416057945581,0.5179683262708212,1.2152475768527626,0.4831440574685188,1.1830978037969724,0.9085183446264224,0.5501906439230386,0.7574292873637651,0.29721039779653197
2339,0.8304968427238382,0.5172414888266775,1.2146331651028164,0.48355225999831525,1.183080918115448,0.9107602518952332,0.5514138339583338,0.7583413808220362,0.2967163989806031
2340,0.8298533413498137,0.5165160712623172,1.2140197271428121,0.4839619641206687,1.183065014252114,0.9130084998076784,0.5526384021127173,0.759254940389334,0.2962228750124528
2341,0.8292111038662417,0.5157920768838637,1.213407264596584,0.48437317179107187,1.1830500946787024,0.9152631192144345,0.5538643487775371,0.7601699712394827,0.29572983228527816
2342,0.8285701324476263,0.5150695089768148,1.21279577907164,0.4847858849426013,1.183036161851382,0.917524141170767,0.5550916743259824,0.7610864785252216,0.295237277179263
2343,0.8279304292491831,0.5143483708059926,1.2121852721591333,0.48520010548588866,1.1830232182107179,0.9197915969381424,0.5563203791131004,0.7620044673781157,0.2947452160614945
2344,0.8272919964068038,0.5136286656154921,1.2115757454338334,0.48561583530908903,1.183011266181627,0.9220655179858518,0.5575504634758071,0.7629239429084609,0.29425365528588154
2345,0.826654836037021,0.5129103966286319,1.210967200454098,0.4860330762778531,1.1830003081733373,0.9243459359926534,0.558781927732904,0.7638449102051942,0.293762601193071
2346,0.8260189502369736,0.5121935670479034,1.2103596387618445,0.4864518302352977,1.1829903465793472,0.9266328828484306,0.5600147721850939,0.7647673743358037,0.2932720601103671
2347,0.8253843410843715,0.5114781800549202,1.2097530618825216,0.48687209900197587,1.1829813837773822,0.9289263906558655,0.5612489971149934,0.7656913403462351,0.29278203835164857
2348,0.8247510106374636,0.5107642388103713,1.2091474713250836,0.48729388437585214,1.1829734221293573,0.9312264917321288,0.562484602787154,0.7666168132608066,0.29229254221728795
2349,0.8241189609350025,0.5100517464539702,1.2085428685819624,0.48771718813227155,1.1829664639813335,0.9335332186105827,0.5637215894480724,0.7675437980821147,0.29180357799407186
2350,0.8234881939962129,0.5093407061044088,1.2079392551290418,0.4881420120239346,1.1829605116634805,0.9358466040425045,0.5649599573262116,0.7684722997909487,0.29131515195511964
2351,0.8228587118207572,0.5086311208593064,1.2073366324256298,0.4885683577808685,1.1829555674900343,0.9381666809988253,0.5661997066320152,0.7694023233461986,0.29082727035980266
2352,0.8222305163887045,0.5079229937951643,1.2067350019144345,0.48899622711040325,1.182951633759261,0.9404934826718871,0.5674408375579264,0.7703338736847707,0.2903399394536669
2353,0.8216036096604986,0.5072163279673181,1.2061343650215381,0.489425621697144,1.1829487127534153,0.9428270424772112,0.5686833502784047,0.7712669557214975,0.2898531654683523
2354,0.820977993576926,0.5065111264098908,1.2055347231563716,0.4898565432029459,1.1829468067387037,0.9451673940552909,0.5699272449499442,0.7722015743490508,0.2893669546215143
2355,0.820353670059085,0.5058073921357462,1.2049360777116898,0.49028899326688963,1.1829459179652453,0.9475145712733987,0.5711725217110921,0.7731377344378552,0.28888131311674575
2356,0.8197306410083554,0.5051051281364431,1.2043384300635487,0.490722973505256,1.1829460486670342,0.949868608227407,0.5724191806824668,0.7740754408360015,0.28839624714349954
2357,0.8191089083063672,0.5044043373821898,1.2037417815712796,0.491158485511503,1.182947201061903,0.952229539243637,0.5736672219667791,0.7750146983691625,0.2879117628770099
2358,0.8184884738149718,0.5037050228217984,1.203146133577467,0.4915955308562403,1.182949377351484,0.9545973988807118,0.5749166456488485,0.7759555118405039,0.2874278664782161
2359,0.8178693393762123,0.5030071873826405,1.2025514874079246,0.4920341110872078,1.1829525797211744,0.9569722219314405,0.5761674517956255,0.7768978860306031,0.2869445640936857
2360,0.8172515068122935,0.5023108339706019,1.201957844371673,0.49247422772925115,1.1829568103400978,0.9593540434247122,0.5774196404562097,0.777841825697362,0.28646186185553874
2361,0.816634977925555,0.5016159654700408,1.2013652057609177,0.4929158822843007,1.1829620713610707,0.9617428986274109,0.5786732116618729,0.7787873355759253,0.2859797658813713
2362,0.8160197544984407,0.5009225847437409,1.2007735728510256,0.493359076231349,1.1829683649205647,0.9641388230463538,0.5799281654260784,0.7797344203785952,0.28549828227417917
2363,0.8154058382934729,0.500230694632871,1.2001829469005054,0.49380381102642884,1.1829756931386726,0.9665418524302393,0.5811845017445011,0.7806830847947489,0.28501741712228584
2364,0.8147932310532238,0.49954029795694044,1.199593329150985,0.4942500881025924,1.1829840581190734,0.9689520227716236,0.5824422205950512,0.7816333334907563,0.2845371764992645
2365,0.8141819345002889,0.49885139751375795,1.1990047208271915,0.4946979088698911,1.182993461948997,0.9713693703089105,0.5837013219378947,0.7825851711098968,0.2840575664638657
2366,0.8135719503372602,0.4981639960793888,1.1984171231369298,0.4951472747153546,1.1830039066991918,0.9737939315283647,0.584961805715476,0.7835386022722794,0.28357859305994376
2367,0.8129632802466992,0.497478096408113,1.197830537271063,0.4955981870029715,1.183015394423888,0.9762257431661432,0.5862236718525407,0.7844936315747602,0.28310026231638197
2368,0.8123559258911126,0.49679370123238514,1.1972449644034926,0.49605064707366964,1.183027927160767,0.9786648422103453,0.5874869202561581,0.7854502635908618,0.28262258024702114
2369,0.8117498889129257,0.4961108132627923,1.19666040569114,0.4965046562452974,1.1830415069309277,0.9799975021123851,0.5887515508157444,0.7864085028706932,0.2821455528505859
2370,0.811145170934458,0.49542943518801547,1.1960768622739266,0.4969602158126054,1.1830561357388532,0.9792313414748627,0.5900175634030868,0.787368353940871,0.28166918611061387
2371,0.8105417735578984,0.49474956967478767,1.195494335274755,0.49741732704722785,1.1830718155723783,0.9784653731064309,0.5912849578723663,0.7883298213044384,0.28119348599538263
2372,0.8099396983652802,0.49407121936785486,1.1949128257994914,0.49787599119766546,1.1830885484026596,0.9776995984781522,0.5925537340601842,0.7892929094407888,0.2807184584578391
2373,0.809338946918459,0.49339438688993786,1.1943323349369481,0.4983362094892685,1.1831063361841414,0.9769340190566298,0.5938238917855837,0.790257622805585,0.2802441094355287
2374,0.8087395207590877,0.49271907484169264,1.1937528637588655,0.4987979831242191,1.183125180854526,0.9761686363040059,0.5950954308500765,0.7912239658306829,0.27977044485052477
2375,0.8081414214085949,0.4920452858016721,1.1931744133198956,0.4992613132815161,1.1831450843347429,0.9754034516779531,0.5963683510376688,0.7921919429240549,0.2792974706093584
2376,0.8075446503681607,0.49137302232628793,1.1925969846575846,0.49972620111695754,1.183166048528918,0.9746384666316722,0.5976426521148838,0.7931615584697104,0.2788251926029487
2377,0.8069492091186959,0.4907022869497738,1.1920205787923568,0.500192647763128,1.1831880753243433,0.9738736826138846,0.5989183338307918,0.7941328168276235,0.2783536167065342
2378,0.8063550991208202,0.4900330821841478,1.1914451967274995,0.5006606543293808,1.1832111665914489,0.97310910106883,0.6001953959170335,0.795105722333654,0.2778827487796032
2379,0.8057623218148395,0.4893654105191752,1.1908708394491472,0.5011302219018248,1.183235324183771,0.9723447234362566,0.6014738380878462,0.7960802792994731,0.2774125946658263
2380,0.8051708786207274,0.4886992744223341,1.1902975079262657,0.5016013515433104,1.1832605499379254,0.9715805511514235,0.6027536600400926,0.7970564920124891,0.2769431601929877
2381,0.8045807709381015,0.48803467633877634,1.1897252031106378,0.5020740442934157,1.183286845673578,0.9708165856450887,0.6040348614532878,0.7980343647357734,0.2764744511729173
2382,0.8039920001462063,0.48737161869129547,1.1891539259368498,0.502548301168433,1.183314213193416,0.9700528283435086,0.6053174419896248,0.7990139017079854,0.27600647340142476
2383,0.8034045676038919,0.4867101038802897,1.1885836773222762,0.5030241231613561,1.1833426542831225,0.9692892806684339,0.6066014012940041,0.7999951071433007,0.27553923265823255
2384,0.8028184746495943,0.48605013428372706,1.1880144581670669,0.5035015112418681,1.183372170711345,0.9685259440371008,0.6078867389940611,0.8009779852313371,0.27507273470690813
2385,0.8022337226013185,0.485391712257113,1.1874462693541337,0.5039804663563296,1.1834027642296732,0.9677628198622326,0.609173454700195,0.801962540137084,0.27460698529480015
2386,0.8016503127566174,0.48473484013345397,1.1868791117491377,0.5044609894277672,1.1834344365726082,0.9669999095520282,0.6104615480055974,0.8029487760008295,0.27414199015297147
2387,0.8010682463925761,0.4840795202232272,1.186312986200477,0.5049430813558623,1.183467189457539,0.9662372145101651,0.6117510184862813,0.8039366969380894,0.27367775499613445
2388,0.8004875247657928,0.48342575481434474,1.1857478935392738,0.5054267430169405,1.1835010245847153,0.9654747361357905,0.6130418657011102,0.8049263070395369,0.2732142855225871
2389,0.7999081491123622,0.4827735461721231,1.1851838345793637,0.5059119752639618,1.1835359436372221,0.9647124758235178,0.6143340891918281,0.8059176103709322,0.2727515874141477
2390,0.7993301206478585,0.48212289653924983,1.1846208101172844,0.5063987789265103,1.183571948280955,0.9639504349634248,0.6156276884830894,0.806910610973053,0.27228966633609186
2391,0.7987534405673185,0.4814738081357519,1.1840588209322633,0.5068871548107857,1.183609040164595,0.9631886149410464,0.6169226630824901,0.8079053128616258,0.27182852793708784
2392,0.7981781100452267,0.4808262831589656,1.1834978677862091,0.5071965352356803,1.1836300830850892,0.9622903755238935,0.6177991349112675,0.8084818424579276,0.2713681778491362
2393,0.7976041302354985,0.4801803237835038,1.1829379514237002,0.5066498466370519,1.183570744791776,0.9614690285620122,0.6166825625580046,0.8070656628423906,0.27090862168750435
2394,0.7970315022714661,0.4795359321612276,1.1823790725719758,0.5061048311501478,1.1835123835337917,0.9606489536734868,0.6155673639336192,0.8056511964094921,0.27044986505066565
2395,0.7964602272658629,0.47889311042121424,1.1818212319409258,0.5055614905802803,1.183454999615861,0.9598301465519911,0.6144535384777794,0.8042384470740725,0.26999191352023777
2396,0.7958903063108093,0.47825186066972875,1.1812644302230817,0.5050198267095274,1.1833985933251543,0.9590126029046009,0.6133410856132492,0.8028274187255825,0.26953477266092163
2397,0.7953217404777994,0.47761218499019503,1.1807086680936096,0.504479841296708,1.1833431649312869,0.9581963184517523,0.6122300047459226,0.8014181152280183,0.2690784480204392
2398,0.7947545308176862,0.4769740854431657,1.1801539462102992,0.5039415360773546,1.1832887146863182,0.957381288927197,0.6111202952648546,0.800010540419856,0.26862294512947477
2399,0.7941886783606701,0.4763375640662952,1.1796002652135593,0.5034049127636915,1.183235242824755,0.9565675100779577,0.6100119565422943,0.7986046981139867,0.26816826950161377
2400,0.7936241841162849,0.47570262287431087,1.1790476257264073,0.5028699730446078,1.1831827495635487,0.9557549776642871,0.6089049879337187,0.7972005920976527,0.26771442663328326
2401,0.7930610490733856,0.4750692638589858,1.1784960283544637,0.5023367185856351,1.1831312351020997,0.9549436874596227,0.6077993887778639,0.7957982261323822,0.26726142200369296
2402,0.7924992742001372,0.47443748898911187,1.1779454736859452,0.5018051510289232,1.1830806996222565,0.9541336352505478,0.6066951583967611,0.794397603953928,0.2668092610747759
2403,0.7919388604440027,0.473807300210473,1.1773959622916583,0.5012752719932176,1.1830311432883196,0.9533248168367453,0.6055922960957691,0.7929987292722044,0.26635794929113127
2404,0.7913798087317325,0.4731786994458192,1.1768474947249932,0.5007470830738371,1.1829825662470426,0.9525172280309572,0.6044908011636091,0.7916016057712244,0.2659074920799648
2405,0.7908221199693526,0.47255168859483954,1.1763000715219183,0.5002205858426506,1.1829349686276345,0.9517108646589435,0.6033906728723984,0.7902062371090386,0.26545789485103183
2406,0.790265795042156,0.47192626953413874,1.1757536932009756,0.4996957818480569,1.1828883505417656,0.9509057225594373,0.602291910477686,0.7888126269176746,0.2650091629965812
2407,0.7897108348146915,0.47130244411721056,1.1752083602632744,0.4991726726149625,1.1828427120835674,0.9501017975841055,0.6011945132184869,0.7874207788030755,0.2645613018912967
2408,0.7891572401307555,0.4706802141744144,1.1746640731924898,0.4986512596447609,1.182798053329639,0.9492990855975092,0.6000984803173186,0.786030696345042,0.26411431689224196
2409,0.7886050118133812,0.4700595815129498,1.1741208324548542,0.49813154441531204,1.1827543743390492,0.9484975824770568,0.5990038109802349,0.7846423830971706,0.2636682133388046
2410,0.7880541506648318,0.4694405479168343,1.1735786384991584,0.4976135283809229,1.1827116751533437,0.9476972841129685,0.5979105043968627,0.7832558425867959,0.2632229965526395
2411,0.7875046574665913,0.4688231151468792,1.1730374917567448,0.4970972129723277,1.1826699557965485,0.9468981864082305,0.5968185597404387,0.7818710783149333,0.2627786718376151
2412,0.7869565329793575,0.4682072849406673,1.172497392641507,0.4965825995966689,1.182629216275175,0.9461002852785608,0.5957279761678453,0.7804880937562204,0.2623352444797583
2413,0.7864097779430336,0.46759305901252984,1.171958341549885,0.4960696896374783,1.1825894565782265,0.9453035766523615,0.5946387528196472,0.7791068923588599,0.2618927197471997
2414,0.7858643930767222,0.4669804390535255,1.1714203388608655,0.4955584844546596,1.1825506766772047,0.9445080564706827,0.5935508888201284,0.7777274775445633,0.2614511028901203
2415,0.7853203790787179,0.4663694267314175,1.1708833849359774,0.4950489853844697,1.1825128765261146,0.9437137206871821,0.5924643832773292,0.7763498527084944,0.26101039914069807
2416,0.7847777366265019,0.46576002369065367,1.1703474801192932,0.49454119373950167,1.1824760560614738,0.9429205652680832,0.5913792352830847,0.7749740212192153,0.26057061371305446
2417,0.7842364663767362,0.4651522315523456,1.1698126247374263,0.4940351108086689,1.1824402152023175,0.9421285861921379,0.5902954439130614,0.7735999864186299,0.26013175180320247
2418,0.7836965689652574,0.4645460519142473,1.1692788190995305,0.493530737857187,1.182405353850207,0.9413377794505852,0.5892130082267959,0.7722277516219307,0.25969381858899415
2419,0.783158045007073,0.46394148635073684,1.1687460634973004,0.4930280761265586,1.182371471889238,0.9405481410471133,0.5881319272677331,0.7708573201175445,0.2592568192300683
2420,0.7826208950963561,0.4633385364127959,1.1682143582049713,0.4925271268345586,1.1823385691860495,0.9397596669978175,0.5870522000632646,0.7694886951670795,0.2588207588677998
2421,0.782085119806442,0.4627372036279914,1.16768370347932,0.49202789117521784,1.1823066455898308,0.9389723533311659,0.5859738256247684,0.7681218800052736,0.25838564262524855
2422,0.7815507196898234,0.4621374895004564,1.1671540995596639,0.4915303703188088,1.1822757009323321,0.9381861960879552,0.5848968029476459,0.7667568778399402,0.2579514756071089
2423,0.7810176952781486,0.4615393955108726,1.1666255466678659,0.49103456541183177,1.1822457350278743,0.937401191321277,0.5838211310113646,0.76539369185192,0.2575182628996591
2424,0.7804860470822176,0.4609429231164526,1.1660980450083325,0.4905404775770009,1.1822167476733576,0.936617335096476,0.5827468087794945,0.7640323251950272,0.25708600957071237
2425,0.7799557755919795,0.460348073750921,1.1655715947680174,0.49004810791322995,1.1821887386482721,0.9358346234911133,0.581673835199749,0.762672780996,0.2566547206695664
2426,0.7794268812765316,0.45975484882450035,1.1650461961164245,0.48955745749562096,1.1821617077147102,0.9350530525949271,0.5806022092040265,0.7613150623544528,0.25622440122695594
2427,0.7788993645841166,0.45916324972389283,1.1645218492056089,0.4890685273754505,1.1821356546173742,0.9342726185097975,0.5795319297084486,0.7599591723428243,0.25579505625500304
2428,0.778373225942122,0.45857327781226453,1.1639985541701818,0.4885813185801583,1.1821105790835913,0.9334933173497048,0.5784629956134022,0.7586051140063312,0.2553666907471698
2429,0.7778484657570794,0.4579849344292307,1.1634763111273139,0.4880958321133355,1.1820864808233233,0.9327151452406955,0.5773954058035803,0.7572528903629195,0.2549393096782099
2430,0.7773250844146635,0.4573982208908394,1.1629551201767376,0.4876120689547134,1.1820633595291792,0.9319380983208426,0.5763291591480219,0.7559025044032164,0.2545129180041222
2431,0.7768030822796925,0.456813138489558,1.162434981400753,0.4871300300601523,1.1820412148764277,0.9311621727402103,0.5752642545001547,0.7545539590904844,0.2540875206621033
2432,0.7762824596961289,0.4562296884942584,1.161915894864233,0.4866497163616328,1.1820200465230102,0.9303873646608155,0.5742006906978363,0.7532072573605754,0.2536631225705015
2433,0.7757632169870794,0.45564787215020314,1.1613978606146262,0.4861711287672443,1.181999854109554,0.9296136702565917,0.573138466563397,0.751862402121885,0.25323972862877003
2434,0.7752453544547966,0.45506769067903186,1.1608808786819638,0.48569426816117567,1.181980637259386,0.9288410857133522,0.5720775809036789,0.7505193962553056,0.25281734371742215
2435,0.7747288723806808,0.4544891452787487,1.1603649490788652,0.48521913540370726,1.1819623955785459,0.9280696072287543,0.5710180325100818,0.7491782426141849,0.25239597269798597
2436,0.7742137710252822,0.45391223712371015,1.1598500718005444,0.48474573133120236,1.1819451286558023,0.9272992310122613,0.569959820158604,0.7478389440242802,0.25197562041295896
2437,0.7737000506283028,0.45333696736461215,1.1593362468248163,0.48427405675609836,1.1819288360626663,0.9265299532851083,0.5689029426098862,0.7465015032837164,0.25155629168576393
2438,0.7731877114085998,0.4527633371284789,1.1588234741121033,0.4838041124668994,1.181913517353406,0.9257617702802663,0.5678473986092533,0.7451659231629426,0.25113799132070513
2439,0.7726767535641876,0.4521913475186508,1.1583117536054424,0.4833358992281686,1.1818991720650636,0.924994678242404,0.5667931868867573,0.7438322064046887,0.25072072410292445
2440,0.7721671772722438,0.4516209996147753,1.1578010852304945,0.48286941778052295,1.1818857997174697,0.9242286734278559,0.5657403061572234,0.7425003557239271,0.250304494798358
2441,0.771658982689111,0.45105229447279516,1.1572914688955502,0.48240466884062544,1.1818733998132602,0.9234637521045834,0.5646887551202914,0.7411703738078295,0.24988930815369373
2442,0.7711521699503028,0.45048523312493904,1.1567829044915399,0.4819416531011795,1.1818619718378938,0.9226999105521415,0.5636385324604608,0.7398422633157277,0.24947516889632934
2443,0.7706467391705076,0.4499198165797117,1.1562753918920416,0.4814803712309241,1.1818515152596665,0.9219371450616447,0.5625896368471348,0.7385160268790733,0.2490620817343289
2444,0.7701426904435945,0.4493560458218851,1.1557689309532904,0.4810208238746275,1.1818420295297318,0.921175451935729,0.5615420669346637,0.7371916671013982,0.2486500513563828
2445,0.769640023842619,0.44879392181248984,1.155263521514188,0.4805630116530845,1.1818335140821161,0.9204148274885204,0.5604958213623918,0.7358691865582784,0.24823908243176596
2446,0.7691387394198288,0.4482334454888071,1.1547591633963126,0.4801069351631106,1.1818259683337382,0.9196552680455984,0.5594508987547004,0.7345485877972932,0.24782917961029627
2447,0.7686388372066709,0.44767461776436074,1.1542558564039294,0.4796525949775395,1.181819391684427,0.918896769943963,0.5584072977210546,0.733229873337991,0.24742034752229589
2448,0.7681403172137977,0.4471174395289095,1.1537536003240008,0.47919999164521887,1.1818137835169398,0.9181393295320002,0.5573650168560462,0.7319130456718498,0.24701259077855003
2449,0.7676431794310744,0.4465619116484403,1.1532523949261968,0.4787491256910079,1.1818091431969835,0.9173829431694449,0.5563240547394414,0.7305981072622422,0.24660591397026696
2450,0.7671474238275878,0.4460080349651629,1.1527522399629082,0.4782999976157756,1.1818054700732312,0.9166276072273536,0.5552844099362262,0.7292850605444011,0.24620032166904016
2451,0.7666530503516532,0.4454558102975021,1.1522531351692575,0.4778526078963978,1.181802763477345,0.915873318088065,0.5542460809966521,0.7279739079253841,0.24579581842680856
2452,0.766160058930823,0.444905238440093,1.1517550802631091,0.47740695698575564,1.181801022723993,0.915120072145169,0.553209066456282,0.7266646517840383,0.24539240877581858
2453,0.7656684494718965,0.4443563201637761,1.151258074945085,0.47696304531273576,1.1818002471108733,0.9143678658034725,0.5521733648360374,0.7253572944709683,0.244990097228586
2454,0.7651782218609281,0.4438090562155915,1.1507621188985746,0.47652087328222764,1.1818004359187322,0.913616695478967,0.5511389746422439,0.7240518383085015,0.24458888827785782
2455,0.764689375963238,0.4432634473187763,1.1502672117897506,0.47608044127512555,1.1818015884113873,0.912866557598795,0.5501058943666794,0.7227482855906578,0.24418878639657676
2456,0.764201911623422,0.44271949417275896,1.149773353267581,0.47564174964832734,1.1818037038357483,0.9121174486012181,0.5490741224866207,0.7214466385831162,0.24378979603784173
2457,0.7637158286653615,0.4421771974531569,1.1492805429638424,0.4752047987347351,1.1818067814218391,0.911369364935583,0.5480436574648903,0.7201468995231841,0.24339192163487383
2458,0.7632311268922349,0.4416365578117731,1.1487887804931363,0.4747695888432571,1.1818108203828204,0.9106223030622901,0.5470144977499041,0.7188490706197672,0.2429951676009797
2459,0.7627478060865294,0.4410975758765936,1.148298065452902,0.47433612025880884,1.1818158199150126,0.9098762594527599,0.5459866417757193,0.7175531540533385,0.24259953832951472
2460,0.762265866010051,0.44056025225178513,1.147808397423432,0.47390439324231387,1.1818217791979178,0.9091312305894039,0.5449600879620821,0.7162591519759097,0.24220503819384906
2461,0.7617853064039387,0.4400245875176939,1.1473197759678884,0.4734744080307087,1.181828697394245,0.9083872129655889,0.5439348347144755,0.714967066511003,0.2418116715473331
2462,0.7613061269886762,0.43949058223084414,1.1468322006323173,0.4730461648369437,1.181836573649933,0.9076442030856067,0.5429108804241691,0.7136768997536225,0.24141944272326124
2463,0.7608283274641038,0.43895823692393654,1.146345670945665,0.4726196638499866,1.181845407094174,0.9069021974646427,0.5418882234682643,0.712388653770225,0.24102835603483952
2464,0.7603519075094334,0.438427552105849,1.1458601864197961,0.47219490523482643,1.1818551968394395,0.9061611926287455,0.540866862209747,0.7111023305986972,0.24063841577515133
2465,0.759876866783261,0.4378985282616358,1.1453757465495082,0.4712320711813063,1.180887267550542,0.9073403669797285,0.53972729679005,0.7096984340408421,0.24024962621712406
2466,0.7594032049235814,0.4373711658525282,1.1448923508125504,0.47006576425282326,1.17954849525105,0.9092524924018128,0.5385436144327098,0.7082510549659616,0.23986199161349633
2467,0.7589309215478022,0.43684546531593554,1.1444099986696399,0.46890110120780437,1.1782107918026345,0.9111687225285345,0.5373612227774974,0.7068056046449133,0.23947551619678525
2468,0.7584600162527589,0.43632142706544613,1.1439286895644807,0.46773808141649253,1.1768741570664885,0.9130890762458419,0.5361801201314181,0.7053620850010359,0.23909020417925486
2469,0.7579904886147305,0.4357990514908293,1.1434484229237816,0.466576704225774,1.1755385908865157,0.9150135725487416,0.5350003047876065,0.7039204979289714,0.23870605975288364
2470,0.7575223381894548,0.4352783389580377,1.142969198157275,0.4654169689591962,1.174204093089343,0.9169422305419868,0.5338217750253758,0.7024808452946412,0.23832308708933397
2471,0.7570555645121444,0.4347592898092094,1.1424910146577347,0.46425887491698614,1.1728706634843322,0.9188750694407672,0.5326445291102675,0.7010431289352231,0.23794129033992042
2472,0.7565901670975039,0.43424190436267185,1.1420138718009982,0.46310242137607144,1.171538301863596,0.9208121085714048,0.5314685652941029,0.6996073506591312,0.23756067363557948
2473,0.7561261454397451,0.4337261829129434,1.1415377689459816,0.46194760759009607,1.1702070080020068,0.9227533673720587,0.53029388181503,0.6981735122459904,0.23718124108683974
2474,0.7556634990126063,0.4332121257307398,1.1410627054347042,0.46079443278944554,1.1688767816572156,0.9246988653934277,0.5291204768975789,0.6967416154466218,0.2368029967837916
2475,0.7552022272693685,0.43269973306297643,1.1405886805923062,0.4596428961812635,1.167547622569663,0.9266486222994679,0.5279483487527088,0.6953116619830176,0.2364259447960579
2476,0.7547423296428739,0.4321890051327741,1.1401156937270711,0.4584929969494745,1.166219530462596,0.9286026578681088,0.5267774955778605,0.6938836535483244,0.23605008917276482
2477,0.7542838055455444,0.4316799421394638,1.1396437441304454,0.45734473425480476,1.1648925050420806,0.9305609919919794,0.5256079155570068,0.6924575918068234,0.23567543394251395
2478,0.7538266543693998,0.4311725442585921,1.13917283107706,0.45619810723480364,1.163566545997019,0.9325236446791373,0.5244396068607039,0.6910334783939118,0.23530198311335263
2479,0.7533708754860782,0.4306668116419282,1.1387029538247537,0.455053115003867,1.1622416529991655,0.9344906360538058,0.523272567646144,0.6896113149160876,0.23492974067274722
2480,0.752916468246854,0.4301627444174688,1.1382341116145935,0.45390975665325806,1.1609178257031405,0.9364619863571154,0.5221067960572042,0.6881911029509294,0.23455871058755565
2481,0.7524634319826597,0.4296603426894472,1.1377663036708987,0.45276803125113235,1.1595950637464503,0.9384377159478519,0.5209422902245014,0.686772844047083,0.23418889680399887
2482,0.7520117660041044,0.4291596065383378,1.137299529201261,0.45162793784255945,1.1582733667494995,0.9404178453032096,0.519779048265442,0.6853565397242444,0.23382030324763625
2483,0.7515614696014956,0.4286605360208664,1.136833787396572,0.4504894754495472,1.156952734315612,0.9424023950195546,0.5186170682842745,0.6839421914731441,0.23345293382333648
2484,0.7511125420448603,0.4281631311700168,1.1363690774310422,0.44935264307106654,1.1556331660310466,0.9443913858131873,0.5174563483721418,0.6825298007555343,0.2330867924152544
2485,0.7506649825839661,0.42766739199504,1.1359053984622278,0.448217439683076,1.154314661465015,0.9463848385211154,0.5162968866071346,0.6811193690041742,0.23272188288680296
2486,0.7502187904483434,0.42717331848146334,1.1354427496310544,0.4470838642385464,1.152997220169701,0.9483827741018345,0.5151386810543425,0.6797108976228178,0.23235820908062965
2487,0.7497739648473077,0.42668091059109986,1.1349811300618409,0.44595191566748676,1.1516808416802775,0.9503852136361114,0.5139817297659073,0.6783043879862001,0.23199577481859124
2488,0.7493305049699817,0.42619016826205736,1.1345205388623243,0.4448215928769689,1.1503655255149257,0.9523921783277771,0.5128260307810756,0.6768998414400251,0.2316345839017279
2489,0.7488884099853194,0.4257010914087506,1.1340609751236868,0.44369289475115614,1.149051271174856,0.9544036895045227,0.5116715821262531,0.675497259300957,0.23127464011024096
2490,0.7484476790421282,0.4252136799219098,1.1336024379205782,0.4425658201513274,1.1477380781443256,0.9564197686187034,0.510518381815056,0.6740966428566068,0.23091594720346786
2491,0.7480083112690943,0.4247279336685938,1.1331449263111455,0.4414403679159072,1.1464259458906598,0.9584404372481511,0.5093664278483658,0.6726979933655238,0.2305585089198598
2492,0.7475703057748051,0.4242438524922,1.1326884393370562,0.4403165368604893,1.1451148738642714,0.960465717096991,0.5082157182143817,0.6713013120571859,0.2302023289769573
2493,0.7471336616477752,0.4237614362124777,1.1322329760235266,0.4391943257778685,1.1438048614986813,0.9624956299964663,0.5070662508886751,0.6699066001319909,0.22984741107136886
2494,0.7466983779564703,0.4232806846255393,1.1317785353793481,0.43807373343806627,1.1424959082105404,0.9645301979057674,0.5059180238342426,0.6685138587612481,0.22949375887874768
2495,0.7462644537493336,0.42280159750387436,1.131325116396915,0.43695475858836125,1.1411880133996506,0.9665694429128697,0.5047710350015611,0.6671230890871719,0.22914137605377027
2496,0.7458318880548104,0.42232417459636223,1.1308727180522513,0.4358373999533173,1.1398811764489858,0.9686133872353806,0.5036252823286408,0.6657342922228741,0.22879026623011525
2497,0.7454006798813748,0.42184841562828557,1.1304213393050397,0.4347216562348126,1.1385753967247143,0.9706620532213889,0.5024807637410795,0.6643474692523571,0.22844043302044095
2498,0.7449708282175563,0.42137432030134536,1.1299709790986492,0.433607526112072,1.1372706735762221,0.9727154633503214,0.501337477152118,0.6629626212305102,0.22809188001636568
2499,0.7445423320319663,0.4209018882936745,1.1295216363601646,0.4324950082416945,1.1359670063361347,0.9747736402338129,0.5001954204626935,0.6615797491831035,0.22774461078844674
2500,0.7441151902733247,0.42043111925985294,1.1290733100004138,0.43138410125768517,1.1346643943203394,0.9768366066165752,0.49905459156149456,0.660198854106783,0.22739862888616036
2501,0.7436894018704895,0.41996201283092444,1.128625998914,0.43027480377148764,1.1333628368280109,0.9789043853772791,0.49791498832501707,0.6588199369690692,0.22705393783788172
2502,0.7432649657324814,0.41949456861440937,1.1281797019793272,0.42916711437201166,1.132062333141632,0.9809769995294402,0.49677660861761563,0.6574429987083501,0.22671054115086645
2503,0.742841880748516,0.41902878619432504,1.1277344180586346,0.428061031625671,1.1307628825270217,0.9830544722223125,0.4956394502915646,0.6560680402338849,0.22636844231123074
2504,0.7424201457880295,0.41856466513119867,1.1272901459980242,0.42695655407641014,1.1294644842333563,0.9851368267417927,0.4945035111871069,0.6546950624257957,0.22602764478393278
2505,0.7419997597007089,0.4181022049620863,1.1268468846274922,0.42585368024573955,1.128167137493194,0.9872240865113308,0.4933687891325129,0.6533240661350697,0.22568815201275397
2506,0.7415807213165222,0.41764140520059095,1.1264046327609605,0.4247524086327707,1.1268708415225042,0.98931627509284,0.49223528194413724,0.6519550521835611,0.22534996742028296
2507,0.741163029445746,0.4171822653368781,1.1259633891963061,0.42365273771424417,1.1255755955206865,0.990323859055894,0.4911029874264689,0.6505880213639845,0.2250130944078953
2508,0.7407466828789985,0.41672478483769715,1.1255231527153957,0.4225546659445705,1.124281398670604,0.9900230651308649,0.4899719033721939,0.6492229744399236,0.2246775363557385
2509,0.7403316803872676,0.4162689631463974,1.1250839220841158,0.4214581917558581,1.1229882501386022,0.9897224226674166,0.48884202756224565,0.6478599121458266,0.22434329662271338
2510,0.739918020721943,0.41581479968294877,1.1246456960524045,0.42036331355795176,1.1216961490745396,0.9894219328033358,0.48771335776586255,0.64649883518701,0.22401037854645875
2511,0.7395057026148476,0.41536229384396156,1.1242084733542859,0.4192700297384677,1.1204050946118151,0.9891215966737611,0.4865858917406465,0.645139744239664,0.223678785443335
2512,0.7390947247782681,0.4149114450027051,1.1237722527079015,0.4181783386628262,1.1191150858673913,0.9888214154111808,0.4854596272326146,0.6437826399508507,0.22334852060840707
2513,0.7386850859049887,0.4144622525091302,1.1233370328155445,0.41708823867429184,1.117826121941827,0.9885213901454332,0.48433456197626046,0.6424275229385141,0.22301958731543145
2514,0.7382767846683216,0.41401471568988796,1.122902812363693,0.4159997280940053,1.1165382019193002,0.9882215220037016,0.4832106936946061,0.6410743937914791,0.22269198881683858
2515,0.7378698197221405,0.413568833848352,1.122469590023043,0.4149128052210221,1.1152513248676381,0.9879218121105164,0.4820880200992605,0.6397232530694589,0.2223657283437191
2516,0.7374641897009148,0.41312460626464115,1.1220373644485453,0.4138274683323515,1.1139654898383489,0.9876222615877503,0.4809665388904787,0.6383741013030637,0.22204080910580934
2517,0.7370598932197409,0.41268203219563926,1.1216061342794368,0.41274371568299,1.1126806958666438,0.9873228715546174,0.4798462477572129,0.6370269389938015,0.22171723429147738
2518,0.7366569288743777,0.4122411108750198,1.1211758981392776,0.4116615455059628,1.1113969419714729,0.9854005468692538,0.47872714437717545,0.6356817666140908,0.22139500706770932
2519,0.7362552952412803,0.4118018415132678,1.1207466546359857,0.4105809560123594,1.1101142271555502,0.9833090882813451,0.47760922641689163,0.6343385846072646,0.22107413058009523
2520,0.7358549908776336,0.41136422329770295,1.1203184023618713,0.40950194539137247,1.1088325504053838,0.9812214113335138,0.47649249153175743,0.632997393387579,0.2207546079528168
2521,0.7354560143213893,0.4109282553925047,1.119891139893675,0.40842451181034006,1.1075519106913099,0.9791374996399813,0.47537693736609987,0.6316581933402262,0.22043644228863485
2522,0.7350583640912987,0.4104939369387347,1.1194648657926018,0.40734865341477955,1.1062723069675173,0.9770573368994281,0.47426256155322977,0.6303209848213382,0.2201196366688756
2523,0.7346620386869502,0.4100612670543628,1.1190395786043594,0.4062743683284328,1.1049937381720842,0.9749809068945694,0.4731493617155032,0.6289857681580031,0.2198041941534208
2524,0.7342670365888042,0.40963024483429117,1.1186152768591926,0.40520165465330216,1.1037162032270045,0.9729081934917143,0.47203733546437593,0.6276525436482704,0.21949011778069366
2525,0.7338733562582295,0.4092008693503797,1.1181919590719225,0.4041305104696923,1.1024397010382208,0.9708391806403367,0.4709264804004619,0.6263213115611654,0.21917741056764908
2526,0.7334809961375405,0.4087731396514728,1.1177696237419832,0.40306093383625285,1.1011642304956581,0.9687738523726517,0.4698167941135937,0.6249920721367035,0.2188660755097625
2527,0.7330899546500337,0.40834705476342453,1.1173482693534595,0.4019929227900165,1.0998897904732525,0.9667121928031845,0.4687082741828757,0.6236648255858978,0.21855611558101828
2528,0.7327002302000255,0.4079226136891258,1.1169278943751253,0.400926475346444,1.0986163798289872,0.9646541861283571,0.46760091817674654,0.622339572090778,0.2182475337339007
2529,0.7323118211728896,0.4074998154085316,1.116508497260481,0.39986158949946293,1.0973439974049213,0.9625998166260609,0.46649472365303346,0.6210163118044,0.2179403328993829
2530,0.7319247259350944,0.4070786588786869,1.1160900764477926,0.39879826322151135,1.096072642027225,0.9605490686552476,0.46538968815901194,0.6196950448508624,0.21763451598691727
2531,0.7315389428342434,0.4066591430337574,1.1156726303601319,0.3977364944635828,1.0948023125062154,0.9585019266555151,0.4642858092314658,0.6183757713253241,0.21733008588442732
2532,0.7311544701991118,0.40624126678505523,1.1152561574054136,0.39667628115526515,1.0935330076363843,0.9564583751466934,0.4631830843967416,0.6170584912940156,0.21702704545829696
2533,0.7307713063396865,0.4058250290210682,1.114840655976436,0.3956176212047878,1.0922647261964373,0.9544183987284449,0.4620815111708104,0.6157432047942594,0.21672539755336295
2534,0.7303894495472061,0.4054104286074903,1.114426124450921,0.39456051249906343,1.0909974669493256,0.9523819820798514,0.46098108705932483,0.614429911834486,0.2164251449929068
2535,0.7300088980941998,0.4049974643872492,1.1140125611915548,0.3935049529037325,1.0897312286422816,0.9503491099590176,0.45988180955767677,0.6131186123942504,0.21612629057864516
2536,0.729629650234528,0.40458613518053754,1.1135999645460266,0.39245094026320965,1.0884660100068533,0.9483197672026731,0.45878367615105903,0.6118093064242538,0.21582883709072434
2537,0.7292517042034222,0.404176439784842,1.1131883328470704,0.39175628638279736,1.08762767039432,0.9473535781492679,0.4579922395308456,0.6108075490626841,0.21553278728771083
2538,0.7288750582175268,0.40376837697497536,1.1127776644125063,0.39200482535273923,1.0879109934695905,0.9491792412531316,0.45800603462021927,0.6106118776608047,0.21523814390658624
2539,0.7284997104749403,0.4033619455031073,1.1123679575452827,0.3922549590339061,1.0881952689089338,0.9510081401412273,0.45802096619957916,0.6104181994083234,0.21494490966273902
2540,0.7281256591552551,0.40295714409879463,1.1119592105335154,0.39250668545482803,1.0884804950681826,0.9528402876818194,0.45803703171390103,0.6102265141407142,0.2146530872499587
2541,0.727752902419601,0.4025539714690145,1.1115514216505318,0.39276000262250826,1.0887666702882803,0.9546756968067149,0.4580542285982537,0.610036821664697,0.2143626793404303
2542,0.7273814384106874,0.4021524262981967,1.1111445891549128,0.39301490852246707,1.089053792895324,0.9565143805115863,0.4580725542778593,0.6098491217582604,0.21407368858472764
2543,0.7270112652528444,0.4017525072482551,1.110738711290534,0.3932714011187827,1.0893418612006052,0.9583563518562974,0.45809200616815154,0.609663414170684,0.21378611761180877
2544,0.7266423810520675,0.4013542129586225,1.1103337862866107,0.3935294783541344,1.0896308735006535,0.9602016239652221,0.45811258167483465,0.6094796986225612,0.21349996902901053
2545,0.7262747838960588,0.4009575420462824,1.109929812357739,0.39378913814984645,1.08992082807728,0.9620502100275825,0.4581342781939439,0.6092979748058244,0.21321524542204331
2546,0.7259084718542729,0.4005624931058047,1.1095267877039414,0.3940503784059308,1.0902117231976205,0.9639021232977686,0.45815709311190456,0.6091182423837698,0.21293194935498796
2547,0.7255434429779586,0.4001690647093784,1.1091247105107078,0.39431319700113265,1.0905035571141792,0.9657573770956804,0.4581810238055913,0.6089405009910821,0.21265008337029048
2548,0.7251796953002035,0.39977725540684633,1.1087235789490417,0.39457759179297197,1.0907963280648731,0.9676159848070548,0.45820606764238714,0.6087647502338598,0.21236964998875776
2549,0.7248172268359805,0.3993870637257423,1.1083233911755044,0.3948435606177913,1.091090034273076,0.9694779598838039,0.45823222198024455,0.6085909896896438,0.21209065170955596
2550,0.7244560355821895,0.3989984881713236,1.107924145332258,0.3951111012907988,1.0913846739476627,0.9713433158443551,0.458259484167744,0.6084192189074427,0.21181309101020543
2551,0.7240961195177053,0.39861152722660953,1.1075258395471117,0.39538021160611375,1.0916802452830545,0.9732120662739876,0.4582878515441539,0.6082494374077616,0.21153697034657926
2552,0.723737476603421,0.3982261793524153,1.107128471933567,0.39565088933681325,1.0919767464592645,0.9750842248251808,0.45831732143949044,0.6080816446826297,0.21126229215289916
2553,0.7233801047822954,0.3978424429873904,1.1067320405908614,0.395923132234978,1.092274175641943,0.9769598052179571,0.4583478911745781,0.6079158401956306,0.2109890588417349
2554,0.7230240019793991,0.3974603165480557,1.1063365436040171,0.39619693803173817,1.0925725309824224,0.9788388212402234,0.4583795580611093,0.6077520233819316,0.2107172728040014
2555,0.7226691661019591,0.39707979842883895,1.105941979043884,0.39647230443732123,1.0928718106177646,0.9807212867481304,0.45841231940170324,0.6075901936483121,0.21044693640895687
2556,0.7223155950394083,0.3967008870021153,1.1055483449671881,0.39674922914109817,1.0931720126708069,0.9824720053718861,0.45844617248996794,0.6074303503731979,0.21017805200420275
2557,0.7219632866634307,0.3963235806182433,1.105155639416577,0.39702770981163177,1.0934731352502078,0.9825252918430971,0.4584811146105591,0.60727249290669,0.20991062191568122
2558,0.7216122388280088,0.395947877605604,1.1047638604206664,0.39730774409672426,1.0937751764504953,0.982578622998526,0.4585171430392402,0.6071166205705973,0.20964464844767522
2559,0.7212624493694735,0.39557377627064144,1.1043730059940895,0.39758932962346527,1.0940781343521127,0.9826320000381437,0.45855425504294367,0.6069627326584703,0.2093801338828079
2560,0.7209139161065492,0.3952012748978997,1.103983074137541,0.39787246399828124,1.0943820070214674,0.9826854241606932,0.45859244787983056,0.6068108284356337,0.2091170804820428
2561,0.7205666368404047,0.3948303717500646,1.1035940628378276,0.3981571448069832,1.0946867925109771,0.9827388965636866,0.45863171879935044,0.60666090713922,0.20885549048468371
2562,0.7202206093547001,0.3944610650680023,1.1032059700679142,0.39844336961481697,1.0949924888591196,0.9827924184434019,0.4586720650423023,0.6065129679782046,0.20859536610837537
2563,0.7198758314156373,0.3940933530708011,1.1028187937869733,0.3987311359665134,1.0952990940904803,0.9828459909948766,0.45871348384089583,0.6063670101334415,0.2083367095491037
2564,0.7195323007720085,0.39372723395581183,1.1024325319404331,0.3990204413863362,1.0956066062157999,0.9828996154119047,0.45875597241881017,0.6062230327576982,0.2080795229811983
2565,0.7191900151552457,0.39336270589868866,1.1020471824600255,0.3993112833781347,1.095915023232025,0.982953292887034,0.4587995279912554,0.6060810349756919,0.20782380855733223
2566,0.718848972279472,0.3929997670534321,1.1016627432638366,0.3996036594253929,1.0962243431223557,0.9830070246115605,0.45884414776503346,0.6059410158841277,0.20756956840852472
2567,0.7185091698415497,0.3926384155524291,1.1012792122563546,0.39989756699128143,1.096534563856296,0.9830608117755234,0.4588898289385977,0.6058029745517352,0.20731680464414284
2568,0.7181706055211328,0.3922786495064974,1.10089658732852,0.40019300351870885,1.0968456833897031,0.9831146555677038,0.45893656870211497,0.6056669100193071,0.20706551935190368
2569,0.7178332769807168,0.39192046700492655,1.1005148663577748,0.4004899664303718,1.097157699664837,0.9831685571756202,0.45898436423752387,0.6055328212997371,0.20681571459787762
2570,0.7174971818656908,0.39156386611552324,1.1001340472081147,0.4007884531288103,1.0974706106104117,0.9832225177855225,0.4590332127185988,0.6054007073780613,0.20656739242649005
2571,0.7171623178043887,0.39120884488465324,1.099754127730137,0.4010884609964566,1.0977844141416448,0.9832765385823905,0.4590831113110089,0.605270567211497,0.20632055486052536
2572,0.7168286824081401,0.3908554013372854,1.0993751057610917,0.4013899873956907,1.0980991081603084,0.983330620749929,0.4591340571723776,0.6051423997294822,0.20607520390113057
2573,0.7164962732713235,0.39050353347703626,1.098996979124933,0.4016930296688916,1.0984146905547807,0.9833847654705645,0.4591860474523461,0.6050162038337192,0.20583134152781848
2574,0.7161650879714189,0.3901532392862156,1.098619745632371,0.40199758513849126,1.0987311592000961,0.983127107006871,0.4592390792926325,0.6048919783982144,0.20558896969847174
2575,0.7158351240690595,0.38980451672587,1.0982434030809218,0.4023036511070296,1.0990485119579987,0.9812416554138297,0.4592931498270938,0.6047697222693221,0.20534809034934753
2576,0.7155063791080853,0.38945736373582934,1.0978679492549595,0.4026112248572055,1.0993667466769914,0.9793598184564035,0.4593482561817848,0.6046494342657862,0.20510870539508286
2577,0.7151788506155969,0.38911177823475196,1.0974933819257684,0.4029203036519349,1.0996858611923908,0.9774815813472905,0.459404395475022,0.6045311131787849,0.20487081672869736
2578,0.7148525361020077,0.38876775812017095,1.0971196988515948,0.40323088473440305,1.100005853326377,0.9756069293729488,0.4594615648174423,0.6044147577719745,0.20463442622160066
2579,0.7145274330611,0.3884253012685417,1.0967468977777004,0.4035429653281202,1.1003267208880487,0.9737358478932095,0.4595197613120654,0.6043003667815343,0.20439953572359681
2580,0.7142035389700769,0.38808440553528706,1.0963749764364137,0.40385654263697757,1.1006484616734746,0.9718683223408843,0.45957898205435355,0.6041879389162113,0.20416614706288994
2581,0.7138808512896188,0.3877450687548464,1.0960039325471835,0.4041716138453022,1.100971073465745,0.9700043382213902,0.4596392241322739,0.6040774728573672,0.20393426204609122
2582,0.7135593674639366,0.38740728874072144,1.095633763816632,0.4044881761179135,1.1012945540350287,0.9681438811123583,0.45970048462635915,0.6039689672590246,0.20370388245822377
2583,0.7132390849208275,0.38707106328552565,1.0952644679386079,0.40480622660018006,1.1016189011386244,0.9662869366632617,0.45976276060976795,0.6038624207479133,0.20347501006273058
2584,0.7129200010717313,0.3867363901610325,1.094896042594241,0.4051257624180749,1.1019441125210137,0.9644334905950417,0.4598260491483473,0.6037578319235192,0.20324764660148034
2585,0.7126021133117838,0.3864032671182232,1.0945284854519945,0.40544678067823403,1.1022701859139177,0.962583528699727,0.4598903473006929,0.6036551993581322,0.20302179379477545
2586,0.7122854190198753,0.3860716918873369,1.0941617941677215,0.40576927846801286,1.102597119036349,0.9607370368400717,0.4599556521182101,0.6035545215968946,0.20279745334135912
2587,0.7119699155587053,0.38574166217791983,1.0937959663847165,0.4060932528555446,1.102924909594669,0.9588940009491798,0.4600219606451763,0.6034557971578516,0.2025746269184228
2588,0.7116556002748387,0.3854131756788741,1.0934309997337721,0.40641870088979715,1.103253555282639,0.9570544070301444,0.4600892699188005,0.6033590245319997,0.20235331618161417
2589,0.711342470498765,0.38508623005851056,1.0930668918332342,0.40674561960063305,1.1035830537814795,0.9552182411556858,0.4601575769692866,0.6032642021833403,0.20213352276504637
2590,0.7110305235449524,0.38476082296459596,1.0927036402890549,0.4070740059988663,1.1039134027599222,0.9533854894677868,0.46022687881989244,0.6031713285489272,0.20191524828130514
2591,0.7107197567119065,0.3844369520244054,1.092341242694849,0.4074038570763218,1.1042445998742667,0.9515561381773376,0.46029717248699203,0.6030804020389203,0.20169849432145814
2592,0.7104101672822293,0.3841146148447754,1.0919796966319513,0.4077351698058962,1.1045766427684383,0.9497301735637825,0.46036845498013795,0.6029914210366393,0.2014832624550646
2593,0.7101017525226745,0.3837938090121519,1.0916189996694692,0.4080679411416151,1.10490952907404,0.9479075819747624,0.4604407233021209,0.6029043838986139,0.20126955423018367
2594,0.7097945096842077,0.38347453209264465,1.0912591493643413,0.4084021680186934,1.1052432564104122,0.9460883498257703,0.4605139744490309,0.6028192889546387,0.20105737117338499
2595,0.7094884360020643,0.38315678163207917,1.0909001432613927,0.40873784735359736,1.105577822384689,0.9442724635997956,0.46058820541032086,0.6027361345078279,0.20084671478975766
2596,0.709183528695808,0.38284055515604876,1.090541978893391,0.4090749760441029,1.1059132245918528,0.9424599098469869,0.4606634131688654,0.6026549188346688,0.200637586562921
2597,0.7088797849693909,0.38252585016996876,1.0901846537811046,0.40941355096935783,1.1062494606147937,0.940650675184304,0.4607395947010233,0.6025756401850775,0.20042998795503458
2598,0.7085772020112108,0.3822126641591279,1.0898281654333577,0.4097535689899416,1.1065865280243652,0.9388447462951774,0.460816746976699,0.6024982967824548,0.20022392040680925
2599,0.708275776994173,0.3819009945887442,1.089472511347089,0.4100950269479274,1.1069244243794416,0.9370421099291741,0.46089486695940285,0.602422886823742,0.20001938533751762
2600,0.7079755070757491,0.38159083890401746,1.0891176890074086,0.41043792166694454,1.1072631472269783,0.9352427529016545,0.4609739516063138,0.6023494084794789,0.19981638414500577
2601,0.7076763893980368,0.3812821945301844,1.0887636958876556,0.41078224995223983,1.1076026941020665,0.9334466620934438,0.4610539978683403,0.6022778598938603,0.19961491820570362
2602,0.7073784210878213,0.3809750588725735,1.0884105294494564,0.41112800859073867,1.1079430625279927,0.9316538244505018,0.46113500269018054,0.6022082391847943,0.1994149888746385
2603,0.7070815992566347,0.3806694293166589,1.0880581871427812,0.4114751943511101,1.1082842500162977,0.9298642269835873,0.4612169630103852,0.6021405444439607,0.19921659748544499
2604,0.7067859210008187,0.38036530322811846,1.0877066664060056,0.41182380398382773,1.1086262540668343,0.9280778567679403,0.46129987576141807,0.6020747737368712,0.1990197453503792
2605,0.7064913834015838,0.38006267795288634,1.0873559646659652,0.4121738342212337,1.108969072167827,0.9262947009429487,0.4613837378697179,0.6020109251029278,0.19882443376032888
2606,0.7061979835250718,0.37976155081721097,1.0870060793380167,0.41252528177760245,1.10931270179593,0.92451474671183,0.4614685462557587,0.6019489965554832,0.19863066398482823
2607,0.7059057184224184,0.3794619191277123,1.0866570078260978,0.4128781433492038,1.109657140416288,0.9227379813413134,0.46155429783411234,0.6018889860819032,0.1984384372720705
2608,0.7056145851298128,0.37916378017143565,1.0863087475227824,0.4132324156143672,1.1100023854825942,0.9209643921613161,0.4616409895135084,0.6018308916436258,0.19824775484892007
2609,0.7053245806685627,0.37886713121591264,1.0859612958093452,0.41358809523354684,1.1103484344371515,0.919193966564634,0.4617286181968975,0.601774711176225,0.1980586179209268
2610,0.7050357020451543,0.378571969509215,1.0856146500558168,0.41392619670274305,1.1102466558965194,0.9180151587170292,0.4606116409213826,0.6005149027293447,0.19787102767234
2611,0.7047479462513169,0.3782782922800152,1.0852688076210462,0.41426157237017097,1.1100513798022682,0.916960799313995,0.4592417965733743,0.5990032061818538,0.1976849852661217
2612,0.7044613102640847,0.3779860967376429,1.0849237658527597,0.41459820221462473,1.1098570667491312,0.9159067528359717,0.4578728799041401,0.5974934172573995,0.1975004918439616
2613,0.7041757910458611,0.37769538007214454,1.084579522087622,0.41493608232674944,1.109663714716564,0.9148530176324862,0.4565048877941212,0.5959855337887255,0.19731754852629071
2614,0.7038913855444813,0.37740613945434104,1.0842360736512953,0.4152752087813228,1.1094713216709675,0.9137995920587566,0.4551378171182865,0.594479553583031,0.19713615641229715
2615,0.7036080906932766,0.3771183720358881,1.0838934178585016,0.4156155776373327,1.109279885565741,0.9127464744757042,0.4537716647461907,0.5929754744220309,0.19695631657993998
2616,0.7033259034111377,0.37683207494933435,1.0835515520130814,0.4159571849380508,1.1090894043413317,0.9116936632499708,0.4524064275420372,0.5914732940620246,0.19677803008596498
2617,0.7030448206025804,0.37654724530818284,1.083210473408058,0.41630002671110733,1.108899875925287,0.9106411567539401,0.4510421023647411,0.5899730102339641,0.1966012979659207
2618,0.7027648391578083,0.37626388020694906,1.082870179325695,0.4166440989685685,1.1087112982323055,0.9095889533657453,0.4496786860679853,0.5884746206435143,0.1964261212341729
2619,0.7024859559527793,0.375981976721224,1.0825306670375603,0.41698939770701077,1.1085236691642888,0.9085370514692955,0.4483161755002887,0.5869781229711288,0.1962525008839212
2620,0.7022081678492685,0.3757015319077317,1.082191933804587,0.417335918907597,1.1083369866103936,0.9074854494542853,0.44695456750505985,0.58548351487211,0.19608043788721544
2621,0.7019314716949359,0.3754225428043935,1.081853976877135,0.41768365853615447,1.108151248447085,0.9064341457162142,0.44559385892066306,0.5839907939766817,0.19590993319497152
2622,0.7016558643233897,0.3751450064303873,1.0815167934950534,0.41803261254324864,1.1079664525381872,0.9053831386564041,0.44423404658047927,0.5824999578900589,0.19574098773698878
2623,0.7013813425542532,0.3748689197862101,1.081180380887743,0.4183827768642628,1.1077825967349375,0.9043324266820137,0.4428751273129638,0.5810110041925126,0.19557360242196561
2624,0.701107903193231,0.3745942798537408,1.0808447362742177,0.4187341474194734,1.1075996788760394,0.9032820082060573,0.4415170979417123,0.5795239304394463,0.19540777813751883
2625,0.7008355430321735,0.3743210835963003,1.0805098568631681,0.4190867201141273,1.1074176967877138,0.9022318816474213,0.44015995528551644,0.5780387341614595,0.1952435157501984
2626,0.7005642588491455,0.37404932795871704,1.080175739853024,0.41944049083852136,1.1072366482837561,0.9011820454308774,0.43880369615842835,0.576555412864423,0.19508081610550682
2627,0.7002940474084913,0.3737790098673878,1.0798423824320178,0.41979545546807673,1.1070565311655862,0.9001324979871066,0.4374483173698224,0.5750739640295515,0.19491968002791618
2628,0.7000249054609019,0.3735101262303419,1.079509781778246,0.42015160986342054,1.106877343222304,0.8990832377527072,0.4360938157244517,0.5735943851134702,0.19476010832088664
2629,0.699756829743483,0.37324267393730554,1.0791779350597355,0.4205089498704613,1.106699082230744,0.8980342631702202,0.43474018802251535,0.5721166735482944,0.19460210176688422
2630,0.6994898169798207,0.3729766498597639,1.0788468394345039,0.4208674713204692,1.1065217459555288,0.8969855726881378,0.4333874310597129,0.5706408267416965,0.19444566112740017
2631,0.6992238638800506,0.37271205085102715,1.0785164920506258,0.4212271700301544,1.1063453321491235,0.8959371647609261,0.43203554162730873,0.5691668420769818,0.19429078714296846
2632,0.6989589671409251,0.37244887374629415,1.0781868900462959,0.4215880418017451,1.1061698385518912,0.894889037849041,0.43068451651219436,0.567694716913165,0.1941374805331856
2633,0.6986951234458808,0.3721871153627176,1.0778580305498924,0.4219500824230682,1.1059952628921474,0.893841190418942,0.4293343524969445,0.5662244485850403,0.19398574199673022
2634,0.6984323294651077,0.37192677249946904,1.077529910680042,0.42231328766762716,1.1058216028862158,0.8927936209431122,0.4279850463598834,0.5647560344032609,0.1938355722113811
2635,0.6981705818556169,0.3716678419378045,1.077202527545684,0.4226776532946829,1.1056488562384825,0.8917463279000738,0.4266365948751404,0.5632894716544108,0.1936869718340383
2636,0.6979098772613095,0.3714103204411298,1.0768758782461356,0.4230431750493335,1.1054770206414537,0.890699309774403,0.4252889948127131,0.561824757601082,0.19353994150074164
2637,0.697650212313046,0.3711542047550679,1.0765499598711556,0.423409848662593,1.1053060937758086,0.889652565056753,0.4239422429385304,0.5603618894819545,0.19339448182669233
2638,0.6973915836287145,0.3708994916075232,1.0762247695010103,0.4237776698514737,1.105136073310459,0.8886060922438618,0.4225963360145071,0.558900864511867,0.19325059340627185
2639,0.6971339878133012,0.370646177708751,1.0759003042065387,0.424146634319065,1.1049669569026022,0.8875598898385787,0.4212512707986115,0.5574416798819016,0.19310827681306356
2640,0.6968774214589587,0.37039425975142193,1.0755765610492167,0.42451673775461557,1.10479874219778,0.8865139563498722,0.4199070440449206,0.5559843327594558,0.19296753259987234
2641,0.6966218811450762,0.37014373441069004,1.0752535370812235,0.4248879758336128,1.1046314268299335,0.8854682902928533,0.41856365250368127,0.554528820288323,0.19282836129874678
2642,0.6963673634383506,0.3698945983442617,1.0749312293455082,0.4252603442178653,1.1044650084214624,0.8844228901887904,0.4172210929213757,0.5530751395887753,0.1926907634209993
2643,0.6961138648928547,0.36964684819246146,1.0746096348758525,0.4256338385555837,1.104299484583279,0.883377754565124,0.4158793620407746,0.5516232877576365,0.1925547394572282
2644,0.6958613820501087,0.36940048057830144,1.07428875069694,0.42600845448146185,1.1041348529148671,0.8823328819554875,0.41453845660100297,0.5501732618683675,0.192420289877339
2645,0.6956099114391513,0.36915549210754955,1.0739685738244213,0.4263841876167595,1.1039711110043409,0.8812882708997213,0.4131983733375982,0.5487250589711442,0.1922874151305665
2646,0.6953594495766091,0.3689118793687979,1.0736491012649787,0.42676103356938444,1.1038082564284997,0.8802439199438891,0.4118591089825695,0.5472786760929377,0.19215611564549612
2647,0.6951099929667691,0.36866963893353266,1.0733303300163954,0.4271389879339731,1.1036462867528885,0.879199827640299,0.4105206602644622,0.5458341102376001,0.19202639183008724
2648,0.694861538101649,0.3684287673562028,1.0730122570676197,0.4275180462919753,1.1034851995318542,0.8781559925475151,0.409183023908413,0.5443913583859409,0.19189824407169473
2649,0.694614081461068,0.3681892611742888,1.0726948793988327,0.42789820421173486,1.103324992308605,0.8771124132303771,0.40784619663621163,0.5429504174958114,0.1917716727370918
2650,0.6943676195127206,0.36795111690837523,1.0723781939815162,0.42827945724857386,1.1031656626152693,0.8760690882600185,0.406510175166365,0.5415112845021914,0.19164667817249337
2651,0.6941221487122462,0.3677143310622177,1.0720621977785185,0.4286618009448751,1.1030072079729525,0.8750260162138805,0.40517495621415034,0.5400739563172657,0.19152326070357845
2652,0.693877665503302,0.36747890012281575,1.0717468877441216,0.4290452308301649,1.1028496258917975,0.8739831956757317,0.40384053649168167,0.5386384298305142,0.19140142063551407
2653,0.693634166317635,0.36724482056048213,1.0714322608241094,0.42942974242119714,1.1026929138710433,0.872940625235683,0.402506912707965,0.5372047019087913,0.19128115825297792
2654,0.6933916475751548,0.36701208882891484,1.0711183139558342,0.42981533122203797,1.1025370693990846,0.8718983034902039,0.4011740815689604,0.5357727693964132,0.19116247382018323
2655,0.6931501056840059,0.3667807013652678,1.0708050440682864,0.43020199272414633,1.1023820899535308,0.8708562290421447,0.3998420397776435,0.5343426291152442,0.19104536758090146
2656,0.6929095370406401,0.3665506545902225,1.070492448082159,0.4305897224064622,1.1022279730012658,0.8698144005007441,0.3985107840340604,0.5329142778647779,0.19092983975848715
2657,0.6926699380298904,0.3663219449080606,1.0701805229099193,0.43097851573548723,1.1020747159985076,0.8687728164816576,0.3971803110353942,0.5314877124222297,0.19081589055590203
2658,0.6924313050250431,0.3660945687067345,1.0698692654558744,0.4313683681653716,1.101922316390869,0.8677314756069641,0.39585061747601835,0.5300629295426172,0.1907035201557393
2659,0.6921936343879117,0.3658685223579413,1.0695586726162396,0.4317592751379974,1.1017707716134166,0.8666903765051874,0.394521700047559,0.5286399259588498,0.19059272872024857
2660,0.6919569224689108,0.3656438022171951,1.0692487412792095,0.43215123208306333,1.1016200790907333,0.8656495178113162,0.3931935554389574,0.527218698381819,0.19048351639136074
2661,0.6917211656071286,0.3654204046238989,1.0689394683250222,0.43254423441817047,1.101470236236976,0.8646088981668143,0.39186618033652265,0.5257992435004794,0.19037588329071295
2662,0.6914863601304022,0.3651983259014196,1.0686308506260316,0.4329382775489067,1.1013212404559387,0.8635685162196426,0.3905395714239994,0.5243815579819453,0.1902698295196741
2663,0.6912525023553905,0.36497756235715945,1.0683228850467748,0.4333333568689321,1.1011730891411124,0.8625283706242747,0.3892137253826198,0.522965638471572,0.1901653551593697
2664,0.6910195885876487,0.36475811028263116,1.06801556844404,0.4337294677600652,1.1010257796757459,0.8614884600417122,0.3878886388911665,0.5215514815930488,0.19006246027070858
2665,0.6907876151217042,0.3645399659535328,1.0677088976669384,0.4341266055923678,1.1008793094329086,0.8604487831395046,0.38656430862603475,0.5201390839484908,0.18996114489440766
2666,0.6905565782411284,0.3643231256298189,1.0674028695569704,0.43452476572423127,1.1007336757755495,0.8594093385917637,0.38524073126128444,0.518728442118523,0.18986140905101892
2667,0.690326474218614,0.36410758555577827,1.0670974809480966,0.4349239435024617,1.1005888760565616,0.8583701250791822,0.38391790346870663,0.5173195526623767,0.1897632527409551
2668,0.6900972993160487,0.36389334196010703,1.066792728666807,0.4353241342623682,1.1004449076188414,0.8573311412890494,0.38259582191787805,0.5159124121179767,0.18966667594451586
2669,0.6898690497845904,0.3636803910559842,1.0664886095321906,0.43572533332784735,1.1003017677953517,0.8562923859152691,0.3812744832762209,0.5145070170020333,0.18957167862191554
2670,0.6896417218647425,0.3634687290411464,1.0661851203560042,0.4361275360114695,1.1001594539091846,0.8552538576583758,0.3799538842090645,0.5131033638101364,0.1894782607133085
2671,0.6894153117864298,0.3632583520979646,1.0658822579427434,0.4365307376145677,1.1000179632736216,0.8542155552255521,0.3786340213796999,0.511701449016844,0.18938642213881757
2672,0.6891898157690739,0.3630492563935189,1.0655800190897127,0.4369349334273221,1.0998772931921992,0.8531774773306463,0.3773148914494443,0.5103012690757796,0.18929616279856004
2673,0.6889652300216684,0.36284143807967495,1.0652784005870943,0.4373401187288488,1.0997374409587681,0.8521396226941877,0.3759964910776938,0.5089028204197195,0.1892074825726755
2674,0.6887415507428554,0.3626348932931597,1.064977399218019,0.43774628878728616,1.099598403857559,0.851101990043403,0.3746788169219858,0.5075060994606901,0.18912038132135348
2675,0.6885187741210018,0.36242961815563945,1.0646770117586373,0.438153438859882,1.099460179163243,0.8500645781122389,0.3733618656380586,0.506111102590063,0.18903485888486132
2676,0.6882968963342749,0.36222560877379495,1.0643772349781877,0.4385615641930823,1.0993227641409973,0.8490273856413686,0.3720456338799061,0.5047178261786438,0.1889509150835713
2677,0.6880759135507195,0.36202286123939953,1.0640780656390698,0.43897066002261675,1.0991861560465657,0.8479904113782203,0.3707301182998408,0.5033262665767735,0.18886854971798986
2678,0.6878558219283339,0.3618213716293961,1.0637795004969135,0.43938072157358943,1.0990503521263244,0.8469536540769854,0.3694153155485489,0.5019364201144183,0.18878776256878493
2679,0.6876366176151465,0.36162113600597395,1.063481536300649,0.43979174406056404,1.0989153496173436,0.8459171124986394,0.3681012222751487,0.5005482831012662,0.18870855339681486
2680,0.6874182967492939,0.3614221504166484,1.0631841697925797,0.4402037226876539,1.0987811457474537,0.8448807854109582,0.36678783512725344,0.49916185182682704,0.18863092194315711
2681,0.6872008554590964,0.36122441089433677,1.062887397708452,0.4406166526486098,1.0986477377353063,0.8438446715885343,0.3654751507510233,0.4977771225605222,0.18855486792913637
2682,0.6869842898631359,0.3610279134574378,1.062591216777526,0.4404278231764808,1.0981348611882558,0.8440612254658211,0.3648336903326155,0.49706461609317365,0.18848039105635464
2683,0.6867685960703337,0.36083265410991017,1.0622956237226477,0.4392432838573103,1.0969937274436852,0.846353281142381,0.3653018704079118,0.49746274854677025,0.1884074910067193
2684,0.6865537701800265,0.36063862884134995,1.0620006152603192,0.4380598726050398,1.0958531580764697,0.8486512682283306,0.3657707431852391,0.4978625716972278,0.1883361674424733
2685,0.6863398082820461,0.36044583362707194,1.0617061881007714,0.43687758503253227,1.0947131497329061,0.8509552166668671,0.36624030530554025,0.49826408173459935,0.1882664200062241
2686,0.6861267064567953,0.3602542644281865,1.0614123389480343,0.4356964167402433,1.0935736990533342,0.853265156578919,0.36671055340859826,0.49866727482934015,0.1881982483209734
2687,0.6859144607753266,0.36006391719168,1.061119064500009,0.4345163633163068,1.0924348026722133,0.855581118264371,0.3671814841330933,0.49907214713240555,0.1881316519901476
2688,0.6857030672994202,0.3598747878504947,1.0608263614485396,0.4333374203366132,1.0912964572181938,0.8579031322033148,0.3676530941166623,0.49947869477535106,0.18806663059762682
2689,0.6854925220816626,0.35968687232360846,1.0605342264794848,0.4321595833648918,1.090158659314195,0.8602312290572979,0.3681253799959562,0.49988691387043205,0.18800318370777583
2690,0.6852828211655237,0.35950016651611416,1.0602426562727896,0.43098284795279357,1.0890214055774774,0.8625654396705869,0.36859833840669515,0.5002968005107008,0.18794131086547414
2691,0.6850739605854369,0.3593146663193012,1.0599516475025579,0.42980720963996966,1.0878846926197179,0.8649057950714488,0.3690719659837305,0.5007083507701109,0.1878810115961463
2692,0.6848659363668765,0.3591303676107356,1.059661196837124,0.42863266395415817,1.086748517047086,0.8672523264734284,0.3695462593610976,0.5011215607036132,0.18782228540579315
2693,0.6846587445264365,0.35894726625433954,1.0593713009391243,0.42745920641126023,1.0856128754603156,0.8696050652766565,0.3700212151720763,0.5015364263472604,0.18776513178102247
2694,0.6844523810719101,0.3587653581004749,1.0590819564655707,0.4262868325154266,1.0844777644547816,0.8719640430691512,0.3704968300492476,0.5019529437183057,0.18770955018907903
2695,0.6842468420023684,0.3585846389860222,1.0587931600679223,0.42511553775913996,1.0833431806205778,0.8743292916281367,0.3709731006245497,0.5023711088153057,0.18765554007787769
2696,0.6840421233082385,0.3584051047344625,1.0585049083921574,0.42394531762329307,1.0822091205425854,0.8767008429213844,0.37145002352933604,0.5027909176182213,0.1876031008760327
2697,0.6838382209713848,0.35822675115596014,1.0582171980788464,0.4227761675772778,1.0810755808005552,0.8790787291085432,0.3719275953944322,0.5032123660885208,0.187552231992891
2698,0.6836351309651871,0.35804957404744403,1.0579300257632256,0.42160808307906356,1.0799425579691793,0.881462982542506,0.37240581285019425,0.5036354501692832,0.18750293281856198
2699,0.6834328492546192,0.35787356919268826,1.0576433880752665,0.42044105957527955,1.078810048618164,0.8838536357707717,0.372884672526563,0.5040601657852992,0.18745520272395105
2700,0.6832313717963308,0.35769873236239724,1.0573572816397527,0.41927509250130385,1.0776780493123126,0.8862507215368195,0.3733641710531221,0.5044865088431754,0.18740904106079087
2701,0.683030694538725,0.35752505931428546,1.0570717030763495,0.41811017728133903,1.0765465566115935,0.8886542727815082,0.3738443050591561,0.5049144752314393,0.18736444716167336
2702,0.6828308134220396,0.3573525457931618,1.056786648999678,0.4169463093285021,1.0754155670712202,0.8910643226444716,0.3743250711737037,0.5053440608206399,0.18732142034008203
2703,0.682631724378426,0.3571811875310116,1.0565021160193884,0.4157834840449034,1.0742850772417245,0.8934809044655405,0.3748064660256186,0.5057752614634562,0.18727995989042442
2704,0.6824334233320306,0.3570109802470805,1.0562181007402323,0.4146216968217331,1.0731550836690342,0.8959040517861655,0.3752884862436231,0.5062080729947995,0.18724006508806526
2705,0.6822359061990737,0.3568419196479573,1.0559345997621363,0.4134609430393454,1.0720255828945486,0.8983337983508574,0.3757711284563644,0.5066424912319178,0.18720173518935848
2706,0.6820391688879303,0.3566740014276571,1.0556516096802748,0.41230121806734005,1.0708965714552128,0.900770178108644,0.3762543892924726,0.5070785119745028,0.18716496943168026
2707,0.6818432072992106,0.35650722126770595,1.0553691270851433,0.41114251726464845,1.0697680458835943,0.9032132252145343,0.3767382653806164,0.5075161310047951,0.18712976703346257
2708,0.6816480173258403,0.35634157483722356,1.0550871485626319,0.40998483597961877,1.0686400027079621,0.905662974030992,0.3772227533495571,0.5079553440876883,0.18709612719422564
2709,0.6814535948531418,0.3561770577930086,1.054805670694099,0.40882816955009765,1.0675124384523578,0.9081194591294381,0.3777078498282087,0.508396146970839,0.18706404909461208
2710,0.6812599357589141,0.3560136657796221,1.0545246900564433,0.4076725133035184,1.0663853496366753,0.9105827152917456,0.3781935514456898,0.5088385353847695,0.18703353189641986
2711,0.681067035913514,0.35585139442947245,1.0542442032221793,0.40651786255698247,1.0652587327767358,0.9130527775117643,0.37867985483138206,0.5092825050429773,0.18700457474263607
2712,0.680874891179937,0.3556902393628993,1.0539642067595085,0.4053642126173456,1.064132584384363,0.9155296809968528,0.37916675661498545,0.5097280516420416,0.18697717675747075
2713,0.6806834974138989,0.35553019618825976,1.0536846972323959,0.4042115587813049,1.063006900967463,0.9180134611694182,0.3796542534265726,0.5101751708617299,0.1869513370463911
2714,0.6804928504639155,0.3553712605020118,1.0534056712006403,0.40305989633547956,1.0618816790300962,0.920504153668484,0.3801423418966467,0.5106238583651076,0.1869270546961551
2715,0.6803029461713856,0.355213427888801,1.0531271252199512,0.40190922055650163,1.0607569150725578,0.9230017943512557,0.3806310186561944,0.5110741097986441,0.18690432877484603
2716,0.6801137803706713,0.3550566939215451,1.0528490558420205,0.4007595267110966,1.0596326055914511,0.9255064192947148,0.3811202803367444,0.5115259207923238,0.18688315833190686
2717,0.6799253488891788,0.3549010541615192,1.0525714596145963,0.3996108100561707,1.0585087470797654,0.9280180647972173,0.3816101235704197,0.5119792869597525,0.18686354239817468
2718,0.6797376475474418,0.35474650415844283,1.0522943330815588,0.3984630658388991,1.057385336026954,0.930536767380108,0.3821005449899942,0.5124342038982671,0.18684547998591555
2719,0.6795506721592016,0.354593039450565,1.052017672782992,0.39731628929680707,1.0562623689190085,0.9330625637893569,0.3825915412289489,0.5128906671890463,0.18682897008885893
2720,0.6793644185314885,0.35444065556474985,1.0517414752552576,0.39617047565786034,1.0551398422385367,0.9355954909971957,0.3830831089215239,0.5133486723972172,0.1868140116822331
2721,0.6791788824647054,0.35428934801656453,1.0514657370310718,0.39502562014054776,1.0540177524648398,0.9381355862037882,0.38357524470277704,0.5138082150719684,0.18680060372279958
2722,0.6789940597527075,0.3541391123103641,1.0511904546395756,0.3938817179539689,1.0528960960739873,0.940682886838899,0.384067945208637,0.5142692907466594,0.18678874514888943
2723,0.6788099461828861,0.353989943939379,1.050915624606412,0.39273876429792215,1.0517748695388978,0.9432374305635813,0.38456120707595687,0.5147318949389289,0.18677843488043755
2724,0.678626537536249,0.3538418383858014,1.0506412434537975,0.39159675436298635,1.0506540693294097,0.9457992552718931,0.3850550269425713,0.5151960231508085,0.18676967181901877
2725,0.678443829587504,0.353694791120873,1.0503673077005993,0.3904556833306136,1.049533691912366,0.946037044517642,0.3855494014473488,0.515661670868831,0.18676245484788304
2726,0.6782618181051401,0.3535487976049708,1.0500938138624059,0.3893155463732102,1.0484137337516835,0.9462391833909528,0.3860443272302482,0.5161288335641442,0.18675678283199182
2727,0.6780804988515104,0.3534038532876964,1.0498207584516048,0.3881763386542263,1.0472941913084344,0.9464414889513321,0.3865398009323725,0.5165975066926215,0.18675265461805335
2728,0.6778998675829139,0.3532599536079611,1.0495481379774543,0.38703805532824337,1.046175061040924,0.9466439622403561,0.38703581919602104,0.5170676856949717,0.18675006903455915
2729,0.6777199200496784,0.35311709399407554,1.0492759489461592,0.3859006915410587,1.0450563394047636,0.9468466042984892,0.38753237866474777,0.5175393659968555,0.18674902489182016
2730,0.6775406519962427,0.35297526986383637,1.0490041878609444,0.384764242429775,1.0439380228529525,0.9470494161650858,0.3880294759834109,0.5180125430089922,0.18674952098200237
2731,0.6773620591612391,0.35283447662461465,1.0487328512221297,0.3836287031228857,1.042820107835951,0.9472523988783851,0.3885271077982307,0.5184872121272778,0.18675155607916427
2732,0.6771841372775762,0.3526947096734436,1.0484619355272033,0.3824940687403625,1.0417025908017592,0.9474555534755137,0.3890252707568412,0.5189633687328941,0.1867551289392927
2733,0.6770068820725221,0.35255596439710823,1.0481914372708987,0.38136033439374567,1.040585468195997,0.9476588809924804,0.3895239615083449,0.5194410081924237,0.18676023830033994
2734,0.6768302892677854,0.352418236172231,1.0479213529452653,0.3802274951862257,1.0394687364619752,0.9478623824641778,0.3900231767033656,0.5199201258579617,0.1867668828822599
2735,0.6766543545796004,0.3522815203653633,1.0476516790397468,0.3790955462127374,1.0383523920407793,0.9480660589243777,0.3905229129941031,0.520400717067231,0.18677506138704605
2736,0.676479073718808,0.35214581233307224,1.0473824120412523,0.37796448256004217,1.037236431371342,0.9482699114057345,0.3910231670343858,0.520882777143695,0.18678477249876774
2737,0.6763044423909397,0.3520111074220306,1.047113548434233,0.37683429930681905,1.036120850890522,0.9484739409397777,0.3915239354797255,0.5213663013966727,0.1867960148836074
2738,0.6761304562963006,0.3518774009691055,1.0468450847007569,0.3757049915237524,1.0350056470331839,0.948678148556916,0.3920252149873685,0.521851285121451,0.1868087871898981
2739,0.6759571111300516,0.3517446883014469,1.0465770173205813,0.374576554273617,1.0338908162322697,0.9488825352864323,0.3925270022163513,0.5223377235994021,0.18682308804816145
2740,0.6757844025822937,0.35161296473657816,1.0463093427712291,0.37344898261137116,1.032776354918883,0.9490871021564837,0.39302929382755103,0.5228256120980949,0.18683891607114395
2741,0.6756123263381503,0.3514822255824847,1.0460420575280633,0.37232227158423925,1.0316622595223617,0.9492918501941014,0.3935320864837419,0.5233149458714138,0.18685626985385603
2742,0.6754408780778505,0.35135246613770343,1.0457751580643602,0.37119641623180305,1.0305485264703549,0.9494967804251866,0.3940353768496446,0.5238057201596703,0.1868751479736087
2743,0.6752700534768131,0.35122368169141316,1.0455086408513863,0.3700714115860914,1.0294351521889065,0.9497018938745124,0.3945391615919813,0.5242979301897206,0.18689554899005237
2744,0.6750998482057288,0.35109586752352334,1.0452425023584702,0.36894725267166395,1.0283221331025232,0.9499071915657193,0.39504343737952763,0.5247915711750806,0.18691747144521456
2745,0.6749302579306449,0.3509690189047659,1.0449767390530798,0.3678239345057056,1.0272094656342614,0.9501126745213164,0.39554820088316534,0.5252866383160416,0.18694091386353792
2746,0.6747612783130469,0.3508431310967828,1.0447113474008949,0.3667014520981092,1.026097146205797,0.9503183437626785,0.3960534487759347,0.5257831267997864,0.18696587475191856
2747,0.6745929050099441,0.35071819935221893,1.0444463238658828,0.36557980045156757,1.024985171237507,0.9505242003100477,0.3965591777330882,0.5262810318005069,0.1869923525997448
2748,0.6744251336739514,0.3505942189148106,1.044181664910373,0.36445897456166304,1.023873537148547,0.9507302451825272,0.39706538443213973,0.5267803484795172,0.18702034587893526
2749,0.6742579599533735,0.35047118501947666,1.0439173669951316,0.3633389694169519,1.0227622403569252,0.9509364793980852,0.3975720655529205,0.5272810719853741,0.18704985304397756
2750,0.6740913794922888,0.3503490928924096,1.0436534265794357,0.36221977999905935,1.0216512772795852,0.9511429039735508,0.3980792177776286,0.5277831974539919,0.18708087253196767
2751,0.6739253879306328,0.3502279377511659,1.043389840121149,0.3611014012827632,1.0205406443324783,0.9513495199246134,0.39858683779088233,0.5282867200087602,0.1871134027626479
2752,0.6737599809042809,0.35010771480475633,1.0431266040767944,0.35998382823608394,1.0194303379306422,0.9515563282658214,0.39909492227977095,0.5287916347606599,0.1871474421384462
2753,0.6735951540451333,0.34998841925373775,1.0428637149016304,0.3588670558203771,1.0183203544882824,0.9517633300105827,0.39960346793390694,0.529297936808382,0.18718298904451566
2754,0.673430902981198,0.34987004629030405,1.042601169049726,0.35775107899041747,1.0172106904188432,0.9519705261711603,0.40011247144547885,0.5298056212384452,0.1872200418487728
2755,0.6732672233366755,0.34975259109837753,1.0423389629740345,0.35688916789430064,1.0167872561373015,0.9528025890198647,0.39915967400808455,0.5288524276240969,0.18725859890193833
2756,0.6731041107320408,0.34963604885369926,1.0420770931264665,0.35604799363648587,1.0164175294747355,0.9536834092955877,0.3980930891094002,0.5277863678180471,0.18729865853757502
2757,0.6729415607841291,0.3495204147239222,1.0418155559579676,0.35520777045100016,1.0160479123173518,0.9545641771923692,0.39702695216068,0.5267216755820359,0.18734021907212797
2758,0.6727795691062185,0.3494056838687013,1.041554347918591,0.3543684935201602,1.0156784007812174,0.9554448944416231,0.39596125986492703,0.5256583459550713,0.18738327880496466
2759,0.6726181313081143,0.34929185143978586,1.041293465457573,0.3535301580178004,1.0153089909847697,0.9563255627752899,0.39489600892797494,0.5245963739645785,0.18742783601841387
2760,0.6724572429962323,0.349178912581111,1.041032905023406,0.3526927591093602,1.0149396790488976,0.9572061839258273,0.3938311960585412,0.5235357546265197,0.18747388897780576
2761,0.6722968997736842,0.3490668624288903,1.0407726630639156,0.3518562919519674,1.0145704610970272,0.9580867596262029,0.39276681796827695,0.5224764829455133,0.18752143593151235
2762,0.6721370972403593,0.34895569611170646,1.0405127360263322,0.35102075169452285,1.0142013332552,0.958967291609884,0.39170287137181675,0.5214185539149508,0.1875704751109869
2763,0.6719778309930104,0.3488454087506046,1.0402531203573677,0.350186133477788,1.0138322916521605,0.9598477816108304,0.3906393529868322,0.5203619625171195,0.18762100473080462
2764,0.6718190966253368,0.34873599545918416,1.039993812503289,0.3493524324344671,1.013463332419434,0.9607282313634857,0.3895762595340799,0.5193067037233186,0.18767302298870256
2765,0.671660889728068,0.34862745134369033,1.0397348089099923,0.3485196436892939,1.013094451691412,0.9613026938371118,0.3885135877374517,0.5182527724939788,0.1877265280656204
2766,0.6715032058890493,0.3485197715031084,1.0394761060230784,0.34768776235911875,1.0127256456054345,0.9601287448476701,0.3874513343240292,0.517200163778786,0.18778151812574026
2767,0.6713460406933233,0.3484129510292535,1.0392177002879255,0.34685678355298966,1.0123569103018701,0.9589564390833483,0.3863894960241274,0.5161488725167942,0.18783799131652806
2768,0.6711893897232163,0.348306985006866,1.0389595881497662,0.3460267023722432,1.0119882419242012,0.9577857690685797,0.3853280695713522,0.5150988936365529,0.1878959457687737
2769,0.6710332485584205,0.34820186851370205,1.0387017660537583,0.3451975139105852,1.0116196366191035,0.9566167273743544,0.38426705170264375,0.5140502220562205,0.187955379596632
2770,0.6708776127760792,0.34809759662062717,1.0384442304450623,0.34436921325417913,1.0112510905365293,0.9554493066179947,0.3832064391583305,0.5130028526836884,0.18801629089766364
2771,0.6707224779508705,0.3479941643917098,1.0381869777689139,0.3435417954817329,1.01088259982979,0.9542834994629359,0.38214622868217923,0.5119567804167012,0.18807867775287593
2772,0.6705678396550907,0.34789156688431244,1.0379300044706983,0.34271525566458044,1.0105141606556367,0.9531192986185009,0.381086417021441,0.5109120001429743,0.1881425382267643
2773,0.6704136934587395,0.3477897991491864,1.0376733069960258,0.3418895888667728,1.0101457691743434,0.9519566968396834,0.38002700092690606,0.5098685067403186,0.18820787036735276
2774,0.6702600349296028,0.3476888562305642,1.0374168817908034,0.34106479014515995,1.0097774215497877,0.9507956869269292,0.3789679771529485,0.5088262950767569,0.18827467220623603
2775,0.6701068596333382,0.34758873316625283,1.037160725301312,0.34024085454947894,1.0094091139495336,0.9496362617259181,0.3779093424575781,0.5077853600106474,0.18834294175862046
2776,0.669954163133557,0.3474894249877264,1.0369048339742784,0.3394177771224401,1.0090408425449118,0.9484784141273513,0.3768510936024907,0.5067456963908052,0.18841267702336537
2777,0.6698019409919104,0.34739092672022076,1.0366492042569493,0.33859555289981147,1.0086726035111024,0.9473221370667355,0.3757932273531139,0.5057072990566198,0.18848387598302468
2778,0.6696501887681717,0.34729323338282553,1.0363938325971664,0.3377741769105074,1.0083043930272155,0.9461674235241714,0.37473574047866004,0.5046701628381808,0.18855653660388905
2779,0.6694989020203215,0.34719633998857863,1.0361387154434396,0.33695364417667256,1.007936207276373,0.9450142665241426,0.3736786297521718,0.5036342825563949,0.18863065683602687
2780,0.6693480763046312,0.3471002415445594,1.0358838492450213,0.3361339497137693,1.0075680424457893,0.9438626591353049,0.3726218919505729,0.5025996530231098,0.18870623461332672
2781,0.6691977071757472,0.34700493305198216,1.0356292304519803,0.3353150885306652,1.0071998947268541,0.9427125944702817,0.37156552385471775,0.5015662690412364,0.18878326785353852
2782,0.6690477901867743,0.3469104095062898,1.0353748555152742,0.3344970556297166,1.006831760315211,0.9415640656854535,0.37050952224943623,0.5005341254048662,0.18886175445831688
2783,0.6688983208893607,0.3468166658972483,1.0351207208868263,0.333679846006859,1.006463635410841,0.9404170659807551,0.36945388392358774,0.4995032168993988,0.18894169231326147
2784,0.6687492948337808,0.34672369720903945,1.0348668230195954,0.33286345465168954,1.0060955162181409,0.9392715885994692,0.3683986056701041,0.4984735383016581,0.18902307928796097
2785,0.6686007075690195,0.3466314984203551,1.0346131583676519,0.3320478765475558,1.0057273989460056,0.9381276268280268,0.3673436842860408,0.4974450843800169,0.1891059132360339
2786,0.6684525546428571,0.34654006450449226,1.0343597233862518,0.3312331066716439,1.0053592798079098,0.9369851739958035,0.36628911657262625,0.49641784989452004,0.18919019199517198
2787,0.6683048316019516,0.3464493904294452,1.0341065145319082,0.33041913999506134,1.0049911550219859,0.93584422347492,0.36523489933530645,0.49539182959700284,0.18927591338718194
2788,0.6681575339919236,0.3463594711580006,1.0338535282624663,0.3296059714829275,1.0046230208111067,0.9347047686800455,0.3641810293837961,0.4943670182312167,0.18936307521802861
2789,0.6680106573574394,0.3462703016478317,1.0336007610371765,0.32879359609445774,1.0042548734029644,0.9335668030681961,0.3631275035321241,0.4933434105329484,0.18945167527787718
2790,0.6678641972422955,0.346181876851592,1.033348209316767,0.32798200878305117,1.003886709030152,0.9324303201385424,0.3620743185986818,0.49232100123014294,0.18954171134113584
2791,0.6677181491895021,0.34609419171700995,1.0330958695635184,0.32717120449637904,1.0035185239302424,0.9312953134322144,0.36102147140627294,0.49129978504302874,0.1896331811664991
2792,0.667572508741367,0.3460072411869831,1.032843738241336,0.3263611781764688,1.00315031434587,0.9301617765321056,0.3599689587821571,0.49027975668423507,0.18972608249699022
2793,0.667427271439579,0.34592102019967225,1.0325918118158237,0.325551924759794,1.0027820765248088,0.9290297030626834,0.3589167775581014,0.4892609108589194,0.18982041306000424
2794,0.6672824328252914,0.3458355236885955,1.0323400867543557,0.32474343917735804,1.0024138067200528,0.9278990866897955,0.35786492457042346,0.48824324226488514,0.18991617056735097
2795,0.6671379884392066,0.3457507465827236,1.0320885595261509,0.32393571635478374,1.0020455011898972,0.926769921120483,0.3568133966600414,0.48722674559270757,0.19001335271529873
2796,0.6669939338216587,0.3456666838065737,1.0318372266023457,0.3231287512124006,1.0016771561980162,0.9256422001027896,0.355762190672521,0.4862114155258558,0.19011195718461638
2797,0.6668502645126972,0.3455833302803035,1.0315860844560651,0.3223225386653283,1.001308768013542,0.9245159174255737,0.3547113034581195,0.4851972467408129,0.190211981640618
2798,0.6667069760521721,0.3455006809198074,1.0313351295624997,0.32151707362356996,1.000940332911148,0.9233910669183263,0.3536607318718382,0.4841842339072039,0.1903134237332049
2799,0.6665640639798144,0.34541873063680867,1.0310843583989726,0.3207123509920922,1.0005718471711222,0.9222676424509798,0.35261047277346197,0.48317237168791183,0.19041628109691056
2800,0.6664215238353223,0.345337474338956,1.0308337674450174,0.31990836567091735,1.0002033070794516,0.9211456379337285,0.3515605230276103,0.48216165473920447,0.19052055135094256
2801,0.6662793511584435,0.3452569069299175,1.0305833531824478,0.31910511255520957,0.9998347089278988,0.9200250473168462,0.3505108795037848,0.4811520777108584,0.1906262320992275
2802,0.6661375414890586,0.34517702330947514,1.0303331120954304,0.31830258653536037,0.9994660490140804,0.9189058645905013,0.3494615390764112,0.4801436352462774,0.19073332093045392
2803,0.665996090367264,0.3450978183736195,1.0300830406705581,0.31750078249707797,0.9990973236415471,0.9177880837845804,0.34841249862488943,0.4791363219826192,0.19084181541811635
2804,0.6658549933334565,0.3450192870146452,1.029833135396922,0.31669969532147346,0.9987285291198618,0.9166716989685061,0.3473637550336378,0.4781301325509164,0.19095171312055914
2805,0.6657142459284147,0.34494142412124396,1.0295833927661822,0.3158993198851467,0.9983596617646769,0.9155567042510585,0.3463153051921382,0.4771250615761987,0.19106301158102051
2806,0.6655738436933839,0.344864224578602,1.0293338092726434,0.3150996510602779,0.9979907178978162,0.9144430937802027,0.3452671459949862,0.4761211036776197,0.19117570832767583
2807,0.665433782170158,0.344787683268492,1.0290843814133233,0.3143006837147094,0.9976216938473483,0.9133308617429067,0.3442192743419304,0.47511825346857384,0.1903010809784118
2808,0.6652940569011633,0.3447117950693701,1.028835105688027,0.3135024127120376,0.9972525859476689,0.9122200023649719,0.3431716871379244,0.4741165055568254,0.18872920296826287
2809,0.6651546634295409,0.3446365548564694,1.0285859785994174,0.3127048329116975,0.9968833905395758,0.9111105099108562,0.34212438129316747,0.4731158545446267,0.18716167108593412
2810,0.6650155972992299,0.34456195750189544,1.028336996653088,0.31190793916905046,0.9965141039703485,0.9100023786835013,0.3410773537231518,0.4721162950288429,0.18559846899078167
2811,0.6648768540550506,0.344487997874721,1.0280881563576343,0.31111172633547335,0.9961447225938254,0.9088956030241641,0.34003060134870955,0.47111782160107674,0.18403958041666038
2812,0.6647384292427874,0.3444146708410813,1.027839454224726,0.3103161892584435,0.9957752427704814,0.9077901773122414,0.33898412109605514,0.47012042884778865,0.18248498917148814
2813,0.6646003184092699,0.34434197126426724,1.0275908867691765,0.3095213227816272,0.9954056608675047,0.9066860959651066,0.33793790989683165,0.469124111350421,0.18093467913682473
2814,0.6644625171024585,0.34426989400482305,1.0273424505090176,0.3087271217449674,0.9950359732588754,0.9055833534379345,0.3368919646881561,0.4681288636855212,0.17938863426744486
2815,0.6643250208715243,0.3441984339206388,1.0270941419655673,0.3079335809847696,0.9946661763254403,0.9044819442235372,0.3358462824126622,0.46713468042486334,0.17784683859092013
2816,0.6641878252669334,0.3441275858670466,1.0268459576635038,0.30714069533379157,0.9942962664549931,0.9033818628521998,0.33480086001854936,0.4661415561355744,0.17630927620720696
2817,0.6640509258405285,0.344057344696915,1.0265978941309353,0.3063484596213283,0.9939262400423483,0.9022831038915102,0.33375569445962217,0.46514948538025275,0.17477593128822738
2818,0.6639143181456115,0.343987705260744,1.026349947899471,0.3055568686733003,0.9935560934894191,0.9011856619461981,0.3327107826953377,0.46415846271709393,0.17324678807746455
2819,0.6637779977370267,0.3439186624067606,1.0261021155042935,0.3047659173123425,0.9931858232052948,0.9000895316579705,0.33166612169085125,0.46316848270001426,0.17172183088955736
2820,0.6636419601712414,0.3438502109810124,1.0258543934842268,0.303975600357888,0.9928154256063153,0.8989947077053487,0.33062170841705596,0.46217953987877025,0.17020104410989434
2821,0.6635062010064295,0.3437823458274636,1.0256067783818097,0.3031859126262592,0.9924448971161484,0.8979011848035081,0.32957753985063204,0.46119162879908526,0.16868441219421917
2822,0.6633707158025534,0.34371506178808986,1.025359266743365,0.30239684893075297,0.9920742341658663,0.8968089577041161,0.3285336129740872,0.4602047440027696,0.16717191966823028
2823,0.6632355001214452,0.3436483537029726,1.0251118551190708,0.30160840408172745,0.9917034331940199,0.8957180211951723,0.32748992477580124,0.4592188800278439,0.1656635511271901
2824,0.6631005495268897,0.34358221641039427,1.0248645400630298,0.30082057288669195,0.9913324906467165,0.8946283701008523,0.3264464722500722,0.4582340314086639,0.16415929123553888
2825,0.6629658595847057,0.34351664474693344,1.0246173181333407,0.3000333501503911,0.9909614029776936,0.8935399992813469,0.325403252397156,0.4572501926760395,0.16265912472650118
2826,0.6628314258628283,0.3434516335475594,1.0243701858921677,0.29924673067489527,0.9905901666483965,0.8924529036327085,0.3243602622233144,0.45626735835736154,0.16116303640171067
2827,0.66269724393139,0.343387177645727,1.0241231399058113,0.2993879091043737,0.9905276390009107,0.8929336312787679,0.32402007959191714,0.4559881038277837,0.16083478642640356
2828,0.6625633093628023,0.34332327187347156,1.0238761767447762,0.3005407921189741,0.9908023369539252,0.8951298095494241,0.3244465725078222,0.45647629459468125,0.16177900111141927
2829,0.6624296177318381,0.3432599110615038,1.0236292929838442,0.3016937497155751,0.9910774742594557,0.8973343524066177,0.3248732861580372,0.4569654733383922,0.16272570277200368
2830,0.6622961646157121,0.3431970900393042,1.023382485202141,0.30284677634272367,0.9913530478114979,0.8995473087630893,0.32530021757326977,0.4574556345738475,0.1636748988376937
2831,0.6621629455941633,0.343134803635219,1.0231357499832079,0.3039998664540165,0.9916290545036214,0.9017687278875418,0.3257273637904469,0.45794677281316915,0.16462659677025535
2832,0.662029956249535,0.3430730466765531,1.0228890839150697,0.3051530145081986,0.9919054912290348,0.903998659407865,0.3261547218527573,0.45843888256579224,0.1655808040639187
2833,0.6618971921668568,0.3430118139896667,1.0226424835903052,0.3063062149692555,0.9921823548806544,0.9062371533143837,0.3265822888096955,0.4589319583385892,0.16653752824561274
2834,0.661764648933926,0.3429511004000687,1.0223959456061156,0.3074594623065045,0.9924596423511678,0.9084842599631431,0.32701006171710234,0.459425994635989,0.16749677687519784
2835,0.6616323221413868,0.34289090073251166,1.0221494665643935,0.30861275099469365,0.9927373505331007,0.910740030079238,0.3274380376372096,0.4599209859601022,0.1684585575457073
2836,0.6615002073828141,0.3428312098110872,1.0219030430717932,0.3097660755140895,0.9930154763188855,0.9130045147601674,0.3278662136386807,0.4604169268108412,0.16942287788358099
2837,0.6613683002547912,0.3427720224593195,1.0216566717397972,0.310919430350575,0.9932940166009235,0.9152777654792366,0.3282945867966534,0.46091381168604234,0.17038974554890834
2838,0.6612365963569928,0.3427133335002606,1.0214103491847875,0.31207280999574133,0.993572968271655,0.9175598340889911,0.3287231541927829,0.4614116350815895,0.17135916823566943
2839,0.6611050912922642,0.34265513775658485,1.0211640720281112,0.31322620894697806,0.9938523282236208,0.9198507728246844,0.3291519129152818,0.46191039149153285,0.17233115367197469
2840,0.6609737806667026,0.34259743005068316,1.0209178368961522,0.31437962170757183,0.9941320933495332,0.9221506343077998,0.3295808600589639,0.462410075408214,0.17330570962031303
2841,0.6608426600897371,0.34254020520475814,1.0206716404203973,0.31553304278679306,0.9944122605423373,0.9244594715495879,0.33000999272528486,0.46291068132238494,0.17428284387779336
2842,0.6607117251742087,0.3424834580409176,1.0204254792375038,0.3166864666999934,0.9946928266952793,0.9267773379546693,0.3304393080223839,0.463412203723331,0.1752625642763946
2843,0.660580971536451,0.3424271833812695,1.02017934998937,0.3178398879686961,0.9949737887019727,0.9291042873246597,0.3308688030651262,0.4639146370989925,0.17624487868321365
2844,0.66045039479637,0.3423713760480165,1.0199332493232014,0.3189933011206872,0.995255143456462,0.9314403738618356,0.3312984749751426,0.4644179759360845,0.17722979500071204
2845,0.6603199905775241,0.3423160308635497,1.019687173891578,0.32014670069011064,0.9955368878532902,0.9337856521728558,0.33172832088087306,0.46492221472022066,0.17821732116697264
2846,0.6601897545072036,0.3422611426505434,1.019441120352523,0.3213000812175567,0.9958190187875627,0.9361401772725065,0.332158337917605,0.46542734793603097,0.1792074651559465
2847,0.6600596822165107,0.3422067062320485,1.01919508536957,0.3224534372501574,0.9961015331550148,0.938504004587504,0.3325885232275173,0.4659333700672862,0.18020023497771312
2848,0.6599297693404389,0.3421527164315879,1.0189490656118294,0.3236067633416767,0.9963844278520751,0.9408771899603293,0.3330188739597191,0.46644027559701673,0.18119563867873148
2849,0.6598000115179532,0.34209916807324986,1.0187030577540572,0.3247600540526003,0.9966676997759327,0.9432597896531089,0.3334493872702915,0.46694805900763414,0.1821936843420995
2850,0.6596704043920679,0.34204605598178156,1.01845705847672,0.3259133039502305,0.9969513458246012,0.9456518603515464,0.3338800603223282,0.46745671478105183,0.1831943800878138
2851,0.6595409436099278,0.3419933749826841,1.0182110644660647,0.32706650760877354,0.9972353628969847,0.9480534591688844,0.3343108902859751,0.4679662373988049,0.18419773407302667
2852,0.6594116248228855,0.34194111990230613,1.0179650724141815,0.3282196596094346,0.9975197478929426,0.9504646436499283,0.3347418743384727,0.4684766213421724,0.1852037544923126
2853,0.6592824436865812,0.3418892855679367,1.0177190790190735,0.329372754540506,0.9978044977133551,0.9528854717751036,0.33517300966419405,0.46898786109229557,0.18621244957792865
2854,0.6591533958610222,0.3418378668079011,1.0174730809847223,0.3305257869974579,0.9980896092601875,0.9553160019645596,0.3356042934546869,0.46949995113029946,0.18722382760007913
2855,0.6590244770106595,0.34178685845165185,1.017227075021152,0.3316787515830304,0.9983750794365557,0.9577562930823333,0.33603572290871186,0.47001288593741186,0.18823789686718528
2856,0.6588956828044694,0.34173625532986546,1.0169810578445002,0.332831642907322,0.998660905146791,0.9602064044405376,0.33646729523228436,0.47052665999508475,0.18925466572614968
2857,0.6587670089160297,0.3416860522745336,1.0167350261770791,0.33398445558788215,0.9989470832965055,0.9626663958036269,0.33689900763871317,0.4710412677851128,0.19027414256262912
2858,0.6586384510235983,0.3416362441190576,1.0164889767474434,0.3351371842497997,0.9992336107926556,0.9651363273926841,0.33733085734864054,0.4715567037897538,0.19129633580130503
2859,0.658510004810193,0.34158682569834226,1.016242906290457,0.3362898235257915,0.9995204845436076,0.9676162598897707,0.33776284159008135,0.4720729624918475,0.19232125390615473
2860,0.658381665963667,0.3415377918488883,1.0159968115473552,0.33744236805629574,0.9998077014592014,0.9701062544423324,0.33819495759846363,0.4725900383749361,0.19334890538073027
2861,0.6582534301767893,0.3414891374088863,1.015750689265814,0.33859481248955675,1.0000952584508163,0.9726063726676387,0.33862720261666585,0.47310792592338125,0.19437929876842877
2862,0.658125293147321,0.34144085721831025,1.015504536200012,0.3397471514817185,1.0003831524314335,0.9751166766572887,0.3390595738950589,0.47362661962248626,0.19541244265277624
2863,0.6579972505780936,0.34139294611900967,1.0152583491106968,0.34089937969691203,1.0006713803157032,0.9776372289817681,0.3394920686915431,0.47414611395861284,0.19644834565770447
2864,0.6578692981770861,0.3413453989548038,1.0150121247652506,0.3420514918073425,1.0009599390200055,0.9780926116247927,0.3399246842715874,0.4746664034192998,0.19748701644783065
2865,0.6577414316575024,0.34129821057157333,1.014765859937753,0.3432034824933817,1.0012488254625171,0.9771001526033828,0.34035741790826923,0.4751874824933827,0.19852846372874441
2866,0.6576136467378496,0.34125137581735504,1.0145195514090466,0.3443553464436525,1.0015380365632742,0.9761083531715524,0.34079026688231234,0.4757093456711117,0.19957269624728813
2867,0.6574859391420134,0.34120488954243294,1.0142731959668017,0.345507078355121,1.0018275692442364,0.9751172126582144,0.3412232284821259,0.4762319874442702,0.20058700977820437
2868,0.6573583045993361,0.3411587465994322,1.0140267904055789,0.34665867293318336,1.0021174204293515,0.9741267303890654,0.34165630000384317,0.47675540230629276,0.20078097562524702
2869,0.6572307388446932,0.3411129418434107,1.013780331526895,0.3478101248917505,1.0024075870446176,0.9731369056865984,0.34208947875135837,0.4772795847523818,0.20097615563709065
2870,0.6571032376185703,0.3410674701319529,1.0135338161392857,0.3489614289533424,1.0026980660181493,0.9721477378701093,0.3425227620363676,0.4778045292796283,0.20117254647236357
2871,0.6569757966671389,0.34102232632526125,1.0132872410583686,0.3501125798491688,1.0029888542802379,0.9711592262557152,0.34295614717840395,0.47833023038712574,0.20137014477762236
2872,0.6568484117423335,0.34097750528624876,1.013040603106909,0.35126357231922173,1.0032799487634185,0.9701713701563586,0.34338963150487806,0.47885668257609043,0.2015689471873989
2873,0.6567210786019272,0.34093300188063164,1.0127938991148797,0.352414401112361,1.003571346402531,0.9691841688818221,0.34382321235111496,0.4793838803499776,0.20176895032424938
2874,0.6565937930096081,0.3408888109770211,1.0125471259195273,0.35356506098639867,1.003863044134783,0.9681976217387401,0.3442568870603906,0.4799118182145971,0.20197015079880096
2875,0.6564665507350556,0.34084492744701617,1.0123002803654346,0.3547155467081907,1.0041550388998157,0.9672117280306077,0.34469065298397245,0.48044049067823325,0.20217254520979946
2876,0.6563393475540146,0.340801346165294,1.0120533593045802,0.35586585305372004,1.0044473276397647,0.9662264870577941,0.3451245074811542,0.48096989225175873,0.20237613014415845
2877,0.656212179248373,0.3407580620097037,1.0118063595964057,0.35701597480818226,1.0047399072993228,0.9652418981175526,0.3455584479192943,0.48150001744875176,0.20258090217700506
2878,0.6560850416062362,0.3407150698613571,1.0115592781078748,0.35816590676607624,1.005032774825805,0.964257960504031,0.3459924716738537,0.4820308607856135,0.20278685787172993
2879,0.6559579304220019,0.3406723646047201,1.011312111713537,0.35931564373128444,1.0053259271692088,0.9632746735082847,0.3464265761284322,0.4825624167816824,0.2029939937800331
2880,0.6558308414964358,0.34062994112770495,1.011064857295589,0.36046518051716275,1.0056193612822781,0.9622920364182851,0.3468607586748054,0.48309467995935057,0.20320230644197346
2881,0.6557037706367468,0.3405877943217616,1.0108175117439362,0.36161451194662564,1.005913074120567,0.9613100485189331,0.3472950167129634,0.4836276448441812,0.20341179238601637
2882,0.6555767136566608,0.3405459190819683,1.0105700719562556,0.36276363285222796,1.006207062642499,0.9603287090920686,0.3477293476511442,0.4841613059650199,0.2036224481290805
2883,0.6554496663764963,0.3405043103071238,1.0103225348380562,0.3639125380762552,1.0065013238094322,0.9593480174164807,0.3481637489058742,0.48469565785411484,0.2038342701765881
2884,0.6553226246232382,0.3404629628998376,1.0100748973027407,0.36506122247080336,1.0067958545857212,0.9583679727679231,0.3485982179020018,0.4852306950472275,0.20404725502251042
2885,0.6551955842306122,0.3404218717666216,1.0098271562716659,0.366209680897868,1.0070906519387768,0.9573885744191186,0.3490327520727354,0.48576641208374993,0.20426139914941802
2886,0.655068541039159,0.34038103181798046,1.0095793086742044,0.36735790822942666,1.0073857128391317,0.9564098216397736,0.34946734885967956,0.4863028035068191,0.20447669902852783
2887,0.6549414908963082,0.3403404379685027,1.009331351447805,0.3685058993475211,1.0076810342604987,0.9554317136965909,0.3499020057128702,0.4868398638634295,0.20469315111975123
2888,0.6548144296564519,0.3403000851369512,1.0090832815380537,0.3696536491443463,1.0079766131798358,0.9544542498532745,0.3503367200908121,0.4873775877045494,0.2049107518717427
2889,0.6546873531810184,0.34025996824635346,1.0088350958987329,0.37080115252232837,1.0082724465774051,0.9534774293705479,0.35077148946051356,0.4879159695852332,0.20512949772194766
2890,0.6545602573385455,0.34022008222409206,1.0085867914918816,0.37194840439421284,1.0085685314368358,0.9525012515061595,0.35120631129752256,0.4884550040647354,0.20534938509665124
2891,0.6544331380047538,0.3401804220019954,1.008338365287857,0.373095399683147,1.0088648647451859,0.9499891503363064,0.35164118308596404,0.4889946857066254,0.20557041041102564
2892,0.6543059910626199,0.34014098251642744,1.008089814265392,0.3742421333227597,1.0091614434930016,0.9474264509300658,0.35207610231857245,0.4895350090788979,0.20579257006917961
2893,0.6541788124024487,0.3401017587083772,1.007841135411656,0.3753886002572495,1.009458264674381,0.9448664941885668,0.3525110664967301,0.49007596875408854,0.2060158604642058
2894,0.6540515979219467,0.3400627455235494,1.0075923257223143,0.37653479544146184,1.009755325287033,0.9423092764499855,0.35294607313050014,0.49061755930938417,0.20624027797822939
2895,0.6539243435262942,0.3400239379124539,1.0073433822015863,0.37768071384097646,1.0100526223323398,0.9397547940888155,0.3533811197386639,0.4911597753267377,0.20646581898245706
2896,0.6537970451282177,0.33998533083049515,1.0070943018623049,0.37882635043218743,1.0103501528154164,0.9372030435156834,0.3538162038487548,0.4917026113929789,0.2066924798372248
2897,0.6536696986480618,0.3399469192380615,1.006845081725976,0.37997170020238236,1.010647913745172,0.9346540211771637,0.3542513229970927,0.4922460620999255,0.20692025689204613
2898,0.6535423000138614,0.33990869810061486,1.006595718822835,0.3811167581498301,1.0109459021343703,0.9321077235555798,0.35468647472882076,0.4927901220444973,0.20714914648566168
2899,0.6534148451614133,0.33987066238877994,1.0063462101919072,0.38223147941057267,1.0112190289077585,0.9296436275214967,0.3551217446472551,0.4933348738781422,0.20737914494608642
2900,0.6532873300343482,0.33983280707843283,1.0060965528810646,0.382339599639373,1.010651950496198,0.9298436983531869,0.3555599919181104,0.4938831738111384,0.207610248590659
2901,0.6531597505842011,0.33979512715078997,1.005846743947084,0.3824474840769968,1.0100850078076653,0.930044265712566,0.3559982644610621,0.49443206680423335,0.20784245372609014
2902,0.6530321027704835,0.3397576175924972,1.0055967804557053,0.38255512775871436,1.0095181978799541,0.930245330995123,0.35643655985688694,0.49498154747586015,0.20807575664851105
2903,0.6529043825607539,0.339720273395718,1.0053466594816878,0.382662525730155,1.0089515177562067,0.9304468955966991,0.35687487569535636,0.49553161045010724,0.20831015364352232
2904,0.6527765859306888,0.3396830895582222,1.0050963781088689,0.3827696730473872,1.0083849644849754,0.9306489609134844,0.3573132095752701,0.4960822503568279,0.208545640986242
2905,0.6526487088641527,0.33964606108347395,1.004845933430219,0.38287656477699894,1.007818535120281,0.9308515283420044,0.35775155910449047,0.4966334618317506,0.20878221494135513
2906,0.6525207473532693,0.33960918298071996,1.004595322547901,0.38298319599617736,1.0072522267216728,0.9310545992791182,0.35818992189997667,0.4971852395165888,0.20901987176316167
2907,0.6523926973984914,0.33957245026507765,1.0043445425733242,0.38308956179278814,1.006686036354289,0.9312581751220057,0.35862829558781706,0.4977375780591487,0.2092586076956257
2908,0.6522645550086708,0.3395358579576229,1.004093590627203,0.3831956572654554,1.0061199610889133,0.9314622572681659,0.3590666778032653,0.4982904721134409,0.20949841897242366
2909,0.6521363162011283,0.33949940108547766,1.0038424638396122,0.38330147752363963,1.0055539980020374,0.9316668471154042,0.3595050661907707,0.4988439163397861,0.20973930181699366
2910,0.6520079770017231,0.3394630746818972,1.0035911593500413,0.38340701768771784,1.0049881441759154,0.9318719460618271,0.35994345840401454,0.49939790540492585,0.20998125244258392
2911,0.651879533444922,0.3394268737863576,1.003339674307453,0.3835122728890611,1.0044223966986268,0.9320775555058344,0.36038185210594126,0.49995243398212946,0.21022426705230163
2912,0.6517509815738693,0.3393907934446434,1.003088005870337,0.38361723827011357,1.0038567526641322,0.9322836768461118,0.3608202449687923,0.5005074967513019,0.21046834183916172
2913,0.6516223174404557,0.33935482870893446,1.0028361512067658,0.3837219089844708,1.0032912091723334,0.9324903114816213,0.3612586346741402,0.501063088399093,0.2107134729861363
2914,0.6514935371053858,0.33931897463789157,1.0025841074944493,0.383826280196956,1.00272576332913,0.932697460811596,0.3616970189129188,0.5016192036190011,0.21095965666620212
2915,0.6513646366382482,0.3392832262967448,1.00233187192079,0.38393034708369983,1.002160412246478,0.9324052906871033,0.3621353953854586,0.502175837111484,0.211206889042391
2916,0.6512356121175832,0.3392475787573792,1.0020794416829377,0.38403410483221684,1.001595153042448,0.9317009075038813,0.36257376180151857,0.5027329835840637,0.21145516626783853
2917,0.6511064596309516,0.33921202709842163,1.0018268139878446,0.38413754864148225,1.0010299828412843,0.9309970836837799,0.3630121158803181,0.5032906377514323,0.21170448448583123
2918,0.6509771752750011,0.33917656640532584,1.0015739860523163,0.3842406737220092,1.0004648987734575,0.9302938187468347,0.3634504553505699,0.5038487943355591,0.2119548398298581
2919,0.6508477551555361,0.33914119177046004,1.0013209551030706,0.3843434752959257,0.9998998979757281,0.9295911122107345,0.363888777950512,0.5044074480657956,0.21220622842365783
2920,0.6507181953875832,0.339105898293191,1.001067718376787,0.3844459485970502,0.9993349775911992,0.9288889635908266,0.36432708142794035,0.5049665936789818,0.21245864638126818
2921,0.6505884920954605,0.33907068107997135,1.0008142731201626,0.38454808887096914,0.9987701347693754,0.9281873724001263,0.36476536354024086,0.505526225919551,0.21271208980707584
2922,0.6504586414128427,0.3390355352444234,1.000560616589964,0.38464989137511063,0.9982053666662192,0.927486338149323,0.3652036220544196,0.5060863395396329,0.21296655479586374
2923,0.6503286394828294,0.3390004559074259,1.0003067460530808,0.38475135137882244,0.9976406704442071,0.92678586034679,0.3656418547471375,0.5066469292991616,0.21322203743286217
2924,0.6501984824580115,0.33896543819719854,1.0000526587865792,0.38485246416344615,0.9970760432723882,0.9260859384985916,0.36608005940473953,0.507207989965976,0.21347853379379558
2925,0.6500681665005373,0.33893047724938674,0.9997983520777534,0.38495322502239265,0.9965114823264374,0.92538657210849,0.3665182338232879,0.5077695163159271,0.21373603994493373
2926,0.6499376877821784,0.33889556820714595,0.9995438232241772,0.3850536292612163,0.995946984788713,0.9246877606779542,0.3669563758085918,0.5083315031329789,0.21399455194314032
2927,0.6498070424843968,0.3388607062212274,0.9992890695337588,0.3851536721976904,0.9953825478483138,0.923989503706169,0.3673944831762401,0.5088939452093122,0.2142540658359201
2928,0.6496762267984095,0.33882588645006134,0.9990340883247897,0.3852533491618815,0.9948181687011326,0.9232918006900396,0.36783255375163215,0.5094568373454289,0.2145145776614713
2929,0.649545236925255,0.338791104059842,0.9987788769259984,0.38535265549622283,0.9942538445499136,0.9225946511242021,0.36827058537000773,0.5100201743502524,0.21477608344873236
2930,0.6494140690758577,0.3387563542246106,0.9985234326766005,0.3854515865555884,0.9936895726043071,0.9218980545010312,0.36870857587647976,0.5105839510412316,0.21503857921743183
2931,0.6492827194710937,0.3387216321263403,0.9982677529263497,0.3855501377073675,0.9931253500809236,0.9212020103106449,0.3691465231260641,0.511148162244442,0.2153020609781379
2932,0.6491511843418557,0.3386869329550193,0.9980118350355905,0.38564830433153635,0.9925611742033917,0.9205065180409172,0.3695844249837097,0.5117128027946869,0.21556652473230678
2933,0.6490194599291166,0.3386522519087332,0.9977556763753064,0.38574608182073217,0.9919970422024096,0.9198115771774811,0.3700222793243298,0.512277867535599,0.21583196647233288
2934,0.6488875424839956,0.3386175841937503,0.9974992743271719,0.3858434655803261,0.9914329513158017,0.9191171872037384,0.37046008403283326,0.5128433513197425,0.21609838218159774
2935,0.6487554282678208,0.33858292502460274,0.9972426262836023,0.385940451028495,0.9908688987885734,0.9184233476008687,0.3708978370041523,0.5134092490087101,0.2163657678345182
2936,0.6486231135521942,0.3385482696241702,0.9969857296478031,0.3860370335962944,0.9903048818729638,0.9177300578478339,0.37133553614327525,0.5139755554732275,0.21663411939659774
2937,0.6484905946190543,0.3385136132237619,0.9967285818338203,0.3861332087277292,0.9897408978285009,0.917037317421389,0.3717731793652746,0.5145422655932493,0.2169034328244735
2938,0.6483578677607412,0.3384789510631999,0.9964711802665893,0.38622897187982763,0.9891769439220555,0.9163451257960874,0.3722107645953385,0.5151093742580617,0.21717370406596762
2939,0.6482249292800584,0.33844427839090047,0.996213522381985,0.38632431852271015,0.9886130174278935,0.9156534824442886,0.3726482897688002,0.5156768763663802,0.2174449290601349
2940,0.6480917754903363,0.33840959046395624,0.9959556056268692,0.38641924413966233,0.9880491156277325,0.9149623868361682,0.373085752831166,0.5162447668264468,0.21771710373731312
2941,0.6479584027154948,0.33837488254821796,0.9956974274591406,0.3865137442272044,0.9874852358107906,0.9142718384397225,0.3735231517381473,0.5168130405561315,0.21799022401917192
2942,0.6478248072901067,0.33834014991837674,0.9954389853477827,0.3866078142951637,0.9869213752738448,0.9135818367207782,0.37396048445568825,0.517381692483028,0.21826428581876234
2943,0.6476909855594585,0.3383053878580437,0.9951802767729119,0.3867014498667425,0.9863575313212793,0.9128923811429989,0.37439774895999545,0.5179507175445521,0.2185392850405663
2944,0.6475569338796137,0.3382705916598335,0.9949212992258252,0.38679464647859046,0.9857937012651401,0.9122034711678912,0.37483494323756833,0.5185201106880399,0.21881521758054545
2945,0.647422648617474,0.33823575662544286,0.9946620502090491,0.3868873996808728,0.9852298824251893,0.9115151062548168,0.3752720652852255,0.5190898668708422,0.2190920793261906
2946,0.6472881261508412,0.3382008780657331,0.9944025272363852,0.3869797050373402,0.9846660721289533,0.9108272858609936,0.37570911311013694,0.5196599810604249,0.21936986615657225
2947,0.6471533628684777,0.3381659513008092,0.9941427278329589,0.3870715581253978,0.9841022677117794,0.9101400094415094,0.37614608472984906,0.5202304482344604,0.2196485739423882
2948,0.647018355170169,0.33813097166010136,0.9938826495352652,0.3871629545361754,0.9835384665168845,0.9094532764493235,0.37658297817231734,0.5208012633809285,0.21992819854601445
2949,0.6468830994667829,0.3380959344824437,0.9936222898912157,0.3872538898745932,0.9829746658954076,0.9087670863352791,0.37701979147593184,0.5213724214982081,0.22020873582155373
2950,0.6467475921803318,0.3380608351161559,0.9933616464601862,0.38734435975943415,0.9824108632064635,0.9080814385481081,0.37745652268954694,0.521943917595174,0.2204901816148855
2951,0.6466118297440313,0.3380256689191206,0.9931007168130603,0.38743435982340785,0.9818470558171903,0.9073963325344384,0.3778931698725093,0.5225157466912912,0.2207725317637149
2952,0.6464758086023612,0.33799043125886424,0.9928394985322775,0.3875238857132212,0.9812832411028036,0.9067117677388021,0.3783297310946853,0.5230879038167082,0.22105578209762236
2953,0.6463395252111258,0.33795511751263607,0.9925779892118781,0.387612933089645,0.9807194164466468,0.9060277436036438,0.378766204436491,0.5236603840123537,0.22133992843811368
2954,0.646202976037512,0.3379197230674863,0.9923161864575478,0.3877014976275803,0.9801555792402394,0.9053442595693234,0.3792025879889181,0.524233182330027,0.22162496659866812
2955,0.6460661575601506,0.337884243320346,0.992054087886665,0.3877895750161272,0.979591726883333,0.9046613150741305,0.3796388798535622,0.5248062938324931,0.22191089238478948
2956,0.645929066269173,0.33784867367810406,0.9917916911283418,0.3878771609586488,0.9790278567839534,0.903978909554285,0.38007507814265123,0.5253797135935747,0.2221977015940545
2957,0.6457916986662728,0.33781300955768734,0.9915289938234735,0.38796425117284067,0.9784639663584602,0.9032970424439487,0.3805111809790719,0.5259534366982447,0.22248539001616222
2958,0.6456540512647616,0.3377772463861365,0.9912659936247783,0.38805084139079354,0.9779000530315883,0.9026157131752307,0.38094718649639764,0.5265274582427184,0.2227739534329848
2959,0.645516120589629,0.33774137960068507,0.9910026881968443,0.3881369273590616,0.9773361142365022,0.9019349211781938,0.38138309283891597,0.5271017733345453,0.22306338761861594
2960,0.6453779031776006,0.337705404648837,0.9907390752161722,0.3882225048387268,0.9767721474148456,0.9012546658808654,0.3818188981616551,0.527676377092699,0.22335368833941976
2961,0.6452393955771945,0.33766931698844327,0.9904751523712183,0.38830756960546353,0.9762081500167866,0.9005749467092393,0.3822546006304114,0.5282512646476697,0.2236448513540824
2962,0.6451005943487809,0.33763311208777974,0.99021091736244,0.388392117449605,0.9756441195010732,0.8998957630872882,0.38269019842177604,0.5288264311415536,0.22393687241365953
2963,0.6449614960646372,0.3375967854256232,0.9899463679023356,0.3884761441762059,0.9750800533350749,0.8992171144369662,0.38312568972316186,0.5294018717281429,0.2242297472616269
2964,0.6448220973090065,0.3375603324913285,0.989681501715489,0.3885596456051081,0.9745159489948365,0.8985390001782192,0.3835610727328304,0.5299775815730166,0.22452347163393016
2965,0.6446823946781538,0.3375237487849041,0.9894163165386121,0.38864261757100343,0.9739518039651254,0.8978614197289915,0.3839963456599167,0.5305535558536267,0.22481804125903293
2966,0.6445423847804227,0.3374870298170895,0.9891508101205866,0.38872505592349843,0.9733876157394776,0.8971843725052302,0.3844315067244584,0.5311297897593916,0.22511345185796874
2967,0.6444020642362909,0.3374501711094293,0.9888849802225055,0.3888069565271764,0.9728233818202487,0.896507857920897,0.3848665541574189,0.5317062784917791,0.22540969914438783
2968,0.6442614296784273,0.33741316819435035,0.9886188246177157,0.3888883152616613,0.9722590997186593,0.8958318753879709,0.38530148620071625,0.5322830172643991,0.22570677882460902
2969,0.6441204777517466,0.3373760166152363,0.9883523410918582,0.3889691280216803,0.971694766954843,0.8951564243164574,0.3857363011072475,0.5328600013030885,0.22600468659766842
2970,0.6439792051134657,0.3373387119265026,0.9880855274429106,0.3890493907171263,0.9711303810578951,0.8944815041143941,0.3861709971409144,0.5334372258459983,0.2263034181553681
2971,0.6438376084331581,0.33730124969367165,0.9878183814812265,0.38912909927311895,0.9705659395659176,0.8938071141878607,0.3866055725766506,0.534014686143682,0.22660296918232745
2972,0.6436956843928086,0.337263625493447,0.9875509010295765,0.38936755712657434,0.9707227372417067,0.8939974715572189,0.3859358340959783,0.5334881858547127,0.22690333535603138
2973,0.6435534296868696,0.33722583491378894,0.98728308392319,0.3897212715889352,0.9714020405037943,0.8948146794782484,0.3844654326871997,0.5321613729459355,0.22720451234688074
2974,0.6434108410223126,0.33718787355398594,0.987014928009792,0.39007482576239816,0.9720808071925916,0.8956321184835726,0.38299490557172905,0.530834781618859,0.2275064958182414
2975,0.6432679151186853,0.3371497370247314,0.9867464311496462,0.39042821526127847,0.9727590353170822,0.8964497900351442,0.3815242510688799,0.5295084071745026,0.22780928142649384
2976,0.643124648708163,0.3371114209481951,0.986477591215592,0.3907814357095653,0.9734367229023266,0.8972676955943587,0.38005346750911934,0.5281822449267108,0.22811286482108364
2977,0.6429810385356032,0.3370729209580972,0.9862084060930847,0.39113448274098556,0.9741138679894998,0.8980858366220481,0.3785825532341002,0.5268562902022432,0.22841724164456903
2978,0.6428370813585995,0.3370342326997823,0.985938873680235,0.39148735199907214,0.9747904686359343,0.8989042145784766,0.377111506596681,0.5255305383408554,0.22872240753267362
2979,0.6426927739475324,0.3369953518302895,0.9856689918878454,0.39184003913722504,0.9754665229151549,0.8997228309233369,0.375640325960951,0.5242049846953808,0.22902835811433292
2980,0.6425481130856252,0.33695627401842826,0.9853987586394521,0.3921925398187787,0.9761420289169196,0.9005416871157427,0.37416900970225947,0.5228796246318198,0.22933508901174612
2981,0.6424030955689928,0.33691699494484767,0.9851281718713587,0.3925448497170657,0.9768169847472588,0.9013607846142293,0.37269755620723277,0.5215544535294132,0.22964259584042412
2982,0.6422577182066971,0.3368775103021107,0.9848572295326783,0.3928969645154808,0.9774913885285106,0.9021801248767422,0.3712259638738061,0.5202294667807333,0.22995087420924054
2983,0.6421119778207965,0.3368378157947643,0.984585929585367,0.39324887990754503,0.9781652383993609,0.9029997093606381,0.36975423111124134,0.5189046597917583,0.23025991972048063
2984,0.6419658712463991,0.3367979071394116,0.9843142700042645,0.3936005915969701,0.9788385325148814,0.9038195395226791,0.3682823563401537,0.5175800279819562,0.23056972796989122
2985,0.641819395331713,0.33675778006478296,0.9840422487771292,0.3939520952977207,0.9795112690465624,0.9046396168190228,0.3668103379925385,0.5162555667843681,0.23088029454672923
2986,0.6416725469380968,0.3367174303118062,0.9837698639046741,0.3943033867340784,0.9801834461823543,0.9054599427052269,0.3653381745117879,0.5149312716456823,0.23119161503381333
2987,0.641525322940113,0.33667685363367883,0.9834971134006059,0.3946544616407055,0.9808550621267009,0.9062805186362358,0.36386586435272306,0.5136071380263215,0.23150368500757182
2988,0.641377720225575,0.3366360457959364,0.9832239952916585,0.39500531576270675,0.9815261151005772,0.9071013460663807,0.3623934059816103,0.5122831614005157,0.23181650003809276
2989,0.6412297356955999,0.3365950025765243,0.9829505076176297,0.3953559448556929,0.9821966033415248,0.9079224264493754,0.36092079787618775,0.510959337256384,0.23213005568917439
2990,0.6410813662646567,0.33655371976586573,0.9826766484314169,0.395706344685841,0.982866525103685,0.9081830019424946,0.35944803852568996,0.5096356610960144,0.23244434751837326
2991,0.6409326088606175,0.3365121931669337,0.9824024157990524,0.3960565110299602,0.9835358786578376,0.9062201553320651,0.35797512643086804,0.5083121284355392,0.23275937107705524
2992,0.6407834604248049,0.33647041859531746,0.9821278077997373,0.39640643967555006,0.9842046622914331,0.9042618540312627,0.3565020601040128,0.5069887348052126,0.23307512191044494
2993,0.6406339179120426,0.336428391879293,0.9818528225258776,0.39675612642086305,0.9848728743086261,0.9023080802739004,0.35502883806898156,0.5056654757494911,0.23339159555767372
2994,0.6404839782907036,0.3363861088598921,0.9815774580831174,0.3971055670749681,0.985540513030313,0.9003588164129736,0.353555458861215,0.5043423468271058,0.23370878755183228
2995,0.6403336385427586,0.33634356539096955,0.9813017125903738,0.39745475745780867,0.9862075767941616,0.8984140449198251,0.35208192102776525,0.5030193436111428,0.2340266934200175
2996,0.6401828956638241,0.3363007573392719,0.9810255841798701,0.3978036934002657,0.9868740639546472,0.8964737483833014,0.35060822312731377,0.5016964616891147,0.23434530868338355
2997,0.6400317466632104,0.3362576805845051,0.9807490709971689,0.3981523707442176,0.987539972883084,0.8945379095089248,0.34913436373019535,0.5003736966630384,0.23466462885719155
2998,0.6398801885639697,0.3362143310194024,0.9804721712012076,0.39850078534260064,0.988205301967659,0.892606511118071,0.34766034141842356,0.49905104414951196,0.23498464945085806
2999,0.6397282184029418,0.33617070454979064,0.9801948829643272,0.3988489330594691,0.9888700496134629,0.8906795361471468,0.34618615478570547,0.4977284997797824,0.235305365968006
3000,0.6395758332308032,0.33612679709465826,0.9799172044723092,0.39919680977005484,0.9895342142425227,0.8887569676467855,0.344711802437472,0.49640605919982833,0.235626773906514
3001,0.6394230301121124,0.3360826045862214,0.9796391339244054,0.399544411360828,0.9901977942938338,0.8868387887810372,0.3432372829908925,0.4950837180704253,0.23594886875856502
3002,0.6392698061253566,0.33603812296999047,0.9793606695333701,0.3998917337295558,0.9908607882233911,0.88492498282657,0.34176259507489976,0.4937614720672232,0.23627164601069775
3003,0.6391161583629977,0.33599334820483556,0.9790818095254927,0.40023877278536063,0.9915231945042181,0.8830155331718833,0.34028773733021295,0.4924393168808194,0.23659510114385418
3004,0.6389620839315188,0.33594827626305346,0.9788025521406286,0.400585524448781,0.9921850116264004,0.8811104233165169,0.3388127084093544,0.4911172482168267,0.23691922963343107
3005,0.6388075799514692,0.335902903130432,0.978522895632231,0.40093198465182883,0.992846238097114,0.8792096368702725,0.3373375069766766,0.48979526179595045,0.23724402694932817
3006,0.6386526435575091,0.3358572248063156,0.9782428382673801,0.4012781493380478,0.993506872440655,0.8773131575524407,0.33586213170837753,0.4884733533540541,0.2375694885559987
3007,0.638497271898456,0.3358112373036707,0.9779623783268159,0.4016240144625729,0.9941669131984714,0.8754209691910314,0.3343865812925248,0.4871515186422332,0.23515533373996478
3008,0.6383414621373278,0.33576493664914925,0.9776815141049668,0.4019695759921859,0.9948263589291884,0.8735330557220166,0.3329108544290779,0.4858297534268864,0.23274138567839178
3009,0.6381852114513881,0.3357183188831542,0.9774002439099803,0.4023148299053758,0.9954852082086416,0.8716494011885666,0.33143494982990385,0.4845080534897805,0.23033704127792004
3010,0.6380285170321898,0.3356713800599023,0.977118566063752,0.40265977219239363,0.9961434596299013,0.8697699897403086,0.3299588662188037,0.4831864146281257,0.2279422445550399
3011,0.6378713760856188,0.33562411624748867,0.9768364789019564,0.403004398855311,0.9968011118033038,0.867894805632577,0.32848260233152793,0.4818648326546395,0.22555693995494325
3012,0.6377137858319379,0.3355765235279499,0.9765539807740736,0.4033487059080774,0.9974581633564785,0.8660238332256723,0.3270061569157987,0.4805433033976164,0.22318107234748716
3013,0.6375557435058298,0.3355285979973269,0.9762710700434216,0.4036926893765751,0.9981146129343736,0.8641570569841381,0.32552952873133245,0.47922182270099867,0.22081458702320328
3014,0.637397246356439,0.3354803357657283,0.9759877450871806,0.40403634529867727,0.9987704591992852,0.8622944614760223,0.324052716549854,0.4779003864244376,0.21845742968933762
3015,0.6372382916474159,0.3354317329573917,0.9757040042964245,0.4043796697243021,0.9994257008308826,0.8604360313721636,0.3225757191551235,0.47657899044336727,0.21610954646595817
3016,0.6370788766569578,0.3353827857107475,0.9754198460761473,0.4047226587154714,1.000080336526236,0.858581751445469,0.3210985353429497,0.47525763064906484,0.21377088388208093
3017,0.6369189986778513,0.335333490178479,0.9751352688452908,0.40506530834636345,1.000734364999842,0.8567316065702069,0.3196211639212125,0.47393630294871925,0.2114413888718584
3018,0.6367586550175136,0.3352838425275851,0.9748502710367719,0.4054076147033688,1.0013877849836472,0.8548855817213017,0.31814360370988404,0.47261500326549805,0.2091210087708061
3019,0.6365978429980347,0.3352338389394414,0.9745648510975102,0.4057495738851476,1.0020405952270783,0.8530436619736286,0.3166658535410441,0.47129372753860854,0.20680969131206095
3020,0.636436559956217,0.33518347560986056,0.9742790074884538,0.40609118200268074,1.0026927944970616,0.8512058325013261,0.31518791225890314,0.4699724717233662,0.20450738462269902
3021,0.6362748032436175,0.33513274874915355,0.9739927386846063,0.4064324351793275,1.0033443815780514,0.8493720785771,0.3137097787198182,0.4686512317912555,0.2022140372200765
3022,0.6361125702265866,0.3350816545821891,0.973706043175052,0.4067733295508781,1.0039953552720529,0.8475423855715396,0.3122314517923119,0.4673300037299931,0.1999295980082218
3023,0.6359498582863098,0.3350301893484546,0.9734189194629833,0.40711386126560756,1.0046457143986454,0.8457167389524438,0.31075293035709534,0.4660087835435956,0.19765401627427093
3024,0.6357866648188463,0.33497834930211506,0.9731313660657246,0.40745402648433077,1.0052954577950082,0.8438951242841377,0.30927421330708027,0.46468756725243526,0.1953872416849262
3025,0.635622987235169,0.33492613071207306,0.9728433815147584,0.40779382138045395,1.00594458431594,0.8420775272268132,0.30779529954740414,0.46336635089330797,0.19312922428297413
3026,0.635458822961203,0.33487352986202656,0.972554964355749,0.4081332421400295,1.0065930928338858,0.8402639335358545,0.3063161879954422,0.46204513051948976,0.19087991448382444
3027,0.635294169437866,0.3348205430505297,0.9722661131485688,0.40847228496180876,1.0072409822389572,0.8384543290611847,0.30483687758082956,0.46072390220080084,0.18863926307209664
3028,0.6351290241211048,0.33476716659104866,0.9719768264673216,0.4088109460572927,1.0078882514389533,0.836648699746613,0.3033573672454795,0.45940266202366653,0.18640722119824646
3029,0.6349633844819348,0.3347133968120215,0.9716871029003656,0.40914922165078677,1.008534899359386,0.8348470316291767,0.30187765594359767,0.45808140609117365,0.18418374037521568
3030,0.6347972480064782,0.3346592300569158,0.9713969410503398,0.4094871079794517,1.0091809249434975,0.8330493108385061,0.3003977426417054,0.4567601305231357,0.1819687724751367
3031,0.6346306121959996,0.33460466268428407,0.9711063395341835,0.4098246012933543,1.0098263271522843,0.8312555235961763,0.2989176263186508,0.45543883145614505,0.17976226972605586
3032,0.6344634745669463,0.3345496910678241,0.9708152969831632,0.4101616978555222,1.010471104964517,0.8294656562150738,0.2974373059656309,0.45411750504363657,0.177564184708703
3033,0.6342958326509825,0.3344943115964329,0.9705238120428924,0.410498393941991,1.0111152573767586,0.8276796950987703,0.2959567805862089,0.4527961474559452,0.1753744703532979
3034,0.634127683995028,0.3344385206742647,0.9702318833733561,0.41083468584185867,1.0117587834033888,0.8258976267408867,0.2944760491963275,0.45147475488036026,0.17319307993637748
3035,0.6339590261612926,0.33438231472078594,0.9699395096489312,0.41117056985733347,1.0124016820766182,0.8241194377244824,0.29299511082433105,0.4501533235211862,0.17101996707767594
3036,0.6337898567273139,0.3343256901708319,0.9696466895584095,0.4115060423037866,1.0130439524465125,0.8223451147214281,0.2915139645109776,0.44883184959979616,0.16885508573702168
3037,0.6336201732859921,0.334268643474662,0.9693534218050185,0.41184109950980163,1.0136855935810085,0.8205746444917978,0.290032609309458,0.44751032935468915,0.16669839021127766
3038,0.6334499734456255,0.3342111710980145,0.9690597051064436,0.41217573781722294,1.0143266045659325,0.8188080138832633,0.2885510442854144,0.44618875904154776,0.16454983513131638
3039,0.6332792548299456,0.3341532695221616,0.9687655381948477,0.4125099535812078,1.0149669845050213,0.817045209830481,0.2870692685169517,0.4448671349332882,0.1624093754590139
3040,0.6331080150781521,0.334094935243964,0.9684709198168924,0.41284374317027345,1.0156067325199354,0.8152862193545026,0.2855872810946594,0.4435454533201204,0.1602769664842945
3041,0.6329362518449471,0.33403616477592474,0.9681758487337588,0.41317710296634785,1.016245847750281,0.813531029562172,0.2841050811216236,0.44222371050959786,0.15815256382219056
3042,0.6327639628005689,0.33397695464624294,0.9678803237211662,0.4135100293648171,1.0168843293536247,0.8117796276455364,0.28262266771344363,0.44090190282667174,0.15603612340994233
3043,0.6325911456308262,0.33391730139886683,0.9675843435693928,0.4138425187745738,1.0175221765055096,0.8100320008812619,0.28114003999825105,0.43958002661374707,0.15392760150413215
3044,0.6324177980371322,0.3338572015935486,0.9672879070832953,0.4139130109307661,1.0177705643800272,0.8091301124720028,0.2799515254626435,0.43855240657665345,0.15232018525812194
3045,0.6322439177365359,0.33379665180589463,0.9669910130823259,0.4122391236488552,1.0154264174809473,0.8138610098461173,0.2807249838867528,0.43948689971974947,0.15400769296091016
3046,0.6320695024617574,0.3337356486274202,0.9666936604005542,0.41056439277108764,1.0130820956663051,0.8186239437234215,0.28149822546357595,0.44042131346528945,0.15570107358885396
3047,0.6318945499612179,0.3336741886655997,0.9663958478866821,0.40888881546529693,1.0107375973618726,0.8234192326164828,0.28227124937151826,0.4413556442260032,0.15740035630076338
3048,0.6317190579990744,0.33361226854392034,0.9660975744040659,0.4072123889186968,1.0083929210049112,0.8282471992151231,0.2830440548015919,0.44228988843232897,0.15910557045611481
3049,0.6315430243552492,0.33354988490193127,0.9657988388307299,0.4055351103379101,1.0060480650441905,0.8331081704552754,0.2838166409574314,0.44322404253246445,0.16081674561673662
3050,0.6313664468254632,0.33348703439529664,0.9654996400593867,0.40385697694900835,1.0037030279400196,0.83800247758919,0.2845890070553084,0.4441581029924161,0.1625339115485021
3051,0.6311893232212662,0.333423713695845,0.9651999769974537,0.4021779859975497,1.0013578081642773,0.8429304562570332,0.2853611523241444,0.4450920662960461,0.16425709822304183
3052,0.6310116513700683,0.3333599194916208,0.9648998485670695,0.40049813474860774,0.9990124042004281,0.847892446559952,0.2861330760055289,0.4460259289451243,0.16598633581947853
3053,0.6308334291151705,0.33329564848693355,0.9645992537051112,0.39881742048681296,0.9966668145435592,0.8528887931345553,0.28690477735372993,0.44695968745937237,0.16772165472616982
3054,0.6306546543157939,0.33323089740240724,0.9642981913632096,0.39713584051638046,0.9943210377003973,0.8579198452289388,0.2876762556357108,0.447893338376514,0.16946308554247888
3055,0.6304753248471116,0.33316566297503114,0.9639966605077663,0.3954533921611479,0.9919750721893372,0.8629859567802186,0.2884475101311442,0.4488268782523216,0.17121065908055502
3056,0.630295438600276,0.33309994195820697,0.9636946601199683,0.3937700727646096,0.989628916540471,0.8680874864936312,0.2892185401324231,0.4497603036606594,0.17296440636713226
3057,0.6301149934824504,0.333033731121799,0.9633921891958039,0.3920858796899457,0.9872825692956035,0.8732247979232756,0.28998934494467926,0.4506936111935349,0.17472435864535538
3058,0.6299339874168363,0.33296702725218164,0.9630892467460781,0.39040081032006047,0.9849360290082885,0.8783982595544519,0.2907599238857922,0.4516267974611383,0.1764905473766089
3059,0.6297524183427025,0.33289982715228744,0.962785831796426,0.38871486205760913,0.9825892942438412,0.8836082448877367,0.29153027628640604,0.4525598590918921,0.17826300424238126
3060,0.6295702842154135,0.33283212764165493,0.9624819433873277,0.3870280323250322,0.9802423635793684,0.8888551325247493,0.2923004014899415,0.4534927927324934,0.18004176114613615
3061,0.6293875830064576,0.33276392555647516,0.9621775805741236,0.38534031856459006,0.9778952356037958,0.8941393062556867,0.2930702988526077,0.4544255950479561,0.18182685021520484
3062,0.6292043127034744,0.33269521774964006,0.9618727424270259,0.38365171823838845,0.9755479089178813,0.899461155148701,0.2938399677434189,0.45535826272165886,0.1836183038027054
3063,0.6290204713102823,0.33262600109078716,0.9615674280311344,0.3819622288284154,0.9732003821342496,0.9048210736410844,0.2946094075442022,0.45629079245538184,0.18541615448946785
3064,0.6288360568469049,0.3325562724663473,0.9612616364864474,0.3802718478365663,0.9708526538774052,0.9102194616323983,0.29537861764961515,0.4572231809693544,0.18722043508599437
3065,0.6286510673495983,0.33248602877958916,0.9609553669078756,0.37858057278467677,0.9685047227837591,0.9156567245795149,0.2961475974671558,0.4581554250022942,0.1890311786344291
3066,0.6284655008708779,0.3324152669506666,0.9606486184252558,0.37688840121455525,0.966156587501656,0.9211332735936579,0.2969163464171746,0.459087521311448,0.1908484184105472
3067,0.6282793554795425,0.332343983916661,0.96034139018336,0.37519533068800454,0.9638082466913855,0.9266495255395107,0.2976848639328883,0.4600194666726341,0.1926721879257765
3068,0.6280926292607023,0.3322721766316286,0.9600336813419101,0.37350135878686047,0.9614596990252158,0.932205903136371,0.29845314946039014,0.4609512578802805,0.19450252092922313
3069,0.6279053203158029,0.332199842066644,0.9597254910755882,0.3718064831130127,0.9591109431874056,0.9359051076269586,0.2992212024586642,0.46188289174746733,0.19633945140973377
3070,0.6277174267626501,0.3321269772098432,0.9594168185740475,0.3701107012884352,0.9567619778742287,0.9352156497703967,0.2999890223995949,0.4628143651059637,0.19818301359796936
3071,0.6275289467354364,0.3320535790664696,0.959107663041925,0.3684140109552192,0.954412801794,0.9345267111946893,0.3007566087679796,0.46374567480626677,0.20003324196849998
3072,0.6273398783847625,0.3319796446589145,0.958798023698849,0.36671640977559145,0.9520634136670862,0.9338382910661309,0.30152396106154017,0.46467681771764124,0.2018901712419322
3073,0.6271502198776644,0.3319051710267626,0.9584878997794533,0.3650178954319508,0.9497138122259372,0.9331503885495116,0.3022910787909335,0.46560779072815495,0.20375383638704261
3074,0.6269599693976345,0.33183015522683273,0.9581772905333833,0.36331846562688713,0.9473639962150961,0.9324630028081184,0.3030579614797635,0.46653859074471776,0.2056242726229491
3075,0.6267691251446471,0.33175459433322174,0.9578661952253086,0.36161811808321176,0.945013964391225,0.9317761330037456,0.3038246086645927,0.46746921469311814,0.20750151542129464
3076,0.6265776853351795,0.3316784854373446,0.9575546131349305,0.359916850543985,0.9426637155231258,0.9310897782966974,0.30459101989495,0.46839965951805657,0.20938560050845523
3077,0.6263856482022363,0.3316018256479773,0.9572425435569922,0.35821466077253605,0.940313248391753,0.9304039378457939,0.30535719473334544,0.46932992218318537,0.21127656386777818
3078,0.626193011995371,0.3315246120912978,0.956929985801287,0.35651154655249534,0.9379625617902415,0.9297186108083788,0.30612313275527714,0.4702599996711393,0.21317444174183178
3079,0.6259997749807079,0.33144684191092605,0.9566169391926662,0.3548075056878131,0.9356116545239167,0.929033796340322,0.3068888335492443,0.47118988898357395,0.21507927063469293
3080,0.6258059354409645,0.3313685122679653,0.9563034030710484,0.3531025360027865,0.9332605254103177,0.9283494935960277,0.3076542967167563,0.47211958714119806,0.2169910873142474
3081,0.6256114916754723,0.3312896203410418,0.9559893767914264,0.3513966353420863,0.9309091732792173,0.9276657017284391,0.30841952187234123,0.4730490911838054,0.2189099288145163
3082,0.6254164420001977,0.3312101633263442,0.9556748597238747,0.3496898015707742,0.9285575969726336,0.9269824198890433,0.30918450864355906,0.4739783981703114,0.2208358324380168
3083,0.625220784747764,0.33113013843766365,0.9553598512535572,0.3479820325743342,0.9262057953448566,0.926299647227879,0.30994925667100803,0.47490750517878183,0.22276883575813197
3084,0.6250245182674699,0.331049542906432,0.9550443507807331,0.34627332625868806,0.9238537672624557,0.9256173828935396,0.31071376560833636,0.47583640930646776,0.22470897662152206
3085,0.6248276409253105,0.3309683739817609,0.9547283577207641,0.34456368055022124,0.921501511604302,0.9249356260331794,0.3114780351222512,0.47676510766983565,0.22665629315055058
3086,0.6246301511039974,0.33088662893047915,0.9544118715041208,0.34285309339580755,0.9191490272615891,0.9242543757925213,0.31224206489252593,0.47769359740459677,0.22861082374573746
3087,0.6244320472029776,0.3308043050371722,0.9540948915763875,0.3411415627628249,0.9167963131378397,0.923573631315859,0.3130058546120129,0.47862187566574155,0.23057260708824695
3088,0.6242333276384524,0.33072139960421787,0.9537774173982694,0.33942908663918364,0.9144433681489326,0.9228933917460652,0.31376940398664815,0.4795499396275644,0.23254168214238818
3089,0.6240339908433968,0.330637909951825,0.9534594484455965,0.33771566303334183,0.9120901912231101,0.9222136562245951,0.3145327127354639,0.48047778648369804,0.23451808815815806
3090,0.6238340352675764,0.3305538334180684,0.9531409842093286,0.3360012899743271,0.9097367813009969,0.9215344238914926,0.3152957805905945,0.4814054134471391,0.23650186467380074
3091,0.6236334593775679,0.3304691673589275,0.9528220241955612,0.33428596551176243,0.9073831373356198,0.9208556938853969,0.3160586072972854,0.48233281775027637,0.23849305151839365
3092,0.6234322616567739,0.3303839091483201,0.9525025679255279,0.33256968771587625,0.9050292582924138,0.920177465343546,0.31682119261390296,0.4832599966449216,0.24049168881447608
3093,0.6232304406054424,0.33029805617813923,0.952182614935606,0.3308524546775319,0.9026751431492467,0.9194997374017837,0.3175835363119388,0.48418694740233187,0.24249781698068384
3094,0.6230279947406835,0.3302116058582888,0.9518621647773196,0.32913426450823935,0.9003207908964264,0.9155028782102004,0.31834563817602257,0.48511366731324185,0.24451147673443493
3095,0.6228249225964849,0.33012455561671683,0.9515412170173426,0.32741511534017625,0.8979662005367168,0.9098187744336962,0.3191074980039264,0.486040153687887,0.24653270909463107
3096,0.6226212227237302,0.33003690289945203,0.9512197712375028,0.3256950053262102,0.8956113710853578,0.904159993348867,0.31986911560657244,0.4869664038560281,0.24856155538438623
3097,0.622416893690213,0.3299486451706363,0.9508978270347832,0.3239739326399094,0.8932563015700687,0.8985263784580331,0.3206304908080424,0.48789241516698023,0.2505980572338007
3098,0.6222119340806537,0.3298597799125589,0.9505753840213254,0.3222518954755674,0.8909009910310719,0.8929177745957445,0.3213916234455814,0.48881818498963286,0.25264225658274575
3099,0.6220063424967145,0.3297703046256902,0.9502524418244314,0.32052889204821433,0.888545438521098,0.8873340279142778,0.32215251336960915,0.4897437107124786,0.2546941956836967
3100,0.6218001175570151,0.32968021682871484,0.9499290000865659,0.3188049205936373,0.8861896431054032,0.8817749858693574,0.32291316044372453,0.4906689897436349,0.2567539171045853
3101,0.6215932578971463,0.32958951405856335,0.9496050584653568,0.31707997936839755,0.8838336038617829,0.8762404972060561,0.32367356454471047,0.4915940195108644,0.2588214637316835
3102,0.621385762169685,0.32949819387044543,0.9492806166335974,0.31535406664984283,0.8814773198805801,0.870730411944854,0.32443372556254496,0.4925187974616033,0.260896878772532
3103,0.6211776290442081,0.32940625383788114,0.9489556742792464,0.3136271807361249,0.8791207902646981,0.8652445813679003,0.3251936434004041,0.49344332106297933,0.2629802057588854
3104,0.6209688572073061,0.3293136915527328,0.9486302311054284,0.31189931994621767,0.8767640141296181,0.8597828580054575,0.3259533179746679,0.49436758780183276,0.2650714885496952
3105,0.6207594453625969,0.32922050462523617,0.9483042868304357,0.31017048261992636,0.8744069906034019,0.8543450956224817,0.3267127492149303,0.4952915951847424,0.26717077133413614
3106,0.6205493922307379,0.32912669068403044,0.947977841187726,0.308440667117908,0.8720497188267116,0.848931149205426,0.3274719370639994,0.49621534073803963,0.26927809863464625
3107,0.6203386965494397,0.3290322473761898,0.9476508939259236,0.3067098718216805,0.8696921979528134,0.8435408749491624,0.32823088147790835,0.49713882200783416,0.27139351531002187
3108,0.6201273570734773,0.3289371723672518,0.9473234448088174,0.3049780951336382,0.8673344271475913,0.838174130244106,0.32898958242591786,0.49806203656003045,0.2734091322347216
3109,0.6199153725747037,0.32884146334124875,0.946995493615362,0.30324533547706883,0.8649764055895622,0.8328307736634973,0.32974803989052176,0.498984981980347,0.2737779482158825
3110,0.6197027418420595,0.32874511800073536,0.946667040139673,0.3015115912961588,0.8626181324698751,0.8275106649508178,0.33050625386745364,0.4999076558743364,0.2741469365911142
3111,0.6194894636815862,0.32864813406681875,0.9463380841910289,0.29977686105601486,0.8602596069923334,0.8222136650074113,0.3312642243656899,0.5008300558674007,0.274516092527672
3112,0.6192755369164358,0.32855050927918605,0.9460086255938671,0.29804114324266817,0.8579008283733947,0.8169396358802158,0.33202195140745644,0.5017521796048121,0.27488541119257787
3113,0.6190609603868819,0.32845224139613266,0.9456786641877815,0.2963044363630897,0.8555417958421832,0.8116884407496785,0.33277943502823254,0.5026740247517282,0.27525488775266727
3114,0.6188457329503306,0.3283533281945907,0.9453481998275213,0.29456673894520496,0.8531825086405036,0.8064599439178247,0.3335366752767544,0.5035955889932074,0.2756245173746377
3115,0.618629853481329,0.3282537674701543,0.945017232382986,0.29282804953789676,0.8508229660228404,0.8012540107964486,0.3342936722150209,0.5045168700342276,0.2759942952250985
3116,0.6184133208715774,0.3281535570371098,0.9446857617392252,0.2910883667110263,0.8484631672563767,0.7960705078954889,0.335050425918297,0.5054378655996992,0.276364216470617
3117,0.6181961340299351,0.3280526947284585,0.9443537877964319,0.2906965840162336,0.8478977003166706,0.7952868913275489,0.3339287273606271,0.5044803643199905,0.2767342762777688
3118,0.6179782918824325,0.3279511783959457,0.9440213104699404,0.29093540930060224,0.8481717550605398,0.7965576591580814,0.3319276240451443,0.5026434113612479,0.2771044698131857
3119,0.6177597933722783,0.32784900591008537,0.9436883296902225,0.2911734821181008,0.8484452655633452,0.7978305192445738,0.32992627780010314,0.5008061662214378,0.2774747922436032
3120,0.6175406374598669,0.3277461751601842,0.9433548454028808,0.2914108004348777,0.8487182319454359,0.7991054766223389,0.3279246887538684,0.4989686267053468,0.2778452387359105
3121,0.6173208231227895,0.3276426840543703,0.9430208575686476,0.2916473622347352,0.8489906543438224,0.8003825363237944,0.32592285704809465,0.49713079063777,0.2746534690445083
3122,0.6171003493558378,0.3275385305196132,0.9426863661633762,0.291883165519146,0.8492625329121689,0.8016617033783809,0.3239207828377194,0.49529265586351356,0.2711109503574494
3123,0.6168792151710139,0.32743371250175146,0.942351371178037,0.2921182083072745,0.8495338678207891,0.8029429828124716,0.32191846629097065,0.4934542202474118,0.2675881734155929
3124,0.6166574195975364,0.3273282279655149,0.9420158726187127,0.29235248863599245,0.8498046592566378,0.8042263796492799,0.31991590758937233,0.4916154816743407,0.26408497499445677
3125,0.6164349616818473,0.3272220748945489,0.9416798705065907,0.2925860045599001,0.8500749074233078,0.8055118989087784,0.3179131069277398,0.48977643804922233,0.26060119366094564
3126,0.6162118404876176,0.3271152512914363,0.9413433648779576,0.29281875415134023,0.8503446125410177,0.8067995456076011,0.31591006451418946,0.4879370872970422,0.2571366697489049
3127,0.6159880550957543,0.3270077551777215,0.9410063557841931,0.29305073550041894,0.8506137748466098,0.8080893247589602,0.3139067805701357,0.48609742736285405,0.25369124533504595
3128,0.6157636046044045,0.3268995845939312,0.9406688432917611,0.2932819467150204,0.8508823945935389,0.809381241372554,0.3119032553302932,0.48425745621178945,0.2502647642152793
3129,0.6155384881289625,0.32679073759959787,0.9403308274822046,0.2935123859208239,0.8511504720518647,0.8106753004544738,0.3098994890426846,0.48241717182907246,0.24685707188143613
3130,0.6153127048020735,0.3266812122732802,0.9399923084521378,0.293742051261322,0.8514180075082458,0.8119715070071202,0.30789548196863326,0.4805765722200196,0.24346801549834318
3131,0.6150862537736381,0.32657100671258416,0.9396532863132363,0.29397094089783316,0.8516850012659275,0.8132698660291053,0.30589123438277294,0.4787356554100555,0.24009744388129906
3132,0.614859134210818,0.3264601190341848,0.9393137611922322,0.2941990530095208,0.851951453644736,0.8145703825151666,0.3038867465730431,0.47689441944471467,0.23674520747388272
3133,0.6146313452980368,0.3263485473738445,0.9389737332309012,0.29442638579340596,0.8522173649810658,0.8158730614560744,0.3018820188406905,0.4750528623896488,0.2334111583261382
3134,0.6144028862369882,0.32623628988643605,0.9386332025860593,0.2946529374643845,0.8524827356278735,0.8171779078385383,0.2998770515002772,0.47321098233063974,0.2300951500731077
3135,0.614173756246635,0.32612334474595883,0.9382921694295486,0.2948787062552402,0.8527475659546648,0.8184849266451193,0.29787184487966967,0.4713687773735949,0.22679703791368924
3136,0.613943954563214,0.3260097101455603,0.9379506339482313,0.2951036904166593,0.8530118563474851,0.8197941228541319,0.29586639932005054,0.4695262456445628,0.2235166785898587
3137,0.6137134804402389,0.3258953842975539,0.9376085963439782,0.2953278882172454,0.8532756072089096,0.8211055014395587,0.29386071517591056,0.4676833852897303,0.22025393036619387
3138,0.613482333148501,0.3257803654334373,0.937266056833659,0.2955512979435324,0.853538818958031,0.8224190673709525,0.2918547928150518,0.4658401944754299,0.2170086530097415
3139,0.6132505119760729,0.32566465180391113,0.9369230156491333,0.29577391789999763,0.8538014920304486,0.8237348256133447,0.28984863261859123,0.46399667138814693,0.21378070777020158
3140,0.6130180162283085,0.3255482416788954,0.9365794730372374,0.29599574640907533,0.854063626878257,0.8250527811271539,0.2878422349809525,0.4621528142345154,0.21056995736040676
3141,0.6127848452278459,0.32543113334754836,0.9362354292597768,0.2962167818111691,0.8543252239700332,0.8263729388680884,0.2858356003098751,0.46030862124132976,0.2073762659371342
3142,0.6125509983146059,0.32531332511828104,0.9358908845935108,0.29643702246466375,0.8545862837908238,0.8276953037870568,0.283828729026404,0.45846409065553906,0.2041994990821927
3143,0.6123164748457955,0.32519481531877636,0.935545839330145,0.2966564667459389,0.8548468068421353,0.8290198808300734,0.28182162156489554,0.4566192207442541,0.20103952378382264
3144,0.612081274195906,0.3250756022960032,0.9352002937763166,0.2968751130493784,0.8551067936419163,0.83034667493816,0.2798142783730164,0.454774009794749,0.19789620841838418
3145,0.611845395756713,0.3249556844162322,0.9348542482535838,0.2970929597873831,0.855366244724548,0.8316756910472559,0.2778066999117364,0.45292845611445703,0.1947694227323156
3146,0.6116088389372778,0.32483506006505247,0.9345077030984128,0.2973100053903813,0.8556251606408283,0.8330069340881198,0.275798886655336,0.4510825580309791,0.19165903782439575
3147,0.6113716031639439,0.32471372764738426,0.9341606586621645,0.29752624830683927,0.8558835419579582,0.8343404089862372,0.27379083909139584,0.44923631389207525,0.18856492612825487
3148,0.6111336878803385,0.32459168558749574,0.9338131153110828,0.29774168700327297,0.8561413892595292,0.8356761206617257,0.2717825577208005,0.4473897220656694,0.18548696139517318
3149,0.6108950925473695,0.32446893232901547,0.9334650734262803,0.29795631996425515,0.8563987031455047,0.8370140740292331,0.2697740430577374,0.44554278093984917,0.182425018677143
3150,0.6106558166432241,0.3243454663349466,0.9331165334037244,0.2981701456924284,0.8566554842322094,0.838354273997853,0.26776529562968865,0.4436954889228587,0.17937897431017533
3151,0.6104158596633666,0.32422128608767997,0.9327674956542239,0.2983831627085112,0.8569117331523095,0.8396967254710157,0.2657563159774363,0.4418478444431039,0.17634870589788615
3152,0.6101752211205367,0.3240963900890076,0.9324179606034151,0.29859536955130944,0.8571674505548011,0.8410414333464025,0.2637471046550538,0.43999984594914404,0.17333409229530888
3153,0.6099339005447453,0.32397077686013426,0.9320679286917457,0.29880676477772394,0.8574226371049913,0.8423884025158443,0.26173766222990474,0.4381514919096906,0.1703350135929692
3154,0.6096918974832728,0.3238444449416905,0.9317174003744619,0.2990173469627581,0.8576772934844823,0.8437376378652237,0.25972798928264423,0.4363027808136074,0.16735135110120222
3155,0.6094492115006651,0.32371739289374396,0.9313663761215916,0.2992271146995278,0.8579314203911561,0.8450891442743825,0.2577180864072085,0.4344537111699005,0.16438298733469228
3156,0.6092058421787294,0.32358961929581037,0.9310148564179297,0.29943606659926636,0.8581850185391549,0.846442926617019,0.2557079542108186,0.43260428150771946,0.16142980599726667
3157,0.6089617891165318,0.3234611227468658,0.9306628417630232,0.2996442012913353,0.8584380886588674,0.8477989897605959,0.2536975933139728,0.4307544903763494,0.15849169196690116
3158,0.6087170519303895,0.3233319018653545,0.9303103326711522,0.2998515174232272,0.8586906314969069,0.8491573385662397,0.251687004350441,0.4289043363452037,0.1555685312809592
3159,0.6084716302538706,0.32320195528920287,0.929957329671318,0.30005801366057616,0.8589426478160969,0.8505179778886406,0.24967618796726965,0.4270538180038263,0.15266021112165928
3160,0.6082255237377845,0.32307128167582533,0.9296038333072214,0.3002636886871608,0.8591941383954493,0.8518809125759602,0.24766514482476634,0.42520293396187475,0.14976661980174052
3161,0.6079787320501802,0.32293987970213706,0.9292498441372503,0.30046854120491384,0.8594451040301497,0.8532461474697288,0.24565387559650306,0.4233516828491207,0.14688764675036026
3162,0.6077312548763381,0.32280774806456053,0.92889536273446,0.3006725699339239,0.8596955455315347,0.8546136874047463,0.24364238096931146,0.42150006331544243,0.14402318249919846
3163,0.6074830919187642,0.32267488547903445,0.9285403896865547,0.30087577361244305,0.859945463727074,0.855983537208988,0.24163066164327196,0.419648074030811,0.14117311866875495
3164,0.607234242897186,0.32254129068102416,0.9281849255958736,0.301078150996892,0.8601948594603519,0.857355701703499,0.23961871833171883,0.4177957136852919,0.13833734795487176
3165,0.6069847075485421,0.32240696242552597,0.9278289710793679,0.30127970086186306,0.8604437335910451,0.8587301857023011,0.23760655176122508,0.4159429809890262,0.135515764115432
3166,0.6067344856269784,0.32227189948707785,0.9274725267685857,0.3014804220001267,0.8606920869949046,0.8601069940122915,0.23559416267160294,0.41408987467222813,0.13270826195727067
3167,0.6064835769038386,0.32213610065976356,0.9271155933096522,0.3016803132226327,0.8609399205637325,0.86148613143314,0.23358155181589915,0.41223639348517455,0.12991473732327607
3168,0.6062319811676575,0.32199956475722163,0.9267581713632507,0.30187937335851683,0.8611872352053637,0.8628676027571947,0.2315687199603842,0.41038253619819154,0.12713508707966778
3169,0.605979698224153,0.3218622906126503,0.9264002616046036,0.30207760125510164,0.861434031843643,0.8642514127693763,0.22955566788455306,0.40852830160164944,0.12436920910348084
3170,0.6057267278962167,0.3217242770788136,0.9260418647234518,0.30227499577790073,0.8616803114184033,0.8656375662470824,0.22754239638111307,0.4066736885059462,0.1216170022702127
3171,0.6054730700239066,0.3215855230280469,0.9256829814240362,0.3024715558106216,0.8619260748854454,0.8670260679600861,0.22552890625598,0.4048186957414982,0.11887836644166226
3172,0.6052187244644368,0.3214460273522616,0.9253236124250765,0.3026672802551663,0.8621713232165131,0.8684169226704317,0.22351519832827477,0.40296332215873165,0.11615320245394813
3173,0.6049636910921694,0.3213057889629506,0.9249637584597514,0.3028621680316364,0.8624160573992738,0.8698101351323414,0.2215012734303105,0.4011075666280639,0.11344141210568394
3174,0.6047079697986032,0.32116480679119136,0.9246034202756767,0.30305621807833055,0.8626602784372916,0.8712057100921053,0.219487132407592,0.3992514280398965,0.11074289814634636
3175,0.6044515604923658,0.3210230797876514,0.924242598634886,0.30324942935175025,0.8629039873500088,0.8726036522879885,0.21747277611880406,0.39739490530459837,0.10805756426479177
3176,0.6041944630992008,0.32088060692258963,0.9238812943138073,0.30344180082659705,0.8631471851727184,0.874003966450126,0.2154582054358043,0.39553799735249157,0.10538531507794861
3177,0.6039366775619596,0.3207373871858617,0.9235195081032435,0.30363333149577576,0.8633898729565417,0.8754066573004183,0.2134434212436217,0.3936807031338424,0.10272605611967497
3178,0.6036782038405886,0.32059341958692095,0.9231572408083486,0.30382402037039347,0.8636320517684055,0.8768117295524377,0.21142842444043963,0.3918230216188393,0.10007969382976077
3179,0.6034190419121186,0.3204487031548216,0.9227944932486066,0.3040138664797598,0.8638737226910145,0.8782191879113179,0.20941321593759682,0.3899649517975847,0.09744613554310654
3180,0.6031591917706534,0.32030323693822044,0.9224312662578086,0.30420286887138687,0.8641148868228294,0.8796290370736581,0.20739779665957236,0.38810649268007424,0.09482528947903819
3181,0.6028986534273569,0.3201570200053782,0.9220675606840296,0.3043910266109885,0.8643555452780403,0.881041281727419,0.2053821675439802,0.38624764329618216,0.09221706473078489
3182,0.6026374269104428,0.32001005144416117,0.9217033773896073,0.30457833878247886,0.864595699186542,0.8824559265518194,0.20336632954156414,0.3843884026956494,0.08962137125510866
3183,0.6023755122651588,0.3198623303620409,0.9213387172511154,0.3047648044879719,0.864835349693907,0.8838729762172358,0.20135028361618076,0.3825287699480581,0.08703811986206407
3184,0.6021129095537776,0.3197138558860963,0.9209735811593436,0.30495042284777885,0.8650744979613606,0.885292435385097,0.19933403074480058,0.38066874414282403,0.08446722220492549
3185,0.6018496188555797,0.3195646271630111,0.9206079700192706,0.3051351930004065,0.8653131451657541,0.8867143087077853,0.1973175719174896,0.3788083243891698,0.08190859077023437
3186,0.6015856402668432,0.319414643359076,0.9202418847500422,0.305319114102556,0.8655512924995389,0.8881386008285322,0.19530090813740497,0.3769475098161119,0.07936213886800036
3187,0.601320973900828,0.31926390366018637,0.9198753262849457,0.30550218532911844,0.8657889411707373,0.8895653163813122,0.19328404042078767,0.37508629957244355,0.07682778062203957
3188,0.6010556198877611,0.3191124072718407,0.919508295571384,0.30568440587317297,0.8660260924029175,0.8909944599907458,0.1912669697969448,0.37322469282670834,0.07430543096043415
3189,0.600789578374825,0.3189601534191407,0.9191407935708543,0.3057515991552376,0.8660910071921829,0.8919799350138542,0.1897967805230374,0.3719097719819783,0.07259896237657348
3190,0.600522849526139,0.31880714134678695,0.9187728212589176,0.30543968272504,0.8655865960054296,0.8914885244349815,0.19013860358868379,0.3724066661804473,0.07356163563803218
3191,0.6002554335227467,0.3186533703190786,0.9184043796251771,0.30512683210497815,0.8650817858716546,0.8909969356648898,0.1904802269133608,0.3729031615008227,0.07452670855835923
3192,0.5999873305625999,0.3184988396199096,0.9180354696732508,0.304813046892919,0.8645765776889083,0.8905051703639585,0.19082165157855993,0.37339925719047057,0.07549418919789057
3193,0.5997185408605423,0.3183435485527656,0.9176660924207451,0.30449832670594107,0.8640709723694272,0.8900132301972472,0.1911628786787929,0.3738949525164114,0.07646408565424077
3194,0.5994490646482942,0.3181874964407207,0.9172962488992294,0.3041826711803244,0.863564970839612,0.889521116834459,0.19150390932157857,0.3743902467652962,0.07743640606248435
3195,0.5991789021744345,0.31803068262643264,0.9169259401542073,0.30386607997153897,0.8630585740400017,0.8890288319499042,0.19184474462743284,0.3748851392433852,0.07841115859534538
3196,0.5989080537043862,0.31787310647213973,0.9165551672450921,0.3035485527542357,0.8625517829252536,0.8885363772224653,0.192185385729858,0.3753796292765268,0.07938835146338535
3197,0.5986365195203972,0.3177147673596549,0.9161839312451776,0.30323008922223393,0.8620445984641159,0.8880437543355604,0.19252583377532825,0.3758737162101309,0.08036799291518894
3198,0.5983642999215248,0.31755566469036217,0.9158122332416119,0.302910689088511,0.8615370216394054,0.8875509649771063,0.19286608992328208,0.3763673994091504,0.08135009123756
3199,0.5980913952236163,0.31739579788520883,0.915440074335368,0.3025903520851889,0.861029053447982,0.8870580108394825,0.1932061553461052,0.3768606782580521,0.08233465475570845
3200,0.5978178057592921,0.31723516638470195,0.9150674556412173,0.30226907796352426,0.8605206949007247,0.8865648936194944,0.1935460312291229,0.3773535521607971,0.08332169183344822
3201,0.5975435318779266,0.3170737696489002,0.9146943782877,0.30194686649389324,0.8600119470225047,0.8860716150183349,0.19388571877058458,0.3778460205408136,0.08431121087339044
3202,0.5972685739456309,0.31691160715740896,0.9143208434170972,0.301623717465782,0.8595028108521635,0.8855781767415517,0.19422521918165195,0.378338082840972,0.08530322031713775
3203,0.5969929323452319,0.31674867840937126,0.9139468521854014,0.3012996306877697,0.8589932874424826,0.8850845804990033,0.19456453368638646,0.3788297385235605,0.08629772864548692
3204,0.5967166074762542,0.3165849829234616,0.9135724057622876,0.30097460598751796,0.8584833778601608,0.8845908280048279,0.1949036635217346,0.3793209870702573,0.08729474437862317
3205,0.5964395997549015,0.31642052023787903,0.9131975053310843,0.30064864321175655,0.8579730831857878,0.8840969209774019,0.19524260993751757,0.3798118279821071,0.08829427607632423
3206,0.5961619096140334,0.31625528991033586,0.9128221520887414,0.30032174222626706,0.8574624045138142,0.8836028611393033,0.1955813741964139,0.38030226077949114,0.08929633233816224
3207,0.5958835375031499,0.31608929151805326,0.9124463472458048,0.2999939029158721,0.8569513429525302,0.8831086502172738,0.19591995757394903,0.380792285002103,0.09030092180370561
3208,0.5956044838883663,0.315922524657748,0.9120700920263802,0.2996651251844165,0.8564398996240332,0.8826142899421818,0.19625836135847868,0.3812819002089186,0.0913080531527275
3209,0.595324749252396,0.31575498894562676,0.9116933876681084,0.29933540895475574,0.8559280756642047,0.8821197820489822,0.19659658685117648,0.3817711059781699,0.09231773510540926
3210,0.5950443340945265,0.3155866840173736,0.9113162354221294,0.29900475416873723,0.8554158722226786,0.8816251282766788,0.1969346353660183,0.3822599019073156,0.09332997642255228
3211,0.5947632389306001,0.3154176095281416,0.910938636553055,0.2986731607871868,0.8549032904628163,0.8811303303682854,0.1972725082297685,0.3827482876130135,0.09434478590578636
3212,0.5944814642929913,0.31524776515254155,0.9105605923389353,0.298340628789892,0.8543903315616774,0.8806353900707887,0.197610206781964,0.38323626273108935,0.09536217239778028
3213,0.5941990107305842,0.31507715058463115,0.9101821040712278,0.2980071581755842,0.8538769967099904,0.8801403091351072,0.19794773237490038,0.38372382691650964,0.09638214478245807
3214,0.5939158788087512,0.3149057655379038,0.9098031730547658,0.2976727489619241,0.8533632871121253,0.8796450893160537,0.1982850863736146,0.384210979843349,0.09740471198521003
3215,0.5936320691093295,0.3147336097452769,0.9094238006077255,0.2973374011854825,0.8528492039860631,0.8791497323722945,0.19862227015587225,0.38469772120476264,0.09842988297311325
3216,0.5933475822305991,0.3145606829590804,0.9090439880615947,0.29700111490172415,0.8523347485633679,0.8786542400663108,0.19895928511215016,0.38518405071295436,0.09945766675514778
3217,0.5930624187872583,0.3143869849510429,0.9086637367611385,0.2966638901849894,0.8518199220891562,0.8781586141643621,0.1992961326456191,0.38566996809914356,0.10048807238241506
3218,0.592776579410401,0.31421251551228035,0.9082830480643682,0.2963257271284758,0.8513047258220673,0.8776628564364406,0.1996328141721305,0.38615547311353726,0.10152110894836318
3219,0.592490064747492,0.31403727445328206,0.9079019233425059,0.2959866258442201,0.8507891610342323,0.877166968656236,0.19996933112019782,0.38664056552529524,0.10255678558900702
3220,0.592202875462344,0.31386126160389705,0.9075203639799532,0.2956465864630792,0.8502732290112456,0.8766709526010953,0.20030568493097992,0.38712524512249846,0.10359511148315408
3221,0.5919150122350922,0.31368447681332107,0.9071383713742565,0.2953056091347113,0.849756931052132,0.8761748100519786,0.20064187705826644,0.3876095117121179,0.10463609585263257
3222,0.5916264757621696,0.3135069199500806,0.9067559469360725,0.29496369402755584,0.8492402684693172,0.8756785427934253,0.2009779089684571,0.3880933651199784,0.10567974796251758
3223,0.5913372667562827,0.31332859090202037,0.9063730920891356,0.29462084132881494,0.8487232425885964,0.8751821526135081,0.20131378214054801,0.3885768051907287,0.10672607712136353
3224,0.5910473859463842,0.3131494895762856,0.9059898082702206,0.29427705124443093,0.8482058547491,0.8746856413037934,0.20164949806611152,0.3890598317878047,0.10777509268143581
3225,0.5907568340776499,0.31296961589930894,0.9056060969291113,0.2939323239990694,0.8476881063032672,0.8741890106593059,0.20198505824927945,0.3895424447933965,0.10882680403894296
3226,0.5904656119114504,0.3127889698167931,0.9052219595285629,0.29358665983609483,0.847169998616808,0.8736922624784786,0.20232046420672525,0.39002464410841386,0.10988122063427515
3227,0.5901737202253268,0.3126075512936958,0.9048373975442681,0.2932400590175524,0.8466515330686757,0.8731953985631216,0.20265571746764527,0.39050642965245064,0.110938351952239
3228,0.5898811598129619,0.31242536031421153,0.9044524124648206,0.2928925218241446,0.8461327110510304,0.8726984207183731,0.20299081957374052,0.39098780136374955,0.11199820752229961
3229,0.5895879314841552,0.31224239688175626,0.9040670057916804,0.2925440485552105,0.8456135339692086,0.8722013307526619,0.2033257720791986,0.3914687591991674,0.11306079691882122
3230,0.5892940360647955,0.31205866101894963,0.9036811790391373,0.292194639528704,0.8450940032416895,0.8717041304776671,0.20366057655067366,0.391949303134137,0.11412612976130795
3231,0.5889994743968314,0.3118741527675958,0.9032949337342737,0.29184429508116966,0.8445741203000603,0.8712068217082731,0.2039952345672677,0.39242943316263246,0.11519421571465392
3232,0.5887042473382471,0.31168887218866825,0.9029082714169301,0.29149301556772333,0.8440538865889846,0.8707094062625311,0.20432974772051202,0.3929091492971312,0.11626506448938437
3233,0.5884083557630306,0.31150281936228813,0.9025211936396662,0.29114080136202514,0.8435333035661661,0.8702118859616148,0.20466411761434633,0.3933884515685774,0.11733868584191048
3234,0.588111800561148,0.31131599438770763,0.9021337019677252,0.2907876528562594,0.8430123727023164,0.8697142626297817,0.20499834586510035,0.39386734002634466,0.11841508957477792
3235,0.5878145826385136,0.31112839738328996,0.9017457979789963,0.2904335704611096,0.8424910954811198,0.8692165380943283,0.20533243410147212,0.39434581473819647,0.11949428553691807
3236,0.5875167029169612,0.31094002848648955,0.9013574832639766,0.2900785546057341,0.8419694733991969,0.8687187141855472,0.20566638396450965,0.39482387579025024,0.12057628362390775
3237,0.5872181623342155,0.31075088785383304,0.9009687594257345,0.2897226057377434,0.8414475079660733,0.8682207927366898,0.20600019710758866,0.39530152328693635,0.12166109377822093
3238,0.5869189618438608,0.3105609756608969,0.9005796280798697,0.28936572432317303,0.8409252007041399,0.8677227755839187,0.2063338751963925,0.3957787573509601,0.12274872598949295
3239,0.5866191024153136,0.3103702921022898,0.9001900908544771,0.28900791084646127,0.8404025531486203,0.8672246645662658,0.2066674199088927,0.3962555781232639,0.1238391902947797
3240,0.5863185850337902,0.31017883739162816,0.8998001493901071,0.28864916581042244,0.8398795668475347,0.8667264615255942,0.20700083293532426,0.3967319857629835,0.12493249677881928
3241,0.5860174107002785,0.30998661176151787,0.8994098053397273,0.288289489736222,0.8393562433616626,0.8662281683065495,0.20733411597816875,0.3972079804474132,0.12602865557430176
3242,0.5857155804315051,0.3097936154635298,0.8990190603686827,0.2879288831633498,0.8388325842645072,0.8657297867565208,0.20766727075212835,0.3976835623719598,0.127127676862132
3243,0.5854130952599064,0.30959984876817964,0.8986279161546584,0.28756734664959555,0.8383085911422596,0.8652313187255972,0.20800029898410757,0.398158731750107,0.12822957087170425
3244,0.5851099562335954,0.3094053119649039,0.8982363743876371,0.2872048807710202,0.8377842655937597,0.8647327660665225,0.20833320241318887,0.3986334888133709,0.12933434788117154
3245,0.5848061644163318,0.3092100053620378,0.8978444367698626,0.2868414861219311,0.837259609230462,0.8642341306346553,0.2086659827906106,0.39910783381125897,0.13044201821771922
3246,0.5845017208874892,0.3090139292867919,0.8974521050157971,0.286477163314854,0.8367346236763957,0.8637354142879231,0.20899864187974604,0.3995817670112301,0.13155259225784496
3247,0.5841966267420234,0.3088170840852284,0.8970593808520835,0.2861119129805059,0.8362093105681287,0.8632366188867799,0.2093311814560782,0.4000552886986496,0.1326660804276323
3248,0.5838908830904402,0.3086194701222371,0.8966662660175032,0.28574573576776735,0.8356836715547298,0.8627377462941639,0.20966360330717954,0.4005283991767498,0.13378249320303776
3249,0.5835844910587614,0.3084210877815104,0.8962727622629354,0.2853786323436532,0.8351577082977283,0.8622387983754498,0.20999590923268607,0.4010010987665849,0.13490184111017048
3250,0.5832774517884943,0.30822193746552023,0.8958788713513183,0.28501060339328727,0.8346314224710792,0.8617397769984105,0.21032810104427563,0.40147338780698844,0.1360241347255769
3251,0.5829697664365954,0.3080220195954904,0.8954845950576044,0.2846416496198699,0.8341048157611213,0.8612406840331703,0.21066018056564353,0.4019452666545303,0.13714938467653365
3252,0.5826614361754401,0.3078213346113744,0.8950899351687234,0.2842717717446528,0.833577889866541,0.8607415213521598,0.2109921496324786,0.40241673568347225,0.13827760164133146
3253,0.5823524621927862,0.3076198829718264,0.894694893483537,0.2839009705069066,0.8330506464983309,0.8602422908300744,0.2113240100924395,0.4028877952857243,0.13940879634957387
3254,0.5820428456917413,0.3074176651541769,0.8942994718127987,0.2835292466638932,0.832523087379752,0.8597429943438297,0.21165576380512985,0.4033584458708004,0.1405429795824701
3255,0.5817325878907285,0.30721468165440624,0.8939036719791124,0.28315660099083595,0.8319952142462939,0.8592436337725163,0.2119874126420735,0.4038286878657723,0.14168016217313031
3256,0.58142169002345,0.3070109329871158,0.8935074958168876,0.2827830342808873,0.8314670288456332,0.8587442109973554,0.21231895848668983,0.4042985217152262,0.14282035500687149
3257,0.5811101533388556,0.306806419685504,0.8931109451723007,0.2824085473451025,0.8309385329375973,0.8582447279016572,0.2126504032342691,0.404767947881216,0.14396356902151308
3258,0.5807979791011036,0.30660114230133517,0.8927140219032481,0.2820331410124041,0.8304097282941192,0.8577451863707718,0.21298174879194612,0.4052369668432182,0.1451098152076884
3259,0.5804851685895283,0.3063951014049141,0.8923167278793067,0.281656816129554,0.8298806166992001,0.8572455882920467,0.21331299707867613,0.40570557909808636,0.14625910460914954
3260,0.5801717230986027,0.30618829758505656,0.8919190649816884,0.2812795735611219,0.8293511999488683,0.8567459355547857,0.21364415002520706,0.4061737851600025,0.1474114483230758
3261,0.5798576439379031,0.30598073144906074,0.8915210351031979,0.2809014141894518,0.8288214798511371,0.8562462300501982,0.21397520957405564,0.40664158556043356,0.14856685750039095
3262,0.5795429324320732,0.3057724036226789,0.8911226401481892,0.2802222545059157,0.8277156403279387,0.8543835443097845,0.21302690562575682,0.40582970879435915,0.14755631111903159
3263,0.579227589920786,0.30556331475008613,0.8907238820325198,0.27945874006344074,0.826449648518661,0.8521446717714585,0.21172315885174953,0.404662074133137,0.1459479437942628
3264,0.5789116177587091,0.3053534654938531,0.8903247626835096,0.2786942189686344,0.8251834668937247,0.8499085056193687,0.21041932457795015,0.40349403550805557,0.1443444404381504
3265,0.5785950173154661,0.3051428565349141,0.8899252840398943,0.2779286927276905,0.8239170966634233,0.8476750483465711,0.20911540479368204,0.4023255935192419,0.14274577961754586
3266,0.5782777899755998,0.3049314885725373,0.8895254480517816,0.27716216286545153,0.8226505390486145,0.8454443024266967,0.20781140149990002,0.4011567487838662,0.1411519400224148
3267,0.5779599371385346,0.3047193623242939,0.8891252566806068,0.27639463092536903,0.8213837952806932,0.8432162703138436,0.20650731670916816,0.39998750193609767,0.13956290046492162
3268,0.5776414602185385,0.30450647852602675,0.8887247118990877,0.2756260984694588,0.8201168666015541,0.8409909544424516,0.2052031524456274,0.3988178536270516,0.13797863987850745
3269,0.5773223606446847,0.3042928379318189,0.8883238156911785,0.2748565670782583,0.8188497542635612,0.8387683572271883,0.20389891074496974,0.39764780452474163,0.1363991373169856
3270,0.577002639860814,0.30407844131396194,0.8879225700520259,0.2740860383507858,0.8175824595295162,0.8365484810628402,0.2025945936544118,0.3964773553140328,0.1348243719536451
3271,0.5766822993254955,0.3038632894629241,0.8875209769879226,0.27331451390449474,0.8163149836726221,0.8343313283241884,0.2012902032326626,0.39530650669658746,0.13325432308035198
3272,0.5763613405119871,0.30364738318731604,0.8871190385162613,0.2725419953752304,0.8150473279764527,0.8321169013659081,0.1999857415498985,0.39413525939081917,0.13168897010667316
3273,0.576039764908198,0.3034307233138606,0.8867167566654897,0.2717684844171869,0.8137794937349174,0.8299052025224471,0.19868121068773242,0.3929636141318403,0.13012829255899241
3274,0.5757175740166469,0.3032133106873569,0.8863141334750624,0.270993982702861,0.8125114822522266,0.8276962341079217,0.19737661273918355,0.3917915716714104,0.1285722700796436
3275,0.5753947693544252,0.3029951461706491,0.8859111709953973,0.27021849192301095,0.8112432948428621,0.8254899984160098,0.19607194980865306,0.3906191327778901,0.12702088242605244
3276,0.5750713524531541,0.30277623064459047,0.8855078712878257,0.26944201378660704,0.8099749328315361,0.8232864977198356,0.194767224011888,0.38944629823618404,0.12547410946987536
3277,0.5747473248589461,0.30255656500801037,0.8851042364245478,0.2686645500207897,0.8087063975531619,0.8210857342718707,0.19346243747595537,0.3882730688476927,0.12393193119615571
3278,0.574422688132364,0.3023361501776789,0.8847002684885845,0.2678861023708236,0.8074376903528183,0.81888771030383,0.1921575923392127,0.38709944543026154,0.12239432770248569
3279,0.5740974438483801,0.3021149870882729,0.8842959695737305,0.26710667260004994,0.8061688125857123,0.8166924280265578,0.19085269075127406,0.3859254288181256,0.12086127919816617
3280,0.573771593596336,0.3018930766923396,0.8838913417845071,0.2663262624898432,0.8048997656171482,0.8144998896299396,0.18954773487298476,0.38475101986186205,0.11933276600338992
3281,0.5734451389798993,0.3016704199602611,0.8834863872361133,0.2655448738395618,0.8036305508224877,0.812310097282789,0.18824272687638482,0.3835762194283323,0.11780876854841368
3282,0.5731180816170246,0.3014470178802194,0.8830811080543792,0.2647625084665033,0.8023611695871169,0.8101230531327519,0.18693766894468195,0.38240102840063295,0.1162892673727504
3283,0.5727904231399099,0.30122287145815874,0.8826755063757175,0.26397916820585754,0.8010916233064121,0.8079387593062124,0.18563256327222022,0.38122544767804245,0.114774243124365
3284,0.5724621651949555,0.30099798171775005,0.8822695843470747,0.26319485491065786,0.7998219133857002,0.8057572179081859,0.1843274120644458,0.3800494781759656,0.11326367655887111
3285,0.5721333094427214,0.30077234970035327,0.8818633441258836,0.2624095704517355,0.7985520412402263,0.8035784310222325,0.18302221753787912,0.3788731208258832,0.11175754853874467
3286,0.5718038575578851,0.3005459764649805,0.881456787880014,0.2616233167176699,0.7972820082951144,0.801402400710353,0.18171698192007946,0.37769637657529515,0.11025584003253361
3287,0.5714738112291976,0.30031886308825745,0.8810499177877228,0.260836095614741,0.7960118159853316,0.7992291290129003,0.18041170744961343,0.3765192463876669,0.10875853211408089
3288,0.5711431721594425,0.300091010664387,0.8806427360376072,0.2600479090668827,0.7947414657556542,0.7970586179484888,0.17910639637602582,0.3753417312423784,0.10726560596175544
3289,0.5708119420653907,0.2998624203051089,0.8802352448285528,0.25925875901563034,0.7934709590606257,0.794890869513895,0.17780105095980142,0.374163832134664,0.10577704285768039
3290,0.5704801226777585,0.2996330931396634,0.8798274463696869,0.25846864742007647,0.7922002973645259,0.7927258856839776,0.17649567347233833,0.37298555007556344,0.10429282418697987
3291,0.5701477157411626,0.29940303031475024,0.8794193428803263,0.25767757625681753,0.7909294821413276,0.7905636684115798,0.17519026619590927,0.3718068860918618,0.10281293143702099
3292,0.5698147230140762,0.2991722329944898,0.8790109365899279,0.2568855475199049,0.7896585148746613,0.7884042196274441,0.17388483142362998,0.3706278412260357,0.1013373461966689
3293,0.5694811462687865,0.2989407023603851,0.8786022297380414,0.25609256322079865,0.7883873970577815,0.7862475412401316,0.17257937145942964,0.3694484165362013,0.09986605015554942
3294,0.5691469872913476,0.2987084396112794,0.8781932245742543,0.25529862538831205,0.787116130193521,0.7840936351359268,0.17127388861800985,0.36826861309605186,0.09839902510330818
3295,0.5688122478815375,0.29847544596331715,0.8777839233581457,0.25450373606856536,0.7858447157942607,0.7819425031787645,0.1699683852248167,0.3670884319948077,0.09693625292888966
3296,0.568476929852813,0.29824172264990406,0.8773743283592332,0.25370789732493315,0.7845731553818855,0.7797941472101365,0.16866286361600324,0.36590787433715616,0.09547771561980857
3297,0.5681410350322631,0.29800727092166407,0.8769644418569225,0.2529111112379927,0.7833014504877476,0.7776485690490165,0.1673573261383944,0.3647269412431954,0.09402339526143683
3298,0.5678045652605662,0.2977720920464008,0.8765542661404576,0.252113379905476,0.7820296026526311,0.7755057704917815,0.16605177514945652,0.363545633848381,0.09257327403629503
3299,0.5674675223919414,0.2975361873090532,0.8761438035088679,0.25131470544221324,0.7807576134267068,0.7733657533121244,0.16474621301725584,0.36236395330346344,0.09112733422334332
3300,0.5671299082941053,0.29729955801165586,0.8757330562709185,0.2505150899800864,0.7794854843695002,0.7712285192609873,0.16344064212043002,0.36118190077443674,0.08968555819728867
3301,0.5667917248482234,0.29706220547329537,0.8753220267450567,0.24971453566797275,0.7782132170498459,0.7690940700664752,0.1621350648481466,0.3599994774424755,0.08824792842788623
3302,0.5664529739488656,0.29682413103006866,0.8749107172593618,0.2489130446716946,0.7769408130458515,0.766962407433784,0.16082948360007057,0.35881668450388027,0.08681442747925518
3303,0.5661136575039588,0.2965853360350394,0.8744991301514928,0.24811061917396696,0.7756682739448595,0.7648335330451312,0.1595239007863292,0.3576335231700207,0.08538503800920041
3304,0.5657737774347401,0.2963458218581953,0.8740872677686362,0.24730726137434317,0.774395601343403,0.7627074485596745,0.15821831882747214,0.3564499946672734,0.08395974276853004
3305,0.5654333356757096,0.29610558988640434,0.8736751324674537,0.24650297348916353,0.7731227968471703,0.760584155613448,0.15691274015443935,0.35526610023696803,0.08253852460039218
3306,0.5650923341745835,0.29586464152337133,0.8732627266140294,0.24569775775150024,0.7718498620709613,0.7584636558192857,0.15560716720852047,0.35408184113532515,0.08112136643960474
3307,0.5647507748922458,0.2956229781895931,0.8728500525838172,0.244891616411104,0.7705767986386483,0.7563459507667546,0.15430160244131957,0.35289721863339857,0.07970825131199884
3308,0.5644086598027017,0.2953806013223149,0.8724371127615895,0.2440845517343518,0.7693036081831374,0.7542310420220901,0.15299604831472002,0.35171223401701857,0.07829916233376712
3309,0.5640659908930286,0.29513751237548497,0.872023909541382,0.24327656600418987,0.768030292346324,0.752118931128122,0.1516905073008424,0.35052688858672826,0.07689408271081011
3310,0.5637227701633283,0.29489371281970983,0.8716104453264417,0.24246766152008198,0.7667568527790565,0.7500096196042181,0.15038498188201216,0.34934118365772904,0.07549299573809957
3311,0.5633789996266785,0.29464920414220874,0.8711967225291735,0.24165784059795223,0.7654832911410904,0.7479031089462104,0.14907947455071685,0.34815512055981646,0.07409588479903473
3312,0.5630346813090836,0.2944039878467677,0.8707827435710862,0.24084710557013103,0.7642096091010493,0.745799400626337,0.14777398780957024,0.34696870063732244,0.07270273336481307
3313,0.5626898172494273,0.2941580654536944,0.8703685108827401,0.2400354587853012,0.762935808336386,0.7436984960931834,0.14646852417127607,0.3457819252490572,0.07131352499380463
3314,0.5623444094994219,0.2939114384997709,0.8699540269036914,0.23922290260843973,0.7616618905333354,0.7416003967716135,0.1451630861585846,0.3445947957682445,0.06992824333092458
3315,0.5619984601235597,0.29366410853820774,0.8695392940824395,0.23840943942076473,0.7603878573868785,0.7395051040627195,0.14385767630425875,0.3434073135824658,0.06854687210702239
3316,0.5616519711990633,0.2934160771385965,0.8691243148763721,0.23759507161967697,0.7591137106006959,0.7374126193437556,0.14255229715103104,0.3422194800935958,0.06716939513826414
3317,0.5613049448158355,0.29316734588686255,0.868709091751711,0.23677980161870432,0.7578394518871268,0.7353229439680844,0.1412469512515654,0.34103129671774307,0.06579579632552843
3318,0.560957383076411,0.2929179163852188,0.8682936271834589,0.23596363184744767,0.7565650829671301,0.7332360792651244,0.1399416411684211,0.3398427648851917,0.06442605965380602
3319,0.5606092880959033,0.2926677902521158,0.8678779236553419,0.2351465647515193,0.7552906055702362,0.7311520265402883,0.13863636947400626,0.3386538860403344,0.06306016919159758
3320,0.5602606620019568,0.2924169691221951,0.8674619836597576,0.23432860279249043,0.7540160214345095,0.7290707870749372,0.13733113875054448,0.3374646616416166,0.06169810909032731
3321,0.5599115069346952,0.29216545464624083,0.8670458096977183,0.23350974844783118,0.7527413323065023,0.7269923621263218,0.13602595159003,0.3362750931614713,0.06033986358375038
3322,0.5595618250466698,0.2919132484911295,0.8666294042787959,0.23269000421085273,0.7514665399412119,0.7249167529275343,0.13472081059418795,0.3350851820862577,0.058985416987372814
3323,0.5592116185028112,0.2916603523397836,0.8662127699210688,0.23186937259065313,0.7501916461020415,0.7228439606874617,0.13341571837443764,0.33389492991620295,0.05763475369787535
3324,0.558860889480374,0.2914067678911193,0.8657959091510624,0.23104785611205375,0.7489166525607499,0.7207739865907303,0.13211067755184436,0.3327043381653333,0.056287858192535005
3325,0.5585096401688897,0.29115249685999967,0.8653788245036984,0.23022545731554656,0.7476415610974161,0.7187068317976663,0.13080569075708626,0.33151340836141924,0.05494471502866302
3326,0.5581578727701109,0.2908975409771821,0.8649615185222341,0.22940217875723046,0.7463663735003878,0.7166424974442419,0.12950076063040522,0.33032214204590626,0.05360530884303509
3327,0.5578055894979623,0.2906419019892703,0.8645439937582099,0.22857802300875593,0.7450910915662425,0.7145809846420347,0.12819588982156996,0.32913054077385623,0.05226962435133495
3328,0.5574527925784881,0.29038558165866313,0.8641262527713925,0.2277529926572659,0.7438157170997439,0.7125222944781857,0.1268910809898347,0.3279386061138852,0.050937646347601284
3329,0.5570994842497985,0.29012858176350304,0.8637082981297177,0.22692709030533367,0.7425402519137936,0.7104664280153502,0.1255863368038921,0.32674633964809585,0.04960935970367208
3330,0.5567456667620179,0.2898709040976258,0.8632901324092344,0.2261003185709067,0.7412646978293908,0.7084133862916645,0.12428165994183639,0.3255537429720197,0.048284749368645595
3331,0.5563913423772329,0.28961255047050927,0.862871758194049,0.22527268008724471,0.739989056675586,0.7063631703206981,0.1229770530911172,0.3243608176945501,0.046963800368333176
3332,0.5560365133694383,0.2893535227072214,0.8624531780762675,0.22444417750286014,0.738713330289436,0.7043157810914183,0.12167251894849712,0.3231675654378794,0.04564649780472427
3333,0.5556811820244847,0.2890938226483686,0.8620343946559397,0.2236148134814591,0.7374375205159617,0.7022712195681547,0.12036806022001127,0.3219739878374377,0.0443328268554565
3334,0.5553253506400251,0.28883345215004314,0.8616154105410014,0.223509950441267,0.7368265887174492,0.7020675493003707,0.11976360169832907,0.3214800086192346,0.044006843523266184
3335,0.5549690215254602,0.2885724130837705,0.861196228347217,0.22485492795758938,0.7375455229317147,0.7055539371294003,0.1205590681853041,0.322385551522388,0.045654120880493636
3336,0.5546121970018878,0.28831070733645847,0.8607768506981246,0.2261990180737461,0.7382644190599885,0.7090599270741753,0.12135461825970263,0.32329077406683293,0.04730729642117915
3337,0.5542548794020445,0.2880483368103408,0.8603572802249748,0.22754222382519929,0.7389832786151648,0.7125856713496868,0.12215025466420512,0.3241956779403026,0.048966400858218455
3338,0.5538970710702559,0.2877853034229273,0.859937519566677,0.2288845482625651,0.7397021031175597,0.7161313237472237,0.12294598015054241,0.3251002648434441,0.050631465118417485
3339,0.5535387743623792,0.2875216091069477,0.8595175713697388,0.23022599445155126,0.7404208940948733,0.719697039655126,0.12374179747945337,0.32600453648975675,0.05230252034439423
3340,0.5531799916457502,0.287257255810299,0.8590974382882097,0.23156656547288842,0.741139653082149,0.7232829760798478,0.1245377094206389,0.3269084946055257,0.053979597896490684
3341,0.5528207252991288,0.28699224549599156,0.8586771229836232,0.23290626442226095,0.7418583816217319,0.7268892916673536,0.1253337187527161,0.3278121409297557,0.055662729354706536
3342,0.5524609777126431,0.2867265801420935,0.8582566281249375,0.23424509441024488,0.7425770812632303,0.7305161467248752,0.12612982826317556,0.32871547721410965,0.057351946520663305
3343,0.5521007512877358,0.2864602617416778,0.8578359563884793,0.23558305856223455,0.7432957535634737,0.734163703242987,0.1269260407483328,0.32961850522283975,0.05904728141957551
3344,0.5517400484371071,0.286193292302765,0.8574151104578831,0.23692016001837926,0.7440144000864728,0.7378321249180637,0.12772235901328519,0.33052122673272477,0.060748766302258325
3345,0.5513788715846607,0.28592567384826983,0.8569940930240341,0.23825640193351466,0.7447330224033797,0.7415215771750808,0.12851878587186535,0.3314236435330044,0.06245643364714717
3346,0.5510172231654483,0.28565740841594545,0.8565729067850103,0.23959178747709106,0.7454516220924441,0.7452322271907762,0.12931532414659336,0.3323257574253114,0.0641703161623395
3347,0.5506551056256125,0.2853884980583265,0.8561515544460213,0.24092631983311064,0.7461702007389757,0.7489642439172138,0.13011197666863314,0.3332275702236094,0.0658904467876693
3348,0.5502925214223324,0.2851189448426749,0.8557300387193523,0.24226000220005323,0.7468887599352996,0.752717798105691,0.1309087462777431,0.33412908375412376,0.0676168586967898
3349,0.5499294730237665,0.284848750850922,0.8553083623243032,0.24359283779081237,0.747607301280718,0.7564930623310678,0.13170563582223183,0.33503029985527866,0.0693495852992934
3350,0.5495659629089961,0.2845779181796123,0.8548865279871295,0.24492482983262417,0.7483258263814669,0.7602902110164723,0.13250264815890953,0.3359312203776294,0.07108866024284582
3351,0.5492019935679698,0.2843064489398477,0.8544645384409846,0.2462559815669954,0.7490443368506741,0.7641094204584044,0.13329978615304006,0.3368318471837952,0.07283411741534387
3352,0.5488375675014462,0.28403434525722887,0.8540423964258586,0.2475862962496401,0.7497628343083194,0.767950868852277,0.13409705267829583,0.3377321821483961,0.07458599094710659
3353,0.5484726872209371,0.28376160927179933,0.8536201046885201,0.24891577715040314,0.7504813203811898,0.7718147363183393,0.13489445061670705,0.33863222715798275,0.07634431521307697
3354,0.5481073552486505,0.2834882431379867,0.8531976659824563,0.2502444275531961,0.7511997967028408,0.7757012049280618,0.1356919828586166,0.3395319841109734,0.07810912483506237
3355,0.5477415741174331,0.2832142490245454,0.8527750830678118,0.2515722507559246,0.7519182649135518,0.7796104587309328,0.13648965230263022,0.3404314549175855,0.07988045468398963
3356,0.5473753463707136,0.28293962911449866,0.8523523587113317,0.2528992500704156,0.7526367266602838,0.7835426837816979,0.13728746185556723,0.34133064149976766,0.081658339882187
3357,0.5470086745624443,0.28266438560507956,0.8519294956862988,0.25422542882235244,0.7533551835966392,0.7874980681680749,0.13808541443241454,0.3422295457911365,0.08344281580569991
3358,0.5466415612570442,0.2823885207076734,0.851506496772475,0.2555507903511983,0.7540736373828159,0.7914768020388947,0.1388835129562745,0.3431281697369052,0.08523391808661862
3359,0.5462740090293406,0.28211203664775775,0.8510833647560413,0.2568753380101302,0.754792089685568,0.795479077632744,0.13968176035831892,0.34402651529382067,0.08703168261544779
3360,0.5459060204645106,0.28183493566484347,0.8506601024295357,0.2581990751659651,0.7555105421781609,0.7995050893070667,0.14048015957773785,0.34492458443009405,0.0888361455434912
3361,0.5455375981580247,0.2815572200124171,0.8502367125917956,0.25952200519908797,0.7562289965403284,0.8035550335677508,0.1412787135616898,0.345822379125333,0.090647343285264
3362,0.5451687447155854,0.28127889195787803,0.8498131980478945,0.2608441315033832,0.7569474544582309,0.8076291090992369,0.1420774252652533,0.3467199013704765,0.0924653125209436
3363,0.5447994627530717,0.2809999537824815,0.849389561609083,0.2621654574861588,0.7576659176244099,0.8117275167951,0.1428762976513749,0.34761715316772446,0.09429009019883125
3364,0.5444297548964783,0.28072040778127716,0.8489658060927276,0.2634859865680788,0.7583843877377479,0.8158504597891796,0.1436753336908215,0.3485141365304734,0.09612171353785756
3365,0.5440596237818575,0.28044025626304875,0.84854193432225,0.2648057221830891,0.7591028665034227,0.81999814348722,0.1444745363621283,0.34941085348324746,0.0979602200301074
3366,0.5436890720552603,0.280159501550254,0.8481179491270658,0.26612466777834265,0.7598213556328635,0.8241707755990434,0.14527390865154666,0.35030730606162847,0.09980564744337161
3367,0.5433181023726767,0.2798781459789633,0.8476938533425236,0.2674428268141328,0.7605398568437094,0.8283685661712966,0.14607345355299722,0.3512034963121928,0.10165803382373972
3368,0.5429467173999774,0.2795961918987995,0.8472696498098442,0.26876020276381385,0.7612583718597632,0.8325917276207232,0.14687317406801415,0.3520994262924385,0.10351741749820587
3369,0.5425749198128517,0.2793136416728743,0.8468453413760579,0.27007679911373306,0.7619769024109486,0.83684047476804,0.14767307320569673,0.3529950980707207,0.1053838370773211
3370,0.5422027122967514,0.27903049767773036,0.8464209308939461,0.2713926193631576,0.7626954502332681,0.8411150248723729,0.14847315398265826,0.35389051372618385,0.10725733145786424
3371,0.5418300975468283,0.27874676230327616,0.8459964212219762,0.2727076670241958,0.763414017068754,0.8454155976662875,0.1492734194229703,0.35478567534868927,0.10913793982554518
3372,0.5414570782678748,0.2784624379527253,0.8455718152242422,0.2740219456217311,0.7641326046654289,0.8497424153914457,0.15007387255811544,0.35568058503875244,0.11102570165774833
3373,0.541083657174265,0.2781775270425353,0.8451471157704034,0.2753354586933419,0.7648512147772586,0.8540957028348499,0.15087451642693167,0.3565752449074708,0.11292065672629323
3374,0.5407098369898924,0.2778920320023429,0.8447223257356208,0.2766482097892327,0.7655698491641092,0.8584756873657501,0.15167535407556165,0.35746965707645734,0.11482284510024149
3375,0.5403356204481107,0.27760595527490306,0.8442974480004966,0.2779602024721578,0.7662885095917016,0.8617180836275671,0.15247638855739978,0.3583638236777721,0.11673230714872661
3376,0.5399610102916734,0.2773192993160255,0.8438724854510122,0.2792714403173452,0.7670071978315658,0.8608825604556972,0.15327762293303732,0.3592577468538514,0.11864908354381684
3377,0.5395860092726725,0.2770320665945115,0.8434474409784658,0.2805819269124279,0.7677259156609995,0.8600472564474437,0.15407906027021342,0.36015142875744377,0.12057321526342127
3378,0.5392106201524776,0.27674425959209037,0.84302231747941,0.28189166585736136,0.7684446648630183,0.8592121701146211,0.15488070364375633,0.3610448715515355,0.12250474359421358
3379,0.5388348457016754,0.2764558808033566,0.8425971178555907,0.28320066076435724,0.7691634472263156,0.8583772999689153,0.15568255613553528,0.36193807740928763,0.1244437101346068
3380,0.5384586887000071,0.276166932735704,0.8421718450138824,0.2845089152578023,0.7698822645452137,0.8575426445218932,0.1564846208344028,0.36283104851396364,0.12639015679775187
3381,0.5380821519363098,0.27587741790926473,0.8417465018662296,0.2858164329741849,0.77060111861962,0.856708202285007,0.15728690083614158,0.36372378705886066,0.1283441258145699
3382,0.5377052382084521,0.27558733885684217,0.8413210913295802,0.2871232175620225,0.7713200112549832,0.8558739717695975,0.1580893992434124,0.3646162952472436,0.13030565973683386
3383,0.5373279503232739,0.2752966981238478,0.8408956163258259,0.2884292726817804,0.7720389442622431,0.8550399514869004,0.15889211916569507,0.36550857529227143,0.13227480144026643
3384,0.5369502910965255,0.27500549826823706,0.8404700797817386,0.2897346020058035,0.7727579194577916,0.8542061399480508,0.15969506371924003,0.3664006294169337,0.13425159412769358
3385,0.5365722633528037,0.2747137418604428,0.8400444846289066,0.2910392092182357,0.7734769386634225,0.8533725356640891,0.1604982360270087,0.36729245985397785,0.1362360813322228
3386,0.536193869925492,0.2744214314833115,0.8396188338036744,0.2923430980149428,0.7741960037062856,0.8525391371459645,0.16130163921861862,0.36818406884583976,0.13822830692045968
3387,0.5358151136566961,0.2741285697320368,0.8391931302470765,0.29364627210344085,0.7749151164188437,0.8517059429045425,0.16210527643029085,0.36907545864457736,0.14022831509577247
3388,0.5354359973971837,0.2738351592140951,0.838767376904777,0.2949487352028185,0.7756342786388253,0.850872951450606,0.1629091508047933,0.3699666315118004,0.14223615040158438
3389,0.5350565240063216,0.27354120254917946,0.838341576727006,0.29625049104365664,0.7763534922091764,0.8500401612948648,0.16371326549138293,0.370857589718599,0.14425185772470564
3390,0.5346766963520114,0.2732467023691323,0.8379157326684948,0.29755154336795797,0.7770727589780182,0.8492075709479574,0.16451762364575317,0.3717483355454781,0.14627548229871737
3391,0.5342965173106301,0.27295166131788157,0.837489847688416,0.2988518959290645,0.777792080798598,0.8483751789204589,0.1653222284299749,0.372638871282285,0.14830706970737728
3392,0.5339159897669639,0.272656082051372,0.8370639247503162,0.30015155249158554,0.7785114595292435,0.8475429837228814,0.16612708301244206,0.3735291992281419,0.15034666588808315
3393,0.5335351166141479,0.27235996723750044,0.8366379668220566,0.3014505168313188,0.7792308970333189,0.846710983865685,0.16693219056781544,0.3744193216913774,0.15239431713536855
3394,0.5331539007536015,0.27206331955604784,0.8362119768757466,0.30274879273516975,0.7799503951791725,0.8458791778592788,0.16773755427696221,0.37530924098945284,0.15445007010443657
3395,0.5327723450949661,0.2717661416986128,0.8357859578876816,0.3040463840010817,0.7806699558400974,0.8450475642140267,0.16854317732690458,0.376198959448899,0.15651397181475196
3396,0.5323904525560411,0.27146843636854373,0.8353599128382803,0.3053432944379493,0.7813895808942781,0.8442161414402543,0.1693490629107568,0.37708847940524026,0.1585860696536555
3397,0.5320082260627212,0.27117020628087257,0.8349338447120189,0.30663952786554916,0.7821092722247488,0.8433849080482506,0.1701552142276727,0.37797780320293084,0.16066641138004106
3398,0.5316256685489318,0.27087145416224584,0.8345077564973689,0.3079350881144576,0.7828290317193438,0.8425538625482769,0.17096163448278534,0.37886693319528175,0.16275504512806477
3399,0.5312427829565671,0.2705721827508584,0.8340816511867337,0.3092299790259717,0.7835488612706509,0.8417230034505703,0.17176832688714924,0.3797558717443919,0.16485201941090102
3400,0.5308595722354247,0.2702723947963843,0.8336555317763841,0.3105242044520361,0.7842687627759657,0.8408923292653462,0.1725752946576845,0.3806446212210804,0.1669573831245515
3401,0.5304760393431419,0.26997209305990844,0.8332294012663939,0.3118177682551579,0.7849887381372416,0.8400618385028094,0.1733825410171146,0.38153318400481284,0.16907118555168765
3402,0.5300921872451332,0.2696712803138596,0.8328032626605776,0.31311067430833506,0.7857087892610461,0.8392315296731528,0.174190069193913,0.38242156248363746,0.17119347636555454
3403,0.5297080189145237,0.2693699593419403,0.8323771189664242,0.3144029264949745,0.7864289180585118,0.8384014012865671,0.17499788242224107,0.3833097590541111,0.17332430563391057
3404,0.5293235373320875,0.26906813293905923,0.8319509731950359,0.3156945287088113,0.7871491264452872,0.8375714518532439,0.17580598394188918,0.38419777612123013,0.17546372382301748
3405,0.5289387454861811,0.26876580391126154,0.8315248283610613,0.31698548485383565,0.7878694163414937,0.8367416798833808,0.1766143769982205,0.3850856160983638,0.17761178180168855
3406,0.5285536463726809,0.2684629750756605,0.8310986874826334,0.31827579884420765,0.788589789671673,0.8359120838871882,0.17742306484210799,0.38597328140717996,0.17976853084536956
3407,0.5281682429949172,0.2681596492603677,0.830672553581304,0.3181601671218607,0.7888280906561571,0.8367237798792994,0.17737153996826951,0.38600026371597107,0.18037721050499259
3408,0.5277825383636093,0.26785582930442303,0.8302464296819794,0.31785970229527283,0.7890031240243245,0.8377512380412357,0.17720746252965783,0.3859142223540334,0.18078307572429012
3409,0.5273965354968034,0.26755151805772687,0.8298203188128583,0.31755871553294035,0.7891781201406145,0.8387792528667525,0.1770436896637006,0.3858280136378975,0.1811898439659744
3410,0.5270102374198037,0.2672467183809678,0.8293942240053639,0.31725720893248305,0.7893530831126305,0.8398078252713668,0.17688022464272243,0.3857416400217403,0.18159751630848564
3411,0.526623647165111,0.26694143314555513,0.8289681482940829,0.3169551846014462,0.7895280170519877,0.8408369561679176,0.1767170707442614,0.3856551039676928,0.18200609383135877
3412,0.5262367677723554,0.26663566523354654,0.8285420947166986,0.3166526446572488,0.7897029260742292,0.8418666464665611,0.17655423125100722,0.3855684079457684,0.18241557761524238
3413,0.5258496022882319,0.26632941753757905,0.8281160663139275,0.31634959122713313,0.789877814298745,0.8428968970747595,0.17639170945074178,0.3854815544337948,0.1828259687419185
3414,0.5254621537664353,0.2660226929607981,0.8276900661294553,0.3160460264481154,0.7900526858486883,0.84392770889727,0.17622950863627773,0.38539454591734335,0.18323726829432088
3415,0.5250744252675944,0.2657154944167868,0.8272640972098707,0.3157419524669336,0.7902275448508937,0.8449590828361403,0.17606763210539753,0.3853073848896599,0.1836494773565557
3416,0.524686419859207,0.26540782482949554,0.8268381626046024,0.3154373714399983,0.7904023954357939,0.8459910197906926,0.17590608316079287,0.3852200738515952,0.18406259701392116
3417,0.5242981406155739,0.2650996871331701,0.8264122653658538,0.3151322855333403,0.7905772417373381,0.847023520657521,0.17574486511000267,0.3851326153115353,0.18447662835292908
3418,0.523909590617733,0.26479108427228126,0.8259864085485376,0.31482669692256027,0.7907520878929082,0.8480565863304786,0.17558398126535135,0.38504501178533157,0.18489157246132412
3419,0.5235207729533945,0.26448201920145287,0.8255605952102123,0.314520607792778,0.7909269380432357,0.8490902177006667,0.175423434943888,0.3849572657962316,0.18530743042810666
3420,0.5231316907168743,0.264172494885391,0.8251348284110172,0.3142140203385804,0.7911017963323209,0.8501244156564303,0.1752632294673239,0.38486937987480974,0.18572420334355347
3421,0.5227423470090282,0.26386251429881186,0.8247091112136067,0.3139069367639711,0.791276666907347,0.8511591810833418,0.17510336816197009,0.3847813565588967,0.186141892299239
3422,0.5223527449371858,0.2635520804263695,0.8242834466830858,0.31359935928231725,0.7914515539185996,0.8521945148641997,0.1749438543586755,0.3846931983935109,0.18656049838805955
3423,0.5219628876150844,0.2632411962625845,0.8238578378869461,0.31329129011629964,0.7916264615193822,0.8532304178790123,0.17478469139276426,0.3846049079307886,0.18698002270425457
3424,0.5215727781628033,0.26292986481177194,0.8234322878950003,0.3129827314978605,0.7918013938659341,0.8542668910049909,0.17462588260397355,0.3845164877299147,0.18740046634342986
3425,0.521182419706697,0.2626180890879687,0.8230067997793166,0.31267368566815124,0.7919763551173463,0.8553039351165417,0.17446743133639003,0.38442794035705297,0.18782183040258088
3426,0.5207918153793288,0.2623058721148608,0.8225813766141552,0.3123641548774808,0.7921513494354793,0.856341551085253,0.17430934093838701,0.38433926838527677,0.1882441159801172
3427,0.5204009683194046,0.2619932169257115,0.8221560214759015,0.3120541413852637,0.7923263809848784,0.8573797397798888,0.17415161476256164,0.38425047439449955,0.18866732417588553
3428,0.5200098816717058,0.2616801265632875,0.8217307374430025,0.31174364745996697,0.7925014539326922,0.8584185020663787,0.1739942561656706,0.3841615609714055,0.18909145609119546
3429,0.5196185585870244,0.2613666040797878,0.8213055275959025,0.31143267537906016,0.7926765724485889,0.8594578388078049,0.17383726850856807,0.3840725307093811,0.18951651282884274
3430,0.5192270022220934,0.2610526525367681,0.8208803950169747,0.3111212274289594,0.7928517407046711,0.860497750864399,0.1736806551561399,0.3839833862084438,0.18994249549313638
3431,0.5188352157395232,0.2607382750050706,0.8204553427904601,0.3108093059049789,0.7930269628753946,0.8615382390935251,0.17352441947724156,0.38389413007517476,0.19036940518992157
3432,0.5184432023077323,0.2604234745647479,0.8200303740023998,0.3104969131112748,0.7932022431374842,0.862579304349677,0.1733685648446332,0.38380476492264903,0.19079724302660916
3433,0.5180509651008812,0.26010825430499057,0.8196054917405701,0.3101840513607942,0.7933775856698495,0.8636209474844639,0.17321309463491433,0.38371529337036525,0.191226010112199
3434,0.5176585072988069,0.2597926173240553,0.8191806990944197,0.30987072297522333,0.7935529946535029,0.8646631693466021,0.17305801222846218,0.3836257180441787,0.19165570755730704
3435,0.5172658320869529,0.2594765667291879,0.8187559991550007,0.3095569302849319,0.7937284742714743,0.8657059707819073,0.17290332100936393,0.3835360415762301,0.19208633647419415
3436,0.5168729426563049,0.259160105636552,0.8183313950149076,0.30924267562892305,0.793904028708729,0.8667493526332796,0.17274902436535405,0.383446266604878,0.19251789797679159
3437,0.5164798422033214,0.2588432371711535,0.8179068897682081,0.3089279613547773,0.7940796621520829,0.8677933157407013,0.17259512568774774,0.38335639577462843,0.19295039318072943
3438,0.5160865339298681,0.2585259644667673,0.8174824865103809,0.3086127898186022,0.7942553787901205,0.8688378609412221,0.1724416283713776,0.3832664317360679,0.19338382320336617
3439,0.5156930210431498,0.2582082906658629,0.8170581883382495,0.30829716338497704,0.7944311828131088,0.8698829890689487,0.17228853581452647,0.3831763771457922,0.19381818916381358
3440,0.5152993067556426,0.2578902189195293,0.816633998349916,0.30798108442689953,0.7946070784129153,0.8709287009550395,0.17213585141886284,0.383086234666339,0.1942534921829696
3441,0.5149053942850275,0.25757175238740115,0.8162099196446978,0.30766455532573367,0.7947830697829243,0.8719749974276899,0.17198357858937555,0.3829960069661193,0.19468973338354612
3442,0.514511286854122,0.25725289423758396,0.8157859553230609,0.30734757847115474,0.7949591611179526,0.8730218793121267,0.17183172073430708,0.3829056967193473,0.19512691389009743
3443,0.5141169876908128,0.2569336476465791,0.8153621084865545,0.30703015626109664,0.7951353566141661,0.874069347430596,0.17168028126508816,0.3828153066059731,0.19556503482905216
3444,0.5137225000279887,0.2566140157992093,0.8149383822377477,0.30671229110169695,0.7953116604689949,0.8751174026023527,0.17152926359627135,0.38272483931161305,0.19600409732874158
3445,0.5133278271034718,0.2562940018885427,0.8145147796801618,0.30639398540724416,0.7954880768810515,0.8761660456436531,0.1713786711454649,0.3826342975274819,0.19644410251943306
3446,0.5129329721599504,0.25597360911581857,0.8140913039182063,0.3060752416001229,0.7956646100500453,0.877215277367744,0.17122850733326594,0.3825436839503238,0.19688505153335895
3447,0.5125379384449114,0.2556528406903717,0.8136679580571138,0.3057560621107601,0.7958412641766989,0.8782650985848508,0.1710787755831943,0.38245300128234416,0.19732694550474922
3448,0.5121427292105719,0.25533169982955695,0.813244745202874,0.30543644937757136,0.7960180434626658,0.8793155101021718,0.17092947932162533,0.3823622522311412,0.1977697855698632
3449,0.5117473477138119,0.25501018975867407,0.8128216684621696,0.3051164058469058,0.7961949521104437,0.8803665127238631,0.17078062197772298,0.38227143950963727,0.19821357286702088
3450,0.511351797216106,0.25468831371089173,0.8123987309423099,0.3047959339729929,0.7963719943232943,0.8814181072510346,0.1706322069833734,0.3821805658360118,0.19865830853663793
3451,0.5109560809834544,0.25436607492717095,0.8119759357511651,0.3044750362178861,0.7965491743051556,0.8824702944817353,0.1704842377731156,0.3820896339336307,0.19910399372125653
3452,0.5105602022863176,0.2540434766561921,0.8115532859971043,0.3041537150514116,0.7967264962605611,0.8835230752109435,0.17033671778407752,0.3819986465309819,0.19955062956557948
3453,0.5101641643995445,0.25372052215427465,0.8111307847889251,0.3038319729511094,0.7969039643945539,0.8845764502305622,0.17018965045590412,0.3819076063616029,0.19999821721650446
3454,0.5097679706023078,0.2533972146853053,0.8107084352357933,0.303509812402183,0.7970815829126037,0.8856304203294019,0.17004303923069342,0.38181651616401685,0.20044675782315752
3455,0.5093716241780336,0.2530735575206591,0.8102862404471747,0.3031872358974419,0.7972593560205224,0.8866849862931746,0.16989688755292667,0.38172537868166234,0.2008962525369288
3456,0.5089751284143335,0.25274955393912363,0.8098642035327704,0.30286424593724703,0.7974372879243814,0.8877401489044857,0.16975119886940032,0.38163419666282594,0.20134670251150677
3457,0.5085784866029374,0.2524252072268241,0.8094423276024534,0.30254084502945766,0.7976153828304258,0.8887959089428172,0.16960597662915866,0.38154297286057504,0.20179810890291228
3458,0.5081817020396232,0.2521005206771445,0.8090206157661999,0.30221703568937386,0.7977936449449914,0.8898522671845256,0.1694612242834247,0.38145171003268974,0.20225047286953798
3459,0.5077847780241513,0.25177549759065376,0.8085990711340285,0.3018928204396842,0.797972078474422,0.8909092244028257,0.16931694528553243,0.3813604109415957,0.20270379557217955
3460,0.5073877178601929,0.251450141275026,0.8081776968159311,0.30156820181040767,0.798150687624983,0.8919667813677841,0.16917314309085696,0.3812690783542957,0.2031580781740768
3461,0.5069905248552637,0.25112445504496633,0.8077564959218099,0.3012431823388408,0.7983294766027798,0.8930249388463084,0.16902982115674725,0.3811777150423036,0.20361332184094805
3462,0.5065932023206555,0.250798442222133,0.8073354715614123,0.3009177645695019,0.7985084496136723,0.8940836976021344,0.16888698294245622,0.3810863237815759,0.20406952774102718
3463,0.5061957535713664,0.25047210613505994,0.8069146268442652,0.3005919510540749,0.7986876108631926,0.8951430583958208,0.1687446319090719,0.38099490735244546,0.2045266970451035
3464,0.5057981819260332,0.2501454501190809,0.8064939648796097,0.3002657443513549,0.798866964556459,0.8962030219847338,0.16860277151944814,0.38090346853955315,0.20498483092655678
3465,0.5054004907068623,0.24981847751625064,0.8060734887763366,0.2999391470271915,0.7990465148980945,0.8972635891230424,0.16846140523813524,0.3808120101317818,0.20544393056139898
3466,0.5050026832395618,0.24949119167526956,0.805653201642921,0.29961216165443494,0.7992262660921412,0.8983247605617036,0.1683205365313111,0.38072053492218927,0.20590399712831098
3467,0.5046047628532722,0.24916359595140536,0.8052331065873581,0.2992847908128791,0.7994062223419771,0.8993865370484541,0.16818016886671044,0.38062904570794087,0.20636503180868157
3468,0.504206732880498,0.24883569370641545,0.804813206717097,0.2989570370892066,0.799586387850233,0.9004489193278005,0.16804030571355605,0.3805375452902432,0.2068270357866491
3469,0.5038085966570391,0.24850748830847025,0.8043935051389768,0.2986289030769326,0.7997667668187067,0.9015119081410075,0.16790095054248833,0.380446036474277,0.20729001024913898
3470,0.5034103575219222,0.24817898313207482,0.8039740049591613,0.2983003913763491,0.7999473634482825,0.9025755042260905,0.16776210682549547,0.38035452206913134,0.2077539563859067
3471,0.5030120188173312,0.2478501815579916,0.8035547092830733,0.29797150459446914,0.8001281819388437,0.9036397083178019,0.16762377803584316,0.3802630048877361,0.20821887538957679
3472,0.5026135838885395,0.24752108697316294,0.8031356212153309,0.29764224534497113,0.8003092264891911,0.9047045211476227,0.16748596764800425,0.3801714877467962,0.20868476845568396
3473,0.5022150560838414,0.24719170277063324,0.8027167438596831,0.29731261624814276,0.8004905012969603,0.9057699434437537,0.16734867913758927,0.3800799734667263,0.20915163678271675
3474,0.5018164387544822,0.24686203234947068,0.802298080318943,0.29698261993082475,0.8006720105585348,0.9068359759311005,0.16721191598127388,0.37998846487158205,0.20961948157215618
3475,0.5014177352545898,0.24653207911468905,0.8018796336949249,0.29665225902635434,0.8008537584689649,0.9079026193312683,0.16707568165672998,0.3798969647889966,0.2100883040285219
3476,0.5010189489411061,0.2462018464771707,0.8014614070883783,0.29632153617451007,0.8010357492218838,0.9089698743625493,0.16693997964255408,0.37980547605011333,0.21055810535941247
3477,0.500620083173719,0.24587133785358845,0.8010434035989248,0.29599045402145585,0.8012179870094234,0.9094372863241078,0.16680481341819717,0.37971400148952084,0.21102888677554868
3478,0.500221141314791,0.24554055666632546,0.8006256263249912,0.29565901521968235,0.8014004760221305,0.9084422055299881,0.16667018646389184,0.3796225439451855,0.21150064949081854
3479,0.49982212672929394,0.2452095063434006,0.8002080783637477,0.29482233530093976,0.800979422674442,0.9093434678853282,0.16635855555442097,0.3793535595522257,0.21163391054437697
3480,0.49942304278473654,0.2448781903183862,0.7997907628110406,0.2933289473459875,0.7997736958416215,0.9126568284814597,0.16581666015952093,0.37885378714332085,0.2113266082393555
3481,0.49902389285109783,0.2445466120303325,0.7993736827613289,0.2918352062542896,0.7985682380253268,0.9133170649070994,0.16527531447935717,0.37835404028419267,0.21101998514268133
3482,0.4986246803007578,0.24421477492368848,0.7989568413076209,0.2903411150979829,0.7973630529482241,0.9139778080203051,0.1647345219965815,0.37785432182566914,0.2107140395928581
3483,0.4982254085084275,0.24388268244822253,0.7985402415414076,0.28884667695484745,0.7961581443314415,0.9146390580270869,0.16419428619427084,0.37735463462162966,0.2104087699280222
3484,0.4978260808510822,0.24355033805894605,0.798123886552601,0.28735189490825097,0.7949535158944989,0.9153008151308457,0.16365461055585728,0.3768549815289415,0.21010417448595192
3485,0.4974267007078901,0.24321774521603207,0.7977077794294669,0.2858567720470792,0.7937491713552258,0.9159630795323691,0.16311549856505353,0.37635536540739245,0.20980025160407917
3486,0.49702727146014464,0.24288490738473878,0.7972919232585621,0.2843613114656761,0.7925451144296894,0.9166258514298277,0.16257695370578318,0.37585578911962847,0.20949699961950033
3487,0.4966277964911961,0.24255182803533026,0.7968763211246708,0.28286551626378315,0.7913413488321188,0.9172891310187596,0.16203897946210793,0.3753562555310875,0.20919441686898627
3488,0.4962282791863817,0.24221851064299754,0.7964609761107391,0.2813693895464713,0.7901378782748265,0.9179529184920727,0.16150157931815484,0.3748567675099355,0.20889250168899476
3489,0.4958287229329571,0.24188495868777993,0.7960458912978114,0.279872934424083,0.7889347064681356,0.918617214040031,0.1609647567580449,0.374357327927002,0.20859125241568188
3490,0.4954291311200272,0.24155117565448592,0.7956310697649664,0.2783761540121652,0.7877318371203013,0.9192820178502512,0.16042851526581944,0.373857939655715,0.2082906673849133
3491,0.4950295071384776,0.24121716503261487,0.7952165145892529,0.27687905143140756,0.7865292739374361,0.9199473301076946,0.15989285832536854,0.37335860557203737,0.20799074493227587
3492,0.4946298543809062,0.2408829303162781,0.7948022288456262,0.2753816298075824,0.7853270206234368,0.920613150994659,0.15935778942035878,0.3728593285544038,0.20769148339309215
3493,0.49423017624155285,0.2405484750041192,0.7943882156068836,0.2738838922714756,0.7841250808799043,0.9212794806907757,0.15882331203415895,0.3723601114836546,0.20739288110242993
3494,0.493830476116232,0.24021380259923591,0.7939744779436011,0.27238584195883,0.7829234584060719,0.9219463193729959,0.15828942964976883,0.3718609572429738,0.2070949363951167
3495,0.4934307574022627,0.2398789166091005,0.7935610189240694,0.27088748201027635,0.7817221568987271,0.9226136672155896,0.157756145749745,0.37136186871782445,0.20679764760575228
3496,0.4930310234984001,0.23954382054548046,0.7931478416142295,0.2693888155712731,0.7805211800521372,0.923281524390137,0.15722346381612817,0.37086284879588494,0.2065010130687218
3497,0.49263127780476723,0.2392085179243606,0.7927349490776107,0.2678898457920448,0.7793205315579752,0.9239498910655182,0.1566913873303712,0.3703639003669871,0.20620503111820973
3498,0.4922315237227855,0.238873012265863,0.7923223443752654,0.26639057582751446,0.7781202151052418,0.9246187674079112,0.15615991977326393,0.3698650263230507,0.20590970008821166
3499,0.49183176465510514,0.23853730709416715,0.7919100305657055,0.26489100883724437,0.7769202343801923,0.9252881535807811,0.15562906462486079,0.3693662295580217,0.20561501831255116
3500,0.49143200400553877,0.23820140593743294,0.7914980107048413,0.26339114798537067,0.7757205930662607,0.9259580497448744,0.15509882536440844,0.3688675129678095,0.205320984124891
3501,0.4910322451789895,0.23786531232771857,0.7910862878459144,0.26189099644053876,0.774521294843983,0.9266284560582131,0.15456920547026973,0.3683688794502225,0.20502759585874936
3502,0.49063249158138544,0.2375290298009045,0.790674865039438,0.26039055737584543,0.773322343390926,0.9272993726760841,0.15404020841985316,0.3678703319049073,0.20473485184751267
3503,0.4902327466196077,0.2371925618966108,0.7902637453331305,0.2588898339687681,0.7721237423816072,0.9279707997510361,0.1535118376895364,0.3673718732332843,0.20444275042445273
3504,0.48983301370142385,0.2368559121581204,0.7898529317718543,0.2573888294011061,0.7709254954874227,0.9286427374328705,0.15298409675459396,0.36687350633848614,0.20415128992273895
3505,0.4894332962354191,0.23651908413229894,0.7894424273975531,0.25588754685891835,0.7697276063765744,0.9293151858686338,0.15245698908912403,0.3663752341252961,0.2038604686754561
3506,0.48903359763092624,0.23618208136951507,0.7890322352491861,0.25438598953245484,0.768530078713989,0.9299881452026125,0.15193051816597258,0.3658770595000841,0.2035702850156174
3507,0.48863392129795863,0.2358449074235614,0.7886223583626686,0.2528841606160992,0.7673329161612503,0.9306616155763229,0.15140468745666105,0.3653789853707464,0.20328073727618245
3508,0.4882342706471401,0.23550756585157506,0.7882127997708057,0.2513820633083004,0.7661361223765184,0.9313355971285073,0.1508795004313112,0.3648810146466424,0.2029918237900712
3509,0.4878346490896375,0.23517006021395853,0.7878035625032322,0.24987970081151112,0.7649397010144585,0.9320100899951256,0.15035496055857162,0.36438315023853385,0.20270354289018083
3510,0.48743506003709147,0.23483239407429984,0.7873946495863482,0.24837707633212686,0.7637436557261668,0.9326850943093461,0.1498310713055433,0.3638853950585228,0.20241589290940265
3511,0.4870355069015484,0.2344945709992936,0.7869860640432575,0.2468741930804174,0.7625479901590928,0.9333606102015425,0.14930783613770485,0.3633877520199903,0.2021288721806372
3512,0.4866359930953912,0.23415659455866117,0.786577808893704,0.24537105427046865,0.7613527079569686,0.9340366377992819,0.14878525851883886,0.36289022403753474,0.201842479036812
3513,0.48623652203127177,0.23381846832507125,0.7861698871540104,0.24386766312011493,0.760157812759732,0.9347131772273222,0.14826334191095697,0.36239281402691154,0.20155671181089893
3514,0.48583709712204115,0.23348019587406055,0.7857623018370137,0.24236402285087685,0.7589633082034518,0.9353902286076026,0.14774208977422493,0.36189552490497084,0.20127156883593011
3515,0.48543772178068295,0.23314178078395437,0.7853550559520058,0.24086013668790063,0.7577691979202577,0.9360677920592355,0.14722150556688898,0.361398359589598,0.2009870484450161
3516,0.48503839942024346,0.2328032266357874,0.7849481525046691,0.2393560078598895,0.75657548553826,0.9367458676985017,0.14670159274520028,0.3609013209996519,0.2007031489713628
3517,0.4846391334537642,0.23246453701322356,0.7845415944970151,0.23785163959904573,0.7553821746814822,0.937424455638841,0.14618235476334113,0.3604044120549055,0.20041986874829126
3518,0.48423992729421317,0.23212571550247735,0.7841353849273218,0.23634703514100266,0.7541892689697816,0.9381035559908478,0.14566379507334892,0.359907635675984,0.20013720610925242
3519,0.4838407843544162,0.23178676569223322,0.7837295267900724,0.23484219772476214,0.752996772018777,0.9387831688622603,0.1451459171250415,0.35941099478430516,0.19985515938784784
3520,0.48344170804699066,0.23144769117356812,0.7833240230758935,0.23333713059263564,0.7518046874397788,0.9394632943579556,0.14462872436594432,0.3589144923020211,0.19957372691784836
3521,0.48304270178427444,0.23110849553986956,0.7829188767714925,0.23183183699017285,0.7506130188397087,0.9401439325799434,0.14411222024121184,0.3584181311519547,0.19929290703321031
3522,0.48264376897826006,0.2307691823867581,0.7825140908595961,0.23032632016610616,0.7494217698210315,0.9392685150975004,0.14359640819355568,0.35792191425754327,0.19901269806809743
3523,0.4822449130405259,0.23042975531200743,0.7821096683188897,0.2288205833722816,0.748230943981679,0.9358601186207007,0.14308129166316777,0.35742584454277687,0.1987330983568964
3524,0.48184613738216747,0.23009021791546397,0.7817056121239541,0.22731462986359682,0.7470405449149764,0.9324652520353196,0.1425668740876452,0.3569299249321395,0.19845410623423967
3525,0.48144744541373113,0.2297505737989693,0.7813019252452063,0.2258084628979415,0.7458505762095717,0.9290838459732661,0.14205315890191678,0.3564341583505508,0.1981757200350229
3526,0.481048840545144,0.22941082656627865,0.7808986106488357,0.22430208573612676,0.7446610414493585,0.9257158315242564,0.14154014953816507,0.35593854772330485,0.1978979380944248
3527,0.48065032618564835,0.2290709798229837,0.7804956712967455,0.22279550164182965,0.7434719442134075,0.9223611402318849,0.14102784942575358,0.3554430959760136,0.1976207587479274
3528,0.48025190574373133,0.22873103717643084,0.780093110146489,0.2212887138815229,0.7422832880758881,0.9190197040897083,0.14051626199114936,0.3549478060345458,0.19734418033133616
3529,0.47985358262705957,0.22839100223564412,0.7796909301512103,0.21978172572441543,0.7410950766059996,0.9156914555373931,0.14000539065784925,0.35445268082497017,0.19706820118079965
3530,0.47945536024240976,0.22805087861124418,0.7792891342595831,0.21827454044238945,0.7399073133678982,0.9123763274568971,0.1394952388463031,0.3539577232734958,0.19679281963283046
3531,0.479057241995602,0.22771066991537026,0.7788877254157496,0.21676716130993387,0.7387200019206213,0.9090742531686791,0.13898580997383975,0.353462936306415,0.1965180340243262
3532,0.4786592312914319,0.2273703797615998,0.77848670655926,0.21525959160408523,0.737533145818019,0.9057851664279715,0.13847710745459008,0.3529683228500443,0.19624384269259013
3533,0.47826133153360223,0.2270300117648697,0.7780860806250111,0.21375183460436006,0.7363467486086769,0.9025090014210647,0.13796913469941163,0.35247388583066575,0.19597024397535062
3534,0.4778635461246568,0.22668956954139713,0.777685850543187,0.2122438935926939,0.7351608138358474,0.899245692761652,0.13746189511581403,0.35197962817447137,0.19569723621078586
3535,0.47746587846591265,0.2263490567086005,0.7772860192391983,0.21073577185338024,0.7339753450373772,0.8959951754872071,0.1369553921078827,0.351485552807504,0.19542481773754225
3536,0.4770683319573918,0.22600847688501985,0.7768865896336214,0.20922747267300154,0.7327903457456322,0.8927573850553856,0.13644962907620262,0.35099166265559956,0.1951529868947566
3537,0.47667090999775524,0.22566783369023802,0.7764875646421394,0.20771899934037302,0.7316058194874291,0.889532257340488,0.13594460941778408,0.35049796064433125,0.1948817420220795
3538,0.47627361598423473,0.2253271307448012,0.7760889471754803,0.20621035514647315,0.7304217697839608,0.8863197286299358,0.13544033652598508,0.35000444969895095,0.19461108145969563
3539,0.47587645331256545,0.2249863716701398,0.7756907401393578,0.2047015433843831,0.729238200150724,0.8831197356207965,0.13493681379043634,0.3495111327443324,0.19434100354834632
3540,0.4754794253769209,0.22464556008849051,0.7752929464344136,0.20319256734922692,0.7280551140974527,0.8799322154163506,0.1344340445969672,0.34901801270491667,0.19407150662935344
3541,0.4750825355698431,0.22430469962281596,0.7748955689561536,0.2016834303381018,0.7268725151280384,0.8767571055226696,0.13393203232752654,0.34852509250465213,0.19380258904463893
3542,0.47468578728217753,0.2239637938967261,0.7744986105948921,0.20017413565002123,0.7256904067404666,0.8735943438452646,0.13343078036010977,0.3480323750669411,0.1935342491367514
3543,0.47428918390300595,0.22362284653440018,0.7741020742356902,0.19866468658584788,0.7245087924267399,0.8704438686857316,0.13293029206868162,0.3475398633145819,0.1932664852488854
3544,0.47389272881957833,0.22328186116050597,0.7737059627582963,0.1971550864482313,0.7233276756728078,0.8673056187384592,0.13243057082309959,0.3470475601697124,0.19299929572490662
3545,0.47349642541724857,0.22294084140012338,0.7733102790370887,0.1956453385415486,0.7221470599584994,0.8641795330873645,0.13193161998904068,0.3465554685537569,0.1927326789093759
3546,0.4731002770794051,0.2225997908786636,0.7729150259410147,0.19413544617183512,0.7209669487574459,0.8610655512026424,0.13143344292792214,0.34606359138736686,0.19246663314756984
3547,0.4727042871874064,0.2222587132217913,0.7725202063335321,0.19262541264672833,0.7197873455370163,0.8579636129375839,0.13093604299682787,0.34557193159036786,0.1922011567855075
3548,0.4723084591205136,0.22191761205534638,0.772125823072551,0.19111524127539978,0.7186082537582414,0.8548736585253884,0.13043942354843197,0.3450804920817038,0.19193624816997254
3549,0.47191279625582316,0.22157649100526333,0.7717318790103732,0.18960493536849315,0.7174296768757449,0.8517956285760353,0.12994358793092112,0.34458927577938014,0.19167190564853742
3550,0.47151730196820363,0.22123535369749625,0.7713383769936372,0.1880944982380668,0.7162516183376761,0.8487294640731832,0.12944853948792234,0.34409828560041233,0.19140812756958817
3551,0.4711219796302246,0.22089420375793578,0.7709453198632543,0.1865839331975215,0.7150740815856329,0.845675106371083,0.1289542815584222,0.34360752446076664,0.1911449122823483
3552,0.4707268326120961,0.22055304481233529,0.7705527104543568,0.1878878113806324,0.716110238439643,0.8505011961679968,0.12864251908110905,0.3432986968797237,0.19121935391740214
3553,0.47033186428159696,0.22021188048622808,0.770160551596233,0.18923299557227272,0.7171794278545556,0.8554724977581027,0.1283342258634702,0.342992776248997,0.19129925158895894
3554,0.46993707800401313,0.21987071440485267,0.7697688461122743,0.19057809962348407,0.7182491052146205,0.8604736761266844,0.12802673314770652,0.3426870933986693,0.19137964692150047
3555,0.4695424771420695,0.21952955019307208,0.7693775968199144,0.19192312782529672,0.7193192727995357,0.865504986872172,0.12772004425349365,0.3423816512399762,0.19146053927914639
3556,0.46914806505586487,0.2191883914752971,0.7689868065305729,0.19326808446776345,0.7203899328844574,0.8705666885616418,0.12741416249548987,0.34207645268283554,0.19154192802649886
3557,0.46875384510280543,0.21884724187540666,0.7685964780495964,0.19461297383987355,0.7214610877399411,0.8756590427743175,0.12710909118325936,0.34177150063579326,0.1916238125286781
3558,0.46835982063754056,0.2185061050166715,0.7682066141762021,0.19595780022948284,0.7225327396318975,0.8807823141458792,0.12680483362119643,0.3414667980059703,0.19170619215135445
3559,0.4679659950118957,0.21816498452167454,0.7678172177034193,0.19730256792323142,0.7236048908215365,0.8859367704135233,0.12650139310844982,0.34116234769900905,0.1917890662607849
3560,0.4675723715748079,0.21782388401223407,0.7674282914180328,0.19864728120646505,0.724677543565315,0.8911226824618285,0.12619877293884613,0.3408581526190203,0.19187243422384606
3561,0.46717895367226,0.217482807109325,0.7670398381005252,0.19999194436316167,0.7257507001148893,0.8963403243694543,0.1258969764008141,0.34055421566852984,0.19195629540806958
3562,0.466785744647215,0.21714175743300113,0.7666518605250203,0.20133656167585207,0.7268243627170629,0.9015899734566534,0.12559600677730892,0.3402505397484267,0.19204064918167837
3563,0.4663927478395525,0.21680073860231883,0.7662643614592263,0.20268113742554006,0.7278985336137324,0.906871910333627,0.12529586734573656,0.3399471277579099,0.1921254949136187
3564,0.46599996658600096,0.21645975423525665,0.765877343664378,0.20402567589163043,0.7289732150418418,0.9121864189497818,0.12499656137787624,0.3396439825944356,0.19221083197359823
3565,0.4656074042200757,0.21611880794864077,0.7654908098951823,0.205370181351846,0.7300484092333264,0.9175337866438231,0.12469809213980729,0.33934110715366694,0.19229665973212065
3566,0.46521506407201135,0.21577790335806493,0.765104762899759,0.2067146580821556,0.7311241184150669,0.9229143041948037,0.12440046289183049,0.3390385043294192,0.1923829775605204
3567,0.46482294946869845,0.21543704407781425,0.7647192054195864,0.20805911035669486,0.7322003448088361,0.9283282658740571,0.12410367688839338,0.33873617701360975,0.19246978483099914
3568,0.4644310637336195,0.2150962337207885,0.7643341401894451,0.20940354244768739,0.733277090631248,0.9337759694980812,0.12380773737801576,0.33843412809620715,0.19255708091666168
3569,0.4640394101867818,0.21475547589842273,0.7639495699373604,0.21074795862537238,0.7343543580937104,0.9392577164824103,0.12351264760321089,0.33813236046517725,0.19264486519155175
3570,0.4636479921446564,0.21441477422061278,0.7635654973845489,0.21209236315792315,0.7354321494023704,0.9447738118964243,0.12321841080041314,0.3378308770064351,0.1927331370306884
3571,0.4632568129201106,0.21407413229563566,0.76318192524536,0.21343676031137462,0.736510466758069,0.9503245645192143,0.12292503019989906,0.33752968060379085,0.19282189581010187
3572,0.46286587582234545,0.213733553730074,0.7627988562272219,0.2147811543495453,0.7375893123562882,0.9521784669856436,0.1226325090257137,0.33722877413890073,0.1929111409068705
3573,0.46247518415683153,0.2133930421287391,0.7624162930305866,0.2161255495339583,0.7386686883871008,0.9517686873821689,0.12234085049559468,0.33692816049121666,0.19300087169915767
3574,0.46208474122524384,0.21305260109459326,0.7620342383488727,0.2174699501237701,0.7397485970351232,0.9513590464036631,0.12205005782089541,0.33662784253793415,0.19309108756624763
3575,0.4616945503253996,0.21271223422867427,0.761652694868413,0.2188143603756892,0.7408290404794629,0.9509495428619242,0.12176013420651101,0.33632782315394394,0.1931817878885828
3576,0.46130461475119233,0.2123719451300173,0.7612716652683964,0.22015878454390395,0.7419100208936709,0.9505401755683753,0.12147108285080156,0.3360281052117805,0.19327297204780192
3577,0.46091493779252996,0.21203173739557962,0.7608911522208157,0.2215032268800058,0.7429915404456933,0.9501309433340703,0.12118290694551706,0.335728691581573,0.19336463942677545
3578,0.46052552273527037,0.2116916146201635,0.7605111583904115,0.2228476916329094,0.7440736012978177,0.9497218449696989,0.12089560967572179,0.3354295851309951,0.19345678940964392
3579,0.46013637286115794,0.21135158039634017,0.7601316864346179,0.2241921830487842,0.7451562056066298,0.949312879285584,0.12060919421971926,0.33513078872521596,0.19354942138185544
3580,0.45974749144776045,0.2110116383143732,0.7597527390035085,0.22553670537097056,0.746239355522959,0.9489040450916928,0.12032366374897596,0.3348323052268508,0.19364253473020335
3581,0.4593588817684057,0.2106717919621429,0.7593743187397419,0.22688126283991122,0.7473230531918339,0.9484953411976341,0.12003902142804693,0.3345341374959115,0.1937361288428629
3582,0.45897054709211826,0.2103320449250695,0.7589964282785078,0.22822585969307277,0.7484073007524323,0.9480867664126641,0.11975527041449996,0.3342362883897583,0.19383020310943147
3583,0.4585824906835567,0.20999240078603812,0.7586190702474729,0.22957050016486766,0.7494921003380293,0.9476783195456906,0.11947241385884011,0.3339387607630503,0.19392475692096348
3584,0.4581947158029504,0.20965286312532197,0.758242247266727,0.23091518848658527,0.7505774540759548,0.947269999405276,0.11919045490443476,0.33364155746769764,0.19401978967001132
3585,0.4578072257060377,0.2093134355205081,0.7578659619487308,0.23225992888631017,0.7516633640875392,0.9468618047996397,0.11890939668743944,0.3333446813528137,0.19411530075066205
3586,0.4574200236440019,0.20897412154642,0.7574902168982605,0.23360472558885245,0.7527498324880701,0.9464537345366629,0.11862924233672079,0.3330481352646656,0.19421128955857656
3587,0.45703311286340903,0.2086349247750427,0.7571150147123553,0.23494958281567022,0.753836861386741,0.9460457874238898,0.11834999497378233,0.3327519220466266,0.19430775549102738
3588,0.4566464966061475,0.20829584877544907,0.7567403579802663,0.23629450478479394,0.7549244528866044,0.9456379622685355,0.11807165771269118,0.3324560445391305,0.19440469794693807
3589,0.4562601781093622,0.20795689711372148,0.7563662492833992,0.23763949571075513,0.7560126090845246,0.9452302578774858,0.11779423366000003,0.3321605055796206,0.19450211632692155
3590,0.4558741606053959,0.20761807335287932,0.7559926911952667,0.2389845598045072,0.7571013320711277,0.9408987866104566,0.11751772591467492,0.3318653080025057,0.1946000100333193
3591,0.45548844732172505,0.20727938105280264,0.7556196862814322,0.24032970127335615,0.7581906239307583,0.9353412036323773,0.1172421375680193,0.33157045463911106,0.19469837847024044
3592,0.45510304148089836,0.20694082377015702,0.7552472370994583,0.2416749243208834,0.7592804867414283,0.9298124817179519,0.11696747170359896,0.3312759483176315,0.19479722104360023
3593,0.45471794630047624,0.2066024050583205,0.7548753461988561,0.2430202331468704,0.76037092257477,0.9243124100798692,0.11669373139716901,0.3309817918630865,0.19489653716115984
3594,0.45433316499296705,0.20626412846730624,0.754504016121031,0.24436563194722866,0.7614619334959918,0.918840779904461,0.11642091971659715,0.33068798809727135,0.1949963262325664
3595,0.453948700765768,0.20592599754369065,0.7541332493992325,0.24571112491392108,0.762553521563827,0.9133973843286249,0.11614903972179104,0.3303945398387124,0.19509658766939048
3596,0.45356455682110186,0.205588015830537,0.7537630485585012,0.2470567162348925,0.7636456888304914,0.9079820184170285,0.11587809446462292,0.3301014499026207,0.19519732088516842
3597,0.45318073635595674,0.20525018686732205,0.7533934161156182,0.2484024100939946,0.7647384373416344,0.9025944791396635,0.11560808698885544,0.3298087211008456,0.1952985252954399
3598,0.45279724256202514,0.20491251418986184,0.7530243545790531,0.24974821067090927,0.7658317691362897,0.8972345653497145,0.11533902033006732,0.3295163562418294,0.19540020031778818
3599,0.452414078625642,0.20457500133023687,0.7526558664489131,0.2510941221410812,0.7669256862468354,0.8919020777617046,0.11507089751557945,0.32922435813056194,0.19550234537188171
3600,0.4520312477277258,0.20423765181672007,0.752287954216893,0.2524401486756386,0.768020190698941,0.886596818929997,0.11480372156438105,0.32893272956853553,0.195604959879511
3601,0.45164875304371566,0.20390046917370055,0.7519206203662214,0.253786294441325,0.7691152845115259,0.8813185932275407,0.1145374954870545,0.32864147335369887,0.19570804326463195
3602,0.4512665977435125,0.2035634569216118,0.7515538673716137,0.2551325636004248,0.7702109696967123,0.8760672068249524,0.11427222228570302,0.3283505922804134,0.1958115949534045
3603,0.45088478499141815,0.20322661857685737,0.7511876976992193,0.25647896031068657,0.7713072482597769,0.8708424676698798,0.11400790495387537,0.32806008913940793,0.19591561437423308
3604,0.4505033179460748,0.2028899576517378,0.7508221138065719,0.2578254887252579,0.7724041221991094,0.8656441854666235,0.11374454647649344,0.3277699667177343,0.19602010095780764
3605,0.4501221997604057,0.20255347765437753,0.7504571181425398,0.2591721529926049,0.7735015935061625,0.8604721716560839,0.11348214982977765,0.327480227798723,0.19612505413714307
3606,0.44974143358155455,0.2022171820886515,0.7500927131472752,0.2605189572564466,0.7745996641654109,0.8553262393959399,0.11322071798117382,0.3271908751619393,0.19623047334762087
3607,0.44936102255082544,0.20188107445411152,0.7497289012521645,0.2618659056556787,0.7756983361543033,0.8502062035411277,0.11296025388927941,0.32690191158313897,0.19633635802703067
3608,0.4489809698036248,0.2015451582459155,0.7493656848797803,0.263213002324301,0.7767976114432169,0.8451118806245883,0.11270076050377088,0.3266133398342256,0.19644270761560875
3609,0.44860127846940023,0.2012094369547529,0.7490030664438301,0.2645602513913503,0.777897491995416,0.8400430888382472,0.11244224076532969,0.3263251626832057,0.1965495215560805
3610,0.4482219516715813,0.20087391406677246,0.748641048349107,0.26590765698082036,0.7789979797670009,0.8349996480142998,0.11218469760556932,0.3260373828941463,0.19665679929370192
3611,0.44784299252752224,0.20053859306351118,0.7482796329914436,0.26725522321159956,0.7800990767068715,0.8299813796067027,0.11192813394696313,0.32575000322713266,0.19676454027629986
3612,0.4474644041484401,0.20020347742182018,0.747918822757659,0.2686029541973937,0.7812007847566768,0.8249881066729499,0.11167255270276961,0.32546302643822284,0.1968727439543126
3613,0.4470861896393584,0.19986857061379457,0.7475586200255138,0.26995085404665387,0.7823031058507706,0.8200196538560938,0.11141795677696176,0.3251764552794085,0.19698140978083306
3614,0.4467083520990469,0.19953387610669987,0.7471990271636594,0.27129892686250967,0.7834060419161717,0.815075847366981,0.11116434906415261,0.3248902924985696,0.19709053721164851
3615,0.4463308946199632,0.19919939736290107,0.7468400465315906,0.2726471767426951,0.7845095948725169,0.8101565149667586,0.11091173244952332,0.3246045408394334,0.19720012570528297
3616,0.44595382028819547,0.19886513783979157,0.746481680479598,0.27399560777947696,0.7856137666320158,0.8052614859496072,0.11066010980875143,0.32431920304153267,0.19731017472303786
3617,0.445577132183402,0.19853110098971966,0.7461239313487187,0.27534422405958714,0.7867185590994109,0.8003905911256878,0.11040948400793639,0.32403428184016253,0.197420683729035
3618,0.4452008333787562,0.19819729025992058,0.7457668014706906,0.27669302966414877,0.7878239741719308,0.7955436628043475,0.11015985790353063,0.3237497799663411,0.19753165219025692
3619,0.44482492694088555,0.19786370909244208,0.745410293167903,0.2780420286686086,0.788930013739249,0.7907205347775178,0.10991123434226405,0.3234657001467654,0.19764307957658922
3620,0.44444941592981546,0.19753036092407505,0.7450544087533504,0.27939122514266557,0.7900366796834404,0.7859210423033559,0.10966361616107376,0.3231820451037717,0.1977549653608625
3621,0.4440743033989123,0.19719724918628329,0.7446991505305857,0.2807406231501989,0.7911439738789356,0.7811450220901038,0.10941700618703298,0.32289881755529487,0.19786730901889435
3622,0.4436995923948238,0.19686437730513076,0.7443445207936721,0.2820902267492018,0.7922518981924835,0.776392312280137,0.10917140723727707,0.3226160202148261,0.19798011002953173
3623,0.44332528595742426,0.19653174870121384,0.743990521827138,0.2834400399917077,0.7933604544831022,0.771662752434262,0.10892682211893387,0.3223336557913734,0.198093367874691
3624,0.44295138711975524,0.19619936678958844,0.7436371559059286,0.28355024990328526,0.793545114640326,0.7702187680385197,0.10949066945677553,0.3228591428171449,0.19973267807060893
3625,0.4425778989079701,0.1958672349797017,0.7432844252953617,0.28258834406453637,0.79293088617213,0.771602961109329,0.11075384179071053,0.32408337374507207,0.20270346147527832
3626,0.442204824341277,0.19553535667532135,0.7429323322510797,0.28162658210474445,0.7923173860761838,0.7729886749597029,0.11201803631667723,0.32530804568973415,0.20568988506151323
3627,0.4418321664318813,0.19520373527446536,0.7425808790190053,0.28066496724657947,0.7917046171191501,0.7743759076163415,0.11328325580105882,0.32653316134180466,0.2086920738644767
3628,0.4414599281849302,0.19487237416933323,0.7422300678352943,0.2797035027091287,0.7910925820565805,0.7757646570973575,0.11454950299987056,0.32775872338726975,0.21171015427692744
3629,0.4410881125984566,0.19454127674623642,0.7418799009262922,0.2787421917078372,0.7904812836328595,0.7771549214123602,0.1158167806586961,0.3289847345073963,0.2147442540676971
3630,0.44071672266332124,0.1942104463855278,0.7415303805084859,0.2777810374544526,0.7898707245811464,0.7785466985625237,0.11708509151261244,0.33021119737868754,0.21779450240044726
3631,0.4403457613631594,0.19387988646153473,0.7411815087884619,0.2768200431569713,0.7892609076233221,0.779939986540663,0.1183544382861187,0.3314381146728443,0.2208610298527351
3632,0.4399752316743228,0.193549600342488,0.740833287962859,0.27585921201957936,0.7886518354699315,0.7813347833313105,0.1196248236930703,0.33266548905672993,0.22394396843540815
3633,0.43960513656582556,0.19321959139045458,0.7404857202183248,0.27489854724260043,0.7880435108201281,0.7827310869107896,0.12089625043660318,0.33389332319232673,0.22704345161229225
3634,0.4392354789992879,0.19288986296126806,0.740138807731471,0.2739380520224368,0.7874359363616189,0.7841288952472949,0.12216872120906866,0.33512161973670207,0.2301596143202279
3635,0.4388662619288809,0.19256041840446056,0.7397925526688286,0.2729777295515162,0.7868291147706092,0.785528206300963,0.12344223869196101,0.3363503813419678,0.2332925929894211
3636,0.4384974883012729,0.1922312610631955,0.7394469571868054,0.2720175830182377,0.7862230487117485,0.7869290180239522,0.12471680555584702,0.3375796106552418,0.23644252556413306
3637,0.4381291610555718,0.19190239427419717,0.7391020234316399,0.2710576156069122,0.785617740838074,0.7883313283605203,0.125992424460299,0.3388093103186125,0.23960955152372737
3638,0.43776128312327406,0.19157382136768633,0.7387577535393601,0.2700978304977138,0.7850131937909587,0.7897351352470986,0.12726909805382253,0.34003948296909847,0.2427938119040436
3639,0.43739385742820647,0.19124554566730897,0.738414149635738,0.26913823086661903,0.7844094102000546,0.7911404366123733,0.1285468289737894,0.34127013123861355,0.24599544931915393
3640,0.437026886886474,0.1909175704900712,0.7380712138362473,0.2681788198853553,0.7838063926832399,0.7925472303773617,0.12982561984636826,0.34250125775392914,0.24921460798346573
3641,0.43666037440640576,0.19058989914627142,0.7377289482460212,0.2672196007213472,0.7832041438465667,0.7939555144554891,0.1311054732864529,0.3437328651366347,0.2524514337341962
3642,0.43629432288849945,0.19026253493943274,0.7373873549598078,0.266260576537659,0.7826026662842039,0.7953652867526712,0.1323863918975985,0.3449649560031057,0.25570607405424195
3643,0.43592873522536957,0.18993548116623704,0.7370464360619294,0.26530175049294424,0.782001962578388,0.7967765451673879,0.13366837827194716,0.34619753296446154,0.2589786780954083
3644,0.43556361430169194,0.18960874111645692,0.7367061936262389,0.26434312574138813,0.7814020352993672,0.7981892875907677,0.134951434990165,0.3474305986265344,0.2622693967020611
3645,0.4351989629941511,0.18928231807289028,0.7363666297160776,0.263384705432655,0.7808028870053487,0.7996035119066655,0.13623556462137099,0.34866415558983027,0.26557838243515686
3646,0.43483478417138804,0.18895621531129406,0.7360277463842348,0.2624264927118366,0.7802045202424486,0.8010192159917393,0.13752076972306732,0.34989820644949177,0.2689057895966879
3647,0.434471080693945,0.18863043610031713,0.735689545672904,0.2614684907193943,0.779606937544636,0.8024363977155364,0.13880705284107653,0.3511327537952668,0.27225177425455993
3648,0.4341078554142152,0.1883049837014359,0.735352029613644,0.2605107025911101,0.7790101414336847,0.8038550549405682,0.14009441650946786,0.35236780021146763,0.27561649426786766
3649,0.4337451111763872,0.18797986136888636,0.7350152002273338,0.2595531314580289,0.7784141344191171,0.8052751855223949,0.14138286325049382,0.3536033482769393,0.27900010931263436
3650,0.4333828508163951,0.1876550723496012,0.7346790595241357,0.2585957804464083,0.7778189189981564,0.806696787309706,0.14267239557452313,0.35483940056502494,0.2824027809079752
3651,0.4330210771618648,0.1873306198831424,0.7343436095034518,0.2576386526776652,0.7772244976556726,0.808119858144399,0.14396301597996808,0.35607595964352545,0.28582467244271104
3652,0.43265979303206226,0.1870065072016374,0.7340088521538846,0.25668175126832155,0.7766308728641327,0.8095443958616664,0.145254726953226,0.3573130280746727,0.28926594920246484
3653,0.43229900123784176,0.18668273752971362,0.7336747894531959,0.2557250793299535,0.7760380470835495,0.810970398290071,0.14654753096860354,0.358550608415087,0.2927267783971976
3654,0.4319387045815943,0.18635931408443415,0.7333414233682674,0.254768639969137,0.7754460227614309,0.8123978632516347,0.14784143048825782,0.35978870321574946,0.2962073291892548
3655,0.4315789058571946,0.186036240075232,0.7330087558550596,0.25381243628739547,0.774854802332728,0.8138267885619188,0.14913642796212567,0.36102731502196406,0.29970777272188276
3656,0.4312196078499526,0.18571351870384822,0.7326767888585739,0.2528564713811503,0.7742643882197882,0.8152571720301034,0.15043252582785666,0.36226644637332317,0.30322828214824443
3657,0.43086081333655957,0.18539115316426547,0.7323455243128107,0.25190074834166415,0.7736747828323017,0.8166890114590776,0.15172972651075142,0.36350609980367754,0.30676903266096484
3658,0.4305025250850387,0.18506914664264532,0.7320149641407325,0.2509452702549936,0.7730859885672541,0.8181223046455158,0.15302803242369017,0.3647462778410974,0.31033020152216906
3659,0.4301447458546943,0.1847475023172647,0.7316851102542231,0.24999004020193383,0.7724980078088759,0.8195570493799675,0.15432744596707257,0.3659869830078447,0.31391196809407906
3660,0.4297874783960605,0.18442622335845196,0.7313559645540499,0.2490350612579684,0.7719108429285937,0.8209932434469387,0.15562796952874947,0.3672282178203371,0.31751451387013385
3661,0.42943072545085204,0.18410531292852408,0.7310275289298249,0.24808033649321884,0.7713244962849817,0.8224308846249737,0.15692960548395618,0.368469984789113,0.32113802250666484
3662,0.4290744897519124,0.1837847741817229,0.7306998052599658,0.2471258689723902,0.7707389702237105,0.8238699706867472,0.15823235619525133,0.3697122864188036,0.324782679855152
3663,0.42871877402316655,0.18346461026415378,0.7303727954116592,0.24617166175472424,0.7701542670775032,0.825310499399139,0.15953622401244816,0.37095512520809554,0.3284486739950328
3664,0.42836358097956817,0.18314482431372134,0.7300465012408212,0.24521771789394392,0.7695703891660821,0.8267524685233297,0.16084121127255296,0.3721985036497019,0.33213619526712385
3665,0.4280089133270523,0.1828254194600684,0.7297209245920604,0.2442640404382053,0.7689873387961241,0.828195875814879,0.1621473202997002,0.3734424242303297,0.33584543630762903
3666,0.4276547737624856,0.18250639882451342,0.729396067298641,0.24331063243004705,0.7684051182612126,0.8296407190238124,0.1634545534050849,0.37468688943064443,0.33957659208275864
3667,0.42730116497361637,0.18218776551998825,0.7290719311824445,0.24235749690633765,0.7678237298417883,0.8310869958947109,0.16476291288690464,0.37593190172524366,0.343329859923996
3668,0.42694808963902636,0.18186952265097678,0.7287485180539333,0.2414046368982275,0.7672431758051035,0.832534704166793,0.1660724010302892,0.37717746358261983,0.34710543956397577
3669,0.4265955504280826,0.1815516733134542,0.7284258297121146,0.2404520554310976,0.7666634584051755,0.8339838415740044,0.1673830201072432,0.37842357746513433,0.3509035331730428
3670,0.4262435500008872,0.1812342205948239,0.7281038679445018,0.23949975552450825,0.7660845798827376,0.8354344058451035,0.16869477237657932,0.37967024582898273,0.3547243453964632
3671,0.4258920910082314,0.18091716757385895,0.727782634527081,0.23854774019215322,0.7655065424651959,0.8368863947037466,0.17000766008385437,0.38091747112416346,0.35856808339231366
3672,0.4255411760915452,0.18060051732063895,0.7274621312242728,0.237596012441805,0.7649293483665806,0.8383398058685781,0.17132168546130971,0.38216525579444993,0.3624349568700879
3673,0.4251908078828506,0.18028427289649054,0.727142359788897,0.23664457527526772,0.7643529997875003,0.8397946370533184,0.17263685072780682,0.38341360227735793,0.36632517812999493
3674,0.42484098900471445,0.1799684373539278,0.7268233219621378,0.2356934316883296,0.7637774989150983,0.8412508859668473,0.17395315808876255,0.3846625130041136,0.3702389621029851
3675,0.42449172207020003,0.1796530137365912,0.7265050194735074,0.23474258467070996,0.7632028479230046,0.8427085503132974,0.1752706097360932,0.38591199039962826,0.3741765263915409
3676,0.42414300968282026,0.17933800507918748,0.7261874540408118,0.23379203720601355,0.7626290489712928,0.8441676277921377,0.1765892078481446,0.3871620368824617,0.37813809131119286
3677,0.42379485443649084,0.17902341440743147,0.725870627370115,0.23284179227167964,0.7620561042064335,0.8456281160982667,0.1779089545896374,0.38841265486479815,0.38212387993284236
3678,0.42344725891548274,0.1787092447379848,0.725554541155705,0.23189185283893332,0.7614840157612514,0.8470900129220981,0.17922985211160297,0.3896638467524147,0.3848144914463468
3679,0.4231002256943768,0.17839549907839874,0.7252391970800595,0.2309422218727396,0.7609127857548796,0.8485533159496484,0.18055190255131892,0.39091561494464866,0.38468709278732677
3680,0.42275375733801585,0.1780821804270533,0.7249245968138109,0.22999290233175085,0.7603424162927157,0.8500180228626318,0.18187510803225443,0.39216796183437397,0.38455841664884427
3681,0.4224078564014605,0.17776929177310066,0.7246107420157142,0.22904389716826368,0.7597729094663793,0.8514841313385424,0.18319947066400372,0.39342088980796697,0.38442846468696856
3682,0.42206252542994116,0.1774568360964049,0.7242976343326107,0.22809520932816604,0.7592042673536664,0.85295163905075,0.1845249925422297,0.3946744012452813,0.3842972385763331
3683,0.421717766958813,0.17714481636748433,0.723985275399396,0.227146841750892,0.7586364920185065,0.8544205436685871,0.18585167574860167,0.395928498519617,0.38416474001013146
3684,0.4213735835135122,0.17683323554745506,0.7236736668389883,0.2261987973693758,0.758069585510922,0.8558908428574379,0.18717952235073482,0.39718318399769204,0.3840309707001154
3685,0.421029977609507,0.17652209658797025,0.7233628102622914,0.22525107910999925,0.7575035498669813,0.8573625342788327,0.18850853440213255,0.39843846003961564,0.38389593237658937
3686,0.4206869517522571,0.17621140243116626,0.7230527072681672,0.22430368989255137,0.7569383871087609,0.8588356155905327,0.18983871394212454,0.399694328998858,0.38375962678840786
3687,0.42034450843716453,0.17590115600960196,0.7227433594433983,0.22335663263017433,0.7563740992442987,0.8603100844466268,0.19117006299580921,0.4009507932222236,0.3836220557029695
3688,0.4200026501495321,0.17559136024620436,0.7224347683626589,0.22240991022932124,0.7558106882675548,0.8617859384976195,0.19250258357399547,0.4022078550498247,0.38348322090621395
3689,0.41966137936451753,0.1752820180542106,0.7221269355884818,0.22146352558970864,0.7552481561583698,0.8632631753905199,0.19383627767313977,0.4034655168150494,0.38334312420261635
3690,0.41932069854708975,0.17497313233711181,0.7218198626712266,0.2205174816042679,0.7546865048824217,0.8647417927689384,0.19517114727529405,0.4047237808445403,0.38320176741518214
3691,0.4189806101519852,0.1746647059885972,0.7215135511490486,0.2195717811591022,0.754125736391187,0.8662217882731724,0.19650719434804045,0.405982649458161,0.38305915238544236
3692,0.41864111662366293,0.17435674189249725,0.7212080025478667,0.21862642713343677,0.7535658526218969,0.867703159540304,0.19784442084443965,0.4072421249689745,0.3829152809734477
3693,0.4183022203962626,0.1740492429227285,0.7209032183813336,0.21768142239957494,0.7530068554974996,0.8691859042042887,0.19918282870297033,0.40850220968321427,0.38277015505776213
3694,0.41796392389356024,0.17374221194323844,0.7205992001508041,0.2167367698228531,0.7524487469266183,0.8706700198960458,0.200522419847469,0.40976290590025455,0.38262377653545865
3695,0.4176262295289257,0.17343565180794976,0.7202959493453048,0.21579247226159284,0.7518915288035117,0.8721555042435547,0.20186319618707993,0.41102421591259064,0.38247614732211066
3696,0.4172891397052794,0.17312956536070562,0.7199934674415043,0.21487670443675752,0.7513551383950727,0.8735635132047764,0.20308624259650035,0.41216722498611547,0.3823272693517877
3697,0.4169526568150504,0.17282395543521495,0.7196917559036825,0.21425711165561334,0.7510289524257948,0.8741443724608692,0.20306184926825832,0.4120622237124273,0.3821771445770466
3698,0.4166167832401327,0.1725188248549972,0.719390816183701,0.21363790034326646,0.750703641592761,0.8747253494029732,0.20303864677380695,0.41195784306995475,0.38202577496892587
3699,0.416281521351845,0.17221417643333,0.7190906497209745,0.21301907343138324,0.7503792076135514,0.8753064419280701,0.20301663696293593,0.41185408532339857,0.38187316251693815
3700,0.4159468735108868,0.17191001297319286,0.7187912579424396,0.2124006338438528,0.7500556521918107,0.8758876479341603,0.202995821670457,0.4117509527304475,0.3817193092290624
3701,0.4156128420672991,0.17160633726721625,0.7184926422625282,0.21178258449674492,0.7497329770172132,0.8764689653203028,0.20297620271614825,0.4116484475417522,0.381564217131736
3702,0.41527942936042006,0.17130315209762514,0.7181948040831363,0.21116492829825978,0.7494111837654246,0.8770503919866541,0.20295778190469788,0.41154657200089984,0.3814078882698471
3703,0.4149466377188458,0.1710004602361877,0.717897744793597,0.21054766814868503,0.7490902740980674,0.8776319258345048,0.2029405610256511,0.4114453283443903,0.38125032470672626
3704,0.41461446946039,0.17069826444416336,0.7176014657706529,0.2099308069403511,0.748770249662686,0.8782135647663191,0.2029245418533544,0.4113447188016105,0.3810915285241377
3705,0.41428292689204027,0.1703965674722467,0.7173059683784254,0.2093143475575823,0.7484511120927084,0.8787953066857724,0.20290972614690028,0.4112447455948092,0.38093150182227065
3706,0.4139520123099212,0.17009537206051956,0.7170112539683902,0.20869829287665634,0.748132863007414,0.8793771494977888,0.20289611565007554,0.4111454109390742,0.38077024671973014
3707,0.41362172799925123,0.1697946809383951,0.7167173238793471,0.20808264576575553,0.7478155040118968,0.8799590911085794,0.20288371209130512,0.41104671704230644,0.3806077653535282
3708,0.41329207623430375,0.1694944968245676,0.7164241794373938,0.20746740908492375,0.7474990366970307,0.8805411294256816,0.20287251718359933,0.4109486661051959,0.3804440598790733
3709,0.41296305927836807,0.16919482242696174,0.7161318219559,0.20685258568602327,0.7471834626394374,0.8811232623579929,0.20286253262450143,0.4108512603211995,0.38027913247016204
3710,0.41263467938370807,0.16889566044267934,0.7158402527354782,0.2062381784126877,0.7468687834014486,0.8817054878158129,0.2028537600960336,0.4107545018765148,0.38011298531896726
3711,0.41230693879152486,0.1685970135579503,0.7155494730639601,0.20562419010028088,0.7465550005310764,0.8822878037108773,0.20284620126464503,0.41065839295005874,0.37994562063602955
3712,0.4119798397319158,0.16829888444808005,0.7152594842163675,0.20501062357585026,0.7462421155619757,0.8828702079563975,0.20283985778115898,0.41056293571344227,0.379777040650245
3713,0.4116533844238373,0.1680012757774006,0.7149702874548887,0.2043974816580855,0.7459301300134145,0.8834526984670955,0.20283473128072155,0.4104681323309487,0.3796072476088554
3714,0.41132757507506496,0.16770419019921928,0.714681884028851,0.2037847671572739,0.7456190453902378,0.8840352731592442,0.20283082338274896,0.41037398495950944,0.379436243777437
3715,0.41100241388215547,0.1674076303557689,0.7143942751746961,0.20317248287525685,0.745308863182837,0.8846179299507014,0.20282813569087663,0.4102804957486814,0.37926403143988857
3716,0.41067790303040985,0.16711159887815938,0.7141074621159557,0.202560631605389,0.7449995848671173,0.8852006667609476,0.20282666979290842,0.41018766684062535,0.3790906128984208
3717,0.41035404469383296,0.16681609838632602,0.7138214460632241,0.2019492161324919,0.744691211904464,0.8857834815111238,0.20282642726076483,0.41009550037008147,0.37891599047354313
3718,0.41003084103509824,0.16652113148898237,0.7135362282141362,0.20133823923281424,0.7443837457417124,0.8863663721240679,0.20282740965043372,0.4100039984643487,0.37874016650405223
3719,0.4097082942055089,0.1662267007835705,0.7132518097533411,0.20072770367398873,0.7440771878111154,0.886949336524348,0.20282961850191822,0.4099131632432609,0.3785631433470203
3720,0.40938640634496165,0.16593280885621273,0.7129681918524795,0.2001176122149893,0.7437715395303122,0.8875323726383055,0.20283305533918983,0.4098229968191671,0.3783849233777807
3721,0.40906517958190913,0.1656394582816634,0.7126853756701581,0.19950796760609035,0.7434668023022972,0.8881154783940832,0.20283772167013536,0.40973350129690717,0.3782055089899171
3722,0.4087446160333237,0.1653466516232606,0.7124033623519277,0.1988987725888236,0.7431629775153898,0.8886986517216695,0.2028436189865103,0.40964467877379157,0.37802490259524824
3723,0.40842471780465983,0.16505439143287756,0.7121221530302576,0.19829002989593647,0.742860066543203,0.8892818905529281,0.20285074876388837,0.40955653133957937,0.3778431066238156
3724,0.40810548698982035,0.16476268025087804,0.7118417488245152,0.19768174225135338,0.7425580707446143,0.8898651928216372,0.20285911246161392,0.4094690610764572,0.37766012352386946
3725,0.4077869256711178,0.16447152060606557,0.7115621508409407,0.19707391237013094,0.7422569914637349,0.8904485564635249,0.20286871152275227,0.4093822700590174,0.3774759557618551
3726,0.4074690359192404,0.16418091501563903,0.7112833601726256,0.19646654295841942,0.7419568300298804,0.8910319794163049,0.20287954737404362,0.4092961603542382,0.3772906058223977
3727,0.4071518197932165,0.1638908659851457,0.7110053778994907,0.1958596367134222,0.7416575877575422,0.8916154596197101,0.2028916214258535,0.40921073402146135,0.37710407620828873
3728,0.4068352793403783,0.16360137600843352,0.7107282050882625,0.19525319632335314,0.7413592659463565,0.8921989950155322,0.20290493507212626,0.4091259931123723,0.3769163694404706
3729,0.4065194165963287,0.16331244756760735,0.7104518427924538,0.19464722446739935,0.7410618658810784,0.892782583547653,0.20291948969033868,0.4090419396709804,0.376727488058022
3730,0.40620423358490415,0.16302408313298053,0.7101762920523387,0.19404172381567802,0.7407653888315502,0.8933662231620815,0.20293528664145155,0.4089585757335963,0.37653743461814193
3731,0.4058897323181428,0.16273628516303187,0.7099015538949347,0.19343669702919886,0.740469836052676,0.8939499118069887,0.20295232726986523,0.4088759033288142,0.37634621169613436
3732,0.40557591479624855,0.1624490561043592,0.7096276293339799,0.19283214675982413,0.7401752087843924,0.8945336474327431,0.2029706129033721,0.4087939244774902,0.37615382188539276
3733,0.4052627830075578,0.16216239839163452,0.7093545193699123,0.19222807565022826,0.7398815082516408,0.8951174279919438,0.20299014485311206,0.40871264119272355,0.3759602677973833
3734,0.40495033892850546,0.16187631444755984,0.7090822249898494,0.19162448633385953,0.7395887356643409,0.8957012514394577,0.20301092441352597,0.4086320554798357,0.3757655520616289
3735,0.4046385845235918,0.16159080668282258,0.7088107471675681,0.19102138143490116,0.7392968922173626,0.8962851157324517,0.20303295286231182,0.408552169336352,0.3755696773256919
3736,0.4043275217453486,0.1613058774960512,0.7085400868634844,0.19041876356823145,0.7390059790905003,0.8968690188304292,0.20305623146037868,0.408472984751981,0.3753726462551576
3737,0.4040171525343075,0.1610215292737726,0.7082702450246341,0.18981663533938747,0.7387159974484458,0.8974529586952624,0.20308076145180393,0.40839450370859687,0.37517446153361717
3738,0.4037074788189657,0.16073776439036738,0.7080012225846531,0.18921499934452413,0.7384269484407622,0.8980369332912291,0.20310654406378792,0.4083167281802187,0.3749751258626488
3739,0.403398502515755,0.16045458520802777,0.7077330204637584,0.18861385817037873,0.7381388332018588,0.8986209405850432,0.20313358050661057,0.4082396601329924,0.37477464196180227
3740,0.4030902255290084,0.16017199407671387,0.7074656395687282,0.18801321439423074,0.7378516528509638,0.8992049785458918,0.20316187197358895,0.4081633015251724,0.3745730125685785
3741,0.40278264975092876,0.15988999333411155,0.7071990807928844,0.18741307058386547,0.7375654084921005,0.8997890451454684,0.20319141964103296,0.40808765430710175,0.37437024043841227
3742,0.4024757770615573,0.15960858530559033,0.7069333450160739,0.18681342929753703,0.7372801012140622,0.9003731383580046,0.20322222466820317,0.40801272042119463,0.3741663283446537
3743,0.4021696093287417,0.15932777230416123,0.7066684331046498,0.18621429308393006,0.7369957320903864,0.9009572561603065,0.20325428819726965,0.40793850180191826,0.3739612790785485
3744,0.40186414840810525,0.15904755663043482,0.7064043459114548,0.18561566448212347,0.7367123021793318,0.901541396531786,0.2032876113532674,0.4078650003757738,0.37375509544922025
3745,0.4015593961430162,0.15876794057258084,0.7061410842758024,0.18501754602155396,0.7364298125238533,0.9021255574544943,0.2033221952440583,0.4077922180612797,0.37354778028364927
3746,0.4012553543645558,0.15848892640628526,0.7058786490234592,0.18441994022197766,0.7361482641515779,0.9027097369131569,0.20335804096028634,0.4077201567689523,0.373339336426654
3747,0.40095202489149,0.15821051639471193,0.7056170409666302,0.1838228495934376,0.735867658074782,0.9032939328952042,0.20339514957533905,0.40764881840128936,0.37312976674087023
3748,0.40064940953023737,0.15793271278845966,0.705356260903939,0.18322627663622315,0.7355879952903679,0.9038781433908051,0.2034335221453063,0.4075782048527525,0.3729190741067312
3749,0.40034751007484043,0.15765551782552434,0.705096309620413,0.18263022384083827,0.7353092767798404,0.9044623663929005,0.20347315970893975,0.40750831800974885,0.37270726142244726
3750,0.40004632830693554,0.15737893373125691,0.7048371878874673,0.1820346936879627,0.7350315035092845,0.9050465998972358,0.20351406328761337,0.407439159750615,0.3724943316039841
3751,0.3997458659957232,0.15710296271832533,0.7045788964628872,0.18143968864841825,0.7347546764293429,0.9056308419023932,0.20355623388528438,0.40737073194559953,0.3722802875850425
3752,0.39944612489794035,0.1568276069866752,0.7043214360908144,0.1808452111831344,0.7344787964751945,0.9062150904098225,0.20359967248845343,0.4073030364568458,0.3720651323170362
3753,0.39914710675782916,0.156552868723489,0.7040648075017295,0.18025126374311057,0.7342038645665312,0.9067993434238761,0.20364438006612556,0.40723607513837495,0.3718488687690706
3754,0.3988488133071113,0.15627875010315065,0.7038090114124391,0.1796578487693853,0.7339298816075387,0.9073835989518393,0.20369035756977377,0.4071698498360711,0.37163149992792077
3755,0.3985512462649569,0.1560052532872036,0.7035540485260581,0.17906496869299798,0.7336568484868726,0.9079678550039615,0.20373760593329837,0.40710436238766223,0.37141302879800914
3756,0.39825440733795825,0.15573238042431548,0.7032999195319976,0.17847262593495705,0.7333847660776398,0.9085521095934908,0.20378612607299118,0.4070396146227056,0.37119345840138185
3757,0.39795829822010154,0.15546013365023884,0.703046625105949,0.17788082290620577,0.7331136352373767,0.9091363607367019,0.2038359188874977,0.4069756083625715,0.3709727917776879
3758,0.3976629205927389,0.1551885150877741,0.7027941659098704,0.17728956200758705,0.7328434568080294,0.9097206064529313,0.20388698525777998,0.4069123454204264,0.3707510319841539
3759,0.39736827612456194,0.1549175268467332,0.7025425425919729,0.17669884562981214,0.7325742316159334,0.9103048447646062,0.20393932604708062,0.4068498276012181,0.3705281820955625
3760,0.3970743664715737,0.15464717102390105,0.702291755786706,0.17610867615342496,0.7323059604717939,0.9108890736972762,0.20399294210088592,0.40678805670165885,0.3703042452042272
3761,0.3967811932770628,0.15437744970300063,0.7020418061147458,0.1755190559487706,0.7320386441706668,0.9114732912796457,0.2040478342468908,0.4067270345102108,0.37007922441996877
3762,0.3964887581715766,0.15410836495465596,0.7017926941829808,0.1749299873759625,0.7317722834919396,0.9120574955436024,0.2041040032949627,0.40666676280707004,0.3698531228700916
3763,0.39619706277289474,0.15383991883635617,0.7015444205844996,0.17434147278484852,0.7315068791993116,0.9126416845242507,0.20416145003710734,0.4066072433641516,0.36962594369935814
3764,0.39590610868600357,0.15357211339242025,0.7012969858985784,0.17375351451498033,0.7312424320407769,0.9132258562599403,0.20422017524743263,0.4065484779450732,0.3693976900699644
3765,0.39561589750307047,0.15330495065396166,0.7010503906906687,0.17316611489558004,0.7309789427486055,0.9138100087922982,0.20428017968211676,0.4064904683051426,0.3691683651615152
3766,0.3953264308034175,0.1530384326388528,0.7008046355123845,0.17257927624550812,0.7307164120393246,0.9143941401662592,0.20434146407937173,0.40643321619134004,0.36893797217099805
3767,0.3950377101534979,0.15277256135169145,0.7005597209014924,0.17199300087323355,0.7304548406137026,0.9149782484300932,0.20440402915941128,0.4063767233423049,0.3687065143127578
3768,0.3947497371068695,0.15250733878376507,0.7003156473818988,0.1714072910767997,0.7301942291567303,0.9155623316354405,0.20446787562441793,0.40632099148832135,0.3684739948184698
3769,0.3944625132041713,0.15224276691301783,0.7000724154636393,0.17101716368305242,0.729674418735936,0.9162214265712492,0.2029751240050407,0.4047081421978348,0.3682404169371152
3770,0.3941760399730984,0.15197884770401646,0.6998300256428671,0.17073854418857826,0.7290075952670854,0.9169239551560808,0.2005984959426622,0.4022108981597362,0.3680057839349527
3771,0.3938903189283777,0.15171558310791636,0.6995884784018431,0.17046066126078935,0.7283415422075314,0.917627465068121,0.19822315126327983,0.3997144202572615,0.3677700990954922
3772,0.3936053515717456,0.1514529750624297,0.6993477742089262,0.1701835176756012,0.7276762595724686,0.9183319570004393,0.19584909059662786,0.3972187101871316,0.367533365719468
3773,0.39332113939192204,0.15119102549179123,0.6991079135185614,0.16990711619379506,0.7270117473665454,0.9190374316537221,0.19347631455424347,0.394723769637635,0.36729558712481036
3774,0.3930376838645891,0.15092973630672654,0.6988688967712711,0.16963145956098136,0.7263480055838607,0.919743889736315,0.1911048237294468,0.3922296002886255,0.3670567666466192
3775,0.39275498645236745,0.15066910940442035,0.698630724393646,0.16935655050756215,0.7256850342079568,0.9204513319642739,0.18873461869730163,0.38973620381149904,0.3668169076371337
3776,0.39247304860479243,0.15040914666848273,0.6983933967983347,0.16908239174869222,0.7250228332118129,0.9211597590614097,0.18636570001458747,0.38724358186918295,0.3665760134657061
3777,0.3921918717582941,0.1501498499689205,0.6981569143840365,0.16880898598424487,0.7243614025578426,0.9218691717593351,0.18399806821977713,0.38475173611612973,0.3663340875187723
3778,0.39191145733617194,0.14989122116210327,0.6979212775354897,0.16853633589877243,0.7237007421978829,0.9225795707975152,0.18163172383299464,0.38226066819829013,0.3660911331998222
3779,0.39163180674857573,0.14963326209073455,0.6976864866234671,0.16826444416147224,0.7230408520731955,0.9232909569233092,0.17926666735599991,0.3797703797531148,0.3658471539293713
3780,0.39135292139248135,0.14937597458381938,0.6974525420047641,0.16799331342614832,0.7223817321144561,0.924003330892024,0.176902899272149,0.37728087240952873,0.3656021531449299
3781,0.39107480265167105,0.14911936045663554,0.697219444022193,0.16772294633117762,0.7217233822417535,0.9247166934669566,0.174540420046371,0.37479214778792463,0.36535613430097535
3782,0.3907974518967121,0.14886342151070303,0.6969871930045755,0.16745334549947372,0.7210658023645844,0.9254310454194429,0.1721792301251445,0.37230420750015353,0.3651091008689198
3783,0.39052087048493483,0.14860815953375417,0.6967557892667335,0.16718451353845137,0.7204089923818469,0.9261463875289084,0.16981932993646015,0.36981705314950203,0.36486105633708077
3784,0.3902450597604132,0.1483535762997046,0.696525233109484,0.1669164530399922,0.7197529521818398,0.9268627205829084,0.16746071988980543,0.36733068633069144,0.3646120042106495
3785,0.3899700210539437,0.14809967356862425,0.6962955248196308,0.16664916658041012,0.7190976816422555,0.9275800453771841,0.16510340037612808,0.364845108629856,0.3643619480116617
3786,0.389695755683026,0.14784645308670893,0.6960666646699598,0.16638265672041735,0.7184431806301794,0.9282983627157042,0.16274737176781506,0.36236032162453446,0.36411089127896346
3787,0.3894222649518421,0.14759391658625087,0.6958386529192303,0.16611692600508926,0.7177894490020843,0.9290176734107141,0.16039263441866905,0.3598763268836617,0.3638588375681826
3788,0.3891495501512383,0.1473420657856129,0.6956114898121717,0.1658519769638333,0.7171364866038288,0.9297379782827848,0.1580391886638781,0.3573931259675501,0.36360579045169417
3789,0.3888776125587036,0.1470909023891975,0.6953851755794749,0.16558781211035217,0.7164842932706521,0.93045927816086,0.15568703481999147,0.3549107204278792,0.3633517535185893
3790,0.3886064534383538,0.14684042808742293,0.6951597104377898,0.16532443394261492,0.7158328688271751,0.9311815738823018,0.15333617318490236,0.3524291118076911,0.3630967303746427
3791,0.38833607404090953,0.1465906445566931,0.6949350945897175,0.1650618449428204,0.7151822130873933,0.9319048662929434,0.15098660403781167,0.3499483016413665,0.36284072464227957
3792,0.3880664756036806,0.14634155345937336,0.6947113282238075,0.16480004757736816,0.7145323258546789,0.932629156247131,0.14863832763921725,0.34746829145462604,0.3625837399605424
3793,0.387797659350546,0.1460931564437621,0.694488411514552,0.16453904429682442,0.7138832069217755,0.9333544446077764,0.14629134423088078,0.3449890827645092,0.36232577998505733
3794,0.3875296264919365,0.14584545514406577,0.6942663446223811,0.1642788375358909,0.713234856070798,0.9340807322464035,0.14394565403580847,0.3425106770793663,0.3573647607646373
3795,0.38726237822481746,0.14559845118037254,0.6940451276936603,0.16401942971337363,0.7125872730732308,0.9348080200431952,0.14160125725823258,0.3400330758988517,0.3519536284568218
3796,0.38699591573267084,0.14535214615862746,0.693824760860685,0.1637608232321518,0.7119404576899258,0.9355363088870436,0.1392581540835819,0.33755628071390437,0.34658439979334976
3797,0.3867302401854786,0.14510654167060658,0.6936052442416785,0.16350302047914672,0.7112944096711025,0.9362655996755963,0.13691634467846808,0.3350802930067464,0.3412565824200862
3798,0.38646535273970534,0.14486163929389273,0.6933865779407868,0.1632460238252917,0.7106491287563453,0.9369958933153061,0.13457582919065736,0.33260511425086353,0.33596969166554047
3799,0.38620125453828236,0.14461744059185064,0.6931687620480783,0.16298983562550157,0.7100046146746046,0.937727190721479,0.13223660774905377,0.330130745910999,0.33072325039197875
3800,0.38593794671059106,0.14437394711360327,0.6929517966395382,0.1627344582186434,0.7093608671441953,0.9384594928183212,0.1298986804636812,0.3276571894431458,0.3255167888499851
3801,0.38567543037244656,0.14413116039400695,0.6927356817770682,0.16247989392750573,0.7087178858727967,0.93919280053899,0.12756204742565552,0.3251844462945278,0.32034984453635335
3802,0.38541370662608326,0.1438890819536296,0.6925204175084834,0.16222614505877164,0.7080756705574534,0.9399271148256388,0.1252267087071763,0.3227125179036008,0.3152219620552915
3803,0.38515277656013774,0.14364771329872575,0.6923060038675103,0.16197321390298713,0.7074342208845741,0.9406624366294698,0.1228926643614968,0.32024140570003107,0.3101326929827578
3804,0.38489264124963485,0.14340705592121475,0.6920924408737861,0.16172110273453483,0.7067935365299325,0.9413987669107804,0.12055991442291092,0.31777111110469125,0.3050815957339282
3805,0.384633301755972,0.14316711129865797,0.6918797285328558,0.1614698138116044,0.7061536171586693,0.9421361066390104,0.1182284589067379,0.31530163552965323,0.3000682354336728
3806,0.38437475912690505,0.14292788089423655,0.6916678668361728,0.16121934937616506,0.7055144624252906,0.9428744567927946,0.11589829780929604,0.3128329803781694,0.2950921837899387
3807,0.3841170143965341,0.14268936615672984,0.6914568557610971,0.16096971165393842,0.7048760719736721,0.9436138183600065,0.11356943110789589,0.3103651470446741,0.2901530189700338
3808,0.3838600685852882,0.14245156852049262,0.6912466952708944,0.16072090285436946,0.704238445437057,0.9443541923378138,0.11124185876081291,0.30789813691476303,0.28525032547964735
3809,0.3836039226999132,0.1422144894054359,0.6910373853147372,0.16047292517060197,0.7036015824380605,0.945095579732721,0.1089155807072771,0.30543195136518975,0.28038369404460917
3810,0.3833485777334572,0.14197813021700453,0.6908289258277036,0.1602257807794502,0.7029654825886702,0.9458379815606215,0.10659059686745892,0.3029665917638591,0.2755527214952877
3811,0.3830940346652576,0.14174249234615713,0.6906213167307784,0.15997947184137323,0.702330145490248,0.9465813988468481,0.1042669071424459,0.30050205946980935,0.27075701065352964
3812,0.38284029446092804,0.14150757716934567,0.6904145579308525,0.15973400050044861,0.7016955707335335,0.9473258326262166,0.10194451141423654,0.29803835583321237,0.2659961702221439
3813,0.3825873580723459,0.14127338604849604,0.6902086493207257,0.15948936888434667,0.7010617578986451,0.9480712839430833,0.09962340954571823,0.29557548219535723,0.2612698146767856
3814,0.3823352264376388,0.1410399203309871,0.6900035907791048,0.15924557910430476,0.7004287065550825,0.9488177538513873,0.0973036013806545,0.2931134398886429,0.2565775641602423
3815,0.38208390048117474,0.140807181349634,0.6897993821706087,0.15900263325510375,0.6997964162617322,0.9495652434147026,0.09498508674367721,0.29065223023657566,0.2519190443790352
3816,0.3818333811135479,0.14057517042266643,0.689596023345767,0.1587605334150412,0.6991648865668675,0.9503137537062882,0.0926678654402632,0.28819185455375007,0.24729388650225473
3817,0.38158366923156795,0.14034388885371155,0.6893935141410228,0.15851928164590806,0.6985341170081536,0.9510632858091357,0.09035193725673042,0.2857323141458497,0.24270172706262857
3818,0.38133476571824904,0.1401133379317759,0.6891918543787358,0.15827887999296472,0.6979041071126506,0.951813840816021,0.08803730196021824,0.28327361030963166,0.23814220785970036
3819,0.3810866714427982,0.13988351893122652,0.6889910438671836,0.1580393304849162,0.6972748563968175,0.9525654198295542,0.08572395929867842,0.28081574433292095,0.23361497586512295
3820,0.38083938726060523,0.1396544331117747,0.6887910824005654,0.15780063513389042,0.696646364366517,0.9533180239622262,0.0834119090008666,0.278358717494606,0.22911968312998512
3821,0.3805929140132308,0.13942608171845633,0.6885919697590034,0.15756279593541234,0.6960186305170173,0.954071654336462,0.08110115077632218,0.27590253106462087,0.2246559866941056
3822,0.3803472525283985,0.1391984659816183,0.6883937057085485,0.15732581486838443,0.6953916543330005,0.9548263120846692,0.07879168431536922,0.2734471863039494,0.22022354849729694
3823,0.3801024036199823,0.13897158711689864,0.6881962900011814,0.15708969389506122,0.6947654352885633,0.9555819983492883,0.07648350928909455,0.2709926844646055,0.2158220352924829
3824,0.37985836808799894,0.13874544632521243,0.6879997223748179,0.15685443496102905,0.694139972847224,0.9563387142828431,0.07417662534934387,0.2685390267896312,0.2114511185606824
3825,0.37961514671859753,0.1385200447927351,0.6878040025533126,0.15662003999518326,0.6935152664619284,0.9570964610479894,0.07187103212871479,0.266086214513092,0.2071104744277908
3826,0.3793727402840502,0.13829538369088618,0.6876091302464629,0.15638651090970643,0.6928913155750527,0.957855239817569,0.06956672924053874,0.2636342488600594,0.2027997835830875
3827,0.3791311495427447,0.13807146417631555,0.6874151051500144,0.15615384960004866,0.692268119618412,0.9586150517746548,0.06726371627888389,0.2611831310466155,0.19851873119949257
3828,0.37889037523917357,0.13784828739088661,0.6872219269456648,0.15592205794490438,0.6916456780132636,0.9593758981126057,0.06496199281853572,0.25873286227983394,0.19426700685545079
3829,0.37865041810392785,0.13762585446166323,0.6870295953010699,0.1556911378061936,0.6910239901703144,0.9601377800351162,0.06266155841499517,0.25628344375777823,0.19004430445847095
3830,0.37841127885368825,0.13740416650089474,0.6868381098698488,0.15546109102904107,0.6904030554897272,0.9609006987562657,0.060362412604474086,0.25383487666949817,0.18585032217025244
3831,0.3781729581912171,0.13718322460600174,0.686647470291589,0.1552319194417559,0.6897828733611262,0.9616646555005706,0.05806455490387952,0.2513871621950122,0.18168476233333447
3832,0.3779354568053515,0.136963029859563,0.6864576761918532,0.1550036248558126,0.6891634431636054,0.9624296515030335,0.05576798481081717,0.24894030150531204,0.17754733139929685
3833,0.3776987753709958,0.13674358332930198,0.6862687271821852,0.1547762090658313,0.6885447642657334,0.9631956880091979,0.053472701803577646,0.2464942957623461,0.17343773985839953
3834,0.3774629145491144,0.13652488606807334,0.6860806228601162,0.1545496738495588,0.6879268360255621,0.9639627662751945,0.05117870534113296,0.24404914611901612,0.16935570217068668
3835,0.37722787498672605,0.13630693911385147,0.685893362809172,0.15432402096785058,0.6873096577906345,0.964730887567796,0.048885994863136786,0.2416048537191748,0.16530093669849635
3836,0.3769936573168966,0.13608974348971722,0.6857069465988798,0.15409925216465178,0.6866932288979897,0.9655000531644672,0.04659456978991014,0.23916141969760968,0.1612731656403214
3837,0.37676026215873265,0.13587330020384533,0.6855213737847748,0.15387536916697847,0.6860775486741741,0.9662702643534147,0.0443044295224468,0.23671884518004604,0.15727211496604468
3838,0.3765276901173772,0.1356576102494949,0.6853366439084098,0.15365237368490212,0.685462616435247,0.967041522433642,0.04201557344240189,0.23427713128313316,0.15329751435344782
3839,0.37629594178400216,0.1354426746049957,0.6851527564973601,0.15343026741152999,0.6848484314867891,0.9667244272578451,0.03972800091209126,0.23183627911443955,0.14934909712602282
3840,0.3760650177358055,0.13522849423373948,0.6849697110652349,0.15320905202299004,0.6842349931239136,0.9659562078345885,0.0374417112744931,0.22939628977245236,0.1454266001920297
3841,0.37583491853600326,0.13501507008416683,0.6847875071116828,0.15299914948740573,0.6838517478630441,0.9655860545607335,0.036006803491622955,0.22780726398494738,0.14302551445044473
3842,0.3756056447338273,0.13480240308975855,0.6846061441224018,0.15283485495274093,0.6844578384370043,0.966932277480992,0.038235144902429394,0.2298810708668811,0.147096122647615
3843,0.37537719686452026,0.13459049416902594,0.684425621569149,0.15267116364247454,0.6850650147703816,0.9659928625684057,0.04046476711879915,0.23195574381639153,0.15119746639020673
3844,0.37514957544933003,0.13437934422549896,0.6842459389097473,0.15250807674210903,0.6856732766094615,0.9645269627188571,0.042695669406322995,0.23403128389555827,0.1553299007218754
3845,0.3749227809955087,0.1341689541477206,0.6840670955880978,0.152345595427905,0.6862826236809854,0.9630652698921387,0.044927851011237904,0.23610769215734012,0.15949378617347734
3846,0.3746968139963053,0.13395932480923325,0.6838890910341868,0.15218372086686857,0.6868930556921523,0.961607766844494,0.04716131116043322,0.23818496964557537,0.16368948886917942
3847,0.3744716749309657,0.13375045706857408,0.6837119246640984,0.15202245421674573,0.6875045723306256,0.9601544364067482,0.049396049061450606,0.24026311739497563,0.1679173806350133
3848,0.3742473642647277,0.13354235176926432,0.6835355958800222,0.15186179662601132,0.6881171732645319,0.9587052614839058,0.05163206390247771,0.24234213643111335,0.17217783910996617
3849,0.3740238824488191,0.1333350097398027,0.6833601040702659,0.15170174923386193,0.68873085814247,0.9572602250547372,0.05386935485236054,0.244422027770427,0.17647124785970486
3850,0.37380122992045456,0.13312843179365647,0.6831854486092643,0.15154231317020592,0.6893456265935106,0.955819310171383,0.05610792106059348,0.2465027924202045,0.18079799649294312
3851,0.3735794071028336,0.13292261872925473,0.6830116288575919,0.15138348955565656,0.6899614782272048,0.954382499958949,0.05834776165733059,0.24858443137858674,0.18515848078059544
3852,0.3733584144051389,0.13271757132998174,0.6828386441619729,0.15122527950152378,0.6905784126335868,0.952949777615111,0.060588875753384605,0.2506669456345584,0.1895531027777377
3853,0.37313825222253455,0.13251329036416992,0.682666493855294,0.1510676841098059,0.6911964293831802,0.9515211264097223,0.062831262440226,0.25275033616793996,0.1939822709484776
3854,0.37291892093616397,0.13230977658509271,0.6824951772566149,0.15091070447318228,0.6918155280270037,0.9500965296844188,0.06507492078999456,0.25483460394938906,0.1984464002938336
3855,0.37270042091315,0.13210703073096047,0.6823246936711815,0.15075434167500684,0.6924357080965768,0.9486759708522347,0.06731984985549458,0.2569197499403879,0.2029459124826552
3856,0.3724827525065928,0.1319050535249129,0.6821550423904377,0.1505985967892995,0.6930569691039267,0.9472594333972145,0.06956604867020641,0.259005775093245,0.20748123598573642
3857,0.3722659160555699,0.1317038456750144,0.6819862226920381,0.15044347088073984,0.6936793105415957,0.94584690087403,0.07181351624828826,0.26109268035108746,0.21205280621315542
3858,0.3720499118851358,0.13150340787424952,0.6818182338398603,0.15028896500466116,0.6943027318826456,0.9444383569076028,0.07406225158457763,0.263180466647852,0.21666106565495336
3859,0.371834740306322,0.1313037408005174,0.6816510750840197,0.15013508020704247,0.6949272325806698,0.943033785192724,0.07631225365460577,0.26526913490828946,0.22130646402527684
3860,0.3716204016161371,0.1311048451166282,0.681484745660881,0.1499818175245034,0.6955528120697965,0.9416331694936834,0.07856352141459312,0.26735868604794905,0.2259894584100134
3861,0.3714068960975672,0.13090672147029858,0.6813192447930734,0.1498291779842978,0.6961794697647004,0.9402364936438937,0.08081605380146606,0.2694491209731838,0.2307105134181069
3862,0.37119422401957675,0.1307093704941478,0.6811545716895027,0.1496771626043069,0.6968072050606093,0.9388437415455237,0.0830698497328586,0.2715404405811408,0.23547010133658292
3863,0.37098238563710995,0.13051279280569536,0.6809907255453673,0.14952577239303538,0.6974360173333133,0.937454897169134,0.08532490810711682,0.273632645759754,0.24026870228942607
3864,0.37077138119109143,0.1303169890073567,0.6808277055421719,0.14937500834960438,0.6980659059391752,0.936069944553307,0.0875812278033162,0.2757257373877486,0.2451068044004471
3865,0.3705612109084285,0.13012195968644136,0.6806655108477422,0.14922487146374658,0.6986968702151379,0.9346888678042948,0.08983880768125861,0.2778197163346259,0.24998490396018228
3866,0.3703518750020125,0.1299277054151502,0.6805041406162395,0.14907536271580174,0.6993289094787376,0.93331165109565,0.09209764658149103,0.2799145834606682,0.25490350559703456
3867,0.37014337367072114,0.1297342267505734,0.6803435939881768,0.14892648307671097,0.6999620230281112,0.9319382786678778,0.09435774332531101,0.2820103396169315,0.25986312245270726
3868,0.3699357070994211,0.12954152423468912,0.6801838700904335,0.14877823350801284,0.7005962101420075,0.9305687348280814,0.09661909671477187,0.2841069856452366,0.2648642763620829
3869,0.36972887545897004,0.1293495983943611,0.6800249680362709,0.14863061496183794,0.7012314700797999,0.9292030039496062,0.09888170553270223,0.2862045223781739,0.26990749803771424
3870,0.36952287890622093,0.1291584497413394,0.6798668869253497,0.14848362838090617,0.7018678020814958,0.927841070471698,0.10114556854270747,0.28830295063909117,0.2749933272589895
3871,0.36931771758402326,0.12896807877225713,0.6797096258437441,0.14833727469852065,0.7025052053677493,0.9264829188991509,0.10341068448918728,0.2904022712420952,0.28012231306619534
3872,0.36911339162122864,0.12877848596863264,0.6795531838639606,0.14819155483856583,0.7031436791398739,0.9251285338019684,0.10567705209734685,0.2925024849920481,0.28529501395956197
3873,0.3689099011326932,0.1285896717968679,0.6793975600449529,0.14804646971550267,0.7037832225798526,0.923777899815021,0.10794467007320178,0.29460359268455644,0.2905119981034573
3874,0.36870724621928164,0.12840163670824847,0.6792427534321392,0.14790202023436527,0.7044238348503536,0.9224310016377038,0.11021353710360114,0.2967055951059776,0.29577384353592867
3875,0.36850542696787286,0.12821438113894598,0.6790887630574215,0.14775820729075867,0.7050655150947409,0.9210878240336086,0.11248365185623091,0.2988084930334076,0.3010811383836722
3876,0.3683044434513625,0.12802790551001633,0.6789355879391994,0.14761503177085405,0.705708262437089,0.9197483518301803,0.1147550129796342,0.3009122872346835,0.30643448108268845
3877,0.36810429572866965,0.12784221022740358,0.6787832270823915,0.14747249455138772,0.7063520759821976,0.918412569918391,0.11702761910322317,0.30301697846837833,0.3118344806047237
3878,0.3679049838447409,0.1276572956819394,0.6786316794784515,0.14733059649965724,0.7069969548156028,0.9170804632524118,0.11930146883728872,0.30512256748379335,0.3172817566897106
3879,0.36770650783055625,0.12747316224934632,0.6784809441053872,0.14718933847351978,0.7076428980035954,0.91575201684928,0.1215765607730244,0.30722905502096337,0.322776940084413
3880,0.3675088677031343,0.12728981029023945,0.6783310199277781,0.14704872132138935,0.7082899045932318,0.9144272157885818,0.12385289348253066,0.3093364418106429,0.328320672787405
3881,0.36731206346553896,0.12710724015012909,0.6781819058967961,0.14690874588223563,0.7089379736123533,0.9131060452121229,0.1261304655188415,0.3114447285743139,0.3339136083006696
3882,0.36711609510688403,0.12692545215942286,0.6780336009502218,0.14676941298558016,0.709587104069598,0.9117884903236139,0.12840927541593347,0.3135539160241751,0.33594974237719477
3883,0.3669209626023419,0.12674444663343035,0.6778861040124667,0.1466307234514978,0.710237294954418,0.9104745363883499,0.13068932168874203,0.3156640048631394,0.3356209437226132
3884,0.3667266659131485,0.12656422387236552,0.6777394139945906,0.14649267809061284,0.7108885452370972,0.9091641687328924,0.132970602833185,0.31777499578483653,0.33529156657191067
3885,0.3665332049866114,0.12638478416135093,0.677593529794323,0.14635527770409884,0.711540853868765,0.9078573727447626,0.13525311732617057,0.3198868894736017,0.3349616159217681
3886,0.3663405797561163,0.12620612777042184,0.6774484502960818,0.1462185230836775,0.7121942197814156,0.9065541338721229,0.13753686362562503,0.32199968660448136,0.33463109678098
3887,0.36614879014113444,0.12602825495453032,0.677304174370994,0.14608241501161745,0.7128486418879241,0.9052544376234701,0.13982184017050567,0.3241133878432252,0.3343000141703917
3888,0.3659578360472321,0.12585116595355134,0.6771607008769174,0.145946954260735,0.7135041190820637,0.9039582695673317,0.1421080453808175,0.32622799384628204,0.3339683731228371
3889,0.36576771736607605,0.12567486099228578,0.6770180286584593,0.1458121415943916,0.7141606502385254,0.9026656153319543,0.14439547765764044,0.32834350526080397,0.33363617868307405
3890,0.3655784339754443,0.1254993402804683,0.676876156547,0.14567797776649588,0.7148182342129336,0.9013764606050085,0.14668413538313926,0.3304599227246349,0.3333034359077218
3891,0.36538998573923315,0.12532460401277115,0.6767350833607118,0.14554446352150208,0.7154768698418672,0.9000907911332814,0.14897401692059248,0.33257724686631585,0.332970149865196
3892,0.3652023725074667,0.12515065236881143,0.6765948079045825,0.14541159959441108,0.7161365559428784,0.8988085927223801,0.15126512061441,0.3346954783050799,0.33263632563564477
3893,0.3650155941163058,0.12497748551315713,0.6764553289704355,0.14527938671077067,0.716797291314509,0.8975298512364377,0.15355744479014907,0.33681461765084447,0.33230196831088443
3894,0.3648296503880575,0.12480510359533337,0.6763166453369533,0.14514782558667566,0.7174590747363141,0.8962545525978145,0.1558509877545456,0.3389346655042189,0.33196708299433375
3895,0.36464454113118466,0.12463350674983073,0.6761787557696988,0.1450169169287694,0.7181219049688788,0.8949826827868085,0.15814574779552681,0.34105562245649235,0.3316316748009494
3896,0.36446026614031635,0.12446269509611171,0.6760416590211386,0.1448866614342451,0.7187857807538411,0.8937142278413622,0.1604417231822408,0.3431774890896391,0.3312957488571602
3897,0.36427682519625704,0.12429266873861827,0.675905353830665,0.14475705979084535,0.7194507008139113,0.8924491738567756,0.16273891216507674,0.34530026597631336,0.3309593103008009
3898,0.36409421806599807,0.12412342776678068,0.67576983892462,0.14462811267686565,0.7201166638528917,0.89118750698542,0.16503731297568497,0.34742395367984397,0.3306223642810463
3899,0.3639124445027279,0.12395497225502514,0.6756351130163177,0.14449982076115458,0.7207836685557012,0.8899292134364509,0.16733692382700732,0.34954855275423885,0.33028491595834514
3900,0.36373150424584294,0.123787302262783,0.6755011748060682,0.1443721847031164,0.7214517135883941,0.8886742794755259,0.1696377429132982,0.35167406374417925,0.32994697050435184
3901,0.3635513970209592,0.1236204178344992,0.6753680229812014,0.14424520515271244,0.7221207975981825,0.8874226914245262,0.17193976841014558,0.3538004871850154,0.3296085331018619
3902,0.36337212253992357,0.12345431899964227,0.6752356562160908,0.14411888275046414,0.7227909192134607,0.8861744356612731,0.17424299847450492,0.3559278236027716,0.32926960894474167
3903,0.36319368050082557,0.12328900577271318,0.6751040731721785,0.14399321812745447,0.7234620770438248,0.8849294986192563,0.17654743124471467,0.35805607351413576,0.3289302032378628
3904,0.36301607058800966,0.12312447815325589,0.6749732724979985,0.14386821190533156,0.724134269680099,0.8836878667873519,0.17885306484053137,0.36018523742646597,0.32859032119703335
3905,0.3628392924720867,0.12296073612586708,0.6748432528292023,0.1437438646963104,0.7248074956943562,0.882449526709554,0.18115989736315175,0.36231531583778404,0.328249968048929
3906,0.362663345809948,0.12279777966020772,0.6747140127885838,0.14362017710317737,0.7254817536399429,0.8812144649847021,0.1834679268952377,0.36444630923677246,0.3279091490310253
3907,0.3624882302447765,0.12263560871101259,0.6745855509861041,0.1434971497192915,0.7261570420515038,0.8799826682662092,0.18577715150095,0.366578218102779,0.32756786939152877
3908,0.3623139454060611,0.12247422321810261,0.6744578660189177,0.14337478312858976,0.7268333594450043,0.878754123261797,0.18808756922596814,0.3687110429058068,0.32722613438930687
3909,0.3621404909096093,0.12231362310639601,0.6743309564713971,0.14325307790558972,0.7275107043177576,0.8775288167332247,0.19039917809752716,0.3708447841065212,0.3268839492938188
3910,0.36196786635756073,0.12215380828591971,0.6742048209151597,0.14313203461539276,0.7281890751484477,0.8763067354960293,0.19271197612444146,0.372979442156244,0.3265413193850457
3911,0.3617960713384019,0.12199477865182223,0.6740794579090941,0.14301165381368963,0.7288684703971557,0.8750878664192615,0.19502596129713168,0.3751150174969496,0.32619824995342117
3912,0.36162510542697907,0.12183653408438594,0.6739548659993853,0.14289193604676348,0.7295488885053859,0.8738721964252213,0.19734113158766275,0.3772515105612712,0.32585474629975936
3913,0.36145496818451367,0.1216790744490395,0.6738310437195429,0.14277288185149428,0.7302303278960901,0.8726597124892053,0.19965748494976332,0.3793889217724902,0.32551081373518576
3914,0.36128565915861605,0.12152239959637118,0.6737079895904265,0.14122990729581636,0.7291201320059764,0.876366144723605,0.19846908380409442,0.3780213160297719,0.32516645758106527
3915,0.3611171778833012,0.12136650936214258,0.6735857021202742,0.13918491336919342,0.7273781234872547,0.881832585869803,0.1960444725773739,0.3754172402472582,0.3248216831689303
3916,0.36094952387900336,0.12121140356730176,0.673464179804729,0.13714071167267028,0.725636983120622,0.8873275491226066,0.1936210381737435,0.3728140838254027,0.32447649584041144
3917,0.3607826966525916,0.12105708201799792,0.6733434211268668,0.1350973027004268,0.723896709261081,0.8928512561258735,0.19119877847391936,0.370211847150087,0.3241309009471622
3918,0.3606166956973853,0.1209035445055951,0.6732234245572242,0.13305468693392836,0.722157300249118,0.8984039308915615,0.18877769134044964,0.3676105305978463,0.3237849038507901
3919,0.36045152049317014,0.12075079080668719,0.6731041885538264,0.13101286484192426,0.7204187544107256,0.9039857998314642,0.18635777461773734,0.36501013453585757,0.3234385099227816
3920,0.36028717050621456,0.12059882068311312,0.6729857115622158,0.12897183688045843,0.7186810700574322,0.9095970917894234,0.18393902613207902,0.3624106593219444,0.3230917245444304
3921,0.36012364518928586,0.12044763388197174,0.6728679920154799,0.12693160349287796,0.7169442454863331,0.9152380380740628,0.18152144369170078,0.3598121053045785,0.32274455310676425
3922,0.35996094398166684,0.12029723013563764,0.6727510283342814,0.12489216510983264,0.7152082789801117,0.9209088724920858,0.17910502508678408,0.3572144728228709,0.32239700101047125
3923,0.359799066309173,0.1201476091617768,0.6726348189268856,0.12285352214929102,0.7134731688070761,0.9266098313820557,0.1766897680895109,0.3546177622065813,0.3220490736658264
3924,0.35963801158416947,0.11999877066336317,0.6725193621891905,0.12081567501653984,0.7117389132211807,0.9323411536487826,0.17427567045408893,0.35202197377610805,0.32170077649261775
3925,0.3594777792055883,0.11985071432869465,0.6724046565047559,0.1187786241041946,0.710005510462058,0.9345886577993109,0.1718627299167913,0.34942710784249115,0.32135211492007093
3926,0.35931836855894683,0.11970343983141055,0.672290700244834,0.11674236979221103,0.7082729587550511,0.9341651483861587,0.16945094419599663,0.34683316470741693,0.3210030943867763
3927,0.35915977901636476,0.11955694683050824,0.6721774917683974,0.11470691244788517,0.7065412563112372,0.9337419341542692,0.16704031099221575,0.3442401446632065,0.32065372034061246
3928,0.3590020099365831,0.1194112349703608,0.6720650294221716,0.11267225242587059,0.7048104013274631,0.9333190159711471,0.16463082798813927,0.3416480479928279,0.3203039982386727
3929,0.3588450606649821,0.11926630388073486,0.6719533115406637,0.11063839006817866,0.7030803919863706,0.9328963947026957,0.16222249284866536,0.33905687496988424,0.31995393354718765
3930,0.3586889305335998,0.11912215317680772,0.6718423364461933,0.1086053257041909,0.7013512264564282,0.9324740712132192,0.15981530322094095,0.3364666258586185,0.31960353174145073
3931,0.3585336188611521,0.11897878245918761,0.671732102448924,0.10657305965067188,0.6996229028919663,0.9320520463654139,0.15740925673440537,0.33387730091391793,0.31925279830574194
3932,0.35837912495305013,0.11883619131393014,0.6716226078468936,0.10454159221176912,0.6978954194331988,0.9316303210203664,0.15500435100081716,0.3312889003813023,0.31890173873325095
3933,0.3582254481014214,0.11869437931255888,0.6715138509260457,0.10251092367903303,0.6961687742062643,0.9312088960375481,0.15260058361430523,0.3287014244969362,0.31855035852600155
3934,0.3580725875851284,0.11855334601208375,0.6714058299602613,0.10048105433141774,0.6944429653232499,0.9307877722748119,0.15019795215139908,0.32611487348761914,0.31819866319477347
3935,0.3579205426697887,0.11841309095502064,0.6712985432113905,0.09845198443529435,0.6927179908822247,0.9303669505883878,0.14779645417107123,0.3235292475707884,0.31784665825902547
3936,0.35776931260779626,0.11827361366941219,0.6711919889292847,0.09642371424446566,0.6909938489672771,0.9299464318328788,0.14539608721478287,0.3209445469545247,0.31749434924681924
3937,0.3576188966383396,0.11813491366884613,0.6710861653518276,0.09439624400016677,0.6892705376485366,0.9295262168612567,0.1429968488065142,0.3183607718375409,0.31714174169473897
3938,0.35746929398742505,0.11799699045247777,0.6709810707049695,0.09236957393108625,0.6875480549822182,0.9291063065248568,0.14059873645281684,0.3157779224091946,0.3167888411478161
3939,0.3573205038678954,0.11785984350504913,0.6708767032027578,0.09034370425336813,0.6858263990106441,0.9286867016733766,0.13820174764284524,0.31319599884947663,0.3164356531594482
3940,0.35717252547945266,0.11772347229691091,0.6707730610473719,0.08831863517062716,0.6841055677622829,0.9282674031548683,0.1358058798484038,0.310615001329018,0.3160821832913233
3941,0.35702535800867874,0.11758787628404369,0.6706701424291542,0.0862943668739628,0.6823855592517836,0.9278484118157382,0.13341113052399187,0.308034930009091,0.3157284371133382
3942,0.35687900062905725,0.11745305490807909,0.6705679455266453,0.08427089954196332,0.6806663714800035,0.9274297285007381,0.13101749710683808,0.30545578504160237,0.3153744202035211
3943,0.3567334525009954,0.11731900759632227,0.670466468506616,0.08224823334072623,0.6789480024340486,0.9270113540529671,0.1286249770169542,0.30287756656910325,0.31502013814795105
3944,0.3565887127718459,0.11718573376177377,0.6703657095241013,0.08022636842386238,0.6772304500873014,0.9265932893138623,0.12623356765716867,0.3003002747247798,0.314665596540679
3945,0.35644478057592993,0.11705323280315252,0.6702656667224354,0.0782053049325126,0.6755137123994587,0.9261755351231961,0.12384326641317597,0.29772390963245865,0.314310800983647
3946,0.35630165503455924,0.11692150410491828,0.6701663382332843,0.076185042995362,0.6737977873165669,0.9257580923190754,0.12145407065358409,0.2951484714066103,0.3139557570866084
3947,0.35615933525605914,0.11679054703729458,0.6700677221766814,0.07416558272864582,0.6720826727710525,0.9253409617379329,0.11906597772995008,0.29257396015234044,0.3136004704670468
3948,0.35601782033579155,0.1166603609562924,0.6699698166610608,0.07214692423617075,0.6703683666817628,0.9249241442145257,0.11667898497683674,0.29000037596540146,0.3132449467500959
3949,0.3558771093561788,0.1165309452037343,0.6698726197832937,0.07012906760932108,0.6686548669539956,0.9206000127035997,0.11429308971184862,0.28742771893218344,0.3076009184616153
3950,0.3557372013867263,0.11640229910727737,0.6697761296287217,0.06811201292707458,0.6669421714795365,0.9150285966700928,0.11190828923568182,0.284855989129718,0.3019598511069546
3951,0.35559809548404725,0.11627442198043825,0.6696803442711929,0.0660957602560196,0.6652302781366983,0.9094928377800651,0.1095245808321752,0.28228518662568436,0.296365360281291
3952,0.3554597906918863,0.11614731312261778,0.6695852617730976,0.06408030965036193,0.6635191847903505,0.9039923946927202,0.10714196176834787,0.27971531147839945,0.2908168669702357
3953,0.35532228604114385,0.11602097181912524,0.6694908801854031,0.06206566115194656,0.6618088892919622,0.8985269303459319,0.10476042929445714,0.27714636373682977,0.2853138017677378
3954,0.35518558054990085,0.11589539734120441,0.6693971975476904,0.060051814790265445,0.6600993894796328,0.8930961118894226,0.10237998064403722,0.2745783434405831,0.2798556046779473
3955,0.35504967322344266,0.11577058894605743,0.6693042118881889,0.05803877058247403,0.6583906831781303,0.8876996106192269,0.10000061303395069,0.27201125061991194,0.27444172492199126
3956,0.35491456305428587,0.11564654587687295,0.6692119212238148,0.05602652853341078,0.6566827681989336,0.8823371019133663,0.09762232366444246,0.2694450852957205,0.2690716207494873
3957,0.35478024902220134,0.11552326736284949,0.669120323560205,0.054015088635604114,0.6549756423402606,0.8770082651687021,0.09524510971917985,0.26687984747955573,0.26374475925464
3958,0.3546467300942413,0.11540075261922342,0.6690294168917559,0.05200445086929212,0.6532693033871114,0.8717127837389743,0.09286896836530642,0.26431553717361317,0.2584606161968329
3959,0.3545140052247646,0.11527900084729548,0.6689391992016593,0.04999461520244075,0.6515637491113078,0.8664503448739918,0.09049389675349552,0.26175215437074145,0.253218675825571
3960,0.3543820733554619,0.11515801123445621,0.6688496684619392,0.047985581590751225,0.6498589772715233,0.8612206396599047,0.08811989201799189,0.25918969905443434,0.24801843070962323
3961,0.3542509334153834,0.1150377829542151,0.6687608226334898,0.04597734997768588,0.6481549856133317,0.8560233629606233,0.08574695127667227,0.2566281711988426,0.24285938157030754
3962,0.3541205843209637,0.11491831516622653,0.6686726596661128,0.04396992029447605,0.6464517718692364,0.8508582133602584,0.08337507163108754,0.25406757076876496,0.2377410371187306
3963,0.3539910249760494,0.11479960701631783,0.6685851774985547,0.04196329246014113,0.6447493337587131,0.8457248931066428,0.08100425016651874,0.2515078977196543,0.232662913896938
3964,0.35386225427192547,0.11468165763651775,0.6684983740585448,0.03995746638150938,0.6430476689882507,0.8406231080558794,0.07863448395203157,0.24894915199762185,0.22762453612283176
3965,0.3537342710873428,0.11456446614508417,0.6684122472628342,0.03795244195322661,0.6413467752513851,0.8355525676178635,0.07626577004052133,0.24639133353943027,0.22262543553873682
3966,0.3536070742885449,0.11444803164653267,0.6683267950172324,0.03594821905778134,0.6396466502287449,0.8305129847028351,0.07389810546877407,0.24383444227250411,0.21766515126357097
3967,0.3534806627292963,0.1143323532316659,0.6682420152166473,0.033944797565515716,0.6379472915880853,0.8255040756688479,0.07153148725751221,0.24127847811492315,0.21274322964844855
3968,0.3533550352509092,0.11421742997760154,0.668157905745123,0.03194217733464466,0.6362486969843297,0.8205255602702111,0.06916591241145127,0.23872344097542697,0.20785922413568672
3969,0.35323019068227274,0.11410326094780296,0.6680744644758791,0.02994035821127805,0.6345508640596143,0.8155771616068561,0.06680137791935743,0.2361693307534206,0.20301269512109288
3970,0.3531061278398804,0.11398984519210814,0.6679916892713502,0.027939340029430382,0.6328537904433201,0.8106586060745753,0.06443788075409326,0.23361614733896663,0.19820320981942427
3971,0.3529828455278585,0.11387718174675968,0.6679095779832239,0.02593912261104747,0.6311574737521218,0.805769623316191,0.06207541787268281,0.23106389061279756,0.1934303421329954
3972,0.3528603425379957,0.11376526963443523,0.6678281284524817,0.02393970576601795,0.6294619115900226,0.8009099461735494,0.059713986216357054,0.22851256044630797,0.18869367252327032
3973,0.35273861764977044,0.11365410786427735,0.6677473385094375,0.021941089292193683,0.6277671015483965,0.7960793106403897,0.05735358271061336,0.22596215670155917,0.18399278788542642
3974,0.35261766963038166,0.113543695431925,0.6676672059737785,0.01994327297541293,0.6260730412060341,0.7912774558160451,0.05499420426527617,0.22341267923128666,0.179327281425786
3975,0.3524974972347771,0.113434031319544,0.6675877286546046,0.017946256589511267,0.6243797281291765,0.7865041238599316,0.05263584777454282,0.22086412787889065,0.1746967525420082
3976,0.35237809920568325,0.11332511449585878,0.6675089043504687,0.015950039896349744,0.6226871598715641,0.7817590599468748,0.05027851011705181,0.2183165024784498,0.17010080670603953
3977,0.3522594742736353,0.11321694391618331,0.6674307308494177,0.013954622645826031,0.6209953339744736,0.7770420122231783,0.04792218815592969,0.21576980285471267,0.16553905534966779
3978,0.35214162115700665,0.11310951852245313,0.6673532059290324,0.011960004575897742,0.6193042479667614,0.7723527317634835,0.04556687873885282,0.21322402882310373,0.16101111575267815
3979,0.35202453856203997,0.1130028372432581,0.6672763273564686,0.0099661854126058,0.6176138993649101,0.7676909725283807,0.04321257869810967,0.21067918018973028,0.1565166109335165
3980,0.35190822518287673,0.11289689899387367,0.6672000928884982,0.007973164870086258,0.6159242856730629,0.7630564913227268,0.04085928485064878,0.20813525675137312,0.15205516954236878
3981,0.3517926797015888,0.11279170267629438,0.6671245002715511,0.005980942650599508,0.6142354043830758,0.7584490477547242,0.03850699399814833,0.2055922582955007,0.14762642575665855
3982,0.35167790078820854,0.11268724717926593,0.667049547241755,0.003989518444543205,0.6125472529745535,0.7538684041956677,0.03615570292706635,0.20305018460026122,0.1432300191788247
3983,0.35156388710076053,0.11258353137831903,0.6669752315249783,0.0019988919304761987,0.6108598289148947,0.7493143257404031,0.03380540840870322,0.20050903543448842,0.13886559473637894
3984,0.3514506372852926,0.11248055413580252,0.6669015508368714,9.062775142176793e-06,0.6091731296593395,0.7447865801684691,0.03145610719926521,0.19796881055770787,0.1345328025841652
3985,0.3513381499759072,0.11237831430091663,0.6668285028829088,0.0,0.6074871526510062,0.7424830165620976,0.02910779603991656,0.19542950972012998,0.1302312980087389
3986,0.3512264237947941,0.11227681070974818,0.6667560853584311,0.0,0.606680064972867,0.7415054247271552,0.027770975119263866,0.1939016361250771,0.1277413575173565
3987,0.3511154573522608,0.11217604218530264,0.6666842959486873,0.0,0.6080251477993922,0.7437539906478517,0.028910871169077715,0.19485041952464616,0.12962969939977143
3988,0.3510052492467664,0.11207600753754068,0.6666131323288776,0.0,0.609370848731672,0.7460021668891874,0.030051747402863385,0.19580012615822012,0.1315256008348833
3989,0.35089579806495275,0.11197670556341174,0.6665425921641956,0.0011650859554732662,0.6107171653085676,0.749560144566573,0.031193600502243582,0.19675075573879194,0.13342910949402378
3990,0.3507871023816779,0.11187813504688934,0.6664726731098719,0.002552158448619113,0.6120640950595848,0.7533822934630986,0.03233642713411243,0.19770230797005864,0.13534027343147645
3991,0.3506791607600483,0.11178029475900594,0.6664033728112162,0.00394010788969773,0.6134116355049102,0.7572213695582533,0.03348022395069221,0.19865478254641838,0.13725914108816517
3992,0.3505719717514525,0.11168318345788905,0.6663346889036614,0.005328933721933493,0.6147597841554587,0.7610774894981975,0.03462498758960035,0.1996081791529768,0.13918576129540064
3993,0.3504655338955936,0.11158679988879591,0.6662666190128066,0.0067186353747616945,0.6161085385129146,0.7649507710435158,0.03577071467391042,0.2005624974655476,0.14112018327866346
3994,0.3503598457205235,0.11149114278415068,0.6661991607544604,0.00810921226385275,0.6174578960697708,0.7688413330823594,0.0369174018122142,0.20151773715065435,0.14306245666143022
3995,0.350254905742676,0.1113962108635797,0.6661323117346853,0.009500663791142616,0.6188078543093793,0.7727492956437989,0.038065045598689076,0.20247389786553543,0.14501263146905438
3996,0.3501507124669013,0.11130200283394884,0.6660660695498419,0.010892989344852444,0.6201584107059873,0.77667477991133,0.03921364261315824,0.20343097925814396,0.1469707581326805
3997,0.35004726438649947,0.1112085173893993,0.6660004317866313,0.012286188299520218,0.6215095627247853,0.7806179082366091,0.040363189421158185,0.20438898096715258,0.14893688749321746
3998,0.3499445599832547,0.11111575321138481,0.6659353960221412,0.01368026001602457,0.6228613078219496,0.7845788041533579,0.041513682574002134,0.20534790262195507,0.15091107080535027
3999,0.34984259772747084,0.11102370896871008,0.66587095982389,0.015075203841609375,0.6242136434446834,0.7885575923914694,0.04266511860884452,0.20630774384266864,0.15289335974160026
4000,0.3497413760780045,0.11093238331756594,0.6658071207498704,0.016471019109915053,0.625566567031266,0.7925543988913389,0.04381749404874864,0.20726850424013832,0.154883806396443
4001,0.3496408934823014,0.11084177490156932,0.6657438763485954,0.017867705141000334,0.6269200760110909,0.7965693508183644,0.0449708054027492,0.20823018341593696,0.15688246329045968
4002,0.3495411483764308,0.11075188235180003,0.6656812241591432,0.019265261241374787,0.6282741678047157,0.8006025765776927,0.046125049165923124,0.2091927809623721,0.1588893833745573
4003,0.3494421391851204,0.11066270428683853,0.6656191617112011,0.020663686704022743,0.6296288398239034,0.8046542058291525,0.047280221819452475,0.21015629646248551,0.1609046200342245
4004,0.3493438643217934,0.11057423931280635,0.6655576865251124,0.02206298080843072,0.6309840894716667,0.808724369502407,0.04843631983069134,0.21112072949005659,0.1629282270938411
4005,0.3492463221886021,0.11048648602340239,0.6654967961119207,0.02346314282061912,0.6323399141423154,0.8128131998123457,0.04959333965323677,0.2120860796096079,0.16496025882105278
4006,0.34914951117646553,0.11039944299994325,0.6654364879734163,0.024864171993164264,0.633696311221498,0.8169208302746687,0.050751277726990895,0.21305234637640397,0.16700076993117746
4007,0.3490534296651049,0.11031310881140224,0.665376759602182,0.026266067565233253,0.6350532780862508,0.8210473957217288,0.05191013047823399,0.21401952933645846,0.1690498155916853
4008,0.34895807602307966,0.11022748201444843,0.6653176084816382,0.027668828762609288,0.6364108121050402,0.8251930323185864,0.053069894319691016,0.21498762802653598,0.17110745142672296
4009,0.3488634486078247,0.1101425611534867,0.6652590320860903,0.029072454797718583,0.6377689106378083,0.8293578775792975,0.05423056565059711,0.21595664197415254,0.17317373352168813
4010,0.34876954576568603,0.11005834476069698,0.6652010278807736,0.03047694486966429,0.6391275710360207,0.8335420703834607,0.05539214085677223,0.21692657069758364,0.17524871842787765
4011,0.34867636583195916,0.10997483135607564,0.6651435933219014,0.03188229816425053,0.6404867906427097,0.8377457509929811,0.056554616310685715,0.21789741370586319,0.17733246316717077
4012,0.34858390713092463,0.10989201944747404,0.6650867258567104,0.03328851385401638,0.6418465667925226,0.8419690610691066,0.05771798837152782,0.21886917049878912,0.17942502523678824
4013,0.3484921679758866,0.10980990753064102,0.6650304229235079,0.034695591098264034,0.6432068968117677,0.8462121436897009,0.058882253385281524,0.21984184056692785,0.18152646261410138
4014,0.34840114666920924,0.10972849408926205,0.6649746819517184,0.036103529043085336,0.6445677780184562,0.8504751433667678,0.06004740768478743,0.2208154233916129,0.18363683376149526
4015,0.34831084150235536,0.10964777759500147,0.6649195003619317,0.0375123268213981,0.6459292077223557,0.85475820606426,0.06121344758982031,0.22178991844495388,0.1857561976313067
4016,0.3482212507559235,0.10956775650754313,0.664864875565949,0.03892198355297255,0.6472911832250328,0.8590614792161297,0.062380369407157826,0.22276532518983788,0.18788461367081255
4017,0.34813237269968667,0.1094884292746322,0.6648108049668313,0.04033249834446084,0.6486537018198979,0.8633851117446509,0.06354816943064892,0.2237416430799307,0.19002214182727645
4018,0.34804420559263016,0.10940979433211709,0.6647572859589458,0.04174387028943288,0.6500167607922577,0.8677292540790389,0.0647168439412909,0.22471887155968473,0.192168842553074
4019,0.3479567476829899,0.1093318501039903,0.664704315928015,0.04315609846840046,0.6513803574193562,0.8720940581743135,0.06588638920729574,0.2256970100643384,0.19432477681086402
4020,0.3478699972082917,0.10925459500243237,0.664651892251164,0.044569181948855285,0.6527444889704273,0.8764796775304821,0.06705680148416708,0.22667605801992347,0.1964900060788382
4021,0.347783952395389,0.10917802742785268,0.6646000122969674,0.045983119785296844,0.6541091527067391,0.88088626721199,0.06822807701477009,0.22765601484326653,0.198664592356029
4022,0.3476986114605035,0.10910214576893362,0.6645486734255004,0.04739791101926305,0.6554743458816412,0.8853139838674622,0.06940021202940402,0.2286368799419931,0.20084859816768322
4023,0.3476139726092624,0.10902694840267166,0.6644978729883838,0.04881355467936571,0.6568400657406153,0.8897629857497696,0.07057320274587757,0.2296186527145325,0.20304208657071252
4024,0.34753003403673943,0.10895243369442226,0.6644476083288346,0.05023004978131873,0.6582063095213182,0.8942334327363675,0.0717470453695795,0.2306013325501198,0.20524512115919863
4025,0.3474467939274932,0.10887859999794147,0.6643978767817144,0.05164739532797363,0.6595730744536352,0.8987254863499737,0.07292173609355511,0.23158491882880206,0.20745776606998315
4026,0.34736425045560804,0.10880544565543115,0.6643486756735772,0.053065590309351596,0.6609403577597259,0.9032393097795464,0.07409727109857958,0.23256941092144132,0.20968008598831658
4027,0.34728240178473285,0.10873296899758131,0.6643000023227197,0.05448463370267248,0.6623081566540698,0.907775067901577,0.07527364655322996,0.2335548081897172,0.21191214615358198
4028,0.34720124606812164,0.10866116834361464,0.6642518540392286,0.055904524472394135,0.6636764683435199,0.9123329273017381,0.07645085861396417,0.23454110998613376,0.2141540123650982
4029,0.34712078144867464,0.10859004200133118,0.6642042281250327,0.057325261570239205,0.6650452900273467,0.9142601199672596,0.07762890342519137,0.23552831565402058,0.21640575098798345
4030,0.3470410060589772,0.1085195882671516,0.6641571218739489,0.05874684393523322,0.6664146188972904,0.9143771588702255,0.07880777711935175,0.23651642452754018,0.21866742895911187
4031,0.3469619180213415,0.10844980542616278,0.6641105325717341,0.06016927049373699,0.6677844521376083,0.9144944759975552,0.07998747581698955,0.2375054359316902,0.22093911379312994
4032,0.3468835154478472,0.10838069175216197,0.664064457496134,0.06159254015947685,0.6691547869251219,0.9146120725936348,0.08116799562682721,0.23849534918230636,0.2232208735885548
4033,0.3468057964403823,0.1083122455077026,0.6640188939169329,0.06301665183358546,0.6705256204292709,0.9147299499031248,0.08234933264584728,0.23948616358607155,0.22551277703396222
4034,0.3467287590906842,0.10824446494413839,0.6639738390960039,0.0644416044046281,0.6718969498121563,0.9148481091709533,0.08353148295936176,0.24047787844051371,0.22781489341423286
4035,0.3466524014803813,0.10817734830166975,0.663929290287359,0.06586739674864406,0.6732687722285959,0.914966551642313,0.08471444264109439,0.24147049303401613,0.23012729261690223
4036,0.34657672168103454,0.10811089380938935,0.6638852447371985,0.06729402772917858,0.6746410848261707,0.915085278562654,0.08589820775325693,0.24246400664581957,0.23245004513857814
4037,0.3465017177541788,0.10804509968532736,0.6638416996839627,0.06872149619731432,0.6760138847452728,0.9152042911776813,0.08708277434662179,0.24345841854602482,0.23478322209144054
4038,0.346427387751365,0.10797996413649807,0.6637986523583812,0.07014980099171303,0.6773871691191606,0.9153235907333478,0.08826813846060667,0.2444537279956012,0.2371268952098403
4039,0.3463537297142022,0.10791548535894607,0.6637560999835248,0.07157894093864386,0.678760935074003,0.915443178475851,0.08945429612334654,0.24544993424638756,0.23948113685696545
4040,0.3462807416743996,0.10785166153779252,0.6637140397748551,0.07300891485202482,0.6801351797289342,0.9155630556516278,0.09064124335177577,0.24644703654110017,0.24184602003161149
4041,0.34620842165380883,0.10778849084728206,0.6636724689402753,0.07443972153345496,0.6815099001961019,0.9156832235073465,0.09182897615170502,0.24744503411333518,0.2442216183750277
4042,0.34613676766446705,0.10772597145082957,0.6636313846801828,0.07587135977224929,0.6828850935807159,0.9158036832899076,0.09301749051789875,0.2484439261875735,0.2466080061778576
4043,0.346065777708639,0.10766410150106723,0.6635907841875186,0.07730382834547911,0.6842607569811032,0.9159244362464345,0.09420678243415728,0.24944371197918785,0.24900525838717708
4044,0.34599544977886026,0.10760287913989189,0.6635506646478193,0.07873712601800248,0.6856368874887533,0.9160454836242691,0.0953968478733924,0.2504443906944444,0.251413450613612
4045,0.34592578185798056,0.10754230249851268,0.6635110232392694,0.0801712515425062,0.6870134821883741,0.9161668266709684,0.09658768279771082,0.2514459615305108,0.25383265913856384
4046,0.34585677191920583,0.1074823696974978,0.6634718571327509,0.0816062036595393,0.6883905381579398,0.9162884666342992,0.09777928315849108,0.25244842367545955,0.2562629609215234
4047,0.3457884179261434,0.10742307884682403,0.663433163491897,0.0830419810975489,0.6897680524687412,0.9164104047622317,0.09897164489646397,0.2534517763082728,0.25870443360747863
4048,0.3457207178328437,0.10736442804592317,0.6633949394731422,0.08447858257292112,0.6911460221854405,0.9165326423029357,0.10016476394179526,0.2544560185988489,0.26115715553443264
4049,0.3456536695838453,0.10730641538373112,0.6633571822257758,0.08591600679001299,0.692524444366118,0.9166551805047759,0.10135863621416166,0.2554611497080054,0.2636212057410065
4050,0.3455872711142182,0.10724903893873636,0.6633198888919926,0.08735425244119527,0.6939033160623278,0.9167780206163066,0.10255325762283772,0.25646716878748715,0.2660966639741615
4051,0.3455215203496078,0.10719229677902803,0.6632830566069462,0.08879331820688696,0.6952826343191479,0.9169011638862669,0.10374862406677261,0.2574740749799701,0.2685836106970095
4052,0.3454564152062794,0.10713618696234534,0.6632466824988006,0.09023320275559149,0.696662396175229,0.9170246115635752,0.10494473143467105,0.2584818674190645,0.2710821270967308
4053,0.34539195359116204,0.10708070753612622,0.6632107636887824,0.09167390474393977,0.6980425986628512,0.917148364897325,0.10614157560507974,0.25949054522932513,0.27359229509261335
4054,0.3453281334018937,0.1070258565375567,0.6631752972912345,0.09311542281672208,0.6994232388079717,0.9172724251367795,0.10733915244646292,0.26050010752625163,0.2753953233724903
4055,0.34526495252686534,0.10697163199362025,0.6631402804136672,0.09455775560693191,0.70080431363028,0.9173967935313665,0.10853745781728938,0.261510553416298,0.2750480380970261
4056,0.34520240884526604,0.1069180319211473,0.6631057101568129,0.09600090173580228,0.7021858201432489,0.9175214713306751,0.10973648756611423,0.26252188199687704,0.27470114928728284
4057,0.3451405002271278,0.10686505432686466,0.6630715836146768,0.09744485981284157,0.7035677553541846,0.9176464597844478,0.11093623753165717,0.26353409235636316,0.27435466286254867
4058,0.34507922453337087,0.10681269720744643,0.6630378978745917,0.09888962843587862,0.7049501162642844,0.9177717601425777,0.11213670354289233,0.26454718357410384,0.27400858473943285
4059,0.3450185796158487,0.10676095854956277,0.6630046500172706,0.09899522733533556,0.7051903548791887,0.9175984203658388,0.11301543917350765,0.265238712474802,0.273662920831762
4060,0.3449585633173938,0.10670983632993158,0.662971837116859,0.0988474540951867,0.7052143771902328,0.9173686419892912,0.11383372963915762,0.2658699675256915,0.27331767705047744
4061,0.3448991734718627,0.10665932851536766,0.6629394562409902,0.0987004373722492,0.705238874212532,0.917139119201617,0.11465272357975297,0.2665021006187483,0.27297285930352866
4062,0.3448404079041824,0.10660943306283413,0.6629075044508367,0.0985541758784334,0.705263842736199,0.9169098528941334,0.11547241678610105,0.26713511079725394,0.2726284734957716
4063,0.34478226443039584,0.1065601479194935,0.6628759788011653,0.09840866831550144,0.7052892795439382,0.9166808439564207,0.11629280503967969,0.26776899709549107,0.2722845255288633
4064,0.3447247408577076,0.10651147102275726,0.6628448763403902,0.09826391337510404,0.7053151814111001,0.9164520932763199,0.11711388411271871,0.2684037585387461,0.2719410213011565
4065,0.344667834984531,0.1064634003003391,0.6628141941106269,0.09811990973881901,0.7053415451057393,0.9162236017399261,0.11793564976828538,0.26903939414331723,0.2715979667075972
4066,0.3446115446005334,0.10641593367030439,0.6627839291477458,0.0979766560781874,0.7053683673886706,0.915995370231584,0.11875809776036932,0.2696759029165202,0.27125536763961833
4067,0.3445558674866835,0.10636906904112284,0.6627540784814268,0.09783415105475257,0.7053956450135259,0.9157673996338845,0.11958122383396658,0.2703132838566941,0.27091322998503614
4068,0.344500801415297,0.1063228043117195,0.6627246391352126,0.09769239332009594,0.7054233747268106,0.9155396908276587,0.12040502372516614,0.270951535953208,0.27057155962794327
4069,0.3444463441500844,0.10627713737152705,0.6626956081265643,0.09755138151587694,0.7054515532679615,0.9153122446919744,0.12122949316123369,0.27159065818646705,0.27023036244860704
4070,0.34439249344619727,0.10623206610053765,0.662666982466914,0.09741111427387011,0.7054801773694033,0.9150850621041304,0.12205462786069872,0.27223064952791975,0.26988964432336204
4071,0.34433924705027513,0.1061875883693548,0.6626387591617209,0.0972715902160029,0.7055092437566064,0.9148581439396526,0.12288042353343959,0.27287150894006373,0.2695494111245059
4072,0.34428660270049344,0.10614370203924636,0.6626109352105247,0.09713280795439572,0.705538749148144,0.9146314910722907,0.12370687588076913,0.273513235376452,0.2692096687201942
4073,0.3442345581266097,0.10610040496219644,0.6625835076070005,0.09699476609139807,0.705568690255749,0.9144051043740099,0.12453398059552195,0.2741558277816999,0.26887042297433356
4074,0.3441831110500119,0.1060576949809581,0.6625564733390138,0.0968574632196294,0.7055990637843734,0.91417898471499,0.12536173336214035,0.27479928509149265,0.2685316797464792
4075,0.3441322591837659,0.10601556992910682,0.6625298293886753,0.09672089792201682,0.7056298664322443,0.9139531329636196,0.12619012985675998,0.2754436062325903,0.2681934448917275
4076,0.3440820002326626,0.10597402763109251,0.6625035727323956,0.0965850687718342,0.7056610948909229,0.9137275499864913,0.12701916574729913,0.2760887901228365,0.26785572426061005
4077,0.3440323318932666,0.10593306590229326,0.6624777003409406,0.09644997433274177,0.7056927458453621,0.9135022366483977,0.12784883669354224,0.27673483567116297,0.2675185236989895
4078,0.34398325185396333,0.10589268254906853,0.6624522091794858,0.09631561315882464,0.7057248159739644,0.9132771938123256,0.12867913834723074,0.2773817417775996,0.26718184904795395
4079,0.34393475779500815,0.1058528753688126,0.662427096207673,0.09618198379463289,0.7057573019486413,0.9130524223394535,0.12951006635214912,0.2780295073332793,0.26684570614370867
4080,0.34388684738857356,0.10581364215000796,0.6624023583796641,0.09604908477522073,0.7057902004348697,0.9128279230891458,0.1303416163442101,0.2786781312204438,0.2665101008174734
4081,0.3438395182987985,0.10577498067227947,0.6623779926441975,0.09591691462618668,0.7058235080917529,0.9126036969189488,0.1311737839515475,0.2793276123124556,0.2661750388953749
4082,0.34379276818183624,0.10573688870644779,0.662353995944643,0.09578547186371306,0.7058572215720766,0.9123797446845855,0.13200656479459885,0.279977949473799,0.2658405261983409
4083,0.34374659468590346,0.10569936401458369,0.662330365219058,0.09565475499460568,0.7058913375223703,0.912156067239952,0.13283995448619754,0.2806291415600926,0.26550656854199506
4084,0.3437009954513284,0.10566240435006213,0.6623070974002424,0.09552476251633468,0.705925852582963,0.911932665437114,0.13367394863166024,0.28128118741809405,0.26517317173654853
4085,0.3436559681106004,0.1056260074576168,0.6622841894157951,0.09539549291707428,0.7059607633880456,0.9117095401262987,0.13450854282887298,0.28193408588570673,0.2648403415866971
4086,0.34362800813027733,0.10560666891525283,0.6622781360300284,0.09528344251760212,0.7060125644075859,0.9114866921558948,0.13536023051024243,0.2826043336338489,0.26450808389151265
4087,0.34362800813027733,0.10561528145354487,0.6622998291632657,0.09519950479058253,0.7060921472666313,0.9112641223724457,0.1362399022620241,0.28330282448570054,0.26417640444433776
4088,0.34362800813027733,0.10562388520204014,0.662321308138248,0.09511572060695606,0.7061715509917182,0.9110418316206449,0.13711959607076313,0.28400159966306265,0.2638453090326786
4089,0.34362800813027733,0.10563248026982863,0.6623425722607044,0.09503209081649555,0.7062507745914449,0.9108198207433337,0.13799930990389703,0.28470066036687897,0.2635148034380996
4090,0.34362800813027733,0.10564106676522583,0.6623636208390353,0.09494861626747414,0.7063298170761594,0.9105980905814935,0.13887904172947213,0.2854000077968704,0.26318489343611673
4091,0.34362800813027733,0.10564964479577801,0.6623844531843195,0.09486529780665726,0.7064086774579683,0.9103766419742453,0.13975878951618556,0.2860996431514946,0.2628555847960897
4092,0.34362800813027733,0.1056582144682677,0.6624050686103209,0.09478213627929383,0.7064873547507483,0.9101554757588423,0.14063855123342214,0.286799567627903,0.2625268832811188
4093,0.34362800813027733,0.10566677588871953,0.6624254664334944,0.09469913252910761,0.706565847970155,0.9099345927706669,0.14151832485129762,0.2874997824218995,0.26219879464793366
4094,0.34362800813027733,0.10567532916240574,0.6624456459729934,0.09461628739828887,0.706644156133633,0.9097139938432262,0.14239810834069716,0.28820028872789905,0.26187132464679064
4095,0.34362800813027733,0.1056838743938518,0.6624656065506752,0.09453360172748576,0.7067222782604258,0.9094936798081474,0.14327789967331445,0.2889010877388839,0.2615444790213648
4096,0.34362800813027733,0.10569241168684188,0.6624853474911087,0.09445107635579625,0.7068002133715863,0.9092736514951753,0.1441576968216947,0.2896021806463639,0.26121826350864175
4097,0.34362800813027733,0.10570094114442508,0.6625048681215794,0.09436871212075942,0.7068779604899853,0.9090539097321648,0.14503749775927108,0.2903035686403317,0.26089268383881364
4098,0.34362800813027733,0.10570946286892036,0.6625241677720969,0.09428650985834652,0.7069555186403229,0.9088344553450783,0.1459173004604089,0.29100525290922397,0.2605677457351708
4099,0.34362800813027733,0.10571797696192267,0.6625432457754008,0.09420447040295366,0.7070328868491373,0.9086152891579833,0.14679710290044365,0.291707234639877,0.2602434549139947
4100,0.34362800813027733,0.10572648352430875,0.6625621014669667,0.09412259458739242,0.7071100641448149,0.9083964119930441,0.14767690305572,0.2924095150174837,0.25991981708445244
4101,0.34362800813027733,0.10573498265624257,0.6625807341850132,0.09404088324288185,0.7071870495575998,0.9081778246705219,0.1485566989036363,0.2931120952255552,0.25959683794848915
4102,0.34362800813027733,0.10574347445718107,0.6625991432705074,0.09395933719904026,0.7072638421196044,0.9079595280087678,0.14943648842267968,0.29381497644587345,0.259274523200721
4103,0.34362800813027733,0.10575195902588028,0.6626173280671712,0.09387795728387649,0.7073404408648181,0.9077415228242183,0.15031626959247132,0.294518159858454,0.25895287852832927
4104,0.34362800813027733,0.10576043646040051,0.6626352879214878,0.09379674432378177,0.707416844829118,0.9075238099313933,0.15119604039380435,0.2952216466415004,0.25863190961095167
4105,0.34362800813027733,0.10576890685811285,0.6626530221827076,0.09371569914352129,0.7074930530502779,0.9073063901428906,0.152075798808683,0.29592543797136195,0.2583116221205778
4106,0.34362800813027733,0.10577737031570422,0.6626705302028537,0.09363482256622624,0.7075690645679782,0.9070892642693813,0.15295554282036714,0.2966295350224944,0.25799202172144076
4107,0.34362800813027733,0.10578582692918378,0.6626878113367294,0.09355411541338499,0.7076448784238156,0.9068724331196076,0.15383527041340794,0.2973339389674131,0.2576731140699108
4108,0.34362800813027733,0.10579427679388828,0.662704864941922,0.09347357850483501,0.7077204936613133,0.9066558975003755,0.15471497957369243,0.29803865097665416,0.2573549048143874
4109,0.34362800813027733,0.1058027200044882,0.6627216903788109,0.09339321265875478,0.7077959093259296,0.9064396582165534,0.15559466828848265,0.29874367221873155,0.25703739959519417
4110,0.34362800813027733,0.10581115665499358,0.662738287010572,0.0933130186916552,0.7078711244650685,0.9062237160710671,0.15647433454645393,0.299449003860092,0.25672060404447117
4111,0.34362800813027733,0.1058195868387597,0.6627546542031844,0.09323299741837188,0.7079461381280885,0.9060080718648957,0.15735397633773976,0.300154647065076,0.2564045237860666
4112,0.34362800813027733,0.10582801064849312,0.6627707913254356,0.09315314965205618,0.7080209493663127,0.9057927263970676,0.15823359165396836,0.3008606029958728,0.25608916443543234
4113,0.34362800813027733,0.10583642817625746,0.6627866977489278,0.09307347620416767,0.7080955572330387,0.9055776804646553,0.15911317848830597,0.3015668728124796,0.2557745315995155
4114,0.34362800813027733,0.10584483951347937,0.6628023728480832,0.09299397788446567,0.708169960783547,0.905362934862774,0.15999273483549675,0.30227345767265823,0.2554606308766514
4115,0.34362800813027733,0.10585324475095426,0.6628178160001503,0.09291465550100075,0.7082441590751122,0.9051484903845737,0.16087225869190191,0.3029803587318922,0.25514746785645825
4116,0.34362800813027733,0.10586164397885245,0.6628330265852087,0.09283550986010725,0.7083181511670105,0.9049343478212394,0.16175174805554315,0.30368757714334566,0.25483504811972846
4117,0.34362800813027733,0.105870037286725,0.6628480039861755,0.09275654176639486,0.7083919361205311,0.9047205079619842,0.16263120092614042,0.3043951140578186,0.2545233772383227
4118,0.34362800813027733,0.10587842476350959,0.6628627475888103,0.09267775202274003,0.7084655129989844,0.9045069715940454,0.16351061530515473,0.3051029706237069,0.2542124607750637
4119,0.34362800813027733,0.10588680649753646,0.6628772567817214,0.09259914143027848,0.7085388808677122,0.9042937395026827,0.16438998919582826,0.30581114798695797,0.2539023042836273
4120,0.34362800813027733,0.10589518257653452,0.6628915309563702,0.09252071078839696,0.7086120387940966,0.9040808124711711,0.1652693206032238,0.3065196472910284,0.25359291330843864
4121,0.34362800813027733,0.10590355308763691,0.6629055695070782,0.09244246089472485,0.7086849858475702,0.9038681912807996,0.1661486075342673,0.3072284696768426,0.2532842933845636
4122,0.34362800813027733,0.10591191811738765,0.6629193718310312,0.09236439254512652,0.7087577210996243,0.903655876710866,0.16702784799778708,0.3079376162827481,0.25297645003760116
4123,0.34362800813027733,0.10592027775174695,0.6629329373282848,0.09228650653369302,0.7088302436238194,0.9034438695386728,0.16790704000455547,0.3086470882444753,0.2526693887835794
4124,0.34362800813027733,0.10592863207609748,0.6629462654017704,0.09220880365273432,0.7089025524957939,0.9032321705395242,0.16878618156732944,0.309356886695094,0.25236311512884674
4125,0.34362800813027733,0.10593698117525047,0.6629593554572999,0.09213128469277082,0.708974646793274,0.9030207804867211,0.16966527070088927,0.31006701276496906,0.25205763456996627
4126,0.34362800813027733,0.10594532513345142,0.6629722069035711,0.09205395044252584,0.7090465255960825,0.9028097001515573,0.1705443054220829,0.31077746758172164,0.25175295259360897
4127,0.34362800813027733,0.10595366403438652,0.6629848191521729,0.09197680168891748,0.7091181879861483,0.9025989303033165,0.17142328374986415,0.3114882522701835,0.2514490746764462
4128,0.34362800813027733,0.1059619979611881,0.662997191617591,0.09189983921705047,0.7091896330475158,0.9023884717092682,0.17230220370533222,0.3121993679523546,0.2511460062850453
4129,0.34362800813027733,0.10597032699644121,0.663009323717212,0.09182306381020855,0.7092608598663541,0.9021783251346625,0.17318106331177635,0.3129108157473635,0.25084375287576155
4130,0.34362800813027733,0.10597865122218933,0.6630212148713296,0.09174647624984628,0.709331867530966,0.9019684913427285,0.17405986059471168,0.31362259677142057,0.25054231989463216
4131,0.34362800813027733,0.10598697071994054,0.6630328645031487,0.0909798265573562,0.7086894070208638,0.9017925436176989,0.17484151302864404,0.3142376315844991,0.2502417127772697
4132,0.34362800813027733,0.10599528557067339,0.6630442720387912,0.08913964983296818,0.7069372203512216,0.901669111454784,0.1754720850029577,0.31470198765614077,0.2499419369487566
4133,0.34362800813027733,0.10600359585484317,0.6630554369073005,0.08729967325734578,0.7051848001746883,0.901545961838594,0.17610258874408724,0.31516668028754397,0.24964299782353852
4134,0.34362800813027733,0.10601190165238764,0.6630663585406465,0.08545989754843891,0.7034321456536513,0.9014230956103034,0.17673302228686885,0.31563171058283157,0.2493449008053171
4135,0.34362800813027733,0.10602020304273355,0.6630770363737309,0.0836203234220515,0.7016792559530104,0.901300513609346,0.17736338366856869,0.3160970796429977,0.2490476512869467
4136,0.34362800813027733,0.1060285001048023,0.6630874698443915,0.08178095159182708,0.6999261302401794,0.9011782166734109,0.17799367092892573,0.3165627885658658,0.2487512546503247
4137,0.34362800813027733,0.10603679291701615,0.6630976583934072,0.07994178276924552,0.6981727676850962,0.9010562056384382,0.178623882110191,0.31702883844604623,0.24845571626628835
4138,0.34362800813027733,0.1060450815573043,0.663107601464503,0.07810281766361848,0.696419167460235,0.9009344813386123,0.179254015257168,0.3174952303748935,0.24816104149450802
4139,0.34362800813027733,0.10605336610310878,0.6631172985043543,0.0762640569820765,0.6946653287406057,0.9008130446063597,0.17988406841725438,0.3179619654404646,0.24786723568338045
4140,0.34362800813027733,0.10606164663139092,0.6631267489625925,0.0744255014295695,0.692911250703771,0.9006918962723431,0.18051403964048093,0.31842904472747596,0.24757430416992454
4141,0.34362800813027733,0.10606992321863692,0.6631359522918083,0.07258715170885355,0.6911569325298468,0.9005710371654572,0.18114392697955295,0.3188964693172618,0.24728225227967518
4142,0.34362800813027733,0.10607819594086443,0.6631449079475578,0.07074900852048671,0.6894023734015131,0.900450468112823,0.18177372848989098,0.3193642402877316,0.2469910853265765
4143,0.34362800813027733,0.10608646487362824,0.6631536153883655,0.06891107256282591,0.6876475725040245,0.9003301899397852,0.18240344222966978,0.3198323587133273,0.2467008086128781
4144,0.34362800813027733,0.10609473009202638,0.6631620740757304,0.06707334453201247,0.685892529025212,0.9002102034699051,0.18303306625986043,0.32030082566498275,0.24641142742902886
4145,0.34362800813027733,0.10610299167070666,0.6631702834741293,0.06523582512197418,0.6841372421554972,0.9000905095249586,0.1836625986442684,0.3207696422100787,0.24612294705357157
4146,0.34362800813027733,0.10611124968387209,0.663178243051022,0.0633985150244114,0.6823817110878942,0.8999711089249298,0.18429203744957712,0.3212388094124041,0.2458353727530372
4147,0.34362800813027733,0.10611950420528757,0.6631859522768556,0.061561414928793246,0.6806259350180204,0.899852002488007,0.1849213807453853,0.32170832833211177,0.245548709781841
4148,0.34362800813027733,0.10612775530828536,0.6631934106250683,0.0597245255223543,0.6788699131441063,0.8997331910305779,0.1855506266042481,0.3221782000256765,0.24526296338217668
4149,0.34362800813027733,0.10613600306577187,0.6632006175720944,0.057887847490081135,0.6771136446669968,0.8996146753672257,0.18617977310171807,0.32264842554585416,0.2449781387839116
4150,0.34362800813027733,0.10614424755023316,0.6632075725973684,0.05605138151471323,0.6753571287901665,0.8994964563107244,0.18680881831638346,0.3231190059416379,0.2446942412044819
4151,0.34362800813027733,0.10615248883374132,0.663214275183329,0.054215128276730085,0.6736003647197206,0.8993785346720332,0.18743776032991122,0.3235899422582185,0.24441127584878733
4152,0.34362800813027733,0.1061607269879605,0.663220724815424,0.05237908845434719,0.6718433516644058,0.8992609112602933,0.18806659722708452,0.32406123553694133,0.2441292479090879
4153,0.34362800813027733,0.10616896208415286,0.6632269209821136,0.05054326272351306,0.6700860888356195,0.8991435868828234,0.1886953270958428,0.3245328868152632,0.24384816256489839
4154,0.34362800813027733,0.10617719419318492,0.6632328631748752,0.048707651757895265,0.6683285754474118,0.899026562345114,0.1893239480273246,0.3250048971267137,0.24356802498288332
4155,0.34362800813027733,0.10618542338553341,0.6632385508882068,0.04687225622888269,0.6665708107165005,0.8989098384508236,0.18995245811590347,0.32547726750085015,0.24328884031675463
4156,0.34362800813027733,0.10619364973129139,0.6632439836196323,0.04503707680557112,0.6648127938622711,0.898793416001775,0.1905808554592307,0.32594999896321825,0.24301061370716617
4157,0.34362800813027733,0.10620187330017444,0.6632491608697042,0.043202114154760884,0.663054524106788,0.8980812887616538,0.19120913815827545,0.32642309253531004,0.24273335028160853
4158,0.34362800813027733,0.10621009416152669,0.6632540821420081,0.04136736894095305,0.6612960006748043,0.892583640605647,0.19183730431736118,0.326896549234521,0.24245705515430901
4159,0.34362800813027733,0.10621831238432677,0.6632587469431668,0.039532841826335874,0.6595372227937627,0.8871186940773176,0.19246535204420948,0.3273703700741103,0.2421817334261232
4160,0.34362800813027733,0.10622652803719404,0.663263154782844,0.037698533470787,0.6577781896938102,0.8816861485865259,0.19309327944997698,0.3278445560631578,0.2419073901844339
4161,0.34362800813027733,0.10623474118839446,0.6632673051737484,0.03586444453185966,0.6560189006077994,0.8762857071721462,0.19372108464929616,0.32831910820652427,0.2416340305030481
4162,0.34362800813027733,0.10624295190584707,0.663271197631637,0.034030575664779794,0.6542593547712976,0.8709170764476092,0.19434876576031512,0.32879402750480874,0.24136165944209123
4163,0.34362800813027733,0.1062511602571293,0.6632748316753192,0.032196927522442464,0.6524995514225983,0.8655799665474296,0.19497632090473582,0.32926931495430756,0.2410902820479064
4164,0.34362800813027733,0.10625936630948407,0.6632782068266609,0.030363500755399175,0.6507394898027204,0.8602740910746538,0.19560374820785517,0.3297449715469737,0.24081990335294948
4165,0.34362800813027733,0.1062675701298248,0.6632813226105874,0.028530296011859135,0.6489791691554243,0.8549991670492982,0.19623104579860284,0.330220998270375,0.24055052837568802
4166,0.34362800813027733,0.10627577178474193,0.6632841785550878,0.02669731393767627,0.6472185887272115,0.8497549148576542,0.19685821180958218,0.3306973961076533,0.24028216212049544
4167,0.34362800813027733,0.10628397134050918,0.6632867741912182,0.024864555176346115,0.6454577477673351,0.8445410582025277,0.1974852443771084,0.33117416603748406,0.240014809577552
4168,0.34362800813027733,0.10629216886308915,0.6632891090531052,0.023032020369002815,0.6436966455278095,0.8393573240543555,0.19811214164124769,0.33165130903403406,0.2397484757227397
4169,0.34362800813027733,0.10630036441813967,0.6632911826779502,0.021199710154405638,0.6419352812634112,0.8342034426031574,0.1987389017458577,0.3321288260669223,0.23948316551754065
4170,0.34362800813027733,0.1063085580710196,0.6632929946060315,0.019367625168941527,0.6401736542316931,0.8290791472113772,0.19936552283862397,0.33260671810117687,0.23921888390893556
4171,0.34362800813027733,0.10631674988679488,0.6632945443807092,0.017535766046611445,0.6384117636929854,0.8239841743675054,0.19999200307110276,0.3330849860971973,0.23895563582930002
4172,0.34362800813027733,0.1063249399302448,0.6632958315484276,0.01570413341902749,0.636649608910405,0.8189182636405448,0.20061834059875688,0.33356363101071157,0.2386934261963046
4173,0.34362800813027733,0.10633312826586758,0.6632968556587194,0.013872727915410332,0.6348871891498656,0.8138811576352672,0.2012445335809946,0.33404265379273573,0.23843225991281222
4174,0.34362800813027733,0.10634131495788668,0.6632976162642081,0.01204155016257552,0.6331245036800779,0.8088726019482225,0.2018705801812113,0.3345220553895353,0.23817214186677593
4175,0.34362800813027733,0.10634950007025676,0.6632981129206124,0.010210600784936186,0.6313615517725644,0.8038923451245513,0.20249647856682446,0.33500183674258216,0.23791307693113883
4176,0.34362800813027733,0.1063576836666694,0.6632983451867482,0.00837988040448967,0.629598332701659,0.7989401386155022,0.2031222269093148,0.3354819987885165,0.23765506996373228
4177,0.34362800813027733,0.10636586581055951,0.6632983126245331,0.006549389640814807,0.6278348457445181,0.7940157367367111,0.20374782338426534,0.33596254245910645,0.23739812580717432
4178,0.34362800813027733,0.10637404656511087,0.6632980147989882,0.0047191291110692535,0.6260710901811285,0.7891188966271943,0.20437326617139642,0.3364434686812055,0.23714224928876984
4179,0.34362800813027733,0.1063822259932623,0.6632974512782429,0.0028890994299760053,0.624307065294309,0.7842493782090196,0.20499855345460777,0.33692477837671575,0.23688744522040972
4180,0.34362800813027733,0.10639040415771359,0.6632966216335365,0.001059301209826169,0.6225427703697243,0.779406944147708,0.2056236834220156,0.3374064724625462,0.2366337183984693
4181,0.34362800813027733,0.10639858112093134,0.6632955254392221,0.0,0.6207782046958851,0.77549086922355,0.20624865426598957,0.33788855185057265,0.23638107360371002
4182,0.34362800813027733,0.10640675694515514,0.663294162272769,0.0,0.6190133675641574,0.772819421269384,0.2068734641831932,0.3383710174475989,0.23612951560117684
4183,0.34362800813027733,0.10641493169240299,0.6632925317147669,0.0,0.617248258268773,0.7701478641041622,0.20749811137462,0.33885387015531643,0.23587904914010058
4184,0.34362800813027733,0.10642310542447803,0.6632906333489266,0.0,0.6154828761068293,0.7674761938249147,0.20812259404563224,0.33933711087026514,0.23562967895379786
4185,0.34362800813027733,0.1064312782029733,0.6632884667620857,0.0,0.6137172203783,0.7648044065226972,0.2087469104059999,0.3398207404837943,0.23538140975956964
4186,0.34362800813027733,0.10643945008927871,0.6632860315442095,0.0,0.6119512903860433,0.7621324982826374,0.20937105866993566,0.34030475988202136,0.23513424625860435
4187,0.34362800813027733,0.10644762114458639,0.6632833272883941,0.0,0.6101850854358031,0.7594604651839723,0.2099950370561356,0.34078916994579517,0.23488819313587775
4188,0.34362800813027733,0.10645579142989636,0.6632803535908698,0.0,0.6084186048362221,0.7567883033001015,0.21061884378781487,0.3412739715506551,0.23464325506005407
4189,0.34362800813027733,0.10646396100602312,0.6632771100510032,0.0,0.6066518478988426,0.7541160086986226,0.2112424770927463,0.3417591655667923,0.23439943668338675
4190,0.34362800813027733,0.10647212993360047,0.6632735962713006,0.0,0.6048848139381154,0.751443577441379,0.21186593520329733,0.3422447528590116,0.23415674264162145
4191,0.34362800813027733,0.10648029827308836,0.6632698118574097,0.0,0.6031175022714088,0.7487710055845085,0.21248921635646717,0.3427307342866913,0.2339151775538964
4192,0.34362800813027733,0.1064884660847778,0.6632657564181235,0.0,0.6013499122190092,0.7460982891784786,0.21311231879392478,0.34321711070374583,0.23367474602264504
4193,0.34362800813027733,0.10649663342879742,0.6632614295653816,0.0,0.5995820431041345,0.7434254242681404,0.2137352407620441,0.343703882958585,0.2334354526334983
4194,0.34362800813027733,0.1065048003651188,0.6632568309142732,0.0,0.5978138942529343,0.7407524068927649,0.21435798051194438,0.34419105189407856,0.23319730195518612
4195,0.34362800813027733,0.1065129669535623,0.6632519600830405,0.0,0.5960454649944987,0.7380792330860899,0.2149805362995241,0.34467861834751534,0.23296029853944134
4196,0.34362800813027733,0.10652113325380302,0.6632468166930796,0.0,0.5942767546608676,0.7354058988763691,0.21560290638549862,0.3451665831505655,0.23272444692090205
4197,0.34362800813027733,0.1065292993253765,0.6632414003689437,0.0,0.5925077625870302,0.7327324002864065,0.216225089035438,0.345654947129243,0.23248975161701407
4198,0.34362800813027733,0.10653746522768409,0.663235710738346,0.0,0.5907384881109397,0.7300587333336133,0.2168470825198014,0.3461437111038663,0.2322562171279353
4199,0.34362800813027733,0.10654563101999917,0.6632297474321611,0.0,0.588968930573512,0.7273848940300401,0.21746888511397622,0.3466328758890226,0.232023847936439
4200,0.34362800813027733,0.10655379676147259,0.663223510084428,0.0,0.5871990893186348,0.724710878382427,0.21809049509831308,0.34712244229352773,0.23179264850781628
4201,0.34362800813027733,0.10656196251113839,0.6632169983323521,0.0,0.5854289636931775,0.7220366823922518,0.2187119107581604,0.3476124111203889,0.23156262328978314
4202,0.34362800813027733,0.10657012832791968,0.663210211816307,0.0,0.5836585530469893,0.7193623020557642,0.21933313038390514,0.3481027831667692,0.2313337767123816
4203,0.34362800813027733,0.1065782942706337,0.6632031501798377,0.0,0.5818878567329144,0.7166877333640428,0.21995415227100337,0.34859355922394664,0.23110611318788607
4204,0.34362800813027733,0.10658646039799835,0.6631958130696618,0.0,0.583562930500826,0.7192091094409944,0.219355409768738,0.34786517512599757,0.2308796371107077
4205,0.34362800813027733,0.10659462676863701,0.6631882001356721,0.0,0.5854498445743689,0.7220502682462833,0.21868141598325194,0.3470621464527572,0.23065435285729935
4206,0.34362800813027733,0.1066027934410847,0.6631803110309388,0.0,0.5873365345340815,0.7248914557576025,0.2180072193762811,0.34625952412847966,0.23043026478606093
4207,0.34362800813027733,0.10661096047379331,0.6631721454117105,0.0,0.5892229990997522,0.7277326738841596,0.21733281826392703,0.3454573089205385,0.23020737723724546
4208,0.34362800813027733,0.10661912792513747,0.663163702937418,0.0,0.5911092369921702,0.7305739245393433,0.21665821096754337,0.3446555015902406,0.22998569453286452
4209,0.34362800813027733,0.10662729585341979,0.6631549832706747,0.0,0.5929952469331508,0.7334152096406913,0.21598339581376794,0.34385410289278595,0.2297652209765933
4210,0.34362800813027733,0.10663546431687665,0.6631459860772789,0.0,0.594881027645547,0.736256531109838,0.215308371134559,0.34305311357723295,0.22954596085367932
4211,0.34362800813027733,0.10664363337368382,0.6631367110262162,0.0,0.596766577853266,0.7390978908724688,0.21463313526723257,0.34225253438646364,0.22932791843084724
4212,0.34362800813027733,0.1066518030819616,0.6631271577896607,0.0,0.5986518962812917,0.7419392908582837,0.21395768655449307,0.34145236605714324,0.2291110979562061
4213,0.34362800813027733,0.10665997349978054,0.6631173260429772,0.0,0.6005369816556936,0.7447807330009417,0.21328202334447288,0.34065260931968916,0.2288955036591573
4214,0.34362800813027733,0.10666814468516697,0.6631072154647228,0.0,0.6024218327036511,0.7476222192380263,0.21260614399076294,0.3398532648982302,0.22868113975030102
4215,0.34362800813027733,0.10667631669610816,0.6630968257366485,0.0,0.6043064481534681,0.7504637515109983,0.21193004685244918,0.33905433351057335,0.22846801042134485
4216,0.34362800813027733,0.10668448959055835,0.6630861565437014,0.0,0.6061908267345856,0.7533053317651441,0.2112537302941485,0.3382558158681691,0.22825611984501112
4217,0.34362800813027733,0.10669266342644326,0.6630752075740256,0.0,0.6080749671776062,0.7561469619495444,0.21057719268603933,0.33745771267607233,0.2280454721749457
4218,0.34362800813027733,0.10670083826166632,0.6630639785189645,0.0,0.609958868214304,0.7589886440170175,0.20990043240389952,0.3366600246329107,0.2278360715456265
4219,0.34362800813027733,0.10670901415411368,0.6630524690730615,0.0,0.6118425285776464,0.7618303799240845,0.20922344782913796,0.33586275243084723,0.22762792207227284
4220,0.34362800813027733,0.1067171911616594,0.6630406789340626,0.0,0.6137259470018104,0.7646721716309227,0.20854623734882896,0.3350658967555449,0.22742102785075327
4221,0.34362800813027733,0.10672536934217122,0.6630286078029174,0.0,0.6156091222221948,0.7675140211013145,0.2078687993557473,0.33426945828613375,0.2272153929574967
4222,0.34362800813027733,0.10673354875351551,0.66301625538378,0.0,0.6174920529754448,0.7703559303026171,0.20719113224839994,0.33347343769517396,0.22701102144940138
4223,0.34362800813027733,0.10674172945356264,0.6630036213840114,0.0,0.6193747379994607,0.773197901205703,0.20651323443106137,0.33267783564862313,0.22680791736374517
4224,0.34362800813027733,0.10674991150019225,0.6629907055141802,0.0,0.6212571760334229,0.7760399357849314,0.20583510431380475,0.33188265280579965,0.2266060847180963
4225,0.34362800813027733,0.10675809495129873,0.6629775074880642,0.0,0.6231393658178035,0.7788820360180942,0.20515674031253722,0.3310878898193498,0.2264055275102227
4226,0.34362800813027733,0.10676627986479603,0.6629640270226516,0.0,0.6250213060943826,0.7817242038863735,0.20447814084903226,0.3302935473352141,0.2262062497180053
4227,0.34362800813027733,0.10677446629862325,0.6629502638381422,0.0,0.6269029956062705,0.7845664413743041,0.2037993043509611,0.32949962599259086,0.2260082552993474
4228,0.34362800813027733,0.10678265431074946,0.6629362176579491,0.0,0.6287844330979178,0.7874087504697204,0.20312022925192874,0.3287061264239063,0.22581154819208782
4229,0.34362800813027733,0.1067908439591794,0.6629218882086989,0.0,0.6306656173151381,0.7902511331637223,0.2024409139915031,0.3279130492547764,0.22561613231391134
4230,0.34362800813027733,0.10679903530195778,0.6629072752202338,0.0,0.6325465470051238,0.7930935914506293,0.2017613570152488,0.32712039510397595,0.22542201156226263
4231,0.34362800813027733,0.1068072283971753,0.6628923784256127,0.0,0.6344272209164572,0.7959361273279287,0.20108155677476114,0.3263281645834062,0.22522918981425796
4232,0.34362800813027733,0.10681542330297314,0.662877197561111,0.0,0.636307637799137,0.7987787427962474,0.20040151172769505,0.32553635829805794,0.2250376709265977
4233,0.34362800813027733,0.10682362007754823,0.6628617323662234,0.0,0.6381877964045855,0.8016214398592929,0.19972122033780026,0.32474497684598336,0.22484745873548181
4234,0.34362800813027733,0.10683181877915832,0.6628459825836635,0.0012302357320978508,0.6400676954856734,0.8059600746264391,0.19904068107495063,0.3239540208182586,0.22465855705652052
4235,0.34362800813027733,0.10684001946612684,0.6628299479593658,0.0026006027936905096,0.6419473337967332,0.8104870197739069,0.19835989241517646,0.32316349079895307,0.2244709696846501
4236,0.34362800813027733,0.10684822219684822,0.6628136282424855,0.003971194438898762,0.6438267100935726,0.8150332467152651,0.1976788528406983,0.322373387365099,0.2242847003940475
4237,0.34362800813027733,0.10685642702979242,0.6627970231854006,0.005342011732890506,0.6457058231335,0.8195988877067526,0.19699756083995423,0.32158371108665446,0.2240997529380432
4238,0.34362800813027733,0.10686463402351021,0.6627801325437117,0.0067130557395342905,0.6475846716753315,0.8241840762468488,0.19631601490763545,0.32079446252647625,0.22391613104903813
4239,0.34362800813027733,0.10687284323663804,0.6627629560762436,0.008084327521390322,0.6494632544794152,0.8287889470907258,0.1956342135447134,0.3200056422402837,0.22373383843841813
4240,0.34362800813027733,0.10688105472790274,0.6627454935450452,0.009455828139693312,0.6513415703076462,0.8334136362648834,0.19495215525847254,0.31921725077662866,0.2235528787964694
4241,0.34362800813027733,0.10688926855612665,0.6627277447153913,0.010827558654336156,0.6532196179234788,0.838058281081982,0.19426983856254276,0.31842928867686565,0.223373255792295
4242,0.34362800813027733,0.10689748478023234,0.6627097093557823,0.012199520123860108,0.6550973960919501,0.8427230201559095,0.19358726197692613,0.31764175647511683,0.2231949730737315
4243,0.34362800813027733,0.10690570345924733,0.6626913872379456,0.01357171360543763,0.656974903579694,0.8474079934170388,0.19290442402802963,0.31685465469824237,0.22301803426726444
4244,0.34362800813027733,0.106913924652309,0.6626727781368357,0.014944140154856567,0.6588521391549544,0.8521133421276972,0.1922213232486964,0.31606798386581164,0.22284244297794772
4245,0.34362800813027733,0.1069221484186696,0.6626538818306349,0.016316800826510103,0.6607291015876098,0.8568392088978815,0.19153795817823283,0.3152817444900677,0.22266820278931826
4246,0.34362800813027733,0.10693037481770035,0.6626346981007541,0.017689696673376998,0.6626057896491808,0.8615857377011568,0.19085432736244107,0.3144959370759007,0.2224953172633164
4247,0.34362800813027733,0.10693860390889676,0.6626152267318332,0.019062828747012484,0.6644822021128554,0.8609543589079133,0.1901704293536475,0.31371056212081533,0.22232378994020283
4248,0.34362800813027733,0.10694683575188305,0.662595467511741,0.020436198097531,0.6663583377535016,0.8602408829890954,0.18948626271073202,0.31292562011490005,0.22215362433847663
4249,0.34362800813027733,0.10695507040641683,0.6625754202315768,0.02180980577359032,0.6682341953476815,0.8595287535348735,0.18880182599915887,0.31214111154079915,0.22198482395479596
4250,0.34362800813027733,0.10696330793239367,0.6625550846856696,0.023183652822382106,0.6701097736736756,0.8588179683055148,0.1881171177910041,0.31135703687368027,0.2218173922638957
4251,0.34362800813027733,0.10697154838985193,0.6625344606715793,0.02455774028961155,0.6719850715114903,0.8581085250652344,0.1874321366649862,0.3105733965812068,0.22165133271850831
4252,0.34362800813027733,0.1069797918389771,0.6625135479900963,0.025932069219488596,0.673860087642883,0.8574004215821712,0.18674688120649313,0.3097901911235062,0.22148664874928353
4253,0.34362800813027733,0.1069880383401064,0.6624923464452427,0.027306640654710668,0.6757348208513749,0.8566936556283771,0.18606135000761265,0.30900742095314204,0.22132334376470808
4254,0.34362800813027733,0.1069962879537334,0.6624708558442715,0.028681455636447084,0.6776092699222651,0.8559882249797991,0.1853755416671606,0.3082250865150851,0.22116142115102788
4255,0.34362800813027733,0.10700454074051244,0.6624490759976676,0.03005651520432928,0.6794834336426536,0.8552841274162634,0.18468945479070736,0.3074431882466824,0.2210008842721686
4256,0.34362800813027733,0.10701279676126302,0.6624270067191476,0.03143182039643044,0.6813573108014515,0.8545813607214592,0.1840030879906095,0.3066617265776316,0.22084173646965738
4257,0.34362800813027733,0.10702105607697415,0.66240464782566,0.03280737224925706,0.683230900189403,0.8538799226829229,0.18331643988603397,0.3058807019299489,0.22068398106254447
4258,0.34362800813027733,0.10702931874880933,0.6623819991373856,0.03418317179773206,0.6851042005990999,0.8531798110920229,0.18262950910298756,0.3051001147179422,0.22052762134732623
4259,0.34362800813027733,0.10703758483811007,0.6623590604777372,0.03555922007517798,0.6869772108249954,0.8524810237439435,0.18194229427434613,0.30431996534818495,0.22037266059786811
4260,0.34362800813027733,0.1070458544064008,0.6623358316733592,0.03693551811330875,0.6888499296634274,0.851783558437668,0.18125479403987835,0.3035402542194836,0.22021910206532672
4261,0.34362800813027733,0.10705412751539314,0.6623123125541288,0.03831206694220862,0.6907223559126268,0.8510874129759661,0.1805670070462768,0.3027609817228549,0.2200669489780753
4262,0.34362800813027733,0.10706240422699001,0.6622885029531549,0.03968886759032353,0.6925944883727417,0.8503925851653754,0.17987893194718182,0.30198214824149405,0.21991620454162586
4263,0.34362800813027733,0.10707068460328975,0.6622644027067786,0.04106592108444479,0.6944663258458514,0.8496990728161875,0.1791905674032095,0.30120375415074896,0.2197668719385547
4264,0.34362800813027733,0.10707896870659081,0.6622400116545726,0.04244322844969217,0.6963378671359788,0.8490068737424327,0.17850191208198013,0.3004257998180951,0.21961895432842746
4265,0.34362800813027733,0.10708725659939552,0.6622153296393414,0.043820790709505564,0.6982091110491142,0.8483159857618645,0.1778129646581412,0.29964828560310436,0.21947245484772332
4266,0.34362800813027733,0.10709554834441459,0.662190356507121,0.04519860888562405,0.7000800563932252,0.8476264066959438,0.17712372381339686,0.29887121185742227,0.21932737660976184
4267,0.34362800813027733,0.10710384400457068,0.6621650921071789,0.04657668399807752,0.7019507019782787,0.8469381343698258,0.176434188236532,0.29809457892473906,0.21918372270462844
4268,0.34362800813027733,0.10711214364300328,0.6621395362920133,0.04795501706517019,0.7038210466162551,0.8462511666123413,0.1757443566234385,0.29731838714076353,0.2190414961991009
4269,0.34362800813027733,0.10712044732307202,0.6621136889173533,0.04933360910346357,0.7056910891211619,0.8455655012559866,0.17505422767714207,0.2965426368331984,0.21890070013657653
4270,0.34362800813027733,0.10712875510836117,0.6620875498421586,0.05071246112776867,0.7075608283090571,0.8448811361369043,0.17436380010782604,0.29576732832171276,0.21876133753699958
4271,0.34362800813027733,0.10713706706268356,0.6620611189286181,0.052091574151124864,0.7094302629980573,0.8441980690948708,0.1736730726328584,0.2949924619179176,0.2186234113967889
4272,0.34362800813027733,0.10714538325008446,0.6620343960421513,0.05347094918479134,0.7112993920083622,0.8435162979732812,0.17298204397681488,0.29421803792533896,0.21848692468876613
4273,0.34362800813027733,0.10715370373484548,0.6620073810514064,0.05485058723823105,0.7131682141622671,0.8428358206191342,0.1722907128715057,0.29344405663939394,0.21835188036208425
4274,0.34362800813027733,0.10716202858148866,0.6619800738282602,0.05623048931909386,0.7150367282841763,0.8421566348830184,0.17159907805599997,0.2926705183473657,0.21821828134215726
4275,0.34362800813027733,0.10717035785478013,0.6619524742478179,0.057610656433207896,0.7169049332006279,0.8414787386190962,0.17090713827664816,0.2918974233283765,0.21808613053058876
4276,0.34362800813027733,0.10717869161973403,0.6619245821884123,0.05825972251987327,0.7174278635002463,0.841584803755247,0.1708706973755985,0.29178057694185544,0.21795543080510324
4277,0.34362800813027733,0.10718702994161641,0.661896397531603,0.05815622982833957,0.7165658995251198,0.8424988166492889,0.17150904249879598,0.2923392678354883,0.2178261850194749
4278,0.34362800813027733,0.10719537288594894,0.6618679201621761,0.05805307352724398,0.7157035430944817,0.8434154204150809,0.17214707894114295,0.29289840279033086,0.21769839600345986
4279,0.34362800813027733,0.10720372051851246,0.661839149968144,0.05795025295523759,0.7148407949799066,0.8443346249744035,0.172784805478363,0.2934579820526248,0.21757206656272682
4280,0.34362800813027733,0.10721207290535095,0.6618100868407432,0.05784776744605952,0.7139776559586979,0.8452564402950675,0.1734222208935834,0.2940180058603328,0.21744719947878893
4281,0.34362800813027733,0.10722043011277513,0.6617807306744354,0.05774561632855146,0.713114126813875,0.8461808763911907,0.1740593239773565,0.2945784744431134,0.21732379750893596
4282,0.34362800813027733,0.10722879220736595,0.6617510813669056,0.05764379892667132,0.7122502083341526,0.8471079433234805,0.17469611352768383,0.2951393880222987,0.21720186338616693
4283,0.34362800813027733,0.10723715925597843,0.6617211388190616,0.05754231455950792,0.711385901313927,0.848037651199514,0.17533258835003865,0.295700746810871,0.21708139981912347
4284,0.34362800813027733,0.10724553132574488,0.6616909029350332,0.057441162541295,0.7105212065532596,0.848970010174022,0.17596874725738793,0.29626255101343946,0.21696240949202347
4285,0.34362800813027733,0.1072539084840789,0.6616603736221711,0.05734034218142575,0.7096561248578572,0.8499050304491786,0.17660458907021645,0.2968248008262186,0.2168448950645941
4286,0.34362800813027733,0.10726229079867847,0.6616295507910464,0.05723985278446736,0.7087906570390596,0.8508427222748848,0.17724011261654649,0.29738749643700424,0.21672885917200782
4287,0.34362800813027733,0.10727067833752954,0.6615984343554495,0.05713969365017535,0.7079248039138177,0.8517830959490665,0.17787531673196294,0.2979506380251541,0.21661430442481655
4288,0.34362800813027733,0.10727907116890956,0.6615670242323892,0.057039864073507696,0.7070585663046804,0.8527261618179605,0.1785102002596329,0.29851422576156317,0.21650123340888636
4289,0.34362800813027733,0.10728746936139066,0.6615353203420912,0.0569403633446402,0.7061919450397767,0.8536719302764115,0.17914476205032756,0.29907825980864333,0.21638964868533514
4290,0.34362800813027733,0.10729587298384319,0.661503322607998,0.056841190748980586,0.7053249409527965,0.8546204117681742,0.17977900096244445,0.29964274032030236,0.21627955279046773
4291,0.34362800813027733,0.10730428210543905,0.6614710309567668,0.05674234556718327,0.7044575548829775,0.8555716167862027,0.18041291586202776,0.3002076674419213,0.21617094823571262
4292,0.34362800813027733,0.10731269679565475,0.6614384453182693,0.056643827075164355,0.7035897876750838,0.8565255558729638,0.18104650562278987,0.30077304131033505,0.2160638375075599
4293,0.34362800813027733,0.107321117124275,0.6614055656255897,0.05654563454411621,0.7027216401793903,0.8574822396207339,0.18167976912613215,0.30133886205381133,0.21595822306749915
4294,0.34362800813027733,0.10732954316139545,0.6613723918150247,0.05644776724052236,0.7018531132516673,0.8584416786719055,0.18231270526116386,0.3019051297920284,0.21585410735195693
4295,0.34362800813027733,0.10733797497742631,0.6613389238260808,0.05635022442617249,0.7009842077531592,0.8594038837192995,0.18294531292472566,0.3024718446360583,0.2157514927722365
4296,0.34362800813027733,0.10734641264309538,0.6613051616014742,0.0562530053581774,0.7001149245505709,0.8603688655064711,0.18357759102140658,0.3030390066883435,0.21565038171445602
4297,0.34362800813027733,0.10735485622945087,0.6612711050871292,0.05615610928898407,0.6992452645160474,0.8613366348280284,0.18420953846356491,0.30360661604267847,0.21555077653948929
4298,0.34362800813027733,0.10736330580786474,0.6612367542321766,0.056059535466390364,0.6983752285271569,0.8623072025299443,0.18484115417134947,0.3041746727841915,0.2154526795829052
4299,0.34362800813027733,0.10737176145003577,0.6612021089889529,0.055963283133561026,0.6975048174668754,0.8632805795098736,0.18547243707271574,0.30474317698932263,0.21535609315490942
4300,0.34362800813027733,0.10738022322799226,0.6611671693129986,0.05586735152904171,0.6966340322235655,0.8642567767174776,0.186103386103448,0.3053121287258067,0.2152610195402839
4301,0.34362800813027733,0.10738869121409539,0.6611319351630562,0.05577173988677542,0.6957628736909599,0.8652358051547437,0.18673400020717787,0.3058815280526549,0.21516746099833045
4302,0.34362800813027733,0.10739716548104156,0.6610964065010705,0.05567644743611683,0.6948913427681458,0.8662176758763103,0.18736427833540054,0.30645137502013364,0.21507541976281191
4303,0.34362800813027733,0.10740564610186595,0.6610605832921848,0.055581473401848214,0.6940194403595428,0.8672023999897961,0.18799421944749686,0.3070216696697492,0.21498489804189477
4304,0.34362800813027733,0.10741413314994475,0.6610244655047416,0.05548681700419472,0.6931471673748892,0.8681899886561294,0.18862382251074883,0.30759241203422794,0.2148958980180932
4305,0.34362800813027733,0.10742262669899827,0.6609880531102794,0.05539247745883957,0.6922745247292212,0.8691804530898807,0.18925308650035955,0.3081636021374991,0.2148084218482115
4306,0.34362800813027733,0.10743112682309375,0.6609513460835321,0.055298453976940054,0.6914015133428543,0.8701738045595995,0.18988201039947006,0.3087352399946774,0.21472247166328962
4307,0.34362800813027733,0.1074396335966479,0.6609143444024266,0.055204745765142615,0.6905281341413688,0.8711700543881469,0.19051059319917685,0.3093073256120448,0.21463804956854707
4308,0.34362800813027733,0.1074481470944296,0.6608770480480823,0.055111352025598526,0.6896543880555872,0.8721692139530431,0.19113883389855024,0.3098798589870349,0.21455515764332792
4309,0.34362800813027733,0.10745666739156279,0.6608394570048084,0.055018271955980136,0.6887802760215596,0.8731712946868042,0.1917667315046503,0.31045284010821467,0.2144737979410474
4310,0.34362800813027733,0.10746519456352868,0.6608015712601022,0.054925504749495646,0.6879057989805423,0.8741763080772907,0.1923942850325447,0.311026268955269,0.21439397248913772
4311,0.34362800813027733,0.10747372868616872,0.6607633908046481,0.05483304959490576,0.6870309578789808,0.8751842656680561,0.19302149350532527,0.31160014549898407,0.21431568328899453
4312,0.34362800813027733,0.10748226983568668,0.6607249156323154,0.05474090567653883,0.686155753668493,0.8761951790586947,0.19364835595412375,0.3121744697012307,0.21423893231592453
4313,0.34362800813027733,0.10749081808865163,0.6606861457401565,0.05464907217430709,0.6852801873058472,0.877209059905198,0.19427487141812932,0.3127492415149498,0.21416372151909333
4314,0.34362800813027733,0.10749937352200006,0.660647081128405,0.0545575482637225,0.6844042597529466,0.8782259199203083,0.1949010389446027,0.31332446088413496,0.21409005282147361
4315,0.34362800813027733,0.10750793621303845,0.6606077218004738,0.05446633311591298,0.6835279719768086,0.8792457708738813,0.19552685758889443,0.3139001277438196,0.21401792811979392
4316,0.34362800813027733,0.10751650623944545,0.6605680677629533,0.054375425897637386,0.6826513249495472,0.8802686245932432,0.19615232641445862,0.31447624202006014,0.21394734928448814
4317,0.34362800813027733,0.10752508367927441,0.6605281190256099,0.05428482577130328,0.6817743196483546,0.8812944929635581,0.19677744449286771,0.3150528036299209,0.21387831815964536
4318,0.34362800813027733,0.10753366861095554,0.6604878756013831,0.05419453189498119,0.6808969570554806,0.8823233879281946,0.1974022109038303,0.31562981248146205,0.21381083656296046
4319,0.34362800813027733,0.10754226111329832,0.6604473375063842,0.05410454342242277,0.6800192381582163,0.8833553214890953,0.19802662473520238,0.3162072684737219,0.21374490628568474
4320,0.34362800813027733,0.10755086126549343,0.660406504759894,0.05401485950307483,0.679141163948873,0.8843903057071504,0.19865068508300482,0.31678517149670565,0.21368052909257731
4321,0.34362800813027733,0.10755946914711528,0.660365377384361,0.053925479282097566,0.6782627354247635,0.8854283527025739,0.1992743910514372,0.3173635214313715,0.21361770672185798
4322,0.34362800813027733,0.1075680848381238,0.6603239554053988,0.05383640190037964,0.6773839535881853,0.8864694746552799,0.1998977417528894,0.31794231814961404,0.21355644088515857
4323,0.34362800813027733,0.1075767084188668,0.6602822388517844,0.053747626494555,0.6765048194463976,0.8875136838052675,0.20052073630796002,0.31852156151425615,0.21349673326747723
4324,0.34362800813027733,0.10758533997008171,0.660240227755456,0.05365915219701928,0.675625334011607,0.888560992453002,0.20114337384546518,0.31910125137903067,0.2134385855271308
4325,0.34362800813027733,0.10759397957289801,0.6601979221515109,0.053570978135946024,0.6747454983009431,0.8896114129598065,0.20176565350245537,0.3196813875885716,0.2133819992957102
4326,0.34362800813027733,0.10760262730883874,0.6601553220782026,0.05348310343530355,0.6738653133364431,0.890664957748249,0.20238757442422822,0.3202619699784009,0.21332697617803417
4327,0.34362800813027733,0.10761128325982286,0.6601124275769396,0.05339552721487151,0.6729847801450313,0.8917216393025377,0.20300913576433877,0.3208429983749139,0.21327351775210543
4328,0.34362800813027733,0.10761994750816661,0.6600692386922823,0.053308248590256846,0.6721038997584987,0.8927814701689176,0.20363033668461558,0.3214244725953706,0.21322162556906527
4329,0.34362800813027733,0.10762862013658611,0.6600257554719409,0.05322126667291133,0.671222673213486,0.893844462956068,0.204251176355171,0.3220063924478821,0.2131713011531515
4330,0.34362800813027733,0.1076373012281982,0.6599819779667735,0.05313458057014747,0.6703411015514613,0.894910630335511,0.2048716539544143,0.32258875773139983,0.21312254600165362
4331,0.34362800813027733,0.1076459908665231,0.6599379062307826,0.0530481893851561,0.6694591858187016,0.8959799850420117,0.2054917686690634,0.3231715682357044,0.21307536158487178
4332,0.34362800813027733,0.10765468913548559,0.6598935403211142,0.052962092217022194,0.6685769270662754,0.8970525398739887,0.2061115196941562,0.3237548237413945,0.213029749346074
4333,0.34362800813027733,0.10766339611941675,0.6598488802980544,0.05287628816074241,0.6676943263500188,0.8981283076939314,0.20673090623306287,0.3243385240198767,0.21298571070145433
4334,0.34362800813027733,0.10767211190305587,0.6598039262250268,0.05279077630724188,0.6668113847305202,0.8992073014288081,0.20734992749749598,0.32492266883335436,0.21294324704009332
4335,0.34362800813027733,0.10768083657155172,0.6597586781685906,0.0527055557433907,0.6659281032730974,0.9002895340704906,0.20796858270752272,0.3255072579348187,0.2129023597239162
4336,0.34362800813027733,0.10768957021046427,0.6597131361984376,0.05262062555202157,0.6650444830477784,0.9013750186761756,0.20858687109157503,0.32609229106803844,0.21286305008765413
4337,0.34362800813027733,0.10769831290576612,0.6596673003873903,0.05253598481194621,0.6641605251292839,0.9024637683688074,0.20920479188645935,0.32667776796754944,0.2128253194388044
4338,0.34362800813027733,0.10770706474384412,0.6596211708113981,0.05245163259797264,0.6632762305970032,0.903555796337511,0.20982234433736885,0.3272636883586475,0.2127891690575922
4339,0.34362800813027733,0.10771582581150055,0.659574747549536,0.05236756798092257,0.6623916005349793,0.9046511158380192,0.21043952769789037,0.3278500519573764,0.2127546001969325
4340,0.34362800813027733,0.10772459619595476,0.6595280306840012,0.052283790027648214,0.6615066360318836,0.9057497401931152,0.21105634123001799,0.3284368584705226,0.21272161408239187
4341,0.34362800813027733,0.1077333759848442,0.6594810203001105,0.05220029780104912,0.6606213381809993,0.9068516827930668,0.21167278420415978,0.32902410759560474,0.2126902119121526
4342,0.34362800813027733,0.1077421652662261,0.6594337164862978,0.0521170903600906,0.659735708080202,0.9079569570960687,0.21228885589914676,0.3296117990208644,0.21266039485697527
4343,0.34362800813027733,0.10775096412857854,0.6593861193341111,0.052034166759819644,0.658849746831935,0.9073796179752067,0.21290455560224514,0.3301999324252619,0.21263216406016391
4344,0.34362800813027733,0.10775977266080133,0.6593382289382099,0.05195152605138337,0.6579634555431949,0.9058540140364453,0.21351988260916063,0.3307885074784641,0.21260552063752988
4345,0.34362800813027733,0.10776859095221791,0.6592900453963624,0.051869167282045436,0.6570768353255068,0.9043288832589464,0.21413483622405063,0.33137752384084057,0.21258046567735786
4346,0.34362800813027733,0.1077774190925758,0.6592415688094426,0.05178708949520411,0.6561898872949052,0.9028042213491254,0.2147494157595316,0.3319669811634558,0.21255700024037125
4347,0.34362800813027733,0.10778625717204796,0.6591927992814276,0.05170529173040955,0.6553026125719164,0.9012800240240116,0.21536362053668479,0.3325568790880601,0.21253512535969926
4348,0.34362800813027733,0.10779510528123393,0.6591437369193942,0.05166292867098238,0.6544858557753275,0.899930899990737,0.21599594639773045,0.3331657137597491,0.2125148420408432
4349,0.34362800813027733,0.10780396351116059,0.659094381833517,0.05248227191569871,0.6552273267757867,0.902427357308757,0.2170348194466318,0.3341819115675546,0.21249615126164467
4350,0.34362800813027733,0.1078128319532834,0.659044734137064,0.05330190058927653,0.6559684647759073,0.9049312719262729,0.2180733157513284,0.33519854884666395,0.2124790539722536
4351,0.34362800813027733,0.10782171069948701,0.658994793946395,0.054121814754849285,0.6567092697020348,0.907442682819414,0.2191114346668447,0.3362156252015164,0.21246355109509713
4352,0.34362800813027733,0.10783059984208612,0.6589445613809579,0.054942014472569634,0.6574497414839893,0.9099616292268157,0.2201491755567066,0.33723314022720713,0.21244964352484877
4353,0.34362800813027733,0.10783949947382676,0.6588940365632859,0.0557624997996129,0.6581898800550678,0.9124881506517651,0.22118653779295108,0.3382510935094854,0.2124373321283985
4354,0.34362800813027733,0.10784840968788661,0.658843219618994,0.05658327079017356,0.6589296853520419,0.9147473888956192,0.22222352075612933,0.3392694846247464,0.21242661774482358
4355,0.34362800813027733,0.10785733057787592,0.6587921106767762,0.05740432749546892,0.6596691573151587,0.9147716300549096,0.22326012383531524,0.34028831314002894,0.2124175011853591
4356,0.34362800813027733,0.10786626223783799,0.6587407098684032,0.05822566996373735,0.6604082958881414,0.9147963157936078,0.22429634642811025,0.34130757861301064,0.21240998323337015
4357,0.34362800813027733,0.10787520476225021,0.6586890173287174,0.059047298240237855,0.6611471010181855,0.9148214465859998,0.2253321879406478,0.3423272805920022,0.21240406464432385
4358,0.34362800813027733,0.10788415824602435,0.6586370331956313,0.05986921236725268,0.6618855726559632,0.9148470229039638,0.2263676477876004,0.3433474186159459,0.21239974614576274
4359,0.34362800813027733,0.10789312278450724,0.658584757610124,0.06069141238408654,0.6626237107556194,0.9148730452169744,0.22740272539218398,0.3443679922144114,0.2123970284372776
4360,0.34362800813027733,0.10790209847348128,0.6585321907162374,0.06151389832706533,0.6633615152747723,0.9148995139920924,0.22843742018616123,0.34538900090759045,0.21239591219048165
4361,0.34362800813027733,0.10791108540916489,0.6584793326610732,0.06233667022953987,0.6640989861745145,0.9149264296939665,0.22947173160984913,0.34641044420629785,0.21239639804898577
4362,0.34362800813027733,0.10792008368821296,0.6584261835947898,0.0631597281218827,0.6648361234194093,0.9149537927848304,0.23050565911211882,0.34743232161196386,0.21239848662837338
4363,0.34362800813027733,0.10792909340771717,0.6583727436705992,0.06398307203149162,0.6655729269774937,0.9149816037244994,0.23153920215040466,0.3484546326166369,0.21240217851617604
4364,0.34362800813027733,0.10793811466520661,0.6583190130447625,0.06480670198278898,0.6663093968202758,0.9150098629703678,0.23257236019070482,0.34947737670297835,0.2124074742718506
4365,0.34362800813027733,0.10794714755864748,0.6582649918765884,0.06563061799722042,0.667045532922734,0.915038570977407,0.2336051327075836,0.3505005533442595,0.2124143744267553
4366,0.34362800813027733,0.10795619218644417,0.6582106803284278,0.06645482009325887,0.6677813352633182,0.9150677281981617,0.23463751918417927,0.35152416200436454,0.21242287948412825
4367,0.34362800813027733,0.10796524864743856,0.6581560785656718,0.06727930828640172,0.6685168038239464,0.9150973350827488,0.23566951911220133,0.35254820213778365,0.2124329899190655
4368,0.34362800813027733,0.10797431704091104,0.6581011867567477,0.06810408258917394,0.6692519385900069,0.9151273920788537,0.23670113199193774,0.3535726731896164,0.21244470617849961
4369,0.34362800813027733,0.10798339746658006,0.6580460050731154,0.06892914301112807,0.6699867395503563,0.9151578996317292,0.23773235733225645,0.35459757459556995,0.2124580286811792
4370,0.34362800813027733,0.1079924900246024,0.6579905336892641,0.06975448955884284,0.6707212066973172,0.9151888581841905,0.2387631946506043,0.3556229057819556,0.2124729578176493
4371,0.34362800813027733,0.1080015948155732,0.6579347727827088,0.07058012223592747,0.671455340026681,0.9152202681766156,0.23979364347301454,0.3566486661656939,0.21248949395023167
4372,0.34362800813027733,0.108010711940526,0.6578787225339866,0.07140604104301873,0.6721891395377025,0.9152521300469411,0.2408237033341027,0.35767485515430886,0.21250763741300618
4373,0.34362800813027733,0.10801984150093244,0.6578223831266532,0.07223224597778455,0.672922605233104,0.9152844442306604,0.24185337377707244,0.358701472145933,0.2125273885117926
4374,0.34362800813027733,0.10802898359870255,0.657765754747279,0.07305873703492366,0.6736557371190708,0.9153172111608203,0.2428826543537161,0.35972851652930704,0.21254874752413314
4375,0.34362800813027733,0.10803813833618436,0.6577088375854458,0.07388551420616513,0.6743885352052505,0.9153504312680197,0.2439115446244118,0.36075598768377737,0.21257171469927602
4376,0.34362800813027733,0.10804730581616362,0.6576516318337433,0.07471257748027205,0.6751209995047549,0.9153841049804069,0.2449400441581297,0.36178388497930236,0.212596290258158
4377,0.34362800813027733,0.1080564861418638,0.6575941376877646,0.07553992684303901,0.6758531300341549,0.9154182327236768,0.24596815253242788,0.3628122077764497,0.2126224743933897
4378,0.34362800813027733,0.1080656794169457,0.6575363553461032,0.07636756227729613,0.676584926813483,0.9154528149210687,0.24699586933345527,0.3638409554264007,0.21265026726924025
4379,0.34362800813027733,0.10807488574550711,0.6574782850103491,0.07719548376290858,0.677316389866231,0.9154878519933641,0.24802319415595078,0.36487012727095175,0.2126796690216226
4380,0.34362800813027733,0.1080841052320824,0.6574199268850849,0.078023691276776,0.6780475192193471,0.9155233443588842,0.24905012660324147,0.3658997226425149,0.2127106797580798
4381,0.34362800813027733,0.10809333798164225,0.657361281177882,0.07885218479283701,0.6787783149032383,0.9155592924334881,0.2500766662872449,0.3669297408641237,0.21274329955777183
4382,0.34362800813027733,0.10810258409959322,0.6573023480992966,0.07968096428206639,0.6795087769517656,0.9155956966305683,0.2511028128284649,0.3679601812494324,0.21277752847146278
4383,0.34362800813027733,0.10811184369177687,0.6572431278628664,0.08051002971247906,0.6802389054022457,0.915632557361052,0.2521285658559933,0.3689910431027223,0.21281336652150898
4384,0.34362800813027733,0.10812111686446982,0.6571836206851062,0.08133938104913019,0.6809687002954483,0.9156698750333959,0.25315392500750766,0.3700223257189037,0.2128508137018472
4385,0.34362800813027733,0.10813040372438248,0.657123826785504,0.08216901825411471,0.6816981616755945,0.9157076500535842,0.2541788899292678,0.3710540283835186,0.21288986997798448
4386,0.34362800813027733,0.108139704378659,0.6570637463865172,0.08299894128657176,0.6824272895903571,0.9157458828251279,0.2552034602761174,0.3720861503727476,0.21293053528698774
4387,0.34362800813027733,0.10814901893487636,0.657003379713569,0.08382915010268183,0.6831560840908568,0.9157845737490612,0.25622763571147766,0.3731186909534101,0.2129728095374738
4388,0.34362800813027733,0.10815834750104342,0.6569427269950441,0.08465964465567155,0.6838845452316638,0.9158237232239402,0.2572514159073494,0.3741516493829734,0.21301669260960074
4389,0.34362800813027733,0.10816769018560057,0.6568817884622837,0.08549042489581338,0.684612673070794,0.9158633316458394,0.2582748005443078,0.3751850249095547,0.2130621843550595
4390,0.34362800813027733,0.10817704709741871,0.6568205643495837,0.08632149077042556,0.6853404676697079,0.9159033994083505,0.2592977893114977,0.37621881677192487,0.21310928459706643
4391,0.34362800813027733,0.10818641834579823,0.6567590548941883,0.08715284222387615,0.6860679290933113,0.9159439269025798,0.26032038190663587,0.37725302419951884,0.21315799313035594
4392,0.34362800813027733,0.10819580404046847,0.6566972603362875,0.08798447919758151,0.68679505740995,0.9159849145171458,0.2613425780360013,0.3782876464124352,0.21320830972117383
4393,0.34362800813027733,0.10820520429158645,0.6566351809190125,0.08881640163000987,0.6875218526914115,0.9160263626381792,0.26236437741443613,0.3793226826214467,0.21326023410727193
4394,0.34362800813027733,0.10821461920973602,0.6565728168884313,0.08964860945668207,0.6882483150129233,0.9160682716493159,0.26338577976534094,0.3803581320280056,0.2133137659979023
4395,0.3436277673937156,0.10822380816936511,0.6565099277569827,0.09048086187360932,0.6889742037165857,0.9161106419317004,0.2644065440841054,0.3813937530876853,0.2133689050738134
4396,0.34362725306419345,0.10823273842550937,0.6564464809201978,0.09131312595402308,0.6896994860281008,0.9161534738639794,0.26542663725483373,0.3824295121269166,0.21342565098724522
4397,0.3436264629337229,0.10824140788203868,0.6563824744249426,0.09214539941661981,0.6904241598250132,0.9161967678223027,0.2664460568185833,0.38346540611123836,0.21348400336192613
4398,0.3436253948025219,0.10824981445145124,0.656317906329209,0.09297767998536188,0.6911482229965069,0.9162405241803194,0.2674648003331579,0.384501432005103,0.21354396179307075
4399,0.34362404647905204,0.10825795605491026,0.6562527747021489,0.0938099653895143,0.69187167344344,0.916284743309176,0.26848286537313903,0.38553758677192057,0.21360552584737724
4400,0.34362241578005437,0.10826583062227801,0.6561870776241052,0.0946422533636816,0.6925945090783782,0.9163294255775148,0.2695002495299153,0.38657386737410143,0.21366869506302558
4401,0.3436205005305864,0.10827343609215204,0.6561208131866442,0.09547454164784885,0.6933167278256315,0.9163745713514715,0.270516950411716,0.38761027077310395,0.21373346894967762
4402,0.34361829856405923,0.10828077041190082,0.6560539794925891,0.09630682798741752,0.6940383276212874,0.9164201809946732,0.27153296564363955,0.3886467939294771,0.21379984698847582
4403,0.3436158077222729,0.10828783153769742,0.6559865746560511,0.09713911013324478,0.6947593064132466,0.9164662548682366,0.2725482928676852,0.3896834338029073,0.21386782863204423
4404,0.3436130258554534,0.10829461743455546,0.6559185968024608,0.09797138584168169,0.6954796621612571,0.9165127933307662,0.2735629297427824,0.39072018735226305,0.21393741330448923
4405,0.3436099508222877,0.10830112607636236,0.6558500440686004,0.0988036528746074,0.6961993928369461,0.9165597967383512,0.2745768739448179,0.39175705153563833,0.21400860040140116
4406,0.3436065804899606,0.10830735544591497,0.6557809146026348,0.09963590899947239,0.6969184964238575,0.9166072654445647,0.27559012316666825,0.3927940233104014,0.2140813892898568
4407,0.3436029127341892,0.108313303534952,0.6557112065641426,0.10046815198932946,0.6976369709174809,0.9166551998004622,0.2766026751182241,0.39383109963323637,0.21415577930842183
4408,0.34359894543925945,0.10831896834418961,0.6556409181241476,0.10130037962287658,0.6983548143252897,0.916703600154577,0.277614527526422,0.39486827746019226,0.21423176976715486
4409,0.3435946764980601,0.10832434788335296,0.6555700474651482,0.10213258968449002,0.6990720246667711,0.9167524668529213,0.27862567813526934,0.3959055537467265,0.21430935994761097
4410,0.3435901038121189,0.10832944017121152,0.6554985927811497,0.10296477996426234,0.6997885999734591,0.9168018002389828,0.27963612470587074,0.3969429254477496,0.2143885491028469
4411,0.3435852252916365,0.10833424323561036,0.6554265522776931,0.10379694825803948,0.7005045382889685,0.9168516006537227,0.28064586501645766,0.3979803895176743,0.21446933645742616
4412,0.34358003885552196,0.10833875511350446,0.6553539241718858,0.10462909236745804,0.701219837669028,0.9169018684355743,0.28165489686241285,0.39901794291045944,0.21455172120742558
4413,0.34357454243142627,0.10834297385099026,0.6552807066924315,0.10546121009997839,0.7019344961815084,0.9169526039204413,0.2826632180562937,0.4000555825796534,0.21463570252044042
4414,0.3435687339557775,0.10834689750333887,0.6552068980796599,0.1062932992689255,0.70264851190646,0.9170038074416955,0.283670826427863,0.4010933054784464,0.21472127953559408
4415,0.3435626113738145,0.10835052413502777,0.6551324965855558,0.10712535769352088,0.7033618829361404,0.9170554793301743,0.28467771982410744,0.4021311085597092,0.21480845136354368
4416,0.3435561726396204,0.10835385181977267,0.6550575004737884,0.10795738319892101,0.704074607375048,0.9171076199141804,0.28568389610926753,0.40316898877604557,0.21489721708648973
4417,0.3435494157161573,0.1083568786405596,0.6549819080197411,0.10878937361625274,0.7047866833399534,0.9157700203777952,0.28668935316485894,0.4042069430798359,0.21498757575818517
4418,0.3435423385752988,0.10835960268967601,0.654905717510539,0.1096213267826468,0.7054981089599284,0.9131623316904437,0.28769408888969394,0.40524496842328117,0.21507952640394476
4419,0.3435349391978638,0.10836202206874215,0.6548289272450786,0.1104532405412767,0.7062088823763801,0.9105604174682441,0.28869810119991,0.40628306175845513,0.2151730680206558
4420,0.34352721557364974,0.10836413488874208,0.6547515355340556,0.11128511274139008,0.7069190017430786,0.9079642533838468,0.2897013880289863,0.4073212200373447,0.21526819957678914
4421,0.34351916570146535,0.1083659392700545,0.6546735406999937,0.11101792211761546,0.7067091177104314,0.908601682398142,0.28986739687591334,0.4075228897600443,0.21536492001241098
4422,0.3435107875891631,0.10836743334248278,0.6545949410772713,0.1100001555016949,0.7058707061470986,0.9114507156074766,0.2894613734131735,0.4071533155827605,0.21546322823919428
4423,0.34350207925367243,0.10836861524528599,0.6545157350121507,0.10898236574599929,0.705031606096596,0.914307368867964,0.2890546183740228,0.4067837972051202,0.21556312314043288
4424,0.3434930387210316,0.10836948312720823,0.6544359208628043,0.10796455116310771,0.7041918152506624,0.9158696199028687,0.28864712976153695,0.406414331579242,0.21566460357105413
4425,0.34348366402642005,0.10837003514650911,0.6543554969993437,0.10694671007174422,0.7033513313136772,0.9154614877327624,0.2882389055962438,0.4060449156573955,0.21576766835763328
4426,0.3434739532141904,0.10837026947099274,0.6542744618038444,0.1059288407968007,0.7025101520026963,0.9150541293849652,0.28782994391614125,0.405675546392046,0.2158723162984088
4427,0.3434639043379,0.10837018427803721,0.6541928136703747,0.10491094166936493,0.7016682750474901,0.9146475440905664,0.2874202427767177,0.40530622073590267,0.21597854616329676
4428,0.34345351546034264,0.10836977775462389,0.6541105510050215,0.10389301102674936,0.7008256981905832,0.9142417310791591,0.2870098002509722,0.40493693564196664,0.2160863566939077
4429,0.34344278465358036,0.10836904809736628,0.6540276722259166,0.10287504721251356,0.6999824191872879,0.9138366895788426,0.28659861442943113,0.40456768806357607,0.21619574660356305
4430,0.3434317099989736,0.1083679935125379,0.6539441757632632,0.10185704857649391,0.6991384358057453,0.9134324188162248,0.2861866834201682,0.40419847495445554,0.21630671457731232
4431,0.34342028958721355,0.10836661221610205,0.6538600600593623,0.10083901347482727,0.6982937458269587,0.9130289180164265,0.28577400534882086,0.40382929326876194,0.2164192592719511
4432,0.34340852151835166,0.1083649024337385,0.6537753235686374,0.0998209402699769,0.6974483470448314,0.912626186403082,0.2853605783586079,0.4034601399611319,0.21653337931603966
4433,0.3433964039018312,0.10836286240087234,0.6536899647576613,0.09880282733076112,0.6966022372662046,0.9122242231983448,0.2849464006103478,0.40309101198673103,0.21664907330992184
4434,0.3433839348565167,0.10836049036270076,0.65360398210518,0.09778467303237354,0.6957554143108899,0.9118230276228875,0.2845314702824723,0.4027219063012985,0.21676633982574536
4435,0.3433711125107254,0.10835778457422168,0.6535173741021401,0.09676647575641467,0.69490787601171,0.9114225988959073,0.28411578557104544,0.4023528198611978,0.21688517740748148
4436,0.3433579350022561,0.10835474330025976,0.6534301392517108,0.09574823389091153,0.6940596202145293,0.9110229362351259,0.28369934468977737,0.4019837496234623,0.2170055845709468
4437,0.3433444004784195,0.10835136481549384,0.6533422760693111,0.09472994583034533,0.693210644778292,0.9106240388567957,0.28328214587003936,0.40161469254584337,0.21712755980382453
4438,0.3433305070960678,0.10834764740448352,0.6532537830826328,0.0937116099756774,0.6923609475750583,0.9102259059757002,0.2828641873608793,0.4012456455868589,0.2172511015656869
4439,0.3433162530216238,0.1083435893616955,0.6531646588316651,0.09269322473437042,0.6915105264900356,0.9098285368051577,0.28244546742903553,0.40087660570584027,0.21737620828801785
4440,0.3433016364311105,0.10833918899153025,0.6530749018687192,0.09167478852041716,0.6906593794216183,0.9094319305570246,0.28202598435895104,0.40050756986298147,0.21750287837423685
4441,0.3432866555101795,0.10833444460834682,0.6529845107584509,0.0906562997543604,0.6898075042814162,0.9090360864416978,0.28160573645278525,0.400138535019385,0.2176311101997231
4442,0.3432713084541409,0.10832935453649031,0.6528934840778856,0.08963775686332032,0.688954898994294,0.9086410036681168,0.28118472203042966,0.39976949813711266,0.21776090211183974
4443,0.34325559346799006,0.10832391711031511,0.6528018204164403,0.08861915828101774,0.6881015614984027,0.9082466814437687,0.2807629394295174,0.39940045617923103,0.21789225242996005
4444,0.34323950876643833,0.10831813067421239,0.6527095183759479,0.08760050244779671,0.6872474897452132,0.9078531189746895,0.28034038700543734,0.39903140610986154,0.2180251594454932
4445,0.3432230525739387,0.10831199358263299,0.6526165765706791,0.08658178781065007,0.6863926816995507,0.9074603154654679,0.27991706313134485,0.3986623448942277,0.21815962142191023
4446,0.3432062231247161,0.10830550420011392,0.652522993627366,0.0855630128232413,0.6855371353396278,0.9070682701192473,0.2794929661981729,0.39829326949870364,0.21829563659477233
4447,0.3431890186627935,0.10829866090130141,0.6524287681852239,0.08454417594592761,0.6846808486570761,0.9066769821377294,0.27906809461464227,0.39792417689086174,0.21843320317175793
4448,0.34317143744202017,0.10829146207097609,0.6523338988959735,0.08352527564578605,0.6838238196569816,0.9062864507211783,0.2786424468072738,0.3975550640395229,0.21857231933269175
4449,0.34315347772609905,0.10828390610407623,0.6522383844238637,0.08250631039663148,0.6829660463579141,0.9058966750684202,0.27821602122039496,0.3971859279148024,0.21871298322957414
4450,0.3431351377886138,0.1082759914057223,0.6521422234456924,0.08148727867904493,0.682107526791963,0.90550765437685,0.27778881631615304,0.39681676548816086,0.21885519298660955
4451,0.34311641591305564,0.10826771639123953,0.6520454146508288,0.0804681789803911,0.6812482590047653,0.9051193878424327,0.27736083057452066,0.3964475737324506,0.21899894670023812
4452,0.3430973103928503,0.10825907948618199,0.651947956741234,0.07944900979484382,0.6803882410555402,0.9047318746597053,0.2769320624933057,0.3960783496219651,0.21914424243916655
4453,0.34307781953138444,0.10825007912635495,0.6518498484314832,0.07842976962340859,0.6795274710171211,0.9043451140217824,0.2765025105881608,0.3957090901324888,0.2192910782443988
4454,0.3430579416420319,0.10824071375783786,0.6517510884487854,0.0774104569739415,0.6786659469759835,0.9039591051203569,0.2760721733925877,0.3953397922413433,0.21943945212926963
4455,0.34303767504817984,0.10823098183700675,0.6516516755330047,0.07639107036117543,0.6778036670322802,0.9035738471457043,0.27564104945794743,0.39497045292743793,0.21958936207947596
4456,0.34301701808325485,0.10822088183055667,0.6515516084366808,0.07537160830673822,0.6769406292998688,0.903189339286686,0.2752091373534657,0.39460106917131826,0.2197408060531117
4457,0.3429959690907485,0.10821041221552358,0.651450885925049,0.07435206933917504,0.6760768319063433,0.9028055807307506,0.2747764356662389,0.3942316379552137,0.2198937819807005
4458,0.3429745264242426,0.10819957147930581,0.6513495067760597,0.07333245199397215,0.6752122729930663,0.9024225706639389,0.2743429430012408,0.39386215626308785,0.22004828776523164
4459,0.3429526884474349,0.10818835811968583,0.6512474697803993,0.07231275481357397,0.6743469507151955,0.9020403082708855,0.2739086579813275,0.39349262108068633,0.2202043212821944
4460,0.342930453534164,0.10817677064485184,0.6511447737415088,0.07129297634740867,0.6734808632417172,0.9016587927348241,0.2734735792472431,0.3931230293955864,0.22036188037961388
4461,0.342907820068434,0.10816480757341776,0.6510414174756032,0.0702731151519046,0.6726140087554726,0.9012780232375869,0.27303770545762224,0.3927533781972449,0.220520962878089
4462,0.3428847864444395,0.10815246743444504,0.6509373998116907,0.06925316979051344,0.6717463854531889,0.900897998959611,0.27260103528899704,0.39238366447704826,0.22068156657082744
4463,0.34286135106658977,0.10813974876746241,0.650832719591592,0.06823313883373172,0.670877991545509,0.9005187190799412,0.27216356743579884,0.392013885228361,0.22084368922368455
4464,0.34283751234953286,0.10812665012248626,0.6507273756699576,0.06721302085911685,0.6700088252570178,0.9001401827762304,0.2717253006103615,0.39164403744657444,0.2210073285752019
4465,0.34281326871818035,0.10811317006004126,0.6506213669142878,0.0661928144513132,0.669138884826274,0.8997623892247459,0.27128623354292636,0.3912741181291577,0.22117248233664566
4466,0.34278861860773,0.1080993071511788,0.6505146922049498,0.06517251820206627,0.6682681685058355,0.8993853376003715,0.2708463649816404,0.39090412427570254,0.22133914819204567
4467,0.34276356046369044,0.10808505997749801,0.6504073504351957,0.06415213071024556,0.6673966745622886,0.8990090270766083,0.2704056936925625,0.3905340528879776,0.2215073237982376
4468,0.3427380927419039,0.1080704271311638,0.6502993405111805,0.0631316505818652,0.6665244012762772,0.8986334568255832,0.26996421845966323,0.3901639009699744,0.2216770067849004
4469,0.3427122139085695,0.10805540721492624,0.6501906613519797,0.062111076430099776,0.665651346942528,0.8982586260180458,0.2695219380848245,0.38979366552795675,0.2218481947546012
4470,0.34268592244026613,0.10803999884213936,0.6500813118896054,0.061090406875305814,0.6647775098698784,0.8978845338233759,0.2690788513878425,0.38942334357051106,0.22202088528283473
4471,0.3426592168239756,0.10802420063677956,0.6499712910690252,0.060069640545041936,0.6639028883813058,0.8975111794095854,0.26863495720642716,0.38905293210859526,0.22219507591806656
4472,0.34263209555710467,0.10800801123346399,0.6498605978481772,0.05904877607408432,0.6630274808139508,0.8971385619433206,0.26819025439620064,0.38868242815558696,0.22237076418177704
4473,0.3426045571475074,0.10799142927746794,0.6497492311979873,0.05802781210444924,0.6621512855191467,0.8967666805898676,0.2677447418306988,0.38831182872733455,0.22254794756850407
4474,0.342576600113508,0.10797445342474349,0.6496371901023861,0.0570067472854085,0.6612743008624447,0.8963955345131529,0.26729841840136875,0.38794113084220505,0.22272662354588715
4475,0.3425482229839212,0.10795708234193599,0.649524473558323,0.05598558027350825,0.6603965252236381,0.8960251228757479,0.2668512830175665,0.3875703315211333,0.2229067895547143
4476,0.34251942429807564,0.10793931470640203,0.6494110805757849,0.05496430973259003,0.659517956996793,0.8956554448388729,0.2664033346065582,0.3871994277876736,0.22308844300896488
4477,0.3424902026058338,0.10792114920622592,0.6492970101778086,0.05394293433380393,0.6586385945902675,0.8952864995623985,0.26595457211351325,0.3868284166680451,0.22327158129585808
4478,0.34246055646761464,0.1079025845402366,0.6491822614004994,0.05292145275563115,0.6577584364267435,0.8949182862048503,0.2655049945015064,0.386457295191186,0.22345620177589773
4479,0.3424304844544132,0.10788361941802399,0.6490668332930436,0.051899863683897485,0.6568774809432454,0.8945508039234115,0.2650546007515101,0.3860860603887983,0.2236423017829209
4480,0.3423999851478227,0.10786425255995555,0.648950724917725,0.050878165811793,0.6559957265911693,0.8941840518739259,0.26460338986239307,0.38571470929539997,0.22382987862414608
4481,0.342369057140054,0.10784448269719132,0.6488339353499386,0.04985635783988979,0.6551131718363066,0.8938180292109029,0.26415136085091695,0.3853432389483744,0.22401892958021985
4482,0.3423376990339568,0.10782430857170067,0.6487164636782059,0.04883443847615632,0.6542298151588662,0.8934527350875178,0.2636985127517294,0.38497164638801795,0.22420945190526764
4483,0.34230590944303946,0.10780372893627718,0.6485983090041888,0.04781240643597817,0.6533456550535024,0.8930881686556178,0.26324484461736136,0.3845999286575913,0.22440144282694266
4484,0.3422736869914888,0.1077827425545537,0.6484794704427028,0.04679026044217033,0.6524606900293342,0.8927243290657233,0.2627903555182204,0.3842280828033682,0.2245948995464772
4485,0.34224103031418995,0.10776134820101746,0.6483599471217322,0.04576799922499636,0.651574918609971,0.8923612154670327,0.2623350445425851,0.38385610587468405,0.22478981923873145
4486,0.34220793805674615,0.10773954466102512,0.6482397381824425,0.0447456215221857,0.6506883393335376,0.8919988270074257,0.26187891079659964,0.38348399492398705,0.22498619905224657
4487,0.34217440887549727,0.10771733073081619,0.648118842779194,0.04372312607894574,0.6498009507526931,0.8916371628334643,0.26142195340426594,0.3831117470068863,0.22518403610929658
4488,0.3421404414375397,0.10769470521752839,0.6479972600795546,0.04270051164798283,0.6489127514346574,0.8912762220903986,0.26096417150743784,0.3827393591822021,0.22538332750594017
4489,0.34210603442074455,0.10767166693921049,0.6478749892643136,0.04167777698951358,0.6480237399612312,0.8909160039221707,0.26050556426581223,0.38236682851201437,0.22558407031207417
4490,0.3420711865137766,0.10764821472483668,0.6477520295274928,0.04065492087128225,0.6471339149288184,0.8886316414817321,0.2600461308569224,0.38199415206171333,0.22578626157148782
4491,0.34203589641611276,0.10762434741431978,0.6476283800763601,0.03963194206857795,0.6462432749484509,0.885891584001742,0.2595858704761296,0.3816213269000486,0.22598989830191596
4492,0.34200016283806,0.10760006385852403,0.6475040401314409,0.03860883936424564,0.6453518186458056,0.8831597853123584,0.2591247823366125,0.38124835009917757,0.2261949774950956
4493,0.3419639845007733,0.10757536291927841,0.6473790089265301,0.03782015268636446,0.6445771934042381,0.8809679737855888,0.2587697858553107,0.38098213892066646,0.22640149611681942
4494,0.34192736013627373,0.10755024346938921,0.6472532857087037,0.03841506274462342,0.6444959579928422,0.8819185364371107,0.25904478919216556,0.38134659935479115,0.22660945110699354
4495,0.3418902884874657,0.1075247043926523,0.6471268697383308,0.039009722793502344,0.6444140451430552,0.8828715707947508,0.2593189625166547,0.38171089938713065,0.2268188393796929
4496,0.34185276830815425,0.10749874458386502,0.6469997602890837,0.039604130511255164,0.6443314548634906,0.8838270872577514,0.2595923051131371,0.382075036103972,0.227029657823219
4497,0.34181479836306217,0.1074723629488385,0.6468719566479497,0.04019828358518579,0.6442481871758611,0.8847850962728194,0.2598648162837405,0.3824390065952583,0.2272419033001578
4498,0.34177637742784694,0.10744555840440898,0.6467434581152416,0.0407921797116782,0.6441642421149757,0.8857456083343919,0.26013649534835054,0.38280280795463806,0.22745557264743707
4499,0.34173750428911737,0.10741832987844929,0.646614264004608,0.04138581659623136,0.6440796197287382,0.8867086339849088,0.2604073416445986,0.38316643727951466,0.22767066267638697
4500,0.34169817774444966,0.10739067630987972,0.6464843736430432,0.04197919195349181,0.6439943200781433,0.8876741838150871,0.2606773545278498,0.3835298916710952,0.22788717017279783
4501,0.3416583966024044,0.10736259664867948,0.6463537863708985,0.04257230350728508,0.643908343237275,0.8886422684641926,0.26094653337119095,0.38389316823444075,0.22810509189698083
4502,0.3416181596825414,0.10733408985589624,0.6462225015418901,0.04316514899064955,0.6438216892933023,0.8896128986203212,0.2612148775654172,0.3842562640785151,0.22832442458382857
4503,0.34157746581543663,0.10730515490365769,0.6460905185231103,0.043757726145867315,0.6437343583464766,0.8905860850206734,0.2614823865190185,0.38461917631623377,0.22854516494287608
4504,0.34153631384269667,0.10727579077518029,0.6459578366950354,0.04435003272449717,0.6436463505101272,0.8915618384518395,0.26174905965816675,0.3849819020645147,0.2287673096583629
4505,0.341494702616975,0.10724599646478056,0.645824455451536,0.04494206648740623,0.6435576659106587,0.8925401697500802,0.2620148964267013,0.38534443844432664,0.22899085538929478
4506,0.3414526310019864,0.10721577097788348,0.6456903741998853,0.04553382520480048,0.6434683046875456,0.8935210898016108,0.2622798962861133,0.38570678258073726,0.22921579876950599
4507,0.3414100978725217,0.10718511333103198,0.6455555923607668,0.04612530665625719,0.6433782669933281,0.8945046095428915,0.26254405871553316,0.3860689316029654,0.22944213640772423
4508,0.3413671021144634,0.10715402255189699,0.6454201093682843,0.046716508630755604,0.6432875529936091,0.8954907399609121,0.26280738321171254,0.38643088264442726,0.22966986488763322
4509,0.34132364262479886,0.10712249767928475,0.6452839246699686,0.04730742892670786,0.6431961628670468,0.8964794920934879,0.26306986928901094,0.38679263284278764,0.22989898076793686
4510,0.3412797183116352,0.10709053776314637,0.6451470377267864,0.04789806535198998,0.6431040968053521,0.8974708770295494,0.26333151647937786,0.38715417934000856,0.23012948058242622
4511,0.3412353280942133,0.1070581418645859,0.6450094480131472,0.048488415723971334,0.6430113550132818,0.8984649059094392,0.26359232433233654,0.387515519282397,0.23036136084004175
4512,0.34119047090292126,0.10702530905586857,0.644871155016911,0.04907847786954672,0.6429179377086334,0.8994615899252086,0.26385229241496866,0.3878766498206575,0.2305946180249429
4513,0.3411451456793078,0.1069920384204276,0.6447321582393953,0.04966824962516386,0.6428238451222394,0.9004609403209182,0.26411142031189394,0.3882375681099369,0.2308292485965721
4514,0.34109935137609604,0.10695832905287306,0.6445924571953825,0.050257728836855975,0.6427290774979619,0.9014629683929398,0.264369707625255,0.38859827130987673,0.23106524898972322
4515,0.3410530869571964,0.10692418005899851,0.6444520514131261,0.05084691336027003,0.6426336350926851,0.9024676854902588,0.2646271539746991,0.38895875658466184,0.23130261561460894
4516,0.341006351397719,0.10688959055578787,0.6443109404343571,0.05143580106069523,0.6425375181763102,0.903475103014782,0.26488375899735705,0.3893190211030668,0.23154134485692837
4517,0.34095914368398705,0.1068545596714224,0.6441691238142908,0.052024389813094485,0.6424407270317474,0.9044852324216446,0.2651395223478273,0.3896790620385085,0.23178143307793714
4518,0.34091146281354845,0.10681908654528713,0.644026601121632,0.05261267750213072,0.6423432619549101,0.9054980852195218,0.2653944436981547,0.3900388765690921,0.23202287661451476
4519,0.3408633077951887,0.10678317032797732,0.6438833719385815,0.05320066202219842,0.6422451232547071,0.9065136729709418,0.26564852273781153,0.39039846187766214,0.23226567177923702
4520,0.34081467764894235,0.1067468101813043,0.6437394358608408,0.05378834127745041,0.642146311253035,0.9075320072926,0.26590175917367737,0.3907578151518497,0.23250981486044325
4521,0.34076557140610514,0.10671000527830124,0.6435947924976189,0.054375713181825824,0.6420468262847718,0.9085530998556751,0.2661541527300183,0.39111693358412253,0.2327553021223097
4522,0.34071598810924486,0.10667275480322852,0.643449441471635,0.05496277565907992,0.6419466686977671,0.9095769623861524,0.26640570314846596,0.3914758143718326,0.23300212980491947
4523,0.3406659268122133,0.10663505795157904,0.6433033824191252,0.05554952664281004,0.6418458388528354,0.9106036066651423,0.26665641018799635,0.39183445471726586,0.23325029412433557
4524,0.340615386580157,0.10659691393008358,0.6431566149898464,0.05613596407648519,0.6417443371237479,0.911633044529207,0.2669062736249083,0.3921928518276903,0.23349979127267212
4525,0.3405643664895279,0.1065583219567148,0.6430091388470806,0.056722085913472275,0.6416421638972222,0.9126652878706855,0.2671552932528012,0.3925510029154047,0.23375061741816783
4526,0.34051286562809463,0.10651928126069257,0.6428609536676392,0.05730789011706322,0.641539319572916,0.9137003486380226,0.2674034688825526,0.39290890519778743,0.23400276870525952
4527,0.34046088309495204,0.10647979108248765,0.6427120591418667,0.05789337466050287,0.6414358045634161,0.9147382388361014,0.2676508003422953,0.39326655589734494,0.23425624125465663
4528,0.3404084180005317,0.10643985067382544,0.642562454973644,0.058478537527015484,0.6413316192942295,0.9157789705265779,0.2678972874773941,0.3936239522417596,0.23451103116341418
4529,0.34035546946661216,0.10639945929769068,0.6424121408803926,0.059063376709830584,0.641226764203775,0.9168225558282135,0.26814293015042234,0.39398109146393934,0.2347671345050095
4530,0.34030203662632796,0.10635861622832957,0.6422611165930768,0.05964789021221045,0.6411212397433718,0.9178690069172183,0.2683877282411377,0.3943379708020649,0.2350245473294165
4531,0.34024811862418,0.10631732075125444,0.6421093818562078,0.06023207604747527,0.6410150463772308,0.9189183360275879,0.2686316816464573,0.39469458749963804,0.2352832656631823
4532,0.3401937146160436,0.10627557216324532,0.6419569364278447,0.06081593223902981,0.6409081845824437,0.9199705554514516,0.26887479028043465,0.3950509388055313,0.23554328550950315
4533,0.34013882376917903,0.10623336977235404,0.6418037800795986,0.0613994568203895,0.6408006548489732,0.9210256775394159,0.269117054074233,0.3954070219740353,0.23580460284830276
4534,0.3400834452622387,0.10619071289790513,0.641649912596634,0.06198264783520352,0.6406924576796416,0.9220837147009111,0.26935847297609894,0.39576283426490494,0.2360672136363074
4535,0.3400275782852774,0.10614760087049979,0.6414953337776705,0.06256550333728417,0.6405835935901202,0.923144679404549,0.26959904695134024,0.3961183729434122,0.2363311138071269
4536,0.33997122203975894,0.1061040330320161,0.6413400434349853,0.06314802139062725,0.6404740631089185,0.9242085841784693,0.2698387759822944,0.3964736352803884,0.23659629927133083
4537,0.33991437573856575,0.1060600087356123,0.6411840413944143,0.06373020006944102,0.6403638667773726,0.925275441610701,0.2700776600683065,0.3968286185522768,0.23686276591652794
4538,0.3398570386060057,0.10601552734572692,0.6410273274953527,0.06431203745816833,0.6402530051496329,0.9263452643495206,0.2703156992257001,0.3971833200411786,0.23713050960744733
4539,0.3397992098778205,0.10597058823808089,0.6408699015907575,0.06489353165151107,0.6401414787926537,0.9274180651038111,0.2705528934877492,0.3975377370348998,0.23739952618601579
4540,0.3397408888011927,0.10592519079967802,0.640711763547147,0.06547468075445628,0.6400292882861798,0.9284938566434306,0.2707892429046523,0.39789186682700073,0.23766981147143992
4541,0.3396820746347532,0.10587933442880601,0.6405529132446018,0.06605548288229718,0.6399164342227351,0.9295726517995747,0.27102474754350314,0.39824570671684273,0.2379413612602866
4542,0.3396227666485884,0.10583301853503707,0.6403933505767656,0.06663593616066016,0.6398029172076101,0.930654463465151,0.2712594074882627,0.39859925400963675,0.23821417132656547
4543,0.339562964124246,0.10578624253922686,0.6402330754508442,0.06721603872552556,0.6396887378588475,0.9317393045951478,0.27149322283972943,0.39895250601648874,0.2384882374218083
4544,0.339502666354743,0.1057390058735165,0.6400720877876063,0.06779578872325182,0.6395738968072323,0.9328271882070103,0.27172619371551143,0.39930546005444967,0.23876355527515414
4545,0.33944187264457065,0.10569130798133036,0.6399103875213825,0.06837518431059963,0.6394583946962755,0.9339181273810201,0.2719583202499955,0.39965811344656094,0.23904012059343038
4546,0.3393805823097016,0.1056431483173769,0.6397479746000655,0.06895422365475262,0.6393422321822027,0.935012135260673,0.27218960259431824,0.40001046352190284,0.23931792906123664
4547,0.339318794677595,0.1055945263476469,0.6395848489851079,0.06953290493334219,0.6392254099339393,0.9361092250530665,0.272420040916335,0.40036250761564135,0.23959697634102933
4548,0.3392565090872028,0.10554544154941309,0.6394210106515227,0.07011122633446881,0.6391079286330974,0.937209410029283,0.2726496354005897,0.40071424306907527,0.2398772580732044
4549,0.3391937248889745,0.10549589341122859,0.6392564595878805,0.07068918605672336,0.6389897889739611,0.938312703524779,0.2728783862482836,0.4010656672296831,0.2401587698761827
4550,0.3391304414448628,0.10544588143292516,0.6390911957963086,0.0712667823092113,0.6388709916634723,0.9394191189397815,0.27310629367724404,0.40141677745117077,0.2404415073464962
4551,0.33906665812832865,0.10539540512561188,0.6389252192924899,0.07184401331157153,0.6387515374212165,0.9405286697396765,0.2733333579218919,0.40176757109351696,0.24072546605887196
4552,0.3390023743243453,0.10534446401167269,0.6387585301056594,0.07242087729400049,0.6386314269794076,0.9416413694554131,0.2735595792332112,0.4021180455230219,0.24101064156631904
4553,0.3389375894294038,0.10529305762476443,0.6385911282786031,0.07299737249727262,0.6385106610828724,0.9427572316839019,0.27378495787871515,0.40246819811235274,0.24129702940021566
4554,0.33887230285151637,0.10524118550981418,0.638423013867655,0.07357349717275963,0.6383892404890368,0.9438762700884165,0.2740094941424139,0.4028180262405905,0.24158462507039488
4555,0.33880651401022116,0.10518884722301641,0.6382541869426943,0.07414924958245461,0.6382671659679088,0.9449537485624574,0.27423318832478144,0.4031675272932767,0.24187342406523324
4556,0.3387402223365857,0.10513604233183005,0.6380846475871429,0.0747246279989891,0.6381444383020636,0.9459174056528636,0.2744560407427215,0.40351669866245926,0.24216342185173806
4557,0.3386734272732104,0.1050827704149751,0.6379143958979616,0.07529963070565632,0.6380210582866275,0.9468834833134488,0.27467805172953524,0.40386553774673994,0.24245461387563544
4558,0.33860612827423253,0.10502903106242945,0.6377434319856472,0.07587425599643033,0.6378970267292614,0.9478519886811745,0.2748992216348854,0.40421404195132005,0.24274699556146093
4559,0.33853832480532864,0.10497482387542478,0.6375717559742281,0.07644850217598453,0.637772344450145,0.9488229289192986,0.275119550824762,0.4045622086880454,0.2430405623126461
4560,0.33847001634371804,0.10492014846644251,0.6373993680012614,0.07702236755971414,0.6376470122819599,0.9497963112175151,0.27533903968144935,0.404910035375455,0.24333530951160992
4561,0.3384012023781653,0.10486500445921007,0.637226268217828,0.07759585047375261,0.6375210310698727,0.9507721427920844,0.2755576886034877,0.40525751943882404,0.24363123251984864
4562,0.33833188240898276,0.10480939148869578,0.6370524567885287,0.07816894925499374,0.6373944016715178,0.9517504308859782,0.2757754980056403,0.4056046583102121,0.24392832667802647
4563,0.3382620559480326,0.10475330920110434,0.6368779338914787,0.07874166225110885,0.6372671249569806,0.952731182769011,0.2759924683188568,0.405951449428508,0.24422658730606578
4564,0.3381917225187292,0.10469675725387212,0.6367026997183041,0.07931398782056537,0.6371392018087793,0.9537144057379818,0.27620859999023606,0.40629789023947444,0.2445260097032388
4565,0.33812088165604104,0.10463973531566167,0.6365267544741358,0.07988592433264757,0.6370106331218481,0.9547001071168149,0.27642389348299085,0.40664397819579595,0.24482658914826125
4566,0.33804953290649153,0.10458224306635619,0.6363500983776047,0.08032126372407916,0.6369719837275456,0.9552989625306457,0.27742177716178096,0.40777313864249204,0.24512832089938055
4567,0.33797767582816135,0.10452428019705381,0.6361727316608359,0.08069668124568702,0.6369722414802934,0.9557285803452557,0.278761573336414,0.4092446908607031,0.2454312001944731
4568,0.3379053099906889,0.10446584641006215,0.6359946545694433,0.0810717768990814,0.6369717724344821,0.9561590437637131,0.2801005328183711,0.41071588262429704,0.2457352222511341
4569,0.3378324349752716,0.10440694141889154,0.635815867362523,0.08144654951845626,0.6369705770428128,0.9565903536374624,0.2814386561349451,0.4121867114140912,0.24604038226677244
4570,0.3377590503746661,0.10434756494824843,0.6356363703126476,0.08182099794788938,0.6369686557715015,0.9570225108167643,0.2827759438293566,0.4136571747180519,0.24634667541870522
4571,0.33768515579318953,0.1042877167340299,0.6354561637058598,0.08219512104135235,0.6369660091002678,0.9574555161506977,0.28411239646071157,0.41512727003133454,0.24665409686425002
4572,0.33761075084671877,0.10422739652331489,0.6352752478416648,0.08256891766271984,0.6369626375223245,0.9578893704871567,0.28544801460396535,0.41659699485633184,0.24696264174082114
4573,0.33753583516269137,0.10416660407435896,0.6350936230330247,0.08294238668578091,0.6369585415443666,0.9583240746728523,0.2867827988498828,0.41806634670271825,0.2472723051660256
4574,0.33746040838010477,0.10410533915658554,0.6349112896063507,0.08331552699424583,0.6369537216865587,0.9587596295533097,0.28811674980499635,0.41953532308749086,0.24758308223775616
4575,0.33738447014951595,0.10404360155057865,0.6347282479014951,0.08368833748175786,0.6369481784825248,0.9591960359728707,0.2894498680915706,0.421003921535019,0.247894968034289
4576,0.33730802013304095,0.1039813910480756,0.6345444982717449,0.08406081705190055,0.6369419124793347,0.9596332947746916,0.29078215434755716,0.42247213957708396,0.24820795761438103
4577,0.3372310580043538,0.10391870745195794,0.6343600410838128,0.0844329646182077,0.6369349242374931,0.9600714068007434,0.292113609226559,0.4239399747529263,0.2485220460173631
4578,0.33715358344868585,0.10385555057624388,0.6341748767178306,0.08480477910417172,0.6369272143309271,0.9605103728918131,0.29344423339778736,0.4254074246092897,0.24883722826324134
4579,0.33707559616282357,0.1037919202460793,0.6339890055673388,0.0851762594432508,0.6369187833469723,0.9609501938874996,0.2947740275460181,0.4268744867004607,0.24915349935279188
4580,0.33699709585510795,0.10372781629772898,0.6338024280392803,0.08554740457887922,0.6369096318863612,0.961390870626219,0.2961029923715569,0.4283411585883195,0.24947085426765922
4581,0.33691808224543207,0.10366323857856763,0.6336151445539897,0.08591821346447326,0.6368997605632092,0.961832403945199,0.2974311285901901,0.42980743784237674,0.24978928797045583
4582,0.33683855506523946,0.10359818694707051,0.6334271555451859,0.0862886850634404,0.6368891700050024,0.9622747946804822,0.2987584369331479,0.4312733220398215,0.25010879540485914
4583,0.3367585140575219,0.10353266127280406,0.6332384614599617,0.08665881834918687,0.6368778608525827,0.9627180436669246,0.30008491814706173,0.4327388087655645,0.2504293714957114
4584,0.3366779589768164,0.10346666143641581,0.6330490627587748,0.0870286123051231,0.6368658337601342,0.9631621517381951,0.3014105729939166,0.4342038956122765,0.25075101114911874
4585,0.3365968895892036,0.10340018732962467,0.6328589599154388,0.08739806592467358,0.6368530893951697,0.9636071197267784,0.30273540225101464,0.4356685801804385,0.25107370925255224
4586,0.3365153056723037,0.10333323885521059,0.6326681534171116,0.0877671782112821,0.6368396284385159,0.9640529484639696,0.3040594067109295,0.43713286007838104,0.2513974606749462
4587,0.33643320701527435,0.10326581592700401,0.6324766437642872,0.08813594817841808,0.6368254515842993,0.9644996387798783,0.3053825871814595,0.4385967329223245,0.2517222602667994
4588,0.3363505934188066,0.10319791846987522,0.6322844314707841,0.08850437484958468,0.6368105595399305,0.9649471915034274,0.3067049444855895,0.4400601963364277,0.2520481028602767
4589,0.33626746469512175,0.1031295464197235,0.6320915170637349,0.08887245725832355,0.6367949530260903,0.9653956074623522,0.30802647946144185,0.4415232479528249,0.2523749832693089
4590,0.3361838206679676,0.1030606997234659,0.6318979010835757,0.08924019444822207,0.6367786327767135,0.9658448874832016,0.3093471929622354,0.44298588541167244,0.2527028962896963
4591,0.336099661172614,0.10299137833902555,0.6317035840840352,0.08960758547291847,0.6367615995389742,0.9662950323913374,0.31066708585624014,0.4444481063611898,0.25303183669920865
4592,0.33601498605584934,0.1029215822353205,0.6315085666321232,0.08997462939610723,0.6367438540732695,0.9667460430109336,0.3119861590267289,0.44590990845769823,0.2533617992576879
4593,0.3359297951759755,0.10285131139225168,0.6313128493081188,0.09034132529154587,0.6367253971532036,0.9671979201649779,0.3133044133719373,0.4473712893656692,0.2536927787071531
4594,0.33584408840280366,0.1027805658006905,0.6311164327055597,0.09070767224305837,0.6367062295655723,0.9676506646752703,0.31462184980501373,0.4488322467577601,0.2540247697718996
4595,0.3357578656176488,0.1027093454624669,0.6309193174312286,0.09107366934454164,0.6366863521103452,0.968104277362424,0.31593846925397634,0.45029277831486,0.25435776715860514
4596,0.33567112671332544,0.10263765039035674,0.6307215041051428,0.0914393156999701,0.6366657656006507,0.9685587590458657,0.31725427266166634,0.4517528817261304,0.25469176555643314
4597,0.33558387159414177,0.10256548060806883,0.6305229933605412,0.09180461042339916,0.6366444708627577,0.9690141105438353,0.31856926098569904,0.453212554689044,0.255026759637136
4598,0.335496100175894,0.10249283615023189,0.6303237858438702,0.09216955263897114,0.6366224687360594,0.9694703326733841,0.3198834351984218,0.4546717949094304,0.25536274405516
4599,0.33540781238586126,0.10241971706238182,0.6301238822147739,0.09253414148091832,0.6365997600730557,0.9699274262503788,0.3211967962868614,0.4561306001015119,0.2556997134477495
4600,0.33531900816279875,0.10234612340094718,0.6299232831460777,0.09289837609356738,0.6365763457393353,0.9703853920894978,0.32250934525268243,0.4575889679879498,0.2560376624350522
4601,0.3352296874569323,0.10227205523323682,0.6297219893237775,0.09326225563134366,0.6365522266135584,0.9708442310042338,0.32382108311213653,0.4590468962998825,0.25637658562022575
4602,0.3351398502299518,0.10219751263742502,0.6295200014470252,0.0936257792587733,0.6365274035874382,0.9713039438068926,0.32513201089601346,0.46050438277696426,0.2567164775895412
4603,0.335049496455004,0.10212249570253742,0.6293173202281147,0.0939889461504882,0.6365018775657231,0.9717645313085944,0.32644212964959723,0.4619614251674104,0.25705733291249017
4604,0.3349586261166865,0.10204700452843712,0.6291139463924686,0.09435175549122782,0.6364756494661779,0.9722259943192723,0.32775144043261223,0.46341802122803155,0.25739914614189086
4605,0.33486723921104,0.10197103922580947,0.6289098806786236,0.094714206475843,0.636448720219565,0.9726883336476747,0.32905994431917995,0.4648741687242802,0.25774191181399564
4606,0.33477533574554164,0.10189459991614794,0.6287051238382162,0.09507629830929865,0.6364210907696262,0.9731515501013629,0.33036764239776784,0.4663298654302872,0.2580856244485967
4607,0.3346829157390968,0.10181768673173822,0.6284996766359681,0.09543803020667507,0.6363927620730622,0.9736156444867137,0.33167453577113687,0.467785109128899,0.25843027854913364
4608,0.3345899792220319,0.10174029981564378,0.6282935398496707,0.09579940139317211,0.636363735099514,0.9740806176089182,0.33298062555629926,0.46923989761172435,0.25877586860280216
4609,0.33449652623608644,0.10166243932168995,0.628086714270172,0.09616041110410958,0.6363340108315441,0.9745464702719826,0.3342859128844613,0.4706942286791656,0.2591223890806588
4610,0.3344025568344045,0.10158410541444804,0.6278792007013589,0.09652105858493024,0.6363035902646148,0.9750132032787282,0.33559039890097864,0.47214810014046477,0.25946983443773386
4611,0.33430807108152655,0.10150529826921978,0.6276709999601429,0.09688134309120106,0.6362724744070691,0.9754808174307927,0.3368940847653049,0.47360150981373983,0.2598181991131355
4612,0.33421306905338144,0.10142601807202131,0.6274621128764445,0.09724126388861443,0.6362406642801113,0.9759493135286275,0.3381969716509386,0.47505445552602166,0.26016747753016034
4613,0.3341175508372764,0.10134626501956587,0.627252540293177,0.09760082025299005,0.6362081609177848,0.9764186923715024,0.33949906074537617,0.47650693511329734,0.2605176640964032
4614,0.33402151653188894,0.10126603931924827,0.6270422830662299,0.09796001147027497,0.6361749653669517,0.9768889547575019,0.3408003532500574,0.4779589464205438,0.26086875320386477
4615,0.33392496624725754,0.10118534118912739,0.6268313420644535,0.0983188368365456,0.6361410786872737,0.977360101483528,0.3421008503803179,0.4794104873017707,0.2612207392290619
4616,0.33382790010477176,0.10110417085790963,0.626619718169641,0.09867729565800804,0.6361065019511875,0.9778321333453011,0.3434005533653353,0.4808615556200568,0.26157361653313893
4617,0.3337303182371632,0.10102252856493135,0.6264074122765134,0.09903538725099745,0.6360712362438868,0.9783050511373561,0.3446994634480768,0.4823121492475858,0.2619273794619747
4618,0.33363222078849486,0.10094041456014113,0.6261944252927004,0.09939311094197978,0.6360352826632987,0.9787788556530486,0.3459975818852502,0.4837622660656889,0.26228202234629594
4619,0.333533607914152,0.10085782910408297,0.6259807581387251,0.09975046606755072,0.6359986423200619,0.9792535476845516,0.3472949099472481,0.4852119039648777,0.2626375395017863
4620,0.3334344797808307,0.1007747724678772,0.6257664117479852,0.10010745197443574,0.6359613163375054,0.9797291280228558,0.34859144891809846,0.48666106084488525,0.262993925229198
4621,0.3333348365665285,0.10069124493320361,0.6255513870667355,0.10046406801949082,0.6359233058516258,0.9802055974577735,0.3498872000954112,0.4881097346147029,0.2633511738144634
4622,0.3332346784605329,0.10060724679228217,0.6253356850540708,0.10082031356969934,0.6358846120110642,0.9798945473249895,0.3511821647903225,0.48955792319261404,0.26370927952880546
4623,0.3331340056634107,0.10052277834785489,0.6251193066819067,0.10117618800217401,0.6358452359770848,0.9787430196747348,0.35247634432744707,0.49100562450623686,0.2640682366288503
4624,0.3330328183869968,0.10043783991316682,0.6249022529349623,0.1015316907041538,0.6358051789235506,0.9775915041777649,0.35376974004481776,0.49245283649255406,0.2644280393567389
4625,0.3329311168543827,0.10035243181194745,0.6246845248107404,0.1018868210730039,0.6357644420369005,0.976440000884708,0.35506235329383906,0.49389955709795685,0.2647886819402401
4626,0.33282890129990533,0.10026655437839135,0.6244661233195105,0.10224157851621402,0.6357230265161269,0.9752885098547556,0.35635418543922953,0.4953457842782768,0.26515015859286134
4627,0.33272617196913473,0.10018020795713842,0.6242470494842876,0.10259596245139613,0.6356809335727502,0.9741370311556556,0.3576452378589654,0.49679151599882065,0.26551246351396346
4628,0.33262292911886254,0.10009339290325509,0.624027304340815,0.10294997230628394,0.6356381644307973,0.9729855648637076,0.3589355119442328,0.4982367502344126,0.26587559088887325
4629,0.3325191730170895,0.10000610958221365,0.6238068889375439,0.10330360751872911,0.6355947203267753,0.971834111063759,0.36022500909936583,0.4996814849694222,0.2662395348889953
4630,0.332414903943013,0.09991835836987273,0.6235858043356137,0.10365686753670059,0.6355506025096485,0.9706826698491947,0.3615137307417976,0.5011257181978062,0.26660428967192695
4631,0.33231012218701467,0.09983013965245707,0.6233640516088328,0.10400975181828162,0.6355058122408135,0.969531241321934,0.36280167830200344,0.5025694479231425,0.2669698493815725
4632,0.33220482805064727,0.09974145382653646,0.6231416318436578,0.104362259831666,0.6354603507940746,0.9683798255924266,0.3640888532234426,0.5040126721586611,0.26733620814825426
4633,0.33209902184662204,0.09965230129900626,0.622918546139174,0.10471439105515756,0.6354142194556189,0.9672284227796425,0.3653752569625083,0.505455388927286,0.2677033600888309
4634,0.3319927038987948,0.09956268248706518,0.622694795607074,0.1050661449771643,0.635367419523991,0.9660770330110696,0.36666089098846716,0.5068975962616643,0.2680712993068086
4635,0.33188587454215346,0.09947259781819551,0.6224703813716383,0.1054175210961977,0.635319952310068,0.9649256564227062,0.36794575678340685,0.5083392922042038,0.2684400198924567
4636,0.3317785341228031,0.09938204773014067,0.6222453045697129,0.10576851892086764,0.6352718191370332,0.9637742931590547,0.36922985584217854,0.5097804748071073,0.26880951592292374
4637,0.33167068299795344,0.09929103267088493,0.62201956635069,0.10611913796987893,0.6352230213403514,0.9626229433731194,0.3705131896723395,0.5112211421324044,0.26917978146235066
4638,0.3315623215359034,0.09919955309863046,0.6217931678764848,0.10611859843739696,0.6349424281219576,0.9625411619643743,0.3715654302605598,0.512430962718449,0.2695508105619866
4639,0.331453450116028,0.09910760948177652,0.6215661103215149,0.10504479275126197,0.6339540806321395,0.9657375441952607,0.37191237127647325,0.5129357267838612,0.2699225972603061
4640,0.331344069128763,0.09901520229889688,0.6213383948726792,0.10397074472952023,0.6329649118045197,0.9689445296677527,0.3722585516621287,0.5134399698170684,0.2702951355831222
4641,0.3312341789755907,0.09892233203871761,0.6211100227293345,0.10289645447214049,0.6319749223923439,0.9721621799331505,0.3726039729753472,0.513943689919753,0.270668419543704
4642,0.3311237800690249,0.09882899920009464,0.620880995103275,0.1018219220870385,0.6309841131634925,0.9753905569945119,0.372948636786372,0.5144468852035933,0.27104244314289233
4643,0.3310128728325954,0.0987352042919909,0.6206513132187084,0.10074714769005899,0.6299924849004602,0.9786297233106777,0.3732925446778122,0.5149495537902967,0.2714172003692162
4644,0.33090145770083335,0.09864094783345365,0.6204209783122345,0.09967213140496375,0.6290000384003415,0.9818797418003246,0.3736356982445843,0.5154516938116332,0.2717926851990096
4645,0.3307895351192553,0.0985462303535915,0.620189991632822,0.0985968733634183,0.6280067744748142,0.9851406758460592,0.3739780990938548,0.5159533034094664,0.2721688915965273
4646,0.3306771055443475,0.09845105239155086,0.6199583544417852,0.09752137370497382,0.6270126939501203,0.9849213426365221,0.37431974884498204,0.5164543807357869,0.2725458135140621
4647,0.3305641694435499,0.09835541449649235,0.6197260680127615,0.0964456325770566,0.6260177976670512,0.9845129481600838,0.3746606491294574,0.5169549239527433,0.27292344489206216
4648,0.33045072729524055,0.09825931722756795,0.619493133631688,0.09536965013494964,0.625022086480928,0.9841053880542159,0.3750008015908481,0.5174549312326765,0.2733017796592493
4649,0.3303367795887182,0.09816276115389566,0.6192595525967767,0.09429342654177858,0.6240255612615837,0.9836986606797193,0.37534020788473704,0.5179544007581478,0.2736808117327338
4650,0.33022232682418684,0.0980657468545369,0.6190253262184924,0.09321696196849899,0.6230282228933475,0.9832927643979456,0.3756788696786649,0.5184533307219725,0.274060535018134
4651,0.33010736951273845,0.09796827491847168,0.6187904558195281,0.09214025659387665,0.6220300722750232,0.9828876975707976,0.37601678865207133,0.5189517193272516,0.27444094340969405
4652,0.3299919081763358,0.09787034594457356,0.6185549427347798,0.09106331060447606,0.6210311103198737,0.982483458560734,0.3763539664962343,0.5194495647873996,0.2748220307904003
4653,0.32987594334779613,0.09777196054158646,0.6183187883113239,0.089986124194642,0.6200313379555997,0.9820800457307707,0.3766904049142134,0.51994686532618,0.27520379103210224
4654,0.32975947557077273,0.09767311932809802,0.6180819939083912,0.08890869756648395,0.6190307561243211,0.9816774574444835,0.3770261056207877,0.5204436191777313,0.275586217995627
4655,0.32964250539973833,0.09757382293251607,0.617844560897343,0.08783103092986255,0.6180293657825606,0.9812756920660091,0.3773610703423966,0.5209398245865994,0.27596930553090127
4656,0.32952503339996675,0.0974740719930427,0.617606490661645,0.08675312450236941,0.6170271679012187,0.9787130100862748,0.3776953008170818,0.5214354798077686,0.2763530474770687
4657,0.3294070601475151,0.09737386715764862,0.6173677845968435,0.0856749785093146,0.6160241634655594,0.9754698396700312,0.37802879879442397,0.521930583106688,0.27673743766260717
4658,0.32928858622920604,0.0972732090840486,0.6171284441105391,0.08459659318370744,0.6150203534751872,0.9722369535081115,0.37836156603548593,0.5224251327593048,0.27712246990544925
4659,0.32916961224260854,0.09717209843967428,0.6168884706223612,0.08351796876623993,0.6140157389440258,0.9690142943896288,0.37869360431275023,0.5229191270520922,0.27750813801310237
4660,0.3290501387960205,0.09707053590164957,0.6166478655639427,0.082439105505273,0.6130103209003022,0.9658018055375753,0.3790249154100585,0.5234125642820769,0.2778944357827646
4661,0.3289301665084488,0.09696852215676321,0.6164066303788933,0.08136000365681426,0.6120041003865198,0.9625994306049201,0.37935550112255173,0.5239054427568708,0.2782813570014474
4662,0.3288096960095915,0.0968660579014437,0.6161647665227739,0.08028066348450663,0.6109970784594434,0.9594071136707815,0.37968536325660895,0.5243977607946972,0.2786688954460925
4663,0.3286887279398176,0.09676314384173171,0.6159222754630698,0.07920108525960592,0.6099892561900732,0.9562247992366097,0.3800145036297857,0.5248895167244212,0.2790570448836942
4664,0.32856726295014876,0.0966597806932537,0.6156791586791645,0.07812126926096563,0.6089806346636254,0.9530524322224322,0.38034292407075393,0.5253807088855762,0.2794457990714163
4665,0.32844530170223907,0.09655596918119569,0.6154354176623127,0.07704121577502102,0.607971214979512,0.9498899579631372,0.38067062641923943,0.5258713356283926,0.2798351517567135
4666,0.32832284486835533,0.09645171004027475,0.6151910539156131,0.07596092509576674,0.6069609982513151,0.9467373222047807,0.380997612525961,0.5263613953138254,0.2802250966774515
4667,0.32819989313135783,0.09634700401471344,0.6149460689539823,0.07488039752474426,0.6059499856067689,0.9435944711009578,0.3813238842525687,0.5268508863135815,0.2806156275620259
4668,0.3280764471846793,0.09624185185821102,0.6147004643041258,0.07379963337101894,0.604938178187734,0.9404613512091893,0.3816494434715818,0.527339807010147,0.2810067381294848
4669,0.32795250773230544,0.09613625433391634,0.6144542415045116,0.07271863295116401,0.6039255771501758,0.9373379094873634,0.38197429206632755,0.5278281557968146,0.28139842208964644
4670,0.3278280754887537,0.0960302122144003,0.6142074021053423,0.07163739658924356,0.6029121836641431,0.9342240932902123,0.3822984319308777,0.5283159310777088,0.2817906731432208
4671,0.3277031511790531,0.09592372628162713,0.6139599476685267,0.07055592461678972,0.6018979989137425,0.9311198503658152,0.38262186496998785,0.5288031312678143,0.282183484981931
4672,0.3275777355387233,0.09581679732692733,0.6137118797676526,0.0694742173727892,0.6008830240971175,0.9280251288521575,0.38294459309903317,0.5292897547930001,0.2825768512886325
4673,0.32745182931375333,0.09570942615096822,0.6134631999879574,0.06839227520365951,0.5998672604264226,0.9249398772737069,0.3832666182439483,0.5297758000900479,0.282970765737435
4674,0.3273254332605803,0.09560161356372601,0.6132139099262996,0.06731009846323235,0.5988507091278006,0.9218640445380395,0.3835879423411628,0.5302612656066761,0.2833652219938232
4675,0.3271985481460682,0.09549336038445716,0.6129640111911321,0.06622768751273525,0.59783337144136,0.9187975799324994,0.38390856733753803,0.5307461498015642,0.2837602137147758
4676,0.32707117474748604,0.0953846674416691,0.6127135054024699,0.06514504272076899,0.596815248621147,0.9157404331208848,0.38422849519030683,0.5312304511443822,0.28415573454889054
4677,0.32694331385248626,0.09527553557309179,0.6124623941918647,0.06406216446329233,0.5957963419351259,0.9126925541401835,0.38454772786700675,0.53171416811581,0.28455177813650145
4678,0.3268149662590824,0.09516596562564822,0.6122106792023723,0.0629790531235982,0.5947766526651496,0.9096538933973263,0.3848662673454201,0.5321972992075663,0.2849483381098022
4679,0.3266861327756269,0.09505595845542456,0.6119583620885253,0.06189570909229564,0.5937561821069368,0.9066244016659872,0.3851841156135092,0.5326798429224322,0.2853454080929677
4680,0.3265568142207894,0.0949455149276418,0.6117054445163035,0.06081213276729172,0.592734931570049,0.9036040300834168,0.38550127466935225,0.5331617977742732,0.2857429817022732
4681,0.3264270114235328,0.09483463591662442,0.6114519281631019,0.05972832455376684,0.5917129023778599,0.9005927301472958,0.38581774652108103,0.5336431622880656,0.28614105254621885
4682,0.32629672522309194,0.09472332230577216,0.6111978147177038,0.05864428486416001,0.590690095867535,0.8975904537126393,0.38613353318681676,0.5341239349999191,0.28653961422564805
4683,0.32616595646894975,0.09461157498752884,0.6109431058802481,0.05756001411814313,0.5896665133900021,0.8945971529887174,0.3864486366946057,0.5346041144571004,0.2869386603338731
4684,0.3260347060208141,0.09449939486335221,0.6106878033621996,0.05647551274260296,0.5886421563099261,0.8916127805360173,0.38676305908235675,0.5350836992180568,0.2873381844567926
4685,0.32590297474859525,0.0943867828436846,0.6104319088863197,0.0553907811716223,0.587617026005685,0.8886372892632398,0.3870768023977751,0.5355626878524375,0.28773818017301594
4686,0.32577076353238116,0.09427373984792065,0.6101754241866328,0.054305819846453995,0.5865911238693386,0.8856706324243115,0.38738986869829983,0.5360410789411182,0.2881386410539848
4687,0.32563807326241534,0.09416026680437858,0.6099183510083996,0.05322062921550591,0.5855644513066078,0.8827127636154484,0.3877022600510397,0.5365188710762223,0.2885395606640932
4688,0.32550490483907096,0.09404636465026733,0.6096606911080812,0.052135209734314014,0.584537009736841,0.8797636367722302,0.3880139785327067,0.5369960628611432,0.28894093256081355
4689,0.3253712591728288,0.09393203433165695,0.6094024462533114,0.05104956186552467,0.5835088005929916,0.8768232061667192,0.3883250262295548,0.5374726529105666,0.2893427502948132
4690,0.3252371371842517,0.09381727680344695,0.6091436182228638,0.049963686078873526,0.5824798253215899,0.8738914264046068,0.3886354052373121,0.5379486398504908,0.2897450074100807
4691,0.3251025398039604,0.09370209302933447,0.6088842088066199,0.04887758285115995,0.5814500853827125,0.8709682524223759,0.38894511766111817,0.5384240223182499,0.29014769744404695
4692,0.32496746797260945,0.09358648398178346,0.6086242198055378,0.047791252666230605,0.5804195822499585,0.868053639484515,0.38925416561545845,0.538898798962533,0.2905508139277058
4693,0.32483192264086186,0.09347045064199277,0.6083636530316207,0.04670469601495303,0.5793883174104182,0.8651475431807374,0.3895625512240999,0.5393729684434062,0.29095435038573764
4694,0.32469590476936416,0.09335399399986388,0.6081025103078828,0.045617913395195,0.5783562923646453,0.8622499194232449,0.38987027662002505,0.5398465294323325,0.2913583003366319
4695,0.3245594153287217,0.09323711505396959,0.6078407934683191,0.04453090531180476,0.5773235086266308,0.8593607244440186,0.39017734394536757,0.5403194806121918,0.29176265729280804
4696,0.32442245529947283,0.09311981481152132,0.6075785043578716,0.04344367227658463,0.5762899677237707,0.8564799147921232,0.39048375535134733,0.5407918206773021,0.29216741476073904
4697,0.32428502567206346,0.0930020942883367,0.6073156448323969,0.04235621480827029,0.5752556711968383,0.8536074473310534,0.3907895129982041,0.5412635483334372,0.2925725662410722
4698,0.32414712744682195,0.0928839545088079,0.607052216758633,0.041268533432510496,0.574220620599957,0.8507432792361079,0.3910946190551332,0.5417346622978477,0.2929781052287534
4699,0.32400876163393244,0.09276539650586824,0.6067882220141668,0.04018062868183947,0.5731848175005672,0.8478873679917712,0.3913990757002197,0.5422051612992802,0.2933840252131485
4700,0.32386992925340935,0.09264642132095954,0.6065236624874005,0.03909250109565893,0.5721482634794,0.8450396713891489,0.39170288512037155,0.542675044077994,0.29379031967816566
4701,0.32373063133507096,0.0925270300039994,0.606258540077518,0.038004151220211085,0.5711109601304449,0.8422001475234037,0.39200604951125684,0.5431443093857828,0.2941969821023769
4702,0.3235908689185129,0.09240722361334783,0.6059928566944512,0.03691557960855693,0.57007290906092,0.8393687547912323,0.39230857107723527,0.5436129559859911,0.2946040059591435
4703,0.3234506430530822,0.09228700321577435,0.6057266142588476,0.03582678682055507,0.5690341118912446,0.8365454518883697,0.392610452031293,0.5440809826535313,0.29501138471673394
4704,0.3233099547978494,0.09216636988642421,0.6054598147020335,0.034737773422833435,0.5679945702550033,0.8337301978070996,0.39291169459497866,0.5445483881749046,0.2954191118384504
4705,0.3231688052215834,0.09204532470878585,0.6051924599659835,0.03364853998877154,0.5669542857989214,0.8309229518338166,0.3932123009983345,0.5450151713482151,0.29582718078274867
4706,0.3230271954027224,0.09192386877465536,0.604924552003283,0.03255908709847122,0.5659132601828285,0.8281236735465876,0.39351227347983186,0.5454813309831889,0.29623558500336217
4707,0.32288512642934786,0.09180200318410445,0.6046560927770954,0.03146941533873546,0.5648714950796299,0.8253323228127523,0.3938116142863061,0.5459468659011913,0.2966443179494233
4708,0.3227425993991571,0.09167972904544566,0.6043870842611277,0.03037952530304594,0.5638289921752766,0.8225488597865499,0.39411032567288773,0.5464117749352415,0.2970533730655857
4709,0.32259961541943494,0.09155704747519808,0.6041175284395941,0.02928941759153436,0.5627857531687299,0.8197732449067515,0.39440840990293824,0.5468760569300306,0.29746274379214815
4710,0.3224561756070269,0.09143395959805406,0.6038474273071832,0.028199092810963694,0.5617417797719337,0.81700543889434,0.3947058692479835,0.5473397107419373,0.2978724235651749
4711,0.3223122810883102,0.09131046654684316,0.6035767828690208,0.02866146491744384,0.5624173955849959,0.8194370793888507,0.39410360408282796,0.5469036333342251,0.2982824058166206
4712,0.3221679329991667,0.09118656946249928,0.6033055971406359,0.02951897227586528,0.5635301058533758,0.8232041597382964,0.39327185629689954,0.5462380631884678,0.2986926839744499
4713,0.3220231324849539,0.09106226949402499,0.6030338721479249,0.03037633588276059,0.5646420035775515,0.8269859455132348,0.392439490488863,0.5455718614992455,0.2991032514627616
4714,0.32187788070047685,0.09093756779845705,0.6027616099271157,0.031233556553168368,0.5657530903087247,0.8307825306338877,0.3916065089622343,0.5449050271698407,0.2995141017019113
4715,0.3217321788099595,0.09081246554083136,0.6024888125247325,0.03209063510747526,0.5668633676122603,0.8345940097967538,0.3907729140283633,0.544237559115301,0.2999252281086313
4716,0.3215860279870157,0.09068696389414754,0.6022154819975591,0.03294757237139165,0.5679728370676609,0.8384204784825166,0.38993870800636277,0.5435694562624507,0.3003366240961557
4717,0.32143942941462045,0.09056106403933456,0.6019416204126029,0.03380436917592208,0.5690815002685348,0.8422620329640257,0.38910389322304356,0.5429007175499058,0.300748283074342
4718,0.32129238428508095,0.09043476716521434,0.6016672298470596,0.034661026357334895,0.5701893588225655,0.8461187703143803,0.38826847201284953,0.542231341928089,0.30116019844979014
4719,0.32114489380000705,0.09030807446846689,0.6013923123882752,0.035517544757137365,0.571296414351485,0.849990788415128,0.3874324467177868,0.5415613283592412,0.3015723636259704
4720,0.32099695917028187,0.09018098715359446,0.6011168701337106,0.03637392522204305,0.5724026684910384,0.8538781859645348,0.38659581968736023,0.5408906758174362,0.3019847720033408
4721,0.3208485816160325,0.09005350643288579,0.6008409051909044,0.03723016860394676,0.5735081228909584,0.8577810624859913,0.38575859327850537,0.5402193832885928,0.30239741697947004
4722,0.32069976236659953,0.08992563352637992,0.6005644196774353,0.03808627575989354,0.5746127792149316,0.8616995183364953,0.38492076985551965,0.5395474497704867,0.3028102919491626
4723,0.3205505026605084,0.08979736966183094,0.6002874157208871,0.038942247552049364,0.5757166391405668,0.8656336547152469,0.3840823517899993,0.5388748742727655,0.3032233903045761
4724,0.32040080374543756,0.08966871607467078,0.600009895458808,0.039798084847674275,0.5768197043593668,0.8695835736723654,0.38324334146076805,0.5382016558169568,0.3036367054353467
4725,0.32025066687819,0.08953967400797347,0.599731861038677,0.04065378851908999,0.5779219765766934,0.8735493781176862,0.3824037412538137,0.5375277934364838,0.30405023072870907
4726,0.3201000933246616,0.08941024471241885,0.5994533146178637,0.04150935944365386,0.5790234575117386,0.877531171829696,0.38156355356221766,0.536853286176674,0.30446395956962036
4727,0.3199490843598112,0.08928042944625572,0.5991742583635911,0.042364798503728124,0.580124148897492,0.8815290594645628,0.38072278078609,0.536178133094771,0.30487788534087873
4728,0.3197976412676297,0.08915022947526502,0.598894694452899,0.04322010658664854,0.5812240524807062,0.8855431465652739,0.37988142533250213,0.5355023332599465,0.3052920014232474
4729,0.319645765341109,0.08901964607272334,0.5986146250726039,0.0440752845846987,0.5823231700218686,0.8895735395709126,0.37903948961541767,0.5348258857533092,0.3057063011955777
4730,0.3194934578822115,0.0888886805193661,0.5983340524192627,0.044930333395076266,0.5834215032951648,0.8936203458260192,0.3781969760556284,0.5341487896679165,0.306120778034925
4731,0.3193407202018383,0.0887573341033499,0.5980529786991333,0.04578525391986618,0.5845190540884493,0.897683673590101,0.37735388708068307,0.5334710441087827,0.3065354253166769
4732,0.31918755361979806,0.08862560812021578,0.5977714061281363,0.046640047066009827,0.5856158242032102,0.9017636320472394,0.3765102251248231,0.5327926481928902,0.3069502364146702
4733,0.3190339594647759,0.08849350387285199,0.5974893369318164,0.047494713745273365,0.5867118154545361,0.9058603313158249,0.3756659926289146,0.5321136010491987,0.30736520470131334
4734,0.3188799390743011,0.08836102267145604,0.5972067733453037,0.04834925487422073,0.5878070296710847,0.9099738824584259,0.37482119204037895,0.5314339018186528,0.30778032354770934
4735,0.31872549379471576,0.08822816583349777,0.5969237176132749,0.04920367137417986,0.5889014686950453,0.9141043974917613,0.37397582581312927,0.5307535496541934,0.30819558632377403
4736,0.31857062498114264,0.08809493468368146,0.5966401719899135,0.050057964171215746,0.5899951343821095,0.9182519893968251,0.37312989640749916,0.530072543720763,0.30861098639835893
4737,0.3184153339974529,0.08796133055390765,0.5963561387388713,0.050912134196098274,0.5910880286014347,0.9224167721291225,0.37228340629017653,0.5293908831953152,0.3090265171393726
4738,0.3182596222162346,0.08782735478323611,0.5960716201332289,0.05176618238427075,0.5921801532356084,0.9265988606290341,0.37143635793413854,0.528708567266825,0.3094421719139004
4739,0.31810349101875895,0.08769300871784672,0.5957866184554553,0.05262010967582209,0.5932715101806172,0.9307983708323363,0.37058875381857964,0.5280255951362909,0.3098579440883252
4740,0.31794694179494937,0.08755829371100249,0.5955011359973702,0.05347391701545262,0.5943621013458087,0.9350154196808217,0.3697405964288491,0.5273419660167485,0.3102738270284495
4741,0.31778997594334696,0.0874232111230101,0.5952151750601014,0.054327605352446295,0.5954519286538587,0.9384016612652716,0.3688918882563787,0.5266576791332716,0.31068981409961416
4742,0.3176325948710795,0.08728776232118293,0.5949287379540473,0.05518117564063915,0.5965409940407367,0.9377145447054349,0.3680426317986183,0.5259727337229823,0.3111058986668208
4743,0.317474799993827,0.08715194867980133,0.5946418269988353,0.05603462883838581,0.5976292994556665,0.9370289366780956,0.36719282955896865,0.5252871290350577,0.3115220740948511
4744,0.31731659273578916,0.08701577158007454,0.594354444523282,0.056887965908532234,0.5987168468610963,0.936344832802709,0.36634248404671105,0.5246008643307326,0.31193833374838614
4745,0.3171579745296522,0.08687923241010226,0.5940665928653532,0.057741187818380724,0.5998036382326575,0.9356622287111529,0.3654915977769432,0.523913938883309,0.312354670992128
4746,0.31699894681655516,0.08674233256483557,0.5937782743721225,0.05859429553966228,0.6008896755591333,0.9349811200476795,0.3646401732705092,0.5232263519781595,0.3127710791909213
4747,0.316839511046056,0.0866050734460379,0.593489491399731,0.059447290048502965,0.6019749608424203,0.9343015024688694,0.3637882130539328,0.5225381029127315,0.3131875517098683
4748,0.3166796686760988,0.0864674564622463,0.5932002463133468,0.060300172325391754,0.6030594960974907,0.9336233716435874,0.3629357196593511,0.521849190996555,0.31360408191445316
4749,0.3165194211729789,0.0863294830287322,0.5929105414871236,0.061152943355152034,0.6041432833523595,0.9329467232529345,0.36208269562444484,0.5211596155512441,0.3140206631706607
4750,0.3163587700113093,0.08619115456746215,0.5926203793041595,0.06200560412690631,0.6052263246480434,0.9322715529902027,0.36122914349237395,0.5204693759105039,0.3144372888450941
4751,0.31619771667398655,0.08605247250705839,0.592329762156456,0.06285815563404734,0.6063086220385275,0.9315978565608312,0.36037506581170575,0.5197784714201306,0.31485395230509616
4752,0.3160362626521564,0.08591343828275985,0.5920386924448771,0.06371059887420544,0.607390177590727,0.9309256296823583,0.35952046513635166,0.5190869014380188,0.31527064691886797
4753,0.31587440944517936,0.08577405333638208,0.5917471725791065,0.06456293484921471,0.608470993384447,0.9302548680843812,0.35866534402549843,0.5183946653341638,0.3156873660555875
4754,0.31571215856059587,0.08563431911627792,0.591455204977607,0.06541516456508434,0.6095510715123494,0.929585567508506,0.3578097050435388,0.5177017624906628,0.31610410308553066
4755,0.31554951151409194,0.08549423707729775,0.591162792067578,0.06626728903196477,0.610630414079913,0.9289177237083065,0.3569535507600067,0.5170081923017195,0.3165208513801877
4756,0.315386469829464,0.08535380868074938,0.5908699362849148,0.0671193092641138,0.6117090232053932,0.928251332449281,0.3560968837495091,0.5163139541736459,0.31693760431238244
4757,0.3152230350385843,0.08521303539435893,0.5905766400741645,0.06797122627986879,0.6127869010197889,0.9275863895088041,0.35523970659165693,0.5156190475248636,0.31735435525639366
4758,0.31505920868136517,0.08507191869222958,0.5902829058884862,0.06882304110160886,0.6138640496667985,0.9269228906760891,0.3543820218710011,0.5149234717859072,0.3177710975880686
4759,0.31489499230572415,0.08493046005480226,0.5899887361896062,0.06967475475572721,0.6149404713027862,0.9262608317521372,0.3535238321769614,0.5142272263994231,0.3181878246849454
4760,0.3147303874675485,0.08478866096881546,0.5896941334477774,0.0705263682725965,0.6160161680967406,0.9256002085497002,0.35266514010376104,0.5135303108201726,0.31860452992637034
4761,0.31456539573066006,0.08464652292726485,0.5893991001417365,0.07137788268653544,0.6170911422302348,0.9249410168932359,0.35180594825036127,0.5128327245150336,0.319021206693614
4762,0.31440001866677847,0.08450404742936238,0.5891036387586595,0.07222929903577835,0.6181653958973905,0.9242832526188622,0.35094625922038936,0.512134466962997,0.31943784836999145
4763,0.3142342578554866,0.08436123598049633,0.5888077517941215,0.07308061836243962,0.6192389313048345,0.9236269115743199,0.3500860756220766,0.5114355376551722,0.3198544483409783
4764,0.3140681148841939,0.08421809009219064,0.5885114417520518,0.07393184171248379,0.6203117506716634,0.9229719896189251,0.3492254000681873,0.5107359360947825,0.3202709999943283
4765,0.3139015913481004,0.08407461128206409,0.5882147111446915,0.07478297013569135,0.6213838562294014,0.9223184826235297,0.3483642351759523,0.5100356617971663,0.32068749672019287
4766,0.3137346888501608,0.08393080107378947,0.58791756249255,0.07563400468562403,0.6224552502219585,0.9216663864704803,0.3475025835670046,0.5093347142897781,0.3211039319112349
4767,0.3135674090010478,0.08378666099705318,0.587619998324362,0.07648494641959586,0.6235259349055957,0.9210156970535729,0.3466404478673081,0.5086330931121835,0.32152029896274814
4768,0.31339975341911597,0.0836421925875139,0.5873220211770438,0.07733579639863514,0.6245959125488789,0.9203664102780159,0.3457778307070942,0.507930797816062,0.32193659127277285
4769,0.31323172373036473,0.0834973973867614,0.5870236335956495,0.07818655568745525,0.6256651854326423,0.9197185220603848,0.34491473472079237,0.5072278279652024,0.32235280224221396
4770,0.31306332156840183,0.08335227694227579,0.5867248381333272,0.07903722535441982,0.6267337558499465,0.9190720283285833,0.34405116254696355,0.506524183135501,0.32276892527495543
4771,0.31289454857440696,0.08320683280738647,0.5864256373512763,0.07988780647150795,0.6278016261060361,0.9184269250218018,0.343187116828235,0.5058198629149611,0.3231849537779774
4772,0.31272540639709384,0.08306106654123033,0.5861260338187015,0.0807383001142839,0.6288687985183016,0.9177832080904766,0.3423226002112307,0.5051148669036887,0.32360088116147445
4773,0.3125558966926743,0.082914979708711,0.5858260301127711,0.0815887073618603,0.6299352754162347,0.9171408734962505,0.3414576153465076,0.5044091947138903,0.3240167008389665
4774,0.3123860211248197,0.08276857388045683,0.5855256288185701,0.08243902929686708,0.6310010591413897,0.91649991721193,0.3405921648884852,0.5037028459698689,0.32443240622742087
4775,0.31221578136462474,0.08262185063277963,0.5852248325290579,0.08328926700541706,0.6320661520473415,0.9135331174268104,0.33972625149538166,0.5029958203080206,0.32484799074736237
4776,0.3120451790905696,0.08247481154763353,0.5849236438450236,0.08413942157707077,0.6331305564996407,0.9094324845582046,0.33885987782914695,0.502288117376832,0.32526344782299127
4777,0.3118742159884818,0.08232745821257226,0.5846220653750398,0.0849894941048055,0.6341942748757758,0.9053499072316082,0.33799304655539386,0.5015797368368737,0.32567877088229946
4778,0.31170289375149984,0.08217979222070873,0.584320099735421,0.08583948568497818,0.6352573095651279,0.9012852600551883,0.33712576034333475,0.5008706783607985,0.3260939533571822
4779,0.3115312140800337,0.08203181517067196,0.584017749550175,0.08668939741729437,0.6363196629689303,0.8972384188258282,0.33625802186571174,0.5001609416333328,0.32650898868355516
4780,0.311359178681728,0.08188352866656579,0.583715017450961,0.08753923040477313,0.6373813375002253,0.8932092605153097,0.3353898337987322,0.4994505263512754,0.32692387030146997
4781,0.311186789271424,0.08173493431792744,0.5834119060770431,0.08838898575371162,0.6384423355838196,0.8891976632566823,0.3345211988220032,0.4987394322234902,0.327338591655225
4782,0.3110140475711206,0.08158603373968448,0.5831084180752454,0.08923866457365404,0.6395026596562454,0.8852035063308042,0.3336521196184618,0.49802765897089896,0.3277531461934827
4783,0.31084095530993683,0.08143682855211318,0.5828045560999071,0.08957788598215921,0.639911453370566,0.8831675571259563,0.3331165147140885,0.49764912216625434,0.3281675273693827
4784,0.3106675142240729,0.08128732038079642,0.5825003228128368,0.08895996215115615,0.639099339888785,0.8847789997372271,0.33320656315809016,0.49789599791438227,0.32858172864065394
4785,0.3104937260567717,0.08113751085658097,0.5821957208832664,0.08834180959968024,0.6382867412377746,0.8863943165562632,0.3332961754434242,0.4981421937727666,0.3289957434697317
4786,0.31031959255828095,0.08098740161553633,0.5818907529878075,0.08772342922129556,0.6374736601672474,0.8880135244536174,0.33338535426569565,0.49838770951050365,0.3294095653238669
4787,0.31014511548581325,0.08083699429891106,0.5815854218104031,0.08710482191521529,0.6366600994354144,0.8896366403727486,0.33347410232351005,0.49863254490871495,0.32982318767524155
4788,0.30997029660350783,0.0806862905530907,0.5812797300422833,0.08648598858627349,0.6358460618089388,0.8912636813303638,0.33356242231840844,0.4988766997605399,0.33023660400108074
4789,0.30979513768239186,0.08053529202955592,0.5809736803819197,0.08586693014489288,0.6350315500628856,0.8928946644167739,0.33365031695480163,0.4991201738711287,0.33064980778376674
4790,0.3096196405003404,0.08038400038483881,0.580667275534978,0.08524764750705427,0.6342165669806725,0.8945296067962404,0.3337377889399038,0.4993629670576323,0.3310627925109489
4791,0.3094438068420384,0.08023241728048153,0.5803605182142733,0.08462814159426751,0.6334011153540235,0.8961685257073236,0.3338248409836677,0.49960507914919494,0.33147555167565695
4792,0.30926763849894023,0.08008054438299239,0.5800534111397226,0.08400841333353753,0.6325851979829158,0.8978114384632467,0.33391147579871794,0.4998465099869455,0.3318880787764147
4793,0.3090911372692312,0.07992838336380417,0.5797459570382995,0.08338846365733671,0.6317688176755347,0.8994583624522412,0.33399769610028573,0.5000872594239867,0.332300367317349
4794,0.3089143049577874,0.07977593589923063,0.5794381586439871,0.08276829350357073,0.6309519772482207,0.9011093151379164,0.3340835046061445,0.5003273273253874,0.33271241080830244
4795,0.30873714337613606,0.07962320367042341,0.5791300186977313,0.08214790381554893,0.6301346795254217,0.9027643140596123,0.3341689040365429,0.5005667135681717,0.33312420276494503
4796,0.30855965434241656,0.07947018836333025,0.5788215399473955,0.08152729554195376,0.6293169273396446,0.9044233768327642,0.33425389711414016,0.5008054180413081,0.33353573670888353
4797,0.3083818396813392,0.07931689166865033,0.5785127251477111,0.08090646963680664,0.6284987235314019,0.906086521149271,0.33433848656394105,0.5010434406457006,0.3339470061677751
4798,0.30820370122414703,0.07916331528179313,0.5782035770602345,0.08028542705944053,0.6276800709491669,0.9077537647778561,0.3344226751132305,0.5012807812941769,0.3343580046754349
4799,0.30802524080857396,0.07900946090283367,0.5778940984532963,0.07966416877446403,0.6268609724493185,0.9094251255644438,0.3345064654915083,0.5015174399114766,0.3347687257719475
4800,0.3078464602788058,0.07885533023647029,0.5775842921019564,0.07904269575173267,0.6260414308960941,0.9111006214325256,0.33458986043042516,0.501753416434242,0.33517916300377815
4801,0.3076673614854398,0.07870092499198145,0.5772741607879569,0.07842100896631676,0.6252214491615404,0.9118010870985589,0.3346728626637161,0.5019887108110034,0.3355893099238799
4802,0.30748794628544374,0.07854624688318149,0.5769637072996738,0.07779910939846774,0.6244010301254594,0.9118472539459558,0.3347554749271371,0.5022233230021688,0.3359991600918045
4803,0.30730821654211593,0.07839129762837888,0.5766529344320701,0.07717699803358907,0.6235801766753617,0.9118937375918095,0.33483769995840007,0.502457252980012,0.3364087070738137
4804,0.3071281741250448,0.07823607895033174,0.5763418449866493,0.07655467586220177,0.6227588917064135,0.9119405372337646,0.3349195404971077,0.502690500728658,0.3368179444429837
4805,0.30694782091006756,0.07808059257620462,0.5760304417714059,0.07593214387991315,0.6219371781213864,0.9119876520680223,0.33500099928468946,0.5029230662440712,0.33722686577931793
4806,0.3067671587792302,0.07792484023752566,0.57571872760078,0.07530940308738565,0.6211150388306081,0.9120350812893483,0.33508207906433746,0.5031549495340426,0.3376354646698536
4807,0.3065861896207462,0.07776882367014215,0.5754067052956076,0.07468645449030276,0.6202924767519097,0.9120828240910769,0.3351627825809414,0.5033861506181746,0.3380437347087702
4808,0.3064049153289551,0.0776125446141776,0.5750943776830735,0.07406329909933818,0.6194694948105749,0.9121308796651181,0.33524311258102435,0.503616669527868,0.33845166949749844
4809,0.3062233378042827,0.07745600481398826,0.5747817475966646,0.07343993793012249,0.6186460959392905,0.912179247201961,0.33532307181267973,0.503846506306308,0.3388592626448264
4810,0.30604145895319884,0.07729920601811929,0.5744688178761201,0.07281637200321073,0.6178222830780926,0.9122279258906817,0.3354026630255063,0.5040756610084489,0.3392665077670076
4811,0.3058592806881764,0.0771421499792608,0.5741555913673846,0.07219260234405056,0.6169980591743183,0.9122769149189462,0.3354818889705444,0.5043041337009991,0.33967339848786793
4812,0.3056768049276505,0.07698483845420487,0.5738420709225589,0.07156862998294883,0.6161734271825515,0.9123262134730173,0.33556075240021244,0.5045319244624074,0.3400799284389145
4813,0.3054940335959757,0.07682727320380076,0.5735282593998526,0.07094445595503812,0.615348390064572,0.9123758207377608,0.33563925606824285,0.5047590333828448,0.34048609125943835
4814,0.30531096862338664,0.07666945599291278,0.5732141596635363,0.07032008130024658,0.6145229507893066,0.9124257358966488,0.33571740272961936,0.5049854605641915,0.34089188059662373
4815,0.305127611945954,0.07651138859037426,0.5728997745838906,0.06969550706326122,0.6136971123327722,0.912475958131767,0.3357951951405119,0.5052112061200189,0.34129729010565496
4816,0.30494396550554487,0.07635307276894596,0.5725851070371615,0.06907073429349864,0.6128708776780294,0.9125264866238202,0.3358726360582151,0.5054362701755735,0.34170231344981755
4817,0.3047600312497795,0.07619451030527019,0.5722701599055079,0.06844576404506902,0.6120442498151265,0.9125773205521363,0.33594972824108366,0.5056606528677607,0.3421069443006093
4818,0.30457581113199017,0.07603570297982834,0.5719549360769554,0.06782059737674428,0.6112172317410485,0.9126284590946743,0.3360264744484702,0.5058843543451277,0.342511176337842
4819,0.30439130711117923,0.07587665257689646,0.5716394384453469,0.06719523535192568,0.6103898264596672,0.9126799014280259,0.33610287744066125,0.5061073747678444,0.34291500324974666
4820,0.30420652115197666,0.07571736088450096,0.5713236699102935,0.06656967903860861,0.609562036981685,0.9127316467274268,0.3361789399788157,0.506329714307689,0.3433184187330801
4821,0.3040214552245982,0.075557829694375,0.5710076333771259,0.06594392950935085,0.6087338663245865,0.9127836941667562,0.3362546648249001,0.5065513731480265,0.34372141649322696
4822,0.3038361113048031,0.07539806080191405,0.5706913317568452,0.06531798784123799,0.6079053175125828,0.9128360429185463,0.33633005474162836,0.5067723514837926,0.34412399024430423
4823,0.30365049137385147,0.07523805600613212,0.5703747679660731,0.06469185511585013,0.6070763935765602,0.9128886921539863,0.3364051124923972,0.5069926495214748,0.3445261337092674
4824,0.30346459741846277,0.07507781710961789,0.5700579449270047,0.06406553241922969,0.6062470975540292,0.9129416410429276,0.33647984084122434,0.507212267479092,0.34492784062000975
4825,0.3032784314307723,0.07491734591848975,0.5697408655673575,0.06343902084184527,0.6054174324890684,0.9129948887538922,0.3365542425526875,0.5074312055861777,0.3453291047174686
4826,0.3030919954082894,0.07475664424235273,0.5694235328203223,0.06281232147856064,0.604587401432275,0.9130484344540739,0.33662832039185986,0.5076494640837581,0.3457299197517277
4827,0.3029052913538543,0.07459571389425315,0.5691059496245146,0.06218543542859814,0.603757007440709,0.9131022773093469,0.3367020771242498,0.5078670432243333,0.34613027948211805
4828,0.3027183212755959,0.07443455669063556,0.5687881189239246,0.06155836379550708,0.6029262535778424,0.9131564164842708,0.3367755155157392,0.5080839432718586,0.3465301776773234
4829,0.3025310871868886,0.07427317445129752,0.5684700436678676,0.06093110768712895,0.602095142913505,0.9132108511420959,0.33684863833251955,0.5083001645017204,0.34692960811547824
4830,0.30234359110630943,0.0741115689993459,0.5681517268109344,0.06030366821556274,0.6012636785238308,0.9132655804447688,0.33692144834103255,0.5085157072007191,0.3473285645842727
4831,0.3021558350575957,0.07394974216115283,0.5678331713129428,0.05967604649713262,0.6004318634912069,0.9133206035529379,0.3369939483079078,0.5087305716670463,0.3477270408810517
4832,0.3019678210696011,0.0737876957663107,0.567514380138885,0.05904824365235195,0.5995997009042167,0.9133759196259592,0.33706614099990095,0.5089447582102631,0.34812503081291774
4833,0.30177955117625305,0.07362543164758828,0.567195356258881,0.05842026080588969,0.5987671938575887,0.9134315278219025,0.33713802918383295,0.5091582671512793,0.3485225281968297
4834,0.30159102741650984,0.07346295164088645,0.5668761026481268,0.05779209908653718,0.5979343454521437,0.9134874272975555,0.337209615626529,0.5093710988223313,0.3489195268597047
4835,0.3014022518343168,0.07330025758519365,0.5665566222868448,0.057163759627171906,0.5971011587947384,0.913543617208431,0.3372809030947571,0.5095832535669597,0.34931602063851847
4836,0.3012132264785634,0.07313735132254187,0.5662369181602345,0.05653524356472528,0.5962676369982145,0.9136000967087718,0.33735189435516766,0.509794731739986,0.34971200338040287
4837,0.3010239534030399,0.07297423469796185,0.5659169932584212,0.0559065520401463,0.595433783181343,0.9136568649515561,0.3374225921742328,0.5100055337074911,0.3501074689427475
4838,0.3008344346663929,0.0728109095594385,0.565596850576406,0.055277686198367315,0.5945996004687701,0.9137139210885034,0.33749299931818466,0.5102156598467907,0.3505024111932993
4839,0.30064467233208403,0.07264737775786773,0.5652764931140177,0.054648647188271754,0.5937650919909665,0.9137712642700816,0.3375631185529575,0.5104251105464128,0.3508968240102565
4840,0.3004546684683437,0.07248364114701036,0.564955923875859,0.054019436162655476,0.5929302608841681,0.9138288936455089,0.3376329526441245,0.510633886206074,0.3512907012823753
4841,0.3002644251481294,0.07231970158344911,0.5646351458712594,0.053390054278196125,0.5920951102903271,0.9138868083627637,0.337702504356839,0.5108419872366536,0.3516840369090602
4842,0.30007394444908125,0.07215556092654321,0.5643141621142227,0.05276050269541546,0.5912596433570543,0.9139450075685878,0.3377717764557756,0.5110494140601727,0.35207682480046604
4843,0.2998832284534778,0.0719912210383844,0.5639929756233768,0.052130782578645646,0.590423863237565,0.9140034904084924,0.33784077170506777,0.5112561671097657,0.3524690588775955
4844,0.29969227924819347,0.07182668378375279,0.5636715894219251,0.051500895095995536,0.5895877730906283,0.9140622560267644,0.3379094928682502,0.5114622468296579,0.3528607330723935
4845,0.2995010989246526,0.07166195103007122,0.563350006537592,0.05087084141931281,0.5887513760805062,0.9141213035664715,0.3379779427081985,0.5116676536751389,0.3532518413278471
4846,0.29930968957878806,0.07149702464736299,0.5630282300025776,0.05024062272415303,0.5879146753769068,0.9141806321694689,0.3380461239870701,0.5118723881125379,0.35364237759807904
4847,0.2991180533109946,0.07133190650820462,0.5627062628535016,0.04961024018974067,0.5870776741549228,0.9142402409764027,0.33811403946624385,0.512076450619197,0.3540323358484481
4848,0.2989261922260866,0.07116659848768361,0.562384108131356,0.04897969499893601,0.586240375594981,0.9143001291267182,0.3381816919062632,0.5122798416834466,0.35442171005564055
4849,0.29873410843325293,0.07100110246335295,0.5620617688814533,0.04834898833820089,0.5854027828827865,0.9143602957586646,0.3382490840667744,0.5124825618045762,0.3548104942077674
4850,0.2985418040460133,0.07083542031518691,0.5617392481533754,0.04771812139756107,0.5845648992092671,0.9144207400092998,0.3383162187064702,0.5126846114928103,0.3551986823044601
4851,0.2983492811821735,0.07066955392553664,0.5614165490009229,0.047087095370573706,0.5837267277705201,0.914481461014498,0.3383830985830296,0.5128859912692798,0.35558626835696444
4852,0.2981565419637815,0.07050350517908557,0.5610936744820643,0.04645591145428998,0.5828882717677559,0.9145424579089538,0.3384497264530602,0.5130867016659959,0.3559732463882361
4853,0.29796358851708227,0.07033727596280479,0.5607706276588837,0.04582457084922004,0.5820495344072425,0.9146037298261877,0.33851610507203916,0.513286743225821,0.35635961043303405
4854,0.2977704229724747,0.07017086816590903,0.5604474115975329,0.04519307475929968,0.581210518900254,0.9146652758985542,0.33858223719425606,0.5134861165024419,0.3567453545380123
4855,0.2975770474644655,0.07000428367981187,0.560124029368176,0.0445614243918519,0.5803712284630099,0.9147270952572452,0.3386481255727536,0.5136848220603413,0.3571304727618184
4856,0.29738346413162575,0.06983752439808136,0.5598004840449415,0.04511371222568408,0.5800730637517917,0.9158882039338433,0.3386202187758499,0.5137893062913483,0.35751495917518167
4857,0.29718967511654604,0.06967059221639574,0.5594767787058699,0.04579925283636521,0.5798360863507273,0.9171767858523594,0.3385815111682472,0.5138825613957763,0.35789880786100736
4858,0.2969956825657912,0.06950348903249864,0.5591529164328615,0.04648434444041705,0.579599191796768,0.9184689374690507,0.33854256806799865,0.513975150539419,0.3582820129144715
4859,0.2968014886298565,0.06933621674615509,0.5588289003116274,0.047168988108231225,0.5793623835005294,0.9197646716465737,0.33850339222258574,0.5140670743296545,0.3586645684431076
4860,0.29660709546312247,0.06916877725910694,0.5585047334316361,0.047853184918421304,0.579125664871454,0.9210640013120743,0.33846398637795544,0.5141583333845118,0.3590464685669049
4861,0.2964125052238093,0.0690011724750278,0.5581804188860622,0.04853693595778541,0.5788890393177537,0.9223669394575994,0.3384243532784635,0.5142489283326394,0.3594277074183943
4862,0.2962177200739337,0.06883340429948012,0.5578559597717365,0.049220242321277946,0.5786525102463516,0.9236734991405244,0.3383844956668187,0.514338859813277,0.3598082791427412
4863,0.29602274217926217,0.06866547463986922,0.5575313591890929,0.04990310511197371,0.5784160810628216,0.9249836934839771,0.33834441628402434,0.5144281284762241,0.3601881778978381
4864,0.29582757370926754,0.06849738540540029,0.5572066202421178,0.05058552544103476,0.5781797551713317,0.9262975356772624,0.338304117869323,0.5145167349818088,0.36056739785439124
4865,0.29563221683708246,0.06832913850703254,0.5568817460382975,0.05126750442767802,0.577943535974583,0.9276150389762995,0.3382636031601398,0.5146046800008575,0.3609459331960124
4866,0.29543667373945565,0.06816073585743626,0.5565567396885679,0.051949043199142425,0.5777074268737534,0.928936216704054,0.33822287489202607,0.5146919642146633,0.36132377811930955
4867,0.2952409465967064,0.06799217937094804,0.5562316043072622,0.0526301428906529,0.5774714312684374,0.9302610822509756,0.3381819357986031,0.5147785883149542,0.3617009268339735
4868,0.29504503759267847,0.06782347096352548,0.5559063430120579,0.05331080464538965,0.5772355525565874,0.9315896490754424,0.3381407886115069,0.5148645530038611,0.3620773735628685
4869,0.2948489489146969,0.06765461255270475,0.5555809589239287,0.05399102961445218,0.5769997941344573,0.9329219307042045,0.33809943606033205,0.5149498589938862,0.3624531125421191
4870,0.2946526827535207,0.06748560605755494,0.555255455167088,0.054670818956827294,0.576764159396541,0.9342579407328334,0.3380578808725763,0.5150345070078706,0.36282813802120145
4871,0.29445624130329867,0.06731645339863385,0.5549298348689407,0.05535017383935378,0.5765286517355159,0.9355976928261748,0.33801612577358503,0.5151184977789599,0.3632024442630263
4872,0.2942596267615241,0.0671471564979445,0.5546041011600298,0.056029095436688076,0.5762932745421838,0.9369412007188025,0.33797417348649605,0.5152018320505733,0.36357602554403035
4873,0.29406284132898913,0.06697771727889049,0.5542782571739848,0.05670758493127234,0.5760580312054132,0.9382884782154807,0.33793202673218564,0.5152845105763698,0.3639488761542609
4874,0.2938658872097393,0.06680813766623159,0.5539523060474699,0.0573856435132967,0.5758229251120798,0.9396395391916231,0.3378896882292118,0.5153665341202132,0.36432099039746335
4875,0.2936687666110284,0.06663841958604019,0.5536262509201318,0.058063272380668246,0.575587959647009,0.9409943975937642,0.3378471606937611,0.5154479034561401,0.36469236259116783
4876,0.29347148174327276,0.0664685649656564,0.5533000949345479,0.05874047273897487,0.5753531381929176,0.9423530674400273,0.3378044468395941,0.5155286193683254,0.3650629870667741
4877,0.2932740348200058,0.06629857573364448,0.5529738412361742,0.05941724580144955,0.575118464130355,0.9437155628205954,0.3377615493779902,0.5156086826510464,0.3654328581696367
4878,0.2930764280578327,0.06612845381974883,0.5526474929732933,0.060093592788939,0.5748839408376456,0.9450818978981959,0.33771847101769414,0.5156880941086504,0.3658019702591523
4879,0.29287866367638465,0.06595820115484943,0.5523210532969627,0.060769514929864765,0.5746495716908312,0.9464520869085742,0.33767521446486237,0.5157668545555183,0.3661703177088415
4880,0.2926807438982732,0.06578781967091829,0.5519945253609622,0.06144501346019157,0.5744153600636114,0.9478261441609859,0.33763178242300873,0.5158449648160298,0.3665378949064346
4881,0.2924826709490447,0.06561731130097517,0.5516679123217414,0.06212008962339147,0.5741813093272865,0.9492040840386824,0.3375881775929507,0.5159224257245283,0.3669046962539573
4882,0.2922844470571348,0.06544667797904374,0.5513412173383692,0.06279474467040677,0.5739474228507002,0.9505859209994025,0.3375444026727572,0.5159992381252845,0.3672707161678093
4883,0.2920860744538222,0.06527592164010751,0.5510144435724791,0.06346897985961819,0.5737137040001797,0.9519716695758739,0.3375004603576936,0.5160754028724607,0.36763594907885383
4884,0.29188755537318395,0.06510504422006644,0.5506875941882199,0.06414279645680634,0.5734801561394802,0.9533613443763086,0.33745635334017066,0.5161509208300753,0.36800038943249547
4885,0.29168889205204834,0.06493404765569194,0.5503606723522008,0.06481619573511851,0.5732467826297253,0.9547549600849123,0.33741208430968994,0.5162257928719648,0.3683640316887647
4886,0.2914900867299504,0.06476293388458454,0.5500336812334412,0.06548917897503298,0.5730135868293497,0.9533573630471397,0.3373676559527923,0.5163000198817485,0.36872687032240037
4887,0.29129114164908537,0.06459170484512869,0.5497066240033172,0.06616174746432127,0.5727805720940421,0.9515062365625441,0.3373230709530051,0.5163736027527908,0.36908889982293047
4888,0.2910920590542629,0.06442036247644997,0.5493795038355096,0.06683390249801577,0.5725477417766867,0.9496547932568157,0.33727833199079,0.5164465423881637,0.36945011469475336
4889,0.2908928411928617,0.06424890871837116,0.5490523239059523,0.06750564537837084,0.572315099227306,0.9478030373271079,0.33723344174349057,0.5165188397006091,0.36981050945721794
4890,0.2906934903147828,0.06407734551136793,0.5487250873927787,0.06817697741482917,0.5720826477930033,0.9459509729910972,0.3371884028852806,0.5165904956125025,0.37017007864470775
4891,0.29049400867240444,0.06390567479652612,0.5483977974762702,0.06884789992398524,0.5718503908179049,0.9440986044869127,0.33714321808711306,0.516661511055813,0.37052881680671623
4892,0.2902943985205362,0.06373389851549766,0.5480704573388044,0.06951841422954771,0.5716183316431038,0.9422459360730598,0.33709789001666685,0.5167318869720661,0.3708867185079299
4893,0.29009466211637175,0.06356201861045671,0.5477430701648008,0.07018852166230596,0.5713864736065997,0.9403929720283402,0.33705242133829766,0.5168016243123045,0.3712437783283056
4894,0.28989480171944493,0.0633900370240569,0.5474156391406712,0.07085822356009111,0.5711548200432451,0.9385397166517772,0.3370068147129853,0.5168707240370504,0.37159999086315104
4895,0.2896948195915819,0.06321795569938701,0.5470881674547643,0.07152752126774187,0.5709233742846858,0.9366861742625351,0.3369610727982828,0.5169391871162645,0.37195535072320274
4896,0.28949471799685633,0.06304577657992866,0.5467606582973152,0.07219641613706779,0.5706921396593035,0.9348323491998412,0.3369151982482673,0.5170070145293093,0.372309852534704
4897,0.28929449920154293,0.06287350160951152,0.5464331148603931,0.07286490952681046,0.570461119492161,0.9329782458229077,0.3368691937134873,0.5170742072649067,0.3726634909394822
4898,0.2890941654740711,0.06270113273227088,0.5461055403378472,0.0735330028026103,0.5702303171049423,0.9311238685108472,0.3368230618409133,0.5171407663211002,0.3730162605950281
4899,0.28889371908497974,0.06252867189260436,0.5457779379252565,0.07420069733696694,0.5699997358158979,0.9292692216625982,0.33677680527388837,0.5172066927052141,0.37336815617457036
4900,0.2886931623068704,0.06235612103512833,0.5454503108198752,0.07486799450920478,0.5697693789397866,0.9274143096968342,0.33673042665207714,0.5172719874338132,0.3737191723671533
4901,0.28849249741436156,0.06218348210463495,0.5451226622205816,0.07553489570543517,0.5695392497878187,0.9255591370518895,0.33668392861141605,0.5173366515326621,0.37406930387771387
4902,0.2882917266840422,0.06201075704604847,0.5447949953278248,0.0762014023185178,0.5693093516676,0.9237037081856717,0.33663731378406436,0.5174006860366844,0.37441854542715575
4903,0.2880908523944264,0.0618379478043834,0.5444673133435736,0.07686751574802761,0.5690796878830745,0.9218480275755792,0.33659058479835485,0.5174640919899227,0.3747668917524263
4904,0.2878898768259064,0.06166505632469982,0.544139619471262,0.07753323740021292,0.5688502617344678,0.9199920997184169,0.33654374427874384,0.5175268704454956,0.37511433760659046
4905,0.2876888022607071,0.06149208455206187,0.5438119169157384,0.07819856868796257,0.5686210765182311,0.918135929130309,0.3364967948457631,0.5175890224655572,0.3754608777589053
4906,0.28748763098283925,0.0613190344314935,0.5434842088832117,0.07886351103076616,0.5683921355269834,0.916279520346614,0.33644973911597,0.5176505491212551,0.3758065069948964
4907,0.2872863652780546,0.0611459079079372,0.543156498581201,0.07952806585467692,0.5681634420494572,0.914422877921841,0.3364025797019008,0.5177114514926889,0.3761512201164276
4908,0.28708500743379783,0.06097270692620932,0.54282878921848,0.08019223459227523,0.5679349993704396,0.9125660064295578,0.33635531921201994,0.5177717306688671,0.37649501194177865
4909,0.2868835597391622,0.0607994334309587,0.5425010840050271,0.08085601868262976,0.5677068107707184,0.9107089104623055,0.3363079602506735,0.5178313877476642,0.3768378773057141
4910,0.28668202448484226,0.06062608936662339,0.5421733861519717,0.08151941957126141,0.5674788795270245,0.9088515946315094,0.33626050541804087,0.5178904238357808,0.3771798110595607
4911,0.286480403963088,0.06045267667738771,0.5418456988715419,0.08218243871010514,0.567251208911976,0.9069940635673874,0.3362129573100867,0.5179488400486968,0.3775208080712745
4912,0.2862787004676592,0.06027919730714079,0.541518025377012,0.08284507755747092,0.5670238021940233,0.9051363219188645,0.33616531851851356,0.5180066375106308,0.3778608632255161
4913,0.2860769162937782,0.060105653199432535,0.5411903688826503,0.0835073375780083,0.5667966626373908,0.9032783743534784,0.33611759163071436,0.5180638173544966,0.3781999714237217
4914,0.2858750537380849,0.05993204629743237,0.5408627326036664,0.08416922024266607,0.5665697935020244,0.9014202255572895,0.3360697792297258,0.5181203807218576,0.3785381275841704
4915,0.2856731150985892,0.05975837854388577,0.5405351197561576,0.0848307270286559,0.5663431980435318,0.8995618802347869,0.33602188389418025,0.5181763287628856,0.37887532664206136
4916,0.2854711026746265,0.0595846518810732,0.5402075335570586,0.08549185941941498,0.5661168795131304,0.8977033431087966,0.3359739081982608,0.5182316626363149,0.37921156354957775
4917,0.28526901876681005,0.05941086825076655,0.5398799772240876,0.08615261890456483,0.5658908411575896,0.895844618920391,0.33592585471165226,0.518286383509398,0.37954683327595923
4918,0.2850668656769856,0.059237029594187945,0.539552453975694,0.0868130069798771,0.5656650862191759,0.8939857124287889,0.3358777259994974,0.5183404925578627,0.379881130807572
4919,0.2848646457081846,0.05906313785196626,0.5392249670310053,0.08747302514723121,0.5654396179355969,0.8921266284112661,0.33582952462234894,0.5183939909658655,0.380214451147976
4920,0.28466236116457927,0.0588891949640972,0.5388975196097767,0.08813267491458032,0.5652144395399477,0.8902673716630559,0.3357812531361248,0.5184468799259473,0.38054678931799363
4921,0.28446001435143453,0.058715202869898564,0.5385701149323362,0.08879195779590995,0.5649895542606529,0.8884079469972535,0.33573291409206113,0.5184991606389887,0.38087814035578
4922,0.28425760757506385,0.05854116350797092,0.5382427562195339,0.08945087531119983,0.5647649653214146,0.8865483592447224,0.33568451003666855,0.5185508343141643,0.38120849931688755
4923,0.28405514314278146,0.0583670788161538,0.5379154466926883,0.09010942898638674,0.5645406759411543,0.8846886132539921,0.3356360435116851,0.5186019021688958,0.38153786127433437
4924,0.28385262336285705,0.05819295073148448,0.5375881895735348,0.09076762035332528,0.56431668933396,0.8828287138911608,0.3355875170540321,0.518652365428809,0.38186622131867376
4925,0.28365005054446973,0.05801878119015694,0.5372609880841734,0.09142545094974791,0.5640930087090306,0.8809686660398023,0.33553893319576944,0.5187022253276847,0.38219357455805536
4926,0.28344742699766123,0.05784457212747893,0.5369338454470151,0.09208292231922913,0.5638696372706209,0.8791084746008553,0.3354902944640499,0.5187514831074145,0.38251991611829655
4927,0.28324475503329044,0.057670325477831436,0.5366067648847308,0.09274003601114308,0.5636465782179876,0.8772481444925346,0.33544160338107565,0.5188001400179534,0.38284524114294477
4928,0.2830420369629872,0.05749604317462695,0.5362797496201985,0.09273404107461511,0.5630059813857846,0.8774223314286433,0.33523280151088325,0.5186881363641027,0.38316954479334353
4929,0.2828392750991053,0.057321727150266955,0.5359528028764502,0.09191545610764806,0.5618532966783973,0.8800982407980807,0.33482774856976194,0.5183793306159263,0.3834928222486982
4930,0.28263647175467804,0.05714737933610248,0.5356259278766212,0.09109675381382473,0.5607006589778285,0.8827847857114053,0.3344226508138458,0.5180699277963385,0.3838150687061387
4931,0.2824336292433706,0.056973001662390776,0.5352991278438961,0.09027793566929387,0.5595480715748438,0.885482028092089,0.3340175107450921,0.5177599291870792,0.38413627938078454
4932,0.28223074987943503,0.05679859605825577,0.534972406001458,0.08945900315183825,0.5583955377595777,0.8881900303030608,0.3336123308602893,0.517449336077718,0.3844564495058084
4933,0.2820278359776635,0.05662416445164564,0.5346457655724346,0.08863995774083375,0.5572430608214742,0.8909088551505999,0.33320711365101147,0.517138149765604,0.3847755743324995
4934,0.2818248898533428,0.056449708769292783,0.5343192097798473,0.08782080091721309,0.5560906440492321,0.8936385658882604,0.33280186160357683,0.5168263715558188,0.385093649130325
4935,0.281621913822208,0.05627523093667214,0.5339927418465584,0.08700153416342865,0.5549382907307516,0.8963792262208327,0.3323965771990051,0.5165140027611291,0.38541066918699324
4936,0.2814189102003962,0.056100732877959913,0.5336663649952189,0.08618215896341183,0.5537860041530742,0.8991309003083663,0.3319912629129729,0.5162010447019372,0.38572662980851685
4937,0.2812158813044019,0.05592621651599469,0.5333400824482168,0.08536267680253984,0.5526337876023334,0.9018936527702106,0.3315859212157745,0.5158874987062333,0.38604152631927086
4938,0.28101282945102884,0.05575168377223377,0.5330138974276238,0.08454308916759273,0.551481644363693,0.9046675486891234,0.3311805545722769,0.5155733661095467,0.38635535406205807
4939,0.28080975695734595,0.05557713656671495,0.5326878131551442,0.08372339754671879,0.5503295777212951,0.9074526536154095,0.33077516544187957,0.5152586482548966,0.38666810839816596
4940,0.2806066661406407,0.05540257681801497,0.532361832852063,0.08290360342939679,0.5491775909582056,0.9102490335711029,0.330369756278472,0.5149433464927432,0.3869797847074286
4941,0.2804035593183732,0.055228006443208855,0.5320359597391922,0.08208370830639614,0.5480256873563554,0.9130567550542069,0.32996432953039245,0.5146274621809386,0.38729037838828717
4942,0.2802004388081304,0.05505342735783009,0.5317101970368205,0.08126371366974172,0.546873870196489,0.9158758850429631,0.32955888764038704,0.5143109966846774,0.38759988485784774
4943,0.2799973069275802,0.05487884147582947,0.5313845479646611,0.0804436210126735,0.5457221427581062,0.9187064910001861,0.32915343304556755,0.5139939513764463,0.3879082995519406
4944,0.27979416599442536,0.05470425070953547,0.5310590157417974,0.07962343182960976,0.544570508319407,0.921548640877629,0.3287479681773717,0.5136763276359753,0.3882156179251802
4945,0.2795910183263588,0.05452965696961451,0.530733603586635,0.07880314761611129,0.5434189701572405,0.9244024031204009,0.32834249546152233,0.5133581268501876,0.38852183545102187
4946,0.2793878662410161,0.05435506216502939,0.5304083147168459,0.07798276986883973,0.5422675315470434,0.9272678466714422,0.327937017317986,0.513039350413148,0.38882694762181946
4947,0.2791847120559313,0.054180468203001264,0.5300831523493195,0.07716230008552402,0.5411161957627911,0.9301450409760335,0.3275315361609348,0.5127199997260148,0.389130949948883
4948,0.2789815580884905,0.05400587698896822,0.5297581197001083,0.07634173976491926,0.5399649660769378,0.9330340559863681,0.3271260543987041,0.5124000761969875,0.38943383796253617
4949,0.2787784066558859,0.05383129042654597,0.5294332199843781,0.07552109040677027,0.5388138457603635,0.9359349621661678,0.3267205744337537,0.5120795812412562,0.3897356072121723
4950,0.27857526007507105,0.05365671041748887,0.5291084564163553,0.07470035351177545,0.5376628380823216,0.9388478304953422,0.3263150986626294,0.5117585162809527,0.39003625326631025
4951,0.2783721206627138,0.05348213886164846,0.5287838322092743,0.07387953058154564,0.5365119463103777,0.9417727324747222,0.32590962947592117,0.5114368827450957,0.39033577171264927
4952,0.27816899073515255,0.0533075776569365,0.5284593505753281,0.07305862311857042,0.5353611737103623,0.944709740130817,0.3255041692582269,0.5111146820695438,0.3906341581581259
4953,0.27796587260834904,0.05313302869928338,0.5281350147256136,0.07223763262617722,0.5342105235463097,0.9476589260206473,0.325098720388111,0.510791915696941,0.3909314082289684
4954,0.2777627685978436,0.052958493882599794,0.5278108278700824,0.07141656060849466,0.5330599990804061,0.9506203632366221,0.32469328523806695,0.5104685850766659,0.39122751757074886
4955,0.27755968101870987,0.05278397509873767,0.5274867932174883,0.07059540857041696,0.5319096035729367,0.9535941254114628,0.3242878661744796,0.5101446916647812,0.39152248184843946
4956,0.27735661218550856,0.05260947423745019,0.5271629139753349,0.06977417801756255,0.530759340282226,0.9565802867232021,0.32388246555758443,0.5098202369239802,0.3918162967464671
4957,0.2771535644122428,0.052434993186353696,0.5268391933498258,0.06895287045624016,0.5296092124645893,0.959578921900214,0.32347708574143225,0.5094952223235351,0.39210895796876155
4958,0.2769505400123124,0.052260533830888134,0.5265156345458114,0.06813148739340882,0.5284592233742729,0.9625901062263232,0.3230717290738498,0.5091696493392459,0.3924004612388141
4959,0.27674754129846796,0.052086098054277996,0.5261922407667383,0.06731003033664021,0.5273093762634018,0.9656139155459579,0.3226663978964015,0.5088435194533856,0.39269080229972525
4960,0.27654457058276727,0.0519116877374953,0.5258690152145982,0.06648850079408478,0.5261596743819279,0.9686504262693559,0.3222610945443555,0.5085168341546512,0.39297997691425895
4961,0.27634163017652774,0.05173730475921812,0.5255459610898752,0.06566690027442865,0.5250101209775698,0.9694698789601242,0.3218558213466415,0.5081895949381071,0.3932679808648933
4962,0.27613872239028314,0.051562950995794665,0.5252230815914964,0.06484523028686115,0.5238607192957648,0.9690819626967966,0.3214505806258178,0.5078618033051351,0.3935548099538714
4963,0.275935849533737,0.051388628321203,0.5249003799167788,0.06402349234103377,0.5227114725796097,0.9686939736827043,0.3210453746980327,0.50753346076338,0.3938404600032523
4964,0.27573301391571853,0.051214338607014076,0.5245778592613791,0.0632016879470248,0.5215623840698089,0.9683059131577325,0.3206402058729885,0.5072045688266968,0.39412492685496076
4965,0.2755302178441368,0.05104008372235247,0.5242555228192425,0.062379818615301924,0.5204134570046214,0.9679177823603043,0.32023507645390514,0.5068751290150976,0.39440820637083696
4966,0.27532746362593596,0.05086586553385902,0.5239333737825507,0.061557885856683175,0.5192646946198034,0.9675295825273709,0.31982998873748425,0.5065451428546974,0.3946902944326859
4967,0.27512475356705035,0.05069168590565243,0.523611415341672,0.06073589118230219,0.5181161001485586,0.9671413148944012,0.3194249450138732,0.5062146118776616,0.3949711869423262
4968,0.27492208997235895,0.050517546699290844,0.5232896506851095,0.05991383610356785,0.5169676768214801,0.9667529806953716,0.3190199475666286,0.5058835376221511,0.39525087982163964
4969,0.2747194751456412,0.050343449773735394,0.5229680829994499,0.05909172213212904,0.515819427866499,0.9663645811627587,0.3186149986726827,0.5055519216322689,0.3955293690126166
4970,0.2745169113895319,0.05016939698531114,0.5226467154693137,0.058269550779837864,0.5146713565088314,0.9659761175275268,0.3182101006023068,0.5052197654580066,0.3958066504774063
4971,0.2743144010054758,0.049995390187670186,0.5223255512773031,0.057447323558709906,0.5135234659709212,0.9655875910191196,0.3178052556190762,0.5048870706551889,0.3960827201983628
4972,0.2741119462936838,0.04982143123175414,0.5220045936039517,0.05662504198089022,0.512375759472391,0.9651990028654517,0.31740046597983673,0.5045538387854209,0.3963575741780917
4973,0.27390954955308755,0.0496475219657567,0.5216838456276739,0.055802707558613635,0.5112282402299848,0.9648103542928976,0.3169957339346686,0.5042200714160324,0.3966312084394971
4974,0.2737072130812944,0.04947366423508587,0.521363310524713,0.054980321804167925,0.510080911457515,0.9644216465262823,0.3165910617268524,0.5038857701200227,0.39690361902582666
4975,0.27350493917454427,0.04929985988232782,0.5210429914690928,0.05415788622985915,0.5089337763658128,0.9640328807888734,0.31618645159283704,0.5035509364760088,0.39717480200071736
4976,0.2733027301276632,0.04912611074720885,0.520722891632565,0.053335402347970795,0.5077868381626689,0.9636440583023699,0.31578190576220205,0.5032155720681669,0.39744475344824176
4977,0.27310058823402017,0.04895241866655922,0.520403014184559,0.05251287167073049,0.5066401000527856,0.9632551802868954,0.3153774264576277,0.5028796784861803,0.3977134694729511
4978,0.27289851578548213,0.04877878547427564,0.5200833622921324,0.05169029571026995,0.5054935652377202,0.9628662479609863,0.31497301589485904,0.5025432573251822,0.3979809461999193
4979,0.27269651507236936,0.04860521300128526,0.519763939119919,0.05086767597858949,0.5043472369158316,0.9624772625415832,0.31456867628267327,0.5022063101857017,0.39824717977478974
4980,0.2724945883834119,0.048431703075508675,0.5194447478300805,0.05004501398752215,0.5032011182822319,0.9620882252440234,0.3141644098228481,0.5018688386736084,0.39851216636381365
4981,0.2722927380057042,0.04825825752182333,0.5191257915822538,0.049222311248694195,0.5020552125287274,0.9616991372820308,0.31376021871012666,0.5015308444000564,0.3987759021538985
4982,0.27209096622466156,0.048084878162027556,0.5188070735335024,0.048399569273490095,0.5009095228437686,0.9613099998677053,0.3133561051321859,0.5011923289814278,0.39903838335264646
4983,0.27188927532397583,0.04791156681480385,0.5184885968382659,0.04757678957301603,0.49976405241239874,0.9595267704618852,0.3129520712696054,0.5008532940392801,0.3992996061883989
4984,0.2716876675855713,0.047738325295683365,0.5181703646483095,0.04675397365806133,0.498618804416198,0.956437849293708,0.31254811929583326,0.500513741200287,0.39955956691027716
4985,0.2714861452895603,0.047565155417009314,0.5178523801126739,0.045931123039064214,0.49747378203323367,0.9533552894101741,0.3121442513771554,0.5001736720961837,0.3998182617882235
4986,0.27128471071419946,0.04739205898790125,0.517534646377626,0.04510823922607243,0.4963289884380052,0.9502790755430524,0.31174046967266356,0.49983308836371143,0.4000756871130427
4987,0.27108336613584594,0.04721903781421968,0.5172171665866081,0.04428532372870844,0.49518442680139263,0.9472091925131201,0.3113367763342235,0.49949199164456054,0.4003318391964432
4988,0.27088211382891336,0.04704609369852983,0.5168999438801891,0.04346237805613315,0.4940401002906061,0.9441456252294796,0.31093317350644406,0.4991503835853142,0.4005867143710749
4989,0.27068095606582737,0.04687322844006611,0.5165829813960128,0.04263940371700678,0.49289601206912914,0.9410883586888622,0.31052966332664605,0.49880826583739235,0.4008403089905707
4990,0.27047989511698334,0.04670044383469768,0.5162662822687506,0.041816402219456594,0.49175216529667193,0.9380373779749605,0.31012624792483157,0.49846564005699523,0.4010926194295852
4991,0.2702789332507012,0.046527741674891876,0.5159498496300502,0.04099337507103587,0.4906085631291144,0.9349926682577405,0.3097229294236527,0.4981225079050462,0.40134364208383305
4992,0.2700780727331823,0.04635512374967968,0.5156336866084861,0.04017032377869012,0.48946520871845545,0.9319542147927772,0.30931970993838165,0.4977788710471356,0.40159337337012846
4993,0.2698773158284663,0.04618259184462073,0.5153177963295106,0.039347249848721316,0.488322105212764,0.9289220029205915,0.3089165915768808,0.4974347311534637,0.4018418097264214
4994,0.2696766647983872,0.0460101477417684,0.5150021819154045,0.03852415478674906,0.4871792557561222,0.9258960180659754,0.3085135764395717,0.49709008989878384,0.40208894761183717
4995,0.2694761219025299,0.045837793219634465,0.5146868464852269,0.03770104009767705,0.4860366634885783,0.9228762457373487,0.308110666619407,0.49674494896234556,0.402334783506711
4996,0.2692756893981872,0.04566553005315538,0.5143717931547669,0.03687790728565479,0.4848943315460913,0.9198626715260911,0.3077078642018388,0.4963993100278373,0.4025793139126281
4997,0.2690753695403156,0.04549336001365653,0.5140570250364929,0.03605475785404158,0.48375226306048025,0.9168552811058995,0.30730517126479096,0.496053174783329,0.40282253535245643
4998,0.2688751645814938,0.04532128486881937,0.5137425452395056,0.03523159330537318,0.4826104611593758,0.9138540602321465,0.3069025898786297,0.4957065449212158,0.4030644443703851
4999,0.2686750767718774,0.04514930638264536,0.5134283568694864,0.034408415141321036,0.481468928966163,0.9108589947412266,0.3065001221061332,0.49535942213815864,0.4033050375319588
5000,0.26847510835915755,0.0449774263154232,0.5131144630286506,0.03358522486266105,0.4803276695999362,0.9078700705499338,0.3060977700024659,0.4950118081350297,0.40354431142411246
