model,context,condition,n_true_cells,n_pred_cells,n_tfs,tf_activity_mean_pcc,tf_activity_mean_spearman,tf_activity_delta_pcc,tf_activity_delta_spearman,tf_activity_topk_overlap,tf_activity_auprc
TxPert_official_cell_gat_k562_all_fixed2000_trrustTF,K562,AAMP,76,2000,86,0.9964594250209974,0.9946978631067501,0.7510936203999619,0.723779423557715,0.52,0.6557900386749406
TxPert_official_cell_gat_k562_all_fixed2000_trrustTF,K562,AARS,38,2000,86,0.9787810631855276,0.9734704467191849,0.6590681838926232,0.6694938440492476,0.52,0.5881592461632016
TxPert_official_cell_gat_k562_all_fixed2000_trrustTF,K562,AATF,254,2000,86,0.9913525937089118,0.9896598896174347,0.28974917550365603,0.33517618755601675,0.4,0.37881643089650613
TxPert_official_cell_gat_k562_all_fixed2000_trrustTF,K562,ABCB7,192,2000,86,0.9978627487071492,0.9963205811594886,0.36278327199885885,0.36112080758526344,0.36,0.3716895205401568
TxPert_official_cell_gat_k562_all_fixed2000_trrustTF,K562,ABCE1,177,2000,86,0.9835848978162686,0.9791310910892023,0.8046981429333113,0.7860653804424736,0.64,0.6596650710984909
TxPert_official_cell_gat_k562_all_fixed2000_trrustTF,K562,ABCF1,159,2000,86,0.9940186817881523,0.9920939666965422,0.7975498882130042,0.740855700740601,0.64,0.7569958966832326
TxPert_official_cell_gat_k562_all_fixed2000_trrustTF,K562,ABT1,92,2000,86,0.9917620035249015,0.9892447756969668,0.074980111343273,0.08993820463229397,0.52,0.5365296976640344
TxPert_official_cell_gat_k562_all_fixed2000_trrustTF,K562,ACTB,140,2000,86,0.9969300644832635,0.9968489079673568,-0.03468779651663355,0.026237086655030897,0.32,0.3330345336294071
TxPert_official_cell_gat_k562_all_fixed2000_trrustTF,K562,ACTL6A,45,2000,86,0.9778217669034514,0.9764894570498608,-0.19548113536502643,-0.0796358318788622,0.32,0.36076893513998043
TxPert_official_cell_gat_k562_all_fixed2000_trrustTF,K562,ACTR6,104,2000,86,0.9972804815869217,0.9968866455964902,0.1328743767035137,0.15958299919807536,0.32,0.3114303212417129
TxPert_official_cell_gat_k562_all_fixed2000_trrustTF,K562,ACTR8,242,2000,86,0.9954929383901728,0.993471390159913,0.3059548533952809,0.22919005613472335,0.4,0.5342158665042841
TxPert_official_cell_gat_k562_all_fixed2000_trrustTF,K562,AHCTF1,161,2000,86,0.9961475014940343,0.9950186329543845,0.551183814121268,0.5334308222085947,0.48,0.49646056098466784
TxPert_official_cell_gat_k562_all_fixed2000_trrustTF,K562,AHCY,133,2000,86,0.9923270926552403,0.9893768573989339,-0.29813974918700126,-0.2772677956507382,0.36,0.36564685527802787
TxPert_official_cell_gat_k562_all_fixed2000_trrustTF,K562,AKIRIN2,144,2000,86,0.996819051973726,0.9953205339874522,0.190413011128177,0.2936459266946554,0.32,0.4351568071073658
TxPert_official_cell_gat_k562_all_fixed2000_trrustTF,K562,ALDOA,77,2000,86,0.9900690188256729,0.9869993867635266,0.6535229805152823,0.6115854521439691,0.6,0.5562625308383821
TxPert_official_cell_gat_k562_all_fixed2000_trrustTF,K562,ALG13,167,2000,86,0.9971922660825803,0.9951884522854851,0.38458162274714897,0.35951695834709185,0.36,0.43860843711848296
TxPert_official_cell_gat_k562_all_fixed2000_trrustTF,K562,ALG2,228,2000,86,0.9928117483269977,0.9916599839615076,0.5556374994091856,0.5020331147695646,0.44,0.6118442856394976
TxPert_official_cell_gat_k562_all_fixed2000_trrustTF,K562,ALYREF,96,2000,86,0.996515679120428,0.9955846973913864,0.5189627054174175,0.40887777725364405,0.44,0.541697673782528
TxPert_official_cell_gat_k562_all_fixed2000_trrustTF,K562,ANAPC2,237,2000,86,0.9873552581163672,0.9869993867635266,0.466762873558845,0.3102127458842398,0.6,0.6313942079143189
TxPert_official_cell_gat_k562_all_fixed2000_trrustTF,K562,ANAPC4,59,2000,86,0.994710068044388,0.9929053257229115,0.6199779936266708,0.4828246615406387,0.48,0.48549381627217614
TxPert_official_cell_gat_k562_all_fixed2000_trrustTF,K562,ANKRD11,184,2000,86,0.9926238126630091,0.9933581772725127,-0.06014649786838903,0.08727770177838577,0.36,0.43359216771781217
TxPert_official_cell_gat_k562_all_fixed2000_trrustTF,K562,AP2S1,96,2000,86,0.9930475524964488,0.9929053257229115,0.5136976062289218,0.5642435963960564,0.4,0.4638766712639751
TxPert_official_cell_gat_k562_all_fixed2000_trrustTF,K562,AQR,82,2000,86,0.925924850959019,0.9505448370206141,0.652835704835871,0.6037360252842116,0.4,0.5647780761740032
TxPert_official_cell_gat_k562_all_fixed2000_trrustTF,K562,ARCN1,214,2000,86,0.9956257986120223,0.9951695834709184,0.6598164547923717,0.6948912684560593,0.48,0.618280047715715
TxPert_official_cell_gat_k562_all_fixed2000_trrustTF,K562,ARGLU1,367,2000,86,0.9955840796480253,0.9947922071795838,-0.576823562046268,-0.4848436246992783,0.44,0.5376108142169433
TxPert_official_cell_gat_k562_all_fixed2000_trrustTF,K562,ARIH1,57,2000,86,0.9970396302222688,0.9954148780602858,0.4430482027167567,0.4219916033775178,0.52,0.4505106233877359
TxPert_official_cell_gat_k562_all_fixed2000_trrustTF,K562,ARL2,70,2000,86,0.9954041773938409,0.9962639747157884,0.5808057818576055,0.5384310580687768,0.36,0.4619645557225795
TxPert_official_cell_gat_k562_all_fixed2000_trrustTF,K562,ARMC7,110,2000,86,0.9964160534845738,0.994924288881551,0.5306402562852301,0.5042407660738714,0.4,0.4366562859310572
TxPert_official_cell_gat_k562_all_fixed2000_trrustTF,K562,ARPC4,188,2000,86,0.9938430965470593,0.9934336525307796,0.4762948993705133,0.4642954856361149,0.44,0.4426197385189725
TxPert_official_cell_gat_k562_all_fixed2000_trrustTF,K562,ATF4,52,2000,86,0.9966577879001066,0.9961130241992547,0.5893549762005288,0.557085509159975,0.52,0.587381674495419
TxPert_official_cell_gat_k562_all_fixed2000_trrustTF,K562,ATF5,133,2000,86,0.9877464496630834,0.9823576583801121,0.7594103722390947,0.7608189065521959,0.6,0.6490475080588719
TxPert_official_cell_gat_k562_all_fixed2000_trrustTF,K562,ATP1A1,71,2000,86,0.9918454816768172,0.9903580357564036,0.1140951696890317,0.10339166941836879,0.4,0.45856912910117037
TxPert_official_cell_gat_k562_all_fixed2000_trrustTF,K562,ATP6AP1,114,2000,86,0.9939286762132287,0.9937921600075474,0.5224157061782632,0.5194678994292183,0.56,0.5728897265077726
TxPert_official_cell_gat_k562_all_fixed2000_trrustTF,K562,ATP6V0B,134,2000,86,0.9950375921833732,0.9937732911929807,0.5042845813239422,0.37266852210009904,0.4,0.5185420792180445
TxPert_official_cell_gat_k562_all_fixed2000_trrustTF,K562,ATP6V0C,39,2000,86,0.9887117009984369,0.9875277135713948,0.17212432104271008,0.16130006132364733,0.36,0.43504272306605885
TxPert_official_cell_gat_k562_all_fixed2000_trrustTF,K562,ATP6V1A,89,2000,86,0.9927491226362735,0.9913203452993066,0.2770339944076255,0.30798622576536633,0.32,0.36952944498745677
TxPert_official_cell_gat_k562_all_fixed2000_trrustTF,K562,ATP6V1B2,406,2000,86,0.9939518392031726,0.9924902118024433,0.6395580036058301,0.5830180668899476,0.56,0.6255723799450112
TxPert_official_cell_gat_k562_all_fixed2000_trrustTF,K562,ATR,133,2000,86,0.989804978164802,0.9879805651209963,0.6269611492737103,0.578527289023067,0.44,0.513308972265625
TxPert_official_cell_gat_k562_all_fixed2000_trrustTF,K562,ATRIP,183,2000,86,0.9892221095482111,0.9878296146044624,0.5966255108263617,0.515996037548941,0.52,0.5523164565592271
TxPert_official_cell_gat_k562_all_fixed2000_trrustTF,K562,BANP,101,2000,86,0.9973215266488686,0.9949997641398178,0.1254203465351384,0.08291900561347233,0.48,0.43510672989262605
TxPert_official_cell_gat_k562_all_fixed2000_trrustTF,K562,BAP1,190,2000,86,0.9953182333802287,0.9932449643851123,-0.15976393660728846,-0.16499834897872542,0.36,0.39157953756664127
TxPert_official_cell_gat_k562_all_fixed2000_trrustTF,K562,BCAS2,197,2000,86,0.9896732281734973,0.9885277607434314,0.7139884973349547,0.6528892872305296,0.56,0.6044701372458092
TxPert_official_cell_gat_k562_all_fixed2000_trrustTF,K562,BDP1,277,2000,86,0.9793822699509191,0.9729232510967498,0.720476905611757,0.7009670267465445,0.64,0.6415554845698901
TxPert_official_cell_gat_k562_all_fixed2000_trrustTF,K562,BGLAP,236,2000,86,0.9877869489887928,0.986622010472192,0.5599335341285758,0.49922166139912255,0.4,0.5023635696379714
TxPert_official_cell_gat_k562_all_fixed2000_trrustTF,K562,BMS1,18,2000,86,0.9890120136986708,0.988263597339497,-0.12723660137325898,-0.04382282183121846,0.28,0.3285345452440871
TxPert_official_cell_gat_k562_all_fixed2000_trrustTF,K562,BNIP1,107,2000,86,0.9944341381732235,0.9944903061465162,0.7010764763223001,0.6806075758290486,0.52,0.5682130731977091
TxPert_official_cell_gat_k562_all_fixed2000_trrustTF,K562,BOP1,103,2000,86,0.9961564300059204,0.9947356007358837,0.661897052647798,0.645870088211708,0.56,0.6679866929046545
TxPert_official_cell_gat_k562_all_fixed2000_trrustTF,K562,BRD8,68,2000,86,0.9868778150754357,0.9864521911410915,-0.19340932939399944,-0.0718807490919383,0.48,0.4578770261907654
TxPert_official_cell_gat_k562_all_fixed2000_trrustTF,K562,BRIX1,95,2000,86,0.9898343964079441,0.9899429218359356,0.8415683675917501,0.8164441718949007,0.52,0.6249406411036983
TxPert_official_cell_gat_k562_all_fixed2000_trrustTF,K562,BTF3,70,2000,86,0.9877562612754186,0.9872635501674606,0.5465974391897915,0.4428039058446152,0.56,0.6151312232380367
TxPert_official_cell_gat_k562_all_fixed2000_trrustTF,K562,BUB3,246,2000,86,0.9950028657961417,0.9921883107693759,0.3339362882604924,0.37608377753667627,0.4,0.4577923974118918
TxPert_official_cell_gat_k562_all_fixed2000_trrustTF,K562,BUD13,160,2000,86,0.9912042753542766,0.9897731025048351,0.7070622935275653,0.6642294447851314,0.6,0.6310342869818467
TxPert_official_cell_gat_k562_all_fixed2000_trrustTF,K562,BUD31,15,2000,86,0.977896943461131,0.9733949714609179,0.4751410979804715,0.45693664795509215,0.4,0.40545804193459517
TxPert_official_cell_gat_k562_all_fixed2000_trrustTF,K562,BYSL,87,2000,86,0.9869033304737994,0.9863012406245577,0.14242297679193752,0.20277371574130854,0.24,0.28308808095348176
TxPert_official_cell_gat_k562_all_fixed2000_trrustTF,K562,C12orf45,94,2000,86,0.9927875835094085,0.9899051842068022,0.39480227138698454,0.36095098825416294,0.44,0.5515979216747031
TxPert_official_cell_gat_k562_all_fixed2000_trrustTF,K562,C1QBP,189,2000,86,0.9969776743205984,0.9952827963583187,0.5749801019737872,0.5010519364120948,0.4,0.44595403401731437
TxPert_official_cell_gat_k562_all_fixed2000_trrustTF,K562,CACTIN,55,2000,86,0.9871068541990395,0.9843766215387518,0.7147463639993904,0.7100051889240058,0.52,0.6463016300242467
TxPert_official_cell_gat_k562_all_fixed2000_trrustTF,K562,CAPZB,64,2000,86,0.9965730476705602,0.9933581772725127,0.35878902760753,0.3393650643898297,0.4,0.4165612075350265
TxPert_official_cell_gat_k562_all_fixed2000_trrustTF,K562,CASP8AP2,192,2000,86,0.9930745453449673,0.9929053257229115,0.1366268225173125,0.2336430963724704,0.52,0.5438199614078878
TxPert_official_cell_gat_k562_all_fixed2000_trrustTF,K562,CBLL1,93,2000,86,0.997019137040714,0.9953016651728854,0.2598102386731748,0.24036039435822446,0.4,0.36326315186752184
TxPert_official_cell_gat_k562_all_fixed2000_trrustTF,K562,CCDC174,97,2000,86,0.9949635794650912,0.992792112835511,0.6019277613725931,0.5407896598896175,0.56,0.6537042701302666
TxPert_official_cell_gat_k562_all_fixed2000_trrustTF,K562,CCDC59,100,2000,86,0.9967347341169841,0.9937355535638474,0.49258130582783993,0.4176895136563045,0.48,0.5464322331602898
TxPert_official_cell_gat_k562_all_fixed2000_trrustTF,K562,CCDC84,77,2000,86,0.9960250039158043,0.9920939666965422,0.6652104006134356,0.6741544412472287,0.44,0.4975163619857071
TxPert_official_cell_gat_k562_all_fixed2000_trrustTF,K562,CCDC86,235,2000,86,0.995558714195547,0.993150620312279,0.7100110244488904,0.6575687532430774,0.64,0.7475691271999965
TxPert_official_cell_gat_k562_all_fixed2000_trrustTF,K562,CCNH,75,2000,86,0.9964921708586506,0.9945280437756499,0.7673536568615674,0.7691966602198216,0.48,0.5128096283473664
TxPert_official_cell_gat_k562_all_fixed2000_trrustTF,K562,CCNK,211,2000,86,0.9988374436829333,0.9983395443181282,-0.048211676121900256,0.026972970423133163,0.28,0.35164160514001025
TxPert_official_cell_gat_k562_all_fixed2000_trrustTF,K562,CCT2,178,2000,86,0.9894895955742267,0.9871503372800604,0.5549047821920493,0.5648096608330581,0.44,0.4462718726456358
TxPert_official_cell_gat_k562_all_fixed2000_trrustTF,K562,CCT3,220,2000,86,0.9885753473775766,0.9881503844520968,0.37303109480186747,0.4636162083117128,0.36,0.43823126769590975
TxPert_official_cell_gat_k562_all_fixed2000_trrustTF,K562,CCT4,217,2000,86,0.9834845380427134,0.9824897400820795,0.4664919150448777,0.5190905231378838,0.4,0.5112973207268823
TxPert_official_cell_gat_k562_all_fixed2000_trrustTF,K562,CCT5,64,2000,86,0.9758094423318172,0.973734610123119,0.30944106118920855,0.3857634794094061,0.32,0.35412394742812503
TxPert_official_cell_gat_k562_all_fixed2000_trrustTF,K562,CCT6A,97,2000,86,0.9885226904539065,0.9895278079154678,0.3901179778761302,0.4003868106986178,0.48,0.41170360014947693
TxPert_official_cell_gat_k562_all_fixed2000_trrustTF,K562,CCT7,141,2000,86,0.9775642138193088,0.9768668333411954,0.4963904452036405,0.520581159488655,0.48,0.5021354108113826
TxPert_official_cell_gat_k562_all_fixed2000_trrustTF,K562,CCT8,97,2000,86,0.9949269586609057,0.9916411151469409,0.48917858015672616,0.4772960988725882,0.48,0.44522180337041106
TxPert_official_cell_gat_k562_all_fixed2000_trrustTF,K562,CD3EAP,85,2000,86,0.9890111164907632,0.9885654983725647,0.3059870789289083,0.33013821406670124,0.44,0.4342737548928449
TxPert_official_cell_gat_k562_all_fixed2000_trrustTF,K562,CDAN1,137,2000,86,0.9874646156600454,0.9838482947308834,0.3778577980634933,0.2479833954431813,0.32,0.4869036243312518
TxPert_official_cell_gat_k562_all_fixed2000_trrustTF,K562,CDC123,96,2000,86,0.9819418646870891,0.9771687343742629,0.34937856346063184,0.3079484881362328,0.4,0.40284179444942225
TxPert_official_cell_gat_k562_all_fixed2000_trrustTF,K562,CDC16,142,2000,86,0.9970546315210342,0.9960564177555544,0.7311833629205466,0.6780036794188405,0.52,0.5850022590018886
TxPert_official_cell_gat_k562_all_fixed2000_trrustTF,K562,CDC23,158,2000,86,0.9900825614366002,0.9900750035379026,0.47553684893574655,0.3752346808811737,0.44,0.5193718204679467
TxPert_official_cell_gat_k562_all_fixed2000_trrustTF,K562,CDC27,245,2000,86,0.9958376667003273,0.9949054200669843,0.7116077887836505,0.6300768904193594,0.52,0.5310021879354087
TxPert_official_cell_gat_k562_all_fixed2000_trrustTF,K562,CDC40,84,2000,86,0.9904237059633838,0.9830180668899475,0.7832016981632292,0.7230812774187461,0.64,0.6899970434886529
TxPert_official_cell_gat_k562_all_fixed2000_trrustTF,K562,CDC5L,77,2000,86,0.9738917478655618,0.9710175008255105,0.8215912131521831,0.8218783904901173,0.6,0.6945115471110864
TxPert_official_cell_gat_k562_all_fixed2000_trrustTF,K562,CDC6,153,2000,86,0.9741020427993382,0.9730364639841501,0.5213636481602352,0.4043869993867635,0.48,0.5188242090977602
TxPert_official_cell_gat_k562_all_fixed2000_trrustTF,K562,CDC73,140,2000,86,0.9698665788264563,0.9725270059908486,0.4216000732977914,0.454408226803151,0.44,0.37719706961933885
TxPert_official_cell_gat_k562_all_fixed2000_trrustTF,K562,CDK1,239,2000,86,0.994654231182335,0.9920184914382753,0.7577008060477473,0.7394028020189631,0.76,0.7010809282505434
TxPert_official_cell_gat_k562_all_fixed2000_trrustTF,K562,CDK9,134,2000,86,0.997435862987597,0.9973017595169582,0.47256722108124016,0.49595735647907924,0.56,0.4410136438995236
TxPert_official_cell_gat_k562_all_fixed2000_trrustTF,K562,CEBPZ,89,2000,86,0.9888215505753793,0.9878862210481627,0.6724395820853629,0.6692296806453134,0.6,0.7232010256756072
TxPert_official_cell_gat_k562_all_fixed2000_trrustTF,K562,CENPC,116,2000,86,0.9962937637666084,0.994848813623284,0.6437678446516827,0.5636209255153545,0.44,0.5670309929175923
TxPert_official_cell_gat_k562_all_fixed2000_trrustTF,K562,CENPE,171,2000,86,0.9848943156507073,0.9840369828765507,0.48899498965736854,0.390707108825888,0.36,0.39690004306283094
TxPert_official_cell_gat_k562_all_fixed2000_trrustTF,K562,CENPJ,265,2000,86,0.9872553129848488,0.9841879333930845,0.42113094979453425,0.3750082551063729,0.52,0.492209426337138
TxPert_official_cell_gat_k562_all_fixed2000_trrustTF,K562,CENPK,93,2000,86,0.9902289611175986,0.9881881220812302,0.7619508686979848,0.6917967828671163,0.56,0.6917361270129412
TxPert_official_cell_gat_k562_all_fixed2000_trrustTF,K562,CEP192,184,2000,86,0.9956618648304104,0.9945469125902164,0.7210556731590931,0.6463040709467427,0.56,0.7036991028238657
TxPert_official_cell_gat_k562_all_fixed2000_trrustTF,K562,CHAF1A,33,2000,86,0.980087569546412,0.9768290957120618,0.2811033268312326,0.2515118637671588,0.32,0.378794407860695
TxPert_official_cell_gat_k562_all_fixed2000_trrustTF,K562,CHAF1B,82,2000,86,0.990112336784808,0.9876975329024954,0.4438573119836507,0.415047879616963,0.6,0.6521200880503927
TxPert_official_cell_gat_k562_all_fixed2000_trrustTF,K562,CHCHD4,132,2000,86,0.9937483510001884,0.9910939195245059,0.6121472593460473,0.5562998254634652,0.4,0.5227418925628168
TxPert_official_cell_gat_k562_all_fixed2000_trrustTF,K562,CHD4,33,2000,86,0.9927102882796518,0.9932449643851123,0.5324342127438132,0.5436011132600594,0.6,0.6007689408557491
TxPert_official_cell_gat_k562_all_fixed2000_trrustTF,K562,CHEK1,205,2000,86,0.9865055561544828,0.98703712439266,0.52885999467396,0.45272890230671253,0.52,0.6180589824019224
TxPert_official_cell_gat_k562_all_fixed2000_trrustTF,K562,CHERP,54,2000,86,0.9944371769654232,0.9915090334449739,0.6954052267015274,0.6918345204962498,0.6,0.6212905767391772
TxPert_official_cell_gat_k562_all_fixed2000_trrustTF,K562,CHMP1A,71,2000,86,0.9898295675277731,0.9890372187367328,-0.22152372775501228,-0.054162932213783675,0.52,0.6215204379340205
TxPert_official_cell_gat_k562_all_fixed2000_trrustTF,K562,CHMP2A,61,2000,86,0.9799998637873696,0.9803009575923393,0.42063417233030637,0.5093542148214538,0.48,0.5346573654146403
TxPert_official_cell_gat_k562_all_fixed2000_trrustTF,K562,CHMP3,119,2000,86,0.9600115062388107,0.9706778621633095,0.7004454243296497,0.7587244681352894,0.68,0.675218528554848
TxPert_official_cell_gat_k562_all_fixed2000_trrustTF,K562,CHMP6,620,2000,86,0.9963564225325888,0.99458465021935,0.7608002542470408,0.7675362045379498,0.72,0.762782005870882
TxPert_official_cell_gat_k562_all_fixed2000_trrustTF,K562,CIAPIN1,139,2000,86,0.9937229094237746,0.9921694419548093,0.3242286307500506,0.3461955752629841,0.52,0.6063168013355285
TxPert_official_cell_gat_k562_all_fixed2000_trrustTF,K562,CINP,73,2000,86,0.9917710791591082,0.991565639888674,0.561244595994355,0.5389593848766452,0.48,0.512280862244341
TxPert_official_cell_gat_k562_all_fixed2000_trrustTF,K562,CKAP5,159,2000,86,0.9934769499793098,0.991773196848908,0.7413668926988768,0.6953818576347941,0.6,0.6659346263659225
TxPert_official_cell_gat_k562_all_fixed2000_trrustTF,K562,CLNS1A,46,2000,86,0.9910940661056846,0.9902825604981366,0.6223576169793291,0.5431859993395914,0.44,0.48675343078887656
TxPert_official_cell_gat_k562_all_fixed2000_trrustTF,K562,CLP1,51,2000,86,0.986962654011325,0.9875654512005283,0.07902890101746572,0.06720128307939054,0.32,0.40061698486861913
TxPert_official_cell_gat_k562_all_fixed2000_trrustTF,K562,CLSPN,76,2000,86,0.995615535474772,0.9931128826831455,0.7253970387650018,0.6845888957026274,0.52,0.5892043493687702
TxPert_official_cell_gat_k562_all_fixed2000_trrustTF,K562,CLTC,112,2000,86,0.9954284749772399,0.9950186329543845,0.26390221946069753,0.3045898391433558,0.36,0.4647418172880636
TxPert_official_cell_gat_k562_all_fixed2000_trrustTF,K562,CMTR1,138,2000,86,0.9978334602916132,0.9956035662059531,0.7958510391687464,0.8182178404641727,0.56,0.6253528209166754
TxPert_official_cell_gat_k562_all_fixed2000_trrustTF,K562,CNIH4,65,2000,86,0.991588416399206,0.9892259068824001,0.25017949310671467,0.24594556346997498,0.4,0.5392125101070858
TxPert_official_cell_gat_k562_all_fixed2000_trrustTF,K562,CNOT1,202,2000,86,0.9772376953162422,0.9709797631963771,0.7044961812206105,0.688324920986839,0.44,0.551388242936161
TxPert_official_cell_gat_k562_all_fixed2000_trrustTF,K562,CNOT2,64,2000,86,0.9915561761683171,0.9883579414123308,0.645912501355172,0.6612104344544553,0.36,0.40857935446899873
TxPert_official_cell_gat_k562_all_fixed2000_trrustTF,K562,CNOT3,303,2000,86,0.9925934725187417,0.9935279966036134,0.6610916884546896,0.6632671352422285,0.56,0.49973811651131056
TxPert_official_cell_gat_k562_all_fixed2000_trrustTF,K562,COG2,332,2000,86,0.9991305153671529,0.9983395443181282,0.16345266490240382,0.07827727723005802,0.32,0.38869562702361243
TxPert_official_cell_gat_k562_all_fixed2000_trrustTF,K562,COG3,55,2000,86,0.9961013644460531,0.9957167790933535,0.53683075341971,0.4253125147412614,0.56,0.5499931028005183
TxPert_official_cell_gat_k562_all_fixed2000_trrustTF,K562,COPB1,56,2000,86,0.989310381408667,0.986622010472192,0.7113826372380072,0.6722109533468559,0.6,0.6146131519279401
TxPert_official_cell_gat_k562_all_fixed2000_trrustTF,K562,COPB2,60,2000,86,0.9825859433752477,0.9838860323600169,0.5723152431371953,0.5881126468229633,0.52,0.5107553971050645
TxPert_official_cell_gat_k562_all_fixed2000_trrustTF,K562,COPS2,44,2000,86,0.9915965306688512,0.991565639888674,0.49959417482129265,0.4937308363602056,0.52,0.5554105041867596
TxPert_official_cell_gat_k562_all_fixed2000_trrustTF,K562,COPS3,59,2000,86,0.9905044958510419,0.9906599367894712,0.5095429185543373,0.432124156799849,0.52,0.5928031467060965
TxPert_official_cell_gat_k562_all_fixed2000_trrustTF,K562,COPS4,253,2000,86,0.9942450448764817,0.9941317986697487,0.5917159249531416,0.5864521911410915,0.56,0.5791643856515413
TxPert_official_cell_gat_k562_all_fixed2000_trrustTF,K562,COPS5,72,2000,86,0.9903378642108622,0.9902636916835699,0.0680567447405222,0.08614557290438227,0.36,0.4219267887258268
TxPert_official_cell_gat_k562_all_fixed2000_trrustTF,K562,COPS6,222,2000,86,0.9871204605903175,0.9884145478560308,0.32731620097569075,0.30987310722203876,0.44,0.5102663797809505
TxPert_official_cell_gat_k562_all_fixed2000_trrustTF,K562,COPS8,198,2000,86,0.9968955096201902,0.995811123166187,0.3142715275253176,0.2874946931459031,0.4,0.3642575560617992
TxPert_official_cell_gat_k562_all_fixed2000_trrustTF,K562,COPZ1,92,2000,86,0.9926372278783928,0.9925656870607104,0.7960451777700531,0.739138638615029,0.64,0.724375538830351
TxPert_official_cell_gat_k562_all_fixed2000_trrustTF,K562,COX11,103,2000,86,0.9970754644438882,0.9966979574508231,0.6335364212398518,0.5747723949242889,0.48,0.5029477530005093
TxPert_official_cell_gat_k562_all_fixed2000_trrustTF,K562,COX15,103,2000,86,0.9979265549047579,0.9965281381197226,0.7735971002580252,0.7447992829850464,0.6,0.6827544662151785
TxPert_official_cell_gat_k562_all_fixed2000_trrustTF,K562,COX17,129,2000,86,0.9989761939301519,0.9988490023114297,0.6574743362090918,0.5995094108212652,0.4,0.47165157838863914
TxPert_official_cell_gat_k562_all_fixed2000_trrustTF,K562,COX7C,154,2000,86,0.9977352157194671,0.9966413510071229,0.6170364819174671,0.626680503797349,0.6,0.5618214968844069
TxPert_official_cell_gat_k562_all_fixed2000_trrustTF,K562,CPSF1,48,2000,86,0.9911337323390816,0.988471154299731,0.468047318084526,0.41921788763620926,0.28,0.3211596838980274
TxPert_official_cell_gat_k562_all_fixed2000_trrustTF,K562,CPSF3,575,2000,86,0.9934488853236981,0.991282607670173,0.60174472346307,0.5010519364120948,0.52,0.5743902425039438
TxPert_official_cell_gat_k562_all_fixed2000_trrustTF,K562,CPSF4,57,2000,86,0.9895391252570905,0.9856219633001556,0.7256410279870124,0.6667389971225057,0.64,0.6662839498988865
TxPert_official_cell_gat_k562_all_fixed2000_trrustTF,K562,CPSF6,43,2000,86,0.991386972695936,0.9908863625642718,0.5964135153709865,0.620019812255295,0.44,0.5219318431878273
TxPert_official_cell_gat_k562_all_fixed2000_trrustTF,K562,CRNKL1,215,2000,86,0.99384341918709,0.991282607670173,0.8086538283423144,0.825406858814095,0.64,0.6383459180161559
TxPert_official_cell_gat_k562_all_fixed2000_trrustTF,K562,CSE1L,373,2000,86,0.9723943936716153,0.9747535261097221,0.7341383640626549,0.5970942025567244,0.56,0.6514887493277198
TxPert_official_cell_gat_k562_all_fixed2000_trrustTF,K562,CSNK1A1,131,2000,86,0.9966174619922544,0.9947733383650171,0.44343520787039004,0.3496863059578282,0.44,0.46985112298134274
TxPert_official_cell_gat_k562_all_fixed2000_trrustTF,K562,CSNK2B,103,2000,86,0.9927226279825947,0.9939242417095147,0.6081986077957108,0.4211802443511487,0.52,0.568717672424755
TxPert_official_cell_gat_k562_all_fixed2000_trrustTF,K562,CSTF1,129,2000,86,0.997391926176205,0.9962262370866549,0.6062010555698396,0.4829944808717392,0.52,0.6279764273476595
TxPert_official_cell_gat_k562_all_fixed2000_trrustTF,K562,CSTF3,59,2000,86,0.9896856952811397,0.9866597481013254,0.489092026454895,0.479107505070994,0.32,0.41253924637407896
TxPert_official_cell_gat_k562_all_fixed2000_trrustTF,K562,CTDP1,117,2000,86,0.992695894657234,0.9899051842068022,0.8682347685310314,0.8039530166517288,0.64,0.6748806794783689
TxPert_official_cell_gat_k562_all_fixed2000_trrustTF,K562,CTNNBL1,65,2000,86,0.9913821480836844,0.9883013349686307,-0.2338392610928911,-0.18082928440020754,0.48,0.39779256178033756
TxPert_official_cell_gat_k562_all_fixed2000_trrustTF,K562,CTR9,197,2000,86,0.9726255965473946,0.9689230624086042,0.6319987537787105,0.6546818246143686,0.64,0.6237110821986602
TxPert_official_cell_gat_k562_all_fixed2000_trrustTF,K562,CUL1,181,2000,86,0.9917402617766254,0.9902825604981366,0.3954499345104308,0.3485541770838247,0.4,0.39702668514515577
TxPert_official_cell_gat_k562_all_fixed2000_trrustTF,K562,CUL2,84,2000,86,0.9940357430657084,0.9933015708288128,0.3705118726185692,0.3378555592244917,0.44,0.49957715732380803
TxPert_official_cell_gat_k562_all_fixed2000_trrustTF,K562,CUL7,33,2000,86,0.9807644802175599,0.9827727723005801,0.6193380370233382,0.5636020567007877,0.44,0.5577289294725156
TxPert_official_cell_gat_k562_all_fixed2000_trrustTF,K562,CWC15,144,2000,86,0.9890704046514405,0.9870559932072266,0.7918046349841104,0.7786876739468842,0.6,0.596835909963424
TxPert_official_cell_gat_k562_all_fixed2000_trrustTF,K562,CWC22,28,2000,86,0.9614603044157093,0.9572432661918014,0.5249568884081768,0.5825652153403462,0.48,0.3946212448548732
TxPert_official_cell_gat_k562_all_fixed2000_trrustTF,K562,CWF19L2,187,2000,86,0.9955761221807167,0.9942261427425821,0.7548142514950358,0.6830227840935894,0.56,0.6268608684148695
TxPert_official_cell_gat_k562_all_fixed2000_trrustTF,K562,CXXC1,115,2000,86,0.9957887459748808,0.9947922071795838,0.73319639672703,0.6170951459974527,0.52,0.6291129605892831
TxPert_official_cell_gat_k562_all_fixed2000_trrustTF,K562,CYCS,162,2000,86,0.997313522407663,0.9971885466295579,0.48845775178857553,0.5105995565828577,0.48,0.4277909080188091
TxPert_official_cell_gat_k562_all_fixed2000_trrustTF,K562,DAD1,71,2000,86,0.9947340602013416,0.9939242417095147,0.6160625096119771,0.4492759092410019,0.4,0.43840375132714154
TxPert_official_cell_gat_k562_all_fixed2000_trrustTF,K562,DAP3,141,2000,86,0.9979111769623907,0.9963017123449218,0.4729990042854325,0.46286145572904375,0.44,0.423723103646341
TxPert_official_cell_gat_k562_all_fixed2000_trrustTF,K562,DARS,60,2000,86,0.9758058296013498,0.973319496202651,0.7612503330252581,0.7225152129817445,0.6,0.6304558758230947
TxPert_official_cell_gat_k562_all_fixed2000_trrustTF,K562,DBR1,96,2000,86,0.9869126187313156,0.9819425444596444,0.4147906558815856,0.43040709467427707,0.56,0.6132734345502782
TxPert_official_cell_gat_k562_all_fixed2000_trrustTF,K562,DCUN1D5,145,2000,86,0.9906915981658541,0.9890183499221661,0.6843680991972451,0.6034718618802773,0.48,0.5566038930212802
TxPert_official_cell_gat_k562_all_fixed2000_trrustTF,K562,DDB1,85,2000,86,0.9952588853888029,0.9942261427425821,0.47983657295239845,0.37770649558941455,0.52,0.5571737461611871
TxPert_official_cell_gat_k562_all_fixed2000_trrustTF,K562,DDOST,74,2000,86,0.9965532147550256,0.9957733855370535,0.7769090745929903,0.6248124911552432,0.6,0.6582265753202592
TxPert_official_cell_gat_k562_all_fixed2000_trrustTF,K562,DDX10,97,2000,86,0.9832997601074005,0.980376432850606,0.21112025742301993,0.2837397990471249,0.52,0.5597860638358325
TxPert_official_cell_gat_k562_all_fixed2000_trrustTF,K562,DDX18,112,2000,86,0.9793586359773786,0.9786216330959006,0.6587616516282669,0.6521722722769941,0.48,0.5660124641868071
TxPert_official_cell_gat_k562_all_fixed2000_trrustTF,K562,DDX20,110,2000,86,0.9969727237148079,0.9957167790933535,0.7516071289238148,0.692438322562385,0.52,0.6470798912572152
TxPert_official_cell_gat_k562_all_fixed2000_trrustTF,K562,DDX21,78,2000,86,0.9890532426509447,0.9873012877965941,0.07227742857559685,0.11116562101985943,0.32,0.3152782608265441
TxPert_official_cell_gat_k562_all_fixed2000_trrustTF,K562,DDX23,126,2000,86,0.9821568223439945,0.9797160243407708,0.7115990071661643,0.6633614793150621,0.48,0.5384063466405751
TxPert_official_cell_gat_k562_all_fixed2000_trrustTF,K562,DDX24,230,2000,86,0.9950596258783118,0.9937166847492807,0.798640523658478,0.8245954997877257,0.52,0.6588480809422772
TxPert_official_cell_gat_k562_all_fixed2000_trrustTF,K562,DDX27,40,2000,86,0.9917307957851765,0.9883390725977641,0.712136146759452,0.6980800981178358,0.48,0.5995119819242701
TxPert_official_cell_gat_k562_all_fixed2000_trrustTF,K562,DDX41,259,2000,86,0.9765100312287261,0.9746025755931883,0.7428195169249081,0.8046134251615642,0.6,0.569928769109076
TxPert_official_cell_gat_k562_all_fixed2000_trrustTF,K562,DDX46,132,2000,86,0.9898482617353025,0.9846407849426858,0.7214206609699684,0.6419453747818292,0.48,0.5996892992599869
TxPert_official_cell_gat_k562_all_fixed2000_trrustTF,K562,DDX47,313,2000,86,0.9403123208015448,0.9510920326430491,0.2727477341889444,0.31738289541959525,0.36,0.3915629863056244
TxPert_official_cell_gat_k562_all_fixed2000_trrustTF,K562,DDX49,41,2000,86,0.9938119953421571,0.9927543752063777,0.19150104306328375,0.09027784329449502,0.28,0.391686051488306
TxPert_official_cell_gat_k562_all_fixed2000_trrustTF,K562,DDX5,130,2000,86,0.9975323769959585,0.9968300391527902,-0.15067963737214174,-0.09682532194914853,0.6,0.7122850502813591
TxPert_official_cell_gat_k562_all_fixed2000_trrustTF,K562,DDX51,120,2000,86,0.9962246621697025,0.99458465021935,0.4714545227222663,0.5003726590876928,0.4,0.41134793353432175
TxPert_official_cell_gat_k562_all_fixed2000_trrustTF,K562,DDX52,106,2000,86,0.9907983888221953,0.9891693004386999,0.07079798712469926,0.17113071371291097,0.28,0.3712740050441749
TxPert_official_cell_gat_k562_all_fixed2000_trrustTF,K562,DDX54,68,2000,86,0.9963269450234815,0.9958488607953204,0.6868171206585042,0.6586820133025143,0.56,0.5739032446223045
TxPert_official_cell_gat_k562_all_fixed2000_trrustTF,K562,DDX55,150,2000,86,0.9961466390092593,0.9951695834709184,0.6491171721088941,0.5877730081607623,0.56,0.5907869120411567
TxPert_official_cell_gat_k562_all_fixed2000_trrustTF,K562,DDX56,144,2000,86,0.9912429381017205,0.9910184442662389,0.7510586811070427,0.7554601632152459,0.52,0.561174645269754
TxPert_official_cell_gat_k562_all_fixed2000_trrustTF,K562,DDX59,152,2000,86,0.9976126364573453,0.9964149252323222,0.6998004208068506,0.6010189159866032,0.6,0.6641122337923213
TxPert_official_cell_gat_k562_all_fixed2000_trrustTF,K562,DDX6,56,2000,86,0.9821850138475406,0.983055804519081,0.7976203442903654,0.7275531864710598,0.68,0.7084498126378331
TxPert_official_cell_gat_k562_all_fixed2000_trrustTF,K562,DENR,228,2000,86,0.9974298993792583,0.9964715316760224,0.659881875062234,0.6424925704042643,0.48,0.4674865940906574
TxPert_official_cell_gat_k562_all_fixed2000_trrustTF,K562,DERL2,122,2000,86,0.9832090769357673,0.9746780508514553,0.7450485798685998,0.7463087881503844,0.4,0.5281707737613326
TxPert_official_cell_gat_k562_all_fixed2000_trrustTF,K562,DHDDS,95,2000,86,0.9887048329829492,0.9931883579414124,0.7287300023821456,0.7440822680315109,0.68,0.7952076113149629
TxPert_official_cell_gat_k562_all_fixed2000_trrustTF,K562,DHODH,207,2000,86,0.991377024615822,0.9907731496768716,0.03329876008733639,0.053993112882683145,0.36,0.43551809927760654
TxPert_official_cell_gat_k562_all_fixed2000_trrustTF,K562,DHX15,313,2000,86,0.9756114661403233,0.9707910750507098,0.7815997406313823,0.7589131562809567,0.6,0.6416589033017756
TxPert_official_cell_gat_k562_all_fixed2000_trrustTF,K562,DHX16,305,2000,86,0.9898912888680449,0.9902448228690032,0.8024211407691794,0.8409924996462098,0.56,0.6677195350909471
TxPert_official_cell_gat_k562_all_fixed2000_trrustTF,K562,DHX33,127,2000,86,0.9957097880546762,0.9943393556299825,0.18655041660084287,0.22660502853908202,0.32,0.3693977269199922
TxPert_official_cell_gat_k562_all_fixed2000_trrustTF,K562,DHX36,248,2000,86,0.9965395882222547,0.9939431105240814,0.4796054234102409,0.5250153309118354,0.48,0.44230127951242726
TxPert_official_cell_gat_k562_all_fixed2000_trrustTF,K562,DHX37,202,2000,86,0.9941516736480928,0.9923015236567763,0.3158697718411729,0.27226755979055617,0.48,0.4521230158046149
TxPert_official_cell_gat_k562_all_fixed2000_trrustTF,K562,DICER1,153,2000,86,0.9972285335603531,0.9962073682720882,0.43792618273362616,0.3852162837869711,0.48,0.47129775654835465
TxPert_official_cell_gat_k562_all_fixed2000_trrustTF,K562,DIMT1,83,2000,86,0.9908759506916844,0.9893202509552338,0.35330018521146833,0.39276380961366103,0.48,0.4204417883510645
TxPert_official_cell_gat_k562_all_fixed2000_trrustTF,K562,DIS3,40,2000,86,0.9914563966818614,0.9905467239020709,0.7079623407873172,0.6429076843247323,0.68,0.6188069346056707
TxPert_official_cell_gat_k562_all_fixed2000_trrustTF,K562,DKC1,51,2000,86,0.9923161465027827,0.9904901174583706,0.1502626884889715,0.2278881079296193,0.36,0.42681452688355426
TxPert_official_cell_gat_k562_all_fixed2000_trrustTF,K562,DLD,283,2000,86,0.9888835708936043,0.9877352705316288,0.7033313380108474,0.5822255766781451,0.6,0.6716479328921281
TxPert_official_cell_gat_k562_all_fixed2000_trrustTF,K562,DMAP1,71,2000,86,0.973980034744778,0.9713948771168451,0.24283411664605653,0.3268927779612245,0.48,0.4832623414834254
TxPert_official_cell_gat_k562_all_fixed2000_trrustTF,K562,DNAJA3,122,2000,86,0.996642727136212,0.9940751922260483,0.5297011162873382,0.4213123260531157,0.4,0.4393568445583557
TxPert_official_cell_gat_k562_all_fixed2000_trrustTF,K562,DNAJC17,30,2000,86,0.9825315228142615,0.980867022029341,0.7287709077819529,0.6729845747440917,0.48,0.5408185278801599
TxPert_official_cell_gat_k562_all_fixed2000_trrustTF,K562,DNAJC19,328,2000,86,0.9821165123842612,0.975998867871126,0.762406248376793,0.6820227369215529,0.56,0.692266134750125
TxPert_official_cell_gat_k562_all_fixed2000_trrustTF,K562,DNAJC8,260,2000,86,0.9990580924120026,0.9989433463842634,0.486804243512633,0.4470305203075617,0.28,0.3508822828557987
TxPert_official_cell_gat_k562_all_fixed2000_trrustTF,K562,DNM1L,144,2000,86,0.998892537745304,0.9978678239539599,0.720258046314768,0.6943818104627576,0.6,0.5999014888399024
TxPert_official_cell_gat_k562_all_fixed2000_trrustTF,K562,DNMT1,146,2000,86,0.9858706220500215,0.9853955375253549,0.5272781293406943,0.1431859993395915,0.32,0.3705716553386586
TxPert_official_cell_gat_k562_all_fixed2000_trrustTF,K562,DNTTIP2,235,2000,86,0.9772813837197055,0.9764894570498608,0.4715137061492231,0.4933157224397377,0.36,0.44254778520957777
TxPert_official_cell_gat_k562_all_fixed2000_trrustTF,K562,DOHH,152,2000,86,0.9980854379851201,0.9977546110665597,0.27817240723163245,0.22375583753950656,0.28,0.3359865608114252
TxPert_official_cell_gat_k562_all_fixed2000_trrustTF,K562,DONSON,688,2000,86,0.9881690700166108,0.9863201094391245,0.2585188504236366,0.18196141327421103,0.44,0.4274107888374084
TxPert_official_cell_gat_k562_all_fixed2000_trrustTF,K562,DPH2,161,2000,86,0.9973762912443648,0.9964149252323222,0.14116702390285293,0.028935327138072547,0.44,0.5186960638505262
TxPert_official_cell_gat_k562_all_fixed2000_trrustTF,K562,DR1,103,2000,86,0.9949972532588833,0.992867588093778,0.24131590506700978,0.29713665738949946,0.28,0.3620109346536619
TxPert_official_cell_gat_k562_all_fixed2000_trrustTF,K562,DRAP1,184,2000,86,0.9979689923939576,0.9976980046228595,0.510846140703003,0.4825793669512713,0.44,0.43985403077979746
TxPert_official_cell_gat_k562_all_fixed2000_trrustTF,K562,DSN1,234,2000,86,0.9875577257756623,0.9871880749091937,0.7479796189636531,0.766158781074579,0.52,0.6027242704516241
TxPert_official_cell_gat_k562_all_fixed2000_trrustTF,K562,DTL,87,2000,86,0.9925974177577153,0.9923015236567763,0.6373062482666556,0.5965470069342893,0.48,0.5708930987907478
TxPert_official_cell_gat_k562_all_fixed2000_trrustTF,K562,DTYMK,73,2000,86,0.9951594135290001,0.9949620265106844,0.4135094578426765,0.35451672248690974,0.44,0.5255446080757727
TxPert_official_cell_gat_k562_all_fixed2000_trrustTF,K562,DUT,46,2000,86,0.9892738533428294,0.9919052785508751,0.2685283037414358,0.2856078116892306,0.36,0.4548789121861169
TxPert_official_cell_gat_k562_all_fixed2000_trrustTF,K562,DYNC1H1,217,2000,86,0.9954960739664305,0.9947356007358837,0.6249986504155872,0.5236567762630312,0.44,0.4849274087309393
TxPert_official_cell_gat_k562_all_fixed2000_trrustTF,K562,DYNC1I2,239,2000,86,0.9941274541200846,0.9929053257229115,0.7095356207982934,0.6685126656917778,0.48,0.5693120496929998
TxPert_official_cell_gat_k562_all_fixed2000_trrustTF,K562,DYNLL1,62,2000,86,0.9943266034545188,0.9954903533185527,0.14296667655376674,0.24790792018491437,0.4,0.4602446874398833
TxPert_official_cell_gat_k562_all_fixed2000_trrustTF,K562,DYNLRB1,192,2000,86,0.9966998014302749,0.9968300391527902,0.5762191595238044,0.49163639794329916,0.48,0.524245694660552
TxPert_official_cell_gat_k562_all_fixed2000_trrustTF,K562,E4F1,130,2000,86,0.9950933211739535,0.9935657342327467,0.44014579458890674,0.4929760837775367,0.52,0.592479319889562
TxPert_official_cell_gat_k562_all_fixed2000_trrustTF,K562,EBNA1BP2,68,2000,86,0.98239336829648,0.978678239539601,0.6577612134686677,0.6342468984386056,0.64,0.6646218072409262
TxPert_official_cell_gat_k562_all_fixed2000_trrustTF,K562,ECD,69,2000,86,0.988957668161133,0.9869616491343931,0.6440438509201515,0.5046558799943394,0.48,0.5575359096798463
TxPert_official_cell_gat_k562_all_fixed2000_trrustTF,K562,EEF1G,170,2000,86,0.992952546839579,0.9916599839615076,0.1594612208388025,0.2883815274305392,0.32,0.3511874935019841
TxPert_official_cell_gat_k562_all_fixed2000_trrustTF,K562,EEF2,196,2000,86,0.9866806291664119,0.9839803764328505,0.3713767025428186,0.3318552761922732,0.4,0.36542832817660675
TxPert_official_cell_gat_k562_all_fixed2000_trrustTF,K562,EFTUD2,73,2000,86,0.9817574588360886,0.9841690645785178,0.7322988184979873,0.738044247370159,0.52,0.5730628314162279
TxPert_official_cell_gat_k562_all_fixed2000_trrustTF,K562,EIF1AX,95,2000,86,0.9941679102612339,0.9920750978819755,0.8855932809881061,0.8628614557290437,0.68,0.7920985250145646
TxPert_official_cell_gat_k562_all_fixed2000_trrustTF,K562,EIF2B1,162,2000,86,0.9907996732368931,0.9874145006839944,0.7269966751294923,0.6671918486721072,0.52,0.5278553927182456
TxPert_official_cell_gat_k562_all_fixed2000_trrustTF,K562,EIF2B2,307,2000,86,0.9879849037200426,0.9852823246379546,0.8038832912705084,0.7448558894287466,0.64,0.728862835358072
TxPert_official_cell_gat_k562_all_fixed2000_trrustTF,K562,EIF2B3,96,2000,86,0.9474722408242404,0.9336006415396952,0.7755900003413158,0.7220057549884429,0.6,0.6481216306367797
TxPert_official_cell_gat_k562_all_fixed2000_trrustTF,K562,EIF2B4,301,2000,86,0.9869254182110919,0.9844332279824519,0.7507790540221252,0.7102882211425068,0.56,0.6336695536442774
TxPert_official_cell_gat_k562_all_fixed2000_trrustTF,K562,EIF2B5,412,2000,86,0.9645665699599479,0.957413085522902,0.7888012146797608,0.7306099344308693,0.6,0.6964773909303424
TxPert_official_cell_gat_k562_all_fixed2000_trrustTF,K562,EIF2S1,208,2000,86,0.9168223017761642,0.9170338223501109,0.7305412226254628,0.7294589367422991,0.6,0.6416947732725261
TxPert_official_cell_gat_k562_all_fixed2000_trrustTF,K562,EIF2S2,76,2000,86,0.9660606468478776,0.9579980187744704,0.6147946412985805,0.5470163686966366,0.48,0.5132239517653578
TxPert_official_cell_gat_k562_all_fixed2000_trrustTF,K562,EIF2S3,46,2000,86,0.9313031436371073,0.9282041605736119,0.7172111660128208,0.7260436813057219,0.56,0.5951046171495801
TxPert_official_cell_gat_k562_all_fixed2000_trrustTF,K562,EIF3A,271,2000,86,0.9537163172699256,0.9392990235388461,0.7123816790276133,0.6924760601915185,0.6,0.6553171640731248
TxPert_official_cell_gat_k562_all_fixed2000_trrustTF,K562,EIF3B,23,2000,86,0.964199565451364,0.9568470210859004,0.821231323075955,0.8165762535968678,0.64,0.7445698355634723
TxPert_official_cell_gat_k562_all_fixed2000_trrustTF,K562,EIF3CL,44,2000,86,0.9507024863842577,0.9452238313127977,0.3183581125922154,0.348535308269258,0.52,0.536327377952917
TxPert_official_cell_gat_k562_all_fixed2000_trrustTF,K562,EIF3D,144,2000,86,0.9725271090238505,0.970168404170008,0.8706183932055943,0.8144063399216944,0.8,0.8579930783219666
TxPert_official_cell_gat_k562_all_fixed2000_trrustTF,K562,EIF3E,171,2000,86,0.9715171905209488,0.9658663144487948,0.65962452048334,0.6112835511109014,0.52,0.6280601398749475
TxPert_official_cell_gat_k562_all_fixed2000_trrustTF,K562,EIF3F,36,2000,86,0.9808134415214118,0.9803575640360394,0.5275780652710457,0.5169017406481439,0.48,0.43608656957987346
TxPert_official_cell_gat_k562_all_fixed2000_trrustTF,K562,EIF3G,52,2000,86,0.9868915073917562,0.9809236284730412,0.6621294523842953,0.64862493513845,0.64,0.6193789100935325
TxPert_official_cell_gat_k562_all_fixed2000_trrustTF,K562,EIF3H,335,2000,86,0.994633241696926,0.9935091277890467,0.8341369110831641,0.7825180433039294,0.72,0.8271775963644119
TxPert_official_cell_gat_k562_all_fixed2000_trrustTF,K562,EIF3I,44,2000,86,0.9536802558219835,0.944186046511628,0.648066882569299,0.6466059719798104,0.52,0.5026443661808365
TxPert_official_cell_gat_k562_all_fixed2000_trrustTF,K562,EIF3J,72,2000,86,0.9959538058676807,0.9937921600075474,0.48498815927962136,0.43918109344780415,0.52,0.5190879937918607
TxPert_official_cell_gat_k562_all_fixed2000_trrustTF,K562,EIF3M,209,2000,86,0.9809118015832795,0.9769989150431624,0.7660517082559993,0.720552856266805,0.68,0.7678558952669843
TxPert_official_cell_gat_k562_all_fixed2000_trrustTF,K562,EIF4E,324,2000,86,0.9809125736573107,0.9825840841549128,0.6957326451527284,0.7323836030001414,0.6,0.6667012436819609
TxPert_official_cell_gat_k562_all_fixed2000_trrustTF,K562,EIF4G1,271,2000,86,0.9807425486340403,0.9768857021557621,0.6522208018915994,0.6599462238784849,0.56,0.5883618941909584
TxPert_official_cell_gat_k562_all_fixed2000_trrustTF,K562,EIF4G2,205,2000,86,0.9978257430891686,0.9955092221331195,0.7319931029039516,0.6773998773527053,0.64,0.6635633986313991
TxPert_official_cell_gat_k562_all_fixed2000_trrustTF,K562,EIF5,94,2000,86,0.9918174203569755,0.986829567432426,0.5449909690940686,0.5066182367092787,0.56,0.5913733613934703
TxPert_official_cell_gat_k562_all_fixed2000_trrustTF,K562,EIF5A,100,2000,86,0.984775102082963,0.9839615076182838,0.635919875320957,0.5222416151705269,0.56,0.6227175247549943
TxPert_official_cell_gat_k562_all_fixed2000_trrustTF,K562,EIF6,107,2000,86,0.9858825166540994,0.985735176187556,0.4914683084404093,0.44235105429501387,0.48,0.5279486038714942
TxPert_official_cell_gat_k562_all_fixed2000_trrustTF,K562,ELP3,117,2000,86,0.9937200649776479,0.9891126939949998,0.35573759642168673,0.34962969951412803,0.48,0.42140645516410574
TxPert_official_cell_gat_k562_all_fixed2000_trrustTF,K562,ELP5,167,2000,86,0.9966140101781639,0.9949431576961177,0.49037040162229745,0.48167366385206845,0.56,0.5504266713977642
TxPert_official_cell_gat_k562_all_fixed2000_trrustTF,K562,EP400,78,2000,86,0.9643410231758762,0.9669040992499646,0.06630959343015778,0.2326619180150007,0.44,0.42399119431357407
TxPert_official_cell_gat_k562_all_fixed2000_trrustTF,K562,EPRS,71,2000,86,0.9594295073779311,0.9509410821265154,0.6419720311121087,0.6729090994858248,0.48,0.5429916318723379
TxPert_official_cell_gat_k562_all_fixed2000_trrustTF,K562,ERCC2,116,2000,86,0.9919599890610306,0.9904712486438039,0.5066728998721429,0.35244115288457,0.6,0.6289632251489721
TxPert_official_cell_gat_k562_all_fixed2000_trrustTF,K562,ERCC3,160,2000,86,0.9895052498839177,0.988471154299731,0.3163055456448055,0.2496061134959196,0.44,0.5115473367016731
TxPert_official_cell_gat_k562_all_fixed2000_trrustTF,K562,ERH,42,2000,86,0.9786864852484402,0.9756969668380584,0.800086937185303,0.7644039813198735,0.6,0.6924603914894665
TxPert_official_cell_gat_k562_all_fixed2000_trrustTF,K562,ESF1,121,2000,86,0.9980660697166416,0.9965658757488561,0.46818172785628936,0.5183735081843482,0.48,0.5280358868870357
TxPert_official_cell_gat_k562_all_fixed2000_trrustTF,K562,ETF1,40,2000,86,0.961643534952321,0.9537902731260908,0.7846161341701808,0.7462899193358177,0.56,0.628868008972517
TxPert_official_cell_gat_k562_all_fixed2000_trrustTF,K562,EXOC7,32,2000,86,0.9955775581358591,0.99354686541818,0.8294719626148788,0.8185197414972404,0.6,0.7412991720405622
TxPert_official_cell_gat_k562_all_fixed2000_trrustTF,K562,EXOSC10,77,2000,86,0.9981440713517548,0.9976225293645926,0.26836904870339284,0.24896457380065096,0.32,0.36707158448632166
TxPert_official_cell_gat_k562_all_fixed2000_trrustTF,K562,EXOSC2,209,2000,86,0.9877631711226905,0.982168970234445,0.7825809549106018,0.7356290391056182,0.64,0.6909021218459924
TxPert_official_cell_gat_k562_all_fixed2000_trrustTF,K562,EXOSC3,44,2000,86,0.9779384460532246,0.9734327090900513,0.6075243436685466,0.5348648521156658,0.52,0.5448250623085793
TxPert_official_cell_gat_k562_all_fixed2000_trrustTF,K562,EXOSC4,89,2000,86,0.9862064634863628,0.9795839426388037,0.757288340791811,0.7104391716590405,0.6,0.6788436658945362
TxPert_official_cell_gat_k562_all_fixed2000_trrustTF,K562,EXOSC5,38,2000,86,0.9928520529075504,0.9913392141138733,0.8051605287599507,0.7504033209113637,0.68,0.7769336501009272
TxPert_official_cell_gat_k562_all_fixed2000_trrustTF,K562,EXOSC6,63,2000,86,0.9873962215209301,0.9841124581348176,0.630160645850168,0.5278645219114109,0.44,0.5514839977821628
TxPert_official_cell_gat_k562_all_fixed2000_trrustTF,K562,EXOSC7,84,2000,86,0.9860600961696054,0.9831501485919147,0.6678967651971703,0.5707910750507099,0.48,0.5193672636334207
TxPert_official_cell_gat_k562_all_fixed2000_trrustTF,K562,EXOSC8,101,2000,86,0.9875890110394459,0.9850370300485871,0.7974643311180922,0.7855370536346052,0.76,0.8282421057316824
TxPert_official_cell_gat_k562_all_fixed2000_trrustTF,K562,EXOSC9,30,2000,86,0.9908981514948434,0.9888107929619321,0.7716628883668193,0.6537761215151658,0.68,0.6682050577172364
TxPert_official_cell_gat_k562_all_fixed2000_trrustTF,K562,FAM136A,40,2000,86,0.9647456227965501,0.9727534317656492,0.7524729410503533,0.7419312231709043,0.56,0.5600519682065507
TxPert_official_cell_gat_k562_all_fixed2000_trrustTF,K562,FAM32A,332,2000,86,0.9909719559065179,0.9880937780083967,0.7704438739002268,0.7643096372470399,0.56,0.6042370307776445
TxPert_official_cell_gat_k562_all_fixed2000_trrustTF,K562,FAM50A,38,2000,86,0.9937228919249284,0.9921317043256757,0.6233315605193023,0.5951129770272182,0.56,0.5901202509942564
TxPert_official_cell_gat_k562_all_fixed2000_trrustTF,K562,FARSA,128,2000,86,0.9811874121875482,0.9781121751025992,0.8406095669164158,0.815670550497665,0.64,0.7894602031068385
TxPert_official_cell_gat_k562_all_fixed2000_trrustTF,K562,FARSB,91,2000,86,0.9912841970404854,0.9897164960611349,0.7462666741471918,0.7557243266191801,0.52,0.536204898569596
TxPert_official_cell_gat_k562_all_fixed2000_trrustTF,K562,FASTKD5,182,2000,86,0.9976958331699775,0.9963771876031888,-0.14145982745598618,-0.018595216755507335,0.32,0.32808434246820134
TxPert_official_cell_gat_k562_all_fixed2000_trrustTF,K562,FBL,124,2000,86,0.9768899146163661,0.977508373036464,0.6610890995613778,0.6519081088730599,0.52,0.5674998822155236
TxPert_official_cell_gat_k562_all_fixed2000_trrustTF,K562,FBXO5,233,2000,86,0.9984595503656657,0.9980942497287606,0.24574700097400073,0.14984669088164534,0.28,0.3643102517764604
TxPert_official_cell_gat_k562_all_fixed2000_trrustTF,K562,FCF1,225,2000,86,0.9920538716564475,0.9896221519883012,0.30998861840833897,0.37217793292136425,0.32,0.35285273881695073
TxPert_official_cell_gat_k562_all_fixed2000_trrustTF,K562,FNTA,69,2000,86,0.9965299971374413,0.9949054200669843,0.5273987968602866,0.4704467191848672,0.44,0.5414943195691623
TxPert_official_cell_gat_k562_all_fixed2000_trrustTF,K562,FTSJ3,153,2000,86,0.9743325055550633,0.9777159299966979,0.6721637332148401,0.6467569224963441,0.48,0.5853061658439209
TxPert_official_cell_gat_k562_all_fixed2000_trrustTF,K562,GAB2,637,2000,86,0.9940282334422276,0.9947356007358837,0.3725965068356292,0.3841784989858012,0.44,0.504945994715678
TxPert_official_cell_gat_k562_all_fixed2000_trrustTF,K562,GAR1,121,2000,86,0.9842924943499458,0.9839237699891504,-0.03385763205109972,-0.046521062314260106,0.36,0.3333927108004535
TxPert_official_cell_gat_k562_all_fixed2000_trrustTF,K562,GARS,148,2000,86,0.9931281085225648,0.988206990895797,0.15693338048339314,0.0872210953346856,0.36,0.4051449034186959
TxPert_official_cell_gat_k562_all_fixed2000_trrustTF,K562,GATA1,95,2000,86,0.9226198435182761,0.9351667531487335,0.5686168830345697,0.5350724090758998,0.4,0.4028002052647041
TxPert_official_cell_gat_k562_all_fixed2000_trrustTF,K562,GBF1,155,2000,86,0.9462854145252694,0.9332232652483607,0.8040713323790444,0.8071984527572054,0.76,0.7973369260121503
TxPert_official_cell_gat_k562_all_fixed2000_trrustTF,K562,GEMIN5,128,2000,86,0.995944029718398,0.9941317986697487,0.7864875134469067,0.7018161234020472,0.56,0.6589621538010025
TxPert_official_cell_gat_k562_all_fixed2000_trrustTF,K562,GFER,198,2000,86,0.9958854350888885,0.99458465021935,0.3819463549608183,0.3250058965045521,0.4,0.44529155375360324
TxPert_official_cell_gat_k562_all_fixed2000_trrustTF,K562,GFM1,230,2000,86,0.9980467948598654,0.9971696778149912,0.5893538638013568,0.6289636303599226,0.48,0.4987530907490583
TxPert_official_cell_gat_k562_all_fixed2000_trrustTF,K562,GINS1,181,2000,86,0.99508372894308,0.9936034718618802,0.7801138271729972,0.7035897919713193,0.6,0.6829969736243954
TxPert_official_cell_gat_k562_all_fixed2000_trrustTF,K562,GINS2,130,2000,86,0.9973480567424248,0.9940751922260483,0.7364392305767407,0.6988725883296382,0.56,0.6301359847047737
TxPert_official_cell_gat_k562_all_fixed2000_trrustTF,K562,GINS3,98,2000,86,0.9957616341935024,0.9939997169677814,0.5471883824757052,0.5103353931789235,0.56,0.5960375500196025
TxPert_official_cell_gat_k562_all_fixed2000_trrustTF,K562,GINS4,58,2000,86,0.9965319140120393,0.9933581772725127,0.7353501595924389,0.6207745648379641,0.56,0.6455315771246666
TxPert_official_cell_gat_k562_all_fixed2000_trrustTF,K562,GLE1,54,2000,86,0.9924539042355256,0.9914712958158403,0.7371029716765731,0.6855889428746638,0.56,0.6676223936396792
TxPert_official_cell_gat_k562_all_fixed2000_trrustTF,K562,GMPS,94,2000,86,0.9950473411401711,0.9942638803717156,0.3841604521137155,0.3804424737015897,0.44,0.41537209502558353
TxPert_official_cell_gat_k562_all_fixed2000_trrustTF,K562,GNL2,295,2000,86,0.9939055705164083,0.9921694419548093,0.77311707473984,0.7531392990235387,0.64,0.710811797706453
TxPert_official_cell_gat_k562_all_fixed2000_trrustTF,K562,GNL3,29,2000,86,0.9853866281505554,0.9841879333930845,0.5923693027006585,0.5715269588188121,0.44,0.468427077339779
TxPert_official_cell_gat_k562_all_fixed2000_trrustTF,K562,GNL3L,66,2000,86,0.9942149291034724,0.9925656870607104,0.6717764082512515,0.676531911882636,0.48,0.48821286352898824
TxPert_official_cell_gat_k562_all_fixed2000_trrustTF,K562,GOLT1B,269,2000,86,0.9974972001068771,0.9967168262653899,0.2251736784690344,0.26928628708901364,0.4,0.41124522084399273
TxPert_official_cell_gat_k562_all_fixed2000_trrustTF,K562,GPKOW,105,2000,86,0.9979123325891887,0.996018680126421,0.802554652061864,0.7049294778055568,0.64,0.7299685640675757
TxPert_official_cell_gat_k562_all_fixed2000_trrustTF,K562,GPN1,76,2000,86,0.9915424713059705,0.9875654512005283,0.7864494697052518,0.7821784046417283,0.6,0.5769883303820398
TxPert_official_cell_gat_k562_all_fixed2000_trrustTF,K562,GPN2,42,2000,86,0.9894245641398294,0.9875465823859616,0.5534844666474972,0.5188452285485164,0.44,0.4235357810758384
TxPert_official_cell_gat_k562_all_fixed2000_trrustTF,K562,GPN3,250,2000,86,0.9934310553014346,0.9901127411670362,0.8599859423062177,0.8520118873531771,0.64,0.8174988614505263
TxPert_official_cell_gat_k562_all_fixed2000_trrustTF,K562,GPS1,372,2000,86,0.9939698821342242,0.9942827491862823,0.41742815962367796,0.4489362705788009,0.44,0.4955870099262193
TxPert_official_cell_gat_k562_all_fixed2000_trrustTF,K562,GRB2,53,2000,86,0.9959572487202447,0.9947544695504504,0.10233180581482759,0.04844568140006604,0.28,0.32340308426809916
TxPert_official_cell_gat_k562_all_fixed2000_trrustTF,K562,GRPEL1,96,2000,86,0.992464704985169,0.9909429690079722,0.682549212968713,0.6213594980895326,0.52,0.6306168572909467
TxPert_official_cell_gat_k562_all_fixed2000_trrustTF,K562,GRSF1,146,2000,86,0.9968537403736379,0.9963017123449218,0.5259041413497904,0.5155620548139063,0.36,0.3789809787472265
TxPert_official_cell_gat_k562_all_fixed2000_trrustTF,K562,GSPT1,84,2000,86,0.9819434214421927,0.9802820887777726,0.8079170660054654,0.75998867871126,0.56,0.6567441367512362
TxPert_official_cell_gat_k562_all_fixed2000_trrustTF,K562,GTF2A1,105,2000,86,0.9936217945954333,0.9939242417095147,0.28757137473886357,0.284966271993962,0.56,0.6149326770253672
TxPert_official_cell_gat_k562_all_fixed2000_trrustTF,K562,GTF2A2,144,2000,86,0.9960870837485505,0.9959998113118542,0.5324108031223952,0.5424878532006226,0.36,0.4881584723735593
TxPert_official_cell_gat_k562_all_fixed2000_trrustTF,K562,GTF2B,34,2000,86,0.9926847567030904,0.9901693476107363,0.6818162910698023,0.6541723666210669,0.48,0.5647210016741804
TxPert_official_cell_gat_k562_all_fixed2000_trrustTF,K562,GTF2E1,176,2000,86,0.997440791819783,0.9968300391527902,0.755554716833886,0.673644983253927,0.6,0.6980105554824501
TxPert_official_cell_gat_k562_all_fixed2000_trrustTF,K562,GTF2E2,69,2000,86,0.9929050148599154,0.9899240530213689,0.6984349798675772,0.6475305438935799,0.6,0.6048677543950458
TxPert_official_cell_gat_k562_all_fixed2000_trrustTF,K562,GTF2F2,52,2000,86,0.9937628808843706,0.991980753809142,0.7290039822352363,0.6766828623991697,0.48,0.5774387014427359
TxPert_official_cell_gat_k562_all_fixed2000_trrustTF,K562,GTF2H1,409,2000,86,0.9954828518119966,0.9933770460870797,0.8478783790036324,0.817991414689372,0.72,0.7999906753037214
TxPert_official_cell_gat_k562_all_fixed2000_trrustTF,K562,GTF2H4,108,2000,86,0.9950609933415293,0.9930562762394453,0.4630135031127075,0.34304448323034104,0.44,0.508639902395754
TxPert_official_cell_gat_k562_all_fixed2000_trrustTF,K562,GTF3C3,129,2000,86,0.9947919313260924,0.992999669795745,0.33810607852328023,0.21545355913014763,0.56,0.5904128187724983
TxPert_official_cell_gat_k562_all_fixed2000_trrustTF,K562,GTPBP4,48,2000,86,0.9928211138846673,0.9911127883390726,0.5032818020595928,0.4782961460446247,0.52,0.4671807310304979
TxPert_official_cell_gat_k562_all_fixed2000_trrustTF,K562,GUCD1,247,2000,86,0.9959098664879154,0.9956035662059531,0.645772009797887,0.627567338081985,0.52,0.4933426899352469
TxPert_official_cell_gat_k562_all_fixed2000_trrustTF,K562,HARS,263,2000,86,0.9662969225720709,0.9617717816878153,0.7715467170750859,0.718703712439266,0.64,0.7588196925898996
TxPert_official_cell_gat_k562_all_fixed2000_trrustTF,K562,HARS2,62,2000,86,0.9869786134112253,0.9847728666446529,0.6571353882667115,0.5899995282796358,0.48,0.4806694494262052
TxPert_official_cell_gat_k562_all_fixed2000_trrustTF,K562,HAUS4,183,2000,86,0.9848618793161087,0.9826595594131797,0.5961081702479961,0.4900891551488277,0.44,0.47732917986850926
TxPert_official_cell_gat_k562_all_fixed2000_trrustTF,K562,HAUS5,153,2000,86,0.9890121879755946,0.9876786640879286,0.4830519740324175,0.3262512382659559,0.44,0.47815518187805667
TxPert_official_cell_gat_k562_all_fixed2000_trrustTF,K562,HBS1L,120,2000,86,0.9804052266708063,0.982168970234445,0.7465959733778108,0.6952309071182603,0.64,0.7260281628862264
TxPert_official_cell_gat_k562_all_fixed2000_trrustTF,K562,HDAC7,148,2000,86,0.9804016659508151,0.9820746261616115,0.39207106213020426,0.2639464125666305,0.44,0.5212674253721263
TxPert_official_cell_gat_k562_all_fixed2000_trrustTF,K562,HEATR1,216,2000,86,0.9898807318066423,0.9871692060946271,0.5478149280478989,0.5769800462285957,0.52,0.4203507560837263
TxPert_official_cell_gat_k562_all_fixed2000_trrustTF,K562,HGS,96,2000,86,0.9905470838370803,0.9883013349686307,0.7721751637894122,0.7023633190244822,0.64,0.6283999878141819
TxPert_official_cell_gat_k562_all_fixed2000_trrustTF,K562,HINFP,157,2000,86,0.9959087263047168,0.9950186329543845,0.5606804794162992,0.5209207981508562,0.56,0.5588878310068449
TxPert_official_cell_gat_k562_all_fixed2000_trrustTF,K562,HIRA,228,2000,86,0.9986477353735547,0.997528185291759,0.5713512538857736,0.4864286051228832,0.4,0.5341693140509108
TxPert_official_cell_gat_k562_all_fixed2000_trrustTF,K562,HMGCS1,216,2000,86,0.994283122635683,0.9931317514977122,0.24130272272731496,0.2881739704703052,0.44,0.43199895325234167
TxPert_official_cell_gat_k562_all_fixed2000_trrustTF,K562,HNRNPC,273,2000,86,0.9892618625327481,0.9859049955186566,0.5907515815544444,0.6208689089107977,0.48,0.5481944196233178
TxPert_official_cell_gat_k562_all_fixed2000_trrustTF,K562,HNRNPH1,92,2000,86,0.9960469417302174,0.9942261427425821,0.7097869612167845,0.5196188499457521,0.48,0.5860541562340672
TxPert_official_cell_gat_k562_all_fixed2000_trrustTF,K562,HNRNPL,55,2000,86,0.995307265140409,0.9936034718618802,0.7422026562355433,0.7074578989574979,0.56,0.6072437864706601
TxPert_official_cell_gat_k562_all_fixed2000_trrustTF,K562,HNRNPM,128,2000,86,0.9975279235866171,0.9950186329543845,0.6853738504763047,0.5446955045049295,0.56,0.6372995950397635
TxPert_official_cell_gat_k562_all_fixed2000_trrustTF,K562,HNRNPU,73,2000,86,0.9964633841050873,0.9948110759941506,0.44205475587374854,0.3691966602198216,0.44,0.4704595296726239
TxPert_official_cell_gat_k562_all_fixed2000_trrustTF,K562,HSCB,85,2000,86,0.9944552670944935,0.9920939666965422,0.3761364852565376,0.26573894995046937,0.52,0.5623794748686387
TxPert_official_cell_gat_k562_all_fixed2000_trrustTF,K562,HSD17B12,135,2000,86,0.9966854657092691,0.9928298504646446,0.6759926553084183,0.7051559035803575,0.56,0.6116795661715204
TxPert_official_cell_gat_k562_all_fixed2000_trrustTF,K562,HSF1,87,2000,86,0.9967990028728372,0.9957167790933535,0.4726817128332913,0.43650172177932917,0.52,0.5135069607345
TxPert_official_cell_gat_k562_all_fixed2000_trrustTF,K562,HSPA5,202,2000,86,0.9333967087026878,0.929223076560215,0.7642382320936951,0.7931411859049955,0.6,0.7189648395503638
TxPert_official_cell_gat_k562_all_fixed2000_trrustTF,K562,HSPA8,146,2000,86,0.9856820194613921,0.9892259068824001,0.5569146554350615,0.5548091891126941,0.64,0.704862507054411
TxPert_official_cell_gat_k562_all_fixed2000_trrustTF,K562,HSPA9,374,2000,86,0.9520313941903268,0.9445068163592621,0.7712289500313053,0.7305155903580357,0.68,0.6759354185859836
TxPert_official_cell_gat_k562_all_fixed2000_trrustTF,K562,HSPE1,25,2000,86,0.986761052977214,0.9867163545450257,0.643614928555728,0.5988490023114298,0.44,0.5680981956481884
TxPert_official_cell_gat_k562_all_fixed2000_trrustTF,K562,HUWE1,77,2000,86,0.9951166361118285,0.9938487664512476,0.4068284694022668,0.26619180150007077,0.44,0.5007651919107557
TxPert_official_cell_gat_k562_all_fixed2000_trrustTF,K562,HYPK,121,2000,86,0.9992261386497004,0.9976413981791593,0.6741790619141387,0.6167743761498183,0.52,0.6101022280675064
TxPert_official_cell_gat_k562_all_fixed2000_trrustTF,K562,IARS,45,2000,86,0.981007065028763,0.9789990093872352,0.703790633187729,0.6537572527005991,0.52,0.5477485004990581
TxPert_official_cell_gat_k562_all_fixed2000_trrustTF,K562,IARS2,185,2000,86,0.9934502005354299,0.9899995282796358,0.5382813698430782,0.5306571064672863,0.36,0.438709397692257
TxPert_official_cell_gat_k562_all_fixed2000_trrustTF,K562,ICE1,319,2000,86,0.9790222434121382,0.9744704938912213,0.8493865355601605,0.8241237794235577,0.64,0.7427163629518485
TxPert_official_cell_gat_k562_all_fixed2000_trrustTF,K562,IGBP1,245,2000,86,0.9755965759893445,0.9732251521298173,0.5103277545542988,0.40914194065757814,0.52,0.5464423181081369
TxPert_official_cell_gat_k562_all_fixed2000_trrustTF,K562,IK,123,2000,86,0.9797834528800821,0.9752441152884569,0.564308398036171,0.5145997452710034,0.36,0.44123614755864826
TxPert_official_cell_gat_k562_all_fixed2000_trrustTF,K562,ILF2,53,2000,86,0.9929359291343972,0.9908486249351385,0.1314495897778551,0.04259634888438134,0.52,0.5592918134344556
TxPert_official_cell_gat_k562_all_fixed2000_trrustTF,K562,ILF3,125,2000,86,0.9963612143632109,0.9953582716165857,0.28469707309159553,0.3423274682768055,0.32,0.29879640972967086
TxPert_official_cell_gat_k562_all_fixed2000_trrustTF,K562,IMP4,148,2000,86,0.9913988562698459,0.9896410208028681,0.3025135562287529,0.31542053870465586,0.4,0.43927834468027915
TxPert_official_cell_gat_k562_all_fixed2000_trrustTF,K562,IMPDH2,70,2000,86,0.9964588735067719,0.99458465021935,0.43095911412260834,0.4200858531062786,0.4,0.43355345509594073
TxPert_official_cell_gat_k562_all_fixed2000_trrustTF,K562,INO80,143,2000,86,0.9879221388472028,0.9850181612340204,0.28559325837759053,0.2189065521958583,0.4,0.4346737521151315
TxPert_official_cell_gat_k562_all_fixed2000_trrustTF,K562,INO80B,115,2000,86,0.9976662133643073,0.9961884994575215,0.2835642133223535,0.28498514080852866,0.36,0.33999073894779586
TxPert_official_cell_gat_k562_all_fixed2000_trrustTF,K562,INTS1,183,2000,86,0.9940582472800454,0.9915467710741073,-0.01224269741060391,-0.0617104580404736,0.4,0.4359187153108457
TxPert_official_cell_gat_k562_all_fixed2000_trrustTF,K562,INTS2,351,2000,86,0.9778455693255751,0.9821123637907448,0.803897114433253,0.7639133921411386,0.72,0.6849102066242492
TxPert_official_cell_gat_k562_all_fixed2000_trrustTF,K562,INTS3,103,2000,86,0.9901636774433864,0.9895844143591679,0.6841906430824399,0.6406622953912919,0.4,0.4438091205812348
TxPert_official_cell_gat_k562_all_fixed2000_trrustTF,K562,INTS4,47,2000,86,0.9852912809856998,0.9814708240954761,0.7761055682769646,0.7507052219444312,0.6,0.6831790682481151
TxPert_official_cell_gat_k562_all_fixed2000_trrustTF,K562,INTS5,62,2000,86,0.9878379664359328,0.985659700929289,0.6422264597906592,0.5468842869946696,0.48,0.5690542633024506
TxPert_official_cell_gat_k562_all_fixed2000_trrustTF,K562,INTS6,112,2000,86,0.995851942807976,0.9934902589744797,-0.07443886286709392,-0.05244587008821171,0.32,0.3814428819617454
TxPert_official_cell_gat_k562_all_fixed2000_trrustTF,K562,INTS7,78,2000,86,0.9907880894672947,0.988886268220199,0.6816895444273897,0.6013774234633709,0.52,0.5705808530167623
TxPert_official_cell_gat_k562_all_fixed2000_trrustTF,K562,INTS8,307,2000,86,0.9909660248593402,0.9904523798292372,0.8730232584240276,0.8364451153356289,0.76,0.7412112674115721
TxPert_official_cell_gat_k562_all_fixed2000_trrustTF,K562,INTS9,222,2000,86,0.9898299080739271,0.9881692532666635,0.8029183754353448,0.770064625689891,0.52,0.608001168491807
TxPert_official_cell_gat_k562_all_fixed2000_trrustTF,K562,IPO13,51,2000,86,0.9876435111874149,0.98599933959149,0.26388704773914423,0.1715835652625124,0.28,0.3409869055652563
TxPert_official_cell_gat_k562_all_fixed2000_trrustTF,K562,IPO9,173,2000,86,0.9974352381334202,0.9967545638945233,-0.25736494451029135,-0.0867682437850842,0.28,0.33933355439684815
TxPert_official_cell_gat_k562_all_fixed2000_trrustTF,K562,ISCU,32,2000,86,0.9888693553670184,0.9848106042737865,0.5861397263557915,0.5055238454644086,0.36,0.40897925107021715
TxPert_official_cell_gat_k562_all_fixed2000_trrustTF,K562,ISG20L2,72,2000,86,0.9877633365968885,0.9886409736308315,0.6704286964556664,0.6570970328789094,0.6,0.6787664480331551
TxPert_official_cell_gat_k562_all_fixed2000_trrustTF,K562,JAZF1,209,2000,86,0.9959175510634697,0.9946601254776167,0.5028982415918942,0.48295674324260573,0.44,0.5042243524394964
TxPert_official_cell_gat_k562_all_fixed2000_trrustTF,K562,KANSL1,41,2000,86,0.9902128271376062,0.9884145478560308,0.6531003115721998,0.5049200433982735,0.56,0.7012228258951521
TxPert_official_cell_gat_k562_all_fixed2000_trrustTF,K562,KANSL2,151,2000,86,0.9929416755723085,0.9917920656634747,0.5636702509606601,0.5032595877164017,0.4,0.43722442402265554
TxPert_official_cell_gat_k562_all_fixed2000_trrustTF,K562,KANSL3,182,2000,86,0.9968434143040396,0.9959809424972875,0.5033898084765643,0.4077645171942073,0.36,0.4235139250971554
TxPert_official_cell_gat_k562_all_fixed2000_trrustTF,K562,KARS,45,2000,86,0.9901992131001104,0.9842068022076512,0.6337007889724605,0.5857917826312562,0.52,0.5422492413170398
TxPert_official_cell_gat_k562_all_fixed2000_trrustTF,K562,KAT8,254,2000,86,0.9940789733894972,0.9937355535638474,0.339079934700916,0.25249304212462853,0.48,0.4451684714987399
TxPert_official_cell_gat_k562_all_fixed2000_trrustTF,K562,KCTD10,75,2000,86,0.997377527939322,0.9950186329543845,0.7712506339143692,0.6912873248738148,0.52,0.6851358906986038
TxPert_official_cell_gat_k562_all_fixed2000_trrustTF,K562,KIF20A,95,2000,86,0.9926393709313793,0.990603330345771,0.1282772555283221,0.14558233878956553,0.24,0.3937074979966714
TxPert_official_cell_gat_k562_all_fixed2000_trrustTF,K562,KIN,144,2000,86,0.9981233315831176,0.9962451059012217,0.619435155105138,0.5504504929477805,0.6,0.6174099301163185
TxPert_official_cell_gat_k562_all_fixed2000_trrustTF,K562,KPNB1,214,2000,86,0.9696169334592274,0.9672060002830322,0.761404194134042,0.6847209774045946,0.56,0.620357702635833
TxPert_official_cell_gat_k562_all_fixed2000_trrustTF,K562,KRI1,51,2000,86,0.9884018661100221,0.9879805651209963,-0.0675008464730037,0.06942780319826407,0.44,0.4148325070595473
TxPert_official_cell_gat_k562_all_fixed2000_trrustTF,K562,KRR1,398,2000,86,0.9938735919614139,0.9922071795839426,0.38134802213732627,0.4626916363979433,0.44,0.4885997014902685
TxPert_official_cell_gat_k562_all_fixed2000_trrustTF,K562,LAMTOR2,64,2000,86,0.9915959496826707,0.9899240530213689,0.16162981228801834,0.2235294117647059,0.28,0.361757888588622
TxPert_official_cell_gat_k562_all_fixed2000_trrustTF,K562,LAMTOR4,123,2000,86,0.9938951961615515,0.9939997169677814,-0.10046955761031091,-0.0076324354922402,0.36,0.33250945343928034
TxPert_official_cell_gat_k562_all_fixed2000_trrustTF,K562,LARS,74,2000,86,0.9618174007365219,0.9571489221189677,0.6824305383096184,0.6412660974574272,0.52,0.6803309708937186
TxPert_official_cell_gat_k562_all_fixed2000_trrustTF,K562,LAS1L,75,2000,86,0.9932653504181573,0.9916977215906411,0.4693124306538656,0.4153875182791641,0.44,0.43075220144438786
TxPert_official_cell_gat_k562_all_fixed2000_trrustTF,K562,LETM1,110,2000,86,0.9966795290617373,0.9956979102787866,0.4660061596893597,0.440766073871409,0.4,0.4842540845383886
TxPert_official_cell_gat_k562_all_fixed2000_trrustTF,K562,LIN54,281,2000,86,0.9989242292189842,0.9980565120996272,-0.4952580301652486,-0.4360866078588612,0.44,0.5527338922301145
TxPert_official_cell_gat_k562_all_fixed2000_trrustTF,K562,LONP1,109,2000,86,0.9974940677018991,0.9958865984244538,0.7014926697130537,0.6962120854757299,0.44,0.4670094787306034
TxPert_official_cell_gat_k562_all_fixed2000_trrustTF,K562,LRPPRC,92,2000,86,0.9985675875261897,0.9972640218878248,0.4249989305293489,0.4678239539600924,0.32,0.2914809045928477
TxPert_official_cell_gat_k562_all_fixed2000_trrustTF,K562,LSG1,106,2000,86,0.9877392584161583,0.9867352233595924,0.6358216504205555,0.5633190244822869,0.52,0.5266340800847691
TxPert_official_cell_gat_k562_all_fixed2000_trrustTF,K562,LSM10,122,2000,86,0.9945509813224942,0.9932449643851123,0.21242272527227024,0.25002122741638755,0.52,0.5048202176137404
TxPert_official_cell_gat_k562_all_fixed2000_trrustTF,K562,LSM11,130,2000,86,0.9975488415518262,0.9967923015236568,0.6496646168675895,0.6513986508797583,0.6,0.5558373056021847
TxPert_official_cell_gat_k562_all_fixed2000_trrustTF,K562,LSM2,269,2000,86,0.9616028695272516,0.9621491579791499,0.7212011081659593,0.711231661870843,0.48,0.5872654971650497
TxPert_official_cell_gat_k562_all_fixed2000_trrustTF,K562,LSM3,64,2000,86,0.9840359582764943,0.9854144063399216,0.6563524133965989,0.5559224491721307,0.56,0.5589653572639608
TxPert_official_cell_gat_k562_all_fixed2000_trrustTF,K562,LSM4,68,2000,86,0.9772223883678501,0.9740931175998867,0.8032361621173459,0.7065144582291617,0.72,0.7820137833812473
TxPert_official_cell_gat_k562_all_fixed2000_trrustTF,K562,LSM5,139,2000,86,0.9865891925704336,0.985320062267088,0.6835225550890016,0.6214349733477994,0.52,0.527952781125055
TxPert_official_cell_gat_k562_all_fixed2000_trrustTF,K562,LSM6,423,2000,86,0.9787890277373514,0.9806217274399736,0.8072599774901887,0.7474409170243879,0.64,0.6578801949871873
TxPert_official_cell_gat_k562_all_fixed2000_trrustTF,K562,LSM7,126,2000,86,0.987630188686112,0.9855842256710222,0.7857646195166899,0.7068918345204963,0.6,0.6860433623839307
TxPert_official_cell_gat_k562_all_fixed2000_trrustTF,K562,LTV1,259,2000,86,0.9930663153092948,0.9911882635973395,0.4820916506541076,0.5339402802018963,0.48,0.5373729864461742
TxPert_official_cell_gat_k562_all_fixed2000_trrustTF,K562,LUC7L3,34,2000,86,0.9892753201294989,0.9880371715646964,0.2582238929637983,0.1978112175102599,0.44,0.5327345573055363
TxPert_official_cell_gat_k562_all_fixed2000_trrustTF,K562,MAD2L1,103,2000,86,0.9886194101704282,0.987320156611161,0.4995200558735796,0.5747157884805886,0.52,0.5692589446481043
TxPert_official_cell_gat_k562_all_fixed2000_trrustTF,K562,MAGOH,149,2000,86,0.9943706311098,0.9947356007358837,0.5712832527134152,0.5178074437473466,0.4,0.43215764817114305
TxPert_official_cell_gat_k562_all_fixed2000_trrustTF,K562,MAK16,183,2000,86,0.9905742966912023,0.9896032831737345,0.7529292197881506,0.7405537997075334,0.6,0.6947731452376861
TxPert_official_cell_gat_k562_all_fixed2000_trrustTF,K562,MARS,81,2000,86,0.9868322795319996,0.982225576678145,0.8440064239299084,0.7639511297702721,0.76,0.8116656907325839
TxPert_official_cell_gat_k562_all_fixed2000_trrustTF,K562,MARS2,74,2000,86,0.9985825055582015,0.997735742251993,0.25561187601488033,0.32255295061087785,0.36,0.3478343137437677
TxPert_official_cell_gat_k562_all_fixed2000_trrustTF,K562,MAT2A,30,2000,86,0.9887753545489985,0.9852068493796876,0.7351129068353539,0.6560592480777395,0.72,0.7523864695058503
TxPert_official_cell_gat_k562_all_fixed2000_trrustTF,K562,MAU2,61,2000,86,0.9884394629165894,0.987320156611161,0.6469645626130274,0.5912637388556063,0.48,0.4888037786816782
TxPert_official_cell_gat_k562_all_fixed2000_trrustTF,K562,MAX,161,2000,86,0.9572380774691944,0.957752724185103,-0.14506159668953805,0.14833718571630736,0.48,0.5462688945779991
TxPert_official_cell_gat_k562_all_fixed2000_trrustTF,K562,MCM10,190,2000,86,0.9950687480977926,0.9942638803717156,0.548473010125989,0.43693570451436387,0.56,0.5601843888100031
TxPert_official_cell_gat_k562_all_fixed2000_trrustTF,K562,MCM2,114,2000,86,0.9952320040772933,0.9942638803717156,0.4383925065018206,0.37868767394688424,0.44,0.4252986567638659
TxPert_official_cell_gat_k562_all_fixed2000_trrustTF,K562,MCM3,104,2000,86,0.9959367991212416,0.9944903061465162,0.5773956160516318,0.3791593943110524,0.52,0.5914032339258778
TxPert_official_cell_gat_k562_all_fixed2000_trrustTF,K562,MCM3AP,100,2000,86,0.9933643348086891,0.9905655927166376,0.5558426460813002,0.4846360677390443,0.6,0.6185566870756048
TxPert_official_cell_gat_k562_all_fixed2000_trrustTF,K562,MCM4,69,2000,86,0.9925969660785805,0.9928109816500778,0.3862487094552429,0.40091513750648616,0.56,0.623535724531292
TxPert_official_cell_gat_k562_all_fixed2000_trrustTF,K562,MCM6,84,2000,86,0.9961948439927074,0.995056370583518,0.5182731626971897,0.4120100004717204,0.4,0.4494881353106854
TxPert_official_cell_gat_k562_all_fixed2000_trrustTF,K562,MCMBP,141,2000,86,0.9937019004869091,0.9937921600075474,0.1999421432717204,0.1735081843483183,0.48,0.5247443478248661
TxPert_official_cell_gat_k562_all_fixed2000_trrustTF,K562,MDN1,68,2000,86,0.9858480286044314,0.9841501957639511,0.4401331596613653,0.4111609038162177,0.32,0.46649673825186017
TxPert_official_cell_gat_k562_all_fixed2000_trrustTF,K562,MED1,233,2000,86,0.9751204616388305,0.9792631727911693,0.8501059201074572,0.8288032454361055,0.64,0.659773980908287
TxPert_official_cell_gat_k562_all_fixed2000_trrustTF,K562,MED10,454,2000,86,0.9831739861339527,0.9830369357045142,0.7564921943788608,0.6893249681588755,0.6,0.6175550365355214
TxPert_official_cell_gat_k562_all_fixed2000_trrustTF,K562,MED11,227,2000,86,0.9824598033444334,0.9822633143072784,0.687004862081725,0.6168121137789518,0.64,0.6379828458266819
TxPert_official_cell_gat_k562_all_fixed2000_trrustTF,K562,MED12,567,2000,86,0.9719961874855952,0.9774517665927638,0.8145026744540249,0.7660078305580452,0.68,0.761416979033176
TxPert_official_cell_gat_k562_all_fixed2000_trrustTF,K562,MED14,114,2000,86,0.9895309708811162,0.9876031888296617,0.8183996374920481,0.76868720222652,0.64,0.6631005959642249
TxPert_official_cell_gat_k562_all_fixed2000_trrustTF,K562,MED17,143,2000,86,0.98018255202241,0.9783952073211,0.8496832337693362,0.842068022076513,0.72,0.7426900663754353
TxPert_official_cell_gat_k562_all_fixed2000_trrustTF,K562,MED19,526,2000,86,0.9866487710531963,0.9879616963064295,0.8403223375535118,0.7949148544742677,0.6,0.6197347833522269
TxPert_official_cell_gat_k562_all_fixed2000_trrustTF,K562,MED20,78,2000,86,0.9868667590793854,0.9853955375253549,0.7083728667148812,0.6420208500400963,0.52,0.5434359634844619
TxPert_official_cell_gat_k562_all_fixed2000_trrustTF,K562,MED21,61,2000,86,0.9770325331463675,0.9727534317656492,0.8353534204309144,0.8118401811406198,0.68,0.6924519738173439
TxPert_official_cell_gat_k562_all_fixed2000_trrustTF,K562,MED22,279,2000,86,0.9852936312646156,0.9841313269493844,0.8160002212865004,0.7887070144818151,0.6,0.6783051543500295
TxPert_official_cell_gat_k562_all_fixed2000_trrustTF,K562,MED26,99,2000,86,0.997323575121295,0.9971130713712912,0.3714767958509113,0.33259115996037547,0.52,0.5170404254304093
TxPert_official_cell_gat_k562_all_fixed2000_trrustTF,K562,MED28,66,2000,86,0.9826370550912602,0.983131279777348,0.6829456634080416,0.6353035520543422,0.56,0.5710662894050524
TxPert_official_cell_gat_k562_all_fixed2000_trrustTF,K562,MED29,86,2000,86,0.9855294171923755,0.9856785697438556,0.7229774180554014,0.6498514080852871,0.56,0.5760838904879412
TxPert_official_cell_gat_k562_all_fixed2000_trrustTF,K562,MED30,283,2000,86,0.9746208822181798,0.9731308080569838,0.8459992311412394,0.8279730175951695,0.72,0.7227190246604828
TxPert_official_cell_gat_k562_all_fixed2000_trrustTF,K562,MED31,35,2000,86,0.9922635695145597,0.9893013821406671,0.5789228591890406,0.48369262701070803,0.36,0.4543426211393459
TxPert_official_cell_gat_k562_all_fixed2000_trrustTF,K562,MED4,56,2000,86,0.9739075652263322,0.9760177366856927,0.8256245243392258,0.7784801169866502,0.64,0.6504259812499058
TxPert_official_cell_gat_k562_all_fixed2000_trrustTF,K562,MED6,231,2000,86,0.9805275902849093,0.980942497287608,0.747100679876445,0.7193263833199679,0.6,0.566241282832924
TxPert_official_cell_gat_k562_all_fixed2000_trrustTF,K562,MED7,265,2000,86,0.9759804856826354,0.9771121279305628,0.8464206719284074,0.8323694513892165,0.68,0.6975174039304807
TxPert_official_cell_gat_k562_all_fixed2000_trrustTF,K562,MED8,94,2000,86,0.9903281461173734,0.9897542336902685,0.7815092534698067,0.7150431624133213,0.6,0.6385892420589537
TxPert_official_cell_gat_k562_all_fixed2000_trrustTF,K562,MED9,119,2000,86,0.9727523865188287,0.9761875560167931,0.8559997373067615,0.8162554837492334,0.68,0.704512006474873
TxPert_official_cell_gat_k562_all_fixed2000_trrustTF,K562,METAP2,131,2000,86,0.9971102744073833,0.9947544695504504,0.2879131006430969,0.2603990754280862,0.4,0.39177631149722414
TxPert_official_cell_gat_k562_all_fixed2000_trrustTF,K562,METTL14,115,2000,86,0.9967757193624253,0.9960564177555544,0.5653006737077713,0.47086183310533514,0.48,0.46789256996308765
TxPert_official_cell_gat_k562_all_fixed2000_trrustTF,K562,METTL16,42,2000,86,0.9962605142295828,0.995263927543752,0.10188913666013641,0.13486485211566585,0.28,0.3015375458054346
TxPert_official_cell_gat_k562_all_fixed2000_trrustTF,K562,METTL3,127,2000,86,0.9925891728829911,0.9933015708288128,0.4678321099090144,0.3505542714278976,0.56,0.631420677462596
TxPert_official_cell_gat_k562_all_fixed2000_trrustTF,K562,MEX3A,165,2000,86,0.9953645850525091,0.9948676824378507,0.08391905039221494,-0.04448323034105382,0.36,0.401659960282231
TxPert_official_cell_gat_k562_all_fixed2000_trrustTF,K562,MFAP1,164,2000,86,0.946368487641264,0.9435256380017923,0.6680739985464963,0.6316052643992641,0.52,0.6136826595429844
TxPert_official_cell_gat_k562_all_fixed2000_trrustTF,K562,MICOS10,83,2000,86,0.9978273616799876,0.9955469597622529,0.5999631199524978,0.656983819991509,0.4,0.47787993733635037
TxPert_official_cell_gat_k562_all_fixed2000_trrustTF,K562,MIOS,160,2000,86,0.9982620385881769,0.9973772347752252,0.6041325267081371,0.578527289023067,0.48,0.4666514776420381
TxPert_official_cell_gat_k562_all_fixed2000_trrustTF,K562,MMS22L,54,2000,86,0.9889943850617087,0.9881503844520968,0.25937256838749057,0.08474928062644466,0.24,0.30621671289801683
TxPert_official_cell_gat_k562_all_fixed2000_trrustTF,K562,MNAT1,79,2000,86,0.9947856221877723,0.991980753809142,0.6268886294720885,0.5473182697297042,0.4,0.4650183511672982
TxPert_official_cell_gat_k562_all_fixed2000_trrustTF,K562,MOB4,105,2000,86,0.9902315627763528,0.9886221048162648,0.026226643920477844,0.11450540119816971,0.32,0.35622489704682725
TxPert_official_cell_gat_k562_all_fixed2000_trrustTF,K562,MPHOSPH10,38,2000,86,0.9869345401778677,0.985320062267088,0.29664092475215736,0.34532760979291477,0.28,0.33631947146900315
TxPert_official_cell_gat_k562_all_fixed2000_trrustTF,K562,MRGBP,68,2000,86,0.9938837975068281,0.9933204396433795,-0.1101700196354921,-0.034369545733289306,0.4,0.44763259361554486
TxPert_official_cell_gat_k562_all_fixed2000_trrustTF,K562,MRPL10,96,2000,86,0.9970081576395983,0.9941317986697487,0.623083513925269,0.6484928534364828,0.44,0.4492723528404044
TxPert_official_cell_gat_k562_all_fixed2000_trrustTF,K562,MRPL13,72,2000,86,0.9958805066995594,0.995131845841785,0.4598310664588314,0.3625737063069013,0.36,0.46962154683145957
TxPert_official_cell_gat_k562_all_fixed2000_trrustTF,K562,MRPL14,188,2000,86,0.9986053039155871,0.9983961507618283,0.5931787035366056,0.627774895042219,0.56,0.4789169898213457
TxPert_official_cell_gat_k562_all_fixed2000_trrustTF,K562,MRPL16,73,2000,86,0.9966782881707321,0.9953205339874522,0.44388229375871957,0.46438982970894854,0.24,0.3262729758538267
TxPert_official_cell_gat_k562_all_fixed2000_trrustTF,K562,MRPL17,96,2000,86,0.9973065066811383,0.9957356479079202,0.7084491330469714,0.6977781970847681,0.52,0.5710569807129473
TxPert_official_cell_gat_k562_all_fixed2000_trrustTF,K562,MRPL18,128,2000,86,0.9977805043228432,0.9959432048681541,0.764245219394226,0.7595169583470918,0.6,0.6081692505071988
TxPert_official_cell_gat_k562_all_fixed2000_trrustTF,K562,MRPL19,177,2000,86,0.9978185284053608,0.9963394499740554,0.7659983232226284,0.7380065097410254,0.64,0.7146992670460265
TxPert_official_cell_gat_k562_all_fixed2000_trrustTF,K562,MRPL2,131,2000,86,0.9979106502335158,0.9960375489409877,0.7283960793565715,0.6730411811877919,0.52,0.6623633637988479
TxPert_official_cell_gat_k562_all_fixed2000_trrustTF,K562,MRPL22,86,2000,86,0.9986384957383913,0.9981885938015943,0.6605681648814251,0.6273031746780507,0.6,0.5421988665358419
TxPert_official_cell_gat_k562_all_fixed2000_trrustTF,K562,MRPL24,183,2000,86,0.9969088254830968,0.9961884994575215,0.6439261716393581,0.658153686494646,0.44,0.48180917752865776
TxPert_official_cell_gat_k562_all_fixed2000_trrustTF,K562,MRPL27,88,2000,86,0.9977082140461581,0.9951884522854851,0.7433730006645997,0.7405160620783999,0.6,0.6331175462468404
TxPert_official_cell_gat_k562_all_fixed2000_trrustTF,K562,MRPL3,146,2000,86,0.9982024304772529,0.9964715316760224,0.6971719290641977,0.6563422802962404,0.48,0.4389085300689605
TxPert_official_cell_gat_k562_all_fixed2000_trrustTF,K562,MRPL32,62,2000,86,0.9985878353124198,0.9976225293645926,0.5836396669276622,0.5525260625501203,0.48,0.468595380786287
TxPert_official_cell_gat_k562_all_fixed2000_trrustTF,K562,MRPL33,126,2000,86,0.9976798990121113,0.9959054672390208,0.7603245332026003,0.792216613991226,0.48,0.5239065822803229
TxPert_official_cell_gat_k562_all_fixed2000_trrustTF,K562,MRPL35,156,2000,86,0.9976532119423535,0.9967168262653899,0.7330193571123153,0.760384923817161,0.56,0.5747723389583704
TxPert_official_cell_gat_k562_all_fixed2000_trrustTF,K562,MRPL36,160,2000,86,0.998776079152244,0.9981885938015943,0.5422875238433781,0.5429973111939242,0.52,0.456798661898761
TxPert_official_cell_gat_k562_all_fixed2000_trrustTF,K562,MRPL37,100,2000,86,0.9984160876151684,0.9971319401858578,0.6258795402942487,0.6126798433888391,0.52,0.5221218827865822
TxPert_official_cell_gat_k562_all_fixed2000_trrustTF,K562,MRPL38,132,2000,86,0.9981871267742671,0.9966790886362562,0.6412310976036248,0.6525307797537621,0.4,0.5030897161195309
TxPert_official_cell_gat_k562_all_fixed2000_trrustTF,K562,MRPL39,146,2000,86,0.9977954365802896,0.9969998584838908,0.693459344287563,0.7335157318741449,0.6,0.6136909522045655
TxPert_official_cell_gat_k562_all_fixed2000_trrustTF,K562,MRPL4,109,2000,86,0.9981389946436482,0.9967545638945233,0.49468979508872696,0.41585923864333224,0.44,0.44601222620732867
TxPert_official_cell_gat_k562_all_fixed2000_trrustTF,K562,MRPL41,66,2000,86,0.9947022411562204,0.9916411151469409,0.4648971991552159,0.43716213028916456,0.48,0.44666609525088113
TxPert_official_cell_gat_k562_all_fixed2000_trrustTF,K562,MRPL43,90,2000,86,0.9971991383080325,0.9964904004905891,0.6768534567146498,0.6867776781923675,0.6,0.6148863009974566
TxPert_official_cell_gat_k562_all_fixed2000_trrustTF,K562,MRPL49,36,2000,86,0.9918172323870168,0.9907165432331714,0.5716590047228753,0.5086183310533515,0.56,0.5529828937320099
TxPert_official_cell_gat_k562_all_fixed2000_trrustTF,K562,MRPL50,147,2000,86,0.9971571620965313,0.9959809424972875,0.6006234297337327,0.5960564177555544,0.4,0.43492929060522223
TxPert_official_cell_gat_k562_all_fixed2000_trrustTF,K562,MRPL51,100,2000,86,0.9963493515129925,0.9936978159347137,0.485419703054863,0.5294306335204491,0.4,0.497085629466904
TxPert_official_cell_gat_k562_all_fixed2000_trrustTF,K562,MRPL53,153,2000,86,0.9983562045349532,0.9971130713712912,0.7120447070858135,0.7110618425397424,0.6,0.6523929134470604
TxPert_official_cell_gat_k562_all_fixed2000_trrustTF,K562,MRPL54,112,2000,86,0.9965463800737986,0.995131845841785,0.6864920890861461,0.627774895042219,0.6,0.6352236789712957
TxPert_official_cell_gat_k562_all_fixed2000_trrustTF,K562,MRPL55,153,2000,86,0.996451982835403,0.9957167790933535,0.5437597511395184,0.588546629557998,0.52,0.4685701586111696
TxPert_official_cell_gat_k562_all_fixed2000_trrustTF,K562,MRPS10,100,2000,86,0.9978582737674558,0.9969432520401906,0.24091651627877522,0.2541534978065003,0.32,0.4114918211801093
TxPert_official_cell_gat_k562_all_fixed2000_trrustTF,K562,MRPS11,90,2000,86,0.9962677182935833,0.9940185857823481,0.3063398749082847,0.271663757724421,0.48,0.3613928920600124
TxPert_official_cell_gat_k562_all_fixed2000_trrustTF,K562,MRPS14,82,2000,86,0.9931167683390553,0.9905844615312043,0.5160197803747207,0.4851266569177792,0.44,0.41845665574734914
TxPert_official_cell_gat_k562_all_fixed2000_trrustTF,K562,MRPS18A,108,2000,86,0.9975594292377555,0.9955846973913864,0.4698832446749972,0.4909193829897636,0.56,0.48902392903168446
TxPert_official_cell_gat_k562_all_fixed2000_trrustTF,K562,MRPS2,93,2000,86,0.9986274676125406,0.9976980046228595,0.343559604762582,0.32306240860417945,0.4,0.34922845670798075
TxPert_official_cell_gat_k562_all_fixed2000_trrustTF,K562,MRPS21,126,2000,86,0.9971785008244456,0.9968489079673568,0.38955530595093657,0.41453842162366145,0.4,0.43690883838022143
TxPert_official_cell_gat_k562_all_fixed2000_trrustTF,K562,MRPS22,142,2000,86,0.9976065007600703,0.9966413510071229,0.31469621911992796,0.3500070758054625,0.48,0.39165399941536977
TxPert_official_cell_gat_k562_all_fixed2000_trrustTF,K562,MRPS23,108,2000,86,0.9980075633154519,0.9974904476626255,0.6331387692144722,0.6307372989291947,0.44,0.5130116476529414
TxPert_official_cell_gat_k562_all_fixed2000_trrustTF,K562,MRPS24,132,2000,86,0.9971836812230491,0.9958677296098871,0.29661723780433774,0.2665314401622718,0.48,0.530224785898261
TxPert_official_cell_gat_k562_all_fixed2000_trrustTF,K562,MRPS26,111,2000,86,0.9940949558378191,0.9927166375772443,0.1943221250045897,0.15116750790131608,0.28,0.29650061302350705
TxPert_official_cell_gat_k562_all_fixed2000_trrustTF,K562,MRPS27,76,2000,86,0.996832917123295,0.9943204868154158,0.6947095597515857,0.6953818576347941,0.68,0.5723727326007172
TxPert_official_cell_gat_k562_all_fixed2000_trrustTF,K562,MRPS28,141,2000,86,0.9974842261118967,0.99677343270909,0.4536472795073045,0.4623519977357422,0.44,0.4673792460470582
TxPert_official_cell_gat_k562_all_fixed2000_trrustTF,K562,MRPS34,126,2000,86,0.9970688980199269,0.9954526156894191,0.681119176171926,0.6502287843766216,0.48,0.4992226883276353
TxPert_official_cell_gat_k562_all_fixed2000_trrustTF,K562,MRPS35,182,2000,86,0.998580419402422,0.9977734798811265,0.5296814431362793,0.5696589461767064,0.48,0.403274796742619
TxPert_official_cell_gat_k562_all_fixed2000_trrustTF,K562,MRPS7,101,2000,86,0.9987638269685044,0.9979621680267937,0.48843380336669473,0.5267512618519742,0.36,0.4377131042927681
TxPert_official_cell_gat_k562_all_fixed2000_trrustTF,K562,MRPS9,69,2000,86,0.996326616064674,0.9957167790933535,0.33003256646401524,0.42353884617198917,0.44,0.46121785967758455
TxPert_official_cell_gat_k562_all_fixed2000_trrustTF,K562,MTBP,183,2000,86,0.99397148751811,0.9919996226237087,0.4406362973960022,0.40133025142695405,0.4,0.4632972438504709
TxPert_official_cell_gat_k562_all_fixed2000_trrustTF,K562,MTOR,93,2000,86,0.9941005793977452,0.9931128826831455,0.7809069813293008,0.7783480352846833,0.6,0.7345838666143205
TxPert_official_cell_gat_k562_all_fixed2000_trrustTF,K562,MTPAP,86,2000,86,0.9956697242619443,0.9922637860276426,-0.2540289412267946,-0.20581159488655124,0.4,0.4348793502494515
TxPert_official_cell_gat_k562_all_fixed2000_trrustTF,K562,MVD,101,2000,86,0.992483701164929,0.990395773385537,0.3301290729009207,0.2760979291476013,0.44,0.5422296803513094
TxPert_official_cell_gat_k562_all_fixed2000_trrustTF,K562,MYBBP1A,106,2000,86,0.9896753304390434,0.9881315156375301,0.6679729865041436,0.5748667389971225,0.52,0.6252498315022772
TxPert_official_cell_gat_k562_all_fixed2000_trrustTF,K562,MYBL2,81,2000,86,0.9950179989520678,0.9954337468748525,0.7814260246988175,0.7140242464267182,0.56,0.7036557785380324
TxPert_official_cell_gat_k562_all_fixed2000_trrustTF,K562,MZT1,381,2000,86,0.9986405533896178,0.9985659700929289,0.16557175309435485,0.04965328553233642,0.36,0.40127509090160823
TxPert_official_cell_gat_k562_all_fixed2000_trrustTF,K562,N6AMT1,134,2000,86,0.9981170605440295,0.9965470069342893,-0.1390005021314619,-0.12405302136893248,0.24,0.2796487799847884
TxPert_official_cell_gat_k562_all_fixed2000_trrustTF,K562,NAA10,113,2000,86,0.980781251157152,0.9778480116986649,0.28669369997119454,0.2394735600735884,0.24,0.35790909327434217
TxPert_official_cell_gat_k562_all_fixed2000_trrustTF,K562,NAA15,107,2000,86,0.9967189173527331,0.9957733855370535,0.2646486334310811,0.24005849332515686,0.4,0.3827388485024647
TxPert_official_cell_gat_k562_all_fixed2000_trrustTF,K562,NAA20,158,2000,86,0.9986715388191988,0.9973961035897919,0.6366551570430109,0.5173357233831785,0.56,0.6497049672249391
TxPert_official_cell_gat_k562_all_fixed2000_trrustTF,K562,NAA25,162,2000,86,0.9949846332323451,0.9949620265106844,0.5205304931490193,0.4828246615406387,0.36,0.3825829348804689
TxPert_official_cell_gat_k562_all_fixed2000_trrustTF,K562,NACA,315,2000,86,0.9671702439998597,0.9602056700787772,0.6954023537433246,0.6494929006085192,0.52,0.603362608226117
TxPert_official_cell_gat_k562_all_fixed2000_trrustTF,K562,NAE1,80,2000,86,0.99217410295586,0.9939808481532147,0.31006561009243705,0.33228925892730793,0.36,0.38319547648562885
TxPert_official_cell_gat_k562_all_fixed2000_trrustTF,K562,NARS,149,2000,86,0.9882722491135453,0.9840935893202509,0.7227695311985622,0.7043822821831218,0.6,0.685846698202659
TxPert_official_cell_gat_k562_all_fixed2000_trrustTF,K562,NAT10,28,2000,86,0.9856661648027811,0.9855842256710222,-0.026992878387768836,0.0012359073541204774,0.48,0.44785263574295026
TxPert_official_cell_gat_k562_all_fixed2000_trrustTF,K562,NBAS,94,2000,86,0.9979533983844725,0.995131845841785,0.3975115612859198,0.39178263125619134,0.28,0.3866872830532926
TxPert_official_cell_gat_k562_all_fixed2000_trrustTF,K562,NCAPH,64,2000,86,0.9582057203373086,0.9608472097740459,0.33925293664669415,0.3801594414830888,0.24,0.34048402466249256
TxPert_official_cell_gat_k562_all_fixed2000_trrustTF,K562,NCBP1,53,2000,86,0.9905623709559906,0.9906788056040378,0.3984370866645627,0.3461201000047172,0.4,0.4641592918494784
TxPert_official_cell_gat_k562_all_fixed2000_trrustTF,K562,NCBP2,765,2000,86,0.9938127748719375,0.992792112835511,0.5426821118472103,0.5107505070993915,0.56,0.6514992682692874
TxPert_official_cell_gat_k562_all_fixed2000_trrustTF,K562,NCKAP1,64,2000,86,0.9936692287068879,0.9931694891268457,0.4794686190987842,0.398254634652578,0.48,0.5991359920946915
TxPert_official_cell_gat_k562_all_fixed2000_trrustTF,K562,NCL,138,2000,86,0.9941562688230949,0.991490164630407,0.023795392906101616,0.11984527572055284,0.52,0.5294892574859172
TxPert_official_cell_gat_k562_all_fixed2000_trrustTF,K562,NDC80,171,2000,86,0.9816814594943384,0.9796216802679371,0.675311868177174,0.6165479503750178,0.52,0.5810573298484604
TxPert_official_cell_gat_k562_all_fixed2000_trrustTF,K562,NDUFA2,111,2000,86,0.9715185444459798,0.9709986320109438,0.5451136718413045,0.5024482286900325,0.36,0.40603701950418314
TxPert_official_cell_gat_k562_all_fixed2000_trrustTF,K562,NDUFA6,151,2000,86,0.9974417392586237,0.9971696778149912,0.088265521607183,0.08071135430916551,0.44,0.4353211505191742
TxPert_official_cell_gat_k562_all_fixed2000_trrustTF,K562,NDUFA8,85,2000,86,0.9979965456528754,0.9972451530732581,0.6185384394690027,0.5524505872918534,0.56,0.6239039198093468
TxPert_official_cell_gat_k562_all_fixed2000_trrustTF,K562,NDUFAB1,143,2000,86,0.9949129239608097,0.9930185386103118,0.6924035529794751,0.6587008821170809,0.48,0.5417543918710122
TxPert_official_cell_gat_k562_all_fixed2000_trrustTF,K562,NDUFB10,148,2000,86,0.9955469239763097,0.9956224350205198,0.44275952419726927,0.4300108495683759,0.44,0.5413816193213418
TxPert_official_cell_gat_k562_all_fixed2000_trrustTF,K562,NDUFB4,147,2000,86,0.997403632292956,0.9971885466295579,0.35967801121184434,0.46046511627906983,0.44,0.49438439705623116
TxPert_official_cell_gat_k562_all_fixed2000_trrustTF,K562,NDUFB8,174,2000,86,0.9979523476979482,0.997660266993726,0.7209153527251101,0.6969291004292655,0.76,0.7487291188912609
TxPert_official_cell_gat_k562_all_fixed2000_trrustTF,K562,NEDD1,134,2000,86,0.994233783749891,0.9930940138685785,0.1487599714763535,0.13669512712863816,0.56,0.6066087278098387
TxPert_official_cell_gat_k562_all_fixed2000_trrustTF,K562,NEDD8,190,2000,86,0.9808035802145204,0.9841501957639511,0.2257155292062295,0.08225859710363696,0.36,0.4385537626003774
TxPert_official_cell_gat_k562_all_fixed2000_trrustTF,K562,NELFA,82,2000,86,0.9843182908682511,0.980734940327374,0.03141410685445278,0.16148874946931457,0.4,0.4018716667275561
TxPert_official_cell_gat_k562_all_fixed2000_trrustTF,K562,NELFB,125,2000,86,0.9961859182161995,0.9945469125902164,0.5194340268858616,0.4875796028114533,0.44,0.43600334856344425
TxPert_official_cell_gat_k562_all_fixed2000_trrustTF,K562,NELFCD,174,2000,86,0.9949812839637834,0.9941506674843154,-0.26420984288412863,-0.2129062691636398,0.24,0.3005169283166572
TxPert_official_cell_gat_k562_all_fixed2000_trrustTF,K562,NELFE,66,2000,86,0.9922598483644622,0.9910184442662389,0.1614148835151315,0.17560262276522476,0.44,0.4207379929204598
TxPert_official_cell_gat_k562_all_fixed2000_trrustTF,K562,NEPRO,42,2000,86,0.9952364753562791,0.9939997169677814,0.19619787793355678,0.17914995990376906,0.28,0.30549266853426343
TxPert_official_cell_gat_k562_all_fixed2000_trrustTF,K562,NFRKB,223,2000,86,0.9963383675125416,0.9949620265106844,0.23763878742638866,0.11269399499976412,0.48,0.4193540000348535
TxPert_official_cell_gat_k562_all_fixed2000_trrustTF,K562,NFS1,75,2000,86,0.9906637170793771,0.9887353177036652,0.5976663256384874,0.5455823387895655,0.48,0.666589821473658
TxPert_official_cell_gat_k562_all_fixed2000_trrustTF,K562,NIFK,203,2000,86,0.9940227604035031,0.9918675409217416,0.7646315913064596,0.7614981838765981,0.6,0.633088462366487
TxPert_official_cell_gat_k562_all_fixed2000_trrustTF,K562,NIP7,216,2000,86,0.9879371849605211,0.9886975800745318,0.7183415473100481,0.6761545355913015,0.6,0.6825040316876587
TxPert_official_cell_gat_k562_all_fixed2000_trrustTF,K562,NKAP,106,2000,86,0.9861616920742639,0.9832822302938818,0.6945037308594071,0.6199443369970281,0.48,0.5729657442808657
TxPert_official_cell_gat_k562_all_fixed2000_trrustTF,K562,NLE1,396,2000,86,0.9923482184718255,0.9910750507099391,0.7652950085632946,0.7720081135902637,0.6,0.6467782279500551
TxPert_official_cell_gat_k562_all_fixed2000_trrustTF,K562,NMD3,57,2000,86,0.9885955186708856,0.9868106986178593,0.6961585414573269,0.6302278409358932,0.64,0.7051580946348279
TxPert_official_cell_gat_k562_all_fixed2000_trrustTF,K562,NOB1,45,2000,86,0.9908450722844172,0.9914335581867069,0.3231413413577263,0.3079673569507995,0.28,0.3717623028796705
TxPert_official_cell_gat_k562_all_fixed2000_trrustTF,K562,NOC3L,73,2000,86,0.9927572900013615,0.9900183970942025,0.7081914978651278,0.666305014387471,0.6,0.6373939010567852
TxPert_official_cell_gat_k562_all_fixed2000_trrustTF,K562,NOC4L,32,2000,86,0.9910745068742943,0.9894712014717674,0.48402833222198727,0.4546723902070852,0.36,0.4150181155167011
TxPert_official_cell_gat_k562_all_fixed2000_trrustTF,K562,NOL11,219,2000,86,0.9817258200801058,0.9798669748573047,0.28026583337737543,0.32847775838482945,0.36,0.39494930319918753
TxPert_official_cell_gat_k562_all_fixed2000_trrustTF,K562,NOL12,83,2000,86,0.9944160228980233,0.9925656870607104,0.6697441963343546,0.6061323647341856,0.56,0.6264684194655252
TxPert_official_cell_gat_k562_all_fixed2000_trrustTF,K562,NOL6,107,2000,86,0.9888514532367758,0.9871692060946271,0.26008221856633873,0.3227793763856786,0.4,0.429150185591073
TxPert_official_cell_gat_k562_all_fixed2000_trrustTF,K562,NOL8,70,2000,86,0.987343281262659,0.9870748620217933,0.5211366606143536,0.4558045190810887,0.64,0.5661194792680643
TxPert_official_cell_gat_k562_all_fixed2000_trrustTF,K562,NOLC1,106,2000,86,0.9927031091825635,0.9913014764847399,-0.025208199179466623,-0.03742629369309873,0.36,0.3698009606460576
TxPert_official_cell_gat_k562_all_fixed2000_trrustTF,K562,NOM1,65,2000,86,0.9897616180156533,0.9885466295579981,0.2550926410480933,0.3048162649181565,0.4,0.46122024369916675
TxPert_official_cell_gat_k562_all_fixed2000_trrustTF,K562,NOP10,124,2000,86,0.9939112985507462,0.9910184442662389,0.013375009210756565,0.08529647624887966,0.48,0.43616096059901666
TxPert_official_cell_gat_k562_all_fixed2000_trrustTF,K562,NOP14,38,2000,86,0.9855716551727769,0.9844332279824519,0.14851204527023124,0.2252842115194113,0.28,0.32785828584546944
TxPert_official_cell_gat_k562_all_fixed2000_trrustTF,K562,NOP16,133,2000,86,0.9908305287367716,0.9879239586772961,0.637425041806534,0.6216047926788999,0.52,0.5897711908757558
TxPert_official_cell_gat_k562_all_fixed2000_trrustTF,K562,NOP2,56,2000,86,0.9872893848957507,0.9840181140619839,0.7416028398615625,0.7061182131232605,0.6,0.5905857731796844
TxPert_official_cell_gat_k562_all_fixed2000_trrustTF,K562,NOP58,39,2000,86,0.9856580709588538,0.9847728666446529,0.5780793310229252,0.5732251521298174,0.52,0.5463213368432441
TxPert_official_cell_gat_k562_all_fixed2000_trrustTF,K562,NPLOC4,52,2000,86,0.980280148441591,0.9752063776593234,0.8152774260786714,0.7785744610594839,0.68,0.7507540455098081
TxPert_official_cell_gat_k562_all_fixed2000_trrustTF,K562,NRBP1,62,2000,86,0.9972142027139503,0.9959620736827208,0.34425206016553916,0.40087739987735266,0.44,0.41921683160630924
TxPert_official_cell_gat_k562_all_fixed2000_trrustTF,K562,NRDE2,495,2000,86,0.9896893762619784,0.9881881220812302,0.6720867913529796,0.6386810698617859,0.64,0.7594189315486377
TxPert_official_cell_gat_k562_all_fixed2000_trrustTF,K562,NRF1,71,2000,86,0.9794816294279695,0.9792254351620359,0.24330069261621867,0.2045473843105807,0.48,0.5775571671188184
TxPert_official_cell_gat_k562_all_fixed2000_trrustTF,K562,NSA2,71,2000,86,0.994006226245142,0.9915090334449739,0.7096308385486398,0.5987546582385961,0.52,0.634818122358561
TxPert_official_cell_gat_k562_all_fixed2000_trrustTF,K562,NSRP1,188,2000,86,0.9628407329246027,0.9527902259540544,0.6103334979223725,0.5839615076182839,0.4,0.41694387825167245
TxPert_official_cell_gat_k562_all_fixed2000_trrustTF,K562,NUBP1,144,2000,86,0.9922090851825033,0.9908486249351385,0.52401684544764,0.5076560215104485,0.4,0.4607054308277845
TxPert_official_cell_gat_k562_all_fixed2000_trrustTF,K562,NUDC,106,2000,86,0.9961197798232708,0.9936034718618802,0.3340550958975438,0.24317184772866646,0.4,0.48896255216219525
TxPert_official_cell_gat_k562_all_fixed2000_trrustTF,K562,NUDCD3,108,2000,86,0.9932518705809584,0.9903769045709703,0.3933445400363327,0.2708335298834851,0.4,0.49491149509826876
TxPert_official_cell_gat_k562_all_fixed2000_trrustTF,K562,NUDT21,57,2000,86,0.9861573377500942,0.9865465352139252,0.5546700939981345,0.5257512146799377,0.36,0.42445481896057297
TxPert_official_cell_gat_k562_all_fixed2000_trrustTF,K562,NUF2,404,2000,86,0.972782912718901,0.9696966838058398,0.7717175663409785,0.7788763620925515,0.56,0.6888477053162226
TxPert_official_cell_gat_k562_all_fixed2000_trrustTF,K562,NUFIP1,57,2000,86,0.9976248422011906,0.9949431576961177,0.40774193349092874,0.39466955988490016,0.4,0.40480298527801667
TxPert_official_cell_gat_k562_all_fixed2000_trrustTF,K562,NUMA1,203,2000,86,0.9916173858323515,0.9901127411670362,0.5366548584698757,0.4887872069437237,0.52,0.6007363625331922
TxPert_official_cell_gat_k562_all_fixed2000_trrustTF,K562,NUP107,237,2000,86,0.9870137675520421,0.9851691117505542,0.732009901453852,0.6809660833058162,0.56,0.6353453706365639
TxPert_official_cell_gat_k562_all_fixed2000_trrustTF,K562,NUP133,70,2000,86,0.9950498286899182,0.99245247417331,0.5945372715307028,0.5717345157790462,0.56,0.5953791794219218
TxPert_official_cell_gat_k562_all_fixed2000_trrustTF,K562,NUP160,234,2000,86,0.9761328142030712,0.9778102740695315,0.7068797239768048,0.6939478277277231,0.48,0.6173881077927029
TxPert_official_cell_gat_k562_all_fixed2000_trrustTF,K562,NUP54,266,2000,86,0.9809844433018178,0.9760743431293929,0.6840891096478914,0.6600028303221849,0.6,0.6333859769987513
TxPert_official_cell_gat_k562_all_fixed2000_trrustTF,K562,NUP62,86,2000,86,0.9677168552456249,0.9637530072173215,0.704794325611535,0.696966838058399,0.52,0.531642436538366
TxPert_official_cell_gat_k562_all_fixed2000_trrustTF,K562,NUP85,107,2000,86,0.9952891707951984,0.9944148308882494,0.7187634588741846,0.735647907920185,0.52,0.5603440152913084
TxPert_official_cell_gat_k562_all_fixed2000_trrustTF,K562,NUP88,35,2000,86,0.9895760216826048,0.9867729609887259,0.7826057949033344,0.7711212793056277,0.64,0.6536655490764905
TxPert_official_cell_gat_k562_all_fixed2000_trrustTF,K562,NUP98,410,2000,86,0.9926110259518417,0.9886598424453983,0.6778446876603499,0.6520213217604603,0.48,0.5508800966825378
TxPert_official_cell_gat_k562_all_fixed2000_trrustTF,K562,NUTF2,44,2000,86,0.9846189359516184,0.9836218689560827,0.6106925195897652,0.6343412425114392,0.48,0.4896758411916199
TxPert_official_cell_gat_k562_all_fixed2000_trrustTF,K562,NVL,105,2000,86,0.9904842819809649,0.9890749563658662,0.5855222575451116,0.5581489692910042,0.52,0.6088999730961878
TxPert_official_cell_gat_k562_all_fixed2000_trrustTF,K562,OGFOD1,101,2000,86,0.9888793310644279,0.98594273314779,0.5282716770253496,0.4689749516486626,0.36,0.4197111253223997
TxPert_official_cell_gat_k562_all_fixed2000_trrustTF,K562,OGT,31,2000,86,0.9803393752627939,0.9796028114533704,-0.23255450373442588,-0.10305203075616773,0.32,0.40523556224967405
TxPert_official_cell_gat_k562_all_fixed2000_trrustTF,K562,OPA1,53,2000,86,0.9967216134618768,0.9949808953252511,0.6818319525167708,0.5556016793244964,0.48,0.644579731690918
TxPert_official_cell_gat_k562_all_fixed2000_trrustTF,K562,ORC1,477,2000,86,0.988972800006017,0.9906976744186047,0.46966365083646355,0.3719703759611302,0.44,0.47319335216497477
TxPert_official_cell_gat_k562_all_fixed2000_trrustTF,K562,ORC5,89,2000,86,0.9954700246913771,0.9937355535638474,0.3421364087206014,0.33561017029105145,0.32,0.3614392925586411
TxPert_official_cell_gat_k562_all_fixed2000_trrustTF,K562,OXA1L,305,2000,86,0.9957879940762995,0.9919052785508751,0.7028265466542338,0.7219680173593094,0.52,0.5029743795948054
TxPert_official_cell_gat_k562_all_fixed2000_trrustTF,K562,PABPN1,93,2000,86,0.971983722363288,0.9689796688523044,0.6282971644341011,0.5374876173404406,0.48,0.5650121045470579
TxPert_official_cell_gat_k562_all_fixed2000_trrustTF,K562,PAF1,229,2000,86,0.9693892088842799,0.974281805745554,0.6924533469520041,0.713156280956649,0.6,0.5922438701441215
TxPert_official_cell_gat_k562_all_fixed2000_trrustTF,K562,PAM16,43,2000,86,0.9881650164306996,0.985659700929289,0.7803356404401146,0.7196660219821689,0.68,0.6861311401409356
TxPert_official_cell_gat_k562_all_fixed2000_trrustTF,K562,PAXBP1,114,2000,86,0.9946484492109511,0.9935279966036134,0.5786861693021211,0.5937732911929807,0.4,0.4703156448111318
TxPert_official_cell_gat_k562_all_fixed2000_trrustTF,K562,PCBP1,93,2000,86,0.9933727658232877,0.994377093259116,0.45716570377414334,0.21751025991792067,0.44,0.4600941541074432
TxPert_official_cell_gat_k562_all_fixed2000_trrustTF,K562,PCF11,393,2000,86,0.9921050676597012,0.9900561347233359,0.5726756463103302,0.47359781121751027,0.56,0.5581738609494366
TxPert_official_cell_gat_k562_all_fixed2000_trrustTF,K562,PCID2,208,2000,86,0.9981380764567507,0.9976036605500259,0.2675263697926351,0.13046841832161893,0.32,0.37315032793870984
TxPert_official_cell_gat_k562_all_fixed2000_trrustTF,K562,PCNA,82,2000,86,0.9639452030630459,0.9640737770649559,0.49330647171516545,0.3886881456672484,0.56,0.562512489276543
TxPert_official_cell_gat_k562_all_fixed2000_trrustTF,K562,PDAP1,38,2000,86,0.9953151087594844,0.99245247417331,0.6822586651688313,0.6441718949007029,0.56,0.7018661298662645
TxPert_official_cell_gat_k562_all_fixed2000_trrustTF,K562,PDCD11,95,2000,86,0.9773777248973553,0.9756026227652247,0.25097178009635324,0.29285343648285295,0.4,0.44554284224513535
TxPert_official_cell_gat_k562_all_fixed2000_trrustTF,K562,PDCD2,59,2000,86,0.9932885526746646,0.9925468182461437,-0.25909099620849696,-0.19228265484220952,0.4,0.449549146148163
TxPert_official_cell_gat_k562_all_fixed2000_trrustTF,K562,PDCD7,80,2000,86,0.9950639572106956,0.9921128355111091,0.6475143294909793,0.4976555497900845,0.56,0.5961253438076749
TxPert_official_cell_gat_k562_all_fixed2000_trrustTF,K562,PDRG1,111,2000,86,0.9943992137204949,0.9932260955705456,0.6364960265636914,0.610623142601066,0.6,0.6348950228892992
TxPert_official_cell_gat_k562_all_fixed2000_trrustTF,K562,PELO,240,2000,86,0.9893272270682402,0.9847917354592198,0.6867677803050604,0.651983584131327,0.48,0.5828847338909102
TxPert_official_cell_gat_k562_all_fixed2000_trrustTF,K562,PELP1,60,2000,86,0.9877168209405038,0.9853389310816548,0.534255221914373,0.45191754328034334,0.48,0.5322270743730563
TxPert_official_cell_gat_k562_all_fixed2000_trrustTF,K562,PES1,54,2000,86,0.9893197941007391,0.9869239115052597,0.5698516252102902,0.5387518279164112,0.6,0.539144362048415
TxPert_official_cell_gat_k562_all_fixed2000_trrustTF,K562,PET117,80,2000,86,0.9988258144744941,0.9972451530732581,0.3228410170067571,0.22360488702297276,0.28,0.43699550510447677
TxPert_official_cell_gat_k562_all_fixed2000_trrustTF,K562,PFDN2,77,2000,86,0.9836804410989028,0.985527619227322,0.4081166332598959,0.3956318694278032,0.44,0.47920927856072804
TxPert_official_cell_gat_k562_all_fixed2000_trrustTF,K562,PFN1,239,2000,86,0.9904412267566123,0.9900750035379026,0.4509324580293791,0.3116656446058776,0.36,0.4493272096758137
TxPert_official_cell_gat_k562_all_fixed2000_trrustTF,K562,PGAM1,145,2000,86,0.9987927518618113,0.9976036605500259,0.5148945649919963,0.4453511958111232,0.56,0.5928350330004262
TxPert_official_cell_gat_k562_all_fixed2000_trrustTF,K562,PGD,98,2000,86,0.9933157316870288,0.9898485777631019,0.18081976156475504,0.2174536534742205,0.36,0.3898979999305595
TxPert_official_cell_gat_k562_all_fixed2000_trrustTF,K562,PGPEP1,51,2000,86,0.9959174224848422,0.995471484503986,0.6404473976833212,0.5461484032265672,0.6,0.6442185682049983
TxPert_official_cell_gat_k562_all_fixed2000_trrustTF,K562,PHAX,304,2000,86,0.9944485893970986,0.9924147365441766,0.8595457064874525,0.8248596631916599,0.72,0.8275587371786874
TxPert_official_cell_gat_k562_all_fixed2000_trrustTF,K562,PHB,217,2000,86,0.9356775563118201,0.9369592905325722,0.8191212455949075,0.7697815934713902,0.64,0.7440450481069236
TxPert_official_cell_gat_k562_all_fixed2000_trrustTF,K562,PHB2,292,2000,86,0.9547329082389109,0.9508467380536818,0.7760752086428532,0.7250436341336856,0.68,0.6870719824434453
TxPert_official_cell_gat_k562_all_fixed2000_trrustTF,K562,PHF5A,197,2000,86,0.9843460014457023,0.9806972026982405,0.8572686666640481,0.8356526251238265,0.64,0.7791146656100922
TxPert_official_cell_gat_k562_all_fixed2000_trrustTF,K562,PIAS4,173,2000,86,0.9953152106000107,0.9915279022595406,0.6570789302644635,0.5656021510448606,0.56,0.658983609591408
TxPert_official_cell_gat_k562_all_fixed2000_trrustTF,K562,PKM,44,2000,86,0.9964493656513086,0.9947922071795838,0.05603164873438327,0.09693853483654889,0.32,0.42997417942591304
TxPert_official_cell_gat_k562_all_fixed2000_trrustTF,K562,PLRG1,80,2000,86,0.9807341211980576,0.9857540450021227,0.7140087037900799,0.6547950375017689,0.56,0.6380843617755225
TxPert_official_cell_gat_k562_all_fixed2000_trrustTF,K562,PMF1,255,2000,86,0.9968472356205277,0.9966602198216895,0.7619998262187105,0.7480635879050899,0.56,0.6867935990488307
TxPert_official_cell_gat_k562_all_fixed2000_trrustTF,K562,PMPCA,114,2000,86,0.9949888384555312,0.9919241473654418,0.7855970526187139,0.7122694466720128,0.6,0.6601948744101176
TxPert_official_cell_gat_k562_all_fixed2000_trrustTF,K562,PMPCB,471,2000,86,0.9941444097770905,0.9928298504646446,0.8327925238478681,0.7602905797443277,0.68,0.7204174429000478
TxPert_official_cell_gat_k562_all_fixed2000_trrustTF,K562,PNISR,89,2000,86,0.9959228482473327,0.9961130241992547,0.32634980906007716,0.3829520260389641,0.4,0.39609648371195244
TxPert_official_cell_gat_k562_all_fixed2000_trrustTF,K562,PNN,64,2000,86,0.9915176613988146,0.992320392471343,0.5478553742047498,0.5073163828482475,0.48,0.5721077455309215
TxPert_official_cell_gat_k562_all_fixed2000_trrustTF,K562,PNO1,114,2000,86,0.9868236062174222,0.9850181612340204,0.2252815790369635,0.30317467805085146,0.32,0.33996970524894116
TxPert_official_cell_gat_k562_all_fixed2000_trrustTF,K562,PNPT1,112,2000,86,0.9952623255316224,0.9937921600075474,0.3174608756388551,0.2236992310958064,0.32,0.34687069830893147
TxPert_official_cell_gat_k562_all_fixed2000_trrustTF,K562,POLA1,195,2000,86,0.9747044535569386,0.9755271475069578,0.324716255382443,0.2320581159488655,0.4,0.5116736039542463
TxPert_official_cell_gat_k562_all_fixed2000_trrustTF,K562,POLA2,212,2000,86,0.973789204880895,0.974696919666022,0.454357297960972,0.3624982310486344,0.48,0.5830207121508912
TxPert_official_cell_gat_k562_all_fixed2000_trrustTF,K562,POLD1,197,2000,86,0.9696030382025361,0.9649983489787254,0.3644581519402913,0.2860040567951318,0.4,0.4653448091725668
TxPert_official_cell_gat_k562_all_fixed2000_trrustTF,K562,POLD2,63,2000,86,0.9892473765407651,0.9865276663993584,0.38372631944867597,0.36557384782301056,0.48,0.5054360097626583
TxPert_official_cell_gat_k562_all_fixed2000_trrustTF,K562,POLD3,65,2000,86,0.9893282827220642,0.9881503844520968,0.1023575231439727,0.08656068682485021,0.52,0.487707647479706
TxPert_official_cell_gat_k562_all_fixed2000_trrustTF,K562,POLE,154,2000,86,0.9898454700897901,0.9902259540544365,0.3768061262395248,0.33247794707297507,0.4,0.5552661536675462
TxPert_official_cell_gat_k562_all_fixed2000_trrustTF,K562,POLR1A,115,2000,86,0.9828812873527697,0.980942497287608,0.20712370688409926,0.21341572715694135,0.4,0.3841516602426515
TxPert_official_cell_gat_k562_all_fixed2000_trrustTF,K562,POLR1B,174,2000,86,0.9924804029557093,0.9900750035379026,0.5288132379753281,0.5445256851738289,0.36,0.4421514853253343
TxPert_official_cell_gat_k562_all_fixed2000_trrustTF,K562,POLR1C,161,2000,86,0.9969937502448509,0.9950375017689513,0.02381618075924637,0.11890183499221661,0.4,0.446763039246622
TxPert_official_cell_gat_k562_all_fixed2000_trrustTF,K562,POLR1E,202,2000,86,0.9926879628128871,0.9913203452993066,0.2803440772352055,0.3209491013727062,0.52,0.547205000597491
TxPert_official_cell_gat_k562_all_fixed2000_trrustTF,K562,POLR2A,264,2000,86,0.9507294961226467,0.958715033728006,0.7713115489893057,0.6774376149818387,0.6,0.671738744716159
TxPert_official_cell_gat_k562_all_fixed2000_trrustTF,K562,POLR2B,234,2000,86,0.9813317850663281,0.9801311382612387,0.6726739927718229,0.6533232699655643,0.52,0.5451357126529515
TxPert_official_cell_gat_k562_all_fixed2000_trrustTF,K562,POLR2C,145,2000,86,0.982825335245357,0.9818104627576771,0.672428093758054,0.6454172366621066,0.52,0.505131928365744
TxPert_official_cell_gat_k562_all_fixed2000_trrustTF,K562,POLR2D,182,2000,86,0.9747840488628197,0.9764517194207273,0.6069200962517376,0.56975329024954,0.44,0.44392904776328207
TxPert_official_cell_gat_k562_all_fixed2000_trrustTF,K562,POLR2E,93,2000,86,0.9622807368324522,0.9670173121373649,0.5817328476137419,0.4937874428039058,0.52,0.5578112045161742
TxPert_official_cell_gat_k562_all_fixed2000_trrustTF,K562,POLR2F,209,2000,86,0.9919751053694136,0.9893957262135006,0.7170949274181886,0.6930798622576536,0.56,0.555628151556491
TxPert_official_cell_gat_k562_all_fixed2000_trrustTF,K562,POLR2G,131,2000,86,0.9529352442236725,0.9514128024906835,0.6499541005443741,0.5903580357564036,0.48,0.5345417547958905
TxPert_official_cell_gat_k562_all_fixed2000_trrustTF,K562,POLR2H,80,2000,86,0.9380900623564457,0.9478843341667059,0.5521781117246399,0.48435303552054343,0.44,0.4316359813928943
TxPert_official_cell_gat_k562_all_fixed2000_trrustTF,K562,POLR2I,179,2000,86,0.9768576739928363,0.975659229208925,0.7401807302341827,0.7144770979763198,0.48,0.5417682179914923
TxPert_official_cell_gat_k562_all_fixed2000_trrustTF,K562,POLR2L,43,2000,86,0.9951583725949249,0.993414783716213,0.41379110461658686,0.37381951978866923,0.56,0.6032088261892031
TxPert_official_cell_gat_k562_all_fixed2000_trrustTF,K562,POLR3B,109,2000,86,0.9918943975722169,0.9869239115052597,0.7202658873847794,0.7137412142082173,0.6,0.6142339973968746
TxPert_official_cell_gat_k562_all_fixed2000_trrustTF,K562,POLR3C,169,2000,86,0.9946043958164428,0.9901316099816029,0.08673665167643224,0.13822350110854287,0.32,0.31752200349572735
TxPert_official_cell_gat_k562_all_fixed2000_trrustTF,K562,POLR3D,108,2000,86,0.9678987327122631,0.9579791499599037,0.2811552794197874,0.34857304589839144,0.32,0.35718300234168954
TxPert_official_cell_gat_k562_all_fixed2000_trrustTF,K562,POLR3E,192,2000,86,0.9952019114434207,0.9918109344780414,0.36557473821952086,0.3389688192839284,0.4,0.38023547354024767
TxPert_official_cell_gat_k562_all_fixed2000_trrustTF,K562,POLR3F,156,2000,86,0.9892075163919004,0.9854332751544883,0.4766034755230136,0.4469173074201613,0.44,0.4565059113290762
TxPert_official_cell_gat_k562_all_fixed2000_trrustTF,K562,POLRMT,208,2000,86,0.9980969410901017,0.9975847917354592,-0.022382027280304893,0.06886173876126232,0.44,0.47738618837953567
TxPert_official_cell_gat_k562_all_fixed2000_trrustTF,K562,POP1,82,2000,86,0.9886343379312209,0.985659700929289,0.16729813874824723,0.2227935279966036,0.44,0.452400690548485
TxPert_official_cell_gat_k562_all_fixed2000_trrustTF,K562,POP4,116,2000,86,0.9868630623209519,0.9850370300485871,0.010394614492523,0.07593754422378413,0.28,0.3033470828052102
TxPert_official_cell_gat_k562_all_fixed2000_trrustTF,K562,POP5,50,2000,86,0.994780330328927,0.9928487192792113,0.5325130457549827,0.5331100523609603,0.52,0.5938871334956352
TxPert_official_cell_gat_k562_all_fixed2000_trrustTF,K562,POP7,196,2000,86,0.991557848957967,0.9903391669418369,0.18962235321605553,0.23405821029293836,0.2,0.26710909065529903
TxPert_official_cell_gat_k562_all_fixed2000_trrustTF,K562,PPAN,87,2000,86,0.9928108334597707,0.9908863625642718,0.7159448700991422,0.731591112788339,0.52,0.5393025177043167
TxPert_official_cell_gat_k562_all_fixed2000_trrustTF,K562,PPARGC1B,129,2000,86,0.9957229353343794,0.9953394028020189,-0.15637556421541754,-0.13244964385112504,0.4,0.4443650815060304
TxPert_official_cell_gat_k562_all_fixed2000_trrustTF,K562,PPIE,39,2000,86,0.9862403690174923,0.9906976744186047,0.723297462703142,0.7267795650738241,0.52,0.6018148126060906
TxPert_official_cell_gat_k562_all_fixed2000_trrustTF,K562,PPIH,93,2000,86,0.996803808108056,0.9953582716165857,0.676537227467465,0.6791735459219773,0.48,0.4943224427354698
TxPert_official_cell_gat_k562_all_fixed2000_trrustTF,K562,PPIL4,69,2000,86,0.9920749269062042,0.9904901174583706,0.6632518814917376,0.6304542667106938,0.48,0.5440197161579735
TxPert_official_cell_gat_k562_all_fixed2000_trrustTF,K562,PPP1CA,64,2000,86,0.9937889870739296,0.9919241473654418,0.08657237142975373,0.15897919713194017,0.28,0.314262552377486
TxPert_official_cell_gat_k562_all_fixed2000_trrustTF,K562,PPP1R11,69,2000,86,0.9927664486667573,0.9914335581867069,0.13972379170949598,0.09207038067833388,0.52,0.475004102502899
TxPert_official_cell_gat_k562_all_fixed2000_trrustTF,K562,PPP1R8,64,2000,86,0.9967725259502214,0.9937732911929807,0.41110950396593915,0.3591395820557573,0.4,0.4383173285171567
TxPert_official_cell_gat_k562_all_fixed2000_trrustTF,K562,PPP2R1A,301,2000,86,0.9982196249891427,0.9962639747157884,0.2982499854588999,0.16469644794565783,0.4,0.4175406041536708
TxPert_official_cell_gat_k562_all_fixed2000_trrustTF,K562,PPP4C,128,2000,86,0.9955725931245291,0.9962639747157884,0.4256173146515872,0.31693004386999385,0.56,0.6062860964172441
TxPert_official_cell_gat_k562_all_fixed2000_trrustTF,K562,PPP4R2,162,2000,86,0.9928353431453611,0.9909241001934053,0.5161467900964234,0.3315345063446389,0.52,0.5303853485161685
TxPert_official_cell_gat_k562_all_fixed2000_trrustTF,K562,PPRC1,112,2000,86,0.9969165706033065,0.9956413038350864,0.45193378593059624,0.36334732770413697,0.32,0.3868085998041559
TxPert_official_cell_gat_k562_all_fixed2000_trrustTF,K562,PRELID1,122,2000,86,0.9673139412417868,0.9553752535496957,0.6006504049598891,0.5540733053445916,0.48,0.4985540797985002
TxPert_official_cell_gat_k562_all_fixed2000_trrustTF,K562,PRELID3B,235,2000,86,0.9879339370552825,0.9839615076182838,0.7779325476742044,0.739346195575263,0.64,0.6628296465884149
TxPert_official_cell_gat_k562_all_fixed2000_trrustTF,K562,PRIM1,151,2000,86,0.9599371394320023,0.9570545780461344,0.500780957727389,0.4199349025897448,0.44,0.5348071831137744
TxPert_official_cell_gat_k562_all_fixed2000_trrustTF,K562,PRIM2,149,2000,86,0.9801627262388253,0.9819048068305108,0.5221463073973349,0.4504269069295721,0.6,0.6401932279274305
TxPert_official_cell_gat_k562_all_fixed2000_trrustTF,K562,PRMT1,44,2000,86,0.9920567971430378,0.9916411151469409,-0.0838885713797351,-0.06497476296051699,0.32,0.3430044296325047
TxPert_official_cell_gat_k562_all_fixed2000_trrustTF,K562,PRMT5,92,2000,86,0.9975820420644721,0.9958865984244538,0.35901438160521365,0.2684937968772112,0.44,0.5107672367313136
TxPert_official_cell_gat_k562_all_fixed2000_trrustTF,K562,PRPF18,256,2000,86,0.9879794878239617,0.9855842256710222,0.6746257203417717,0.664040756639464,0.52,0.4970726895145649
TxPert_official_cell_gat_k562_all_fixed2000_trrustTF,K562,PRPF19,98,2000,86,0.9924986061449946,0.9904146422001038,0.6153039493793052,0.5110146705033256,0.52,0.5241287726295434
TxPert_official_cell_gat_k562_all_fixed2000_trrustTF,K562,PRPF3,129,2000,86,0.9789270632153615,0.9815274305391763,0.7530519607669363,0.7153639322609557,0.6,0.6277008666514436
TxPert_official_cell_gat_k562_all_fixed2000_trrustTF,K562,PRPF31,23,2000,86,0.9730644043390143,0.9804896457380066,0.7781135485244839,0.6947214491249587,0.64,0.7203294535782909
TxPert_official_cell_gat_k562_all_fixed2000_trrustTF,K562,PRPF4,101,2000,86,0.9588229671972075,0.9555828105099297,0.7190115013037356,0.6557007406009717,0.64,0.6517747754642577
TxPert_official_cell_gat_k562_all_fixed2000_trrustTF,K562,PRPF40A,96,2000,86,0.9839770170943473,0.9848860795320535,0.5165149753619984,0.47120147176753624,0.6,0.6765128817512733
TxPert_official_cell_gat_k562_all_fixed2000_trrustTF,K562,PRPF6,172,2000,86,0.9890587156521845,0.9897353648757018,0.7032164242462797,0.7022123685079485,0.52,0.5495879034368905
TxPert_official_cell_gat_k562_all_fixed2000_trrustTF,K562,PRPF8,91,2000,86,0.9589746432245242,0.9524128496627199,0.7850102396938002,0.7631775083730364,0.68,0.7216354688201368
TxPert_official_cell_gat_k562_all_fixed2000_trrustTF,K562,PRRC2A,82,2000,86,0.9984654731115566,0.9974715788480588,0.6754305604034958,0.6262465210623142,0.52,0.5826702798500936
TxPert_official_cell_gat_k562_all_fixed2000_trrustTF,K562,PSMA1,56,2000,86,0.9565038406663567,0.962903910561819,0.5139743024865518,0.4972593046841833,0.32,0.3910744657717986
TxPert_official_cell_gat_k562_all_fixed2000_trrustTF,K562,PSMA2,38,2000,86,0.917170206132045,0.930468418321619,0.17068918912929146,0.115241284966272,0.44,0.3869574803703558
TxPert_official_cell_gat_k562_all_fixed2000_trrustTF,K562,PSMA3,194,2000,86,0.8801234796939563,0.8542572762866173,0.632887121236829,0.6216802679371668,0.52,0.5376441115013223
TxPert_official_cell_gat_k562_all_fixed2000_trrustTF,K562,PSMA4,274,2000,86,0.9658013994895537,0.9665833294023303,0.6722910543000521,0.6473984621916128,0.68,0.7694906062487947
TxPert_official_cell_gat_k562_all_fixed2000_trrustTF,K562,PSMA6,18,2000,86,0.8683027148544414,0.8621255719609415,0.2360697400939686,0.2547761686872022,0.56,0.6332555941995258
TxPert_official_cell_gat_k562_all_fixed2000_trrustTF,K562,PSMA7,22,2000,86,0.9497181152516185,0.9592244917213076,0.23892905258884514,0.25015330911835465,0.44,0.512531579436528
TxPert_official_cell_gat_k562_all_fixed2000_trrustTF,K562,PSMB1,106,2000,86,0.9744394791659355,0.9786216330959006,0.17761245925183983,0.23003915279022596,0.4,0.5672128230165377
TxPert_official_cell_gat_k562_all_fixed2000_trrustTF,K562,PSMB2,46,2000,86,0.904330612543343,0.9003915279022594,0.3511668518933974,0.3237605547431483,0.4,0.40162254230589095
TxPert_official_cell_gat_k562_all_fixed2000_trrustTF,K562,PSMB3,19,2000,86,0.8271202509121668,0.8303127506014436,0.17397718913017987,0.1713760083022784,0.44,0.4117082788690267
TxPert_official_cell_gat_k562_all_fixed2000_trrustTF,K562,PSMB5,198,2000,86,0.9949988255645412,0.993886504080381,0.6759320096635373,0.6994197839520732,0.64,0.6101897012910396
TxPert_official_cell_gat_k562_all_fixed2000_trrustTF,K562,PSMB6,77,2000,86,0.9842483100131133,0.9814519552809093,0.6209845549556632,0.6319637718760318,0.56,0.5203073419132079
TxPert_official_cell_gat_k562_all_fixed2000_trrustTF,K562,PSMB7,188,2000,86,0.9443808689108688,0.9515448841926505,0.5090994448064281,0.5221095334685598,0.44,0.5311110890931864
TxPert_official_cell_gat_k562_all_fixed2000_trrustTF,K562,PSMC1,177,2000,86,0.9239650735337048,0.905165337987641,0.8095294607668407,0.8164441718949007,0.56,0.6096480314697026
TxPert_official_cell_gat_k562_all_fixed2000_trrustTF,K562,PSMC2,279,2000,86,0.9433092598013904,0.9453747818293314,0.8236996504380438,0.7917826312561913,0.68,0.7556245991665564
TxPert_official_cell_gat_k562_all_fixed2000_trrustTF,K562,PSMC3,23,2000,86,0.9853070695049242,0.9823199207509788,0.45464015078933817,0.4855606396528138,0.4,0.3952108104657348
TxPert_official_cell_gat_k562_all_fixed2000_trrustTF,K562,PSMC4,149,2000,86,0.9371784529626539,0.928543799235813,0.7602856380847418,0.7636492287372046,0.64,0.6589180218729641
TxPert_official_cell_gat_k562_all_fixed2000_trrustTF,K562,PSMC6,65,2000,86,0.9390420282837306,0.9281098165007782,0.7156298941971304,0.6655879994339355,0.52,0.6063134874710192
TxPert_official_cell_gat_k562_all_fixed2000_trrustTF,K562,PSMD1,87,2000,86,0.8852189751474816,0.8745412519458464,0.768218869882899,0.7273267606962592,0.6,0.6744395731182422
TxPert_official_cell_gat_k562_all_fixed2000_trrustTF,K562,PSMD11,40,2000,86,0.9379581902090091,0.9439407519222603,0.6735217049154213,0.6767206000283033,0.56,0.6312581637350678
TxPert_official_cell_gat_k562_all_fixed2000_trrustTF,K562,PSMD12,116,2000,86,0.9576784875142343,0.9539223548280579,0.7154351322400254,0.7236473418557479,0.64,0.6598445212965467
TxPert_official_cell_gat_k562_all_fixed2000_trrustTF,K562,PSMD13,96,2000,86,0.9781765425630276,0.9819236756450777,0.4748741687169984,0.4305014387471107,0.6,0.5465907219849896
TxPert_official_cell_gat_k562_all_fixed2000_trrustTF,K562,PSMD2,34,2000,86,0.9735775893798193,0.9721118920703806,0.7819435894611546,0.741327421104769,0.6,0.6710811089732305
TxPert_official_cell_gat_k562_all_fixed2000_trrustTF,K562,PSMD3,30,2000,86,0.9303844747326442,0.9275060144346431,0.5722359415451415,0.464087928675881,0.48,0.571116526093273
TxPert_official_cell_gat_k562_all_fixed2000_trrustTF,K562,PSMD4,285,2000,86,0.9936998202068094,0.992320392471343,0.5860108116469233,0.549733477994245,0.48,0.5162377852264401
TxPert_official_cell_gat_k562_all_fixed2000_trrustTF,K562,PSMD6,282,2000,86,0.9250846839586399,0.9242605783291663,0.7303154884389719,0.7019293362894475,0.76,0.8009595647700354
TxPert_official_cell_gat_k562_all_fixed2000_trrustTF,K562,PSMD7,175,2000,86,0.9811641397789725,0.9813010047643758,0.7589251245458348,0.7268550403320911,0.68,0.7378973095088333
TxPert_official_cell_gat_k562_all_fixed2000_trrustTF,K562,PSMG3,324,2000,86,0.9981182464608322,0.9969809896693239,0.49303138355605486,0.5416010189159867,0.44,0.4332581771332332
TxPert_official_cell_gat_k562_all_fixed2000_trrustTF,K562,PSMG4,44,2000,86,0.9938445092128021,0.9889051370347658,0.017310535983410404,0.01934996933817633,0.28,0.335499152764757
TxPert_official_cell_gat_k562_all_fixed2000_trrustTF,K562,PTBP1,87,2000,86,0.9928325063777674,0.9905278550875042,0.4940847319479686,0.4161988773055333,0.56,0.6199392753447908
TxPert_official_cell_gat_k562_all_fixed2000_trrustTF,K562,PTCD1,246,2000,86,0.9936394270052106,0.9911882635973395,0.3937333772834037,0.4048775885654983,0.44,0.5319844842665288
TxPert_official_cell_gat_k562_all_fixed2000_trrustTF,K562,PUF60,52,2000,86,0.9847271605901065,0.9784895513939337,0.5226949036746265,0.5200717014953535,0.44,0.44805689496574874
TxPert_official_cell_gat_k562_all_fixed2000_trrustTF,K562,PWP2,51,2000,86,0.9929576237366022,0.9911316571536393,-0.009500709959674907,0.030576914005377605,0.36,0.41808731745549343
TxPert_official_cell_gat_k562_all_fixed2000_trrustTF,K562,QARS,376,2000,86,0.9743530363073679,0.9750554271427898,0.7253141561944126,0.6487758856549837,0.56,0.6840941421230018
TxPert_official_cell_gat_k562_all_fixed2000_trrustTF,K562,RABGGTA,114,2000,86,0.9808335179289868,0.9788480588707013,0.22865640465336523,0.1677343270909005,0.32,0.43808935742347804
TxPert_official_cell_gat_k562_all_fixed2000_trrustTF,K562,RACGAP1,162,2000,86,0.9956818046976488,0.9944903061465162,0.8529583478361344,0.8422001037784802,0.6,0.7513922919541971
TxPert_official_cell_gat_k562_all_fixed2000_trrustTF,K562,RAD21,62,2000,86,0.9810472691862181,0.9812255295061086,0.7391147044370976,0.71026935232794,0.64,0.5934904524972104
TxPert_official_cell_gat_k562_all_fixed2000_trrustTF,K562,RAD51,227,2000,86,0.9935160472419737,0.9937355535638474,0.27421487853016757,0.21092504363413367,0.44,0.4244043098299522
TxPert_official_cell_gat_k562_all_fixed2000_trrustTF,K562,RAD51C,59,2000,86,0.9933527577658027,0.9925090806170103,0.09228372537809851,0.0632954384640785,0.48,0.5842705882017654
TxPert_official_cell_gat_k562_all_fixed2000_trrustTF,K562,RAE1,51,2000,86,0.988565733033141,0.983055804519081,0.45989235181270655,0.45320062267088074,0.44,0.45636539236327256
TxPert_official_cell_gat_k562_all_fixed2000_trrustTF,K562,RAN,79,2000,86,0.9837212375876923,0.9780178310297655,0.4139987074538425,0.37453653474220483,0.4,0.3719839036625984
TxPert_official_cell_gat_k562_all_fixed2000_trrustTF,K562,RANGAP1,120,2000,86,0.9950759023377566,0.9932827020142458,0.716502337304857,0.7234963913392141,0.56,0.6533624384150196
TxPert_official_cell_gat_k562_all_fixed2000_trrustTF,K562,RARS,334,2000,86,0.986172440364818,0.9825086088966462,0.8497243397444803,0.7896693240247181,0.68,0.7826466224417605
TxPert_official_cell_gat_k562_all_fixed2000_trrustTF,K562,RARS2,139,2000,86,0.9982789511767026,0.9973772347752252,0.8027824809117811,0.7825935185621963,0.68,0.7301605501195543
TxPert_official_cell_gat_k562_all_fixed2000_trrustTF,K562,RBBP4,65,2000,86,0.996518800249238,0.992320392471343,0.6025508214401079,0.5929430633520448,0.48,0.47642910469688254
TxPert_official_cell_gat_k562_all_fixed2000_trrustTF,K562,RBBP6,70,2000,86,0.9892288895361124,0.9868484362469927,0.46556006730812116,0.3294966743714326,0.48,0.5046679540642025
TxPert_official_cell_gat_k562_all_fixed2000_trrustTF,K562,RBBP8,114,2000,86,0.9872565753656792,0.9864710599556582,-0.2674598376987096,-0.3032124156799849,0.32,0.4160072663759352
TxPert_official_cell_gat_k562_all_fixed2000_trrustTF,K562,RBM14,199,2000,86,0.9860782140327566,0.9852445870088211,-0.0743601422435321,-0.10692013774234631,0.36,0.4667886223620573
TxPert_official_cell_gat_k562_all_fixed2000_trrustTF,K562,RBM17,50,2000,86,0.9901367582110077,0.9904523798292372,0.14664994876985132,0.10548610783527523,0.56,0.5581695144707316
TxPert_official_cell_gat_k562_all_fixed2000_trrustTF,K562,RBM19,37,2000,86,0.9944516538866237,0.9925090806170103,0.08672165434528119,0.016500778338600877,0.4,0.4690561525235642
TxPert_official_cell_gat_k562_all_fixed2000_trrustTF,K562,RBM25,53,2000,86,0.9828275172256652,0.9793952544931364,0.8706670460148911,0.8424831359969809,0.68,0.7907887462717755
TxPert_official_cell_gat_k562_all_fixed2000_trrustTF,K562,RBM28,55,2000,86,0.9928861624863017,0.9898674465776687,0.6235735149383582,0.6218500872682673,0.44,0.4431828484333808
TxPert_official_cell_gat_k562_all_fixed2000_trrustTF,K562,RBM39,49,2000,86,0.9841610454223955,0.9795839426388037,0.6033572828509733,0.49908957969715556,0.48,0.48654399273405474
TxPert_official_cell_gat_k562_all_fixed2000_trrustTF,K562,RBM4,128,2000,86,0.9949648988586959,0.9917354592197746,0.5259780399784084,0.5162413321383085,0.52,0.5437620875858317
TxPert_official_cell_gat_k562_all_fixed2000_trrustTF,K562,RBM42,68,2000,86,0.9873466841811028,0.9856030944855889,0.5162586403234514,0.43057691400537756,0.56,0.5386271214163588
TxPert_official_cell_gat_k562_all_fixed2000_trrustTF,K562,RBM48,55,2000,86,0.9959885533744971,0.9952450587291852,0.6994563377162628,0.6147742818057456,0.56,0.5874515450737191
TxPert_official_cell_gat_k562_all_fixed2000_trrustTF,K562,RBM8A,17,2000,86,0.9809971318972974,0.9817161186848437,0.6387279983091443,0.6191141091560922,0.48,0.4367847118969462
TxPert_official_cell_gat_k562_all_fixed2000_trrustTF,K562,RBMX,110,2000,86,0.9837726194843378,0.9814519552809093,0.773139260250125,0.7718760318882966,0.56,0.6338015424890415
TxPert_official_cell_gat_k562_all_fixed2000_trrustTF,K562,RBMX2,225,2000,86,0.9933153035451887,0.992584555875277,0.8211529050245112,0.8309920279258456,0.72,0.8116844951558955
TxPert_official_cell_gat_k562_all_fixed2000_trrustTF,K562,RBX1,41,2000,86,0.9860976890110646,0.987320156611161,0.25898345684357915,0.30392943063352046,0.4,0.4792355391688238
TxPert_official_cell_gat_k562_all_fixed2000_trrustTF,K562,RCC1,162,2000,86,0.9627415220582612,0.9613377989527807,0.588228163453383,0.5169206094627106,0.56,0.5357249444730663
TxPert_official_cell_gat_k562_all_fixed2000_trrustTF,K562,RCL1,104,2000,86,0.9849978248807024,0.9850181612340204,0.08657057559059567,0.13086466342752018,0.28,0.30855407041075256
TxPert_official_cell_gat_k562_all_fixed2000_trrustTF,K562,REXO2,65,2000,86,0.9955647403809607,0.9953394028020189,-0.019389558574340188,-0.025746497476296044,0.28,0.3925832264119426
TxPert_official_cell_gat_k562_all_fixed2000_trrustTF,K562,RFC1,108,2000,86,0.992315652922098,0.9935657342327467,0.34569912243091905,0.26656917779140527,0.4,0.47126316459886175
TxPert_official_cell_gat_k562_all_fixed2000_trrustTF,K562,RFC2,85,2000,86,0.9922206533930412,0.9929053257229115,0.5542532134834495,0.4733525166281428,0.48,0.5581422041790657
TxPert_official_cell_gat_k562_all_fixed2000_trrustTF,K562,RFC3,211,2000,86,0.99570340460247,0.9946789942921834,0.4585374760372957,0.3221000990612764,0.6,0.5949945259166551
TxPert_official_cell_gat_k562_all_fixed2000_trrustTF,K562,RFC4,58,2000,86,0.9939610602477805,0.9940751922260483,0.44254664197531113,0.33294966743714327,0.52,0.6231227454773869
TxPert_official_cell_gat_k562_all_fixed2000_trrustTF,K562,RFC5,101,2000,86,0.9953490443802586,0.9948865512524174,0.4209692026131439,0.2547572998726355,0.44,0.5858825742900672
TxPert_official_cell_gat_k562_all_fixed2000_trrustTF,K562,RINT1,143,2000,86,0.9950419466192715,0.9935846030473134,0.394420130476077,0.38661257606490873,0.4,0.5085725603375579
TxPert_official_cell_gat_k562_all_fixed2000_trrustTF,K562,RIOK1,290,2000,86,0.9943268213042623,0.9936600783055803,0.31904275755091743,0.3936129062691636,0.4,0.397738232272552
TxPert_official_cell_gat_k562_all_fixed2000_trrustTF,K562,RIOK2,161,2000,86,0.9917811442727875,0.9914712958158403,0.403549211729713,0.4945233265720081,0.44,0.5314982931162114
TxPert_official_cell_gat_k562_all_fixed2000_trrustTF,K562,RMI1,195,2000,86,0.9991516781609253,0.9982263314307278,0.4681878426421577,0.401952922307656,0.36,0.4407915304340144
TxPert_official_cell_gat_k562_all_fixed2000_trrustTF,K562,RNASEH2C,89,2000,86,0.9972877886272082,0.9972451530732581,0.41860154506272795,0.4705033256285674,0.32,0.32772412128475736
TxPert_official_cell_gat_k562_all_fixed2000_trrustTF,K562,RNF113A,170,2000,86,0.9811591772389308,0.9798669748573047,0.8094479585025717,0.7848200386810698,0.6,0.6932952147684205
TxPert_official_cell_gat_k562_all_fixed2000_trrustTF,K562,RNF20,118,2000,86,0.9907059031241093,0.9897164960611349,0.7140068744655039,0.570300485871975,0.44,0.5554180297688452
TxPert_official_cell_gat_k562_all_fixed2000_trrustTF,K562,RNF40,185,2000,86,0.9916218197308652,0.9895655455446012,0.49842558774989487,0.36904570970328787,0.32,0.47140985621824755
TxPert_official_cell_gat_k562_all_fixed2000_trrustTF,K562,RNGTT,110,2000,86,0.9959783088431131,0.995056370583518,0.3580041383159961,0.2916269635360158,0.4,0.441606706385685
TxPert_official_cell_gat_k562_all_fixed2000_trrustTF,K562,RNMT,106,2000,86,0.9932541905575467,0.9939997169677814,0.6189897992912013,0.5882824661540639,0.48,0.5519477158012964
TxPert_official_cell_gat_k562_all_fixed2000_trrustTF,K562,RNPC3,74,2000,86,0.9966129688662444,0.992867588093778,0.6499791599455665,0.5862823718099911,0.52,0.5547849585219321
TxPert_official_cell_gat_k562_all_fixed2000_trrustTF,K562,RNPS1,51,2000,86,0.9884332643063946,0.9881126468229634,0.135509924339847,-0.04506816359262229,0.32,0.40013064720116454
TxPert_official_cell_gat_k562_all_fixed2000_trrustTF,K562,ROMO1,80,2000,86,0.9924760055235414,0.9889240058493325,0.5732665582083933,0.533072314731827,0.48,0.5382753237451241
TxPert_official_cell_gat_k562_all_fixed2000_trrustTF,K562,RPA1,337,2000,86,0.9724976605087791,0.9736213972357186,0.643431491244061,0.6125100240577385,0.48,0.4785546388855048
TxPert_official_cell_gat_k562_all_fixed2000_trrustTF,K562,RPA2,177,2000,86,0.9908700488229626,0.9913392141138733,0.6832930653511482,0.6417378178215952,0.56,0.5405546189007349
TxPert_official_cell_gat_k562_all_fixed2000_trrustTF,K562,RPA3,158,2000,86,0.9915060064467254,0.9906221991603376,0.678206355565212,0.5905655927166376,0.56,0.6371846153986047
TxPert_official_cell_gat_k562_all_fixed2000_trrustTF,K562,RPAP1,88,2000,86,0.9836501478006126,0.9833954431812821,0.7118060069435911,0.6964196424359639,0.52,0.5845718603077981
TxPert_official_cell_gat_k562_all_fixed2000_trrustTF,K562,RPAP2,373,2000,86,0.9677733027887757,0.9701495353554411,0.6495072676295394,0.6049247606019152,0.52,0.5000921276213878
TxPert_official_cell_gat_k562_all_fixed2000_trrustTF,K562,RPF1,108,2000,86,0.9900568919656059,0.9892447756969668,0.6580833746549832,0.6211519411292986,0.52,0.5378487259998174
TxPert_official_cell_gat_k562_all_fixed2000_trrustTF,K562,RPF2,59,2000,86,0.9938126109054293,0.9914146893721402,0.7214370979336704,0.6613236473418557,0.48,0.5666939515932462
TxPert_official_cell_gat_k562_all_fixed2000_trrustTF,K562,RPL10,215,2000,86,0.966982881670412,0.9610736355488466,0.6524904104950101,0.5845841784989858,0.52,0.5370606317290306
TxPert_official_cell_gat_k562_all_fixed2000_trrustTF,K562,RPL10A,195,2000,86,0.9816121916901883,0.98052738336714,0.7064673682900573,0.715609226850323,0.48,0.5312441943515471
TxPert_official_cell_gat_k562_all_fixed2000_trrustTF,K562,RPL11,315,2000,86,0.9682511595713972,0.9615076182838813,0.6819237615812593,0.6501533091183547,0.52,0.5397350834498238
TxPert_official_cell_gat_k562_all_fixed2000_trrustTF,K562,RPL12,185,2000,86,0.9678525058477649,0.9636209255153544,0.7462772639243224,0.6947214491249587,0.52,0.6066493279695865
TxPert_official_cell_gat_k562_all_fixed2000_trrustTF,K562,RPL13,243,2000,86,0.9708605677016203,0.9686966366338035,0.5775698574057339,0.5357516864003019,0.52,0.47599591722375834
TxPert_official_cell_gat_k562_all_fixed2000_trrustTF,K562,RPL13A,113,2000,86,0.9867216303958893,0.9860936836643237,0.4957456465840074,0.5162224633237417,0.44,0.42892234657637845
TxPert_official_cell_gat_k562_all_fixed2000_trrustTF,K562,RPL14,189,2000,86,0.9547289692869415,0.9497523468088116,0.6388132718529878,0.5968111703382235,0.56,0.5753473262008355
TxPert_official_cell_gat_k562_all_fixed2000_trrustTF,K562,RPL15,137,2000,86,0.9776063515182934,0.9746591820368886,0.734006959549927,0.7306665408745695,0.52,0.6606162249100594
TxPert_official_cell_gat_k562_all_fixed2000_trrustTF,K562,RPL17,134,2000,86,0.9518387577762552,0.9473560073588375,0.5944313264090813,0.5765083258644276,0.4,0.4181282403439517
TxPert_official_cell_gat_k562_all_fixed2000_trrustTF,K562,RPL18,229,2000,86,0.9612074192054488,0.9575074295957356,0.6446274704241131,0.60541534978065,0.48,0.5236818782402434
TxPert_official_cell_gat_k562_all_fixed2000_trrustTF,K562,RPL18A,58,2000,86,0.9942147813014087,0.9923015236567763,0.6734027983394121,0.6605877635737535,0.56,0.5653989030600082
TxPert_official_cell_gat_k562_all_fixed2000_trrustTF,K562,RPL19,226,2000,86,0.9785234387181272,0.9746591820368886,0.6835599351544795,0.6501721779329214,0.52,0.5201499570859255
TxPert_official_cell_gat_k562_all_fixed2000_trrustTF,K562,RPL21,214,2000,86,0.9743995928159906,0.9715269588188122,0.6827673454091836,0.6522288787206943,0.6,0.6420783786678773
TxPert_official_cell_gat_k562_all_fixed2000_trrustTF,K562,RPL23,361,2000,86,0.9836315478681598,0.9802820887777726,0.6797073992667358,0.6787961696306429,0.52,0.598342581214317
TxPert_official_cell_gat_k562_all_fixed2000_trrustTF,K562,RPL23A,84,2000,86,0.9582887207529031,0.9521864238879191,0.5951852384859562,0.5812255295061087,0.44,0.4493951888227597
TxPert_official_cell_gat_k562_all_fixed2000_trrustTF,K562,RPL24,431,2000,86,0.966327308299068,0.9577149865559695,0.6434734102563195,0.5896032831737346,0.52,0.5437182347691779
TxPert_official_cell_gat_k562_all_fixed2000_trrustTF,K562,RPL26,194,2000,86,0.9894536811264032,0.9869239115052597,0.7850323399647896,0.7602905797443277,0.64,0.6764936004694966
TxPert_official_cell_gat_k562_all_fixed2000_trrustTF,K562,RPL27,38,2000,86,0.9714824004862861,0.9655644134157271,0.6298955990160667,0.6388508891928864,0.52,0.48842099733941907
TxPert_official_cell_gat_k562_all_fixed2000_trrustTF,K562,RPL27A,174,2000,86,0.9717092460975885,0.9701117977263078,0.7036585871039619,0.6623614321430257,0.6,0.6441045218085703
TxPert_official_cell_gat_k562_all_fixed2000_trrustTF,K562,RPL30,334,2000,86,0.9639924242291739,0.9578470682579368,0.6395451330128221,0.5975659229208925,0.52,0.49660113943341355
TxPert_official_cell_gat_k562_all_fixed2000_trrustTF,K562,RPL31,250,2000,86,0.9810945681263772,0.9775838482947308,0.6672339173584909,0.6418510307089957,0.48,0.6001491740926245
TxPert_official_cell_gat_k562_all_fixed2000_trrustTF,K562,RPL32,158,2000,86,0.9675474789645296,0.9621868956082833,0.6566496405596816,0.6256993254398792,0.52,0.5237720785225649
TxPert_official_cell_gat_k562_all_fixed2000_trrustTF,K562,RPL34,249,2000,86,0.9759985348443421,0.9728666446530496,0.7226899081221505,0.6857398933911977,0.56,0.6331340623275041
TxPert_official_cell_gat_k562_all_fixed2000_trrustTF,K562,RPL35,36,2000,86,0.9612133243931,0.957752724185103,0.5179987531812703,0.4836737581961413,0.4,0.40356362222857384
TxPert_official_cell_gat_k562_all_fixed2000_trrustTF,K562,RPL35A,97,2000,86,0.9670198262362348,0.9591678852776074,0.6896614168908197,0.641417047973961,0.56,0.6008664891679293
TxPert_official_cell_gat_k562_all_fixed2000_trrustTF,K562,RPL36,187,2000,86,0.9723239034847988,0.968375866786169,0.6811114765709841,0.6519081088730599,0.56,0.6396698452368426
TxPert_official_cell_gat_k562_all_fixed2000_trrustTF,K562,RPL36A,76,2000,86,0.9948570148490677,0.9924902118024433,0.43508626707953785,0.44021887824897404,0.36,0.38517636302283503
TxPert_official_cell_gat_k562_all_fixed2000_trrustTF,K562,RPL37,311,2000,86,0.9848176259521633,0.9828105099297135,0.6490376183585482,0.6490777866880514,0.6,0.6284460645148865
TxPert_official_cell_gat_k562_all_fixed2000_trrustTF,K562,RPL37A,295,2000,86,0.9688855046904806,0.9636775319590547,0.6545452032019056,0.6472663804896457,0.6,0.6227697692212948
TxPert_official_cell_gat_k562_all_fixed2000_trrustTF,K562,RPL38,169,2000,86,0.9662419016389531,0.9630737298929195,0.6045690775125917,0.5821501014198782,0.52,0.5309960640150162
TxPert_official_cell_gat_k562_all_fixed2000_trrustTF,K562,RPL39,31,2000,86,0.9899903712891296,0.9860748148497569,0.5682423691841745,0.523675645077598,0.48,0.5466061117536679
TxPert_official_cell_gat_k562_all_fixed2000_trrustTF,K562,RPL4,257,2000,86,0.9674174452660856,0.9623567149393839,0.661612193031786,0.614812019434879,0.6,0.6423911779141414
TxPert_official_cell_gat_k562_all_fixed2000_trrustTF,K562,RPL5,154,2000,86,0.9716187169172616,0.9650738242369923,0.70657072113486,0.692438322562385,0.52,0.5731175250042408
TxPert_official_cell_gat_k562_all_fixed2000_trrustTF,K562,RPL6,247,2000,86,0.9765203053964996,0.9726024812491155,0.6453119510793421,0.6880984952120383,0.4,0.42551138723722404
TxPert_official_cell_gat_k562_all_fixed2000_trrustTF,K562,RPL7,237,2000,86,0.9704832939434374,0.9653568564554932,0.6521208550678914,0.6140006604085099,0.52,0.5257024238056595
TxPert_official_cell_gat_k562_all_fixed2000_trrustTF,K562,RPL7L1,23,2000,86,0.9808641901483885,0.9813576112080757,0.3161151760700751,0.3127977734798811,0.44,0.3393388876987955
TxPert_official_cell_gat_k562_all_fixed2000_trrustTF,K562,RPL8,290,2000,86,0.9802846094516936,0.978187650360866,0.7109525408226443,0.7126845605924808,0.56,0.6298843295730129
TxPert_official_cell_gat_k562_all_fixed2000_trrustTF,K562,RPL9,180,2000,86,0.9681686641690579,0.9655832822302938,0.5500628893878144,0.5587905089862729,0.52,0.4519943115965445
TxPert_official_cell_gat_k562_all_fixed2000_trrustTF,K562,RPLP0,136,2000,86,0.9704867030323873,0.9693004386999386,0.5942562815224188,0.535261097221567,0.56,0.5075522938591611
TxPert_official_cell_gat_k562_all_fixed2000_trrustTF,K562,RPLP1,96,2000,86,0.9955434529144279,0.9926788999481106,0.5585371051051244,0.5557714986555969,0.52,0.4546338600236343
TxPert_official_cell_gat_k562_all_fixed2000_trrustTF,K562,RPLP2,199,2000,86,0.9933990710858486,0.9913769517430067,0.24241245725615446,0.19807538091419405,0.56,0.5223259323988418
TxPert_official_cell_gat_k562_all_fixed2000_trrustTF,K562,RPP14,53,2000,86,0.9901785316109056,0.9890183499221661,0.25442298178388034,0.32132647766404077,0.36,0.5250719560702564
TxPert_official_cell_gat_k562_all_fixed2000_trrustTF,K562,RPP30,97,2000,86,0.9891668302985593,0.9878296146044624,0.2947864747410791,0.3384782301051937,0.4,0.4683536687972749
TxPert_official_cell_gat_k562_all_fixed2000_trrustTF,K562,RPP38,49,2000,86,0.9948731563026647,0.993471390159913,0.4889466314995476,0.44652106231426003,0.44,0.4248939936355943
TxPert_official_cell_gat_k562_all_fixed2000_trrustTF,K562,RPP40,78,2000,86,0.9947970023753734,0.9930185386103118,0.19150351522334977,0.25498372564743615,0.4,0.3716403747778533
TxPert_official_cell_gat_k562_all_fixed2000_trrustTF,K562,RPS10,93,2000,86,0.9940567188293579,0.9919241473654418,0.36477076316833035,0.37806500306618235,0.36,0.382356340402066
TxPert_official_cell_gat_k562_all_fixed2000_trrustTF,K562,RPS11,233,2000,86,0.9828319688523026,0.9819236756450777,0.5990585509673015,0.6198688617387612,0.48,0.5775568266761528
TxPert_official_cell_gat_k562_all_fixed2000_trrustTF,K562,RPS12,424,2000,86,0.9893615904807287,0.9887353177036652,0.3081095238422007,0.39180150007075804,0.36,0.4500372081175303
TxPert_official_cell_gat_k562_all_fixed2000_trrustTF,K562,RPS13,127,2000,86,0.9745270536952548,0.9713194018585782,0.4585060390555954,0.5188452285485164,0.4,0.5417102291036997
TxPert_official_cell_gat_k562_all_fixed2000_trrustTF,K562,RPS14,156,2000,86,0.9816201776833373,0.981338742393509,0.3397260548006586,0.44020000943440724,0.36,0.38838840664482305
TxPert_official_cell_gat_k562_all_fixed2000_trrustTF,K562,RPS15,18,2000,86,0.981240739438737,0.9781121751025992,0.2959313551555357,0.4064437001745365,0.28,0.33319511352136566
TxPert_official_cell_gat_k562_all_fixed2000_trrustTF,K562,RPS15A,257,2000,86,0.9704086205612694,0.9696778149912731,0.3226723388631781,0.40282088777772534,0.32,0.44662834559363707
TxPert_official_cell_gat_k562_all_fixed2000_trrustTF,K562,RPS16,54,2000,86,0.9788646581339578,0.9766026699372611,0.24188034302451533,0.3177980093400632,0.44,0.4487313702278401
TxPert_official_cell_gat_k562_all_fixed2000_trrustTF,K562,RPS17,159,2000,86,0.9869840302902787,0.9852634558233878,0.4478534338518833,0.5230152365677627,0.44,0.47855856382291767
TxPert_official_cell_gat_k562_all_fixed2000_trrustTF,K562,RPS18,119,2000,86,0.9666454686831082,0.9659040520779282,0.2949963966784417,0.35923392612859095,0.28,0.33746551566093924
TxPert_official_cell_gat_k562_all_fixed2000_trrustTF,K562,RPS19,410,2000,86,0.9625415372515415,0.9656021510448605,0.40136372863853303,0.46538987688098493,0.36,0.4678597427584507
TxPert_official_cell_gat_k562_all_fixed2000_trrustTF,K562,RPS19BP1,50,2000,86,0.9880078028448985,0.986206896551724,-0.003888466904653692,0.030067456012076037,0.32,0.4354578432154349
TxPert_official_cell_gat_k562_all_fixed2000_trrustTF,K562,RPS2,50,2000,86,0.9774927415210406,0.9751875088447567,0.3286842461233582,0.33455351667531485,0.4,0.40388866859243894
TxPert_official_cell_gat_k562_all_fixed2000_trrustTF,K562,RPS20,179,2000,86,0.9739338449825171,0.9696212085475729,0.4782849217201105,0.4971649606113496,0.4,0.5352925454713766
TxPert_official_cell_gat_k562_all_fixed2000_trrustTF,K562,RPS21,63,2000,86,0.9630529535787649,0.962413321383084,0.04228141471295788,0.115241284966272,0.44,0.40989392919272405
TxPert_official_cell_gat_k562_all_fixed2000_trrustTF,K562,RPS23,98,2000,86,0.965962339877609,0.9626586159724515,0.4434339692306538,0.5359781121751026,0.48,0.4405488797857758
TxPert_official_cell_gat_k562_all_fixed2000_trrustTF,K562,RPS24,213,2000,86,0.9748633803272269,0.973998773527053,0.4706384486233783,0.5068069248549459,0.36,0.46315733827224953
TxPert_official_cell_gat_k562_all_fixed2000_trrustTF,K562,RPS26,73,2000,86,0.9744379105051533,0.970508042832209,0.4329316790404999,0.48705127600358505,0.32,0.4117408127363033
TxPert_official_cell_gat_k562_all_fixed2000_trrustTF,K562,RPS27,161,2000,86,0.9964665949296578,0.9944714373319494,0.5701748730574028,0.4858814095004481,0.44,0.5508237979342427
TxPert_official_cell_gat_k562_all_fixed2000_trrustTF,K562,RPS27A,88,2000,86,0.967462657825166,0.9663569036275296,0.3787890769407739,0.4441435916788528,0.32,0.3958919544251356
TxPert_official_cell_gat_k562_all_fixed2000_trrustTF,K562,RPS28,262,2000,86,0.9763029265437769,0.9724137931034482,0.22037828351098215,0.31693004386999385,0.28,0.3054946757681789
TxPert_official_cell_gat_k562_all_fixed2000_trrustTF,K562,RPS29,211,2000,86,0.982111774754564,0.9811123166187085,0.5486172364018431,0.5913769517430066,0.44,0.5522178202187789
TxPert_official_cell_gat_k562_all_fixed2000_trrustTF,K562,RPS3,252,2000,86,0.9689903024523647,0.9685645549318364,0.32309631849135045,0.42682201990659935,0.28,0.365398516314075
TxPert_official_cell_gat_k562_all_fixed2000_trrustTF,K562,RPS3A,120,2000,86,0.9736706878424369,0.9729232510967498,0.2600701934361725,0.3570640124534176,0.32,0.3610513803859203
TxPert_official_cell_gat_k562_all_fixed2000_trrustTF,K562,RPS4X,175,2000,86,0.9933606779423627,0.9917543280343413,0.5088182045881287,0.5723571866597481,0.28,0.3461652173335953
TxPert_official_cell_gat_k562_all_fixed2000_trrustTF,K562,RPS5,127,2000,86,0.9855841053392891,0.9814519552809093,0.44545533889095057,0.4698995235624322,0.36,0.4398158065028586
TxPert_official_cell_gat_k562_all_fixed2000_trrustTF,K562,RPS6,165,2000,86,0.9772241843769323,0.9756214915797914,0.6455912126962428,0.6478324449266474,0.44,0.5526028722901919
TxPert_official_cell_gat_k562_all_fixed2000_trrustTF,K562,RPS7,244,2000,86,0.972277450873505,0.9704514363885088,0.4931686927752319,0.5323364309637247,0.36,0.47473894610199213
TxPert_official_cell_gat_k562_all_fixed2000_trrustTF,K562,RPS9,217,2000,86,0.9880825106430527,0.9858295202603896,0.3963304229090933,0.4360677390442945,0.32,0.41126527808172897
TxPert_official_cell_gat_k562_all_fixed2000_trrustTF,K562,RPSA,191,2000,86,0.9768188573355788,0.9737534789376857,0.4925925376287252,0.5128826831454313,0.4,0.4616652880595682
TxPert_official_cell_gat_k562_all_fixed2000_trrustTF,K562,RPTOR,81,2000,86,0.9946855113584412,0.9949431576961177,0.6159462717142044,0.6093023255813953,0.56,0.5634052940730202
TxPert_official_cell_gat_k562_all_fixed2000_trrustTF,K562,RPUSD4,118,2000,86,0.9968755708546341,0.9959809424972875,0.46513531115819945,0.4135195056370583,0.48,0.4536850294804887
TxPert_official_cell_gat_k562_all_fixed2000_trrustTF,K562,RRM1,65,2000,86,0.9833644287708765,0.98162177461201,0.5367554038631477,0.44050191046747483,0.56,0.6007438651280762
TxPert_official_cell_gat_k562_all_fixed2000_trrustTF,K562,RRN3,38,2000,86,0.9828176855922538,0.9809802349167414,0.1884249102858151,0.23586961649134394,0.36,0.4490035133136628
TxPert_official_cell_gat_k562_all_fixed2000_trrustTF,K562,RRP1,90,2000,86,0.9935723706387224,0.9917354592197746,0.6563599671222089,0.6359073541204774,0.6,0.6004314651474361
TxPert_official_cell_gat_k562_all_fixed2000_trrustTF,K562,RRP12,191,2000,86,0.9841440106825019,0.9826595594131797,0.18870822980873184,0.29623095429029667,0.32,0.34465310924729353
TxPert_official_cell_gat_k562_all_fixed2000_trrustTF,K562,RRP7A,40,2000,86,0.9908905636001958,0.9890749563658662,0.4466185863780574,0.4200858531062786,0.36,0.46003340781720176
TxPert_official_cell_gat_k562_all_fixed2000_trrustTF,K562,RRP9,92,2000,86,0.9914674352804784,0.9901504787961696,-0.2392673451742211,-0.17013066654087458,0.32,0.3369911651817118
TxPert_official_cell_gat_k562_all_fixed2000_trrustTF,K562,RRS1,64,2000,86,0.9858615012178282,0.9846973913863862,0.7527838111830857,0.740912307184301,0.56,0.6349777208160339
TxPert_official_cell_gat_k562_all_fixed2000_trrustTF,K562,RSL1D1,124,2000,86,0.9934709249779599,0.993150620312279,0.632228342571802,0.5910561818953723,0.56,0.5888596661557097
TxPert_official_cell_gat_k562_all_fixed2000_trrustTF,K562,RSL24D1,116,2000,86,0.9923619620935116,0.9908674937497051,0.7204473053213128,0.7168734374262936,0.48,0.6130805279454475
TxPert_official_cell_gat_k562_all_fixed2000_trrustTF,K562,RTCB,152,2000,86,0.998283535763931,0.9970942025567242,0.4193758108577869,0.4452757205528562,0.52,0.4845081746227876
TxPert_official_cell_gat_k562_all_fixed2000_trrustTF,K562,RTF1,53,2000,86,0.9670869873429876,0.9681871786405019,0.7060994342014976,0.6569272135478088,0.56,0.6763984824654655
TxPert_official_cell_gat_k562_all_fixed2000_trrustTF,K562,RUVBL1,171,2000,86,0.9558482299993285,0.96111137317798,0.707528203856931,0.6481909524034152,0.48,0.5590415270333755
TxPert_official_cell_gat_k562_all_fixed2000_trrustTF,K562,SAE1,104,2000,86,0.9940446037445039,0.9935091277890467,0.5863026329102975,0.5422425586112551,0.6,0.5710688064896369
TxPert_official_cell_gat_k562_all_fixed2000_trrustTF,K562,SAMM50,94,2000,86,0.9925345376531753,0.9918864097363082,0.7284340045207428,0.6620972687390915,0.6,0.5857053335867921
TxPert_official_cell_gat_k562_all_fixed2000_trrustTF,K562,SAP130,99,2000,86,0.9963199591293525,0.9958488607953204,0.23854453975950957,0.16471531676022452,0.48,0.48842186439241303
TxPert_official_cell_gat_k562_all_fixed2000_trrustTF,K562,SAP18,40,2000,86,0.9954670176442963,0.9924713429878766,0.37929473377783157,0.3268173027029577,0.4,0.4155178928220848
TxPert_official_cell_gat_k562_all_fixed2000_trrustTF,K562,SARS,24,2000,86,0.9812742650596036,0.9783197320628332,0.7394142426114501,0.699834897872541,0.6,0.6561406214181849
TxPert_official_cell_gat_k562_all_fixed2000_trrustTF,K562,SARS2,150,2000,86,0.9985568958841621,0.9977546110665597,-0.009319554014491012,-0.04848341902919949,0.32,0.33446311741645973
TxPert_official_cell_gat_k562_all_fixed2000_trrustTF,K562,SART1,247,2000,86,0.9911258705930441,0.9910939195245059,0.819791624427177,0.8063116184725694,0.68,0.7169857168709465
TxPert_official_cell_gat_k562_all_fixed2000_trrustTF,K562,SART3,142,2000,86,0.9932388983000313,0.9908863625642718,0.7832681898997855,0.6700221708571159,0.64,0.7210725504039734
TxPert_official_cell_gat_k562_all_fixed2000_trrustTF,K562,SBNO1,127,2000,86,0.9988987512644626,0.9982452002452945,0.4820728307186424,0.203358648992877,0.52,0.4979119060223219
TxPert_official_cell_gat_k562_all_fixed2000_trrustTF,K562,SCAF1,158,2000,86,0.9946710254526009,0.9936034718618802,0.7485943200923286,0.7241001934053493,0.68,0.7055676560349559
TxPert_official_cell_gat_k562_all_fixed2000_trrustTF,K562,SCFD1,103,2000,86,0.9608504712592242,0.9636020567007877,0.5629913254423625,0.5342044436058304,0.44,0.44999437380583784
TxPert_official_cell_gat_k562_all_fixed2000_trrustTF,K562,SDAD1,210,2000,86,0.9895590943893384,0.9865087975847917,0.7541405335076451,0.7097976319637719,0.6,0.6873674969982126
TxPert_official_cell_gat_k562_all_fixed2000_trrustTF,K562,SDC1,170,2000,86,0.9910201759454974,0.9892825133261002,0.5509717366561475,0.5517901787820181,0.52,0.5519413216402398
TxPert_official_cell_gat_k562_all_fixed2000_trrustTF,K562,SDE2,134,2000,86,0.9985954859721926,0.9974904476626255,0.6251202135144123,0.6227746591820369,0.44,0.4897566405726278
TxPert_official_cell_gat_k562_all_fixed2000_trrustTF,K562,SDHC,91,2000,86,0.9953285434461111,0.9931694891268457,-0.011792292690625502,0.000424548327751309,0.36,0.3807104201025421
TxPert_official_cell_gat_k562_all_fixed2000_trrustTF,K562,SEC13,43,2000,86,0.9909832684556318,0.9881315156375301,0.6397911715921334,0.6652294919571677,0.52,0.637337091723752
TxPert_official_cell_gat_k562_all_fixed2000_trrustTF,K562,SEC61A1,129,2000,86,0.9892507095318024,0.9865087975847917,0.8208450671677252,0.8403132223218075,0.6,0.6265614512123612
TxPert_official_cell_gat_k562_all_fixed2000_trrustTF,K562,SEC61G,74,2000,86,0.990037443981433,0.9890372187367328,0.8318004563621124,0.800103778480117,0.64,0.7138973378876186
TxPert_official_cell_gat_k562_all_fixed2000_trrustTF,K562,SEH1L,59,2000,86,0.9939099990906722,0.9911127883390726,0.5695708426731176,0.6010566536157366,0.48,0.554327728778591
TxPert_official_cell_gat_k562_all_fixed2000_trrustTF,K562,SERBP1,94,2000,86,0.9940470156327788,0.9925468182461437,0.045499421515360815,0.018217840464172838,0.48,0.5003463127868124
TxPert_official_cell_gat_k562_all_fixed2000_trrustTF,K562,SETD1A,60,2000,86,0.9795160407009224,0.9758290485400254,0.6908577868035942,0.6382848247558847,0.6,0.6240668529662671
TxPert_official_cell_gat_k562_all_fixed2000_trrustTF,K562,SETDB1,123,2000,86,0.9962631256072908,0.9970753337421575,-0.07575845917045503,0.034992216613991226,0.4,0.4877746945891949
TxPert_official_cell_gat_k562_all_fixed2000_trrustTF,K562,SF1,18,2000,86,0.9914676538281962,0.9880749091938298,0.5204944281558425,0.5160715128072079,0.52,0.5116232772318626
TxPert_official_cell_gat_k562_all_fixed2000_trrustTF,K562,SF3A1,165,2000,86,0.9769910401733116,0.9716401717062124,0.7151727497477719,0.7171753384593612,0.56,0.5168679221552347
TxPert_official_cell_gat_k562_all_fixed2000_trrustTF,K562,SF3A2,236,2000,86,0.9932286058506014,0.9933204396433795,0.7025930027843604,0.639435822444455,0.48,0.5182983306097307
TxPert_official_cell_gat_k562_all_fixed2000_trrustTF,K562,SF3B2,197,2000,86,0.9698001493815037,0.9670927873956319,0.8179122513964162,0.8444832303410538,0.56,0.5668046387307847
TxPert_official_cell_gat_k562_all_fixed2000_trrustTF,K562,SF3B3,215,2000,86,0.9832012594002622,0.9809802349167414,0.8022576180742446,0.8136704561535921,0.6,0.6013899309177104
TxPert_official_cell_gat_k562_all_fixed2000_trrustTF,K562,SF3B4,163,2000,86,0.9860379902471986,0.983055804519081,0.8664513339840362,0.8420868908910796,0.72,0.8185854926951392
TxPert_official_cell_gat_k562_all_fixed2000_trrustTF,K562,SF3B5,55,2000,86,0.9497714978225121,0.9354875229963676,0.7270793982078259,0.7025520071701495,0.48,0.5378249621507483
TxPert_official_cell_gat_k562_all_fixed2000_trrustTF,K562,SFPQ,185,2000,86,0.9198138555758142,0.9280154724279448,0.7487344626066537,0.6666257842351054,0.56,0.6493381645413926
TxPert_official_cell_gat_k562_all_fixed2000_trrustTF,K562,SFSWAP,145,2000,86,0.994994351546665,0.9929619321666117,0.12392333815057935,0.19611302419925467,0.44,0.49849853258745835
TxPert_official_cell_gat_k562_all_fixed2000_trrustTF,K562,SIN3A,217,2000,86,0.997991238966703,0.9961507618283881,0.6470417469769462,0.5649228737204586,0.6,0.7067728903675072
TxPert_official_cell_gat_k562_all_fixed2000_trrustTF,K562,SKA3,109,2000,86,0.9915446037423821,0.9900372659087692,0.23643927468624903,0.32145855936600787,0.44,0.4354147088070528
TxPert_official_cell_gat_k562_all_fixed2000_trrustTF,K562,SKP1,62,2000,86,0.9897171419725875,0.9898108401339685,0.40605283085356997,0.2791546771074107,0.52,0.5072792555071277
TxPert_official_cell_gat_k562_all_fixed2000_trrustTF,K562,SLBP,63,2000,86,0.9940657474026713,0.991282607670173,0.5770657840007732,0.527656964951177,0.56,0.5088605599509175
TxPert_official_cell_gat_k562_all_fixed2000_trrustTF,K562,SLC39A9,724,2000,86,0.9993846302588275,0.9986037077220623,0.6038118155443761,0.6077550827869239,0.44,0.5176432956818673
TxPert_official_cell_gat_k562_all_fixed2000_trrustTF,K562,SLC7A5,344,2000,86,0.9973276831261861,0.9967356950799566,0.6049885771541338,0.6224161517052691,0.52,0.5501060821937853
TxPert_official_cell_gat_k562_all_fixed2000_trrustTF,K562,SLC7A6OS,36,2000,86,0.9913432649025171,0.987999433935563,0.6797992958044696,0.6946082362375583,0.44,0.5808172510718314
TxPert_official_cell_gat_k562_all_fixed2000_trrustTF,K562,SLU7,195,2000,86,0.9745288533316253,0.9738855606396528,0.7385525415450669,0.746686164441719,0.6,0.640437638730261
TxPert_official_cell_gat_k562_all_fixed2000_trrustTF,K562,SMARCB1,118,2000,86,0.9958726328096589,0.9943582244445494,0.2462765042509692,0.16428133402518985,0.4,0.45335054701926636
TxPert_official_cell_gat_k562_all_fixed2000_trrustTF,K562,SMC1A,156,2000,86,0.9635040717252189,0.9623567149393839,0.6599346230879904,0.6403037879145242,0.56,0.6027925933504464
TxPert_official_cell_gat_k562_all_fixed2000_trrustTF,K562,SMC2,108,2000,86,0.9863506040118679,0.9839237699891504,0.6466805558086377,0.5949620265106844,0.44,0.5575420534283287
TxPert_official_cell_gat_k562_all_fixed2000_trrustTF,K562,SMC3,42,2000,86,0.9688855256267173,0.9688287183357703,0.618671698834412,0.5844143591678853,0.52,0.49825803793685736
TxPert_official_cell_gat_k562_all_fixed2000_trrustTF,K562,SMC4,169,2000,86,0.9783125866391528,0.9780933062880325,0.5187301595953782,0.5165621019859427,0.28,0.3672291637164473
TxPert_official_cell_gat_k562_all_fixed2000_trrustTF,K562,SMG5,82,2000,86,0.9945129350156736,0.9931128826831455,0.6245445154450213,0.5682437850842021,0.56,0.6120509143051026
TxPert_official_cell_gat_k562_all_fixed2000_trrustTF,K562,SMN2,319,2000,86,0.9737125082578679,0.9707722062361431,0.7993204060705628,0.7796688523043539,0.72,0.7651345970531632
TxPert_official_cell_gat_k562_all_fixed2000_trrustTF,K562,SMU1,101,2000,86,0.903340390915973,0.8968253219491484,0.6148877288141642,0.5989999528279636,0.56,0.6177088130564358
TxPert_official_cell_gat_k562_all_fixed2000_trrustTF,K562,SNAPC1,96,2000,86,0.9962193114393942,0.9959054672390208,0.8030977525992787,0.7540638709373082,0.52,0.6435076104221067
TxPert_official_cell_gat_k562_all_fixed2000_trrustTF,K562,SNAPC2,68,2000,86,0.9912687035897043,0.9883956790414641,0.41821770918532514,0.34623331289211756,0.36,0.40667232916073787
TxPert_official_cell_gat_k562_all_fixed2000_trrustTF,K562,SNAPC3,201,2000,86,0.9942457120948235,0.9929053257229115,0.4431686571661745,0.441860465116279,0.4,0.4292872129141041
TxPert_official_cell_gat_k562_all_fixed2000_trrustTF,K562,SNAPC5,90,2000,86,0.9950369195463943,0.9902448228690032,0.528339206478524,0.5432992122269918,0.56,0.5214136272822147
TxPert_official_cell_gat_k562_all_fixed2000_trrustTF,K562,SNIP1,43,2000,86,0.9804591881921412,0.9764894570498608,0.5988469721925913,0.5446577668757959,0.56,0.5686149303908901
TxPert_official_cell_gat_k562_all_fixed2000_trrustTF,K562,SNRNP200,92,2000,86,0.9611186545588759,0.9603943582244445,0.72284269752673,0.6497381951978867,0.6,0.6880053794837094
TxPert_official_cell_gat_k562_all_fixed2000_trrustTF,K562,SNRNP25,112,2000,86,0.9937864036631381,0.9918109344780414,0.5067115650549663,0.3988584367187132,0.44,0.5222687575649121
TxPert_official_cell_gat_k562_all_fixed2000_trrustTF,K562,SNRNP27,42,2000,86,0.9798274532789563,0.9791310910892023,-0.19380098998364,-0.11767536204537951,0.52,0.5222642063465017
TxPert_official_cell_gat_k562_all_fixed2000_trrustTF,K562,SNRNP35,159,2000,86,0.9960545225452305,0.9949620265106844,0.5343861931389444,0.491579791499599,0.48,0.5397479923324824
TxPert_official_cell_gat_k562_all_fixed2000_trrustTF,K562,SNRNP48,179,2000,86,0.9960807162538579,0.994094061040615,0.6587255421398707,0.5994905420066984,0.48,0.5727372219669609
TxPert_official_cell_gat_k562_all_fixed2000_trrustTF,K562,SNRNP70,85,2000,86,0.9708127670478874,0.9734704467191849,0.7575713393880832,0.7510448606066323,0.64,0.6658387327181295
TxPert_official_cell_gat_k562_all_fixed2000_trrustTF,K562,SNRPA1,79,2000,86,0.9673909242629047,0.9542997311193924,0.8183260703865812,0.8501061370819377,0.56,0.5896635453519196
TxPert_official_cell_gat_k562_all_fixed2000_trrustTF,K562,SNRPB,120,2000,86,0.9771893184652143,0.9746403132223217,0.8572221378342773,0.8481437803669982,0.68,0.7729079642815315
TxPert_official_cell_gat_k562_all_fixed2000_trrustTF,K562,SNRPC,28,2000,86,0.9780181016007187,0.9807726779565074,0.679631275824155,0.6658521628378697,0.48,0.5162592718527695
TxPert_official_cell_gat_k562_all_fixed2000_trrustTF,K562,SNRPD1,113,2000,86,0.9586755289103599,0.948695693193075,0.8583081520943662,0.8295013915750742,0.72,0.7642108185500986
TxPert_official_cell_gat_k562_all_fixed2000_trrustTF,K562,SNRPD3,120,2000,86,0.9672543793428681,0.9635454502570875,0.8512623575186717,0.8322185008726827,0.68,0.716147563838017
TxPert_official_cell_gat_k562_all_fixed2000_trrustTF,K562,SNRPE,128,2000,86,0.9779249782222559,0.9844520967970186,0.8577452943273851,0.8597858389546676,0.68,0.7196288764015902
TxPert_official_cell_gat_k562_all_fixed2000_trrustTF,K562,SNRPF,92,2000,86,0.9597050871666287,0.9600169819331099,0.8507629445347209,0.8382753903486013,0.68,0.71456640407888
TxPert_official_cell_gat_k562_all_fixed2000_trrustTF,K562,SNRPG,325,2000,86,0.9841886099687156,0.9845841784989858,0.7880420940904784,0.7582338789565545,0.68,0.6872159437775058
TxPert_official_cell_gat_k562_all_fixed2000_trrustTF,K562,SNW1,115,2000,86,0.991799896189719,0.9895466767300345,0.6563263788934437,0.669456106420114,0.52,0.5507227663453056
TxPert_official_cell_gat_k562_all_fixed2000_trrustTF,K562,SON,238,2000,86,0.9583442278443258,0.9505637058351808,0.7169744039968282,0.6918911269399499,0.6,0.6329848228966011
TxPert_official_cell_gat_k562_all_fixed2000_trrustTF,K562,SPC24,95,2000,86,0.9630630505386326,0.963583187886221,0.7430775587808284,0.7494410113684606,0.52,0.6245102177752699
TxPert_official_cell_gat_k562_all_fixed2000_trrustTF,K562,SPC25,181,2000,86,0.9819774133322559,0.9862635029954242,0.7069760237230542,0.6950233501580262,0.48,0.4719877694800234
TxPert_official_cell_gat_k562_all_fixed2000_trrustTF,K562,SPCS3,115,2000,86,0.9978121628447596,0.9968111703382235,0.8031607100687146,0.6395490353318553,0.56,0.7050604642714002
TxPert_official_cell_gat_k562_all_fixed2000_trrustTF,K562,SRBD1,143,2000,86,0.9947760950511154,0.9930562762394453,0.74013054948466,0.7062691636397943,0.6,0.6481735084189992
TxPert_official_cell_gat_k562_all_fixed2000_trrustTF,K562,SRFBP1,73,2000,86,0.9945905949275695,0.9932827020142458,0.3600477911855979,0.40214161045332325,0.4,0.42199376695921564
TxPert_official_cell_gat_k562_all_fixed2000_trrustTF,K562,SRP54,75,2000,86,0.9857618697858384,0.9816783810557101,0.6548299833764534,0.6076984763432237,0.64,0.6529504445440226
TxPert_official_cell_gat_k562_all_fixed2000_trrustTF,K562,SRP68,158,2000,86,0.995674695737124,0.9953960092457191,0.7905958909042178,0.7534978065003066,0.64,0.7608932826177299
TxPert_official_cell_gat_k562_all_fixed2000_trrustTF,K562,SRP72,204,2000,86,0.9952694515214987,0.9950941082126514,0.5199848542796611,0.5359215057314024,0.48,0.5564715433300531
TxPert_official_cell_gat_k562_all_fixed2000_trrustTF,K562,SRPRB,153,2000,86,0.9973197593615963,0.9964715316760224,0.7222942832829877,0.6687202226520118,0.56,0.6164161232524081
TxPert_official_cell_gat_k562_all_fixed2000_trrustTF,K562,SRRM1,136,2000,86,0.9961000599984693,0.9955092221331195,0.5428862617898484,0.5039388650408038,0.44,0.5276697752401899
TxPert_official_cell_gat_k562_all_fixed2000_trrustTF,K562,SRRM2,146,2000,86,0.9968746048286838,0.9962639747157884,0.43696398087996424,0.34087456955516765,0.36,0.4025967432862989
TxPert_official_cell_gat_k562_all_fixed2000_trrustTF,K562,SRRT,260,2000,86,0.9853379061982426,0.982225576678145,0.7321970198692304,0.6339638662201046,0.6,0.6529846552328735
TxPert_official_cell_gat_k562_all_fixed2000_trrustTF,K562,SRSF1,117,2000,86,0.9804410526857861,0.9810745789895751,0.489067668531472,0.36347940940610407,0.36,0.3871461636708891
TxPert_official_cell_gat_k562_all_fixed2000_trrustTF,K562,SRSF10,120,2000,86,0.9967715586764129,0.9954526156894191,0.28191445418776373,0.332553422331242,0.36,0.4543096895433065
TxPert_official_cell_gat_k562_all_fixed2000_trrustTF,K562,SRSF11,116,2000,86,0.9974328192855489,0.9964526628614556,-0.11197587124919132,-0.06737110241049106,0.44,0.3766461908246192
TxPert_official_cell_gat_k562_all_fixed2000_trrustTF,K562,SRSF2,40,2000,86,0.9912211000303819,0.9901693476107363,0.32579859426716584,0.2567196565875749,0.28,0.31326022682584076
TxPert_official_cell_gat_k562_all_fixed2000_trrustTF,K562,SRSF3,15,2000,86,0.9029002719799083,0.8926175763007689,0.6219114281747368,0.5914335581867068,0.4,0.47147031329259376
TxPert_official_cell_gat_k562_all_fixed2000_trrustTF,K562,SRSF7,100,2000,86,0.9741518561008456,0.9760177366856927,0.3001605394309577,0.31859049955186564,0.44,0.47379135680505596
TxPert_official_cell_gat_k562_all_fixed2000_trrustTF,K562,SS18L2,130,2000,86,0.9981685050879561,0.9958677296098871,0.4420721573745145,0.3581395348837209,0.44,0.47182421966478116
TxPert_official_cell_gat_k562_all_fixed2000_trrustTF,K562,SSBP1,115,2000,86,0.9979938307260646,0.9963583187886221,-0.135155618523426,-0.015330911835463935,0.44,0.4671728055137593
TxPert_official_cell_gat_k562_all_fixed2000_trrustTF,K562,SSRP1,440,2000,86,0.9936401270828458,0.9930562762394453,0.8313542648717323,0.811066559743384,0.64,0.7066441489921158
TxPert_official_cell_gat_k562_all_fixed2000_trrustTF,K562,SSU72,55,2000,86,0.988141328413388,0.9898485777631019,0.5417633219185529,0.524430397660267,0.52,0.6069797787388813
TxPert_official_cell_gat_k562_all_fixed2000_trrustTF,K562,STARD7,98,2000,86,0.9968850644397155,0.9943393556299825,-0.13536979407102276,-0.13188357941412332,0.48,0.510832893003465
TxPert_official_cell_gat_k562_all_fixed2000_trrustTF,K562,STRAP,91,2000,86,0.9954055046384429,0.9930562762394453,0.581522338573259,0.5417897070616539,0.48,0.5807270699805495
TxPert_official_cell_gat_k562_all_fixed2000_trrustTF,K562,SUGP1,146,2000,86,0.9932704219480932,0.992999669795745,0.11767925626380753,0.12773244020944383,0.32,0.3663940652378169
TxPert_official_cell_gat_k562_all_fixed2000_trrustTF,K562,SUGT1,94,2000,86,0.9973861399943875,0.9967356950799566,-0.03787474220559606,0.00642483135996981,0.32,0.4472519117402941
TxPert_official_cell_gat_k562_all_fixed2000_trrustTF,K562,SUPT16H,82,2000,86,0.9831443264768812,0.9818104627576771,0.7734143693486787,0.7694796924383225,0.64,0.5993109855951742
TxPert_official_cell_gat_k562_all_fixed2000_trrustTF,K562,SUPT4H1,55,2000,86,0.9787679379694099,0.9775838482947308,0.16033211664382718,0.13446860700976462,0.32,0.4001878381887686
TxPert_official_cell_gat_k562_all_fixed2000_trrustTF,K562,SUPT5H,367,2000,86,0.9780934942793454,0.9784518137648002,0.8674832537428879,0.8248785320062266,0.72,0.8400506899324078
TxPert_official_cell_gat_k562_all_fixed2000_trrustTF,K562,SUPT6H,256,2000,86,0.952542965124097,0.9654134628991932,0.8840555628840246,0.8010472192084532,0.84,0.8489579437803612
TxPert_official_cell_gat_k562_all_fixed2000_trrustTF,K562,SUPV3L1,74,2000,86,0.9970159142631573,0.9956790414642198,0.36458033250323924,0.3838577291381669,0.48,0.5404441503936535
TxPert_official_cell_gat_k562_all_fixed2000_trrustTF,K562,SURF6,113,2000,86,0.9937835575112876,0.9908297561205716,0.782429643476499,0.7489881598188594,0.64,0.7179758738623017
TxPert_official_cell_gat_k562_all_fixed2000_trrustTF,K562,SYF2,78,2000,86,0.991346165827602,0.98599933959149,0.2530448424786736,0.2722486909759894,0.36,0.33954546698654875
TxPert_official_cell_gat_k562_all_fixed2000_trrustTF,K562,SYMPK,80,2000,86,0.9736614848236242,0.9675645077598,0.5630946055186364,0.515580923628473,0.32,0.41084755490146413
TxPert_official_cell_gat_k562_all_fixed2000_trrustTF,K562,TADA3,139,2000,86,0.9954763982905657,0.9957356479079202,0.03774350125466088,-0.04799282985046464,0.2,0.27348408162746485
TxPert_official_cell_gat_k562_all_fixed2000_trrustTF,K562,TAF1,92,2000,86,0.9931368028521357,0.9881503844520968,0.47894799901419294,0.4344072833624228,0.56,0.51837591668773
TxPert_official_cell_gat_k562_all_fixed2000_trrustTF,K562,TAF10,38,2000,86,0.9932761007784605,0.988206990895797,0.7840771205499925,0.707118260295297,0.64,0.6802540951537432
TxPert_official_cell_gat_k562_all_fixed2000_trrustTF,K562,TAF12,65,2000,86,0.9934554206646723,0.9899051842068022,0.7921817220461176,0.6770225010613707,0.64,0.6696471246083414
TxPert_official_cell_gat_k562_all_fixed2000_trrustTF,K562,TAF1C,128,2000,86,0.9978376466891399,0.9964149252323222,0.3241198972192162,0.35410160856644185,0.52,0.42170444016614184
TxPert_official_cell_gat_k562_all_fixed2000_trrustTF,K562,TAF1D,99,2000,86,0.9966794532808642,0.9956790414642198,0.24212450269940483,0.23277513090240104,0.4,0.39031933331217905
TxPert_official_cell_gat_k562_all_fixed2000_trrustTF,K562,TAF2,137,2000,86,0.9800887065958889,0.9816783810557101,0.2674955990722655,0.3197226284258691,0.28,0.31971268174316314
TxPert_official_cell_gat_k562_all_fixed2000_trrustTF,K562,TAF5,34,2000,86,0.9905861228365094,0.9906410679749045,0.6218046491835768,0.48814566724845515,0.48,0.5878664891699453
TxPert_official_cell_gat_k562_all_fixed2000_trrustTF,K562,TAF6,111,2000,86,0.9964870529958928,0.9951884522854851,0.5730778490923705,0.4627482428416434,0.52,0.5914734293442815
TxPert_official_cell_gat_k562_all_fixed2000_trrustTF,K562,TAF7,84,2000,86,0.9914123552926526,0.9877541393461956,0.8084203475974864,0.7360630218406528,0.64,0.698914850541557
TxPert_official_cell_gat_k562_all_fixed2000_trrustTF,K562,TAF8,103,2000,86,0.9929866782593406,0.9917920656634747,0.11330723736569008,0.21237794235577145,0.32,0.42580108386117915
TxPert_official_cell_gat_k562_all_fixed2000_trrustTF,K562,TANGO6,95,2000,86,0.9943365530280245,0.9934336525307796,0.6138772218035671,0.5834331808104155,0.64,0.6091431953986932
TxPert_official_cell_gat_k562_all_fixed2000_trrustTF,K562,TARS,108,2000,86,0.9838242975697757,0.9797537619699043,0.7015865371980144,0.6280013208170196,0.48,0.6505004591473608
TxPert_official_cell_gat_k562_all_fixed2000_trrustTF,K562,TBCB,97,2000,86,0.9891178802815901,0.9876975329024954,0.4168560554836955,0.3350441058540497,0.4,0.4410458812019078
TxPert_official_cell_gat_k562_all_fixed2000_trrustTF,K562,TBL3,70,2000,86,0.9969183958331227,0.9956790414642198,0.4169548828153752,0.4481815179961319,0.4,0.394410850044622
TxPert_official_cell_gat_k562_all_fixed2000_trrustTF,K562,TBP,143,2000,86,0.9958190098984384,0.9952073211000518,0.35748260473152604,0.33274211047690927,0.44,0.506987528024481
TxPert_official_cell_gat_k562_all_fixed2000_trrustTF,K562,TCERG1,93,2000,86,0.9977518244845804,0.9970375961130241,0.48494835192697533,0.43923769989150435,0.44,0.42503942576008363
TxPert_official_cell_gat_k562_all_fixed2000_trrustTF,K562,TCOF1,86,2000,86,0.9973951243997338,0.9964337940468889,0.4590000194098662,0.35247889051370346,0.36,0.4457900744957412
TxPert_official_cell_gat_k562_all_fixed2000_trrustTF,K562,TCP1,63,2000,86,0.9891507206381842,0.9867540921741591,0.5016265885017879,0.5127506014434643,0.4,0.4857645683111318
TxPert_official_cell_gat_k562_all_fixed2000_trrustTF,K562,TEFM,192,2000,86,0.9989984430377653,0.9983961507618283,-0.4119324685582126,-0.3350441058540497,0.52,0.49164978925420877
TxPert_official_cell_gat_k562_all_fixed2000_trrustTF,K562,TELO2,73,2000,86,0.9826515506581803,0.9842822774659182,0.39373023060935625,0.5015802632199632,0.52,0.5397178005699165
TxPert_official_cell_gat_k562_all_fixed2000_trrustTF,K562,TERF2,47,2000,86,0.9892860038040987,0.9879428274918628,0.7487697434010487,0.6447568281522713,0.6,0.6528060116163175
TxPert_official_cell_gat_k562_all_fixed2000_trrustTF,K562,TEX10,153,2000,86,0.993883598080202,0.9928487192792113,0.6813048549597931,0.6691730742016133,0.48,0.5320078846908796
TxPert_official_cell_gat_k562_all_fixed2000_trrustTF,K562,TFDP1,140,2000,86,0.9973907537334793,0.9960375489409877,0.526137284673177,0.38391433558186705,0.44,0.5503568130120784
TxPert_official_cell_gat_k562_all_fixed2000_trrustTF,K562,TFIP11,58,2000,86,0.9922028384113806,0.9894712014717674,0.4724925221200134,0.43531298646162553,0.4,0.4431117987076782
TxPert_official_cell_gat_k562_all_fixed2000_trrustTF,K562,THAP1,107,2000,86,0.9940804096021184,0.9932072267559791,0.1998573614388652,0.2702674654464833,0.44,0.39012335706680207
TxPert_official_cell_gat_k562_all_fixed2000_trrustTF,K562,THAP11,60,2000,86,0.997169774697563,0.9969243832256239,0.12264035399717461,0.0522949195716779,0.36,0.46058480791362555
TxPert_official_cell_gat_k562_all_fixed2000_trrustTF,K562,THG1L,43,2000,86,0.993324206027324,0.9881315156375301,0.7926082614751425,0.7159866031416576,0.72,0.8121662336796933
TxPert_official_cell_gat_k562_all_fixed2000_trrustTF,K562,THOC1,33,2000,86,0.9919501992015999,0.9906788056040378,0.6493167107319345,0.5264304920043399,0.48,0.524163625239716
TxPert_official_cell_gat_k562_all_fixed2000_trrustTF,K562,THOC2,149,2000,86,0.9856114962990805,0.9846407849426858,0.7570344033358563,0.6889664606821075,0.6,0.6953696389882382
TxPert_official_cell_gat_k562_all_fixed2000_trrustTF,K562,THOC3,133,2000,86,0.9953408511300845,0.9948865512524174,0.20766368056644324,0.18090475965847447,0.4,0.39946538638362766
TxPert_official_cell_gat_k562_all_fixed2000_trrustTF,K562,THOC5,28,2000,86,0.9828249711634068,0.9834143119958488,0.6507313779848146,0.5714892211896787,0.48,0.5000607324067144
TxPert_official_cell_gat_k562_all_fixed2000_trrustTF,K562,THOC6,115,2000,86,0.9991616495904013,0.9990565592716637,0.4109093049843989,0.4104627576772489,0.4,0.4429625763289793
TxPert_official_cell_gat_k562_all_fixed2000_trrustTF,K562,THOC7,104,2000,86,0.9941654885652758,0.9924147365441766,0.5451235433981406,0.4207085239869805,0.56,0.64089130332007
TxPert_official_cell_gat_k562_all_fixed2000_trrustTF,K562,TICRR,147,2000,86,0.9927781473869548,0.9932260955705456,0.2908980006619935,0.25453087409783476,0.48,0.5279179551511602
TxPert_official_cell_gat_k562_all_fixed2000_trrustTF,K562,TIMM13,162,2000,86,0.9968269448809327,0.9942450115571487,0.721002388951353,0.6383036935704515,0.48,0.5760499074974553
TxPert_official_cell_gat_k562_all_fixed2000_trrustTF,K562,TIMM23B,480,2000,86,0.9830353219387123,0.9813764800226424,0.7991701172701172,0.7309495730930704,0.68,0.7092028145122851
TxPert_official_cell_gat_k562_all_fixed2000_trrustTF,K562,TIMM44,38,2000,86,0.9869579580785743,0.9846596537572525,0.7616331640128009,0.7422331242039718,0.6,0.6748631598248894
TxPert_official_cell_gat_k562_all_fixed2000_trrustTF,K562,TIMM9,183,2000,86,0.9864664041694521,0.9838482947308834,0.2698799013341674,0.26487098448040003,0.4,0.4684393628176342
TxPert_official_cell_gat_k562_all_fixed2000_trrustTF,K562,TMA16,163,2000,86,0.9892930523413657,0.9878673522335958,0.7023539761498386,0.6380772677956507,0.52,0.5735885616751625
TxPert_official_cell_gat_k562_all_fixed2000_trrustTF,K562,TMSB10,190,2000,86,0.9936490555673791,0.9926977687626776,0.3491455411838344,0.2979102787867352,0.44,0.5468210737982824
TxPert_official_cell_gat_k562_all_fixed2000_trrustTF,K562,TMX2,94,2000,86,0.9962729843108338,0.995263927543752,0.8950079205068671,0.8822585971036371,0.64,0.7412111674612256
TxPert_official_cell_gat_k562_all_fixed2000_trrustTF,K562,TNPO3,89,2000,86,0.9928624187752573,0.9897731025048351,0.7377133126484822,0.6598896174347847,0.64,0.6978654219453181
TxPert_official_cell_gat_k562_all_fixed2000_trrustTF,K562,TOMM22,89,2000,86,0.9950968422540789,0.994377093259116,0.401915142950623,0.41508561724609655,0.36,0.334278285940097
TxPert_official_cell_gat_k562_all_fixed2000_trrustTF,K562,TOMM40,95,2000,86,0.9974041606596403,0.9971885466295579,0.4597039666504822,0.43901127411670365,0.48,0.46332290255027175
TxPert_official_cell_gat_k562_all_fixed2000_trrustTF,K562,TOP1,91,2000,86,0.993929295228308,0.9906976744186047,0.5426379214682325,0.5227322043492618,0.48,0.6282510322833381
TxPert_official_cell_gat_k562_all_fixed2000_trrustTF,K562,TPR,68,2000,86,0.9914876419844404,0.9880937780083967,0.5403568490095727,0.5265814425208736,0.44,0.4597572509958424
TxPert_official_cell_gat_k562_all_fixed2000_trrustTF,K562,TPX2,212,2000,86,0.9811899223998136,0.9802820887777726,0.8039391552457595,0.7834237464031322,0.56,0.667589560130711
TxPert_official_cell_gat_k562_all_fixed2000_trrustTF,K562,TRA2B,139,2000,86,0.9977376638149004,0.9973583659606585,0.5931710209496753,0.5922637860276427,0.36,0.3869491595694486
TxPert_official_cell_gat_k562_all_fixed2000_trrustTF,K562,TREX2,275,2000,86,0.9819000631132366,0.9809047596584745,0.4747215341264386,0.33374215764894566,0.36,0.4278168664760565
TxPert_official_cell_gat_k562_all_fixed2000_trrustTF,K562,TRMT10C,67,2000,86,0.9966363613560986,0.9966036133779895,-0.21067668625729963,-0.1735081843483183,0.44,0.4682551536016015
TxPert_official_cell_gat_k562_all_fixed2000_trrustTF,K562,TRMT112,150,2000,86,0.9897205858977628,0.9902259540544365,0.3073229390652275,0.21584980423604888,0.4,0.4340108491991568
TxPert_official_cell_gat_k562_all_fixed2000_trrustTF,K562,TRMT5,93,2000,86,0.9950671478838686,0.9945280437756499,0.6032009106478142,0.5620736827208831,0.56,0.49424878449561427
TxPert_official_cell_gat_k562_all_fixed2000_trrustTF,K562,TRPM7,123,2000,86,0.9868610570067554,0.9841879333930845,0.47494552926975764,0.5362800132081702,0.48,0.4243553984241897
TxPert_official_cell_gat_k562_all_fixed2000_trrustTF,K562,TRRAP,387,2000,86,0.9721186871734563,0.9692815698853721,-0.27330019144007284,0.006085192697768763,0.6,0.6115402157542731
TxPert_official_cell_gat_k562_all_fixed2000_trrustTF,K562,TSEN2,168,2000,86,0.9888102949599726,0.9865276663993584,0.4450433349133569,0.3955186565404028,0.64,0.6434709881930837
TxPert_official_cell_gat_k562_all_fixed2000_trrustTF,K562,TSG101,83,2000,86,0.9868024754933353,0.9853766687107882,0.7485931283891347,0.7911599603754893,0.6,0.6281318391166587
TxPert_official_cell_gat_k562_all_fixed2000_trrustTF,K562,TSR1,109,2000,86,0.9951107552724641,0.9936600783055803,0.3678749649311501,0.3383461484032266,0.44,0.42553108312632937
TxPert_official_cell_gat_k562_all_fixed2000_trrustTF,K562,TSR2,486,2000,86,0.9934361860672539,0.9911316571536393,0.30762457738305243,0.3936129062691636,0.32,0.3736653602248445
TxPert_official_cell_gat_k562_all_fixed2000_trrustTF,K562,TTC27,87,2000,86,0.9901537688537936,0.9899806594650691,0.42616201448955643,0.3311571300533043,0.36,0.4872183830710435
TxPert_official_cell_gat_k562_all_fixed2000_trrustTF,K562,TTI1,146,2000,86,0.9838815247793729,0.9842256710222179,0.2861420400585785,0.4406905986131421,0.44,0.46507937424669893
TxPert_official_cell_gat_k562_all_fixed2000_trrustTF,K562,TTK,185,2000,86,0.9708477471818551,0.9703948299448086,0.788901124480561,0.7865748384357752,0.6,0.689889449214041
TxPert_official_cell_gat_k562_all_fixed2000_trrustTF,K562,TUBGCP2,226,2000,86,0.9847933698213913,0.9833388367375819,0.2617697981254545,0.22354828057927262,0.52,0.6602484139423797
TxPert_official_cell_gat_k562_all_fixed2000_trrustTF,K562,TUT1,187,2000,86,0.9981529617997045,0.9973583659606585,0.5197718275251076,0.47835275248832493,0.4,0.4703517315213583
TxPert_official_cell_gat_k562_all_fixed2000_trrustTF,K562,TWISTNB,145,2000,86,0.9879081713932746,0.984565309684419,0.1048205133144424,0.13331760932119438,0.16,0.29510566320977377
TxPert_official_cell_gat_k562_all_fixed2000_trrustTF,K562,TXN,81,2000,86,0.990572982550164,0.9907165432331714,0.35402149264153143,0.3114958252747771,0.44,0.5298328391248851
TxPert_official_cell_gat_k562_all_fixed2000_trrustTF,K562,TXNL4A,66,2000,86,0.989712516480485,0.9883202037831974,0.5325593691852539,0.42084060568894754,0.4,0.45036923409252705
TxPert_official_cell_gat_k562_all_fixed2000_trrustTF,K562,U2AF1,141,2000,86,0.9641336619812763,0.9620359450917497,0.592752429434984,0.5563564319071654,0.4,0.462442142477781
TxPert_official_cell_gat_k562_all_fixed2000_trrustTF,K562,U2AF2,73,2000,86,0.9952582189809421,0.9926788999481106,0.6831374426920744,0.6627765460634936,0.52,0.6056703360945406
TxPert_official_cell_gat_k562_all_fixed2000_trrustTF,K562,U2SURP,263,2000,86,0.9860318270915283,0.9819991509033444,0.6917104517261708,0.632095853577999,0.56,0.6228195703651581
TxPert_official_cell_gat_k562_all_fixed2000_trrustTF,K562,UBA1,251,2000,86,0.9897514416713045,0.9935091277890467,0.3691594289543823,0.3433275154488419,0.28,0.38368082989908203
TxPert_official_cell_gat_k562_all_fixed2000_trrustTF,K562,UBA2,121,2000,86,0.9951373525435618,0.9935091277890467,0.438943935356808,0.31296759281098163,0.48,0.5137801697060216
TxPert_official_cell_gat_k562_all_fixed2000_trrustTF,K562,UBA3,94,2000,86,0.990651886002888,0.9920184914382753,0.24070677722197883,0.19569791027878672,0.32,0.3886920680255829
TxPert_official_cell_gat_k562_all_fixed2000_trrustTF,K562,UBA52,44,2000,86,0.9956478822547062,0.9938676352658143,0.6614031561461077,0.5940751922260483,0.48,0.5391491288462962
TxPert_official_cell_gat_k562_all_fixed2000_trrustTF,K562,UBAP1,102,2000,86,0.9832655870723905,0.9791310910892023,0.7216568115933393,0.7388178687673946,0.48,0.5469918972453406
TxPert_official_cell_gat_k562_all_fixed2000_trrustTF,K562,UBE2I,42,2000,86,0.9969022411303262,0.9950752393980847,0.7464571881936506,0.6636445115335627,0.6,0.6491046727009839
TxPert_official_cell_gat_k562_all_fixed2000_trrustTF,K562,UBL5,198,2000,86,0.9823248250919838,0.981829331572244,0.7968700447777175,0.7883485070050473,0.64,0.6909797674952516
TxPert_official_cell_gat_k562_all_fixed2000_trrustTF,K562,UBQLN4,145,2000,86,0.9956110916339881,0.9947356007358837,0.7424211102923923,0.6924571913769516,0.56,0.630247453333023
TxPert_official_cell_gat_k562_all_fixed2000_trrustTF,K562,UFL1,155,2000,86,0.9975212286391312,0.9971696778149912,0.5320352947578783,0.5554507288079625,0.52,0.4743134370849417
TxPert_official_cell_gat_k562_all_fixed2000_trrustTF,K562,UFM1,119,2000,86,0.9975786054830078,0.9964149252323222,0.5133868610708486,0.5189773102504834,0.4,0.36699465817836485
TxPert_official_cell_gat_k562_all_fixed2000_trrustTF,K562,UPF1,115,2000,86,0.9906999573544047,0.9883390725977641,0.4624923090446348,0.47348459833010986,0.36,0.3705755947260194
TxPert_official_cell_gat_k562_all_fixed2000_trrustTF,K562,UPF2,133,2000,86,0.9967628774024577,0.9959243360535874,0.6132681572250663,0.5846030473135525,0.64,0.6446342877223851
TxPert_official_cell_gat_k562_all_fixed2000_trrustTF,K562,UQCC2,83,2000,86,0.9976769698674057,0.9964149252323222,0.5427227082134967,0.4161988773055333,0.56,0.6564727462722606
TxPert_official_cell_gat_k562_all_fixed2000_trrustTF,K562,UQCRB,93,2000,86,0.9983738333810214,0.9970564649275908,0.5326362779960402,0.5777347988112645,0.6,0.5920927844018089
TxPert_official_cell_gat_k562_all_fixed2000_trrustTF,K562,UQCRC2,63,2000,86,0.9957361709515956,0.995811123166187,0.533179763040317,0.5275437520637766,0.48,0.5818130555372231
TxPert_official_cell_gat_k562_all_fixed2000_trrustTF,K562,UQCRFS1,114,2000,86,0.9936101753635089,0.9932072267559791,0.6419234118099036,0.6286428605122882,0.52,0.5337157552756631
TxPert_official_cell_gat_k562_all_fixed2000_trrustTF,K562,UQCRQ,148,2000,86,0.9968587990634495,0.9963771876031888,0.5521415649920866,0.5626586159724515,0.56,0.5914979364739446
TxPert_official_cell_gat_k562_all_fixed2000_trrustTF,K562,URB2,189,2000,86,0.9965610675370273,0.9951129770272182,0.6268894624872239,0.6480022642577479,0.52,0.5491953019037763
TxPert_official_cell_gat_k562_all_fixed2000_trrustTF,K562,URI1,55,2000,86,0.9943974856348607,0.9916788527760743,0.4541612273200196,0.5168073965753102,0.44,0.48771404637470306
TxPert_official_cell_gat_k562_all_fixed2000_trrustTF,K562,USP36,151,2000,86,0.9976853599301716,0.9959243360535874,-0.053048952217753964,-0.005537997075333742,0.36,0.4022902842650275
TxPert_official_cell_gat_k562_all_fixed2000_trrustTF,K562,USP39,166,2000,86,0.9903319409458927,0.9900938723524695,0.4747148908037939,0.4562762394452569,0.36,0.40661859896207325
TxPert_official_cell_gat_k562_all_fixed2000_trrustTF,K562,USP5,171,2000,86,0.9945125805709543,0.9943393556299825,0.19759295929517648,0.15963960564177554,0.36,0.34185823233827106
TxPert_official_cell_gat_k562_all_fixed2000_trrustTF,K562,USPL1,96,2000,86,0.9954065881449341,0.9945469125902164,0.509374131772923,0.44518137648002265,0.32,0.38245053905550946
TxPert_official_cell_gat_k562_all_fixed2000_trrustTF,K562,UTP15,139,2000,86,0.9758036883582435,0.9749610830699561,0.3456385559583005,0.3762724656823435,0.4,0.4994691194579229
TxPert_official_cell_gat_k562_all_fixed2000_trrustTF,K562,UTP18,59,2000,86,0.9914957333939078,0.9890938251804331,0.12473205606630443,0.12616632860040566,0.4,0.45169228479669055
TxPert_official_cell_gat_k562_all_fixed2000_trrustTF,K562,UTP20,92,2000,86,0.9838802269746508,0.9843388839096183,-0.015761099732609446,0.103033161941601,0.36,0.376811581817656
TxPert_official_cell_gat_k562_all_fixed2000_trrustTF,K562,UTP23,160,2000,86,0.991569723740592,0.9900750035379026,-0.009374495166266041,0.11188263597339496,0.32,0.36455920736886555
TxPert_official_cell_gat_k562_all_fixed2000_trrustTF,K562,UTP3,27,2000,86,0.9890783049151951,0.9858295202603896,0.30055766161182845,0.23760554743148263,0.28,0.4432716291217721
TxPert_official_cell_gat_k562_all_fixed2000_trrustTF,K562,UTP6,64,2000,86,0.9908319261000509,0.9903580357564036,0.21344550539553694,0.22745412519458466,0.36,0.33295972085240655
TxPert_official_cell_gat_k562_all_fixed2000_trrustTF,K562,UXT,206,2000,86,0.9942928151823904,0.9928864569083447,0.6784667890172006,0.6166989008915514,0.56,0.5441158372412828
TxPert_official_cell_gat_k562_all_fixed2000_trrustTF,K562,VARS,191,2000,86,0.9727504659132583,0.9677909335346007,0.8687492856605031,0.8394075192226048,0.6,0.8023371463412725
TxPert_official_cell_gat_k562_all_fixed2000_trrustTF,K562,VPS28,49,2000,86,0.9717820051232677,0.9775461106655975,0.6564898178239228,0.5646587103165244,0.56,0.6800365312479558
TxPert_official_cell_gat_k562_all_fixed2000_trrustTF,K562,VPS29,146,2000,86,0.9974781285626584,0.9967545638945233,0.5013853473540039,0.4162177461201,0.52,0.6174838185069832
TxPert_official_cell_gat_k562_all_fixed2000_trrustTF,K562,VPS35,40,2000,86,0.9913307570819548,0.9913014764847399,0.5683707192781816,0.6502287843766216,0.52,0.5054655192335705
TxPert_official_cell_gat_k562_all_fixed2000_trrustTF,K562,VPS54,306,2000,86,0.9988949129108187,0.9983772819472616,0.7328872278241562,0.709439124487004,0.44,0.559131160541877
TxPert_official_cell_gat_k562_all_fixed2000_trrustTF,K562,VPS72,95,2000,86,0.9941444398678533,0.9935091277890467,0.16017328832546399,0.15911127883390727,0.24,0.2969178888966063
TxPert_official_cell_gat_k562_all_fixed2000_trrustTF,K562,WAC,93,2000,86,0.9957881061907993,0.9944903061465162,0.057083593168578084,0.07589980659465069,0.36,0.363509521546508
TxPert_official_cell_gat_k562_all_fixed2000_trrustTF,K562,WBP11,205,2000,86,0.9950640249277106,0.993414783716213,0.7835013045652333,0.7433652530779753,0.56,0.687005203319052
TxPert_official_cell_gat_k562_all_fixed2000_trrustTF,K562,WDHD1,175,2000,86,0.9975348731931805,0.9968300391527902,0.41565919756077696,0.3260625501202887,0.6,0.5539295034666658
TxPert_official_cell_gat_k562_all_fixed2000_trrustTF,K562,WDR12,174,2000,86,0.9861082945312406,0.9848483419029198,0.6118313499932556,0.6152648709844805,0.56,0.5700907494891213
TxPert_official_cell_gat_k562_all_fixed2000_trrustTF,K562,WDR24,78,2000,86,0.9625082786918328,0.9641303835086561,0.40338099500144714,0.35936600783055805,0.36,0.5428952996955884
TxPert_official_cell_gat_k562_all_fixed2000_trrustTF,K562,WDR3,329,2000,86,0.993665380038575,0.9920562290674086,0.3585107039467837,0.44952120383036936,0.36,0.4664467032065162
TxPert_official_cell_gat_k562_all_fixed2000_trrustTF,K562,WDR33,79,2000,86,0.991406526061704,0.9899995282796358,0.7403677956933888,0.7050238218783904,0.6,0.6701466778306235
TxPert_official_cell_gat_k562_all_fixed2000_trrustTF,K562,WDR36,250,2000,86,0.9897421709584444,0.9865465352139252,0.07507130476486598,0.20707580546252183,0.32,0.3404510995802572
TxPert_official_cell_gat_k562_all_fixed2000_trrustTF,K562,WDR43,47,2000,86,0.9891531724104917,0.9886975800745318,0.21234248897266061,0.2594178970706165,0.36,0.4554690099144969
TxPert_official_cell_gat_k562_all_fixed2000_trrustTF,K562,WDR46,63,2000,86,0.9906751818787204,0.9880749091938298,0.4083936672678137,0.44550214632765694,0.4,0.5280929213317204
TxPert_official_cell_gat_k562_all_fixed2000_trrustTF,K562,WDR5,75,2000,86,0.9928271993782636,0.9928298504646446,-0.10151012410841234,-0.0291240152837398,0.36,0.4109056922050157
TxPert_official_cell_gat_k562_all_fixed2000_trrustTF,K562,WDR55,94,2000,86,0.9973119152471708,0.9969432520401906,0.576919337944599,0.5317137600830227,0.52,0.48690196728082047
TxPert_official_cell_gat_k562_all_fixed2000_trrustTF,K562,WDR61,98,2000,86,0.9936523051544349,0.9903769045709703,0.38609989150429047,0.32740223595452617,0.4,0.5703140316844992
TxPert_official_cell_gat_k562_all_fixed2000_trrustTF,K562,WDR70,29,2000,86,0.9865083515201838,0.9834331808104154,0.6193445928553359,0.6314354450681636,0.48,0.5176657149685977
TxPert_official_cell_gat_k562_all_fixed2000_trrustTF,K562,WDR74,96,2000,86,0.9964642626490143,0.9949997641398178,0.7362643417215583,0.6907778668805132,0.48,0.6099925418557646
TxPert_official_cell_gat_k562_all_fixed2000_trrustTF,K562,WDR75,132,2000,86,0.9759773138651715,0.9763573753478938,0.09751848148920654,0.2065474786546535,0.36,0.3802106477601614
TxPert_official_cell_gat_k562_all_fixed2000_trrustTF,K562,WDR82,86,2000,86,0.9832461904889437,0.9825274777112127,0.7901919002065027,0.6522854851643946,0.64,0.6769144577041014
TxPert_official_cell_gat_k562_all_fixed2000_trrustTF,K562,WDTC1,107,2000,86,0.9932115078895359,0.9929619321666117,-0.025503848898350837,0.06088023019953772,0.4,0.4323208605052823
TxPert_official_cell_gat_k562_all_fixed2000_trrustTF,K562,XAB2,140,2000,86,0.9912404188566413,0.9919052785508751,0.6957297720124829,0.6524364356809284,0.6,0.6985758656110651
TxPert_official_cell_gat_k562_all_fixed2000_trrustTF,K562,XPO1,139,2000,86,0.9636343885943167,0.9592244917213076,0.7620510148853165,0.7472899665078541,0.48,0.5687608030339849
TxPert_official_cell_gat_k562_all_fixed2000_trrustTF,K562,XRCC5,77,2000,86,0.9891566384387064,0.9874899759422614,0.777006466429615,0.7430633520449078,0.64,0.6963300586547566
TxPert_official_cell_gat_k562_all_fixed2000_trrustTF,K562,XRCC6,26,2000,86,0.9820338106550874,0.978470682579367,0.5320299728335619,0.5002594462002925,0.44,0.538002383532336
TxPert_official_cell_gat_k562_all_fixed2000_trrustTF,K562,XRN2,57,2000,86,0.9959513946651647,0.9931694891268457,0.3296340504050363,0.3512335487522996,0.4,0.392396927099326
TxPert_official_cell_gat_k562_all_fixed2000_trrustTF,K562,YEATS2,233,2000,86,0.9987095022362177,0.9976413981791593,0.33272957583481655,0.2814378036699844,0.48,0.6056226027978762
TxPert_official_cell_gat_k562_all_fixed2000_trrustTF,K562,YEATS4,221,2000,86,0.9944987418875845,0.99135808292844,-0.1887766402892702,-0.1019576395112977,0.48,0.5678884044883458
TxPert_official_cell_gat_k562_all_fixed2000_trrustTF,K562,YTHDC1,157,2000,86,0.9815115099245647,0.9806783338836738,0.3778761175041306,0.3417802726543705,0.32,0.36333365952228913
TxPert_official_cell_gat_k562_all_fixed2000_trrustTF,K562,ZBTB17,158,2000,86,0.9976227955197818,0.9969809896693239,0.06297068162004482,0.10627859804707769,0.24,0.34785495690570123
TxPert_official_cell_gat_k562_all_fixed2000_trrustTF,K562,ZC3H18,23,2000,86,0.9903369895975941,0.9883390725977641,0.13231611628019396,0.1576395112977027,0.48,0.3846819190860212
TxPert_official_cell_gat_k562_all_fixed2000_trrustTF,K562,ZCCHC9,49,2000,86,0.9946519739910781,0.9925090806170103,0.11840381999548019,0.1959809424972876,0.24,0.33591134883596374
TxPert_official_cell_gat_k562_all_fixed2000_trrustTF,K562,ZCRB1,141,2000,86,0.9985600226447504,0.9967356950799566,0.7037706572281646,0.6008679654700693,0.56,0.5649622390816358
TxPert_official_cell_gat_k562_all_fixed2000_trrustTF,K562,ZFC3H1,105,2000,86,0.9973954830843771,0.9958299919807537,0.7438465750572771,0.573111939242417,0.36,0.4418136464593967
TxPert_official_cell_gat_k562_all_fixed2000_trrustTF,K562,ZMAT2,348,2000,86,0.9896717401319826,0.9900561347233359,0.7120871564610711,0.5859427331477899,0.6,0.670025231749834
TxPert_official_cell_gat_k562_all_fixed2000_trrustTF,K562,ZMAT5,98,2000,86,0.9963345057597136,0.9945469125902164,0.4070146353361808,0.25798386716354543,0.4,0.46453503905855537
TxPert_official_cell_gat_k562_all_fixed2000_trrustTF,K562,ZNF207,96,2000,86,0.9959071212730556,0.9927166375772443,0.488207254145506,0.5332421340629275,0.28,0.3027147011470954
TxPert_official_cell_gat_k562_all_fixed2000_trrustTF,K562,ZNF236,85,2000,86,0.9948161918356359,0.9927543752063777,0.3861045607349843,0.32740223595452617,0.44,0.5651257539409478
TxPert_official_cell_gat_k562_all_fixed2000_trrustTF,K562,ZNF335,140,2000,86,0.9871464608633556,0.9857163073729893,0.16377837408547635,0.13118543327515447,0.4,0.4381221428150777
TxPert_official_cell_gat_k562_all_fixed2000_trrustTF,K562,ZNF574,266,2000,86,0.9965156806044988,0.9948865512524174,0.38478171321145754,0.21964243596396052,0.4,0.5091085210013048
TxPert_official_cell_gat_k562_all_fixed2000_trrustTF,K562,ZNHIT6,116,2000,86,0.9935534753723678,0.9919052785508751,0.1374823931896121,0.16526251238265957,0.4,0.3458273790856699
TxPert_official_cell_gat_k562_all_fixed2000_trrustTF,K562,ZNRD1,66,2000,86,0.9871961127036801,0.9828671163734137,0.20689705614869294,0.20862304825699324,0.44,0.4673848414164127
