condition,state_available,mean_pcc,mean_spearman,delta_pcc,delta_spearman,top100_de_overlap,auprc
AAMP,True,0.9933171062990169,0.9474563566070663,0.23605100813341662,0.08345849600450077,0.26,0.2477975233102879
AARS,True,0.9791154841829193,0.8662978952516075,0.5686877906411719,0.3706350920545295,0.37,0.3671242565173663
AATF,False,0.987715042906477,0.9683997568060971,0.21458944750537642,0.0652424780750835,0.26,0.2034509833861948
ABCB7,False,0.9967475901607725,0.9761478625169134,0.3579075278194249,0.16521932741102455,0.31,0.27829809899651375
ABCE1,True,0.9780231479830412,0.8943645144308908,0.6524366591013852,0.39483300410498345,0.54,0.5222126568719054
ABCF1,True,0.9941375987080245,0.9571725428499509,0.4771727237819631,0.238468422240668,0.44,0.43099505478813727
ABT1,True,0.9940454998736873,0.9605458128245025,0.4533602077513861,0.11433532642917116,0.55,0.5067077314461391
ACTB,True,0.9961385225690648,0.9760383655645066,0.10682199663046742,0.08512480834863086,0.13,0.08968580720334837
ACTL6A,False,0.9873813516368944,0.9329689121812469,0.14499701050884317,0.07874450250108436,0.25,0.16074376898322518
ACTR6,True,0.9961964421197111,0.9649495974086209,0.01674965239356844,-0.004187234154825767,0.15,0.11155379457305065
ACTR8,False,0.9932473169694526,0.9693602246163264,0.03014812460062793,0.01825091065790106,0.19,0.13827565137689785
AHCTF1,True,0.997154869074851,0.9734521982737243,0.2597264603959037,0.20452751748171638,0.22,0.16314909769455407
AHCY,False,0.9939127284331989,0.9700484336866606,-0.11747272073825228,-0.07216497549665606,0.25,0.14900757090646263
AKIRIN2,True,0.9975468928505373,0.9741543516270394,0.25308835707758714,0.1891922552341624,0.22,0.14319193658625345
ALDOA,True,0.9915919199199866,0.9360579616455578,0.4737599168319977,0.28155407571688246,0.35,0.33041960735540743
ALG13,True,0.9979286638540964,0.9792572837295443,0.03442440349713187,0.040839706617282,0.18,0.10861453239119497
ALG2,False,0.9956305251232863,0.9765074822773038,0.07495857719729762,0.1380722920684041,0.23,0.17812215162296213
ALYREF,False,0.9955630072173903,0.9669443432588702,0.3335528360987328,0.21689648583607282,0.31,0.24389184596419602
ANAPC2,True,0.9983019644972287,0.9834067885067059,0.28933213369031846,0.20472911042524305,0.28,0.17748849372498468
ANAPC4,False,0.9946683967501546,0.9544058969844778,0.3583243351455567,0.23528416835556154,0.37,0.3248641400447644
ANKRD11,False,0.9955380215993647,0.972498621516901,-0.025450615979544008,0.01870257734235825,0.32,0.17908331952016732
AP2S1,True,0.9928585695820658,0.9465035763933128,0.29212921371526235,0.11238615017071392,0.32,0.29847121317667386
AQR,False,0.9575578324671973,0.855371504982722,0.6257027951649928,0.5089462441305266,0.48,0.3899954172652428
ARCN1,False,0.9958092054794816,0.9706489889272668,0.5331995978923001,0.3630995241076369,0.38,0.36181220456378504
ARGLU1,True,0.997538449350771,0.982372400225125,0.08512480031461869,0.04528803388986674,0.19,0.18016581929139408
ARIH1,False,0.9940023741618503,0.9566006713676646,0.3077397466020015,0.190498002799204,0.3,0.23392092148318155
ARL2,True,0.9948038145810928,0.9543436254775968,0.0406097747990847,0.05833454528423469,0.14,0.08624543141058681
ARMC7,False,0.9953419522933762,0.9692366505175545,0.20719812833967932,0.16542557885704096,0.2,0.1289731603938324
ARPC4,False,0.9958818436625846,0.9740441677358892,0.10048019465814285,0.08675802018618436,0.19,0.1478019552751858
ATF4,True,0.993935476815564,0.9392001394077819,0.035399366982668934,0.015041497163390009,0.17,0.09980945386240504
ATF5,False,0.9871462366786384,0.947296341853465,0.5138663215397417,0.349680089409143,0.4,0.3620641612544736
ATP1A1,False,0.9881544096452799,0.9470084633064395,0.1398628152623939,0.0673727111222575,0.24,0.17727433383175997
ATP6AP1,False,0.9955120144614321,0.9679501722852244,0.315683389438895,0.18892399737079865,0.33,0.29026380565539067
ATP6V0B,True,0.9971892274027372,0.9743138112655774,0.2636929979735121,0.14368194090277586,0.27,0.19347947417692846
ATP6V0C,False,0.9903772906287096,0.9412393124574385,0.23029248343563408,0.1131727482410371,0.28,0.22199049406274013
ATP6V1A,True,0.995396848838174,0.9602874117037026,0.1810296487878516,0.11982213780780218,0.21,0.16564230211827707
ATP6V1B2,False,0.9936252475497506,0.9704976482929314,0.3418773105379818,0.22055680547571796,0.37,0.35823883200423545
ATR,True,0.996572429831334,0.9647103789566462,0.3424511287671736,0.25599208588961553,0.32,0.2690900949756732
ATRIP,True,0.9973953217025353,0.9743163872858652,0.3077334433591099,0.24310887028520986,0.22,0.18259392776750807
BANP,False,0.9936358512490393,0.9669604621044319,0.06365418130515502,0.0076096614273991016,0.26,0.15278399614569385
BAP1,False,0.9947953162026357,0.9669925768093052,-0.055076404061529444,-0.04636052401265142,0.22,0.1391357816524525
BCAS2,True,0.9928001766523745,0.9570260093530305,0.5371894683996751,0.3738822744352409,0.48,0.3918057264241168
BDP1,True,0.9841642041299401,0.9172211476788946,0.44077024581612134,0.2439665477170633,0.41,0.3751647750050413
BGLAP,True,0.9975380447330813,0.9821369914793451,0.2630976545471112,0.16667930865483127,0.27,0.16131005907629917
BMS1,False,0.978968112665101,0.9098725209276028,0.18968207939385692,0.07059223338555952,0.24,0.1447481994739296
BNIP1,True,0.9936828665601491,0.9571008650490237,0.3895995342045337,0.2568565766322713,0.32,0.27281464513571085
BOP1,False,0.9962995096975089,0.9689483293273471,0.3727216750048681,0.18270323686982434,0.34,0.32856014643641795
BRD8,True,0.9925238370140242,0.952492085645236,0.025554298608692926,0.015893201796688412,0.12,0.09216646420394127
BRIX1,True,0.9852164906354063,0.9251881165758474,0.39676360945602956,0.2443551925510677,0.35,0.27412989391575443
BTF3,False,0.9941353961217867,0.9609984082781792,0.26625159856657027,0.226083684563849,0.25,0.18502664117404374
BUB3,True,0.9972147331864982,0.9789590532249307,0.3462059502183022,0.23241004564714957,0.33,0.2462734565896908
BUD13,False,0.9936926395890128,0.9633656995525223,0.49172004324291235,0.41396345985094335,0.37,0.29095083908140074
BUD31,False,0.9881869411051035,0.8969371745525224,0.2436684443435732,0.20726358685004992,0.25,0.16080119389767478
BYSL,True,0.9918908007370616,0.9486760572046267,0.604526997269858,0.263019578202164,0.57,0.5564574795638118
C12orf45,False,0.990985338024235,0.9676488770014954,0.1712395695808903,0.08194824906957923,0.27,0.2060661703969155
C1QBP,False,0.9941151473770543,0.9722925093066133,0.3000860723115054,0.2068120182996989,0.35,0.2627155702598722
CACTIN,False,0.9938567394712141,0.9486974577679774,0.5376366269637652,0.4381583463122008,0.47,0.4013032893209074
CAPZB,False,0.9924753126909686,0.959113285788465,0.2172253101679122,0.1831141498618897,0.31,0.2567343685585059
CASP8AP2,False,0.9891836751825375,0.9523852252503905,0.14668279265164183,0.12889119740948085,0.31,0.21602004648827988
CBLL1,False,0.9934709610408006,0.9631554768613768,0.09681141483885693,0.06931310628991261,0.22,0.16149160130295073
CCDC174,False,0.9945695275898097,0.9615589241662188,0.441700440574111,0.2932297724917698,0.37,0.34231741391127274
CCDC59,True,0.9954049734396805,0.9650743921299928,0.40566101056820436,0.09084742483287343,0.54,0.512820046310549
CCDC84,True,0.9938338548462207,0.9552571620020919,0.14711968038987677,0.11245627591088096,0.15,0.11263573638018892
CCDC86,False,0.9937671088006711,0.9689520835120167,0.39248867408800486,0.19658539681952295,0.31,0.3030233098529248
CCNH,True,0.9920615401381719,0.9495147742032377,0.18955547155817898,0.08591029794961803,0.22,0.163297395140162
CCNK,True,0.9977357246654548,0.9830441453874396,0.004204886720154896,0.035129620392762774,0.18,0.1170924225595015
CCT2,False,0.9914710807015055,0.9575353904452347,0.3728984285330023,0.274779596070575,0.38,0.2750610504651872
CCT3,False,0.9929661640743241,0.9656531644665762,0.33595920587956046,0.28536687950809403,0.31,0.19920066473822984
CCT4,True,0.983553817663772,0.9305657920810043,0.3199289902976239,0.2661949238681944,0.27,0.19890134343783367
CCT5,False,0.9918046766372389,0.9505261679631538,0.2789859869704914,0.20580415458372694,0.3,0.21460676470261125
CCT6A,False,0.9900600082632994,0.9503551836208639,0.31530632288259136,0.2611610421727122,0.36,0.2500264758842995
CCT7,True,0.9790557906397171,0.8979308881877905,0.3615043794673878,0.26570481760827197,0.26,0.19259939459621583
CCT8,False,0.9931692687726653,0.9589523156685605,0.2734480307198477,0.2368580033237499,0.3,0.20432556759769496
CD3EAP,True,0.9934656653065457,0.9559497354151242,0.30656948544893153,0.11857464271192827,0.37,0.3119323026512312
CDAN1,False,0.995978506968462,0.9728852287937327,0.24683182390888264,0.14084492786151975,0.27,0.19177336103058634
CDC123,True,0.9941519540207451,0.9541752357113983,0.4175795759859335,0.26577348057674555,0.32,0.2528319233913744
CDC16,False,0.9968669668458702,0.9734529393773964,0.4059967086214808,0.2195679345327037,0.43,0.3333205083030649
CDC23,False,0.9959704906287264,0.9712385741767151,0.3494914991539668,0.19220333810694373,0.43,0.34771329925905814
CDC27,False,0.9973688173041791,0.978827843145674,0.513263062524801,0.313989692180831,0.46,0.3905775066536058
CDC40,False,0.9960238007498394,0.9623995683210664,0.4994495852739796,0.385132456946358,0.4,0.35943829341369815
CDC5L,True,0.9856085740327865,0.9014173894567052,0.6726130739074717,0.5305859074061797,0.57,0.5699859192129441
CDC6,True,0.9913028556390855,0.9422125095789013,0.39102096365782724,0.20607485241782225,0.38,0.34760426986782217
CDC73,True,0.983015918500809,0.9266564886899654,0.4361958310201189,0.394860362491878,0.28,0.1992347171120334
CDK1,False,0.9953636820087444,0.9709238654263067,0.49900923213825066,0.3353874599825603,0.46,0.3934647921222402
CDK9,False,0.994331946074411,0.9675388785455716,0.006469746770187132,0.007922494796803835,0.26,0.21845767159549465
CEBPZ,False,0.9918246994691746,0.9587506108903868,0.3142054094706853,0.17173897349363318,0.29,0.2668276655823293
CENPC,False,0.996392381926433,0.9698341381114902,0.5360241195506014,0.3296888630952808,0.49,0.47066661455228054
CENPE,True,0.9966891790997172,0.9746990323164891,0.2179113853323206,0.16385127456567583,0.32,0.2313964171722202
CENPJ,False,0.9926775794906398,0.9738516302125979,0.3996393662711079,0.2458977985702764,0.39,0.32941685514357644
CENPK,True,0.9944342856372842,0.9475772125822663,0.5626373214317637,0.420585506643058,0.48,0.4611146091546427
CEP192,True,0.9970955594079094,0.9749873537476748,0.3536673702341701,0.25029094866717755,0.32,0.24864879728304562
CHAF1A,False,0.9827950391880095,0.9018112201214481,0.1486723801891814,0.10956393753693024,0.26,0.15199822542931413
CHAF1B,False,0.9876659327073778,0.9377170815243843,0.20045572446368318,0.1457074285362634,0.31,0.23367161051506033
CHCHD4,True,0.9935103112041962,0.957130887075944,0.532292966250781,0.3639604488862776,0.4,0.3219729547361154
CHD4,True,0.9888932872843919,0.9082921482326292,0.025308844030199756,0.02555458611874116,0.22,0.13310086154279913
CHEK1,True,0.9916556579620662,0.9612029662736291,0.10746909202807385,0.2024030778515981,0.35,0.2729266357920914
CHERP,False,0.9937676555111344,0.9530669236128961,0.36663385478089267,0.2573941622756502,0.34,0.25809180107912116
CHMP1A,True,0.9934348301798236,0.951584395822964,0.1277062024811589,0.09044519925814515,0.21,0.13024788344190735
CHMP2A,True,0.9894621573952217,0.9265244091042938,0.2004295402840093,0.1615034508039601,0.23,0.1664837799993588
CHMP3,False,0.9668890663988274,0.908921059923872,0.49133732219569837,0.44728326524904805,0.31,0.2496647543623814
CHMP6,False,0.9945276332670631,0.9731870536192947,0.3989686433672188,0.3734352063532346,0.33,0.2476597891122586
CIAPIN1,False,0.9946887324065224,0.9680852695717743,0.27655776305297636,0.17125812784344088,0.26,0.20911335092290526
CINP,True,0.995526036330118,0.9611422275514822,0.10602760549377557,0.07100919946772137,0.17,0.09420827785948507
CKAP5,True,0.9973417025930411,0.9757132550728972,0.3098974808585013,0.23770145449637564,0.32,0.20771792807356915
CLNS1A,True,0.9910001398072504,0.9323857719210855,0.16947019425844315,0.1269331511660149,0.17,0.12200607150102089
CLP1,True,0.9924897489447234,0.9348354681249434,0.11224856981925457,0.07166684295014449,0.16,0.11620911399562622
CLSPN,False,0.9945453088097115,0.9582491703768348,0.4761335633187399,0.24914862943686508,0.41,0.3669036214812016
CLTC,False,0.9949264912902026,0.9667583864558049,0.24872636479507276,0.12333365491794972,0.3,0.24322727596310637
CMTR1,True,0.9886281645503816,0.97344435415442,0.4549127804429373,0.01362898956792967,0.64,0.6302337022855199
CNIH4,False,0.9926674693370869,0.9525849236958799,0.11629133618522013,0.018189949942295836,0.29,0.19590972044224067
CNOT1,False,0.9771653765853917,0.9293650126430916,0.44221269289997706,0.33785872051902255,0.31,0.241893677764007
CNOT2,True,0.991335454575265,0.9422445154009401,0.1956779879377511,0.10702434953593551,0.23,0.11604330283235742
CNOT3,True,0.9890335244376186,0.9547904227349592,0.30360123539655265,0.17276127407482048,0.23,0.1656334574356256
COG2,False,0.9964496555195697,0.9779603213973288,0.050642865099287324,0.012582809899976882,0.16,0.12631501334280582
COG3,False,0.9946101847004534,0.9552158710449634,0.31098572496072496,0.15227562041419043,0.32,0.306403463248836
COPB1,True,0.9733781880392971,0.8339956577547368,0.4886984767586631,0.30227536115535203,0.37,0.3572739025107483
COPB2,False,0.9899462390692909,0.9392942125877957,0.5731582209666122,0.3926421372434801,0.46,0.42557301825673205
COPS2,True,0.9886022954039014,0.9029397353002052,0.21527626146593196,0.1605565742488233,0.19,0.13609445545150897
COPS3,False,0.9934902008594428,0.9517225970014362,0.2583705724785778,0.19275705948259741,0.31,0.19778664189866346
COPS4,True,0.995830436855405,0.9711150545614892,0.24909323813981868,0.19690321782301393,0.29,0.1639841259352518
COPS5,False,0.9941047684386595,0.9559398124763216,0.1116342585103173,0.1028491224713448,0.3,0.20598911294803565
COPS6,False,0.9956424749411306,0.9730297723667444,0.27000926440865153,0.19151963460282986,0.4,0.2629399742869085
COPS8,False,0.9957472145351983,0.9744204824017895,0.07864694656852154,0.14948641875554228,0.27,0.1843010984305654
COPZ1,False,0.9922623769652362,0.9550572270665292,0.5443073321698987,0.35476962206412677,0.4,0.35605242869577497
COX11,True,0.9971304460144821,0.970468287951987,0.12493325587253992,0.11798092913905758,0.14,0.09513170244055112
COX15,False,0.9951368853690107,0.9640412627050794,0.310158993265897,0.19724650781323774,0.27,0.21262034216154588
COX17,True,0.9975722432094851,0.9734805147426233,0.20536855543982874,0.12504482123957805,0.24,0.18204084180379235
COX7C,True,0.9978772220639728,0.9769231515873479,0.3702487252273199,0.2432551101763431,0.29,0.28664562123942217
CPSF1,True,0.9897685307755988,0.9210462770056825,0.11811021995532846,0.06912761084459335,0.13,0.1056062097291396
CPSF3,True,0.9929901500620543,0.9719105946243146,0.2673063414677719,0.21073399118618977,0.2,0.17472953434886918
CPSF4,True,0.9849073903783365,0.9153947273561263,0.2273262439925767,0.17514849549400588,0.28,0.21324203609846384
CPSF6,True,0.9828055716872586,0.8962798061371658,0.19989076640864153,0.11460192334092563,0.22,0.149802443872397
CRNKL1,False,0.9968350790230484,0.9754137496253148,0.6187875210595789,0.49136129222746355,0.48,0.41876962738502244
CSE1L,True,0.9781655430087741,0.899704542676015,0.4389563939633709,0.308454967462079,0.31,0.28202880617320825
CSNK1A1,True,0.9966566777586171,0.9703858365863638,0.09963345943782856,0.07894846978019367,0.19,0.11766405443731412
CSNK2B,True,0.9941615326433796,0.9510905388010342,0.1842647082612976,0.13801951280597802,0.25,0.16147130976287752
CSTF1,False,0.9945991460056561,0.9649556438077554,0.3814418137153277,0.24224991264933454,0.4,0.34035629322674504
CSTF3,True,0.9898354986181833,0.9302250174033708,0.21723623390263228,0.1221165874487272,0.28,0.18842792239484715
CTDP1,False,0.9935181425067157,0.9635140480524701,0.30301189458297656,0.2206292437397254,0.39,0.27181112229049686
CTNNBL1,False,0.9924838605283934,0.9541587809672741,0.11880222142599113,0.08047419896345544,0.31,0.20565166460414688
CTR9,True,0.9814513411914074,0.9232799550429052,0.3736778711446453,0.35278548744203675,0.28,0.19651595793556076
CUL1,False,0.9960479978844127,0.9746340601323452,0.10428905819892073,0.06378092063185016,0.26,0.21569409464582218
CUL2,True,0.994664315417127,0.9582330406982861,0.09403889764668018,0.04941710255802804,0.25,0.1723872540195453
CUL7,True,0.9843503650428088,0.8711848965036066,0.33806569762844396,0.21126167388750694,0.32,0.24255750664580206
CWC15,True,0.9894783976717627,0.9307858068354162,0.649419134978567,0.5861258934830783,0.37,0.2823263352787627
CWC22,True,0.9727661026132997,0.8172660234106008,0.5417536202389203,0.41460902455425513,0.4,0.3370590773441318
CWF19L2,True,0.9949174640656037,0.9680430928577303,0.5269785256173988,0.4212153925111999,0.32,0.2842799039649167
CXXC1,True,0.9920106023601574,0.964641948177661,0.04889660906642479,0.020097157302253883,0.21,0.1445958637724619
CYCS,True,0.9968874631071094,0.9774413382208035,0.16467430665919722,0.12915047377180608,0.26,0.19421687114145839
DAD1,True,0.9925411401539364,0.9559938779203523,-0.043506388181212045,0.01337876193487803,0.16,0.12713964127222488
DAP3,True,0.9969955037656681,0.9746718315674834,0.19203951351396373,0.10465426940499625,0.21,0.14634482761508458
DARS,True,0.9851288473871737,0.8956629892058438,0.528225338910287,0.3112261704335206,0.37,0.32319664023546063
DBR1,False,0.9935972818897488,0.9582238537721169,0.2257073496106464,0.15754675214441294,0.31,0.24389186921581263
DCUN1D5,False,0.9945256018897007,0.9681229368190819,0.4024037393338045,0.3036747840971124,0.3,0.2445562095140952
DDB1,True,0.9948946488600474,0.9578277119510341,0.26339040827128785,0.1484747886653188,0.29,0.19003702091456254
DDOST,False,0.9925240397332283,0.957936279739309,-0.0007214477666037954,0.04417951198200836,0.23,0.14749397856286292
DDX10,True,0.9928969951281258,0.9512092673690035,0.5647193536044385,0.2408000570610319,0.58,0.51857806670349
DDX18,True,0.9882657240219338,0.9453089733503637,0.7060768936441244,0.44527883152336584,0.63,0.6646221318474008
DDX20,False,0.9955347827079535,0.9709671995996275,0.29562381187546416,0.2449358495085545,0.32,0.22869026046657406
DDX21,False,0.9891699496293134,0.963312300898205,0.14290040132834259,0.05954041495098113,0.18,0.1414175606322406
DDX23,True,0.9918580262338902,0.9393778561321265,0.5759847460999292,0.45532714396979884,0.4,0.30581856393758305
DDX24,False,0.991056188920148,0.964452858175247,0.42413762417256484,0.23047227206204599,0.36,0.34889065702926114
DDX27,False,0.9919082986664427,0.947698287430838,0.2959957108698694,0.12968531771393854,0.35,0.3225365458694148
DDX41,True,0.9903138923262365,0.9390073076511665,0.7023571632707184,0.6895859068192866,0.41,0.3085545248415898
DDX46,True,0.9869375735903747,0.9277583992903441,0.4529017373011405,0.3674716129685366,0.37,0.2885404201995753
DDX47,True,0.9898353173784631,0.9632388781836893,0.6935518209563561,0.4280002001349511,0.63,0.6198067910884472
DDX49,False,0.98980068386418,0.9468594171517425,-0.0023360100649686792,-0.057085105348801436,0.17,0.12153900029510027
DDX5,True,0.9972168388276321,0.974931186628264,0.02949349163107421,0.03478840364484115,0.17,0.12362599518494162
DDX51,False,0.9937491239228531,0.9668720269429679,0.2349151027927136,0.06967018316620682,0.29,0.22832595562283597
DDX52,True,0.9927566826191058,0.9548326560857577,0.5891643446882107,0.22183763239427592,0.63,0.6167934406566079
DDX54,False,0.9942884856095462,0.9601924688676509,0.34159662708594996,0.1454355406668217,0.4,0.3525381759342411
DDX55,True,0.9967325237315526,0.9748171653112203,0.1567691042522188,0.08906687546783643,0.25,0.17784019842068738
DDX56,False,0.9905089012938446,0.9634473984262598,0.41435597763360527,0.23662865149147316,0.35,0.31774545338962934
DDX59,True,0.9977534140024298,0.9769029318972599,0.1804048863050369,0.1357650706558969,0.16,0.10318443932201485
DDX6,False,0.9881710021000476,0.9345633967319784,0.47983174603469275,0.3003456224595027,0.41,0.3546668383382095
DENR,True,0.9978046930094095,0.9829567779135877,0.12432711192056155,0.11640643590767626,0.15,0.11791197279958496
DERL2,False,0.9948506450423673,0.9727045463802588,0.3481201935141517,0.3295625934947606,0.41,0.3536560623975066
DHDDS,False,0.9877201127368241,0.9568028142445266,0.2502249675071398,0.2653951802882808,0.35,0.3223549424916912
DHODH,False,0.9950416589021572,0.9736592427580212,0.06166235533606336,0.013014376297992021,0.3,0.21550278140940268
DHX15,False,0.9834205011308564,0.9433844033383307,0.5886223023117564,0.44505276718364695,0.53,0.49206213284454164
DHX16,True,0.990518848942808,0.940669513656463,0.6904769245966238,0.635247294720048,0.43,0.3697800396131738
DHX33,True,0.9959974281270373,0.9741346527983046,0.1874585629627438,0.06806841916766856,0.26,0.19457388360783226
DHX36,True,0.9953166484415502,0.9789702143864256,0.06425890570753583,0.04615660739368138,0.13,0.0920584602708606
DHX37,True,0.9948953500602874,0.9747160005179417,0.5647924428399443,0.19935316509724726,0.63,0.5924655087129869
DICER1,False,0.9955896279788132,0.9721984961956328,0.22699330425845174,0.16229498266205802,0.19,0.13325139107813966
DIMT1,False,0.9863704853904238,0.9578705642988111,0.2247833356123025,0.08578220808887461,0.27,0.20276740468509372
DIS3,True,0.9861180482222212,0.9006695999300499,0.4593857912796562,0.20485254114626228,0.5,0.4509216959844023
DKC1,True,0.9914516681954227,0.9351419803623423,0.303712129276667,0.10596812291093397,0.41,0.35756059941281665
DLD,True,0.9877101624901179,0.9472599701876613,0.3393334940374087,0.245821232620081,0.27,0.20069313912802844
DMAP1,True,0.9840798178659529,0.9220815358355561,0.1913334161509333,0.1356755041669497,0.27,0.1813485091937777
DNAJA3,False,0.9920862053812906,0.9649321469792159,0.2947668673850986,0.20166466490189128,0.27,0.20069702223003416
DNAJC17,True,0.9842497894885335,0.8755186812767873,0.6049948098787289,0.4878730437334726,0.43,0.3769454899536169
DNAJC19,False,0.9833692350859125,0.9501877149010672,0.4830717381555761,0.35281850542675136,0.36,0.29963665075184365
DNAJC8,True,0.9986256693265904,0.9865762872279864,0.1254364045634784,0.09201642443261944,0.15,0.11240707716809531
DNM1L,True,0.9971807179101067,0.9753628177055763,0.23226254174347044,0.12057620505915231,0.22,0.1887459522486041
DNMT1,True,0.9968197896894624,0.9731936238251523,-0.02455337326774953,-0.01167871439865326,0.18,0.12844997987291776
DNTTIP2,True,0.9903223820771506,0.9589074983320435,0.7047148245574039,0.4119721808747512,0.65,0.6930286488930119
DOHH,False,0.9939828083857565,0.9701664813696136,0.01940977122659385,0.06874623781158232,0.28,0.1767089478136116
DONSON,False,0.9945382099783852,0.9726383718123355,0.36912277632681606,0.2037384083890198,0.41,0.37517996548192906
DPH2,False,0.9951225795070093,0.9708974931597326,0.008014487669903293,-0.03637363969329704,0.22,0.14907966918853433
DR1,True,0.9969299295771721,0.9689948707016846,0.059067900552093724,0.06832805620469586,0.16,0.09781252584140984
DRAP1,False,0.9964110492971873,0.974670473939475,0.14223874392210864,0.16748501483754868,0.2,0.127687601129662
DSN1,True,0.995330614969021,0.9744321106561405,0.48281568284902504,0.35827578066973476,0.41,0.3036839305939053
DTL,True,0.9934483374567152,0.9588421499385923,0.2793854063535807,0.1646055750448368,0.3,0.19137746763597377
DTYMK,False,0.9930417401969746,0.9553910914032987,0.2750957742559596,0.10203350506251772,0.38,0.3303975273265385
DUT,True,0.9899625885536916,0.9223467318732201,0.20863596071619123,0.0941697884533077,0.33,0.293018866794749
DYNC1H1,True,0.9970961127693306,0.9784350097695911,0.39715276098763963,0.27072905922090557,0.33,0.25208976421554646
DYNC1I2,True,0.9967067699791967,0.9795280796977459,0.3911898794856112,0.26556934666082604,0.37,0.28281134076618636
DYNLL1,False,0.9938629733518982,0.9566631499757438,0.23257733977998815,0.1399743773378057,0.33,0.2779978922345071
DYNLRB1,False,0.9965481111507575,0.9750145423115869,0.4489062292385389,0.28525514554412984,0.41,0.3262866665158927
E4F1,False,0.9958614029865461,0.9692044679423056,0.2901771840648254,0.2628717175051923,0.21,0.16890712176128816
EBNA1BP2,True,0.9915661176332553,0.9382554608432779,0.44338105932776367,0.25044084723993926,0.37,0.331777993150836
ECD,True,0.9944086255917929,0.9491621185432741,0.42573207561072324,0.30045356201089934,0.35,0.2514080590475007
EEF1G,False,0.9911515449243126,0.9663854373436835,0.1484008492222617,0.10609047702433995,0.21,0.15781104519033975
EEF2,True,0.9887935369467615,0.9616296912828656,0.283511356728909,0.09247732814913195,0.35,0.2855259597161263
EFTUD2,False,0.9890163553813156,0.9394200048152287,0.6180472063999645,0.46654744878759996,0.55,0.45538608134005054
EIF1AX,True,0.992533328408531,0.9500726727344254,0.5045078643551714,0.3375007993070743,0.42,0.38022599538797985
EIF2B1,True,0.9951430832223119,0.9641803515511487,0.5278446589212313,0.3577724823821065,0.35,0.2842126043073575
EIF2B2,False,0.9889356326510397,0.9574468817654843,0.5074677636920665,0.3484347016476147,0.4,0.31567599316027406
EIF2B3,False,0.9891088669285344,0.9478124623380496,0.4481225613778601,0.30149990289916945,0.34,0.3080164480340617
EIF2B4,False,0.9883002991588806,0.9549799365807573,0.5050683548591192,0.3561575352771449,0.37,0.30214072415190074
EIF2B5,True,0.9879895939784903,0.9326391522716077,0.6656022860999545,0.4919639375970851,0.45,0.39166806602734044
EIF2S1,True,0.9771179914200517,0.8995625521828507,0.7038151439386348,0.5444023528712321,0.45,0.4580402994012506
EIF2S2,True,0.9867085537218003,0.9151546565571086,0.49422839745614805,0.30965097656285506,0.33,0.278652892864808
EIF2S3,True,0.9672882850777138,0.8516523519843751,0.5464239651024264,0.3537170980899311,0.39,0.3610488007690384
EIF3A,False,0.9836499528368793,0.9467269112146508,0.39782154874196807,0.21667137607356887,0.36,0.3117166919032629
EIF3B,True,0.9692889011758407,0.8170911274309876,0.5029276242079112,0.3181837138384636,0.44,0.41216376673903565
EIF3CL,True,0.9826078528018356,0.8835161442812194,0.43015282604815175,0.2195602214468496,0.33,0.35061983299033866
EIF3D,True,0.9805304051757102,0.9138758665584886,0.569582006728665,0.4552731115858152,0.47,0.4536879714945398
EIF3E,True,0.9848576496701399,0.9304867536611201,0.5003508346013142,0.39009789010276114,0.44,0.3803758880413352
EIF3F,False,0.9916886379683615,0.9391082367494007,0.3394054530901019,0.23176601381132145,0.31,0.25167151836399937
EIF3G,False,0.9868273440226992,0.9403979616095794,0.36094855224016825,0.19058666218490328,0.36,0.29008843412105667
EIF3H,False,0.9947943926922589,0.9729605489505668,0.3455368789624437,0.28843467784053545,0.33,0.2882107545353041
EIF3I,True,0.9775502233026181,0.8637861202941631,0.5844488538988835,0.37817866717097737,0.44,0.4623367669405121
EIF3J,True,0.9960027378716264,0.9611674965293455,0.18621414515864684,0.11636559650725015,0.21,0.13033336228571435
EIF3M,True,0.9916769091301275,0.9422263739732154,0.62984609972157,0.4210082393784284,0.5,0.5110848471734312
EIF4E,True,0.98831655712382,0.935221628063187,0.5336894334082338,0.2840881921042217,0.49,0.4967973718858494
EIF4G1,False,0.9917670616064235,0.9644114095786811,0.2916449614064586,0.16031974096541718,0.34,0.2818938851083029
EIF4G2,True,0.9959339021721657,0.9786397790082632,0.39554703375180283,0.25459408334345734,0.32,0.21554179076813354
EIF5,True,0.9936885633026572,0.9566376985129583,0.3488326379830332,0.24389160448440977,0.3,0.1955397870759323
EIF5A,False,0.9933753164401247,0.9610726986641327,0.3546386263547637,0.24761977461859716,0.29,0.20668495477771692
EIF6,True,0.9932589056070048,0.9612574408983251,0.33621265416127977,0.1615614442373215,0.31,0.2617722502465322
ELP3,False,0.9962802459183102,0.9718527254516721,0.1509500539593392,0.10043813029525143,0.22,0.13736617445434157
ELP5,False,0.9965877117378901,0.9749169855397973,0.16128863103293922,0.11408122345477602,0.23,0.16402281187946033
EP400,False,0.9750905572302079,0.927188443411075,0.3274620216938079,0.22582925341370907,0.32,0.2196298310657002
EPRS,False,0.9928658151378214,0.9525183792133549,0.3203888800348445,0.17323372639137702,0.31,0.2705506460947968
ERCC2,True,0.9942601370967443,0.9619597408155651,0.19527552870581646,0.09908030028366129,0.23,0.15294795726394464
ERCC3,False,0.9943645724811526,0.96984653200304,0.07632318903808963,0.053076500119415504,0.19,0.15790608663959174
ERH,False,0.9835913090602073,0.9227812943025331,0.5947865185371521,0.39080439066953426,0.48,0.4315635315084704
ESF1,True,0.994654457796774,0.9695365620466628,0.29063963787149477,0.11075106486386013,0.36,0.27693004777216973
ETF1,True,0.9854008250696159,0.8803447384282893,0.6203647364287759,0.4245422820893571,0.47,0.4354413722372827
EXOC7,True,0.9836041718524672,0.8736446766636773,0.2801660909652975,0.11987409917980413,0.28,0.2120813793290575
EXOSC10,True,0.9952532306967337,0.9635659954053138,0.2449559854388303,0.08545212828753852,0.37,0.2760742434474446
EXOSC2,True,0.9870838142763572,0.9352025362002714,0.5898966114453116,0.3235780010044204,0.49,0.48434737801013505
EXOSC3,True,0.9801690319072033,0.887557355736947,0.4844712681266127,0.22280721743648274,0.45,0.4192548697421677
EXOSC4,False,0.9857049604389195,0.9383829055041348,0.36014870799554594,0.21995655515179877,0.32,0.25665676563088535
EXOSC5,False,0.9858088315505968,0.923423855855175,0.3974824824691956,0.22874412407940276,0.39,0.3168185531808553
EXOSC6,False,0.986588154049389,0.9395241930518633,0.3492500035191849,0.2223601197230743,0.3,0.20351873076554466
EXOSC7,True,0.9930797237474941,0.9442605509357435,0.3160716930446023,0.15289516651605106,0.29,0.23244361494051924
EXOSC8,False,0.9875919531280593,0.943132128514445,0.3876219297231718,0.24525281343170227,0.35,0.27232623130065925
EXOSC9,False,0.9817600968193695,0.9020378954775081,0.3798847277618036,0.2398403982199444,0.32,0.24283291151471448
FAM136A,True,0.971981798669602,0.877510714845586,0.02597096898952669,0.01083498698489088,0.11,0.07465492186520364
FAM32A,True,0.9894973840935594,0.9358776195152833,0.6313438487850043,0.5463886665165439,0.46,0.3827369395737224
FAM50A,False,0.9859793012606699,0.925387219894309,0.42223475055729065,0.33084317794560814,0.3,0.19500134325947996
FARSA,True,0.9870959635258446,0.9175901545400547,0.596702376651207,0.40592488738150684,0.39,0.3362789385823421
FARSB,False,0.9903762220251693,0.9493572811539064,0.3728450748640757,0.22773501648177286,0.28,0.2340127831776544
FASTKD5,False,0.9929584125933223,0.9746792715983732,0.07694333328637575,0.044088259689308094,0.22,0.17210331057859027
FBL,True,0.9873981089865795,0.9396571558444907,0.6865923239112316,0.4551391668148911,0.65,0.6772873178440557
FBXO5,True,0.9982768318596125,0.9837538001028727,0.033064898142256466,0.0272301460092951,0.21,0.13542376939693737
FCF1,False,0.986386546535733,0.9654178079740217,0.207644201185604,0.06890430732315463,0.25,0.202633993028821
FNTA,False,0.9952839292401116,0.9652678708485755,0.3854800666919125,0.29493652150414995,0.24,0.16283758058246164
FTSJ3,True,0.9915771906756772,0.9525271953520521,0.4325025449005839,0.3280191004451892,0.27,0.22470949760682324
GAB2,False,0.9912359342616399,0.9617240131339398,0.21364608429451448,0.1693980716911945,0.35,0.22936476636850922
GAR1,False,0.9946292904828961,0.972772236291718,0.16920795763763083,0.09397563108002957,0.15,0.1051045038860057
GARS,True,0.9927819552951892,0.9633410188248113,0.06912036182717121,0.03872732346306908,0.26,0.19236451035173668
GATA1,False,0.9363605472593681,0.8354294901221129,0.42203619427125044,0.31659058819020935,0.34,0.20285944290894536
GBF1,True,0.9886797090684191,0.9516916137063393,0.436075811799616,0.34152511045409445,0.38,0.40352989062403805
GEMIN5,False,0.9949614307456999,0.9703836750870893,0.3352793245325394,0.3282278052438608,0.33,0.23998352679183788
GFER,True,0.9970503283074071,0.9779866512878117,0.14056110294985613,0.1277017594704139,0.13,0.1278145303567042
GFM1,True,0.9976224108785522,0.9805437778927357,0.3797125196212413,0.1834780598032544,0.25,0.2277101466693649
GINS1,False,0.9880179273207904,0.9522153745481977,0.37932595438156,0.1797564292876705,0.43,0.3485081011977975
GINS2,True,0.9929832347364049,0.9633937904404238,0.3288846990916131,0.1990424107052549,0.27,0.22668444229073775
GINS3,True,0.9950629927232482,0.9618243444245503,0.19190975735587243,0.11936343828527257,0.18,0.16594992085061364
GINS4,False,0.9916281855604222,0.9532614051032879,0.33395070291959117,0.14185180705025738,0.37,0.31532233038590163
GLE1,True,0.9931541230096761,0.938371576749978,0.2626657658152592,0.16741961387225482,0.28,0.1943293621464022
GMPS,True,0.9953132920533129,0.9569966055266098,0.07484838717459491,0.04559665036025964,0.27,0.1967496725653189
GNL2,False,0.9914622756006526,0.9655918230802973,0.43918988251498586,0.23121300135899997,0.42,0.38043142310224104
GNL3,True,0.9873836988936159,0.9012118901331416,0.19952827918069393,0.10636357563924784,0.21,0.16245357054825071
GNL3L,True,0.9947860264177525,0.9483952909905622,0.31309218166122965,0.15625016004541628,0.3,0.30381759356261767
GOLT1B,False,0.9964208160599978,0.9770538098215656,0.248887927690362,0.1425478780006911,0.32,0.2784240150814907
GPKOW,False,0.9955847255120527,0.9675706943874852,0.3894573663600167,0.3165320827389627,0.31,0.23993366542531308
GPN1,True,0.9869290715591141,0.9161704653122765,0.5862069308469544,0.3908903574210402,0.43,0.3563057662146769
GPN2,True,0.9858454992053072,0.8981334277431015,0.358345222669011,0.2132836952841717,0.25,0.18681659170535914
GPN3,True,0.9863031662435952,0.9297576436972348,0.6576970918965269,0.4814350984363051,0.53,0.4234840879961037
GPS1,False,0.9966155754881161,0.9793552607574577,0.32947148803200244,0.2625584845897837,0.36,0.2448867503747363
GRB2,True,0.9942978193313564,0.9431633956974919,0.07361626020971798,0.05397361885929885,0.1,0.09705938222371784
GRPEL1,False,0.9917960850896447,0.9556223880751348,0.4365503872532374,0.27159631970312387,0.33,0.27252290269172585
GRSF1,True,0.9973265819777202,0.977574373736027,0.16963828394892863,0.08556674000230546,0.22,0.20855839023658523
GSPT1,False,0.9812489422053965,0.9267073001723918,0.4889607036575357,0.331525439069531,0.35,0.30122952354224264
GTF2A1,False,0.9877204014021526,0.9566642167824253,0.14548637225951666,0.03233373605637575,0.26,0.19827131661867567
GTF2A2,False,0.9906222040706016,0.9683043319021797,0.14990762532245258,0.03681129741547601,0.31,0.20751657169435092
GTF2B,True,0.9886661633754776,0.9059568402994973,0.2258550399518268,0.13853314958541854,0.21,0.12881142297471082
GTF2E1,True,0.9958215913203929,0.9708204180592068,0.3380386223531037,0.23759026313755066,0.3,0.1673462069482914
GTF2E2,False,0.9934643951056346,0.9573919269846259,0.30701544256416013,0.2305904860631921,0.32,0.20462917490238097
GTF2F2,True,0.9889906011591828,0.9165095173614508,0.3301904165609623,0.20384268543538117,0.32,0.22477795086145408
GTF2H1,False,0.9921094421215536,0.9687254479737355,0.4076811495147371,0.26668896919290597,0.35,0.262859768005063
GTF2H4,False,0.994603710937387,0.9654009139327445,0.19049684405780715,0.11306712599273935,0.23,0.1424743416880767
GTF3C3,False,0.9954085257076808,0.9690722742965724,0.1219788945283211,0.030562728958698444,0.31,0.24088383527854088
GTPBP4,False,0.9904768109744164,0.949328758858278,0.21374006014455013,0.08434865805582918,0.3,0.28668882758096836
GUCD1,False,0.996092157492974,0.9768526326735215,0.5894759108667668,0.4745881502573536,0.52,0.4961614243593332
HARS,False,0.984945886819113,0.9480189740943413,0.4552300843138596,0.30442789836433376,0.32,0.2762266647287751
HARS2,True,0.9834564585315096,0.9043495217761554,0.27974475886225664,0.17394575337396892,0.3,0.2505404151990614
HAUS4,False,0.9965399249153931,0.9745233884382191,0.46901841937235833,0.3316004205362519,0.49,0.379447280320645
HAUS5,True,0.9973754477977215,0.9776246324175669,0.16043598642574816,0.13402026504595954,0.2,0.13270266636530664
HBS1L,True,0.9839272338802235,0.936476700832593,0.583610561900998,0.3934045892258008,0.41,0.4066625594815779
HDAC7,True,0.9928985601182674,0.9606144289562436,0.3181279113906792,0.2003422409111391,0.28,0.18761824499618301
HEATR1,True,0.9885406275361764,0.9585130024112651,0.5824101672262522,0.2905566332121275,0.55,0.47465457352810403
HGS,True,0.9851819813570895,0.9069308973824466,0.5166497999884908,0.3741497832295017,0.34,0.28353978755386106
HINFP,False,0.9920104700984932,0.9588633338422266,0.2885264851698303,0.20655969066049787,0.33,0.2593150921331015
HIRA,False,0.9967833074767157,0.9766328473235137,0.18253271838629442,0.1041539489139804,0.33,0.22281292355671983
HMGCS1,True,0.9956558881342192,0.9727640796906827,0.391557916718884,0.32415720825352007,0.32,0.28462108303783185
HNRNPC,False,0.9905237443973559,0.9462577507758824,0.4136915047772577,0.29236444665335964,0.38,0.28511349519491075
HNRNPH1,True,0.9933206965453533,0.956790277931076,0.12508135611227236,0.10343474061768788,0.24,0.13881445519482452
HNRNPL,False,0.9937024071983548,0.9455848362043524,0.3716640403314009,0.26072872320080465,0.32,0.26711208344842713
HNRNPM,True,0.9957442956463379,0.9674196544455637,0.24153053250661385,0.16298248153459113,0.29,0.24518389603871202
HNRNPU,False,0.992901944574853,0.9546934952321948,0.16853574636744242,0.12404611808752666,0.25,0.17342111006196206
HSCB,True,0.9960091919343133,0.9608010277730232,0.07647437391106937,0.03235922734631461,0.12,0.08550197025675949
HSD17B12,False,0.9949915956747883,0.9670750215659735,0.38178765935854153,0.2633476077016383,0.3,0.2651266386694152
HSF1,False,0.9950760245436894,0.963073052177594,0.1627376662970006,0.1712738015807351,0.3,0.19348648393608048
HSPA5,True,0.9692299965517428,0.9313663879620028,0.5754376766536681,0.5842215839468083,0.44,0.4308304580665604
HSPA8,True,0.9863629293173635,0.9546356439021172,0.1288677550706729,0.13423128141261984,0.27,0.23084961786198582
HSPA9,True,0.978489551976776,0.9113688644972475,0.70855003382627,0.5045017434508495,0.48,0.481664702638872
HSPE1,True,0.9806881306750995,0.8705787093528556,0.34861560843387496,0.1986221243129606,0.33,0.27453084180309933
HUWE1,False,0.9943937513467388,0.9582953651786081,0.16013064518684786,0.11068134121863477,0.18,0.15149345543350656
HYPK,False,0.9955044248342056,0.9696591955873777,0.2327395152344402,0.12033872530139068,0.22,0.15923862548653847
IARS,True,0.9883261522458785,0.9035803667763784,0.4043751488448554,0.23724772349089865,0.32,0.2532128686750387
IARS2,False,0.9926840585894156,0.9636409787837381,0.380345219720638,0.2436224987806025,0.29,0.25389325407490343
ICE1,True,0.9862890529901543,0.926127800432677,0.6532179439505005,0.5997622399228012,0.47,0.4566174183284698
IGBP1,True,0.9919724757746305,0.9499698877725424,0.49820734181838655,0.32431859934969365,0.44,0.3754917992744695
IK,True,0.9926380914588585,0.9462323674132467,0.547678563827475,0.44140004975106056,0.46,0.3883529445537909
ILF2,True,0.9927107156125106,0.9405602948568962,-0.02261878302681069,-0.025642829071723505,0.16,0.11178640516715474
ILF3,False,0.9954320413029508,0.9672859722974848,0.11156230264834524,0.044205245102423234,0.21,0.13104120319945115
IMP4,False,0.9836011019405011,0.9595431996782615,0.23052748714709462,0.07833721377998686,0.25,0.19375752654582837
IMPDH2,True,0.9927335525059378,0.9520412126362937,0.019082638973862063,-0.0025449321677590386,0.23,0.1573170218732978
INO80,False,0.9933297384072907,0.9650526410876927,0.09483107073071576,0.08011314988618046,0.18,0.12229301162058488
INO80B,True,0.9955796529422085,0.967889206790361,-0.019789834097702352,-0.005490745664161654,0.09,0.06564815195487855
INTS1,False,0.9960822474245756,0.9748083350717043,0.053954534006598956,0.07279435986128116,0.26,0.19960006942744948
INTS2,False,0.9711323134756693,0.9032239901689659,0.5667788675438986,0.42700508652458974,0.44,0.3816932835574347
INTS3,True,0.9875434109235949,0.9256761480859949,0.3502191275288029,0.3053625600908029,0.3,0.22642556941042238
INTS4,True,0.9859211774458746,0.8939971601491941,0.5674695130714447,0.41244033536352004,0.47,0.43386845274860386
INTS5,False,0.9814126119173743,0.9165358638333301,0.39995359823542476,0.27360141583402303,0.3,0.2519729661417677
INTS6,False,0.9961151405110198,0.9689499587358509,0.18669487590010245,0.13312862938995187,0.22,0.150900376514299
INTS7,False,0.9895579822690054,0.9408357732238797,0.47703087055758797,0.33303581504442986,0.37,0.3006893450203434
INTS8,False,0.9809925622979548,0.9276895387791891,0.4729561129860835,0.34050748526211,0.34,0.27438640267410996
INTS9,True,0.9895847662586582,0.937328323581264,0.6317189352707874,0.5148251283459174,0.49,0.4662710136564943
IPO13,False,0.9918602758695317,0.9525447645432354,0.2407646928554447,0.15856638908557466,0.24,0.1763598582170104
IPO9,True,0.998085436350255,0.9801884632883293,0.12131499792092441,0.07683418479974716,0.2,0.12704241630868032
ISCU,True,0.9874410914930023,0.8978134877396944,0.19787213984017818,0.08684185475120089,0.26,0.17335276931793925
ISG20L2,True,0.992007690689502,0.9447545070476312,0.2989006344210874,0.16645141354052065,0.36,0.2698740779962925
JAZF1,False,0.9971498986602462,0.9775389810192445,0.26758615019985293,0.1981582427998358,0.21,0.16143429506941168
KANSL1,True,0.9877617047379501,0.9139472820990481,0.10788021055122363,0.09181371218677103,0.25,0.18861096167868432
KANSL2,False,0.9917915890051295,0.9485096685216665,0.19030142251124818,0.13630192889614445,0.25,0.16416406455298327
KANSL3,False,0.9938205060891573,0.9584069321871448,0.023166460176552103,0.01702599819529212,0.19,0.1292189647405589
KARS,True,0.991332194283246,0.9221994301892662,0.35090030891013163,0.21660223071861223,0.24,0.16267270085141208
KAT8,True,0.9951908817870736,0.9720806326734375,0.06496449962080185,0.05245855411327357,0.18,0.14513837960424533
KCTD10,False,0.9946675203342205,0.9585190853684225,0.4310920539653421,0.25952941800480556,0.43,0.4041298845872047
KIF20A,True,0.994173106886343,0.9638965250941759,0.06256998595090647,0.0640803838665187,0.09,0.07482592443551182
KIN,False,0.9963544805229607,0.9719288438220807,0.4646200187960764,0.3198450955809913,0.31,0.22797872073806896
KPNB1,True,0.9894833354286056,0.9358364270869686,0.5559281510437677,0.393120178424832,0.38,0.35829393868553605
KRI1,True,0.9897239081329223,0.9321541218176851,0.47066153237315433,0.17634032975324418,0.54,0.49715670981651955
KRR1,True,0.9919632580327962,0.9766643674886397,0.6125030266413947,0.25967966673790077,0.68,0.6429598087292865
LAMTOR2,False,0.9946233925559459,0.9555543750858063,0.3324424327777909,0.2047380626134966,0.4,0.35629002557069384
LAMTOR4,False,0.9958893574882312,0.9710286519416155,0.28512533747724395,0.20528869563235977,0.23,0.165295755009251
LARS,False,0.9907062435686073,0.9494427795380873,0.3815446371741171,0.24382816492677117,0.33,0.30090980226712916
LAS1L,True,0.9954410242377042,0.9636574764651838,0.18532864968497423,0.11868314048070822,0.25,0.21078880547144727
LETM1,True,0.9956112089901297,0.9681021801040353,0.24999382250988544,0.14513275457308294,0.16,0.12011847917367705
LIN54,False,0.996708342900049,0.9788242319380125,0.06419429383389569,0.030096380073760382,0.14,0.10084803889611405
LONP1,False,0.9940262451261718,0.9660013825094648,0.19342444289953237,0.18966674733821226,0.27,0.2354325527162301
LRPPRC,False,0.9698456626512864,0.9655130082527934,0.06483643566421614,-0.07165485210938806,0.15,0.11269007764185879
LSG1,True,0.9937983037415837,0.9596853807045395,0.42087391950057274,0.23185478311996438,0.34,0.2841916847055462
LSM10,False,0.9924148806562415,0.966152939484898,-0.06748946622152278,-0.005982361532510096,0.18,0.12934919759063782
LSM11,False,0.993375230681831,0.9665782915724992,0.17178817102576152,0.15739179711624376,0.33,0.2914434663645319
LSM2,False,0.9880215135672077,0.9487785868785437,0.5564708707966788,0.4290615255914514,0.47,0.37039013488956174
LSM3,True,0.9895307954742617,0.9157334626671181,0.4885858480386764,0.37432355961456004,0.32,0.25326723221965186
LSM4,True,0.9843877141972864,0.8868894671892118,0.5977399377420224,0.4681655221648021,0.41,0.33230517106785173
LSM5,True,0.9887337786464183,0.928004273337593,0.47295611804466814,0.3484128206094857,0.33,0.2468042090011321
LSM6,True,0.9874025149441851,0.9202128315417526,0.6694233363536575,0.5378906773171978,0.49,0.45893670115781987
LSM7,True,0.9904462898099349,0.9346007530088686,0.5568445572001848,0.4462434091772183,0.39,0.3097579363395859
LTV1,False,0.9843772256946979,0.9608822289666508,0.2483899404368514,0.09149939278661517,0.25,0.1952185808236392
LUC7L3,False,0.9884415342777152,0.9204006340342064,0.14874203013879894,0.10027059912647811,0.25,0.17063921300880117
MAD2L1,True,0.9954725044386756,0.9605156428763891,0.15648246841231325,0.1299626335464755,0.14,0.10061673278444064
MAGOH,False,0.993382328763805,0.9672788416439234,0.38152999792778924,0.2408790935692128,0.31,0.24328886342059153
MAK16,True,0.9930677155062669,0.9649517092036075,0.46741168979861186,0.3108147849321062,0.4,0.3284911393711597
MARS,True,0.9869075199723663,0.9142578809679797,0.5661440480331453,0.35111859394008293,0.38,0.3791534192737918
MARS2,False,0.9956371590931827,0.9642592745490951,0.16408319689808387,0.10386780196773654,0.27,0.1778805500785043
MAT2A,False,0.9886054825206818,0.9278446012231476,0.24819172176342943,0.17655931824156482,0.32,0.2151681247707106
MAU2,False,0.9931780735905674,0.9596420062261356,0.19126666084236843,0.09925410120224609,0.23,0.16502598132163107
MAX,True,0.9838918431001109,0.94024084922416,0.3345449358833097,0.18127520942919087,0.35,0.30817335801343276
MCM10,False,0.9937919383588965,0.967231971775224,0.3786797247067276,0.20017852104164646,0.39,0.31131758074667343
MCM2,True,0.9952205680425489,0.9601361293763199,0.36047691668627574,0.18876358665983542,0.32,0.2317076605676244
MCM3,True,0.9952895658181095,0.9592415028603934,0.23783921582721684,0.10025241500404493,0.22,0.1905984614289563
MCM3AP,True,0.9938310419373636,0.9578292692757491,0.07996039454692204,0.045501665466734,0.22,0.17200209449735165
MCM4,True,0.9937588582087906,0.9472871307132574,0.12441973454420052,0.06161490910029868,0.16,0.11030724957728959
MCM6,True,0.9960000742681607,0.9590186622897869,0.27116334791916313,0.12786504665771103,0.31,0.24458626485209703
MCMBP,False,0.9952542085626355,0.9726448769384451,0.18966125411143755,0.13587214898492636,0.23,0.17074744355530946
MDN1,False,0.9941496552357902,0.9578624006881968,0.2603708620773118,0.09095299801411807,0.27,0.25606098315411546
MED1,False,0.9779338352877996,0.9321341391009985,0.3942104967117624,0.24273484520270963,0.37,0.253496520247418
MED10,True,0.9771595224637523,0.9019139250218685,0.38629026262175775,0.23407275124425936,0.34,0.24829605719095826
MED11,True,0.9878164136698544,0.9505503481431996,0.4355156388619518,0.24717863504735124,0.34,0.25000478181220176
MED12,False,0.9743582501937529,0.9278139406455191,0.447498846657732,0.2784572526294442,0.35,0.2614767568907008
MED14,False,0.9880379157172575,0.9514784581436105,0.380553796421537,0.23868632711179644,0.38,0.2642839455896294
MED17,True,0.9753087611122624,0.8939009199037827,0.5439717133060076,0.350607527127203,0.39,0.35590408831319204
MED19,True,0.9856085356605659,0.9433207416293397,0.5622631703354302,0.3424706207785579,0.39,0.3218192139441321
MED20,False,0.9843866781172551,0.9378097752414237,0.26902964442412947,0.14394364512837804,0.35,0.2530703597039423
MED21,False,0.9735566620286503,0.9009915834917321,0.4302241132100952,0.2531168480209058,0.37,0.283630451588149
MED22,True,0.9785710554549975,0.9119707920222546,0.5437580037015658,0.30969188159843014,0.47,0.4056487196974793
MED26,True,0.9961037362701645,0.9661655038366648,0.16184711813107547,0.08002782865317835,0.23,0.16578814837046782
MED28,True,0.9806692335910759,0.906746771904125,0.3770269006932416,0.2172210035364607,0.34,0.23750253576311725
MED29,True,0.9873610047882176,0.9207348501846087,0.5170588583531752,0.3771461600055101,0.41,0.34206561677308106
MED30,True,0.9705624495122269,0.886927456877151,0.641304001746564,0.44685835094151793,0.45,0.42031375435283214
MED31,False,0.9900026255065264,0.9376672634213901,0.07913575818228004,0.059840583604192324,0.26,0.17088792358362376
MED4,True,0.9636402964292952,0.8156237961234726,0.5496656636527903,0.34355359500122806,0.44,0.3637123534487725
MED6,False,0.9830980507313136,0.9449694583370565,0.37257276588872384,0.2279485872027496,0.35,0.2547344079019279
MED7,False,0.9745845000077084,0.9247802161952856,0.43908919045079436,0.29221627657905946,0.4,0.3001167930110425
MED8,False,0.9874179650583457,0.9500985224687457,0.28131156857479234,0.19280429607972616,0.33,0.21767943836931247
MED9,False,0.965210792594226,0.8949461692975355,0.43858863868124287,0.2769654826261884,0.36,0.26144642953509734
METAP2,True,0.9952742441479699,0.9676439604190509,0.08025700637128849,0.041577458754858056,0.17,0.0963751135432988
METTL14,False,0.9942831712331727,0.9654025732912676,0.16631243669523083,0.11293150625104795,0.22,0.2020446585215035
METTL16,False,0.9920207012671023,0.9496770202686711,0.017882082970137308,0.0447853259999619,0.21,0.1351528880096238
METTL3,False,0.9943918392635255,0.9665678797987245,0.09120688015116099,0.07175190801489532,0.2,0.19679896203992797
MEX3A,False,0.9960293049339836,0.9752277979201252,0.03524600408848435,0.005586991963292716,0.23,0.11572255497133141
MFAP1,False,0.9904337273952667,0.9494441616996221,0.6185781049371119,0.45168930500590565,0.49,0.4367830524221864
MICOS10,True,0.9952553208613122,0.9595369143162055,0.08925244601389552,0.050163523951759215,0.14,0.11753825906951897
MIOS,True,0.9976676323551453,0.9774802178066605,0.23145470501047413,0.15560194763294033,0.16,0.11026927927066356
MMS22L,False,0.9921796431148527,0.9500532049788566,0.2880432513569757,0.12952167909183898,0.32,0.2440625095471042
MNAT1,True,0.9911205417112124,0.944668582034982,0.22733838545981014,0.13120231614792022,0.2,0.1497566779967015
MOB4,False,0.9949264015894836,0.9630409750695534,0.08103824267468149,0.015850453560449673,0.3,0.20504582366189722
MPHOSPH10,True,0.984653283304204,0.9050239491989096,0.5486446635073157,0.25669141756876,0.54,0.5278892684350466
MRGBP,True,0.993607900326671,0.9500378947081436,-0.06959937323820595,-0.05064792250266028,0.14,0.08419678951258913
MRPL10,False,0.9954593421824193,0.966295003897259,0.25704799086869434,0.20812516829879732,0.31,0.24743127585607835
MRPL13,True,0.9954635824711309,0.9576798680644802,0.19018239178393337,0.08087016402827185,0.2,0.16585073342251647
MRPL14,True,0.9979508781277828,0.9806137739556912,0.21548577091266397,0.08678678622399202,0.17,0.14571315134138899
MRPL16,False,0.9949054303502969,0.9590086679045808,0.14481536808350332,0.09251995116880012,0.23,0.17584332279799778
MRPL17,True,0.9961298999241635,0.9657463520403192,0.3199329698778328,0.12788796575076872,0.21,0.1904675388399176
MRPL18,True,0.9964983922112266,0.9704126233739514,0.4285314846543629,0.2526702508551624,0.3,0.26947677614525645
MRPL19,False,0.9960901412324323,0.9733507792238976,0.27986477582564917,0.23804300770409,0.31,0.28201018115094434
MRPL2,False,0.9957802739294697,0.9693398942882457,0.25962841561253747,0.18060836045781797,0.28,0.23766982604402795
MRPL22,False,0.9949806274845887,0.962794302166296,0.198549603582794,0.13058874666802128,0.24,0.18687878339051708
MRPL24,False,0.9961586611946764,0.973193399837241,0.2154027231556447,0.156481579066268,0.28,0.2386831685301449
MRPL27,False,0.9959900585151971,0.9671161295607227,0.29051170249014074,0.241524731554487,0.25,0.2110257961087491
MRPL3,True,0.9966043209679023,0.9733204111786679,0.30853120374929754,0.10193195219345527,0.3,0.2554877643706557
MRPL32,False,0.9950939943458611,0.9597382140554512,0.17215034196997683,0.12764823336920553,0.21,0.13981789727790814
MRPL33,False,0.9957227226212126,0.9720911135871507,0.2519977896139463,0.24685067022717425,0.32,0.25120406090511815
MRPL35,False,0.9958947233238162,0.9722451334737559,0.336367862470943,0.24749651053438818,0.34,0.2957190760004098
MRPL36,True,0.9966998131326905,0.9772913485235145,0.21120583373238186,0.04846559776903809,0.23,0.1840602546846712
MRPL37,True,0.9969526962246426,0.9687627698399651,0.37432229857539984,0.16975979751146167,0.22,0.21593138649868202
MRPL38,True,0.9967886038187547,0.9739851977407241,0.1933287974300329,0.09988888007515752,0.26,0.18501504055980209
MRPL39,False,0.9955072276184207,0.9711136507339829,0.2529397412040184,0.21598045557062484,0.28,0.2164639236242515
MRPL4,False,0.9961519172577386,0.9708061583451701,0.23127857965645107,0.1793883422744475,0.31,0.19947237091979408
MRPL41,True,0.994938689837474,0.9542877266338918,0.16136945158318108,0.05523709834426421,0.19,0.14790418140560074
MRPL43,True,0.9954616758278921,0.9636230189678335,0.26101215019001905,0.1291633981610404,0.26,0.233375821737233
MRPL49,False,0.9872684970693922,0.9448584959360493,0.1822300259674915,0.09364504053527709,0.25,0.19525375034124287
MRPL50,False,0.996157762773166,0.9716596545631413,0.1879093229430893,0.15214489750067528,0.21,0.15837491188243946
MRPL51,True,0.9956547343465195,0.9652977631982839,0.19650554446391214,0.0770247338329188,0.2,0.1802325371514246
MRPL53,False,0.9965539788657569,0.9740446128441567,0.23535286340791722,0.2076812389151035,0.27,0.2293809777049356
MRPL54,True,0.9972601248278035,0.9698763153856564,0.23907487027467786,0.10126409352408705,0.23,0.19456774831791607
MRPL55,False,0.9959720739261552,0.9718936346292713,0.19940548024136284,0.15313047840219376,0.3,0.2478867004349587
MRPS10,False,0.9959532904897669,0.9682486446203141,0.13813241129704926,0.10956654350723759,0.19,0.11046177514227568
MRPS11,True,0.9958167479301288,0.9632921352952313,0.1793925547726169,0.09843255496404146,0.16,0.10143781868970694
MRPS14,True,0.9905251162723708,0.9528531366342144,0.1574431251083644,0.10007495795276945,0.21,0.19548864183086104
MRPS18A,False,0.9959832865916248,0.9679386654240373,0.2524360838637832,0.1838520189319884,0.31,0.2564042709986485
MRPS2,True,0.996668024401615,0.9653553554925552,0.07856059029717431,0.017834175573229465,0.11,0.08786298904170592
MRPS21,True,0.9964884595607291,0.9718564774881485,0.0990664038336008,0.027400041636517002,0.14,0.08361608932156817
MRPS22,True,0.9979081167250882,0.9764010287566582,0.20752941752014545,0.14499461584358742,0.18,0.1339936587286157
MRPS23,True,0.9971851460074956,0.9714774890638536,0.22382145763865066,0.10309281399058239,0.2,0.14968568906726634
MRPS24,False,0.9960369800222297,0.9710418991674494,0.13152453586537438,0.09034357406297196,0.22,0.14461693281673968
MRPS26,False,0.9956233163824851,0.9698291415561215,0.11723858102343405,0.06343512981500417,0.18,0.12436112306038702
MRPS27,False,0.9945413459626006,0.9634605945959897,0.3186531414405952,0.2566709018054527,0.31,0.29267103235752134
MRPS28,False,0.9962260702050248,0.9720614796360141,0.2004003842183472,0.14393292397727497,0.21,0.14483811052121798
MRPS34,False,0.9935616253463725,0.9616821092333552,0.2577846118285248,0.19831903712594148,0.3,0.2500006605522766
MRPS35,True,0.9976720469552595,0.9799270703517589,0.35891410417758196,0.23401083403973583,0.2,0.17181889822019386
MRPS7,True,0.9973373912292717,0.9733365861008616,0.15475628717932496,0.08969054320215777,0.1,0.09794369409299233
MRPS9,True,0.9955026782472732,0.9567522627537585,0.13338873007310756,0.05113551933329543,0.16,0.1174713855127813
MTBP,True,0.9927400204605652,0.9575425598870617,0.21110550404608414,0.10860092238196362,0.28,0.2142802397509567
MTOR,False,0.9922874615052432,0.9550957755258552,0.35329141169879413,0.2314691434836539,0.31,0.2627539561886445
MTPAP,False,0.9688658723504914,0.9615063516863737,0.11453834700958888,0.019667141295669918,0.16,0.11072266455670757
MVD,False,0.9923246603769387,0.9575594903337391,0.2564944090830824,0.11806053883963158,0.33,0.29143395436267955
MYBBP1A,True,0.9935767116781024,0.959744326408352,0.30386561780400745,0.16332079408648004,0.31,0.2834707426347341
MYBL2,True,0.9943676354267362,0.9602943476821376,0.17240413158685317,0.0994392987404572,0.24,0.1415155233882358
MZT1,True,0.9983630456702721,0.9883103312224327,0.002739431690991129,0.02065744314865487,0.13,0.08310862556324874
N6AMT1,False,0.9950849703110625,0.9725605074969362,-0.113084632089033,-0.039975390158249906,0.28,0.19562748375252176
NAA10,True,0.9956619032450047,0.968067585041153,0.04773709050435825,0.006508640724938207,0.14,0.08818158021343302
NAA15,False,0.9947163580885857,0.9681626068171664,0.2432337253075565,0.14798639688469992,0.26,0.15495531324762024
NAA20,True,0.9971869821919637,0.9741732774903793,-0.0004812276618539994,-0.01787602148547866,0.19,0.1105926742743936
NAA25,False,0.9951258137462471,0.9701117203080297,0.33766937975707495,0.17036666647105692,0.37,0.2838170235628882
NACA,True,0.9882171798196352,0.9479633183555813,0.498791993081221,0.299884891752145,0.35,0.3085034561961009
NAE1,False,0.9931523108630151,0.9625478716540389,-0.007351121935911624,0.0018118554193858236,0.24,0.15276891214886246
NARS,False,0.9891726520220683,0.9523492030238336,0.472970052710152,0.2970878881134362,0.36,0.29267273010707806
NAT10,True,0.9841702119963659,0.8990681763040167,0.35886397238390755,0.13957139918918504,0.39,0.318934579021791
NBAS,False,0.9957169747497018,0.9674095371563569,0.2675674370646147,0.1887992389717906,0.32,0.2975012882062962
NCAPH,True,0.9931193389891793,0.9405573352214658,0.18241532460324542,0.1097847603046322,0.2,0.11353233760854237
NCBP1,True,0.9757977805384143,0.8954656042233303,0.31951664624462134,0.162437423042748,0.32,0.2196817240147542
NCBP2,True,0.9849357827633185,0.9508954746431254,0.4799408247521031,0.23998136212840013,0.48,0.4142719405930183
NCKAP1,False,0.9927079267966527,0.9516144321876595,0.20933747062964092,0.11902989384019982,0.3,0.17780589007567738
NCL,False,0.9923895772306472,0.9708635190047168,0.18868491670812268,0.08711144475319467,0.3,0.24521780379843308
NDC80,True,0.995248181739191,0.966929495696048,0.5100588388760326,0.3376508371155646,0.34,0.31067074617630636
NDUFA2,True,0.9849738520047973,0.9186124726451895,0.581917481006503,0.459138545207973,0.43,0.38066351007838123
NDUFA6,False,0.9966307349727657,0.9740747416078482,0.19899976376355874,0.12271097903905896,0.26,0.21492171100509283
NDUFA8,True,0.9962567905810102,0.9647578541980788,0.07986184612251722,0.03961664245321236,0.15,0.1271168382567574
NDUFAB1,False,0.9957155485045132,0.9694472217759473,0.2591828802747711,0.16543570100775548,0.32,0.23737939787903506
NDUFB10,False,0.996682429314141,0.9723676114474082,0.1984832048301775,0.11524104719697452,0.27,0.23868989043952196
NDUFB4,True,0.9971385497868164,0.9754818113630793,0.06436836117495823,0.055103171415904866,0.23,0.17298284392534638
NDUFB8,True,0.9978639236890132,0.9789736497173772,0.41546850507676986,0.27726468140855776,0.38,0.2963158045172322
NEDD1,False,0.9955752628635757,0.971566393388819,0.22070669733588194,0.14042162193375626,0.37,0.28984440570955894
NEDD8,False,0.9908180713694488,0.9583851537437633,0.13491513577014064,0.1429141664196624,0.31,0.19092820927909285
NELFA,True,0.9909704722290499,0.9490229242349024,0.18262574822482686,0.05580292685596251,0.25,0.203170733526663
NELFB,False,0.9932902892657338,0.9665325445109111,0.28143973790209525,0.18186921708576295,0.22,0.16457060182605307
NELFCD,True,0.9960025046003986,0.9755423816909778,0.14125595976375097,-0.011884370986305097,0.22,0.19200165991941576
NELFE,False,0.9920714970897253,0.9511580882780599,0.061267207389833274,0.03260715360712882,0.25,0.17041603444794054
NEPRO,False,0.9851237281635671,0.9473478737294477,0.1864785102301762,0.047831933737807246,0.23,0.16533770419476154
NFRKB,True,0.9964845568993727,0.9783706738603132,-0.080055750614464,-0.04877658666331025,0.16,0.10013864029173897
NFS1,True,0.9943967249401385,0.9513374088457378,0.19945163169121433,0.08169469316096448,0.24,0.16163840052810738
NIFK,False,0.9902727427037489,0.9633194293214459,0.4244406198107195,0.24160839980131055,0.36,0.3401094055367442
NIP7,False,0.9940209287067494,0.9689156953535706,0.36677459609391194,0.181581463990073,0.38,0.34047578327759737
NKAP,False,0.993243125377784,0.9570336616660714,0.441021327237865,0.3694966437049192,0.29,0.21636152372023992
NLE1,False,0.9932206228170583,0.9715707807480476,0.41806455514997803,0.23681736656388075,0.39,0.3614924593621522
NMD3,False,0.9939444540407173,0.9561039940221908,0.3286690931581772,0.16073370503605736,0.33,0.27157473852367403
NOB1,False,0.9889411856785235,0.950605705807674,0.13993993233214772,0.058117373869964975,0.17,0.1107588764596265
NOC3L,True,0.9942545093681898,0.9510650436876886,0.4276720122452917,0.2343548332719091,0.35,0.28644637224186253
NOC4L,False,0.9854883521945917,0.9383371671455799,0.24039988627928324,0.08452832439896323,0.25,0.20444676371399415
NOL11,True,0.9887344134986311,0.9564287474231696,0.5563418301729552,0.22991634808549555,0.57,0.53008006250669
NOL12,True,0.9946773589014685,0.9581446742048007,0.173894605710782,0.08709093408776303,0.28,0.24242266912448338
NOL6,False,0.9823246296008059,0.9550770285660873,0.19728881085514677,0.05348254591470682,0.25,0.18763133059603557
NOL8,True,0.9940842679774935,0.9516031464468285,0.402309055311392,0.2054253378167357,0.31,0.30309259772648195
NOLC1,False,0.99457838481715,0.9680373332141008,0.06408649968934736,-0.00791686196283102,0.23,0.2104815702424607
NOM1,False,0.9893939308148958,0.9558163048924059,0.08388365448738958,0.02188259999067764,0.18,0.1133883852091503
NOP10,False,0.9918571376165898,0.9695136716291556,0.08448288736888114,-0.03343121851452034,0.23,0.1429027187711119
NOP14,False,0.9837002006566964,0.9381047280164476,0.1486512960969352,0.015268458729222752,0.23,0.18097187444248286
NOP16,False,0.9915855896181818,0.9621486250737208,0.36172126332873666,0.1734419988264703,0.35,0.29940693858767375
NOP2,False,0.987331396438206,0.941325067328488,0.4149361980636526,0.22253438996483585,0.38,0.3591879301220679
NOP58,False,0.9849074037440653,0.9418089989770785,0.1798567487624974,0.07159704538572224,0.23,0.1666807154716243
NPLOC4,False,0.98262146103248,0.9272305386297123,0.43699991263303334,0.31453521266765466,0.42,0.40825099073351095
NRBP1,True,0.9915542003537803,0.9407260140494942,0.023663474838531654,0.007053480008128486,0.14,0.0906028055547985
NRDE2,True,0.991083102845623,0.9391961062012879,0.5730008158903043,0.40988314280482974,0.35,0.32465208785043376
NRF1,True,0.9924152860157923,0.9400809291837277,0.0306139239518754,0.0131199520281745,0.09,0.11195164626162159
NSA2,False,0.9951595321257497,0.9647389680794294,0.25337347936481497,0.1270073042279431,0.28,0.2623177426982543
NSRP1,True,0.9932702888336273,0.9497133265825739,0.7117144204596401,0.6366089965681924,0.51,0.4457124093610322
NUBP1,True,0.9972108232398134,0.9751174706512223,0.25201561491001545,0.13986778458143165,0.24,0.1909649537350128
NUDC,False,0.9951340118309555,0.9681159284374209,0.24160889449120998,0.1854500305754332,0.31,0.2074876017382947
NUDCD3,False,0.9943604227417444,0.9635016634008199,0.22298566172634313,0.16270907640990995,0.25,0.1831650277437762
NUDT21,False,0.9837704799793482,0.9224523945859059,0.3254697739399084,0.1850378029686853,0.25,0.1618925049005575
NUF2,True,0.9961187635295232,0.9710948609201995,0.6139100702647009,0.42327341287536385,0.5,0.4649063410219533
NUFIP1,False,0.9921677769443036,0.9603085124482402,0.002495215701290388,-0.027436484437814736,0.2,0.12924292305735854
NUMA1,True,0.9910726845595504,0.9471369887169335,0.27628950362121224,0.1689838355214417,0.32,0.2195035253609539
NUP107,False,0.9914756054361873,0.9607420377049728,0.4782401312149261,0.35112072931274463,0.42,0.3193972189302299
NUP133,True,0.994706209334216,0.9487162016253124,0.2848617363226312,0.21738490151298376,0.17,0.12488917861029968
NUP160,True,0.9862914831224552,0.9174789991849764,0.5188725681143185,0.37542764541475376,0.4,0.40492814472719507
NUP54,True,0.9918683304127848,0.9540693381018115,0.46795827448403754,0.3290361690128765,0.34,0.28462181835460465
NUP62,False,0.9801971904785648,0.931311435411465,0.4879858141832966,0.309071230532023,0.38,0.3285870437340981
NUP85,True,0.9946685938149499,0.959448495167889,0.44354059898961606,0.30398904614616723,0.37,0.3368403981720794
NUP88,False,0.9894037478956391,0.9285649678788415,0.4091131404230744,0.28622030371857166,0.4,0.33197362225036947
NUP98,False,0.9934097605468916,0.9690514743266977,0.5172635532708808,0.3668081869020435,0.44,0.36005171253325463
NUTF2,True,0.9850419699166493,0.9048889839877766,0.35763326098803816,0.25184597215561094,0.28,0.22141419099371606
NVL,False,0.994699104651116,0.9668383486240457,0.2849565399060961,0.11474538743876901,0.3,0.291872551005616
OGFOD1,True,0.985763655715607,0.9225294225310818,0.15229936877319702,0.06303658076446914,0.18,0.1311959258302013
OGT,False,0.9856772179850481,0.9268364072264682,0.02639836895796403,0.031338882119055174,0.24,0.1450394202939272
OPA1,True,0.9935637458148007,0.9429015101786872,0.3768998107363421,0.193291814211906,0.24,0.25730636235475757
ORC1,True,0.9961108189410277,0.9732191517560722,0.40178612316088985,0.22485228346139297,0.36,0.2965787919791303
ORC5,False,0.9952561564590364,0.9645406959239453,0.09577120836181544,0.045826508793928834,0.22,0.13350258644523208
OXA1L,True,0.9957131617424245,0.9720290265596447,0.5990379239249495,0.3999633414311155,0.43,0.38945364268458876
PABPN1,True,0.9849984465366591,0.913134694383588,0.3403368041244344,0.2100537516885781,0.38,0.3653144162814213
PAF1,True,0.9805010131100345,0.9193357194148463,0.47713478955494715,0.4754034359856464,0.45,0.37534920647073194
PAM16,True,0.9852506228727516,0.8841535440108197,0.6069973541643205,0.380455265007238,0.44,0.41072317235452793
PAXBP1,True,0.9931361114670265,0.9554557993761217,0.42881276324497936,0.33355884083634346,0.29,0.24060678793855933
PCBP1,False,0.9945460202806424,0.9634442179890906,0.16349900510554327,0.10590665814287413,0.25,0.20053220362913005
PCF11,False,0.9916372095425775,0.9624694646568291,0.31328315076204133,0.20676992673356698,0.27,0.20382956536883368
PCID2,True,0.9981268624536352,0.9822895313889263,0.0508858962009607,0.0059284094400679525,0.1,0.07286568498832868
PCNA,False,0.9757464491816995,0.9063460627158669,0.3898807940607541,0.22187540128047636,0.37,0.2907334102865787
PDAP1,True,0.9914163993778674,0.9234118329323642,0.14620884583621332,0.08662273658566842,0.16,0.09986856293862093
PDCD11,False,0.9817327188156983,0.9532410569326425,0.25312182432764585,0.0951973815852684,0.24,0.18675121653717108
PDCD2,True,0.9928604537300325,0.9501021218875698,0.31590769977424654,0.04265784739872346,0.41,0.3235199086851699
PDCD7,True,0.9950640089157151,0.9560536747272238,0.22456657747028264,0.15612318279603285,0.27,0.14408029726275645
PDRG1,True,0.9957683955744924,0.9623304863709381,0.32957236103987536,0.1870125323288236,0.3,0.2791899659691349
PELO,False,0.9958746675035942,0.9721844576019523,0.37396787208791216,0.2384479450300453,0.27,0.19470584265174287
PELP1,True,0.9902388683331247,0.9346034927984117,0.19501255951792779,0.05981301811609956,0.31,0.23602080633657851
PES1,False,0.990365924995922,0.950023893627661,0.2939254037687519,0.12630358200339756,0.3,0.25957296336443725
PET117,True,0.9958981803509853,0.9657821451810892,0.16944823502387704,0.06157586287763142,0.28,0.1921485203108848
PFDN2,True,0.9853990136508296,0.9072864388423192,0.47090320092781424,0.2905501914090129,0.4,0.3346349686355203
PFN1,False,0.9967369259783273,0.9781039298287766,0.24488762041872053,0.1585952953149626,0.32,0.23358246055980464
PGAM1,True,0.9975349692768015,0.9757948840140221,0.13788927453365707,0.1205671142724046,0.17,0.13785384543844187
PGD,True,0.9930705279299951,0.9543627459327734,0.1195441081301578,0.10193378137496088,0.28,0.2470426809725247
PGPEP1,False,0.9931152353170299,0.9465518337561282,0.3443761836151547,0.22685246460293387,0.28,0.22492462235235072
PHAX,True,0.9931887056377927,0.9562325911215713,0.5935243706703219,0.492544637886515,0.51,0.4323694432974092
PHB,False,0.9620303781431615,0.8976539352602763,0.5740053045461986,0.3805281522029196,0.44,0.4079527422102594
PHB2,True,0.9767484775430424,0.9056395035235237,0.6878923095831689,0.4893653197008866,0.46,0.4617718501134008
PHF5A,False,0.9909876493754785,0.9563513699548946,0.5280957089163754,0.4065121346177364,0.36,0.3208752834237501
PIAS4,False,0.9938138712112446,0.966595633507284,0.44616439837786737,0.28756466769164,0.36,0.3215179713059135
PKM,False,0.9930494651571852,0.9487769150939488,0.266740294479604,0.10023141972180957,0.4,0.35524958686618935
PLRG1,False,0.9799720873126658,0.9150759941055532,0.5928576671254093,0.48089983391943175,0.44,0.37271827742807856
PMF1,False,0.9970010856693605,0.9782965014441113,0.5338516972864974,0.3762834796459435,0.46,0.383063484999837
PMPCA,False,0.9946524730144263,0.9640781251252664,0.41808199049954703,0.254925353498757,0.34,0.2850101349601348
PMPCB,True,0.9939143298190392,0.9609033459606672,0.6881566968003918,0.5137348966600292,0.45,0.4016405563474139
PNISR,False,0.9935989999707326,0.9586887124842798,0.15914313648749145,0.09628120587870273,0.27,0.19228822486431799
PNN,True,0.9846420653972717,0.9094380230671723,0.11290104715993914,0.016150764635561768,0.21,0.17800886203239868
PNO1,True,0.9903037724239288,0.9558045769108625,0.623742623758372,0.2889178153044483,0.65,0.6302992762039147
PNPT1,False,0.986101407529025,0.9665331301293761,0.11965053527808824,0.10478430028189231,0.16,0.10070394597059161
POLA1,True,0.9907222966029858,0.9412540232491363,0.3490149039235226,0.19259122048992164,0.38,0.2930195535723956
POLA2,True,0.9872707391008679,0.9228768081006649,0.3395342646324386,0.17421183699336917,0.35,0.27732708151932906
POLD1,False,0.9915522701922929,0.9582292039926085,0.2256666098853434,0.09247048743724799,0.32,0.23619286406829276
POLD2,True,0.9888190160465569,0.9224762187846787,0.24401295551259988,0.05765658453703731,0.35,0.2732163578172102
POLD3,True,0.9886030693098442,0.9241911831094934,0.10397363731263859,0.012921531875003715,0.28,0.1892626833456478
POLE,False,0.9912152186002193,0.9583274193462082,0.36648813103246364,0.18136554378565742,0.37,0.2806313770306857
POLR1A,False,0.9876642197646223,0.9600384779752136,0.18051773580744063,0.03926263832146444,0.24,0.17099556908049302
POLR1B,True,0.9862773695900362,0.9552445019890664,0.5054038656711418,0.2723277090546579,0.48,0.4446873258895503
POLR1C,True,0.994369897230521,0.9742315643702075,-0.013559141213619914,-0.033256487233629936,0.12,0.08983570242376515
POLR1E,False,0.9932674166871507,0.972427187534396,0.1699878234290842,0.05427057712532129,0.24,0.17300669091629056
POLR2A,True,0.9852551731212243,0.9182753845393077,0.5923014168023756,0.4674027853386796,0.47,0.394030349537538
POLR2B,False,0.9829451843947998,0.9444168563389513,0.41164917768011017,0.27071502572510076,0.36,0.2597426539871481
POLR2C,False,0.9790524096692738,0.9303342652823261,0.3914149483863111,0.2496030432390616,0.37,0.27603073582929477
POLR2D,True,0.9896124920724493,0.9374583885502034,0.5569979882423977,0.39410446064252935,0.4,0.2893705659026508
POLR2E,False,0.9931951580248798,0.9629643536799602,0.258519320288807,0.16395791734495468,0.3,0.19254000514941552
POLR2F,True,0.9908345029384008,0.9449847000293897,0.6758081188828535,0.48171807705283426,0.51,0.4415337598768715
POLR2G,True,0.9751441456059641,0.8911493836688414,0.5712671716733478,0.42229065269216426,0.4,0.3498767818239257
POLR2H,True,0.96557586015764,0.8560643843443833,0.5466081048084471,0.38362300687312356,0.37,0.2932495403904996
POLR2I,True,0.9800344655608448,0.9096025417100554,0.591549816876267,0.5105739556788741,0.41,0.3200098921316173
POLR2L,True,0.9891860854521021,0.9250908570739237,0.08085984172504926,0.05736584536068709,0.13,0.08689668252712907
POLR3B,False,0.9962462728555992,0.9697503481528855,0.3723933677638406,0.23175688542774087,0.37,0.3171301108584867
POLR3C,False,0.9959985545379012,0.9731024967490224,0.05131298937281816,0.0016874529158213876,0.25,0.17073422094357446
POLR3D,True,0.9926678181100436,0.9485083067516342,0.2974867198707076,0.1953653518723053,0.31,0.2595831724200796
POLR3E,True,0.9977468571060681,0.9789806220181764,0.1119070355029308,0.10157387740800314,0.2,0.15849269595901902
POLR3F,True,0.9956472410777196,0.9691880069067472,0.16456202630337122,0.09095643621262482,0.27,0.1807452280309376
POLRMT,True,0.9852634230553257,0.9414364217350145,0.6880927786621536,-0.047367194825721985,0.21,0.21064989061886583
POP1,False,0.9890547541797866,0.9650828208301407,0.14906338195810365,0.025713346392463667,0.25,0.21447589682228893
POP4,True,0.9939469808710584,0.9593970227969076,0.5379983688470164,0.14992430811244598,0.58,0.5503933728272798
POP5,True,0.9891581141284578,0.9339329465927256,0.2118893844716468,0.047212646034518434,0.32,0.23468817217191446
POP7,True,0.9971369650627888,0.9759494124137231,0.35827274356685557,0.0904060494848788,0.46,0.43869377887411953
PPAN,False,0.9928880532455238,0.9643135249497639,0.4183184962641361,0.24980013985626753,0.35,0.3061148958634986
PPARGC1B,True,0.9972800922739505,0.9760391694357726,-0.07048721450575746,-0.038926154951081135,0.17,0.1193574865984786
PPIE,True,0.9827002410730666,0.8892047712344552,0.21095345856031,0.17323902850066725,0.22,0.1465711777999214
PPIH,True,0.9955968596817234,0.961971442989113,0.21519604901398112,0.15950638350858792,0.21,0.16688977553873374
PPIL4,True,0.9907937455611174,0.9259243806117191,0.5524404820110154,0.4486079307119988,0.32,0.2665184337109935
PPP1CA,False,0.9946824333323899,0.9552014568015713,0.0346275504263574,0.033090593438791,0.15,0.10496658323711716
PPP1R11,True,0.9951627266819715,0.9507671601572363,0.2002929865407317,0.12670347052075887,0.17,0.1235444207884274
PPP1R8,True,0.9947100164592158,0.9528800816911568,0.10144558687898092,0.08049758355628313,0.2,0.1262735152333835
PPP2R1A,True,0.9984278500699626,0.9854937265704782,0.04997971179427283,0.025688267711834998,0.26,0.16273012550948626
PPP4C,False,0.9954680622301781,0.9732699396608236,0.21349150753921295,0.14313499396662274,0.31,0.22249247108069864
PPP4R2,True,0.9886352311713861,0.9518226096748188,0.14913988519487786,0.11667148242799956,0.21,0.16208707421536367
PPRC1,False,0.9814439420473825,0.9686095496826022,-0.1189231542070654,-0.2144859715858214,0.19,0.14419250060492333
PRELID1,False,0.9959044308518348,0.9666974776748078,0.22700914346123502,0.1404601800348303,0.2,0.13935866345038547
PRELID3B,False,0.9922051655374958,0.9683494076372686,0.4397666235653954,0.31919943083186997,0.3,0.2513595847430554
PRIM1,False,0.9910957472486182,0.9529430077212315,0.35491442949633634,0.20607642447522495,0.36,0.2779016018903925
PRIM2,True,0.9912395785867772,0.9529104686182106,0.4143835353613903,0.25385360925890293,0.39,0.3160966969548672
PRMT1,True,0.992591998257095,0.9409423520360457,0.0015722508114747247,0.007641464524623519,0.07,0.04963680079097822
PRMT5,True,0.9966783657367286,0.968348714963415,0.07671109325787892,0.04301840612408464,0.1,0.08481974953039349
PRPF18,True,0.9925734002822711,0.9487368480216831,0.687785561710529,0.6091640155647599,0.47,0.429088413413069
PRPF19,False,0.9920162340983895,0.9556221783418096,0.49704950828142686,0.31488585283870985,0.45,0.3591693395126798
PRPF3,False,0.9891709591672055,0.9482564199949007,0.6192741949105263,0.4691711797750878,0.52,0.4254307720276824
PRPF31,False,0.9809057376501923,0.8810883331905737,0.4687795878262002,0.3579677631997304,0.4,0.2714056766493572
PRPF4,False,0.9898054678152126,0.9441609645722118,0.5833986813336255,0.4417823432692431,0.53,0.43659557320708064
PRPF40A,False,0.9897142295992429,0.9422920920377086,0.28725987307969153,0.2229634274979128,0.32,0.24411526253768642
PRPF6,False,0.9938838056762002,0.9633139822413168,0.5243854528354704,0.4091618010475789,0.43,0.33258640117928584
PRPF8,False,0.993808192847671,0.958681168902791,0.6207689000567161,0.4607346884799931,0.56,0.5087171804932507
PRRC2A,True,0.9968164507898826,0.9674154685346723,0.2181070628625341,0.13254757479816465,0.15,0.10760737841416136
PSMA1,False,0.9911970738828975,0.9448110667034667,0.3775435897680147,0.26449720446805425,0.34,0.22815438911016683
PSMA2,True,0.9744832809350185,0.8469529240764349,0.2787393993501797,0.17475821519777043,0.28,0.21656710369628487
PSMA3,True,0.9769900371032737,0.8910779350299441,0.5727030010606153,0.4266534643752379,0.36,0.3615002941421107
PSMA4,False,0.9879855534148159,0.9555376575584734,0.45274358322493,0.3529802648444405,0.38,0.2763535617053594
PSMA6,True,0.9511558672246051,0.7199861123333671,0.2826216437954721,0.1481560742591207,0.27,0.23921431645318275
PSMA7,True,0.9631990156036518,0.7624992768960539,0.39884558418055993,0.27356054966974974,0.33,0.30130920822119783
PSMB1,False,0.9937181459643334,0.9652959154545603,0.27673251777205854,0.18813690990441337,0.19,0.14362212973202643
PSMB2,True,0.9638651113414218,0.8137041703022313,0.403457362247317,0.27456303895032075,0.3,0.24517612549944884
PSMB3,True,0.9402523826103754,0.705394186560929,0.23635618524123228,0.1553203881375444,0.23,0.1792151046057162
PSMB5,False,0.989698755259142,0.9609935519143908,0.41616523315001314,0.3583470362265921,0.3,0.2283319804798444
PSMB6,True,0.9796969795808519,0.9033267791855181,0.45486482076948975,0.3678821181305501,0.33,0.2888227036680047
PSMB7,False,0.9953040704919723,0.9725494164312314,0.43856365370318084,0.34130279082265563,0.34,0.2777886413613018
PSMC1,True,0.9740671427703032,0.9037837372336345,0.6021349112682628,0.4895215775549007,0.34,0.2703343183316635
PSMC2,True,0.9824156925102437,0.9227662258644687,0.5914713174491661,0.48093544226220947,0.34,0.28825379994751554
PSMC3,False,0.9874245176423007,0.9151501965646642,0.2670781124500938,0.19394980339402146,0.25,0.20802204153651987
PSMC4,True,0.9717003213305381,0.8965460964677546,0.5896560384622411,0.49666803007014315,0.34,0.28131819094449334
PSMC6,True,0.9707276529173962,0.8543771949930642,0.5403389306680317,0.40319288802964304,0.34,0.30525303421983585
PSMD1,True,0.9799896026319458,0.8854702128739497,0.5512610265323623,0.4017456489260163,0.33,0.31729489155706103
PSMD11,True,0.9633456481153346,0.7972261513927058,0.40811767143502753,0.28696906153243534,0.27,0.2256303852540448
PSMD12,True,0.9756421962711402,0.8990694340342725,0.4682906712873809,0.37382174225980724,0.29,0.2193673345824515
PSMD13,False,0.9867866325261504,0.9480199525678483,0.29264649429629463,0.20856963646422358,0.26,0.15932170421945221
PSMD2,False,0.9656775432362766,0.8856592065928826,0.4533412377466917,0.37829339900443926,0.27,0.20937810782352081
PSMD3,False,0.9884122428156178,0.9300896992759454,0.16092347725450964,0.11743156262367545,0.23,0.1579752728013029
PSMD4,True,0.9922213664744587,0.9662206666745731,0.37471964576148836,0.2529819123504028,0.27,0.17871948170524396
PSMD6,True,0.9824889881012557,0.9319235468989286,0.5556362580386041,0.4715521419588302,0.31,0.304392612393319
PSMD7,False,0.9687112491389764,0.9275207430186382,0.4423801085369096,0.3953578377310483,0.27,0.18808929971138794
PSMG3,False,0.9969605053056035,0.9803788886980166,0.21592502249499373,0.20317090490655423,0.22,0.16116741893975822
PSMG4,False,0.9864010390014176,0.9453630694403846,0.16925447209073635,0.05839460431308484,0.22,0.1571932593268597
PTBP1,False,0.9930076124479817,0.9555297520278137,0.252954327886742,0.15293273084999118,0.37,0.26254428123539925
PTCD1,True,0.9978337037241244,0.9810429666553581,0.2069937033390711,0.07116587853371097,0.28,0.26180574717182553
PUF60,False,0.9932040741724812,0.9455356517407967,0.2661947016897822,0.1392956216406246,0.26,0.18469550457090209
PWP2,False,0.9861018667275868,0.9501052255379872,0.07057403532863647,-0.034868515167549144,0.24,0.15180873759430005
QARS,True,0.9853931888675098,0.9210272713413051,0.6156422224197011,0.4529731393524782,0.39,0.3662184377072198
RABGGTA,True,0.984508508940947,0.9158757303572707,0.16350575965166522,0.027887874562518074,0.32,0.2613843850494475
RACGAP1,False,0.9971025953994986,0.97568273489181,0.49310253528922254,0.28792889879917044,0.5,0.4970267062867405
RAD21,True,0.9865432602784032,0.9190982536762428,0.3292950509485291,0.23862091212734457,0.38,0.2853663342769194
RAD51,False,0.995809429034073,0.9753621365019429,0.26582237272851966,0.13276221925919954,0.37,0.28250497732257507
RAD51C,False,0.9944859964318229,0.9596206796648522,0.1479592686876026,0.04777903053327948,0.26,0.1727933186491431
RAE1,True,0.9819263148960339,0.9049083508173613,0.22395946780665565,0.13983790433917784,0.27,0.2291947154148728
RAN,True,0.9913188288241681,0.9346712448402305,0.31315264890381966,0.19969282986065162,0.24,0.20805485389200007
RANGAP1,False,0.9940601615191893,0.9648114417924121,0.3580153782652018,0.30071085275066,0.34,0.24700578370743223
RARS,False,0.991392083067297,0.9614519710537598,0.4565619383117703,0.33854627005169496,0.33,0.26722784671774963
RARS2,True,0.9966711466217731,0.9727597248304113,0.15578959096852932,0.10476700478290785,0.14,0.09324583376587543
RBBP4,True,0.994526062824426,0.9527865013457795,0.15585268378177888,0.1087538653423383,0.19,0.16136724377222145
RBBP6,False,0.9905881876477558,0.9473192823777292,0.23034535361858188,0.13060283624045818,0.3,0.1626726734612426
RBBP8,False,0.9956399559832604,0.9695149926161827,0.1102747991704535,0.02705833899732276,0.21,0.19547169562788408
RBM14,False,0.9916153337243214,0.9540302733993449,0.08398137499699593,0.07352832841927538,0.21,0.1296270872556677
RBM17,True,0.9892634424319905,0.9170538846133046,0.22435485933460309,0.13080462800113507,0.19,0.14318730447607497
RBM19,False,0.9888470575589539,0.9462433293293471,0.16095936682053613,0.05766706322042991,0.18,0.12797540226316545
RBM25,True,0.9798658421944721,0.8638941883388327,0.5985059985859817,0.470641428459065,0.42,0.3760054109528645
RBM28,True,0.9905587619532159,0.9375808073429066,0.32987641134304446,0.18042064743659225,0.31,0.23921226045589014
RBM39,True,0.9894179906965704,0.9182108119788064,0.2776535953650713,0.18616280790159687,0.23,0.20617751183862393
RBM4,False,0.9956661091983551,0.9704801673587204,0.31502837299320413,0.23555587302009715,0.31,0.2222912996074978
RBM42,True,0.982892440499396,0.8998415786712844,0.21531563504630785,0.16094439545729344,0.24,0.16740938119437546
RBM48,True,0.991327726842375,0.9310960514398441,0.14240330026439954,0.08668776763636063,0.28,0.17521462273318592
RBM8A,True,0.9692013543481802,0.8190950644698027,0.30862667319243353,0.21748819530657973,0.28,0.18313051332893787
RBMX,True,0.994637540050946,0.9630766872815475,0.1771279518717605,0.1169039261218563,0.23,0.2108747191304716
RBMX2,False,0.992214192362833,0.9618511586898354,0.5700606099159846,0.42969947215684307,0.48,0.4540771226616794
RBX1,False,0.9889287105221466,0.9389105523512818,0.2618009959495297,0.14052378368034135,0.35,0.24948446732670748
RCC1,False,0.9969117852289449,0.9730248764944198,0.33360761560988966,0.16281298449752138,0.41,0.3366148887184353
RCL1,True,0.9909372480654227,0.9523124215324226,0.6132785826649966,0.2575470548945029,0.6,0.5971289624749694
REXO2,True,0.9915626800604359,0.9533967804655655,0.03561796052722085,-0.02547822440218883,0.18,0.11498834837965602
RFC1,False,0.9934774793056106,0.9600396915882348,0.2750635674746979,0.12235532032804633,0.37,0.29268295297998853
RFC2,True,0.9946845266760067,0.960665358008427,0.3050259043968419,0.16753452253827822,0.27,0.1938160991981796
RFC3,False,0.9951479967193779,0.9708463143116424,0.3054054489358775,0.12580172991936697,0.34,0.26991361093586047
RFC4,True,0.9939870086166875,0.9430087306110002,0.2524871090112788,0.14779115238944002,0.27,0.18496192919938723
RFC5,True,0.9966022518375173,0.9683102913188111,0.08242364906541809,0.03527819829711466,0.15,0.09461550064770873
RINT1,True,0.9972869869489684,0.9746973665079826,0.18697012234792323,0.1322134584351677,0.17,0.13002239532653492
RIOK1,False,0.9877951593932962,0.9700346429771833,0.18940572873217598,0.04957557257145588,0.25,0.21438119026538982
RIOK2,True,0.9918311140824978,0.9596325965864118,0.6544148838404366,0.3319300147649326,0.63,0.6339779162183085
RMI1,True,0.9983901167587893,0.9842451443526224,0.1063684980219014,0.08747454253924532,0.17,0.09861160804850638
RNASEH2C,True,0.9965936139191696,0.965704953466658,0.02165215044432368,0.014323204891627831,0.14,0.09290058881457693
RNF113A,True,0.9899484291815406,0.930644262087754,0.6763285122133341,0.6046870280352872,0.46,0.45137543326638035
RNF20,True,0.9891765610653622,0.9548277990847348,0.30389177293705927,0.20493279827704342,0.32,0.3347225839598949
RNF40,False,0.9955531857860934,0.9740474029752217,0.28915942350734813,0.1533299149443217,0.3,0.25131809680544814
RNGTT,False,0.9945506315766699,0.9661945493017813,0.08704143755527553,0.0335757448822017,0.29,0.17323364491092885
RNMT,True,0.9922491100207231,0.9593438060730277,0.40949349384890793,0.03413738580767312,0.54,0.531083296813724
RNPC3,False,0.9941792365559087,0.9578816575948365,0.29864538234499877,0.16358346308504845,0.34,0.2534909859277329
RNPS1,True,0.9933348603861755,0.9431607451777895,0.019747310368008485,-0.010187029784814483,0.11,0.09028719292036899
ROMO1,False,0.9923845787512248,0.9545850583193054,0.3060548650000509,0.22457571000699714,0.18,0.14755676218626693
RPA1,True,0.9904958702391303,0.9350738874000842,0.4912471592808066,0.3658739610439422,0.39,0.36056113331615147
RPA2,False,0.9916736301262226,0.9564712866465067,0.4907735428119333,0.3325457728265703,0.4,0.36776047021903435
RPA3,False,0.9932557690970829,0.9586225560775385,0.39750033667731016,0.26350564248393277,0.37,0.3551565672255593
RPAP1,True,0.97690502317997,0.8721807682693467,0.4533617821288569,0.31104025855548445,0.4,0.27990303048738474
RPAP2,True,0.9820362833560293,0.9158069718036287,0.5727154387319292,0.4370807309126874,0.45,0.37092545523163045
RPF1,False,0.9936837004881407,0.9646009871479247,0.34696865463144444,0.16633185433743816,0.35,0.2921766924785564
RPF2,False,0.9925269684625923,0.9532677618356026,0.24818474546821523,0.07994533291775364,0.3,0.255671737374488
RPL10,True,0.9823854529846487,0.9266823530806784,0.6221923433128723,0.42008747350512154,0.51,0.5143021170465242
RPL10A,False,0.9850871743213762,0.9609524776103031,0.4281602605138323,0.2590897823068755,0.36,0.3348465965739672
RPL11,True,0.9823695114263952,0.9140457561319832,0.5976254910352987,0.3745028569989441,0.49,0.49693820819182843
RPL12,True,0.9833781970322413,0.9323033300319724,0.513113291493727,0.37338687275699,0.42,0.37870596792330846
RPL13,False,0.982017582827287,0.9595440828087858,0.3688473397970146,0.21988898695212045,0.34,0.2860980391285213
RPL13A,False,0.9943121392590613,0.9705784919980293,0.21160726105455172,0.10505461227052461,0.2,0.1741998876154878
RPL14,True,0.9785544926903607,0.9239764523031898,0.638959527271735,0.4282011316291125,0.52,0.5309134959907111
RPL15,False,0.97598517152919,0.9391126695891889,0.43757468290194884,0.283265039716571,0.38,0.28526013761919555
RPL17,True,0.9738141483886126,0.91392821536904,0.6425303961102911,0.4363776841566651,0.5,0.5257595591595158
RPL18,True,0.9845365202871673,0.9329592803824462,0.65837963936924,0.42835209502064997,0.5,0.48822851263035916
RPL18A,False,0.9902511664266973,0.9576507356168604,0.3232018266379459,0.1683625204567315,0.35,0.33757281637470576
RPL19,True,0.9846626943832446,0.9271051644290432,0.6136909895660608,0.3702467562792361,0.5,0.5002688366387771
RPL21,True,0.9886300336736118,0.9438688416412407,0.6145440827951529,0.3856855519205415,0.53,0.5251951078641948
RPL23,False,0.9780882015095091,0.9500802672946707,0.4205156128222336,0.2514505162411248,0.37,0.3289372077891706
RPL23A,True,0.9775874339301736,0.9040071850886774,0.5997716134678013,0.3451072853951797,0.48,0.45442838009323544
RPL24,False,0.9844213291560279,0.9611469140922885,0.39774628283688107,0.24322000461155105,0.37,0.3459541599227969
RPL26,True,0.983690770831382,0.9563940108171275,0.5023651846192739,0.3396555872281542,0.46,0.4493647656904634
RPL27,False,0.9785875368055098,0.9294879813691304,0.4337798136023574,0.24566282314392643,0.36,0.3245885675750255
RPL27A,False,0.9764077782176346,0.9427286918756332,0.44170485411095617,0.2599355103182121,0.37,0.3373751197051978
RPL30,False,0.98808992316445,0.9622026797609102,0.40210467135161077,0.22166378304587248,0.35,0.3110953903551489
RPL31,False,0.9761652858674297,0.9448350091950605,0.4251860550557509,0.2505562704727858,0.37,0.3005355623380291
RPL32,True,0.9848785252032515,0.9384239539174625,0.5543271116569283,0.39085935182273734,0.51,0.4595511868769799
RPL34,True,0.9806020204068552,0.9313383302102929,0.6555345161388499,0.4461725021876083,0.52,0.5478943444359159
RPL35,True,0.9796417229674573,0.8917346933937079,0.42631957115277497,0.245649477861334,0.43,0.3270191085261835
RPL35A,True,0.9803657343640151,0.9134051121531399,0.5968475158894454,0.37265890662895307,0.51,0.5255746631693525
RPL36,False,0.9800097079803983,0.947781896112904,0.42523646364536166,0.2335470987719186,0.37,0.33228721035331754
RPL36A,False,0.9931918898469941,0.9641311573697714,0.20564378319688342,0.09459216019535885,0.3,0.2447710621551478
RPL37,False,0.9920669539568663,0.9734271227792679,0.3408418297605156,0.20226562637946324,0.38,0.3619694728870217
RPL37A,True,0.9845935766520242,0.9407384401213839,0.6396721650480037,0.44878346618277254,0.51,0.5501363595439162
RPL38,True,0.9856451777152014,0.9384424989486573,0.6105469694547566,0.3980320912151368,0.5,0.5075649839695165
RPL39,True,0.9834783019043414,0.902114107703168,0.32137094220270274,0.19913211770439967,0.35,0.2918890670581648
RPL4,True,0.984922854555566,0.9388871615551502,0.6795635711626432,0.4653339071366218,0.55,0.568027594332249
RPL5,True,0.9763880200201763,0.8946669662951573,0.5575042332868501,0.352663545937941,0.47,0.46180766327899647
RPL6,False,0.9784330072772361,0.9478518580838159,0.4117480120387272,0.22818627724788168,0.36,0.2989172647373597
RPL7,True,0.9819735329814621,0.9381778107133857,0.6186731829476995,0.41104401193015305,0.53,0.5256219557207206
RPL7L1,False,0.9850945264718715,0.9197621758958017,0.32069781621583576,0.18847835478227018,0.3,0.21165940413971382
RPL8,False,0.9833303533841599,0.9524946313968874,0.44838745497517984,0.25129377727509633,0.39,0.34627044816269004
RPL9,True,0.9851720970064156,0.9517546247238063,0.5831158794629766,0.37987019647561304,0.48,0.4124572386088312
RPLP0,True,0.9843851448267883,0.9256835814259229,0.5981583979730064,0.4156576190221785,0.42,0.4147019763250606
RPLP1,True,0.9889089065185256,0.9612297074989531,0.17188427730096167,0.08204014815525223,0.27,0.14384442260518865
RPLP2,False,0.9914266172186338,0.9669285516332017,0.14697445267945095,0.0382684381866956,0.22,0.1465414734531592
RPP14,False,0.9883970435568059,0.951377539398613,0.2333666893028505,0.08713608533513491,0.26,0.2169445714387785
RPP30,True,0.993335474097819,0.9586176656217068,0.6325500416025641,0.27732590880678276,0.67,0.6820842823027073
RPP38,True,0.9922120166311587,0.939044830639666,0.3891813261475267,0.141690881772471,0.51,0.4122407832391468
RPP40,False,0.9874353036560118,0.9610882745859379,0.12387778536076159,0.007149118704205859,0.18,0.15058499686023255
RPS10,True,0.9916689873464254,0.9546387940706498,0.6000838312994533,0.28474272142185886,0.62,0.5808368478416011
RPS11,True,0.9864080445076575,0.9550596577973611,0.6965790178179759,0.47284789163387614,0.63,0.6431813485149687
RPS12,False,0.9797006901539035,0.9640858592398573,0.21963075421988099,0.09329307491655356,0.26,0.2019087458515979
RPS13,False,0.9788348112970433,0.947139561232432,0.2790369077891054,0.1129881917606886,0.23,0.1694196534968102
RPS14,False,0.9850534976088264,0.9652364233281775,0.2543691008523648,0.1270391286725218,0.25,0.193747884012766
RPS15,True,0.9722434682600989,0.8330681235999424,0.4827248311192349,0.20452689203609797,0.51,0.474025309163217
RPS15A,True,0.9876327914934081,0.9485159312618989,0.6804427421410577,0.4358343028659099,0.6,0.6083548858817155
RPS16,False,0.9829117013866521,0.9470999265237448,0.2184676921032677,0.06629152561670501,0.23,0.1824526293168572
RPS17,False,0.9847832817018295,0.9614482578885855,0.2770282955839379,0.12911440948777514,0.27,0.2226658452131928
RPS18,False,0.9756169296521738,0.9523274516629164,0.248011221227757,0.12622686343554995,0.26,0.19596695126404295
RPS19,False,0.980408608239016,0.9626429377182865,0.26179256472180407,0.13291618402502425,0.28,0.21527883702391534
RPS19BP1,True,0.9874865075658968,0.9254130996143082,0.4229667340814916,0.150630533075317,0.48,0.4333342334350262
RPS2,True,0.988704787002953,0.9196180875607667,0.5826393856935539,0.33744536914931167,0.56,0.5658244449969309
RPS20,True,0.986253481088275,0.9483431773195251,0.6628017170879272,0.4411847314145885,0.58,0.5883507014273159
RPS21,False,0.9874079741910952,0.9570543529874713,0.11648443930525702,-0.0033872994045753245,0.24,0.15806023366533772
RPS23,False,0.9755070980586754,0.9480717240439823,0.23962735778264468,0.10645320202823393,0.26,0.20841906590786818
RPS24,True,0.9825018187110649,0.9491733051941472,0.6617346164142344,0.4410711395935682,0.63,0.6206247013504945
RPS26,False,0.9745733139341826,0.9359041781729357,0.28003568740830415,0.13881157866654992,0.27,0.20605979011513473
RPS27,True,0.987333765954364,0.9653847810680247,0.41303176458428126,0.151816658351065,0.51,0.4717974592803941
RPS27A,True,0.984110052340621,0.9306204287966886,0.6556729405873803,0.41284240131101707,0.6,0.6013502582958584
RPS28,True,0.989218354022336,0.9584591478156949,0.6363030132194065,0.36001749632979557,0.61,0.6175605401403067
RPS29,True,0.988123041526391,0.9527602587564172,0.6837034661045841,0.4447185622450606,0.62,0.6260874708993103
RPS3,True,0.9816020582660727,0.9459376873443412,0.6470458219073904,0.4444556992086004,0.59,0.5833764561377859
RPS3A,True,0.9848801988941339,0.9409114731630362,0.6302595456483476,0.38873793236532267,0.62,0.6488987249472334
RPS4X,True,0.979901452922739,0.9574612192221245,0.5815864149752189,0.3530215133493873,0.62,0.5911124709005513
RPS5,False,0.9784952781642482,0.9566107970993668,0.2679915269793643,0.14662364232523464,0.26,0.2040871324396178
RPS6,True,0.9810316313276229,0.9423972655978919,0.6781479620649037,0.47965972851292554,0.63,0.618252608259614
RPS7,False,0.9819647632870279,0.9573498991419396,0.3132540701472572,0.15006056827476555,0.27,0.21355340152906294
RPS9,False,0.9791919091670933,0.9590216821438734,0.2620709429087249,0.11950926269954056,0.25,0.19713468691397176
RPSA,True,0.9879386971093815,0.9554883394349946,0.5999197669394005,0.3894277631973472,0.58,0.5782804931945025
RPTOR,True,0.9919028107082971,0.9323011153236208,0.41860854997119706,0.24297201430867402,0.32,0.2868849361167738
RPUSD4,False,0.9963924632822427,0.9722851954481458,0.24333763824409377,0.18282182970685443,0.24,0.2082270396308952
RRM1,False,0.984056782289644,0.9282754064028218,0.4301128321244802,0.24755365676454047,0.38,0.30536521939635614
RRN3,True,0.9824600919731307,0.8986370876041545,0.2995916074599529,0.1399433198048947,0.39,0.3281082978719743
RRP1,True,0.9942087986953035,0.9524811404227823,0.30767497871526367,0.16657811964664312,0.34,0.2842891180574048
RRP12,True,0.9912020128189443,0.9646091386510846,0.5998174371008115,0.2572016451438615,0.63,0.6081362866057215
RRP7A,True,0.9870419723626809,0.9116145714742133,0.5167101813944419,0.24581136217697652,0.54,0.5047576737929023
RRP9,False,0.9907112946794987,0.9650953115813279,0.07423893861380498,-0.04268912414028732,0.18,0.10852690663409967
RRS1,False,0.9916144959795631,0.9537770921845902,0.4390959583012676,0.23320028423791925,0.39,0.3843981538539144
RSL1D1,True,0.9954822744166404,0.9682659570060117,0.290176596498362,0.17539382821058463,0.29,0.22918673772028145
RSL24D1,True,0.9901243547024221,0.948650488096518,0.45126746485667335,0.28696935242996446,0.4,0.3229383875502659
RTCB,False,0.9965340823039363,0.9735328482595474,0.13383150713397415,0.09108780528187825,0.28,0.1894674481015551
RTF1,True,0.9755986139010613,0.8792867507864204,0.27079911584380834,0.2315666263362466,0.34,0.29519443391996036
RUVBL1,True,0.9797349835587559,0.8850228946774193,0.6616851211436816,0.5190080583006109,0.54,0.545658822458631
SAE1,False,0.9948299385646296,0.9632013048517407,0.19253078672753968,0.1643032703817295,0.29,0.20845701678788792
SAMM50,True,0.9935065048802505,0.9522897012565151,0.5100229868842904,0.3054227746048603,0.35,0.29884445612241234
SAP130,False,0.9952245257438214,0.967346204972724,0.2122826874717382,0.1064379628848386,0.3,0.24040115348395824
SAP18,True,0.9873836132853612,0.9203831986816315,0.1104261996556653,0.032428921997372226,0.12,0.08896644780230069
SARS,False,0.9784059264731779,0.8871846621300984,0.4265706178258466,0.25928051773112554,0.34,0.3053208574856669
SARS2,True,0.9976473817906417,0.9789737379743495,0.01887713525475781,0.01729493057132742,0.18,0.10718627766594321
SART1,False,0.9936040812670659,0.9667135948449775,0.5774752975682144,0.45623236291546815,0.5,0.4733756463255361
SART3,True,0.9908564895695167,0.9397724181756372,0.4541407146304665,0.3847904965458263,0.31,0.22452895179612908
SBNO1,True,0.9964433116697664,0.9745145009292626,-0.02554643570755136,-0.026545871861726005,0.17,0.08515322805125326
SCAF1,True,0.9955709886188541,0.9647936702792891,0.5097344467063529,0.31227178296280766,0.36,0.36781505974796064
SCFD1,True,0.9895003447293869,0.9329705775934974,0.44632843981881615,0.26453970482008965,0.3,0.28760144268522636
SDAD1,True,0.9943458721084042,0.9683813324462741,0.5147699655630452,0.3385398827321263,0.42,0.4143147300781385
SDC1,True,0.9974479945545752,0.9791304880919809,0.15933612283458115,0.09752584807591762,0.23,0.19111745039797684
SDE2,True,0.9973770463786662,0.9766497153159727,0.2653305960477361,0.15766615904846043,0.26,0.1820895136094172
SDHC,True,0.9960238508005747,0.9657996774896039,-0.034731246007972526,-0.009813569610659413,0.19,0.10913677700737784
SEC13,False,0.9915563993283424,0.9401647767085655,0.4388996840621897,0.27517761016278436,0.44,0.3487384469541456
SEC61A1,True,0.9904381419194525,0.9385971195132946,0.5993121935154738,0.4116172221657884,0.42,0.3727630995953901
SEC61G,True,0.9866734447112218,0.9103768201266429,0.5540716199548152,0.3534584987892153,0.41,0.396287266184321
SEH1L,False,0.9935460353943728,0.949841171904605,0.37139263237261977,0.2549420012489171,0.29,0.2030853961481334
SERBP1,False,0.9946966492595213,0.9693850426680626,0.0728916822894277,0.05854699670288966,0.23,0.18423952999679125
SETD1A,True,0.9867826235561996,0.9195070736717376,0.49340206759091354,0.3420539933865093,0.35,0.2992963069734877
SETDB1,True,0.9958206140532768,0.9694416673218127,-0.004472285270472277,0.019023195805110558,0.15,0.13162249235101012
SF1,True,0.983929967103126,0.865283497052536,0.05064156963621736,0.030721400019597122,0.15,0.09973124821343045
SF3A1,False,0.9974477488986605,0.9767713209197159,0.532528741097576,0.4276684249713451,0.48,0.41647513017300736
SF3A2,True,0.9921715199878446,0.96350163695559,0.3973157839105947,0.27427513259974423,0.29,0.21242625812094293
SF3B2,False,0.9774899393972984,0.909637178270288,0.6385654010536639,0.5602540668814355,0.5,0.4687825089418629
SF3B3,False,0.9865994013288989,0.9413177410439486,0.6461748146401002,0.5541214833796774,0.48,0.44665046242466944
SF3B4,False,0.9947613683123345,0.9680826042615504,0.6264463472211158,0.4715114685579799,0.49,0.43444894305608683
SF3B5,True,0.9820168959314167,0.882594895580544,0.6908842784026941,0.5925854423027694,0.54,0.5235493253197964
SFPQ,True,0.9695406768257196,0.8446446235488033,0.4835896294452674,0.33265705467268797,0.42,0.3835417128206235
SFSWAP,True,0.9934381581759602,0.9530409395054985,0.2538424832454152,0.19594614105594163,0.23,0.19339489395789108
SIN3A,False,0.9960325276832047,0.9735227407652254,0.2387515780039779,0.1443797349351783,0.32,0.2496381379224186
SKA3,True,0.9971454981367,0.968758115556665,0.26442326390538706,0.11459728268100064,0.2,0.17003157681209413
SKP1,False,0.9914910216512306,0.9435749873442527,0.16731347930339685,0.10345835270321632,0.28,0.20841744519544184
SLBP,True,0.9874822616953022,0.9279250090180943,0.2442023031217153,0.16211819534419566,0.34,0.2653603868792826
SLC39A9,True,0.9983564412739322,0.9881442182189409,0.2422440899824063,0.14671157844982646,0.28,0.1941898067214868
SLC7A5,False,0.9970160791117909,0.9774560647090791,0.34936112084357784,0.22034725219936838,0.3,0.24995977495446317
SLC7A6OS,True,0.9875080679080873,0.8965033575149736,0.3260372620850575,0.2346799451934271,0.31,0.24048711758424632
SLU7,True,0.9848043061930095,0.9276102062756035,0.7256175700826925,0.6812313986044969,0.42,0.35588230302087676
SMARCB1,False,0.9959485711576794,0.9705918000024061,0.10404677842452642,0.041047987973657635,0.29,0.17823190646505216
SMC1A,True,0.9760838313549662,0.9022532459972838,0.3213429372620672,0.2242068086081395,0.36,0.347408937991892
SMC2,False,0.9962234153065119,0.9714063573717157,0.5463516814357801,0.3083448361427714,0.51,0.4806869000896351
SMC3,True,0.9811240599769195,0.9002838869305225,0.11164452425506038,0.09461503977988026,0.18,0.14363760455509034
SMC4,True,0.995588195885266,0.9643871889342471,0.43295243144945483,0.23978032676502237,0.45,0.37071621014043593
SMG5,True,0.9925034558262248,0.9528058841062242,0.6768248224966518,0.3840659351614871,0.36,0.3525169491792379
SMN2,True,0.9877405135479433,0.9327543735011318,0.6844585196406329,0.6250364298176456,0.55,0.553449841109443
SMU1,True,0.9777881726636567,0.9011843565677923,0.5680572678770721,0.46482347596511164,0.42,0.3656505036821769
SNAPC1,True,0.990654865066502,0.9424586048307639,0.4732379730931374,0.4081384273635678,0.37,0.2943313082270949
SNAPC2,False,0.9939312105311482,0.9637835440623815,0.18492229550975534,0.19505182646628144,0.23,0.16161417728434094
SNAPC3,False,0.9960595409146206,0.9786899876634995,0.30371689950425135,0.29919143696776995,0.34,0.2658717663756517
SNAPC5,False,0.9956700857617224,0.9669002928340208,0.26962121505629677,0.20474207623471696,0.27,0.1739829934091897
SNIP1,True,0.9851109347883066,0.8850427156070501,0.39491376124039507,0.2593606633458769,0.31,0.29605447757432557
SNRNP200,True,0.98754277215218,0.9158466450650005,0.6747318685989666,0.5264917062957412,0.55,0.5421517064733972
SNRNP25,False,0.995000620332647,0.9661245357148784,0.23008170135181022,0.11249593483447753,0.3,0.18270753627796005
SNRNP27,False,0.9904541867863245,0.9489327156485188,0.1515363696672751,0.07970587709594433,0.22,0.13823447501619304
SNRNP35,False,0.9952462131582338,0.969320187175463,0.37594969080898183,0.2270940707724146,0.4,0.3343103052190234
SNRNP48,False,0.9942666328049988,0.9668693946867392,0.4074930225883474,0.2927858456570138,0.44,0.3384344883814601
SNRNP70,True,0.9771744944125386,0.8784969568604106,0.6086144475727976,0.48178255466540154,0.5,0.4462203804308914
SNRPA1,False,0.976858898286976,0.8957088748160972,0.5832134985936779,0.5048177728696678,0.44,0.38268454231677923
SNRPB,True,0.9873960062527141,0.9209658506157816,0.7206429274552487,0.6347356266764591,0.55,0.5769157561827933
SNRPC,True,0.9755653782698079,0.8304605665417842,0.47660553172913517,0.33209227950954523,0.42,0.34734856623147764
SNRPD1,True,0.9824697763116828,0.8965431017844292,0.762977604149583,0.6606635372384162,0.59,0.5911710639270022
SNRPD3,True,0.9852213361112776,0.9108092920348199,0.7605629455312805,0.669846804866834,0.54,0.5963945500508433
SNRPE,False,0.9804156654635691,0.9193506708468846,0.6205453743961029,0.5085524924995927,0.5,0.4183639289862067
SNRPF,True,0.9825777393832825,0.8912858853430199,0.7741479189567574,0.6912540738343007,0.52,0.5561177336372344
SNRPG,False,0.9923118623188226,0.9632062281251469,0.6231009446399693,0.4602473424011163,0.48,0.441264941382439
SNW1,True,0.9960473701658192,0.9651535328260072,0.3811785958142161,0.2618378813872672,0.27,0.21031343080334475
SON,False,0.9808225697199924,0.9322369624562656,0.5864057483461593,0.4420857525782797,0.45,0.3828573608519279
SPC24,True,0.9887242236462287,0.9398002547225414,0.5321808959927604,0.37092256349258984,0.41,0.39348173877213266
SPC25,False,0.9885709363348772,0.9526778681646778,0.6600344456162448,0.4948768497226786,0.5,0.44449062506642384
SPCS3,True,0.9959848232667773,0.9680525838277163,0.21162226239409623,0.15650213178917374,0.2,0.14288899663980414
SRBD1,True,0.9967712467064391,0.9739847589230748,0.3364507202183986,0.20580301935054376,0.38,0.2914036976050517
SRFBP1,False,0.9888464504222647,0.960753017573265,0.15429491900425743,0.020456420211349014,0.23,0.15852131603589564
SRP54,False,0.9952771471661879,0.9624113785058545,0.4103653242143986,0.26783532339179317,0.29,0.26765797372914596
SRP68,False,0.9942106329169108,0.9636483413906415,0.4128560812640333,0.2629434914522794,0.3,0.24044207102506215
SRP72,False,0.9960503805743576,0.9720760235566182,0.17092955444050498,0.1262652963200534,0.25,0.18406484678140056
SRPRB,False,0.9961359899427504,0.9709495309998691,0.2900459173246823,0.17555085297626652,0.32,0.295837878228937
SRRM1,True,0.9947325804939778,0.9643928631884597,0.3155582368011402,0.2056310195751485,0.25,0.1767690341081922
SRRM2,True,0.9958230572004818,0.9695398218195219,0.15513866808240873,0.10673686694627209,0.26,0.20959329687926195
SRRT,False,0.9851270924266888,0.9342122891494496,0.298586084493432,0.24441914412659163,0.38,0.24852209645814666
SRSF1,True,0.9813468593924431,0.9185829094270775,0.3052708583375142,0.2251188328991805,0.32,0.22052792092213583
SRSF10,True,0.9968668769397535,0.9727273500520532,0.11724018225477044,0.09600003509632489,0.11,0.07620612499521527
SRSF11,False,0.994993120713849,0.9671380657196322,-0.13024879731293768,-0.07695870869647542,0.17,0.11708236594577985
SRSF2,False,0.9908200000626497,0.938083560064878,0.2304125368560259,0.16706223430959408,0.26,0.18022852531343925
SRSF3,True,0.8998130026290708,0.6927934866938315,0.1885203492391604,0.10574562995172312,0.24,0.1645993309269452
SRSF7,True,0.991878777249483,0.9462596729936186,0.217534332012151,0.1859545341920347,0.24,0.1810026837176052
SS18L2,True,0.9972814597094075,0.9733703811112197,0.16314155970475316,0.10476137226755228,0.18,0.10828093641024986
SSBP1,True,0.9858937657224897,0.9687060053132519,0.26102343296092084,-0.0025360481635922872,0.16,0.14696365010342077
SSRP1,False,0.9874883821375577,0.9551131052001143,0.3973183902411387,0.29369623607891,0.34,0.26691883590330173
SSU72,True,0.9904485594655726,0.9292577934852474,0.1967034313565265,0.1313848360269477,0.17,0.11595718935836767
STARD7,True,0.9950050100584213,0.9678206572496205,-0.02295928915719957,0.0017057402702364381,0.2,0.1251372417089035
STRAP,True,0.9960270638214483,0.9658564467186456,0.1559664691536654,0.10637379783577194,0.19,0.12561563001819864
SUGP1,True,0.9939719476546806,0.9628664639531676,0.1695718422184687,0.08722809848577551,0.3,0.22222016202756423
SUGT1,False,0.9937237275668162,0.965861824658836,-0.12859189371144086,-0.09557585806906022,0.25,0.18752642686381804
SUPT16H,True,0.9793543915474402,0.8923008762077637,0.5023943692956633,0.37302071879448895,0.41,0.3089783675799367
SUPT4H1,False,0.988299112744431,0.9429908580053955,0.09844385654376639,0.02366206478267072,0.21,0.13742140727390917
SUPT5H,True,0.972922528735995,0.8736218883291107,0.6447184200745824,0.5118470118418598,0.48,0.4290466714748907
SUPT6H,False,0.9512627919250686,0.8865150259926118,0.4237137649072375,0.34020302164866606,0.34,0.2553198502593394
SUPV3L1,True,0.9900000735875455,0.956423931205152,0.12656922224642347,0.10308449170858851,0.17,0.14029392459235823
SURF6,True,0.9963274281224586,0.9661325406541132,0.40615350032224434,0.2359751844436739,0.34,0.2857094070100035
SYF2,False,0.9936290730831562,0.9615124219818004,0.2594143384648454,0.18525566960574638,0.28,0.18404183502557087
SYMPK,False,0.9857963484969118,0.9310838185241591,0.3195573136859847,0.25225395323194477,0.33,0.21829788395762187
TADA3,True,0.9954301251489751,0.968808105566712,0.23908642578691847,0.05292549148423164,0.41,0.2811702405492363
TAF1,False,0.9706601643709505,0.9241136151081162,0.1760435401578228,0.1607512745458578,0.3,0.25446836423193847
TAF10,True,0.9731794106928329,0.865465908370874,0.41187230093937777,0.17025270250511437,0.46,0.36850272435245746
TAF12,False,0.9732591515825968,0.9263734144882679,0.3066554498957952,0.21580318459181053,0.25,0.17854569735874024
TAF1C,True,0.996689669095185,0.9735025509473424,0.2920413453134176,0.11547899277312339,0.34,0.2839402738779854
TAF1D,False,0.9925073745653067,0.9643989997562699,0.17279329235387775,0.04305180613085551,0.24,0.18015356197308974
TAF2,False,0.9804474333975315,0.9409752765909625,0.07903466872361842,0.06963944934839937,0.28,0.2243020479004921
TAF5,False,0.9727024827216181,0.9024361591470151,0.24458374807044894,0.1584487705800276,0.29,0.18690020529833068
TAF6,True,0.9902986331588267,0.9532419990837855,0.4249424122864545,0.11951205856571577,0.48,0.43230758701513267
TAF7,True,0.987291026051078,0.9142194999315972,0.44544083344730384,0.2864330113054778,0.36,0.337488298490868
TAF8,False,0.9814891201870571,0.9444731489183232,0.044969269326525965,0.05593515045662127,0.28,0.22859586317875286
TANGO6,False,0.9899086842289031,0.9508167319000286,0.3222674033633968,0.19872310526409895,0.38,0.29243210181512447
TARS,False,0.9927935183634654,0.95727438303551,0.3434969298642426,0.21517236326348738,0.32,0.2251647473343784
TBCB,True,0.9885820807845386,0.9310541606025656,0.23519381125382344,0.22194149938026497,0.24,0.17366462103511937
TBL3,True,0.9914657840013419,0.9502043744400649,0.40160433436411197,0.0914048042529211,0.52,0.5007355020612052
TBP,False,0.9930331012993582,0.969446961147055,0.04264303900486107,-0.01595360748108255,0.22,0.1378901054590543
TCERG1,True,0.995353941554787,0.9604000871815753,0.12315088485594514,0.08440812923589376,0.22,0.12057116152085147
TCOF1,True,0.9885866251468634,0.9302823371317194,0.09685414691313052,0.04090386943602804,0.17,0.1163966171531415
TCP1,False,0.991189733386301,0.9453953176632847,0.4116589068818883,0.31347998140287314,0.42,0.3242498361016847
TEFM,False,0.9891945885114346,0.9754489832742325,0.028393293507240222,-0.15781124586384576,0.21,0.146629263541764
TELO2,True,0.9908209795950371,0.9477052571993635,0.08756383419963737,0.0385475162911203,0.19,0.15642259845403714
TERF2,True,0.9869675918144747,0.8895028232745075,0.5063634008710297,0.3456122334828142,0.41,0.3359055339392734
TEX10,False,0.9945495260617985,0.970068260599521,0.3633172858541993,0.18935403822952643,0.35,0.33427134306184797
TFDP1,False,0.9957739170282167,0.9709916311686663,0.2070066302788858,0.07450447251573669,0.25,0.21365697719924506
TFIP11,False,0.9948465246405822,0.9544302836284874,0.30589613665021265,0.2507931563280345,0.28,0.16169331295043154
THAP1,False,0.9941972469051844,0.9626719118131439,0.27786136558780017,0.2168233367370298,0.31,0.2198386276407753
THAP11,True,0.9952534755555454,0.9532068540104573,-0.030981984152613568,-0.03054118852238609,0.13,0.08574282410042593
THG1L,False,0.9910741374204961,0.9375716227383947,0.34774651133419576,0.22031838515989943,0.3,0.24299294151453046
THOC1,False,0.9903542621790237,0.9364003791908877,0.2834124638513339,0.17798543238574452,0.27,0.19556468643756145
THOC2,False,0.9868210469093601,0.9411092395230685,0.4441974614145044,0.3405551169446014,0.36,0.2990072097969944
THOC3,False,0.9938421799520841,0.9665886692542306,0.3230703667521375,0.19856502332645476,0.28,0.21051592141781306
THOC5,False,0.9888195830252092,0.9240066486398719,0.39013341200040497,0.26820932394076674,0.33,0.26196272619888833
THOC6,True,0.9973384502280603,0.9735705435451683,0.00402128536665818,-0.00769083713164843,0.1,0.07300413236653192
THOC7,True,0.9948707214071131,0.9576627560890191,0.27510220407641206,0.18642263833928152,0.22,0.14740444105594405
TICRR,False,0.9931272544252708,0.9629391083625214,0.3722633645135661,0.185654264218545,0.41,0.33315144261901
TIMM13,True,0.9921721858975383,0.9560475973390629,0.5172425450933974,0.3662134540726606,0.43,0.32463496318645485
TIMM23B,True,0.9885983085370589,0.9395537435252861,0.6942599285811503,0.5196249302480774,0.44,0.38108014737079915
TIMM44,True,0.9835457161267326,0.8799186383060652,0.5087731006918056,0.3155797785393479,0.41,0.30432346375166414
TIMM9,True,0.9974295610743245,0.9796325654383916,0.12956622611664415,0.08002920221204801,0.23,0.20748088510285276
TMA16,False,0.9965608864793085,0.9757957219773317,0.2683975092669899,0.14714253373999844,0.26,0.2350929202976871
TMSB10,False,0.9955005483378192,0.971932171382991,0.05804608321551818,-0.0004950887961330273,0.21,0.16709362414039033
TMX2,True,0.990665282867219,0.9436293388985543,0.25640930031586134,0.13711275525771488,0.26,0.18760252744362713
TNPO3,False,0.9942650418271862,0.9622657067092386,0.1190342468334357,0.12247069130766748,0.22,0.12197023894193791
TOMM22,True,0.9925872179671063,0.9469288711298132,0.5291868747312023,0.23838432832122794,0.34,0.288769504798245
TOMM40,False,0.9936588092602745,0.9682021845704913,0.2099361881271875,0.12135933466233208,0.23,0.17801672599802132
TOP1,True,0.9944015655823272,0.9576963335655859,0.27187811858010485,0.0959124940570957,0.34,0.2788556771083081
TPR,True,0.9856511930260407,0.9103782905451498,0.3208202888336892,0.20658965310599645,0.34,0.27231337451393756
TPX2,True,0.9900371073310351,0.9409195797505799,0.5544642846633414,0.38629389990130886,0.47,0.4853929200213738
TRA2B,True,0.9943419041327529,0.9724811890125085,0.17952135815291026,0.1593274136627142,0.17,0.1250390854511991
TREX2,True,0.9971515976574892,0.9824464309380375,0.2541569374276919,0.19339209770993235,0.26,0.15913201432722093
TRMT10C,True,0.9935301967563966,0.9519743307381243,0.13002563756451385,0.028260569736708846,0.11,0.08867596695701993
TRMT112,True,0.9935827803251331,0.9637745976092381,0.6245050777458645,0.23468137132413938,0.7,0.7254774597872707
TRMT5,True,0.9954411991122406,0.964021041662708,0.3262884703781736,0.19705611235356996,0.26,0.1855001366605958
TRPM7,False,0.9960291974369861,0.9698320655064224,0.41438941986174077,0.20207597329793656,0.5,0.457876928884322
TRRAP,False,0.9871655190338388,0.9581060546106015,0.2796618692832257,0.16985315044754576,0.34,0.24264532713684336
TSEN2,True,0.9933071296061139,0.97127486213004,0.24129495141046597,0.2411424740400512,0.3,0.199990006771825
TSG101,True,0.9841769776475958,0.9060680870270509,0.4606380667514513,0.362992702265476,0.38,0.37800814347507644
TSR1,True,0.9952633149716795,0.9642779379543405,0.5120616218814733,0.20481959739936179,0.56,0.558592372316942
TSR2,False,0.9819442672318056,0.9601054491626831,0.2612024454215035,0.11378182649249093,0.27,0.20921180705546244
TTC27,False,0.9933039126857903,0.962231390040703,0.15137574473645884,0.1456158735571966,0.23,0.1456469947052973
TTI1,True,0.9917624145412444,0.9499974300015777,0.36433401884306216,0.2203044501168181,0.34,0.28690389336839583
TTK,True,0.9849300038502682,0.9115918363381519,0.5918647973812694,0.38740763852904037,0.48,0.4549027571707948
TUBGCP2,True,0.9975274923887735,0.9802334364286708,0.23155116638531434,0.15719225638628231,0.34,0.2292964851080422
TUT1,False,0.9973353688897639,0.9786425047786481,0.3262342922296837,0.222745646568886,0.3,0.22876345737750461
TWISTNB,False,0.9773394601794605,0.9475320603790428,0.2723042747335163,0.12262737802047052,0.27,0.20908683046302076
TXN,False,0.9933299638932466,0.9590966814531589,0.2971828381104343,0.15382843907140642,0.36,0.28177906792312796
TXNL4A,True,0.9892701551940198,0.9207645476139162,0.2520114493895063,0.16396491131172528,0.22,0.14483072888891532
U2AF1,True,0.9871611386353608,0.9292367409259288,0.5887959589573121,0.5065697333480758,0.39,0.34695690956939895
U2AF2,False,0.9953519703621099,0.9621662006372484,0.36857266249122667,0.25225183538323065,0.31,0.2502538446684346
U2SURP,True,0.9886980620998753,0.934236826499408,0.4685606458160748,0.3522030946578921,0.32,0.2150226090815193
UBA1,True,0.9874833655336617,0.9489084431531989,0.11464180425153947,0.08528473699172824,0.14,0.07645130439580532
UBA2,False,0.994615487231866,0.9651414075287806,0.13847814695655303,0.14322776956828978,0.32,0.21265543204633142
UBA3,True,0.9947736363341985,0.9651911002636927,-0.03774761641078886,-0.04233228335935902,0.14,0.09595949704494428
UBA52,True,0.9910160377542363,0.9287088090658971,0.11305685201119003,0.027251092543094567,0.1,0.08731855508806742
UBAP1,True,0.9878952643788348,0.9282021445132801,0.4478704244724832,0.3295057990180279,0.37,0.308525011112001
UBE2I,False,0.9942024668589083,0.9528390606713943,0.2968043643862506,0.24227878637976524,0.29,0.21967156175228256
UBL5,True,0.9905794736075509,0.9389447787015653,0.6722701626868477,0.570851843021505,0.51,0.4819441601260847
UBQLN4,True,0.9967216434371843,0.972922769549998,0.3094490262864677,0.20015328464548995,0.35,0.24052422167056386
UFL1,False,0.9959096615372568,0.9741764623881898,0.03359042851829019,0.05054793117663196,0.21,0.14552289373167324
UFM1,True,0.9968225380435707,0.9736461122234403,0.11500258647932476,0.11219401920300552,0.18,0.13694570144782864
UPF1,True,0.9923684248334929,0.9549918936480877,0.43202226057810955,0.26608529182208296,0.27,0.23856613615024067
UPF2,True,0.9938733889350662,0.9597942664726599,0.5075861240761194,0.31036663482599386,0.36,0.29934556431059534
UQCC2,True,0.9955044132584945,0.9615457123842448,0.024692762776388235,0.010295105704384631,0.14,0.08756374613389681
UQCRB,True,0.9959951173101299,0.9663476410564014,0.08122684975726444,0.08040611332939895,0.15,0.10147215472449428
UQCRC2,False,0.9946176142500304,0.9568562396626911,0.20611422350956515,0.11919596542345196,0.37,0.268989259098564
UQCRFS1,True,0.9954978096936808,0.9680028346100304,0.30603172443998916,0.23252628485871688,0.3,0.21488456595106098
UQCRQ,True,0.9966347750498945,0.9749581355920206,0.2411934232866383,0.21170736841064355,0.3,0.23319848892692133
URB2,False,0.9963401761669596,0.9757496938953485,0.29745369035807406,0.1475730193883764,0.31,0.29438308516527767
URI1,False,0.9934895037754095,0.9546236447773128,0.22681789632124022,0.16897956828090785,0.34,0.24491771646337832
USP36,True,0.9969615933660572,0.9734396103442827,0.31022714002652674,0.08935227047742234,0.45,0.3482049253104954
USP39,True,0.9901544802329256,0.9452637449976227,0.3743676799782334,0.25295455969861824,0.34,0.292558505744265
USP5,False,0.9957625406118159,0.9746585426801403,0.07280849678569475,0.0843346917882595,0.19,0.13162427288424644
USPL1,True,0.9947672242677283,0.9624323846977375,0.1594513851045961,0.17444699976664918,0.18,0.13970303653103347
UTP15,False,0.9841582969433711,0.955917184841883,0.2709578128468372,0.11849940443972166,0.28,0.2108182609234465
UTP18,False,0.9886708617807538,0.9562397688543144,0.11323743436351887,-0.0005631505338974258,0.2,0.17122228388663052
UTP20,True,0.9906738513178219,0.9536867275594869,0.5425562621702562,0.2389970493234488,0.55,0.5401067702627748
UTP23,True,0.9941624818171764,0.9723249493196763,0.5393538267703591,0.13475496323740577,0.61,0.5829223292610182
UTP3,False,0.97937619294118,0.9225207231845255,0.18718559243336563,0.0478973372520389,0.22,0.17272660022704442
UTP6,False,0.9837841641033631,0.9539788415691758,0.1413286351862573,0.011583025998288327,0.2,0.15671673876371436
UXT,True,0.9923467252210387,0.9549126392057229,0.4427486268338956,0.27676202672773,0.34,0.2689682635533127
VARS,False,0.9877697634597542,0.9525295347156127,0.4833743864502779,0.31827767182866357,0.34,0.2886853798894118
VPS28,False,0.9779751585368905,0.914824076280977,0.43568234208233175,0.3488827517079175,0.33,0.28679239966784625
VPS29,False,0.994643286243679,0.9646343429437383,0.14793142969722547,0.09737013919938713,0.24,0.1583612449276209
VPS35,False,0.9905383874485195,0.9311754689052375,0.2681965110239754,0.1863246253076215,0.31,0.22103603523518225
VPS54,True,0.9983906224493011,0.9856046435998699,0.2792924431461384,0.17198568168078493,0.29,0.17669836184162788
VPS72,False,0.9936585750554212,0.9562104771742469,-0.07128554924766323,-0.023183767433067545,0.17,0.11841336457198703
WAC,True,0.9965276779178074,0.9658727000206773,0.04103605946816576,0.025533706175942333,0.19,0.11874627516487349
WBP11,True,0.9948161454287356,0.9632213461939956,0.6300909911383618,0.49549713660959427,0.48,0.38395423017122143
WDHD1,True,0.997536787521778,0.9762979054232793,0.14082692972163088,0.08157652312899585,0.17,0.11556512483147019
WDR12,True,0.9936939858087049,0.9673985274151027,0.45183645758947116,0.2636858641768951,0.36,0.32258744327575084
WDR24,True,0.994341387693694,0.9514952451294993,0.25662776875225923,0.1351539707781318,0.24,0.1941214587491947
WDR3,False,0.9878299543390022,0.9714920335443097,0.20801262086086775,0.042205847122028614,0.25,0.20459792699078963
WDR33,True,0.9906711883073922,0.9392349673073457,0.2682841134720941,0.1672479005337475,0.25,0.1511446613815926
WDR36,False,0.9872169779424679,0.9719513397140414,0.16613093289577197,0.025667606340454542,0.26,0.21168345082390513
WDR43,False,0.9780220919716387,0.934635927310121,0.2132018396825015,0.06960914088459125,0.26,0.1657427684636635
WDR46,False,0.9893599866687658,0.9568538497910817,0.17455101169705284,0.08099389807289205,0.24,0.15244971524639817
WDR5,False,0.9760427491357011,0.9425021852952019,-0.0363768140676381,-0.05245398163743535,0.23,0.13305532936437567
WDR55,False,0.9954984262239465,0.9680276208051414,0.08164273288096334,0.0103243678292162,0.27,0.20658252561798757
WDR61,True,0.9938960855038209,0.9582281474578807,0.10639111587936033,0.10207590536874356,0.2,0.1396199944559559
WDR70,False,0.9923245126417212,0.9338079487847357,0.37831616300079396,0.2876282678323615,0.3,0.22443308248012922
WDR74,False,0.9950628309101953,0.965806990633907,0.28477531760659336,0.111204682441604,0.31,0.25048004601369706
WDR75,False,0.9845738012770694,0.9567124767018877,0.21914505313960214,0.061125681586690905,0.3,0.21024903616699347
WDR82,True,0.9704576301141209,0.8622688660539475,0.32144984913293834,0.17721744411047108,0.32,0.24115615339229104
WDTC1,True,0.9928810028298589,0.9554221693277124,0.015706622401566575,-0.003638581979268686,0.17,0.10675738375800989
XAB2,False,0.9928606327973233,0.9582188977574624,0.4979105126579792,0.4602016654353184,0.34,0.23376361904164972
XPO1,False,0.9828917769581453,0.9369682160178975,0.5190298160720489,0.353286462691456,0.44,0.4188622864929891
XRCC5,True,0.9909743915227179,0.9366805846339886,0.5077335629365691,0.2810328067803637,0.48,0.47256397946243595
XRCC6,False,0.9874796526335937,0.9215722037842562,0.2972152008350406,0.13863358028460418,0.34,0.3075918995321905
XRN2,True,0.9938107734823831,0.9465663138693772,0.15654305866918508,0.08711895456125729,0.19,0.14016100851435617
YEATS2,True,0.9964592327696722,0.9812601912787047,0.4308587414314114,0.041830033003793496,0.46,0.40827968285949323
YEATS4,False,0.994046422743344,0.968777745486913,-0.08037809437337404,-0.02988897682646496,0.26,0.1883487695055588
YTHDC1,True,0.9938175506625679,0.9657604607297897,0.4009907756633102,0.16390615128531344,0.44,0.3637043247387157
ZBTB17,True,0.9964658541776684,0.973295084932453,-0.015576199385845042,-0.007162187745661649,0.15,0.08555602391874687
ZC3H18,True,0.9844226251971379,0.8748666413485828,0.08323811735212402,0.04927372034481223,0.15,0.08010811475986081
ZCCHC9,False,0.9860525851496581,0.9466080117924365,0.15446426033867428,0.017678150628408856,0.23,0.16931807587758582
ZCRB1,True,0.997004270552667,0.9735859378551536,0.09033690210451138,0.09557859467243102,0.14,0.10205039678419695
ZFC3H1,True,0.9937514465505638,0.9577300368959578,0.10753469661808021,0.06895817784958642,0.15,0.07878593680528603
ZMAT2,True,0.9923929591556397,0.9552656323650065,0.5352945318757171,0.4465354636054854,0.38,0.30141667810005585
ZMAT5,True,0.994848971468141,0.9614268181353172,0.0903205411566307,0.07400831762635895,0.15,0.1401196875961064
ZNF207,False,0.9931229068308152,0.9611016638377078,0.3795218161062415,0.2367009078250434,0.29,0.22568376491489767
ZNF236,True,0.990415047042225,0.9557880237900191,0.3834673283765319,0.1539390225085605,0.54,0.5191319564535782
ZNF335,False,0.9964004713145036,0.9753278838754702,0.17534256080529753,0.14637367500245824,0.17,0.10320935867657156
ZNF574,True,0.9984244938706011,0.9868817707351769,0.029317256375024647,0.04328329174270783,0.22,0.15376835896391294
ZNHIT6,True,0.9948481357133534,0.9630441781285459,0.5277943865166458,0.15555718000071087,0.62,0.5483183167520707
ZNRD1,False,0.9884842424114352,0.9516011295997757,0.1639676137795889,0.06780253213509797,0.3,0.2310319475938102
