model,context,condition,n_true_cells,n_pred_cells,mse,mae,mean_pcc,mean_spearman,pcc_delta,pearson_delta,spearman_delta,topk_de_overlap,auprc,wasserstein,e_distance,kl_divergence,distribution_n_components
TxPert_official_cell_gat_k562_all_fixed2000,K562,AAMP,76,2000,0.002058322774246335,0.02969815582036972,0.9941170442978691,0.9591195846153552,0.5048841928941254,0.5048841928941254,0.3175071084889539,0.37,0.3336292609575247,0.9749421096457697,0.7072324642276402,14.46674868178026,50
TxPert_official_cell_gat_k562_all_fixed2000,K562,AARS,38,2000,0.006944375112652779,0.052535708993673325,0.9795237512113331,0.9110090046371442,0.4635251833207581,0.4635251833207581,0.31525642798408904,0.28,0.22385054723720513,1.1596639084471303,0.7127636192443957,13.109189659415451,50
TxPert_official_cell_gat_k562_all_fixed2000,K562,AATF,254,2000,0.0028944050427526236,0.032775912433862686,0.991093349696127,0.9720913521495771,0.6041282439412591,0.6041282439412591,0.3998301633169382,0.49,0.4683813372241965,0.7457605538384386,0.5908644547560393,13.02295856048675,50
TxPert_official_cell_gat_k562_all_fixed2000,K562,ABCB7,192,2000,0.000669086875859648,0.016718173399567604,0.9980466299373509,0.9853102489280635,0.48151262506493475,0.48151262506493475,0.30459220758917577,0.34,0.2839936788641267,0.7185881036580607,0.5828447770870395,12.92599485994608,50
TxPert_official_cell_gat_k562_all_fixed2000,K562,ABCE1,177,2000,0.005806547589600086,0.04557565972208977,0.9812700409566042,0.9279763439886259,0.7902270948710943,0.7902270948710943,0.5788785812966629,0.66,0.6903947640646594,0.9491469431056574,0.6788224713707565,13.50181826217281,50
TxPert_official_cell_gat_k562_all_fixed2000,K562,ABCF1,159,2000,0.0014019026421010494,0.024455945938825607,0.9959951844883136,0.9724414298019444,0.6877898008116208,0.6877898008116208,0.46421669526248843,0.52,0.5252475685742571,0.7951502125690219,0.6296678114499988,13.912353920613919,50
TxPert_official_cell_gat_k562_all_fixed2000,K562,ABT1,92,2000,0.002310218522325158,0.030170021578669548,0.9930042652088538,0.9657633586304051,0.5794541761423726,0.5794541761423726,0.2704934187026382,0.6,0.5182880943547578,0.985325980979902,0.7015222907284169,14.103481708571806,50
TxPert_official_cell_gat_k562_all_fixed2000,K562,ACTB,140,2000,0.0013210128527134657,0.021577507257461548,0.9960863385164234,0.9743966233879093,0.6423863328086118,0.6423863328086118,0.08527820916196213,0.25,0.27126887102155567,0.7972271654763701,0.6320508521131404,13.401229131161708,50
TxPert_official_cell_gat_k562_all_fixed2000,K562,ACTL6A,45,2000,0.003453571116551757,0.03854798898100853,0.9896699451436058,0.9441185091452056,0.2560469128150414,0.2560469128150414,0.1439134416833365,0.23,0.14638495835004572,1.0870386589695382,0.7186058074910204,13.61602266263483,50
TxPert_official_cell_gat_k562_all_fixed2000,K562,ACTR6,104,2000,0.0009608110995031893,0.021431459113955498,0.9973301577831303,0.9773338750021626,0.40096139993849367,0.40096139993849367,0.3681188351479903,0.23,0.21229740124571025,0.8523154883628385,0.6532025853448945,13.946663071003563,50
TxPert_official_cell_gat_k562_all_fixed2000,K562,ACTR8,242,2000,0.001159813953563571,0.02191687375307083,0.9968557545650386,0.9819914280125865,0.2878378680517179,0.2878378680517179,0.19828955024824482,0.27,0.2027213176490319,0.7203077937702745,0.5961220831985102,13.32046714343325,50
TxPert_official_cell_gat_k562_all_fixed2000,K562,AHCTF1,161,2000,0.001346030505374074,0.021850239485502243,0.9960309754204926,0.9744622719187893,0.42274082308600536,0.42274082308600536,0.33735907775372265,0.32,0.28931880268535753,0.8020648415758229,0.6279128506017778,13.639862479799906,50
TxPert_official_cell_gat_k562_all_fixed2000,K562,AHCY,133,2000,0.001779590966179967,0.02573358081281185,0.9947855436923108,0.9761674610589773,-0.15430553747650352,-0.15430553747650352,-0.10912405650373468,0.13,0.12059414862602158,0.8144101314725696,0.6390055716893583,13.661479693554657,50
TxPert_official_cell_gat_k562_all_fixed2000,K562,AKIRIN2,144,2000,0.0007115828921087086,0.018214741721749306,0.9978718852125709,0.9816151627323568,0.3689797038783145,0.3689797038783145,0.2685327182609783,0.27,0.21238482009746962,0.8344680653328781,0.6402763345850319,13.379706574910808,50
TxPert_official_cell_gat_k562_all_fixed2000,K562,ALDOA,77,2000,0.0029837382026016712,0.035154856741428375,0.9910670736209283,0.9410658272885266,0.6291519859624494,0.6291519859624494,0.4506948237632327,0.45,0.4451539332265755,1.10483167362615,0.7530876820210531,14.372025056596847,50
TxPert_official_cell_gat_k562_all_fixed2000,K562,ALG13,167,2000,0.0006810577469877899,0.017384134232997894,0.9980157834913476,0.9828430676479706,0.2206912583808954,0.2206912583808954,0.14638994967516555,0.17,0.11297703625889137,0.7637811680833717,0.6060843147411853,13.375677578700351,50
TxPert_official_cell_gat_k562_all_fixed2000,K562,ALG2,228,2000,0.0018972269026562572,0.026371538639068604,0.9948116428123774,0.9726947497745219,0.5612293259865602,0.5612293259865602,0.3031460740628375,0.37,0.3329196795637716,0.7202541793002574,0.5928272921546145,13.40608282760773,50
TxPert_official_cell_gat_k562_all_fixed2000,K562,ALYREF,96,2000,0.000986886559985578,0.02099110372364521,0.9970843561961532,0.9769590989388561,0.32569038732443345,0.32569038732443345,0.2623158560194077,0.22,0.17104327770118946,0.9231728047535127,0.6544272128810129,13.155880119247508,50
TxPert_official_cell_gat_k562_all_fixed2000,K562,ANAPC2,237,2000,0.003035948146134615,0.029757583513855934,0.9911512027708513,0.9540469201936532,0.3646039370241726,0.3646039370241726,0.27439775485140444,0.27,0.2388406905682291,0.7341390539276677,0.5770959364600355,12.530301996991495,50
TxPert_official_cell_gat_k562_all_fixed2000,K562,ANAPC4,59,2000,0.0016383995534852147,0.027738962322473526,0.9950869241899435,0.9573215288267289,0.40133414055193545,0.40133414055193545,0.2673421606793929,0.34,0.32932909487843975,1.0463922639827137,0.681077471683404,12.93765040777845,50
TxPert_official_cell_gat_k562_all_fixed2000,K562,ANKRD11,184,2000,0.0016410218086093664,0.024948347359895706,0.9957079848347359,0.9720040934870892,0.1587238784626288,0.1587238784626288,-0.0020366354130588373,0.2,0.17796600565122958,0.6920510657367356,0.5796894543446308,13.621781716606824,50
TxPert_official_cell_gat_k562_all_fixed2000,K562,AP2S1,96,2000,0.0019036914454773068,0.027599098160862923,0.9943146617573239,0.9663296085134324,0.5002237293351346,0.5002237293351346,0.3163959978161185,0.44,0.4051494818246269,0.9401738470625058,0.6908087969839477,14.03645812890914,50
TxPert_official_cell_gat_k562_all_fixed2000,K562,AQR,82,2000,0.011408052407205105,0.07021886110305786,0.9673421755681486,0.880358779745186,0.6545538297786184,0.6545538297786184,0.6475122491497192,0.39,0.36981164917044873,1.2496750308003,0.7916186560081431,14.057722515892083,50
TxPert_official_cell_gat_k562_all_fixed2000,K562,ARCN1,214,2000,0.0014674784615635872,0.023909561336040497,0.995582757178844,0.9735618006884336,0.4371334955209245,0.4371334955209245,0.330880976808184,0.29,0.22160151009732093,0.7612210493153578,0.5795214377441497,12.407806778258466,50
TxPert_official_cell_gat_k562_all_fixed2000,K562,ARGLU1,367,2000,0.0010418794117867947,0.019082756713032722,0.9970449563401025,0.9830328676120393,0.13807591867041302,0.13807591867041302,0.1157461389901985,0.23,0.17384104922657448,0.5973849603099275,0.5341694547501896,12.831452836594387,50
TxPert_official_cell_gat_k562_all_fixed2000,K562,ARIH1,57,2000,0.0015283048851415515,0.027801599353551865,0.9954078244956175,0.9631728166481558,0.3215762864349305,0.3215762864349305,0.1866547474850489,0.27,0.21232006741771847,1.1013440574617568,0.7351217801968782,14.186263335784888,50
TxPert_official_cell_gat_k562_all_fixed2000,K562,ARL2,70,2000,0.0014068312011659145,0.025755973532795906,0.9959983006268562,0.9659966444296139,0.2606361712117733,0.2606361712117733,0.15733536110895746,0.26,0.21888341311586812,1.053004325046179,0.6862156632904063,13.126245353419886,50
TxPert_official_cell_gat_k562_all_fixed2000,K562,ARMC7,110,2000,0.001359027810394764,0.023252852261066437,0.9960287133052058,0.9753777814820712,0.23329600773428094,0.23329600773428094,0.22655826701392928,0.24,0.19910630296825504,0.8837460437338589,0.6650789343971532,14.246045242200427,50
TxPert_official_cell_gat_k562_all_fixed2000,K562,ARPC4,188,2000,0.0022557792253792286,0.027569208294153214,0.9941512586322334,0.9717538295316736,0.23239551771602246,0.23239551771602246,0.15372487094837722,0.19,0.14119252616672165,0.7508606806761349,0.6003676906882413,13.217543290627043,50
TxPert_official_cell_gat_k562_all_fixed2000,K562,ATF4,52,2000,0.0019059813348576427,0.02892826497554779,0.9944897594145348,0.9545441293801967,0.2658002877604537,0.2658002877604537,0.15914588405870778,0.21,0.17497477467770767,1.0882112287550565,0.744432799214997,14.526497563157248,50
TxPert_official_cell_gat_k562_all_fixed2000,K562,ATF5,133,2000,0.004107149317860603,0.03814532980322838,0.9877734131980497,0.9472442952513502,0.5123281217365291,0.5123281217365291,0.3733131415740076,0.36,0.32199146504080955,0.8801271103864231,0.6471558354438619,13.056377982400841,50
TxPert_official_cell_gat_k562_all_fixed2000,K562,ATP1A1,71,2000,0.003472220618277788,0.036288730800151825,0.9896750771286807,0.9555614955436165,0.1939992656310364,0.1939992656310364,0.18840265803487966,0.23,0.16757771617086956,1.0837943529635081,0.739663456202291,14.146622465487049,50
TxPert_official_cell_gat_k562_all_fixed2000,K562,ATP6AP1,114,2000,0.001489587826654315,0.024639051407575607,0.9955515387477536,0.9685314913293109,0.5454827083724119,0.5454827083724119,0.3497582080368097,0.42,0.3934965538358897,0.8872822795497524,0.666463876353755,13.904595521457132,50
TxPert_official_cell_gat_k562_all_fixed2000,K562,ATP6V0B,134,2000,0.0013324280735105276,0.022709699347615242,0.996068975718529,0.9745302004745524,0.543655945576796,0.543655945576796,0.33806685119637786,0.39,0.3802130947244057,0.8582420722784566,0.656815328980349,13.854918050217618,50
TxPert_official_cell_gat_k562_all_fixed2000,K562,ATP6V0C,39,2000,0.0029023701790720224,0.03555985167622566,0.9914700141282811,0.9425661636345729,0.45636229116005395,0.45636229116005395,0.27415003296168505,0.34,0.29580553860468634,1.1188767104824224,0.7352385847635476,14.249226616325668,50
TxPert_official_cell_gat_k562_all_fixed2000,K562,ATP6V1A,89,2000,0.002018236555159092,0.028399499133229256,0.9942502464740512,0.9641140189490802,0.5277909709520905,0.5277909709520905,0.297461520523897,0.33,0.3454184763917459,0.9416652593547551,0.6899778505322525,13.958404499125251,50
TxPert_official_cell_gat_k562_all_fixed2000,K562,ATP6V1B2,406,2000,0.0013356999261304736,0.022299161180853844,0.9960040680991726,0.9762425265628903,0.7134118001320549,0.7134118001320549,0.5088249214621476,0.53,0.5663512999034452,0.6342380425789628,0.5470210333067782,12.792160319529225,50
TxPert_official_cell_gat_k562_all_fixed2000,K562,ATR,133,2000,0.0026743041817098856,0.029418421909213066,0.992355743928431,0.9571741740939151,0.3812421744252682,0.3812421744252682,0.3369822138185335,0.24,0.19136513074967815,0.8775275048155363,0.6617165717509991,13.723598501121906,50
TxPert_official_cell_gat_k562_all_fixed2000,K562,ATRIP,183,2000,0.0027092357631772757,0.028388526290655136,0.9922237798390481,0.9581687492411612,0.35960985237850546,0.35960985237850546,0.34453892597497526,0.22,0.1656221282707493,0.7959184630963974,0.6276338886875101,13.547436299606632,50
TxPert_official_cell_gat_k562_all_fixed2000,K562,BANP,101,2000,0.0015803916612640023,0.02457273192703724,0.9953925504239577,0.976541453246147,-0.02186209301968655,-0.02186209301968655,-0.015296420580802361,0.24,0.1941852696786744,0.9212561424745891,0.6761889704334201,13.836191022228752,50
TxPert_official_cell_gat_k562_all_fixed2000,K562,BAP1,190,2000,0.0016289775958284736,0.02526247128844261,0.9955279796331812,0.9742796946886608,-0.0952998072213653,-0.0952998072213653,-0.0873245359621991,0.15,0.12665526116120923,0.7303933963658699,0.5890065072632755,13.242599176654128,50
TxPert_official_cell_gat_k562_all_fixed2000,K562,BCAS2,197,2000,0.0032590613700449467,0.0345727801322937,0.990420343154631,0.9475590340272804,0.5858694802290502,0.5858694802290502,0.5224919672279572,0.36,0.3003514722971319,0.8024276758950241,0.6212009260551841,13.184224076872313,50
TxPert_official_cell_gat_k562_all_fixed2000,K562,BDP1,277,2000,0.003223828272894025,0.0342865027487278,0.9901243368408281,0.943109211970325,0.6496927534217611,0.6496927534217611,0.4736680636759767,0.52,0.483777369528973,0.7556581327288202,0.5955751538834094,12.845104408606876,50
TxPert_official_cell_gat_k562_all_fixed2000,K562,BGLAP,236,2000,0.002505409764125943,0.027882538735866547,0.9926303253030223,0.9572133792235167,0.42379646228132434,0.42379646228132434,0.297723667627467,0.31,0.25341419167032453,0.837074851321204,0.6330101768767783,13.101596267609475,50
TxPert_official_cell_gat_k562_all_fixed2000,K562,BMS1,18,2000,0.005366859491914511,0.05117442458868027,0.9829220293647861,0.9136387375936839,0.4661020561037234,0.4661020561037234,0.23742441333080108,0.47,0.35643347205165204,0.8388342552861353,0.4767197686210263,11.935524625596925,50
TxPert_official_cell_gat_k562_all_fixed2000,K562,BNIP1,107,2000,0.0019701288547366858,0.02881302312016487,0.9942430448637747,0.9634270684167966,0.5419505312524083,0.5419505312524083,0.36062697721156783,0.38,0.33274502760793523,0.9287004582421503,0.6897874433653419,13.80450640512276,50
TxPert_official_cell_gat_k562_all_fixed2000,K562,BOP1,103,2000,0.001049622194841504,0.02169116586446762,0.9970181526759356,0.9732395229446807,0.535863727373532,0.535863727373532,0.35719198048880496,0.39,0.3734911528195448,0.904697983266863,0.6767211950938965,14.110638145828984,50
TxPert_official_cell_gat_k562_all_fixed2000,K562,BRD8,68,2000,0.0020113412756472826,0.02799464762210846,0.9941882845516445,0.9666722689983501,0.2773489038991968,0.2773489038991968,0.1795317504692679,0.17,0.15463375158818757,0.9772635338398464,0.7050251609683517,14.051432378112803,50
TxPert_official_cell_gat_k562_all_fixed2000,K562,BRIX1,95,2000,0.0032218904234468937,0.03475554287433624,0.990410831608332,0.9476444302946533,0.6397762367904459,0.6397762367904459,0.4619744902442811,0.47,0.4334846038621513,1.0707663499132483,0.7152291226741293,13.742617624083525,50
TxPert_official_cell_gat_k562_all_fixed2000,K562,BTF3,70,2000,0.004474009852856398,0.03960288688540459,0.9876230648129758,0.9415815411336761,0.19149540702729526,0.19149540702729526,0.17921151960434784,0.25,0.177563738363548,1.0335236665280698,0.702706094700471,14.090483661391705,50
TxPert_official_cell_gat_k562_all_fixed2000,K562,BUB3,246,2000,0.0010399483144283295,0.021360933780670166,0.9971492976781076,0.9820804458426673,0.4506863339027705,0.4506863339027705,0.35350696591423675,0.31,0.2553807494333079,0.7578283000373917,0.6048851248663396,13.34412562407171,50
TxPert_official_cell_gat_k562_all_fixed2000,K562,BUD13,160,2000,0.0018991605611518025,0.028727883473038673,0.9945859123927876,0.9628040130647871,0.6856267682744093,0.6856267682744093,0.6556952789552817,0.41,0.34921727900049554,0.8704499507875448,0.6406389079861037,13.440702842872083,50
TxPert_official_cell_gat_k562_all_fixed2000,K562,BUD31,15,2000,0.006124358158558607,0.052042823284864426,0.9827746599213235,0.8677527703504372,0.34935855570929425,0.34935855570929425,0.3061056009557456,0.21,0.15334352386610675,0.727673371804869,0.41416132662133415,9.5596671345563,50
TxPert_official_cell_gat_k562_all_fixed2000,K562,BYSL,87,2000,0.0030024535953998566,0.034197401255369186,0.9908879117980228,0.9580876867156666,0.6458320480486484,0.6458320480486484,0.36008333975247475,0.6,0.5306238026991231,0.9721485250181011,0.6880749060469217,13.573937706879416,50
TxPert_official_cell_gat_k562_all_fixed2000,K562,C12orf45,94,2000,0.006433910224586725,0.04713074117898941,0.9823754018214694,0.931288107851121,0.09145157855292402,0.09145157855292402,0.08726963343456164,0.21,0.16112224415644685,1.0252156897763993,0.7250755916640066,14.179383722668312,50
TxPert_official_cell_gat_k562_all_fixed2000,K562,C1QBP,189,2000,0.001681672059930861,0.02195761539041996,0.995020828119035,0.9806885830504916,0.2247750934145051,0.2247750934145051,0.19336205325130182,0.24,0.19684047149875988,0.7627689144709965,0.6000925393258526,12.986882982301527,50
TxPert_official_cell_gat_k562_all_fixed2000,K562,CACTIN,55,2000,0.002906598150730133,0.03549513593316078,0.9913018125433236,0.93994939776943,0.619930148116993,0.619930148116993,0.5858223430266097,0.36,0.35313164614738757,1.220073103276606,0.7757222715010076,13.910094858991192,50
TxPert_official_cell_gat_k562_all_fixed2000,K562,CAPZB,64,2000,0.001869070460088551,0.02812216989696026,0.9946829463164708,0.9605668064308563,0.49240074463023903,0.49240074463023903,0.20024646235804916,0.4,0.335908495522498,1.0104624718521453,0.7043020743799119,14.002058219691394,50
TxPert_official_cell_gat_k562_all_fixed2000,K562,CASP8AP2,192,2000,0.0030507941264659166,0.031522080302238464,0.9910454154809761,0.9633666066557701,0.22623081844040896,0.22623081844040896,0.1645103857845674,0.35,0.23187494393645458,0.7269659902755436,0.5975917536410451,13.473554882284239,50
TxPert_official_cell_gat_k562_all_fixed2000,K562,CBLL1,93,2000,0.0011687999358400702,0.023564234375953674,0.9964887300826831,0.9687312104849201,0.4712896847745889,0.4712896847745889,0.3334436051362958,0.4,0.29783927488981604,0.9234357242198585,0.6696001273870293,13.671071638066826,50
TxPert_official_cell_gat_k562_all_fixed2000,K562,CCDC174,97,2000,0.0017050461610779166,0.026736414059996605,0.9949459247944055,0.9695358999600632,0.5016631125258355,0.5016631125258355,0.36998188728765014,0.29,0.2611995333404592,0.9437016773902996,0.6851085490327222,14.035459621383024,50
TxPert_official_cell_gat_k562_all_fixed2000,K562,CCDC59,100,2000,0.0012411415809765458,0.02361973561346531,0.9961979129195394,0.9744253907001859,0.6143439978574905,0.6143439978574905,0.2910147453869779,0.65,0.6277427922306498,0.9464422715690334,0.6857763619929637,13.694293817480082,50
TxPert_official_cell_gat_k562_all_fixed2000,K562,CCDC84,77,2000,0.001799624995328486,0.027296844869852066,0.9947145622018058,0.963073993130981,0.4454686066675472,0.4454686066675472,0.3694033984614582,0.29,0.22611540239287647,0.981054500103003,0.6938634935378315,14.031002995825045,50
TxPert_official_cell_gat_k562_all_fixed2000,K562,CCDC86,235,2000,0.0017501228721812367,0.025359289720654488,0.9947436939192269,0.9776280792187391,0.47877790218361915,0.47877790218361915,0.31195938484938524,0.3,0.28691151310106605,0.6789634455834991,0.5584098571103479,12.746581419467326,50
TxPert_official_cell_gat_k562_all_fixed2000,K562,CCNH,75,2000,0.0018016992835327983,0.029469242319464684,0.9944303925829523,0.9558464178013734,0.6239207889451741,0.6239207889451741,0.41955073541698795,0.5,0.46011526595403546,1.0813959736322607,0.7376471853845175,14.341947630675154,50
TxPert_official_cell_gat_k562_all_fixed2000,K562,CCNK,211,2000,0.0005067451274953783,0.015080979093909264,0.998553747677953,0.9874771978314995,0.376595618244481,0.376595618244481,0.148605394044588,0.4,0.38502902265674255,0.6956024509751757,0.5646201031482064,12.935077837844583,50
TxPert_official_cell_gat_k562_all_fixed2000,K562,CCT2,178,2000,0.0026418615598231554,0.03185535594820976,0.9918905621778157,0.9533044397764145,0.48905819356006275,0.48905819356006275,0.38388835130055493,0.31,0.2791922086236176,0.8220527407673065,0.625486952967291,13.007059285886378,50
TxPert_official_cell_gat_k562_all_fixed2000,K562,CCT3,220,2000,0.0028114269953221083,0.03138481080532074,0.9916289983212815,0.953851542751679,0.4027401698074581,0.4027401698074581,0.35890264540932126,0.27,0.21427048807746646,0.7578782305684801,0.6041874464678072,13.055897747527558,50
TxPert_official_cell_gat_k562_all_fixed2000,K562,CCT4,217,2000,0.004178890027105808,0.03782353922724724,0.9876903543395148,0.935678631267595,0.389192227891185,0.389192227891185,0.33659165661705376,0.26,0.21675259570050392,0.7957158835219833,0.6209043863331968,13.354656368945477,50
TxPert_official_cell_gat_k562_all_fixed2000,K562,CCT5,64,2000,0.0044809989631175995,0.04158501327037811,0.9865948362625683,0.9192151760031466,0.3795768698770943,0.3795768698770943,0.3023225203525757,0.27,0.21451789925033,1.0762667637389858,0.7316127137570695,14.05528425563232,50
TxPert_official_cell_gat_k562_all_fixed2000,K562,CCT6A,97,2000,0.0032344439532607794,0.03534616902470589,0.990128867167444,0.9454526681270801,0.3867955091011722,0.3867955091011722,0.31471215772611294,0.32,0.2630276005387942,0.9726127005068149,0.6790239604608301,13.360248385580347,50
TxPert_official_cell_gat_k562_all_fixed2000,K562,CCT7,141,2000,0.005307117477059364,0.04318007081747055,0.9839045327520197,0.9182793459073026,0.3942969929242346,0.3942969929242346,0.3307819263324738,0.23,0.1905792344054395,0.935713378394981,0.6718949932085237,13.497190284355309,50
TxPert_official_cell_gat_k562_all_fixed2000,K562,CCT8,97,2000,0.0019330672221258283,0.0284406840801239,0.9943108536658356,0.9628098388981835,0.3657948532196914,0.3657948532196914,0.2898555063765651,0.3,0.23122693900833402,0.938138493893377,0.6828624918685215,13.6272978752558,50
TxPert_official_cell_gat_k562_all_fixed2000,K562,CD3EAP,85,2000,0.0024600913748145103,0.03240002319216728,0.9928780376080277,0.9558928619213191,0.5043818846335245,0.5043818846335245,0.27293419123467877,0.37,0.334705324162385,1.0131833486946382,0.7186559173663946,14.052654495560539,50
TxPert_official_cell_gat_k562_all_fixed2000,K562,CDAN1,137,2000,0.0037749535404145718,0.03483593091368675,0.9891950770173277,0.9469103241023572,0.19342547041316718,0.19342547041316718,0.12682856379657592,0.22,0.1667392872930464,0.8820421568015894,0.6569528256146487,13.41938235990711,50
TxPert_official_cell_gat_k562_all_fixed2000,K562,CDC123,96,2000,0.0029767281375825405,0.032713573426008224,0.9914987834374649,0.9523315690699018,0.4444539899341644,0.4444539899341644,0.27396792764731653,0.37,0.3602494217697727,0.917931286158344,0.6701036476881436,13.807797000385367,50
TxPert_official_cell_gat_k562_all_fixed2000,K562,CDC16,142,2000,0.0010828805388882756,0.02107379399240017,0.9967666906709297,0.9765961996513386,0.40473778337727834,0.40473778337727834,0.24642905366684073,0.36,0.2884810502669572,0.8409007639799018,0.6257714940438247,13.06303153865798,50
TxPert_official_cell_gat_k562_all_fixed2000,K562,CDC23,158,2000,0.0022622933611273766,0.028330937027931213,0.9933167369117287,0.9639410212645272,0.35113923189937196,0.35113923189937196,0.23094179883521557,0.42,0.3559434331167,0.812423762035201,0.6017387449088543,12.790456261163634,50
TxPert_official_cell_gat_k562_all_fixed2000,K562,CDC27,245,2000,0.0012930015800520778,0.021144121885299683,0.9961955792628484,0.977468621095415,0.5004297239383768,0.5004297239383768,0.34145773331984147,0.37,0.3112617833533537,0.7366182058455402,0.5755564253487941,12.375990484131592,50
TxPert_official_cell_gat_k562_all_fixed2000,K562,CDC40,84,2000,0.002909321803599596,0.03447575867176056,0.9912642880737516,0.9405500901843195,0.5350307819822483,0.5350307819822483,0.4780021144571932,0.34,0.29524214614453936,1.0617833883528929,0.7220883760665763,13.505050565312247,50
TxPert_official_cell_gat_k562_all_fixed2000,K562,CDC5L,77,2000,0.006215875037014484,0.04901953786611557,0.9809485521321819,0.8983422243750915,0.6949316314967503,0.6949316314967503,0.6506517198465064,0.43,0.4318536905560767,1.139754308389633,0.7368879193711467,13.819622501545489,50
TxPert_official_cell_gat_k562_all_fixed2000,K562,CDC6,153,2000,0.00611185422167182,0.04173027351498604,0.9813157357994887,0.9139545153685958,0.4913092286506146,0.4913092286506146,0.3699284229392426,0.41,0.3704916058200887,0.8935783147357576,0.6571946101551458,13.61416545152519,50
TxPert_official_cell_gat_k562_all_fixed2000,K562,CDC73,140,2000,0.006047995761036873,0.0464889332652092,0.9819199653650955,0.9118958201140505,0.5480667769457126,0.5480667769457126,0.5224664772124872,0.32,0.2580494677990132,1.046434874145997,0.7101514789651644,13.436824260775671,50
TxPert_official_cell_gat_k562_all_fixed2000,K562,CDK1,239,2000,0.0016955703031271696,0.025370432063937187,0.9947810745543483,0.9680534880634091,0.5276821405956198,0.5276821405956198,0.40706217424443675,0.4,0.34462486746772525,0.7324733600326967,0.5714796130091272,12.382339251791626,50
TxPert_official_cell_gat_k562_all_fixed2000,K562,CDK9,134,2000,0.0010639817919582129,0.02121068350970745,0.9970116518410221,0.9776256918198498,0.4200419072017846,0.4200419072017846,0.22496659973035926,0.3,0.286727434892417,0.8197569789062307,0.641568879166065,13.906274467460614,50
TxPert_official_cell_gat_k562_all_fixed2000,K562,CEBPZ,89,2000,0.0027879616245627403,0.032872870564460754,0.9921280298543242,0.9608172170329923,0.5277757686426287,0.5277757686426287,0.3971593495923817,0.37,0.34008042931278265,0.909794410609104,0.6668209957576814,13.810306562635647,50
TxPert_official_cell_gat_k562_all_fixed2000,K562,CENPC,116,2000,0.0010221719276160002,0.02158423140645027,0.9969781153489058,0.97508528457609,0.48785053940660866,0.48785053940660866,0.3442352248399535,0.34,0.30961196549381764,1.0048193255817737,0.6883774813633506,13.362174028789251,50
TxPert_official_cell_gat_k562_all_fixed2000,K562,CENPE,171,2000,0.004211242776364088,0.03510577231645584,0.9873664108530265,0.9408813753052108,0.3546856396418215,0.3546856396418215,0.2833243350199257,0.37,0.297603245992392,0.8458260670252631,0.6224923790053981,12.809269134659168,50
TxPert_official_cell_gat_k562_all_fixed2000,K562,CENPJ,265,2000,0.00382739189080894,0.03497304767370224,0.9890823247944153,0.9599110788766203,0.2555681878966105,0.2555681878966105,0.1737438343395489,0.24,0.18444618532754573,0.7656996354762496,0.5861712489540025,12.213269815242144,50
TxPert_official_cell_gat_k562_all_fixed2000,K562,CENPK,93,2000,0.002661223988980055,0.031853049993515015,0.9919837465363022,0.9502455388300636,0.5222692674026654,0.5222692674026654,0.4555192360662054,0.35,0.2933501162867215,1.0743516503476025,0.7345252900793908,13.981316771631533,50
TxPert_official_cell_gat_k562_all_fixed2000,K562,CEP192,184,2000,0.0014959448017179966,0.02241462841629982,0.9955636683289714,0.9732901138664627,0.4768187310779693,0.4768187310779693,0.3346958181302122,0.32,0.2956036406356148,0.7706117409588208,0.5941047138377736,12.692243036300999,50
TxPert_official_cell_gat_k562_all_fixed2000,K562,CHAF1A,33,2000,0.007103551644831896,0.0509505569934845,0.9787369837235765,0.8839213410903907,0.26735473865493636,0.26735473865493636,0.235212138437003,0.22,0.15622114735138573,1.058695018403956,0.6632517570052879,12.96967779740245,50
TxPert_official_cell_gat_k562_all_fixed2000,K562,CHAF1B,82,2000,0.0034735489170998335,0.03539852052927017,0.989693553456501,0.9479175209524712,0.3738376509455964,0.3738376509455964,0.3072770947645798,0.3,0.2584184846054798,0.9744297279624786,0.7040223721268274,14.280112045877154,50
TxPert_official_cell_gat_k562_all_fixed2000,K562,CHCHD4,132,2000,0.0018328978912904859,0.024486098438501358,0.9948605937186492,0.973388796950153,0.5446964303975688,0.5446964303975688,0.420746432499313,0.43,0.37416103803504797,0.8487780430059674,0.644161851334137,13.717894658441093,50
TxPert_official_cell_gat_k562_all_fixed2000,K562,CHD4,33,2000,0.0030683453660458326,0.03759143874049187,0.9909289122906831,0.9313311623452007,0.2948217492171787,0.2948217492171787,0.2067658498832966,0.22,0.1537389624604858,0.9928398254552511,0.6419317559359947,13.146640191764847,50
TxPert_official_cell_gat_k562_all_fixed2000,K562,CHEK1,205,2000,0.004022741224616766,0.03834984451532364,0.9892749739197654,0.954539068623456,0.21857813341153337,0.21857813341153337,0.3055504894774648,0.21,0.15996843339854047,0.8453330317634498,0.6364121340479131,13.319311407962367,50
TxPert_official_cell_gat_k562_all_fixed2000,K562,CHERP,54,2000,0.0023414110764861107,0.03247040882706642,0.9931751079797345,0.9470574754735082,0.48558631794367735,0.48558631794367735,0.3743745868306702,0.34,0.26439672679810666,1.1067267486147099,0.7464155869284749,14.12901369526932,50
TxPert_official_cell_gat_k562_all_fixed2000,K562,CHMP1A,71,2000,0.0027045756578445435,0.031806670129299164,0.9928353261657699,0.9602301851820088,0.19170702148015584,0.19170702148015584,0.1260896622472912,0.28,0.22390418331836245,1.0711997837134064,0.7446181215755127,14.48426078052245,50
TxPert_official_cell_gat_k562_all_fixed2000,K562,CHMP2A,61,2000,0.002332866657525301,0.030578764155507088,0.9928513718212628,0.9494227094365988,0.5565431369550815,0.5565431369550815,0.4358909899686367,0.39,0.3516468968984104,1.1062795417347595,0.7370302420942906,14.064461843219856,50
TxPert_official_cell_gat_k562_all_fixed2000,K562,CHMP3,119,2000,0.007955463603138924,0.049687813967466354,0.9747472834188744,0.9283006947335863,0.6963137124159555,0.6963137124159555,0.6047102909163339,0.38,0.4096350845124937,1.014296974492271,0.693439971185778,13.773325567381487,50
TxPert_official_cell_gat_k562_all_fixed2000,K562,CHMP6,620,2000,0.0013941022334620357,0.0231892392039299,0.9961483924516323,0.9779803933268376,0.6055674163763066,0.6055674163763066,0.5034470704836548,0.38,0.3448407916066429,0.5797055433307854,0.5138480969678039,12.102685258617853,50
TxPert_official_cell_gat_k562_all_fixed2000,K562,CIAPIN1,139,2000,0.0012603489449247718,0.021367421373724937,0.9962414232697105,0.979124107700674,0.3213492268320488,0.3213492268320488,0.2130480253062052,0.28,0.22289285485354707,0.8018351169559685,0.6249759363871071,13.643549341081359,50
TxPert_official_cell_gat_k562_all_fixed2000,K562,CINP,73,2000,0.0021019165869802237,0.028921015560626984,0.9940561412563492,0.9600077240016808,0.4405589860164767,0.4405589860164767,0.27825704840126997,0.33,0.2927410979785841,0.9906081524457551,0.7043840252331219,13.961688786423506,50
TxPert_official_cell_gat_k562_all_fixed2000,K562,CKAP5,159,2000,0.0018605180084705353,0.025498278439044952,0.9944121091861896,0.9626064937958714,0.48218860511094247,0.48218860511094247,0.3239323380911715,0.4,0.3315943931728906,0.8711490541144724,0.6374047708274607,13.063200377833441,50
TxPert_official_cell_gat_k562_all_fixed2000,K562,CLNS1A,46,2000,0.0026127013843506575,0.032928790897130966,0.9924462056216223,0.9431460670623156,0.44277269786199414,0.44277269786199414,0.3973158508383226,0.3,0.22464351258148718,1.1321929680538778,0.746168451488807,14.213765068031664,50
TxPert_official_cell_gat_k562_all_fixed2000,K562,CLP1,51,2000,0.002980779157951474,0.034628890454769135,0.9911764201348964,0.9477039518245807,0.2747285041814653,0.2747285041814653,0.23924083901490575,0.32,0.238441582456219,1.0928304990011313,0.7082523509177251,13.681272803495597,50
TxPert_official_cell_gat_k562_all_fixed2000,K562,CLSPN,76,2000,0.0014055398060008883,0.025100544095039368,0.9957031144049897,0.9652630234829569,0.6338196524102535,0.6338196524102535,0.44194138456336063,0.47,0.4530874321793222,0.9334911396990794,0.6496684293862329,13.137629202685405,50
TxPert_official_cell_gat_k562_all_fixed2000,K562,CLTC,112,2000,0.0013474555453285575,0.02285877987742424,0.9960244526606606,0.9761345889231972,0.1044093162895616,0.1044093162895616,0.058266772218320016,0.2,0.12378061904249141,0.8927796675721451,0.6671288872674652,14.050973526928574,50
TxPert_official_cell_gat_k562_all_fixed2000,K562,CMTR1,138,2000,0.001056054374203086,0.02193138562142849,0.9965724754020447,0.9792472702239984,0.8799231252920193,0.8799231252920193,0.4662972955888136,0.72,0.8200548678907074,0.8925440666253885,0.6626732080297599,13.67065075394426,50
TxPert_official_cell_gat_k562_all_fixed2000,K562,CNIH4,65,2000,0.00166531081777066,0.02784023806452751,0.9949401532383649,0.9650551352233531,0.1931000528011131,0.1931000528011131,0.10907881908777985,0.19,0.14228112851527008,1.1010063049349612,0.753286726718877,14.513266738216538,50
TxPert_official_cell_gat_k562_all_fixed2000,K562,CNOT1,202,2000,0.0054947491735219955,0.04667027294635773,0.9807917312126264,0.9200266322709768,0.7493862910521126,0.7493862910521126,0.6731586860340889,0.56,0.5909810817300123,0.9061611389166702,0.6496955350624062,13.120649150300318,50
TxPert_official_cell_gat_k562_all_fixed2000,K562,CNOT2,64,2000,0.0030774956103414297,0.03697839751839638,0.991296797716096,0.9464712147600878,0.6275710926111175,0.6275710926111175,0.5046899729506017,0.36,0.33329638753824464,1.0389438884791018,0.721387214604047,14.10062687467309,50
TxPert_official_cell_gat_k562_all_fixed2000,K562,CNOT3,303,2000,0.003563494188711047,0.03659193962812424,0.9891901729456934,0.9553341857291535,0.6106517074214193,0.6106517074214193,0.5602943777405103,0.32,0.2879048416611859,0.7227263527670884,0.5776203539058261,12.300817510523895,50
TxPert_official_cell_gat_k562_all_fixed2000,K562,COG2,332,2000,0.00039000314427539706,0.013017124496400356,0.9988934205693418,0.9903412786807383,0.2918183810938253,0.2918183810938253,0.19114498157144996,0.22,0.17669344326279804,0.6163305039321184,0.5452168684388581,13.139549357672307,50
TxPert_official_cell_gat_k562_all_fixed2000,K562,COG3,55,2000,0.001363925519399345,0.025826847180724144,0.9959878593489847,0.963116466323839,0.46125043422503026,0.46125043422503026,0.29203840086474653,0.34,0.32574690907950954,1.033104271138903,0.7043337645183237,14.139451812629463,50
TxPert_official_cell_gat_k562_all_fixed2000,K562,COPB1,56,2000,0.0035190237686038017,0.039497531950473785,0.9895151967237188,0.9359595249612821,0.5074754551561311,0.5074754551561311,0.3677350376264444,0.33,0.27095773036965715,1.1465104144459481,0.7194693761079617,13.72650903550036,50
TxPert_official_cell_gat_k562_all_fixed2000,K562,COPB2,60,2000,0.003913489636033773,0.040487539023160934,0.9879031286926375,0.9363539306050874,0.41566603831662585,0.41566603831662585,0.322250491564093,0.28,0.25545022324682226,1.1566290951281004,0.7386202129244565,13.86322124181585,50
TxPert_official_cell_gat_k562_all_fixed2000,K562,COPS2,44,2000,0.002839940832927823,0.035504065454006195,0.9918388945335805,0.9417804992534867,0.29785620678295754,0.29785620678295754,0.24792940958845647,0.27,0.21837715529479476,1.1299497485416996,0.7199553507880432,13.690532051467994,50
TxPert_official_cell_gat_k562_all_fixed2000,K562,COPS3,59,2000,0.00269367010332644,0.0333222970366478,0.9922192647679771,0.9464247998767898,0.3523747387742244,0.3523747387742244,0.2905088312750083,0.31,0.2637552193415542,1.1456015503809411,0.7672289674069485,14.34032308039764,50
TxPert_official_cell_gat_k562_all_fixed2000,K562,COPS4,253,2000,0.001853232504799962,0.02586711384356022,0.9948619368058493,0.970848558410111,0.42824307979054127,0.42824307979054127,0.34165471980039797,0.37,0.31969977515501136,0.7237927224230353,0.5922928907678019,13.545986480807603,50
TxPert_official_cell_gat_k562_all_fixed2000,K562,COPS5,72,2000,0.0028112493455410004,0.03272305428981781,0.9919883376063442,0.9506904063743294,0.030270884893670174,0.030270884893670174,0.057884254712195715,0.22,0.1483696679214783,1.0713460512049755,0.7408669285809972,14.32961770412608,50
TxPert_official_cell_gat_k562_all_fixed2000,K562,COPS6,222,2000,0.0033809051383286715,0.0323653444647789,0.9902579187318515,0.9525628846994815,0.2695196821252846,0.2695196821252846,0.24250109057758476,0.33,0.27735020993729986,0.7881377818582967,0.6188700730067144,13.290452336377742,50
TxPert_official_cell_gat_k562_all_fixed2000,K562,COPS8,198,2000,0.0014295467408373952,0.022291094064712524,0.995852447267889,0.9765681170474847,0.08851227053282577,0.08851227053282577,0.15698296442607712,0.24,0.16542222100130627,0.7689335528957381,0.6145066464553269,13.37252470085678,50
TxPert_official_cell_gat_k562_all_fixed2000,K562,COPZ1,92,2000,0.0026155533269047737,0.03294828534126282,0.9920892039852678,0.958389778791444,0.5159195076096131,0.5159195076096131,0.3785830599800902,0.32,0.26700214754973656,1.041867480134567,0.693679045278298,13.580842896007525,50
TxPert_official_cell_gat_k562_all_fixed2000,K562,COX11,103,2000,0.0009044630569405854,0.02045316994190216,0.9974310880661691,0.9753169627104361,0.3387055940562649,0.3387055940562649,0.2225057807044279,0.27,0.22185409000445278,0.8797689510850687,0.6700454631225535,14.034636359290783,50
TxPert_official_cell_gat_k562_all_fixed2000,K562,COX15,103,2000,0.001114735146984458,0.022567695006728172,0.9967642876625137,0.974301647415666,0.45474908921594204,0.45474908921594204,0.2871477136033693,0.39,0.3394516912080758,0.9291301263598606,0.6798689735119487,13.946565306991529,50
TxPert_official_cell_gat_k562_all_fixed2000,K562,COX17,129,2000,0.0005911675980314612,0.01697307825088501,0.9982648526541338,0.9809969379361404,0.47476127164104637,0.47476127164104637,0.2916735495920149,0.4,0.33987507337186396,0.8031019932853678,0.6211232437091406,13.396477663861113,50
TxPert_official_cell_gat_k562_all_fixed2000,K562,COX7C,154,2000,0.0007688203477300704,0.018334683030843735,0.9977343279581354,0.9819873853971985,0.5365255769071263,0.5365255769071263,0.3570926528708906,0.38,0.3597806871902983,0.7764516674617579,0.6102141413158884,13.222858284505387,50
TxPert_official_cell_gat_k562_all_fixed2000,K562,CPSF1,48,2000,0.0026848814450204372,0.035008836537599564,0.9919250264032841,0.9385226796860676,0.4524305041334608,0.4524305041334608,0.3184251533711341,0.34,0.29197614450312664,1.146115744228035,0.7360618874166758,13.629636735950726,50
TxPert_official_cell_gat_k562_all_fixed2000,K562,CPSF3,575,2000,0.0023132776841521263,0.02776135876774788,0.9931861736792141,0.9633998240948695,0.5782293232522214,0.5782293232522214,0.4528960629774836,0.45,0.42060077730657563,0.6015602741002353,0.5315398268938968,12.35890700178436,50
TxPert_official_cell_gat_k562_all_fixed2000,K562,CPSF4,57,2000,0.0036988798528909683,0.038548991084098816,0.9889762778106005,0.9331286873038619,0.5881876671771833,0.5881876671771833,0.47649794351473357,0.42,0.42497396183000175,1.2869523469196025,0.7997111230642698,14.098842552240319,50
TxPert_official_cell_gat_k562_all_fixed2000,K562,CPSF6,43,2000,0.0037556991446763277,0.04170411080121994,0.9881633712809809,0.9310849690509693,0.5598060790067692,0.5598060790067692,0.4326098031642729,0.38,0.3733853191733058,1.1543662955189815,0.7301473487788208,13.56551532650225,50
TxPert_official_cell_gat_k562_all_fixed2000,K562,CRNKL1,215,2000,0.0014500947436317801,0.024259081110358238,0.9957766254768025,0.9699888143495851,0.6748636564534702,0.6748636564534702,0.623472391631998,0.39,0.3679017516657819,0.7826753313986552,0.5918159468087958,12.68601858922599,50
TxPert_official_cell_gat_k562_all_fixed2000,K562,CSE1L,373,2000,0.006631616968661547,0.04909425228834152,0.9796927934756117,0.9029048159981079,0.6027653792298253,0.6027653792298253,0.5033604061988335,0.47,0.43470992172005074,0.7360111321153172,0.5903475791972166,12.813771977426747,50
TxPert_official_cell_gat_k562_all_fixed2000,K562,CSNK1A1,131,2000,0.0008569099009037018,0.019720664247870445,0.99747490187814,0.9773728721577769,0.3723199733070095,0.3723199733070095,0.24970048453199575,0.33,0.28872795195722994,0.8642862263291843,0.6485942827392683,13.540356626299797,50
TxPert_official_cell_gat_k562_all_fixed2000,K562,CSNK2B,103,2000,0.001641395385377109,0.026611274108290672,0.9953487836590444,0.9650787718424082,0.36948086189100887,0.36948086189100887,0.288914110741939,0.28,0.18731863386349248,0.9329644798192572,0.6605349012622989,13.368851020958031,50
TxPert_official_cell_gat_k562_all_fixed2000,K562,CSTF1,129,2000,0.0012178380275145173,0.022859586402773857,0.9962252712470362,0.974333825843985,0.5075423675833791,0.5075423675833791,0.3609895610393332,0.42,0.392476696270844,0.8996548189662953,0.6450943892247198,13.265721795472658,50
TxPert_official_cell_gat_k562_all_fixed2000,K562,CSTF3,59,2000,0.0027180034667253494,0.03418255224823952,0.9918197712638567,0.9440838309965169,0.5947732884278173,0.5947732884278173,0.44111468564734574,0.47,0.4635269939062966,1.1911299626973482,0.7842594759474804,14.750209330430792,50
TxPert_official_cell_gat_k562_all_fixed2000,K562,CTDP1,117,2000,0.0021682942751795053,0.030539290979504585,0.9934653977417623,0.9560060197856747,0.6653028318588644,0.6653028318588644,0.49413298969284286,0.55,0.5225134308788378,0.9474757468380628,0.6796786849823157,13.711265499319822,50
TxPert_official_cell_gat_k562_all_fixed2000,K562,CTNNBL1,65,2000,0.0023192870430648327,0.030374586582183838,0.9933119343322128,0.9585412156481824,0.23587008607239396,0.23587008607239396,0.2027835868269921,0.3,0.233017720029975,1.0647529610317326,0.7345742557556224,14.34918034411797,50
TxPert_official_cell_gat_k562_all_fixed2000,K562,CTR9,197,2000,0.006161666940897703,0.046463292092084885,0.9820645982525974,0.907646320187454,0.5598152854933952,0.5598152854933952,0.5617959509140057,0.37,0.28360029672540066,0.9386971666612031,0.6739878355325188,13.466317426490289,50
TxPert_official_cell_gat_k562_all_fixed2000,K562,CUL1,181,2000,0.0019645097199827433,0.026423662900924683,0.9942393487495099,0.9643099637650072,0.1427246472517074,0.1427246472517074,0.10094537609906601,0.22,0.14743075281552068,0.7714667775682835,0.6067650610130828,13.300096898848453,50
TxPert_official_cell_gat_k562_all_fixed2000,K562,CUL2,84,2000,0.0016453331336379051,0.02687281183898449,0.9955068311143757,0.9665654838741615,0.4481839194528664,0.4481839194528664,0.2563940357215559,0.41,0.37615937548297645,0.9167830166441019,0.6619851580266185,13.66817985230652,50
TxPert_official_cell_gat_k562_all_fixed2000,K562,CUL7,33,2000,0.0055704014375805855,0.049075424671173096,0.9831404141960086,0.892781706916435,0.418477324609545,0.418477324609545,0.288066709034304,0.36,0.29425893205362047,1.0485616277755236,0.635927219171998,12.471872665169348,50
TxPert_official_cell_gat_k562_all_fixed2000,K562,CWC15,144,2000,0.0036464091390371323,0.03913967311382294,0.990075997680777,0.9444187682857095,0.6787630934996828,0.6787630934996828,0.6615859504154896,0.41,0.325346482022345,0.9124900653538512,0.6661815477064228,13.583737961702349,50
TxPert_official_cell_gat_k562_all_fixed2000,K562,CWC22,28,2000,0.007461802568286657,0.05741395428776741,0.9779230907905777,0.8709335322162693,0.5359843376947752,0.5359843376947752,0.4681527579180152,0.3,0.2155315154525413,1.0123806560514759,0.5971058946077039,13.485266473635752,50
TxPert_official_cell_gat_k562_all_fixed2000,K562,CWF19L2,187,2000,0.0016018504975363612,0.025431957095861435,0.9952749699411243,0.9731823062225984,0.6028983187364783,0.6028983187364783,0.5630921218907324,0.32,0.26253021101228774,0.8066886892299163,0.6105785557945352,13.118547208783912,50
TxPert_official_cell_gat_k562_all_fixed2000,K562,CXXC1,115,2000,0.0016939486376941204,0.026844073086977005,0.9947620194505958,0.9665304993015928,0.598457408953183,0.598457408953183,0.372666855810173,0.46,0.4449787083862146,0.910237079732608,0.6838399010525155,14.336983797637075,50
TxPert_official_cell_gat_k562_all_fixed2000,K562,CYCS,162,2000,0.001166145084425807,0.01942192204296589,0.9965879763977075,0.981474513299105,0.3960427666258654,0.3960427666258654,0.28624214372347956,0.44,0.36018330372495594,0.765613398775163,0.6184406455856855,13.55613439834703,50
TxPert_official_cell_gat_k562_all_fixed2000,K562,DAD1,71,2000,0.0018693554447963834,0.026623455807566643,0.994527901111264,0.9638093064955814,0.45060617944557096,0.45060617944557096,0.15194661244120913,0.37,0.3133886529474698,1.0305320367241244,0.7337579026778159,14.583250271307342,50
TxPert_official_cell_gat_k562_all_fixed2000,K562,DAP3,141,2000,0.0007514905300922692,0.018597954884171486,0.9978987242120384,0.9819703431989103,0.5222189433303863,0.5222189433303863,0.26231118331755626,0.47,0.40695079260348216,0.8017137458850039,0.6210839601809831,13.311607998944726,50
TxPert_official_cell_gat_k562_all_fixed2000,K562,DARS,60,2000,0.00453717028722167,0.042224470525979996,0.9867648426888749,0.9085576192765489,0.638847119868038,0.638847119868038,0.4359825200955597,0.4,0.4069613539916338,1.1556478112923534,0.757177941239835,13.962139657409313,50
TxPert_official_cell_gat_k562_all_fixed2000,K562,DBR1,96,2000,0.0017112516798079014,0.028032321482896805,0.9951113717153318,0.9546790080254575,0.6220543673612541,0.6220543673612541,0.5011712804215455,0.4,0.4148915366228946,0.9607872169683376,0.6978391766790482,14.032301676951986,50
TxPert_official_cell_gat_k562_all_fixed2000,K562,DCUN1D5,145,2000,0.0028091268613934517,0.03203987330198288,0.9917696726865881,0.9541589511848767,0.53275543918171,0.53275543918171,0.49841705895143695,0.32,0.26173022934798795,0.8531195663643376,0.6472950528553509,13.481267465136275,50
TxPert_official_cell_gat_k562_all_fixed2000,K562,DDB1,85,2000,0.0015107083600014448,0.025988025590777397,0.9956077059620989,0.9685317727454709,0.494696954944157,0.494696954944157,0.2927018173727227,0.44,0.38056385131563514,0.9920467552002417,0.6982685168324413,13.751699447162855,50
TxPert_official_cell_gat_k562_all_fixed2000,K562,DDOST,74,2000,0.001117904088459909,0.023038256913423538,0.9967129818214472,0.9696649558682418,0.6056660929739605,0.6056660929739605,0.2518083442976491,0.37,0.37505833465891414,1.039589672843507,0.7344595399439128,14.526363426992038,50
TxPert_official_cell_gat_k562_all_fixed2000,K562,DDX10,97,2000,0.003534995950758457,0.03547331318259239,0.9892023945795826,0.9509582444673509,0.5771826636224371,0.5771826636224371,0.3509139156945813,0.52,0.44311775713522794,0.9603110120876608,0.6843884780395548,13.840983674533252,50
TxPert_official_cell_gat_k562_all_fixed2000,K562,DDX18,112,2000,0.00444133672863245,0.042059868574142456,0.9853696173569462,0.9370683103319319,0.724010432857656,0.724010432857656,0.5379333331972891,0.54,0.5820153714286833,0.9820384435973089,0.6795645537093619,13.452471041727785,50
TxPert_official_cell_gat_k562_all_fixed2000,K562,DDX20,110,2000,0.0014806607505306602,0.023600226268172264,0.9957111729071166,0.9686231352025844,0.4564708622489662,0.4564708622489662,0.39704485751837465,0.25,0.18850100015644405,0.8936628995014108,0.6642571952307061,13.598295020361189,50
TxPert_official_cell_gat_k562_all_fixed2000,K562,DDX21,78,2000,0.0028732363134622574,0.03220972791314125,0.991252415045502,0.9582482652682702,0.5612556389526697,0.5612556389526697,0.3221106020329299,0.53,0.4476561281320752,1.0562724152097211,0.7414569650279631,14.370443718492881,50
TxPert_official_cell_gat_k562_all_fixed2000,K562,DDX23,126,2000,0.004232719074934721,0.03875117748975754,0.9882193128876273,0.9312912685230763,0.5673065917529893,0.5673065917529893,0.5499696059038267,0.32,0.2788396482238482,0.9215844166310078,0.6603704172464039,13.336306769809806,50
TxPert_official_cell_gat_k562_all_fixed2000,K562,DDX24,230,2000,0.0020689170341938734,0.02793964557349682,0.9938908782390732,0.9722808119123236,0.663841116187659,0.663841116187659,0.5367212899602852,0.42,0.44229890133355937,0.7181862114555172,0.5756671116685199,13.143920206532258,50
TxPert_official_cell_gat_k562_all_fixed2000,K562,DDX27,40,2000,0.0024436323437839746,0.03380280360579491,0.9930035875129016,0.9500229369635105,0.5182725049973973,0.5182725049973973,0.34921926694002364,0.39,0.3590001750116227,1.015783171296117,0.6531839001704423,12.784015717605563,50
TxPert_official_cell_gat_k562_all_fixed2000,K562,DDX41,259,2000,0.004004530142992735,0.0401676706969738,0.9888660455350844,0.9400248560563991,0.7305163352295312,0.7305163352295312,0.7439784155307834,0.33,0.2904054596275652,0.8073601660057134,0.61899135856853,13.09807088052468,50
TxPert_official_cell_gat_k562_all_fixed2000,K562,DDX46,132,2000,0.003027071012184024,0.03285215049982071,0.9911752109424066,0.952659670660321,0.5557948843803694,0.5557948843803694,0.5451198275711874,0.29,0.1987790243919329,0.8608998196012885,0.6519224143048962,13.612209875636887,50
TxPert_official_cell_gat_k562_all_fixed2000,K562,DDX47,313,2000,0.014963909052312374,0.07140234857797623,0.9518096086484755,0.8593541128671537,0.36587378142043386,0.36587378142043386,0.2352712640766933,0.23,0.20786418420366937,0.7814064434089761,0.595248428085867,12.762924354150796,50
TxPert_official_cell_gat_k562_all_fixed2000,K562,DDX49,41,2000,0.002475743880495429,0.0342559777200222,0.9930008196771589,0.9510916327343287,0.49697667051097333,0.49697667051097333,0.1857436847955971,0.51,0.48910212849844303,1.1361522863563527,0.7420731668298757,13.930055013435487,50
TxPert_official_cell_gat_k562_all_fixed2000,K562,DDX5,130,2000,0.0009643902885727584,0.020089738070964813,0.9973100782782892,0.9814166001572852,0.05145878729793482,0.05145878729793482,0.10162704971716002,0.21,0.15184468926957492,0.807339196110074,0.6334980642372806,13.696079450990533,50
TxPert_official_cell_gat_k562_all_fixed2000,K562,DDX51,120,2000,0.0013458037283271551,0.02399430423974991,0.9959935126672506,0.9780549401182572,0.40305858471107703,0.40305858471107703,0.23563556703246674,0.32,0.25741095995276525,0.8526055647716643,0.643690302187551,13.831971002523815,50
TxPert_official_cell_gat_k562_all_fixed2000,K562,DDX52,106,2000,0.0023285108618438244,0.030375109985470772,0.9927507511437783,0.9679598021723218,0.62357566663307,0.62357566663307,0.35350686615888605,0.61,0.5470995261709357,0.9402197084985048,0.6773169677371642,13.531459820620366,50
TxPert_official_cell_gat_k562_all_fixed2000,K562,DDX54,68,2000,0.0012810623738914728,0.024776531383395195,0.9962511702486325,0.9706409279887155,0.5665259992890255,0.5665259992890255,0.3961661326141032,0.43,0.42636361767152736,0.9652950158268593,0.6800342214955737,14.058778610591963,50
TxPert_official_cell_gat_k562_all_fixed2000,K562,DDX55,150,2000,0.000983307370916009,0.020169809460639954,0.9972123404310309,0.979537349865993,0.567865192966846,0.567865192966846,0.41058946612652597,0.46,0.4368669606856998,0.7583118394070653,0.6045461273713874,13.485590978336893,50
TxPert_official_cell_gat_k562_all_fixed2000,K562,DDX56,144,2000,0.0026194292586296797,0.031584665179252625,0.9922086716113234,0.9647372527267373,0.6362814191032448,0.6362814191032448,0.5010521441029732,0.4,0.4176596067898002,0.8316699996583828,0.6243884763769622,13.180092477125493,50
TxPert_official_cell_gat_k562_all_fixed2000,K562,DDX59,152,2000,0.0009738874505273998,0.019716085866093636,0.9971542695573221,0.9808954534886059,0.3557356048972815,0.3557356048972815,0.26371642299856046,0.23,0.1653714032747183,0.7961512324655756,0.6289903994485446,13.557745667810797,50
TxPert_official_cell_gat_k562_all_fixed2000,K562,DDX6,56,2000,0.0035357167944312096,0.03948009014129639,0.9890847149854891,0.9436829214791566,0.6078995245377491,0.6078995245377491,0.42976733285899205,0.41,0.3885546294326187,1.1577169705296395,0.7544431458898865,14.09440056194557,50
TxPert_official_cell_gat_k562_all_fixed2000,K562,DENR,228,2000,0.0007456768653355539,0.017398517578840256,0.9978148666226162,0.9854796031438041,0.33266452520173007,0.33266452520173007,0.19645381414871496,0.32,0.2601037480309978,0.6912486138524936,0.5832364914504875,13.689260243728542,50
TxPert_official_cell_gat_k562_all_fixed2000,K562,DERL2,122,2000,0.0036861910484731197,0.03533774986863136,0.9887673149051,0.94962603096227,0.6307166174887503,0.6307166174887503,0.3947393096426736,0.48,0.48709591164218113,0.9696952053442507,0.6801670727111323,13.355856120196506,50
TxPert_official_cell_gat_k562_all_fixed2000,K562,DHDDS,95,2000,0.003124547190964222,0.029452644288539886,0.990864226562865,0.9678469135395237,0.5096390858768411,0.5096390858768411,0.43855811628437685,0.36,0.35858495695733283,0.9933033041458172,0.6916722858780598,13.475420729139,50
TxPert_official_cell_gat_k562_all_fixed2000,K562,DHODH,207,2000,0.00195972784422338,0.025272449478507042,0.9941724645724026,0.9741183969473349,0.056376299759128896,0.056376299759128896,0.017292528359492187,0.28,0.21299457122253204,0.728845712626135,0.5956191328477035,13.214694133345072,50
TxPert_official_cell_gat_k562_all_fixed2000,K562,DHX15,313,2000,0.004964631516486406,0.04352657124400139,0.9855438830233978,0.9201434320035413,0.6898359790824204,0.6898359790824204,0.6210359241568113,0.37,0.35997464425084963,0.7993218865414,0.6189445883473023,13.088776461296748,50
TxPert_official_cell_gat_k562_all_fixed2000,K562,DHX16,305,2000,0.0023490488529205322,0.031600240617990494,0.993187170183893,0.9530870319481617,0.7599042398045578,0.7599042398045578,0.7445763099397056,0.44,0.37661641338356794,0.7772747775971643,0.5918573966152321,12.480296989704875,50
TxPert_official_cell_gat_k562_all_fixed2000,K562,DHX33,127,2000,0.0011507674353197217,0.02229352854192257,0.9964856955631669,0.975414058684026,0.5570413871689864,0.5570413871689864,0.2888869075446455,0.5,0.3837532400596397,0.8960526136663073,0.6531479788490766,13.545039450226204,50
TxPert_official_cell_gat_k562_all_fixed2000,K562,DHX36,248,2000,0.0012300657108426094,0.023048382252454758,0.9961882619802757,0.9713873540843895,0.6016286486645563,0.6016286486645563,0.46270974222932626,0.39,0.3124721192138158,0.7036700404636391,0.581739932960985,13.199090114312614,50
TxPert_official_cell_gat_k562_all_fixed2000,K562,DHX37,202,2000,0.0016080078203231096,0.02470342442393303,0.9949238865310096,0.9789894139419643,0.6500319315499918,0.6500319315499918,0.4090571085243523,0.62,0.5658420147045958,0.7660921387501719,0.6092784044118885,13.365369060805628,50
TxPert_official_cell_gat_k562_all_fixed2000,K562,DICER1,153,2000,0.000883605913259089,0.01992015354335308,0.9974360068829403,0.980058236143221,0.42688319592674673,0.42688319592674673,0.3260205412765851,0.17,0.1406962661490589,0.7983895698511574,0.6201037068412627,13.111522523984814,50
TxPert_official_cell_gat_k562_all_fixed2000,K562,DIMT1,83,2000,0.002394902054220438,0.03208564966917038,0.9921017726026036,0.9610487402416774,0.7007946269101671,0.7007946269101671,0.4425491479167657,0.62,0.6236117207694839,1.0354229339582526,0.7194164359554245,13.809954853627055,50
TxPert_official_cell_gat_k562_all_fixed2000,K562,DIS3,40,2000,0.0034553566947579384,0.0401877798140049,0.9884639585408592,0.9264350675426252,0.6826452135746707,0.6826452135746707,0.39503475221510004,0.66,0.672838193166046,1.0805304744691784,0.6701315614300087,12.944163688239751,50
TxPert_official_cell_gat_k562_all_fixed2000,K562,DKC1,51,2000,0.0027624291833490133,0.034484799951314926,0.9916968038641581,0.9520655114177845,0.46927856031928594,0.46927856031928594,0.19789430253429102,0.52,0.45835165725283644,1.1830945595541544,0.7664551605682388,14.235208451322551,50
TxPert_official_cell_gat_k562_all_fixed2000,K562,DLD,283,2000,0.003303630044683814,0.03535090759396553,0.9898842790382434,0.9470547213461896,0.59063253630906,0.59063253630906,0.4431181902851913,0.43,0.4073249948524062,0.7419090282507406,0.5989722056426594,13.01540167012978,50
TxPert_official_cell_gat_k562_all_fixed2000,K562,DMAP1,71,2000,0.0039034194778651,0.03840170428156853,0.9882445803030961,0.9340906078707248,0.5762028183797371,0.5762028183797371,0.46458706644261866,0.44,0.4255617326837135,1.0735320165817201,0.7314100159460792,14.061420095426229,50
TxPert_official_cell_gat_k562_all_fixed2000,K562,DNAJA3,122,2000,0.0025979396887123585,0.024770135059952736,0.9927852357121494,0.975579034301723,0.6013240183908526,0.6013240183908526,0.3567295042084752,0.68,0.6980058979115391,0.9105324339542057,0.6711390733304735,13.974826476025282,50
TxPert_official_cell_gat_k562_all_fixed2000,K562,DNAJC17,30,2000,0.0038831899873912334,0.043300218880176544,0.9886589425997937,0.9184022493490116,0.6726844174064647,0.6726844174064647,0.6131667719376925,0.38,0.3390137174628472,1.0432423924188983,0.6316279595314139,12.752506344266198,50
TxPert_official_cell_gat_k562_all_fixed2000,K562,DNAJC19,328,2000,0.003674041712656617,0.035232383757829666,0.9891463857725571,0.961215939092682,0.7251322610430093,0.7251322610430093,0.5910100865093965,0.44,0.4948285337926385,0.7477922419923949,0.5918718616624483,12.768565368555668,50
TxPert_official_cell_gat_k562_all_fixed2000,K562,DNAJC8,260,2000,0.00034426062484271824,0.01275565754622221,0.9990011627415502,0.9906430856637357,0.274526819663192,0.274526819663192,0.2482668285179524,0.15,0.11511595679952788,0.663160433722055,0.5644780216349844,13.12773605563554,50
TxPert_official_cell_gat_k562_all_fixed2000,K562,DNM1L,144,2000,0.0006758465897291899,0.017400266602635384,0.9980732660705434,0.984377894627559,0.527117436709829,0.527117436709829,0.2842531720134682,0.44,0.38653716836649177,0.7727901084015006,0.5990465402537775,13.358887795727403,50
TxPert_official_cell_gat_k562_all_fixed2000,K562,DNMT1,146,2000,0.003250505542382598,0.03446056321263313,0.9910230083427307,0.9567187563288333,0.008359972942628328,0.008359972942628328,-0.015792027446150648,0.19,0.1265437049510946,0.811774807039083,0.6333799661675881,13.674821016267565,50
TxPert_official_cell_gat_k562_all_fixed2000,K562,DNTTIP2,235,2000,0.004307370632886887,0.039372168481349945,0.9859670470158767,0.9403616054721678,0.7218255120661429,0.7218255120661429,0.5359332036288904,0.61,0.611457833783356,0.7854944041913988,0.6101742617772373,12.81628168937488,50
TxPert_official_cell_gat_k562_all_fixed2000,K562,DOHH,152,2000,0.0010350430384278297,0.02094440348446369,0.9970118708875442,0.9815014466506176,0.08086323313753507,0.08086323313753507,0.06481502011272806,0.16,0.10581532096878513,0.8145553562912958,0.6264021503895525,13.292766054896196,50
TxPert_official_cell_gat_k562_all_fixed2000,K562,DONSON,688,2000,0.0027014988008886576,0.029965193942189217,0.9919098759103434,0.9546037969117536,0.4288929197082246,0.4288929197082246,0.31709542446845485,0.37,0.32688976122059976,0.5932504204323122,0.5108758401513326,11.655279037143682,50
TxPert_official_cell_gat_k562_all_fixed2000,K562,DPH2,161,2000,0.0009259143262170255,0.019364958629012108,0.9972935591643074,0.9824354137915297,0.10914972370223873,0.10914972370223873,0.007781089763415828,0.26,0.21063378215454903,0.7790052179343957,0.6265730118891761,13.84478359388798,50
TxPert_official_cell_gat_k562_all_fixed2000,K562,DR1,103,2000,0.001561038545332849,0.02484307438135147,0.9958581848902133,0.9699381131859791,0.21321073906870783,0.21321073906870783,0.1885645042757763,0.22,0.16071688166188383,0.8631017070932799,0.668916614851017,14.167038641558513,50
TxPert_official_cell_gat_k562_all_fixed2000,K562,DRAP1,184,2000,0.0006689977017231286,0.017283013090491295,0.9981532691821149,0.9818330777992366,0.427777592306651,0.427777592306651,0.21475974202226095,0.28,0.22050995331631798,0.7261062013249899,0.5976919657544123,13.599349626228435,50
TxPert_official_cell_gat_k562_all_fixed2000,K562,DSN1,234,2000,0.00241491268388927,0.02860623225569725,0.9923625946889673,0.9554812189771844,0.6161946711695436,0.6161946711695436,0.49354213801853913,0.4,0.3830945417195145,0.9289273692570886,0.6683120206111558,13.338754986568137,50
TxPert_official_cell_gat_k562_all_fixed2000,K562,DTL,87,2000,0.0018089081859216094,0.02702392265200615,0.994449751722762,0.9642085873273837,0.5944153587124121,0.5944153587124121,0.4262341074573004,0.44,0.43909635253092444,0.9550945160631776,0.6823154134617367,13.63613271771302,50
TxPert_official_cell_gat_k562_all_fixed2000,K562,DTYMK,73,2000,0.001607901300303638,0.025980805978178978,0.9951638303999071,0.9696001382910923,0.38685065672723085,0.38685065672723085,0.20415706491114646,0.39,0.32569958051887904,0.9381324808971618,0.6791173020391816,14.08407377804783,50
TxPert_official_cell_gat_k562_all_fixed2000,K562,DUT,46,2000,0.0025604090187698603,0.03260369971394539,0.9923613551523184,0.9492174308126623,0.3739652947591398,0.3739652947591398,0.23181367834831726,0.33,0.31966206760536914,1.1021903553326016,0.7396638481805592,14.154579164329943,50
TxPert_official_cell_gat_k562_all_fixed2000,K562,DYNC1H1,217,2000,0.0011515498626977205,0.02082754671573639,0.9965989883158988,0.977941709768473,0.5094602941510445,0.5094602941510445,0.39113933384423777,0.37,0.3299977088037336,0.8242539197013456,0.6105129115123558,12.711498294973655,50
TxPert_official_cell_gat_k562_all_fixed2000,K562,DYNC1I2,239,2000,0.0015660831704735756,0.02331763319671154,0.995322526677888,0.97439916117413,0.5543163682075658,0.5543163682075658,0.3995843225651503,0.43,0.41151257256402546,0.814376048313111,0.6150457909949624,12.824281760246741,50
TxPert_official_cell_gat_k562_all_fixed2000,K562,DYNLL1,62,2000,0.0015699273208156228,0.02533472515642643,0.9953787868719948,0.9658391002409046,0.27941331623026,0.27941331623026,0.19359716316500117,0.37,0.2805219530190813,0.972705864181078,0.6723501848589238,13.511464701237434,50
TxPert_official_cell_gat_k562_all_fixed2000,K562,DYNLRB1,192,2000,0.0007143324473872781,0.01754646562039852,0.9978737473431892,0.983428132434523,0.4898776165136369,0.4898776165136369,0.3580878703792293,0.38,0.3050679643412165,0.7951167929169612,0.6018955269499267,12.598457267373973,50
TxPert_official_cell_gat_k562_all_fixed2000,K562,E4F1,130,2000,0.0012176044983789325,0.022372061386704445,0.9967160529095368,0.9776984164393203,0.35649150233529203,0.35649150233529203,0.28237384090727513,0.26,0.17445984513881505,0.8668907493163844,0.6563080591423072,13.915056087251282,50
TxPert_official_cell_gat_k562_all_fixed2000,K562,EBNA1BP2,68,2000,0.003929888363927603,0.03871677815914154,0.9886241550461903,0.9402606360661454,0.5427107550102883,0.5427107550102883,0.38460542199386516,0.38,0.3416292308797618,0.981510370056899,0.6825958207488628,13.564702123947296,50
TxPert_official_cell_gat_k562_all_fixed2000,K562,ECD,69,2000,0.002577710896730423,0.03246704488992691,0.9927038789131002,0.9524583408946247,0.4587735620830438,0.4587735620830438,0.4283470460868671,0.3,0.27377382922945487,1.1082224382255161,0.7406552228342936,14.293894740147776,50
TxPert_official_cell_gat_k562_all_fixed2000,K562,EEF1G,170,2000,0.003296706359833479,0.028994426131248474,0.9901282200630548,0.9654167667329208,0.14895214252045236,0.14895214252045236,0.1499331883170916,0.18,0.13168813162176046,0.8173781324924316,0.6344869843456854,13.441860147823347,50
TxPert_official_cell_gat_k562_all_fixed2000,K562,EEF2,196,2000,0.0031017842702567577,0.033625759184360504,0.990470598106627,0.9577174518340712,0.6353283882632559,0.6353283882632559,0.5052858753047679,0.37,0.3464028980259335,0.825222891368175,0.6326600288214149,13.030252713709109,50
TxPert_official_cell_gat_k562_all_fixed2000,K562,EFTUD2,73,2000,0.0032868273556232452,0.037691280245780945,0.9902606025555581,0.9424411849025822,0.6552956132796391,0.6552956132796391,0.5883605826394958,0.38,0.3474991756064332,1.0974988761853408,0.7251071795504421,13.670224889172477,50
TxPert_official_cell_gat_k562_all_fixed2000,K562,EIF1AX,95,2000,0.002581731416285038,0.03179672732949257,0.9927679315481212,0.9513539438811787,0.6773588030051476,0.6773588030051476,0.44810835196188953,0.58,0.5889026384027383,0.967226971299363,0.7001244010828022,14.318478514294165,50
TxPert_official_cell_gat_k562_all_fixed2000,K562,EIF2B1,162,2000,0.0023283357731997967,0.02847946062684059,0.993422066894969,0.9646752141290498,0.6234156586481305,0.6234156586481305,0.44008710242757393,0.47,0.4373453942707477,0.8323609562770287,0.6474110061835298,14.035595701119359,50
TxPert_official_cell_gat_k562_all_fixed2000,K562,EIF2B2,307,2000,0.002823745831847191,0.03092200495302677,0.9915116595263208,0.9698572435956262,0.693443322024298,0.693443322024298,0.5731432268138077,0.37,0.3910761003457604,0.7314290539016695,0.5802583541652214,12.461319769584762,50
TxPert_official_cell_gat_k562_all_fixed2000,K562,EIF2B3,96,2000,0.007144595496356487,0.04889833554625511,0.9797402612685302,0.8868319032518736,0.6499259040949148,0.6499259040949148,0.4964387617155801,0.4,0.38643655966777274,1.070741796298843,0.7363802704940687,13.931242915012898,50
TxPert_official_cell_gat_k562_all_fixed2000,K562,EIF2B4,301,2000,0.003161586355417967,0.03319427743554115,0.990464113227344,0.9629399906136257,0.6359897377749243,0.6359897377749243,0.48903884907515394,0.38,0.39103687554233046,0.7563231516144755,0.6074832816028506,13.29053567391848,50
TxPert_official_cell_gat_k562_all_fixed2000,K562,EIF2B5,412,2000,0.004975913558155298,0.04019295051693916,0.9861215706517535,0.9242420802999541,0.7066648573773885,0.7066648573773885,0.5893864693514781,0.39,0.40112908583793755,0.7108023426022241,0.5761194103907203,12.830936231618388,50
TxPert_official_cell_gat_k562_all_fixed2000,K562,EIF2S1,208,2000,0.01043266523629427,0.06071192026138306,0.969197588266372,0.870599305286104,0.6673809767047689,0.6673809767047689,0.553938396361984,0.4,0.377749231872844,0.9432531794845356,0.6677292472295661,13.095394637294506,50
TxPert_official_cell_gat_k562_all_fixed2000,K562,EIF2S2,76,2000,0.005763691384345293,0.04523829370737076,0.9833423599792043,0.915337790092917,0.4541799043068669,0.4541799043068669,0.3207072409822322,0.27,0.23243314177227173,1.1303025211896953,0.7547794904666154,14.063445426963348,50
TxPert_official_cell_gat_k562_all_fixed2000,K562,EIF2S3,46,2000,0.010074806399643421,0.06381604820489883,0.969843420650979,0.8597465550289026,0.6390245155986036,0.6390245155986036,0.4975219582133965,0.43,0.412861764487821,1.3399659822998635,0.7778692854189643,13.864497122936406,50
TxPert_official_cell_gat_k562_all_fixed2000,K562,EIF3A,271,2000,0.008350844494998455,0.053563192486763,0.9786154726474526,0.9102143475567915,0.5910277822273389,0.5910277822273389,0.47951367317755794,0.43,0.4416994781353675,0.7474219473948736,0.595496985557672,13.130100290534482,50
TxPert_official_cell_gat_k562_all_fixed2000,K562,EIF3B,23,2000,0.009089237079024315,0.0623171404004097,0.9758641299817964,0.8743773844822015,0.5901794688656753,0.5901794688656753,0.4507621253678003,0.45,0.48448972044249616,0.9687489006197054,0.5630944575073861,11.868859694254178,50
TxPert_official_cell_gat_k562_all_fixed2000,K562,EIF3CL,44,2000,0.012155654840171337,0.06250220537185669,0.9674658513284425,0.8585595657297904,0.39803360744733024,0.39803360744733024,0.20324511436373177,0.29,0.2522341907347344,1.1752235838189202,0.7481294726249336,13.530601146379125,50
TxPert_official_cell_gat_k562_all_fixed2000,K562,EIF3D,144,2000,0.006595499813556671,0.04640529304742813,0.9828505315360695,0.9117673185998487,0.7113426559653946,0.7113426559653946,0.6306774846431034,0.46,0.4980692188169982,0.9387631280746143,0.680425397144673,13.61472570499163,50
TxPert_official_cell_gat_k562_all_fixed2000,K562,EIF3E,171,2000,0.008037989027798176,0.04842952638864517,0.9781921272113185,0.9199294224733484,0.5245648799104202,0.5245648799104202,0.47236457638155016,0.34,0.34249805799435495,0.8263804069721801,0.6204995870283094,13.348653179934999,50
TxPert_official_cell_gat_k562_all_fixed2000,K562,EIF3F,36,2000,0.0044851782731711864,0.0421878919005394,0.9872158951936904,0.9288337015973919,0.4230493931750398,0.4230493931750398,0.31342675116272667,0.33,0.33674884190423554,1.039804047773985,0.6748540708096155,13.09524873293893,50
TxPert_official_cell_gat_k562_all_fixed2000,K562,EIF3G,52,2000,0.004267976153641939,0.042775556445121765,0.9884966985008129,0.9405807367010065,0.5109729061507314,0.5109729061507314,0.3447804231773832,0.4,0.4078055375192163,1.06803436347864,0.696668231087671,13.693007274298363,50
TxPert_official_cell_gat_k562_all_fixed2000,K562,EIF3H,335,2000,0.0014866550918668509,0.022605249658226967,0.9959477713034468,0.9712902863900448,0.7448116845337066,0.7448116845337066,0.5733521186408087,0.63,0.6441493370891352,0.6188329781778027,0.5446561055483436,13.073695338714277,50
TxPert_official_cell_gat_k562_all_fixed2000,K562,EIF3I,44,2000,0.007477369625121355,0.05239922180771828,0.9805432435601646,0.8986944766777635,0.5959231211002575,0.5959231211002575,0.46516629535768983,0.4,0.4294050438586034,1.142395936628138,0.7357164414968287,14.053121579059923,50
TxPert_official_cell_gat_k562_all_fixed2000,K562,EIF3J,72,2000,0.0010430488036945462,0.022048305720090866,0.9970091591482324,0.9733734309928591,0.4572945917956765,0.4572945917956765,0.2974546320668155,0.37,0.32268917532833613,0.9676970529818452,0.6918113895931406,13.965739846393346,50
TxPert_official_cell_gat_k562_all_fixed2000,K562,EIF3M,209,2000,0.004413182847201824,0.03868424519896507,0.9892732375751275,0.9448932173764336,0.7087534783510414,0.7087534783510414,0.5529016700671844,0.51,0.5196162524607689,0.7747438626737889,0.6104273568934918,13.241872828712175,50
TxPert_official_cell_gat_k562_all_fixed2000,K562,EIF4E,324,2000,0.0036865987349301577,0.03479236364364624,0.9898602957011412,0.9398603546188464,0.720590192609294,0.720590192609294,0.5402394378135635,0.58,0.5463954571281148,0.683263002040563,0.5729888048314605,13.14344825503916,50
TxPert_official_cell_gat_k562_all_fixed2000,K562,EIF4G1,271,2000,0.003608079394325614,0.03511007875204086,0.9895245601437979,0.9443074705087303,0.5469386446939505,0.5469386446939505,0.29830124241748424,0.48,0.42939442290270785,0.7141478095357303,0.5889617407401793,13.171694261425728,50
TxPert_official_cell_gat_k562_all_fixed2000,K562,EIF4G2,205,2000,0.0009759768145158887,0.020361121743917465,0.9972746657269075,0.9784580429276164,0.6554013399508994,0.6554013399508994,0.4580880024686781,0.44,0.3989863027789777,0.7205999379972745,0.5856260757043152,13.225647684954616,50
TxPert_official_cell_gat_k562_all_fixed2000,K562,EIF5,94,2000,0.0024318916257470846,0.029420388862490654,0.9932595023663793,0.9681456809141663,0.2553122773042159,0.2553122773042159,0.24974694979660625,0.12,0.11069783888067487,0.9431618117717853,0.6860203217679036,13.754049025092,50
TxPert_official_cell_gat_k562_all_fixed2000,K562,EIF5A,100,2000,0.0029718629084527493,0.03424309566617012,0.9912240279985672,0.9474734861064749,0.5443589088282604,0.5443589088282604,0.4539994882841638,0.34,0.29867665247427677,0.960816323100463,0.6835155768062726,13.777588762926648,50
TxPert_official_cell_gat_k562_all_fixed2000,K562,EIF6,107,2000,0.002657845616340637,0.03171613812446594,0.9923560137490994,0.9609369650933249,0.5128638037106501,0.5128638037106501,0.3691085280941304,0.34,0.3242363055845206,0.8879993010149151,0.6539171385121727,13.591543969223673,50
TxPert_official_cell_gat_k562_all_fixed2000,K562,ELP3,117,2000,0.0017577799735590816,0.025379598140716553,0.9950793657481849,0.9727585841807352,0.47548816174132785,0.47548816174132785,0.30623520201800114,0.38,0.31539640000948005,0.8426122457722398,0.6426271899606556,13.673163956867183,50
TxPert_official_cell_gat_k562_all_fixed2000,K562,ELP5,167,2000,0.000995709910057485,0.01966770365834236,0.9971745457515596,0.9812871931329215,0.4011323321390988,0.4011323321390988,0.2608557052502248,0.31,0.22347816556058342,0.7567330097658203,0.6054338266841083,13.43073379002359,50
TxPert_official_cell_gat_k562_all_fixed2000,K562,EP400,78,2000,0.006952244788408279,0.04716434329748154,0.9781322433608762,0.9328290691681991,0.43929391629619846,0.43929391629619846,0.32438401356344104,0.27,0.22646240086815614,1.1231575510193927,0.7430620721231166,13.780559830381737,50
TxPert_official_cell_gat_k562_all_fixed2000,K562,EPRS,71,2000,0.007015705108642578,0.048036426305770874,0.9796782155463306,0.8980406212355633,0.45389156875010866,0.45389156875010866,0.34170933448458424,0.32,0.2772288345777154,1.1352431448801166,0.7571691139676267,14.337634088219682,50
TxPert_official_cell_gat_k562_all_fixed2000,K562,ERCC2,116,2000,0.002045504981651902,0.029428614303469658,0.9938177819465229,0.9577831497506215,0.43917779192417306,0.43917779192417306,0.30802131223405266,0.29,0.26312295823437937,0.9427034573218169,0.6955403271628917,14.085720228828109,50
TxPert_official_cell_gat_k562_all_fixed2000,K562,ERCC3,160,2000,0.003286994993686676,0.03480864688754082,0.9901535961644173,0.9477960494087866,0.3046740457802463,0.3046740457802463,0.2239557425695306,0.32,0.24738769986636702,0.8332585461691409,0.6465632419447327,13.937590044614517,50
TxPert_official_cell_gat_k562_all_fixed2000,K562,ERH,42,2000,0.0060087814927101135,0.0511525496840477,0.9817543718572765,0.8988813908378898,0.5988723915795259,0.5988723915795259,0.4550150357732049,0.38,0.3847851735403898,1.2578816537889776,0.7491056471589921,12.949406705695125,50
TxPert_official_cell_gat_k562_all_fixed2000,K562,ESF1,121,2000,0.001079036039300263,0.022167658433318138,0.996672984677591,0.9792997044272728,0.6948526565607616,0.6948526565607616,0.41703477259784627,0.61,0.6277988545327351,0.9040830417946334,0.6766673039207179,13.889128529364738,50
TxPert_official_cell_gat_k562_all_fixed2000,K562,ETF1,40,2000,0.007491299416869879,0.05369401350617409,0.9786280653675377,0.86991330803648,0.6148996044105605,0.6148996044105605,0.4424022516388919,0.42,0.4052373573750489,1.1614464007276892,0.7079186353154162,12.81815716558587,50
TxPert_official_cell_gat_k562_all_fixed2000,K562,EXOC7,32,2000,0.003168756840750575,0.039046093821525574,0.9902409397286009,0.9257580407205402,0.5435061013786199,0.5435061013786199,0.3589835834537131,0.47,0.43404610892063267,1.0209794935569263,0.602195268618201,12.181037699771712,50
TxPert_official_cell_gat_k562_all_fixed2000,K562,EXOSC10,77,2000,0.0009548733942210674,0.02170622907578945,0.9970138004461097,0.9767128893876661,0.5928282624288955,0.5928282624288955,0.17138947095904214,0.64,0.6660512376325416,1.041902630959836,0.7341118306554142,14.664376567092171,50
TxPert_official_cell_gat_k562_all_fixed2000,K562,EXOSC2,209,2000,0.0027596645522862673,0.03299856558442116,0.9909013944582408,0.9538218927103701,0.7769578352271537,0.7769578352271537,0.6070668941757655,0.64,0.5975677934617585,0.8404391538962122,0.6361498942852694,13.378213220715688,50
TxPert_official_cell_gat_k562_all_fixed2000,K562,EXOSC3,44,2000,0.004945381544530392,0.04598196968436241,0.9837062500913043,0.9151165701147498,0.6448271894756439,0.6448271894756439,0.4375077006896537,0.5,0.4395498317054446,1.2639556892615729,0.7653434749611563,13.443857947426466,50
TxPert_official_cell_gat_k562_all_fixed2000,K562,EXOSC4,89,2000,0.0030152194667607546,0.036421529948711395,0.9899944644337886,0.9409134501923487,0.7481911175723664,0.7481911175723664,0.545209131838156,0.63,0.6417741321506337,1.0949938582666097,0.7376038991834813,13.834466238824566,50
TxPert_official_cell_gat_k562_all_fixed2000,K562,EXOSC5,38,2000,0.0031762721482664347,0.03834804892539978,0.9895821104086415,0.9353307010026506,0.6271901924851432,0.6271901924851432,0.4327983302525161,0.45,0.4218271799079548,1.172543849123128,0.7198822842858648,13.71765320993548,50
TxPert_official_cell_gat_k562_all_fixed2000,K562,EXOSC6,63,2000,0.002764115110039711,0.034926705062389374,0.9910257362810012,0.944030003014393,0.6977399480596506,0.6977399480596506,0.5089305825412255,0.56,0.529364809376521,1.1828516821535728,0.7617178685717779,13.789547245489054,50
TxPert_official_cell_gat_k562_all_fixed2000,K562,EXOSC7,84,2000,0.003741043619811535,0.0372491292655468,0.9897682113044864,0.9386280438642045,0.5395861127411605,0.5395861127411605,0.34443987087822725,0.46,0.4072917677714298,0.9916001605780241,0.69616816881235,13.725122371777477,50
TxPert_official_cell_gat_k562_all_fixed2000,K562,EXOSC8,101,2000,0.0030284507665783167,0.035460103303194046,0.990279095480067,0.9384986228206827,0.7475786344627057,0.7475786344627057,0.5476511133630736,0.61,0.6202727078238428,1.0328945673205323,0.7172161073541753,14.277387564826356,50
TxPert_official_cell_gat_k562_all_fixed2000,K562,EXOSC9,30,2000,0.0035082250833511353,0.042566653341054916,0.9882996213236248,0.9177402587974552,0.6870568936871154,0.6870568936871154,0.4864916274443495,0.56,0.5911388272140166,1.1057105374637854,0.6374498150196508,12.93745848509204,50
TxPert_official_cell_gat_k562_all_fixed2000,K562,FAM136A,40,2000,0.007550488226115704,0.05588145554065704,0.9772916915565079,0.9051269925782494,0.5938782008044283,0.5938782008044283,0.43208082060791697,0.41,0.36590292978003774,1.2712016722822,0.6974107718927632,12.580266793850615,50
TxPert_official_cell_gat_k562_all_fixed2000,K562,FAM32A,332,2000,0.0022548893466591835,0.028276953846216202,0.9932819754961874,0.958970394010074,0.6449987967152032,0.6449987967152032,0.6522779484948799,0.34,0.29177232289440547,0.724714926177436,0.5760509125663574,12.687464324853336,50
TxPert_official_cell_gat_k562_all_fixed2000,K562,FAM50A,38,2000,0.0037449465598911047,0.04172254726290703,0.9884725281875552,0.9342820744157003,0.5668795791187514,0.5668795791187514,0.5104062632897834,0.35,0.33403335171064164,1.1606533073288725,0.7100452838799814,13.5913583405347,50
TxPert_official_cell_gat_k562_all_fixed2000,K562,FARSA,128,2000,0.003356114262714982,0.03447708860039711,0.9904717922985861,0.9382918533030536,0.7113261440800527,0.7113261440800527,0.5193409534037731,0.43,0.4254996548184311,0.9387514024218607,0.6843242472997226,13.755139222991422,50
TxPert_official_cell_gat_k562_all_fixed2000,K562,FARSB,91,2000,0.0024489169009029865,0.030737455934286118,0.9927681112018586,0.9603173416502438,0.5947710692236267,0.5947710692236267,0.451408590164781,0.33,0.3056935156252133,1.0113193761178645,0.7115218379580637,13.856863953452056,50
TxPert_official_cell_gat_k562_all_fixed2000,K562,FASTKD5,182,2000,0.0009907936910167336,0.020871642976999283,0.9972308968453549,0.9775772271940525,0.7420730058157097,0.7420730058157097,0.12103497691743359,0.48,0.44014288773482746,0.7482916034747062,0.6119140162020045,13.747388531557979,50
TxPert_official_cell_gat_k562_all_fixed2000,K562,FBL,124,2000,0.004648348316550255,0.04184427112340927,0.9853200985332491,0.9378771570500236,0.709542796824504,0.709542796824504,0.5614156755173448,0.57,0.6135671143850567,0.9383646635381028,0.679978765215122,14.195487546484387,50
TxPert_official_cell_gat_k562_all_fixed2000,K562,FBXO5,233,2000,0.00035249197389930487,0.012722345069050789,0.9989633448519822,0.9901016014183788,0.22919883384119696,0.22919883384119696,0.1504844602355051,0.21,0.1674603663597819,0.654045646382135,0.5510409114244292,13.164525524944532,50
TxPert_official_cell_gat_k562_all_fixed2000,K562,FCF1,225,2000,0.0025513593573123217,0.03141976520419121,0.9921028509049186,0.9720536582203025,0.6665020435830563,0.6665020435830563,0.4609576710312919,0.56,0.5227772895398338,0.7434992455779509,0.5881569080961268,13.124077670246695,50
TxPert_official_cell_gat_k562_all_fixed2000,K562,FNTA,69,2000,0.0016998377395793796,0.027519043534994125,0.9949875429561751,0.9679095320205657,0.06062278571842205,0.06062278571842205,0.01095213585126111,0.14,0.10130909000022414,1.0498571100014704,0.7222503369602833,14.090738531861623,50
TxPert_official_cell_gat_k562_all_fixed2000,K562,FTSJ3,153,2000,0.005022979341447353,0.0404900424182415,0.9846109506630157,0.9288880483879701,0.5857540821856853,0.5857540821856853,0.4767689705184021,0.4,0.35386463959842235,0.9345885750598865,0.6609727420493329,13.015368423381418,50
TxPert_official_cell_gat_k562_all_fixed2000,K562,GAB2,637,2000,0.0021777090150862932,0.026015782728791237,0.9934275957130477,0.973531036838844,0.30760858435801186,0.30760858435801186,0.2514096580422822,0.24,0.16924394764766998,0.6157751079297964,0.5393170574830503,12.722407633245156,50
TxPert_official_cell_gat_k562_all_fixed2000,K562,GAR1,121,2000,0.0037716971710324287,0.0341448076069355,0.9896011701694829,0.9534690144959298,0.3547263962591588,0.3547263962591588,0.20612132834915622,0.34,0.2652287883086789,0.9181186320104523,0.6800118092822707,13.948295447861595,50
TxPert_official_cell_gat_k562_all_fixed2000,K562,GARS,148,2000,0.0024155962746590376,0.028715461492538452,0.9931125545457778,0.9695374688312934,0.11140601218580931,0.11140601218580931,0.03795810851146804,0.25,0.24322375558221956,0.8693603272508387,0.6625734981861803,13.768287134451441,50
TxPert_official_cell_gat_k562_all_fixed2000,K562,GATA1,95,2000,0.021042784675955772,0.0851961001753807,0.9358728305915106,0.8375119152916342,0.2861168298396245,0.2861168298396245,0.29833072764566543,0.28,0.23606975159148816,1.6888378248034308,0.9339148589054395,14.397878211513238,50
TxPert_official_cell_gat_k562_all_fixed2000,K562,GBF1,155,2000,0.010652347467839718,0.06028132885694504,0.970731626954721,0.8625099165549828,0.6506090159284758,0.6506090159284758,0.5533002685033896,0.39,0.375285297336277,0.9245648290095364,0.6520372969553105,13.20193296811002,50
TxPert_official_cell_gat_k562_all_fixed2000,K562,GEMIN5,128,2000,0.0019043651409447193,0.026210449635982513,0.9945866066661294,0.9647246622483577,0.5041345094946762,0.5041345094946762,0.49494605569375766,0.25,0.233679832887676,0.8422948007745861,0.6341910492155438,13.258140079214414,50
TxPert_official_cell_gat_k562_all_fixed2000,K562,GFER,198,2000,0.0013469464611262083,0.020794816315174103,0.9961560099958909,0.979638774969547,0.32199432478251905,0.32199432478251905,0.3019654784129452,0.2,0.17017876595596768,0.7195100370493581,0.5856269525029176,13.272840122172424,50
TxPert_official_cell_gat_k562_all_fixed2000,K562,GFM1,230,2000,0.000652618648018688,0.015167943201959133,0.9981259128714867,0.9875116559660844,0.580791930205414,0.580791930205414,0.3706217719605191,0.46,0.43908303403325794,0.6677428217162965,0.5689535938970494,13.514659197137284,50
TxPert_official_cell_gat_k562_all_fixed2000,K562,GINS1,181,2000,0.0023276342544704676,0.029366472736001015,0.9929056627989518,0.9708111736989553,0.7113540044982386,0.7113540044982386,0.5342753178822597,0.56,0.6257107338579343,0.7543551790925643,0.5845972499700557,12.644853684605268,50
TxPert_official_cell_gat_k562_all_fixed2000,K562,GINS2,130,2000,0.0012747652363032103,0.023178869858384132,0.996148970105334,0.976979527401043,0.7109585490784643,0.7109585490784643,0.548576543242756,0.56,0.5913887444691708,0.7934984668115228,0.6249870255305467,13.845137060293073,50
TxPert_official_cell_gat_k562_all_fixed2000,K562,GINS3,98,2000,0.0010614783968776464,0.022016659379005432,0.9968594376065347,0.9763210233334871,0.5332985489685773,0.5332985489685773,0.3681255809705865,0.41,0.3544539653002394,0.8582447820980375,0.646268613430712,13.670959401904877,50
TxPert_official_cell_gat_k562_all_fixed2000,K562,GINS4,58,2000,0.0015034462558105588,0.026434684172272682,0.9954602731657622,0.9667211477486717,0.6813108808942762,0.6813108808942762,0.495151197356561,0.52,0.5629793253333913,1.000615146017661,0.6969476480168089,14.096314358349828,50
TxPert_official_cell_gat_k562_all_fixed2000,K562,GLE1,54,2000,0.002641395665705204,0.033105455338954926,0.9922101824913079,0.9506785632205136,0.45854029182604433,0.45854029182604433,0.38192237626737163,0.33,0.27251639212039835,1.1201509032747352,0.740405142201378,13.827327171208083,50
TxPert_official_cell_gat_k562_all_fixed2000,K562,GMPS,94,2000,0.0017360687488690019,0.027362855151295662,0.9954500401891281,0.9687693967596891,0.2526146131490461,0.2526146131490461,0.1384617138615479,0.28,0.2236094962440434,0.9142021925952118,0.6743353297951952,13.817778358791792,50
TxPert_official_cell_gat_k562_all_fixed2000,K562,GNL2,295,2000,0.0018069340148940682,0.02612934447824955,0.9946348839218784,0.9740309963365804,0.6905531705276131,0.6905531705276131,0.5575160313261883,0.45,0.44649710935571724,0.6607976461298626,0.5547839620767007,12.645914668879657,50
TxPert_official_cell_gat_k562_all_fixed2000,K562,GNL3,29,2000,0.00341360317543149,0.03997689485549927,0.9899708311237142,0.9293151716929219,0.521149519463218,0.521149519463218,0.3578751488183807,0.41,0.3664042495535618,0.9321487524659754,0.6036283515426661,13.162692673474215,50
TxPert_official_cell_gat_k562_all_fixed2000,K562,GNL3L,66,2000,0.0016402193577960134,0.026777654886245728,0.9955083464985297,0.9636249029515024,0.5225461319257513,0.5225461319257513,0.3714575503937254,0.43,0.38012786247743374,0.9755225391179586,0.6866914198648,14.002117318265903,50
TxPert_official_cell_gat_k562_all_fixed2000,K562,GOLT1B,269,2000,0.0007002844358794391,0.01673162169754505,0.9979883726494891,0.9869202918766524,0.3472500722571241,0.3472500722571241,0.2685193595750704,0.27,0.19236083248985034,0.6626448601903667,0.5581215145094742,12.826241858677445,50
TxPert_official_cell_gat_k562_all_fixed2000,K562,GPKOW,105,2000,0.0014450991293415427,0.02563120611011982,0.9958729387846038,0.9726203769485356,0.4054926360537425,0.4054926360537425,0.3806381836660457,0.25,0.17642847103955056,0.940166962614637,0.6798780196951911,13.817396995643142,50
TxPert_official_cell_gat_k562_all_fixed2000,K562,GPN1,76,2000,0.002688216045498848,0.03487569838762283,0.9912584095134125,0.9456734382389578,0.7214882730281628,0.7214882730281628,0.5592989371842433,0.55,0.5260492690331722,1.1432994553978668,0.7436815408242026,13.684732078734351,50
TxPert_official_cell_gat_k562_all_fixed2000,K562,GPN2,42,2000,0.0029216245748102665,0.036733172833919525,0.9909414380359166,0.9377859528685248,0.6140806600365224,0.6140806600365224,0.44156377153225657,0.51,0.48221880640592524,1.206325707217468,0.7413853166337694,13.695161698747473,50
TxPert_official_cell_gat_k562_all_fixed2000,K562,GPN3,250,2000,0.0021313554607331753,0.029840756207704544,0.9929837021871797,0.9605358566733637,0.8072655980455743,0.8072655980455743,0.6854978588447541,0.6,0.6360204210409516,0.843084252840707,0.6324122163437412,13.164958227737609,50
TxPert_official_cell_gat_k562_all_fixed2000,K562,GPS1,372,2000,0.002010549418628216,0.02492074854671955,0.9942587389243008,0.9734921829016707,0.32214821838350827,0.32214821838350827,0.29164308248005544,0.3,0.22341597139954036,0.6733639434086384,0.5712439943359624,13.253284736946716,50
TxPert_official_cell_gat_k562_all_fixed2000,K562,GRB2,53,2000,0.0017041360260918736,0.028690464794635773,0.9949033104581766,0.9589988105247826,0.09244265428019749,0.09244265428019749,0.09170402709819578,0.15,0.09245055862518094,1.1171254026643533,0.7307878351142552,13.944221026612563,50
TxPert_official_cell_gat_k562_all_fixed2000,K562,GRPEL1,96,2000,0.002726347651332617,0.02995496243238449,0.9918692526089824,0.9650556274869703,0.5441324539349227,0.5441324539349227,0.46283745277627,0.39,0.4032661869468203,1.022580350205851,0.7098840697632413,13.928550580344783,50
TxPert_official_cell_gat_k562_all_fixed2000,K562,GRSF1,146,2000,0.0006363935535773635,0.016941482201218605,0.9981258204058652,0.9845356655139026,0.4975264686791056,0.4975264686791056,0.3220801070957001,0.36,0.3303870945247122,0.8025071532152992,0.6235991449427977,13.750090179101143,50
TxPert_official_cell_gat_k562_all_fixed2000,K562,GSPT1,84,2000,0.005560925230383873,0.04429614543914795,0.9836975012794941,0.9362760815833151,0.5777401982458136,0.5777401982458136,0.473757124200766,0.38,0.34885440736939166,1.091916784554468,0.7427593315818691,14.174417071391256,50
TxPert_official_cell_gat_k562_all_fixed2000,K562,GTF2A1,105,2000,0.0023652156814932823,0.028938453644514084,0.9928358880630551,0.9697777691432509,0.5192719732047621,0.5192719732047621,0.3207702264021138,0.43,0.36511336208509115,0.9753133085510274,0.6934155253938894,13.824616631006702,50
TxPert_official_cell_gat_k562_all_fixed2000,K562,GTF2A2,144,2000,0.001111646299250424,0.02192474901676178,0.9964520957596447,0.976911499755322,0.7172088506962789,0.7172088506962789,0.3791101539673634,0.59,0.6213938241329002,0.8529472479654259,0.6390074644992972,13.213795470585005,50
TxPert_official_cell_gat_k562_all_fixed2000,K562,GTF2B,34,2000,0.00225749216042459,0.034053970128297806,0.9929527542208761,0.9397156730958702,0.5637753336199637,0.5637753336199637,0.39323312791352066,0.44,0.33410657669621774,1.0329599848889706,0.6321737619776152,12.983114393903364,50
TxPert_official_cell_gat_k562_all_fixed2000,K562,GTF2E1,176,2000,0.0010565617121756077,0.021753637120127678,0.9968053898024195,0.9749357791769875,0.6175049095572679,0.6175049095572679,0.4823783529507946,0.43,0.389408850378643,0.7930956211274346,0.6256292908501578,13.551554819336916,50
TxPert_official_cell_gat_k562_all_fixed2000,K562,GTF2E2,69,2000,0.002437314949929714,0.0328509546816349,0.9925271377078756,0.9455627679032821,0.5749187533273068,0.5749187533273068,0.45878485530590024,0.41,0.36973728302358083,1.1056043740781412,0.7421312633976349,13.951098514017456,50
TxPert_official_cell_gat_k562_all_fixed2000,K562,GTF2F2,52,2000,0.0028998549096286297,0.03572960942983627,0.9910381925344129,0.9367426607337385,0.5776959038449125,0.5776959038449125,0.42659600278199034,0.5,0.46330243657595,1.214999861295952,0.7828862378660894,14.469842027217613,50
TxPert_official_cell_gat_k562_all_fixed2000,K562,GTF2H1,409,2000,0.0018422473222017288,0.027182474732398987,0.9944674642044773,0.9645237998941347,0.6890608284177318,0.6890608284177318,0.5716283976395692,0.48,0.4550721085014658,0.6810191412299629,0.5708435636459461,12.841651257901821,50
TxPert_official_cell_gat_k562_all_fixed2000,K562,GTF2H4,108,2000,0.0015839019324630499,0.026227103546261787,0.9952698876726057,0.9657557336422139,0.41102547991248606,0.41102547991248606,0.29884070558429066,0.34,0.25354509965749905,0.9469718788779632,0.6810426620721518,13.634739750862405,50
TxPert_official_cell_gat_k562_all_fixed2000,K562,GTF3C3,129,2000,0.0014072187477722764,0.02365945093333721,0.9958724723053545,0.9747110820237938,0.18575789749157626,0.18575789749157626,0.08524269561459966,0.33,0.2462975398413131,0.8461413011954281,0.6484089748385325,14.09783030036559,50
TxPert_official_cell_gat_k562_all_fixed2000,K562,GTPBP4,48,2000,0.002365173539146781,0.032353613525629044,0.9932445678429085,0.9592017840367579,0.47829630790796074,0.47829630790796074,0.33644337152192255,0.36,0.34668652937127564,1.034392926104797,0.7068802205435283,14.199017141361333,50
TxPert_official_cell_gat_k562_all_fixed2000,K562,GUCD1,247,2000,0.001874330686405301,0.026373399421572685,0.9945178419209374,0.978669273960935,0.35496699552409977,0.35496699552409977,0.3531950552416583,0.23,0.16049282732124384,0.7251925276628489,0.566717279238265,12.644237539957414,50
TxPert_official_cell_gat_k562_all_fixed2000,K562,HARS,263,2000,0.005216189194470644,0.04210175946354866,0.9852031494139528,0.9197447984461475,0.6901723602717212,0.6901723602717212,0.5515182681554968,0.43,0.4196038334125103,0.8172613784955304,0.6312467316610416,13.199250566120602,50
TxPert_official_cell_gat_k562_all_fixed2000,K562,HARS2,62,2000,0.0035249164793640375,0.03600139170885086,0.9900872509443828,0.9470697789616367,0.47651807555506903,0.47651807555506903,0.32293952476361076,0.36,0.2895512075714169,1.074845013040097,0.7402495923398531,14.50601896690365,50
TxPert_official_cell_gat_k562_all_fixed2000,K562,HAUS4,183,2000,0.003711093682795763,0.033737678080797195,0.9890478947406779,0.9432168644475993,0.39223844205129194,0.39223844205129194,0.28497223131097993,0.36,0.2813314743758789,0.8517374665624573,0.6228724157075024,12.69445026551387,50
TxPert_official_cell_gat_k562_all_fixed2000,K562,HAUS5,153,2000,0.0025521405041217804,0.02885349653661251,0.9924416469903221,0.954826667910323,0.36030054733107714,0.36030054733107714,0.2219430966437861,0.35,0.2631853552564429,0.8399166376593696,0.6229232264693436,13.022483872454657,50
TxPert_official_cell_gat_k562_all_fixed2000,K562,HBS1L,120,2000,0.004158504772931337,0.0391571931540966,0.9876865137716231,0.9486443203042195,0.7016821373926072,0.7016821373926072,0.5716439177351187,0.45,0.47103386217384097,1.0238782504707449,0.709540211834045,13.899662035139183,50
TxPert_official_cell_gat_k562_all_fixed2000,K562,HDAC7,148,2000,0.004292219877243042,0.03682378679513931,0.9871640081840724,0.932908366942507,0.4571072059018481,0.4571072059018481,0.3730374933543057,0.37,0.3520268833698577,0.8194383162098611,0.6269077534019649,13.14810499437722,50
TxPert_official_cell_gat_k562_all_fixed2000,K562,HEATR1,216,2000,0.004035262856632471,0.03807708993554115,0.986907969899259,0.9547006386304454,0.6189454045545869,0.6189454045545869,0.4147873905602921,0.56,0.4955022331952334,0.8295915519786545,0.6236312064784107,13.22383618557055,50
TxPert_official_cell_gat_k562_all_fixed2000,K562,HGS,96,2000,0.0024152081459760666,0.0314224474132061,0.9932676532099399,0.9522770945286572,0.6707928950153035,0.6707928950153035,0.5022481733961275,0.39,0.4161410896775362,1.0094946132532312,0.7004831358150634,13.672286534705334,50
TxPert_official_cell_gat_k562_all_fixed2000,K562,HINFP,157,2000,0.0019843762274831533,0.02695758268237114,0.9939005753877598,0.9686815839399645,0.41892788858087604,0.41892788858087604,0.31021540973982353,0.34,0.3123158149521364,0.8494661800369069,0.6439066884427918,13.52767704547678,50
TxPert_official_cell_gat_k562_all_fixed2000,K562,HIRA,228,2000,0.0004959884681738913,0.014560728333890438,0.9985507478298717,0.986770764093636,0.2815085766855553,0.2815085766855553,0.21216245472209827,0.24,0.17114470554897696,0.6665644317158924,0.565736043161947,13.25699991400897,50
TxPert_official_cell_gat_k562_all_fixed2000,K562,HMGCS1,216,2000,0.000969800865277648,0.019092297181487083,0.997168495775849,0.9800497080344978,0.5756621481289376,0.5756621481289376,0.424657371729966,0.45,0.4430226944764018,0.7358994727673829,0.5998851023432804,13.432185432407435,50
TxPert_official_cell_gat_k562_all_fixed2000,K562,HNRNPC,273,2000,0.00297791650518775,0.03435704484581947,0.9910838562441998,0.9522520856252015,0.4768424325247146,0.4768424325247146,0.3719540125302431,0.32,0.25709676722279756,0.7172186096917269,0.5872848221970438,13.104251542797124,50
TxPert_official_cell_gat_k562_all_fixed2000,K562,HNRNPH1,92,2000,0.0017734367866069078,0.027298249304294586,0.9948751675948124,0.9631433827886384,0.3645965714696621,0.3645965714696621,0.2128643201710605,0.3,0.238356763802432,0.9941404040934668,0.6942977460092851,13.753796038273313,50
TxPert_official_cell_gat_k562_all_fixed2000,K562,HNRNPL,55,2000,0.0018593199783936143,0.03012007661163807,0.9947433552766192,0.9519813717767655,0.5300467332824037,0.5300467332824037,0.3376258898914358,0.4,0.33585784665369,1.1107465149169018,0.7476305619815967,14.355664391522405,50
TxPert_official_cell_gat_k562_all_fixed2000,K562,HNRNPM,128,2000,0.0011235321871936321,0.022035738453269005,0.9966727979143306,0.9762444638333984,0.40254672007865905,0.40254672007865905,0.2660779211328289,0.37,0.32130440986918957,0.8219996991798763,0.6396938242806677,13.730846114718961,50
TxPert_official_cell_gat_k562_all_fixed2000,K562,HNRNPU,73,2000,0.0018014560919255018,0.028326494619250298,0.9948490039959466,0.9627501170489772,0.37055617906725613,0.37055617906725613,0.26244475291670516,0.28,0.21245816683239283,0.9762971113644514,0.6832641521699259,13.85121554121796,50
TxPert_official_cell_gat_k562_all_fixed2000,K562,HSCB,85,2000,0.0016193100018426776,0.025849759578704834,0.9954036158430594,0.9686515638247477,0.3389361157911383,0.3389361157911383,0.22365262668909774,0.26,0.1924802827887752,0.9460728929512563,0.6928498869918256,14.263884247123908,50
TxPert_official_cell_gat_k562_all_fixed2000,K562,HSD17B12,135,2000,0.001432538265362382,0.023797541856765747,0.9957565646947105,0.9745725905033472,0.44167950316692794,0.44167950316692794,0.3511322425742455,0.26,0.20395189640481273,0.8771871824503237,0.6675596621930414,14.208264440213863,50
TxPert_official_cell_gat_k562_all_fixed2000,K562,HSF1,87,2000,0.0017072909977287054,0.025968970730900764,0.9955161766370202,0.9699386439250213,0.13314417782527102,0.13314417782527102,0.13242317708440668,0.27,0.16165583362611594,0.9735552661872876,0.7091386843814917,14.234864510144394,50
TxPert_official_cell_gat_k562_all_fixed2000,K562,HSPA5,202,2000,0.01201471034437418,0.05377696081995964,0.9634044822997648,0.925868447602217,0.5245156118187999,0.5245156118187999,0.5699022544419191,0.38,0.3484087932127048,0.9366560580922264,0.6463604983581739,13.193207565191575,50
TxPert_official_cell_gat_k562_all_fixed2000,K562,HSPA8,146,2000,0.004257190972566605,0.03681861236691475,0.9877676841287379,0.962885860490851,0.29061516507052354,0.29061516507052354,0.279143189640326,0.34,0.24974348078686115,0.9320714460100349,0.6664683413179029,13.323000003186166,50
TxPert_official_cell_gat_k562_all_fixed2000,K562,HSPA9,374,2000,0.0077985129319131374,0.04894104599952698,0.9767602519759979,0.9058319661717664,0.7594950988237615,0.7594950988237615,0.5990644401552888,0.49,0.516572840858173,0.8153694387434833,0.6204372104637811,12.954225636648905,50
TxPert_official_cell_gat_k562_all_fixed2000,K562,HSPE1,25,2000,0.005602103658020496,0.04578733816742897,0.984158307744041,0.9126700610900121,0.5521681411688569,0.5521681411688569,0.32492228375597704,0.41,0.42050708361688516,1.0060042175414532,0.6161641425207215,14.097372516804539,50
TxPert_official_cell_gat_k562_all_fixed2000,K562,HUWE1,77,2000,0.0016927090473473072,0.02689027227461338,0.9951139604818626,0.9634149313307323,0.24508407318900208,0.24508407318900208,0.19771535502310675,0.18,0.13359161573388637,0.9780016209105802,0.6994044349573427,13.95215814107778,50
TxPert_official_cell_gat_k562_all_fixed2000,K562,HYPK,121,2000,0.0009314017952419817,0.020833272486925125,0.9974217667123102,0.9811813656951287,0.1745980284834809,0.1745980284834809,0.13453333022609315,0.22,0.21750028045778255,0.8714156703339839,0.6488802662166807,13.720964657685482,50
TxPert_official_cell_gat_k562_all_fixed2000,K562,IARS,45,2000,0.004354475066065788,0.04212070256471634,0.987404454922386,0.9201274038015255,0.5881097000105782,0.5881097000105782,0.3964737989048342,0.39,0.3897784856210138,1.1896524714144177,0.7479187387094148,13.467109753822156,50
TxPert_official_cell_gat_k562_all_fixed2000,K562,IARS2,185,2000,0.0027405356522649527,0.027742600068449974,0.9920183907144847,0.9727749215977154,0.23922006086723996,0.23922006086723996,0.3476025220164849,0.4,0.376892392612262,0.8236794026602601,0.6311759385791678,13.338400303404375,50
TxPert_official_cell_gat_k562_all_fixed2000,K562,ICE1,319,2000,0.005396001972258091,0.040966518223285675,0.9845486738354128,0.9231957684058517,0.6682359244147106,0.6682359244147106,0.664575535493969,0.38,0.34402905607728834,0.7285569275263073,0.5793350869151457,12.789301348707436,50
TxPert_official_cell_gat_k562_all_fixed2000,K562,IGBP1,245,2000,0.004054634366184473,0.03788101300597191,0.9871620562013214,0.9335128360771413,0.5798036160693165,0.5798036160693165,0.4320039941192974,0.41,0.4037348858306188,0.820233061459342,0.6146637945014795,12.837423350533873,50
TxPert_official_cell_gat_k562_all_fixed2000,K562,IK,123,2000,0.005679810885339975,0.04341794177889824,0.9849307212607232,0.9262918501447835,0.45105288541733607,0.45105288541733607,0.4434838025984049,0.28,0.23160440691965972,0.9602658400580536,0.6643869684597742,12.71875130351229,50
TxPert_official_cell_gat_k562_all_fixed2000,K562,ILF2,53,2000,0.0026128150057047606,0.03351692110300064,0.9927268625459301,0.9549899112116953,0.11023792940101128,0.11023792940101128,0.07221470161524758,0.15,0.09251180645976148,1.0593617192545195,0.7350390820531058,14.33596285871864,50
TxPert_official_cell_gat_k562_all_fixed2000,K562,ILF3,125,2000,0.0012598013272508979,0.023399170488119125,0.9964042894167923,0.9758144483862868,0.2038646582484628,0.2038646582484628,0.1343112328408693,0.13,0.10533764561807676,0.8427069953911257,0.6520125883886859,14.003182209540073,50
TxPert_official_cell_gat_k562_all_fixed2000,K562,IMP4,148,2000,0.0031731463968753815,0.03573869541287422,0.9903172407048633,0.9662253262098783,0.6759572364852799,0.6759572364852799,0.4693367284229296,0.58,0.5778504674019035,0.8785937393276843,0.6539830514865481,13.422529847420089,50
TxPert_official_cell_gat_k562_all_fixed2000,K562,IMPDH2,70,2000,0.0016886090161278844,0.02672191709280014,0.9949925542259864,0.9689944746604703,0.36495391813342454,0.36495391813342454,0.18453368696464048,0.29,0.2408272027661637,0.9535764595520716,0.6881212578953757,13.967201631291964,50
TxPert_official_cell_gat_k562_all_fixed2000,K562,INO80,143,2000,0.003704366274178028,0.03534470871090889,0.9892956614233211,0.9559876473604599,0.04468980925001045,0.04468980925001045,0.05507906611968213,0.13,0.10090197428800554,0.867331962490749,0.6528809463829532,13.479933885171384,50
TxPert_official_cell_gat_k562_all_fixed2000,K562,INO80B,115,2000,0.0009367314050905406,0.02117394655942917,0.9972080382458087,0.9752312424909765,0.5142547108589076,0.5142547108589076,0.30307577959069576,0.38,0.3964052266882525,0.8873561519226781,0.6648026028350782,13.833135219192934,50
TxPert_official_cell_gat_k562_all_fixed2000,K562,INTS1,183,2000,0.0017514569917693734,0.025514621287584305,0.995032544798074,0.9726135858591036,0.12722228280966902,0.12722228280966902,0.1172198883217765,0.22,0.16536114884372005,0.7445402678015798,0.599212546110374,13.393660160165041,50
TxPert_official_cell_gat_k562_all_fixed2000,K562,INTS2,351,2000,0.005365440156310797,0.04454386979341507,0.98285650724536,0.9303855509523911,0.7511018560822612,0.7511018560822612,0.6637536776481154,0.47,0.48894878072999354,0.855814047216375,0.6439583321255544,13.076341750970212,50
TxPert_official_cell_gat_k562_all_fixed2000,K562,INTS3,103,2000,0.0030444099102169275,0.03329486772418022,0.9912124784335478,0.9480367592242117,0.48913802703754855,0.48913802703754855,0.4388357779060929,0.31,0.24666073480656875,1.0181615502884034,0.7299922499816112,14.381448801854894,50
TxPert_official_cell_gat_k562_all_fixed2000,K562,INTS4,47,2000,0.003641533199697733,0.04011427238583565,0.9892700476120984,0.9301997855530657,0.6442711598844214,0.6442711598844214,0.5673154476409653,0.41,0.4093520661434661,1.1783982880175863,0.7390727963381071,13.567150987909065,50
TxPert_official_cell_gat_k562_all_fixed2000,K562,INTS5,62,2000,0.004818595480173826,0.042920198291540146,0.9852855464900151,0.9322598894404972,0.57008189461884,0.57008189461884,0.44818464839761,0.37,0.35586616212445726,1.2379195378027017,0.8017160343835443,14.642523709278342,50
TxPert_official_cell_gat_k562_all_fixed2000,K562,INTS6,112,2000,0.001030636951327324,0.02137083001434803,0.997011396556293,0.9754727992747867,0.33341708245539203,0.33341708245539203,0.2017121207076729,0.27,0.21605254589659445,0.8528226458244395,0.6440722983316042,13.514991450058295,50
TxPert_official_cell_gat_k562_all_fixed2000,K562,INTS7,78,2000,0.0026486897841095924,0.03330852836370468,0.9919225370213197,0.95250616406607,0.6434163596205716,0.6434163596205716,0.5103040816702695,0.43,0.3676214723357911,1.1298267963334934,0.7566937144187673,14.570102353807238,50
TxPert_official_cell_gat_k562_all_fixed2000,K562,INTS8,307,2000,0.0030740995425730944,0.03383569419384003,0.9902894967157472,0.9513302465655398,0.787220306448087,0.787220306448087,0.7052061988379473,0.55,0.5550451927868203,0.8245465705407219,0.6304738733346198,13.28093352673245,50
TxPert_official_cell_gat_k562_all_fixed2000,K562,INTS9,222,2000,0.002336621517315507,0.03073822520673275,0.9931026552819023,0.9611260785200335,0.7341377126065647,0.7341377126065647,0.685990056826778,0.45,0.4267498740178278,0.8046273500499665,0.6271117757287694,13.62713732478576,50
TxPert_official_cell_gat_k562_all_fixed2000,K562,IPO13,51,2000,0.0030710098799318075,0.03455082327127457,0.991273931277077,0.9562591901674438,0.14353128310501861,0.14353128310501861,0.12873148177225435,0.15,0.13241724328615168,1.1019672127960405,0.7288845322425413,13.979807382370163,50
TxPert_official_cell_gat_k562_all_fixed2000,K562,IPO9,173,2000,0.0007066826219670475,0.017581338062882423,0.997948007322002,0.984172176228165,0.25124409632663863,0.25124409632663863,0.17669294313486641,0.19,0.14083351435266678,0.7597219444747831,0.612851753793243,13.4255713094474,50
TxPert_official_cell_gat_k562_all_fixed2000,K562,ISCU,32,2000,0.0029650747310370207,0.03805819898843765,0.990994717435596,0.9278697315223826,0.43734541702333496,0.43734541702333496,0.27906258193797107,0.3,0.25829694648339063,0.9959133134353059,0.5972505107537728,12.58415602182077,50
TxPert_official_cell_gat_k562_all_fixed2000,K562,ISG20L2,72,2000,0.002735832240432501,0.03349921852350235,0.9924570344991748,0.9533307912494972,0.5359765805668757,0.5359765805668757,0.36329525831757614,0.4,0.381519341578843,1.0047976970464936,0.7131628014576528,14.226009748069494,50
TxPert_official_cell_gat_k562_all_fixed2000,K562,JAZF1,209,2000,0.0010977266356348991,0.019795069471001625,0.9969211304176674,0.9802534331645139,0.3193734408977912,0.3193734408977912,0.2508921722473888,0.18,0.1354807973353769,0.7075595315756087,0.5813680283708609,13.018865050350605,50
TxPert_official_cell_gat_k562_all_fixed2000,K562,KANSL1,41,2000,0.003143096109852195,0.03683880344033241,0.9912540360575619,0.9427352441099923,0.4889831190473498,0.4889831190473498,0.42883617737811097,0.38,0.33939800738286385,1.1636485746984806,0.7324898157932834,13.785374669994091,50
TxPert_official_cell_gat_k562_all_fixed2000,K562,KANSL2,151,2000,0.002438938245177269,0.030279148370027542,0.9930998499756638,0.9635999692417123,0.3766390308108059,0.3766390308108059,0.37859165308672776,0.3,0.22600646935023266,0.873579020811211,0.6553063539079913,13.824263690683763,50
TxPert_official_cell_gat_k562_all_fixed2000,K562,KANSL3,182,2000,0.001466878573410213,0.024213863536715508,0.9962568530082053,0.9765284230759932,0.34599694531409175,0.34599694531409175,0.3285424760241898,0.32,0.22998341055111066,0.7581877194671811,0.6031291323064863,13.298513816393815,50
TxPert_official_cell_gat_k562_all_fixed2000,K562,KARS,45,2000,0.0028567456174641848,0.035559915006160736,0.9918317797314942,0.944363951328845,0.45360326949718477,0.45360326949718477,0.34086465740495536,0.27,0.21492087132674945,1.258074465350912,0.791935403056426,14.122674482249563,50
TxPert_official_cell_gat_k562_all_fixed2000,K562,KAT8,254,2000,0.0018277916824445128,0.025920890271663666,0.9952635317378806,0.9776814188474413,0.3539347832540739,0.3539347832540739,0.3260489693688846,0.35,0.26919771102831414,0.6806587442685944,0.5717603025231719,13.151982844072782,50
TxPert_official_cell_gat_k562_all_fixed2000,K562,KCTD10,75,2000,0.0018562701297923923,0.02866746298968792,0.9947151479101085,0.9679806269892393,0.4066526026082664,0.4066526026082664,0.2578616993253109,0.33,0.24513135573446942,1.0114295636851858,0.6919555240754882,13.52523806946146,50
TxPert_official_cell_gat_k562_all_fixed2000,K562,KIF20A,95,2000,0.0017182957381010056,0.025774383917450905,0.9949221794923446,0.9742768497554325,0.12143328183512041,0.12143328183512041,0.09108631546399747,0.13,0.11314121910133848,0.9151085507915484,0.6665708792199395,14.046284296247668,50
TxPert_official_cell_gat_k562_all_fixed2000,K562,KIN,144,2000,0.0011549131013453007,0.022612301632761955,0.9965892266083924,0.9773467204521742,0.358180225647915,0.358180225647915,0.28876597539691673,0.2,0.19734266617891372,0.842436186342725,0.6435371741963047,13.77684586533349,50
TxPert_official_cell_gat_k562_all_fixed2000,K562,KPNB1,214,2000,0.00580905145034194,0.04479014500975609,0.9826651876046103,0.9084905933925278,0.6376065356433619,0.6376065356433619,0.5224512322162886,0.38,0.37966328698115903,0.8751714336196186,0.6474584805778573,13.167728765977218,50
TxPert_official_cell_gat_k562_all_fixed2000,K562,KRI1,51,2000,0.003136847633868456,0.036467526108026505,0.9901821930563854,0.951924560094698,0.5245977692730021,0.5245977692730021,0.25475546920273906,0.54,0.4647919562152521,1.0699817770750448,0.7097425299770009,14.057635181515762,50
TxPert_official_cell_gat_k562_all_fixed2000,K562,KRR1,398,2000,0.0020751694682985544,0.028089789673686028,0.9935014473907362,0.9774508823998665,0.7348255579364353,0.7348255579364353,0.5200306579869121,0.62,0.6426705264663657,0.6523344104148338,0.5533584825223288,12.855918992460794,50
TxPert_official_cell_gat_k562_all_fixed2000,K562,LAMTOR2,64,2000,0.00170393125154078,0.02773486077785492,0.9953381627119633,0.9596558731679993,0.20986662639479614,0.20986662639479614,0.1421208652800977,0.2,0.160779983864021,1.0557950619282643,0.7042940057531113,13.275992467764624,50
TxPert_official_cell_gat_k562_all_fixed2000,K562,LAMTOR4,123,2000,0.0008896877989172935,0.02034037932753563,0.9974384907572127,0.977567198716803,0.2221395404175486,0.2221395404175486,0.1551793081054698,0.16,0.1148881201652554,0.8437802357539564,0.6301314245342658,13.286529333104227,50
TxPert_official_cell_gat_k562_all_fixed2000,K562,LARS,74,2000,0.006006833631545305,0.0447145514190197,0.982990789847574,0.9045027996032365,0.5853183924135562,0.5853183924135562,0.43066145566352965,0.38,0.394410655012052,1.1037074163770801,0.7530554658546198,14.524538065554987,50
TxPert_official_cell_gat_k562_all_fixed2000,K562,LAS1L,75,2000,0.001506970962509513,0.02531110867857933,0.9959776028073631,0.9696302966861859,0.4919828702968602,0.4919828702968602,0.3226408687456655,0.4,0.4096237579939543,0.9081328878169436,0.6684563510549592,14.211448323671425,50
TxPert_official_cell_gat_k562_all_fixed2000,K562,LETM1,110,2000,0.001142099848948419,0.021725958213210106,0.9967112625615177,0.9772454076611851,0.5611079732759743,0.5611079732759743,0.33584510559955444,0.43,0.3673823985799003,0.9192365277189538,0.6836275384202363,14.243112958784474,50
TxPert_official_cell_gat_k562_all_fixed2000,K562,LIN54,281,2000,0.00024620434851385653,0.011140190996229649,0.9992916886630397,0.9925123562262141,0.0026653640514718805,0.0026653640514718805,-0.008099621287221494,0.19,0.10381776185318534,0.6243959073008581,0.5394918551451952,13.33401442027719,50
TxPert_official_cell_gat_k562_all_fixed2000,K562,LONP1,109,2000,0.0020657095592468977,0.02248542383313179,0.9943332075000637,0.9752089826169633,0.2265552721285399,0.2265552721285399,0.27700511164389485,0.36,0.2749377038591018,0.8888545859097856,0.6575930985563155,13.863751919843219,50
TxPert_official_cell_gat_k562_all_fixed2000,K562,LRPPRC,92,2000,0.0014234280679374933,0.024026092141866684,0.9962644713631241,0.9742820315050162,0.924140346451216,0.924140346451216,0.1618736086827501,0.52,0.5593841565452441,0.994953458783839,0.7138739656351346,14.287193055885771,50
TxPert_official_cell_gat_k562_all_fixed2000,K562,LSG1,106,2000,0.0021124863997101784,0.028771767392754555,0.9939442927045146,0.9650194653050098,0.6003760068266896,0.6003760068266896,0.4389350172255529,0.42,0.40625474527806843,0.8439482993743396,0.6446589660819694,13.642391235194566,50
TxPert_official_cell_gat_k562_all_fixed2000,K562,LSM10,122,2000,0.0026986803859472275,0.02817446179687977,0.9923331069736635,0.9653277919161659,0.025369513108979443,0.025369513108979443,0.00450879062669714,0.16,0.13084859964443862,0.8332856798952615,0.6452211009572024,13.89520283043676,50
TxPert_official_cell_gat_k562_all_fixed2000,K562,LSM11,130,2000,0.0017206555930897593,0.02222437597811222,0.9949128232634479,0.9754331505469416,0.34422976207067235,0.34422976207067235,0.29584835979342666,0.37,0.32833832099312815,0.824982743088063,0.6188960140272259,13.080220654367189,50
TxPert_official_cell_gat_k562_all_fixed2000,K562,LSM2,269,2000,0.0059092347510159016,0.044156674295663834,0.9833959338596363,0.9104438740781153,0.6226347820062081,0.6226347820062081,0.5922816735934997,0.4,0.35736984813268285,0.7950648503536805,0.6053933408100087,12.531449478695686,50
TxPert_official_cell_gat_k562_all_fixed2000,K562,LSM3,64,2000,0.002128966385498643,0.029849646613001823,0.993863285486818,0.9576335834956284,0.5739087701874523,0.5739087701874523,0.49050131788401385,0.36,0.3481972047182462,1.007102193663626,0.6898926666451305,13.545555570884671,50
TxPert_official_cell_gat_k562_all_fixed2000,K562,LSM4,68,2000,0.005269122309982777,0.04327451437711716,0.985407853239846,0.9121864853712038,0.6304717554721043,0.6304717554721043,0.5492739137454696,0.39,0.3422034838432257,1.0697999482102338,0.735383080246514,14.099676736194121,50
TxPert_official_cell_gat_k562_all_fixed2000,K562,LSM5,139,2000,0.00389578053727746,0.036117855459451675,0.9888656411819277,0.942568302193407,0.5230569949069537,0.5230569949069537,0.4590749435107327,0.29,0.2152815984530755,0.8668977736053897,0.6460382509498643,13.404722287727907,50
TxPert_official_cell_gat_k562_all_fixed2000,K562,LSM6,423,2000,0.003652618732303381,0.03551651909947395,0.9894965451445674,0.9378620651077876,0.7079606785693212,0.7079606785693212,0.6458158065049657,0.49,0.45289383666001315,0.6818630701244711,0.5646048787068058,12.572129156211552,50
TxPert_official_cell_gat_k562_all_fixed2000,K562,LSM7,126,2000,0.0027968650683760643,0.03197723627090454,0.9920258427019065,0.9515540683179177,0.6478971951004621,0.6478971951004621,0.5704714609335135,0.46,0.42800632075408324,0.86580370254653,0.6453574239401064,13.522112896426709,50
TxPert_official_cell_gat_k562_all_fixed2000,K562,LTV1,259,2000,0.002836416242644191,0.033103834837675095,0.9913478078675128,0.9737295940791855,0.6918995706223581,0.6918995706223581,0.5176915468897577,0.56,0.551087323564339,0.7518910707797393,0.5906480872800641,12.789917997422162,50
TxPert_official_cell_gat_k562_all_fixed2000,K562,LUC7L3,34,2000,0.0038046364206820726,0.04087363928556442,0.9887441231384064,0.9232716503233442,0.15346385999533205,0.15346385999533205,0.12752450379538438,0.23,0.142675045067442,1.0020229009779102,0.6304524954915105,12.393386184183571,50
TxPert_official_cell_gat_k562_all_fixed2000,K562,MAD2L1,103,2000,0.0024830594193190336,0.029702475294470787,0.992937634917455,0.954934454047533,0.35500686936379716,0.35500686936379716,0.2764923044995866,0.27,0.21314918666599103,0.9524401681658913,0.6868277932893431,13.824632516353715,50
TxPert_official_cell_gat_k562_all_fixed2000,K562,MAGOH,149,2000,0.00200259150005877,0.027546115219593048,0.9942918084934644,0.9766025898384622,0.3915989935679345,0.3915989935679345,0.30096818097589184,0.26,0.22217619848603556,0.8394593937834907,0.6336303240620036,13.34573733002676,50
TxPert_official_cell_gat_k562_all_fixed2000,K562,MAK16,183,2000,0.002472905209288001,0.029797116294503212,0.9929685266745889,0.9647998896875786,0.6304500587094072,0.6304500587094072,0.5185804093014134,0.43,0.41948557443836076,0.7443049952010683,0.5906375544997183,12.956212728327154,50
TxPert_official_cell_gat_k562_all_fixed2000,K562,MARS,81,2000,0.0032115555368363857,0.03437343239784241,0.9908170229567347,0.9489793861465556,0.654224875227266,0.654224875227266,0.4718520740763347,0.41,0.4490250794016251,1.0491274346887847,0.730860168154414,14.366579389339474,50
TxPert_official_cell_gat_k562_all_fixed2000,K562,MARS2,74,2000,0.0008003231487236917,0.02016950584948063,0.9976210222480425,0.9750729243763264,0.20733415771364352,0.20733415771364352,0.0810062687182892,0.26,0.19263325516385635,0.9553881063252382,0.6775180166903101,13.847530060301104,50
TxPert_official_cell_gat_k562_all_fixed2000,K562,MAT2A,30,2000,0.003925491124391556,0.04192357882857323,0.9887883509215178,0.9295205066214616,0.25009500944931023,0.25009500944931023,0.19460239491268014,0.3,0.2234463410744807,0.9774654093611401,0.6115574529099037,12.998659093807587,50
TxPert_official_cell_gat_k562_all_fixed2000,K562,MAU2,61,2000,0.00459581334143877,0.04183874651789665,0.987234811658822,0.9411573042813399,0.37451673681895153,0.37451673681895153,0.2311159069008081,0.28,0.21106450923527367,1.0909227565538786,0.7247208335705806,13.682613108410473,50
TxPert_official_cell_gat_k562_all_fixed2000,K562,MAX,161,2000,0.0030580307357013226,0.031638748943805695,0.9900413493292982,0.960230454094949,0.6773237462867853,0.6773237462867853,0.4816044919611376,0.54,0.5370486310815777,0.9659110361868594,0.6864358059809986,13.778853627871985,50
TxPert_official_cell_gat_k562_all_fixed2000,K562,MCM10,190,2000,0.0017032104078680277,0.024982845410704613,0.9949443363882674,0.972214225690942,0.5573810604211968,0.5573810604211968,0.41455915139956506,0.49,0.43889936828581655,0.7315100735949369,0.5774454402447379,12.450963594959946,50
TxPert_official_cell_gat_k562_all_fixed2000,K562,MCM2,114,2000,0.0013970499858260155,0.02336200699210167,0.9958548317309754,0.9735224909693189,0.5700588848609591,0.5700588848609591,0.4264412426796043,0.39,0.4085927908706819,0.8130150762422265,0.6257481683414293,13.440220883104717,50
TxPert_official_cell_gat_k562_all_fixed2000,K562,MCM3,104,2000,0.0017567102331668139,0.02549160085618496,0.9948989385793019,0.9697511689108648,0.44497360502243793,0.44497360502243793,0.3123674598929524,0.37,0.2770791050887428,0.855638206738973,0.648053258758989,13.724589831632779,50
TxPert_official_cell_gat_k562_all_fixed2000,K562,MCM3AP,100,2000,0.0020705831702798605,0.028593197464942932,0.9936898357759082,0.9595687858397026,0.3370065683737907,0.3370065683737907,0.2903934776600076,0.29,0.2092516902235865,0.9288965104877623,0.6829008635589048,13.678069858323248,50
TxPert_official_cell_gat_k562_all_fixed2000,K562,MCM4,69,2000,0.0023707894142717123,0.03078046254813671,0.9928849866538223,0.9589024425138706,0.2883010753174704,0.2883010753174704,0.21114959455928664,0.21,0.17220835177026178,1.0489116604248871,0.7195229601373657,14.089673983449114,50
TxPert_official_cell_gat_k562_all_fixed2000,K562,MCM6,84,2000,0.0014592603547498584,0.02450573816895485,0.9957462807855884,0.9684436909356583,0.4956961415319625,0.4956961415319625,0.3313866347750427,0.39,0.3343809929006382,0.9011533080779769,0.6721062709311184,14.237370041141569,50
TxPert_official_cell_gat_k562_all_fixed2000,K562,MCMBP,141,2000,0.0023845690302550793,0.028497138991951942,0.9931357131754359,0.9691223890403159,0.10518785543694394,0.10518785543694394,0.08422984027503615,0.16,0.11355436962655223,0.8232872551679175,0.6304630764623894,13.463462263697341,50
TxPert_official_cell_gat_k562_all_fixed2000,K562,MDN1,68,2000,0.002907457761466503,0.03359197452664375,0.9918867330953468,0.9492081185869412,0.47103359598074795,0.47103359598074795,0.3008756527804875,0.4,0.35308305359791436,1.002368302074896,0.6984531743562851,13.932578216763202,50
TxPert_official_cell_gat_k562_all_fixed2000,K562,MED1,233,2000,0.0052116913720965385,0.044088657945394516,0.9845566574665295,0.9512709270472709,0.7444269974039162,0.7444269974039162,0.6131796641954291,0.51,0.49188662808543354,0.9803776581601208,0.6873844114846793,13.532633516869122,50
TxPert_official_cell_gat_k562_all_fixed2000,K562,MED10,454,2000,0.004249141085892916,0.03932114318013191,0.9865259527427169,0.9336155280027938,0.6577919316581987,0.6577919316581987,0.5083630468378815,0.47,0.44141231557831284,0.735120714782877,0.5858512800526168,12.705513901768917,50
TxPert_official_cell_gat_k562_all_fixed2000,K562,MED11,227,2000,0.004343361593782902,0.03959864750504494,0.986029534877198,0.9328590869680929,0.5933451667371651,0.5933451667371651,0.4561251870895669,0.45,0.37612619104704037,0.9044282043303492,0.6575984444515045,13.182562230338611,50
TxPert_official_cell_gat_k562_all_fixed2000,K562,MED12,567,2000,0.0055212113074958324,0.04703801870346069,0.9814556992900277,0.9284200851434907,0.6690870717365924,0.6690870717365924,0.5295968760066365,0.43,0.4067172742443504,0.8038962758800753,0.6205366516822585,13.02825469896237,50
TxPert_official_cell_gat_k562_all_fixed2000,K562,MED14,114,2000,0.002712676767259836,0.03396427631378174,0.9913392149174999,0.9489528854772386,0.6688884613572509,0.6688884613572509,0.5290867426999685,0.46,0.3975536702278412,1.062938543067391,0.7189787585295901,13.692252865486605,50
TxPert_official_cell_gat_k562_all_fixed2000,K562,MED17,143,2000,0.005626587197184563,0.04799192398786545,0.980911799020976,0.9082904908534339,0.6900603106493349,0.6900603106493349,0.5565624787842745,0.52,0.45786128995273345,1.174047187070772,0.7636564383089971,13.97783569760733,50
TxPert_official_cell_gat_k562_all_fixed2000,K562,MED19,526,2000,0.002862433437258005,0.03407670557498932,0.9905905912099453,0.9547328372076982,0.7357337454489753,0.7357337454489753,0.5922699462963676,0.55,0.5265667146680101,0.7434936574309674,0.5959355681146112,12.826232729289293,50
TxPert_official_cell_gat_k562_all_fixed2000,K562,MED20,78,2000,0.0030845485161989927,0.036188509315252304,0.99002031629597,0.9490826824890893,0.6253059084856761,0.6253059084856761,0.45657245303287175,0.54,0.4866134593137155,1.2357479847566644,0.8005854904334193,14.411075020843317,50
TxPert_official_cell_gat_k562_all_fixed2000,K562,MED21,61,2000,0.005695839412510395,0.050842732191085815,0.9802323534832931,0.8943294847553023,0.6858900161027764,0.6858900161027764,0.5263258825966923,0.5,0.41112015978689687,1.429799209455262,0.8298525801507348,13.999205858651841,50
TxPert_official_cell_gat_k562_all_fixed2000,K562,MED22,279,2000,0.004490065388381481,0.03977953642606735,0.9847765760761112,0.939725734932178,0.7116543194636353,0.7116543194636353,0.5604784234328126,0.54,0.5027154676396774,0.906558088665506,0.6518897133264971,13.065142245785102,50
TxPert_official_cell_gat_k562_all_fixed2000,K562,MED26,99,2000,0.0011168780038133264,0.023247089236974716,0.9968100947255799,0.9725866774415706,0.4803321884358226,0.4803321884358226,0.2872354223488239,0.39,0.3076696914343879,0.9291742087179312,0.6823006598136749,14.180611709517956,50
TxPert_official_cell_gat_k562_all_fixed2000,K562,MED28,66,2000,0.0046869609504938126,0.043514177203178406,0.9849091675376901,0.9333864378296093,0.5450949509898637,0.5450949509898637,0.3867899327602883,0.44,0.3516428318201761,1.3317950574438162,0.8189144532455527,14.289735550950308,50
TxPert_official_cell_gat_k562_all_fixed2000,K562,MED29,86,2000,0.0038213348016142845,0.038459185510873795,0.9876548998100786,0.9290508296851121,0.5705752008095727,0.5705752008095727,0.48883319260785674,0.41,0.34362212737757397,1.2112053914292964,0.758165287159745,13.623303684281343,50
TxPert_official_cell_gat_k562_all_fixed2000,K562,MED30,283,2000,0.006532919593155384,0.051074616611003876,0.9771736169028823,0.9019089488580025,0.7296389371907663,0.7296389371907663,0.6014617100132094,0.55,0.48617955453949124,0.9995586060460598,0.7015631940399858,13.705474183837753,50
TxPert_official_cell_gat_k562_all_fixed2000,K562,MED31,35,2000,0.0033765227999538183,0.039577633142471313,0.9896540360257419,0.9316554624315333,0.37617490707798773,0.37617490707798773,0.2466365045474613,0.35,0.2904000461639601,1.0871086343529006,0.6796153462370625,13.20096142709335,50
TxPert_official_cell_gat_k562_all_fixed2000,K562,MED4,56,2000,0.006895239464938641,0.05578028783202171,0.976283409629086,0.8762985690499225,0.6713452649335853,0.6713452649335853,0.5009175640887832,0.53,0.4410237250102819,1.5008284249369042,0.846104576501577,13.885373167626101,50
TxPert_official_cell_gat_k562_all_fixed2000,K562,MED6,231,2000,0.005086586344987154,0.043712396174669266,0.9838748157321401,0.9228998819681842,0.5867185333492353,0.5867185333492353,0.4776930171553284,0.4,0.3399899026249282,0.9413482131509429,0.6709747774489598,13.121216159923097,50
TxPert_official_cell_gat_k562_all_fixed2000,K562,MED7,265,2000,0.004947233479470015,0.042844805866479874,0.9834172083648945,0.943823548206456,0.7409461003655518,0.7409461003655518,0.6072512661767391,0.55,0.5010441672206697,0.9484849465973668,0.6662398242105069,13.124798045820189,50
TxPert_official_cell_gat_k562_all_fixed2000,K562,MED8,94,2000,0.0029727439396083355,0.033847469836473465,0.9903335822137398,0.9527925690922685,0.6320777374999685,0.6320777374999685,0.5306895249994226,0.51,0.4245969031381497,1.1305648934881232,0.7485039696249461,13.89059890571352,50
TxPert_official_cell_gat_k562_all_fixed2000,K562,MED9,119,2000,0.0065748561173677444,0.05132078751921654,0.9784226777573161,0.9176516616842058,0.7250021951629815,0.7250021951629815,0.5947586087027915,0.51,0.46523811588297503,1.2984094686012375,0.8131548849159097,14.147287794087411,50
TxPert_official_cell_gat_k562_all_fixed2000,K562,METAP2,131,2000,0.0013968360144644976,0.023896347731351852,0.9958771546538606,0.9763202490936234,0.18658695421974228,0.18658695421974228,0.1391742396394669,0.19,0.1525294977588293,0.8378316988259552,0.6359242541207927,13.380310849659882,50
TxPert_official_cell_gat_k562_all_fixed2000,K562,METTL14,115,2000,0.0009492795215919614,0.021418314427137375,0.9971867746835573,0.976476106445782,0.5478286906495416,0.5478286906495416,0.38687560482167466,0.37,0.35362299068845826,0.8827360953002884,0.6629699253963065,14.107850145682384,50
TxPert_official_cell_gat_k562_all_fixed2000,K562,METTL16,42,2000,0.00243855151347816,0.03315364196896553,0.9932119747867525,0.9545444813327515,-0.10522220464991497,-0.10522220464991497,-0.05004522201225821,0.15,0.09401393655334427,1.0183287794202474,0.6794926913202386,13.04022229466771,50
TxPert_official_cell_gat_k562_all_fixed2000,K562,METTL3,127,2000,0.002363675506785512,0.03116459771990776,0.9932437133148226,0.9600299294749877,0.18318272969424937,0.18318272969424937,0.10926919302340754,0.16,0.14697294803060626,0.8588224767542174,0.6620648257095509,14.23681697305605,50
TxPert_official_cell_gat_k562_all_fixed2000,K562,MEX3A,165,2000,0.0016554920002818108,0.02427101507782936,0.9954825396992407,0.9771035541734175,0.0029180691553195516,0.0029180691553195516,0.025295198240386143,0.16,0.11652515929567833,0.7568725140375395,0.6106903769214598,13.793971382333579,50
TxPert_official_cell_gat_k562_all_fixed2000,K562,MFAP1,164,2000,0.011357849463820457,0.06148387864232063,0.9709982678878147,0.8678326894468932,0.5370206618509074,0.5370206618509074,0.5284093406058823,0.24,0.24420165260104895,1.015958485746449,0.675917099331744,12.794313721409889,50
TxPert_official_cell_gat_k562_all_fixed2000,K562,MICOS10,83,2000,0.001050025806762278,0.02158992551267147,0.996936466259882,0.9751981568777797,0.44983028266342645,0.44983028266342645,0.2866808133740793,0.37,0.29431221809648994,0.9045995425478346,0.6499967102077577,13.548885105964914,50
TxPert_official_cell_gat_k562_all_fixed2000,K562,MIOS,160,2000,0.0005467328010126948,0.016266215592622757,0.9984819075433031,0.984453811235844,0.5756014154201098,0.5756014154201098,0.394290691359916,0.35,0.34422987708824865,0.7752552229973644,0.6210441393295908,14.021008995192304,50
TxPert_official_cell_gat_k562_all_fixed2000,K562,MMS22L,54,2000,0.0033082603476941586,0.03626573085784912,0.990271277706173,0.9444967840195252,0.4028920336200014,0.4028920336200014,0.27543362324746096,0.31,0.25546692138364313,0.9402371601660187,0.6508375352383104,12.954504412593785,50
TxPert_official_cell_gat_k562_all_fixed2000,K562,MNAT1,79,2000,0.002214496023952961,0.031020967289805412,0.993335979827973,0.9576163466222141,0.537908230489636,0.537908230489636,0.410445113850443,0.36,0.2896002533940938,1.0960885431686453,0.7480270681374611,14.411493549979076,50
TxPert_official_cell_gat_k562_all_fixed2000,K562,MOB4,105,2000,0.0022403551265597343,0.028725462034344673,0.9935175225763713,0.9569251814212391,0.16541613636859095,0.16541613636859095,0.12516698513849894,0.17,0.15013739762895892,0.8952082598933276,0.6598532549625681,13.795986507576322,50
TxPert_official_cell_gat_k562_all_fixed2000,K562,MPHOSPH10,38,2000,0.004335744772106409,0.043482378125190735,0.9857575226355694,0.9354175021588681,0.5919166428894479,0.5919166428894479,0.3580033250243929,0.54,0.4982655235856877,1.1205127571517737,0.7028669227078035,13.6133884303724,50
TxPert_official_cell_gat_k562_all_fixed2000,K562,MRGBP,68,2000,0.001746712252497673,0.02745332382619381,0.9950730643828014,0.96602103991796,0.25380496803154706,0.25380496803154706,0.16546382106231342,0.23,0.20482240504675414,1.0422350596946337,0.7282310370747811,14.6065718915929,50
TxPert_official_cell_gat_k562_all_fixed2000,K562,MRPL10,96,2000,0.0008850415470078588,0.020241720601916313,0.9975447109178622,0.9770882380061312,0.5987813812640689,0.5987813812640689,0.3388377435354267,0.41,0.38336423098915506,0.8515696367231024,0.6394925472806549,13.62434301389912,50
TxPert_official_cell_gat_k562_all_fixed2000,K562,MRPL13,72,2000,0.0012996825389564037,0.024660687893629074,0.9963502621187168,0.9675982630617503,0.4869435364476713,0.4869435364476713,0.28325898617111145,0.31,0.2867122700478489,0.9448074868116837,0.683519863125938,14.193746457491745,50
TxPert_official_cell_gat_k562_all_fixed2000,K562,MRPL14,188,2000,0.0005400536465458572,0.015291603282094002,0.9984427303616116,0.9859466700327025,0.5123687458064741,0.5123687458064741,0.2551165097180199,0.37,0.3258817894398147,0.701142206246097,0.5795926870124526,13.342365619956912,50
TxPert_official_cell_gat_k562_all_fixed2000,K562,MRPL16,73,2000,0.0010461693163961172,0.02233293652534485,0.9969767738887557,0.9704457261881487,0.49773739838707387,0.49773739838707387,0.27679893045294435,0.38,0.3634916598815222,0.9369253684570955,0.6804449557646756,13.871401301524106,50
TxPert_official_cell_gat_k562_all_fixed2000,K562,MRPL17,96,2000,0.0009421451832167804,0.020536914467811584,0.9973111712941779,0.9755338100132969,0.6136786652692106,0.6136786652692106,0.3534436549186446,0.43,0.3705072074682163,0.8881956444321091,0.6608629463787551,13.904117024345252,50
TxPert_official_cell_gat_k562_all_fixed2000,K562,MRPL18,128,2000,0.0009129398968070745,0.019750403240323067,0.9973671372647476,0.9784470745295444,0.6533523840462121,0.6533523840462121,0.42442129051844585,0.49,0.47087161426316754,0.8219061568340639,0.6356504979688846,13.428808941256625,50
TxPert_official_cell_gat_k562_all_fixed2000,K562,MRPL19,177,2000,0.0008147915359586477,0.017998971045017242,0.9976788708949439,0.9815249542296952,0.6962467372649238,0.6962467372649238,0.4165498710763936,0.53,0.5289986899346365,0.7209301135922216,0.5942967426827903,13.42424738656781,50
TxPert_official_cell_gat_k562_all_fixed2000,K562,MRPL2,131,2000,0.0009346854058094323,0.019305409863591194,0.9972922138879128,0.9799939557547178,0.5567823765681751,0.5567823765681751,0.36666888591531394,0.42,0.4047445892730038,0.7984457565017061,0.6161928130942281,13.26588112429672,50
TxPert_official_cell_gat_k562_all_fixed2000,K562,MRPL22,86,2000,0.0010407191002741456,0.021002279594540596,0.9970023699638075,0.9750108654647953,0.5218361168833505,0.5218361168833505,0.3022145759978394,0.34,0.33121853959085384,0.9227597484787223,0.6744576361140636,14.447237620146462,50
TxPert_official_cell_gat_k562_all_fixed2000,K562,MRPL24,183,2000,0.0008267746306955814,0.018238957971334457,0.9975973039524371,0.9833439116270919,0.5642236201501938,0.5642236201501938,0.3408233523725986,0.4,0.37687781271067244,0.7381320853909851,0.6008542569378915,13.362213759378823,50
TxPert_official_cell_gat_k562_all_fixed2000,K562,MRPL27,88,2000,0.0009058442083187401,0.020385416224598885,0.9974368243512773,0.9760348075659221,0.6194654715973085,0.6194654715973085,0.39118183355903874,0.43,0.42780171662881844,0.8997072334581806,0.6730502760574015,13.868220576941837,50
TxPert_official_cell_gat_k562_all_fixed2000,K562,MRPL3,146,2000,0.0007853776914998889,0.01762048341333866,0.9977266944616647,0.9813454739590224,0.6132018422498267,0.6132018422498267,0.33114397685007324,0.41,0.43279799910140304,0.7891625493510973,0.6236953736115052,13.594453689345105,50
TxPert_official_cell_gat_k562_all_fixed2000,K562,MRPL32,62,2000,0.0010347432689741254,0.02270306646823883,0.9972124091778221,0.9721704432231814,0.5366049620242037,0.5366049620242037,0.29636248334929466,0.34,0.3024465350683385,0.9717128384663681,0.689892215962529,14.385442692610889,50
TxPert_official_cell_gat_k562_all_fixed2000,K562,MRPL33,126,2000,0.001381598529405892,0.021928641945123672,0.9963719752496751,0.9791238968573864,0.5403378199680816,0.5403378199680816,0.35589664138019955,0.32,0.296145089938529,0.811553495019019,0.6363264577426968,13.834731147183222,50
TxPert_official_cell_gat_k562_all_fixed2000,K562,MRPL35,156,2000,0.001229335437528789,0.021233169361948967,0.9965300313194319,0.9786524475478634,0.4200893433207028,0.4200893433207028,0.24012437157858618,0.3,0.2682572892831385,0.7677201428694171,0.6127705094184936,13.387458232754414,50
TxPert_official_cell_gat_k562_all_fixed2000,K562,MRPL36,160,2000,0.0008189460495486856,0.017801431939005852,0.9976324439471973,0.9849355579355568,0.5143472692318026,0.5143472692318026,0.3116867863538493,0.35,0.3200055440096747,0.7594120382409509,0.6033789053263512,13.11057924070245,50
TxPert_official_cell_gat_k562_all_fixed2000,K562,MRPL37,100,2000,0.0007830941467545927,0.018870677798986435,0.9977609750695478,0.9784320080766867,0.5773737357188266,0.5773737357188266,0.32168050483019933,0.41,0.4058601939626533,0.8767384698622702,0.6618969486214275,13.892045659906914,50
TxPert_official_cell_gat_k562_all_fixed2000,K562,MRPL38,132,2000,0.0010538458591327071,0.020766740664839745,0.9970103904675194,0.9764308213791744,0.44972112940688547,0.44972112940688547,0.19619175606738437,0.23,0.22198903736735037,0.8096518329141095,0.6192065236706151,13.190971942707426,50
TxPert_official_cell_gat_k562_all_fixed2000,K562,MRPL39,146,2000,0.0008456259383819997,0.018240543082356453,0.9976021769461648,0.9828881952366502,0.6529991746678195,0.6529991746678195,0.4070518608289229,0.49,0.4832301002047933,0.7700322647166615,0.6157996617906898,13.647793147745533,50
TxPert_official_cell_gat_k562_all_fixed2000,K562,MRPL4,109,2000,0.0006838439730927348,0.017969392240047455,0.9980133178587215,0.9814829878801338,0.540971868867721,0.540971868867721,0.3100928607919632,0.3,0.2699807415839356,0.8612214029071878,0.6529357233670545,13.825861182475132,50
TxPert_official_cell_gat_k562_all_fixed2000,K562,MRPL41,66,2000,0.0013473585713654757,0.024051591753959656,0.9961487354078415,0.9680136867179117,0.4885714981306292,0.4885714981306292,0.25442367380691266,0.31,0.30949602292426814,0.9707664600405039,0.695125716481136,14.209232255204734,50
TxPert_official_cell_gat_k562_all_fixed2000,K562,MRPL43,90,2000,0.0011808829149231315,0.021703487262129784,0.9966978502234731,0.9766044951694853,0.5223391846755776,0.5223391846755776,0.31900776923815893,0.4,0.3891245441383213,0.8879290302073538,0.6599508356250309,14.11561033488401,50
TxPert_official_cell_gat_k562_all_fixed2000,K562,MRPL49,36,2000,0.0029828399419784546,0.03679893538355827,0.990431700560518,0.9410307537727518,0.5532985708020254,0.5532985708020254,0.31680045371144233,0.54,0.48077443649724005,1.0997435039785988,0.6919557189880249,13.710097834528037,50
TxPert_official_cell_gat_k562_all_fixed2000,K562,MRPL50,147,2000,0.0010875312145799398,0.021186623722314835,0.9971958288269704,0.9793653997135873,0.379370167078272,0.379370167078272,0.24488717996945567,0.24,0.1756377167616155,0.7883911334709768,0.6264162049780638,13.672443292901319,50
TxPert_official_cell_gat_k562_all_fixed2000,K562,MRPL51,100,2000,0.0010942155495285988,0.02120188996195793,0.9968679121330054,0.9777722203782032,0.5350068912029777,0.5350068912029777,0.35637078061578276,0.35,0.3415081561005567,0.8758527245943155,0.6561278090177638,13.912505487896938,50
TxPert_official_cell_gat_k562_all_fixed2000,K562,MRPL53,153,2000,0.0006800005794502795,0.01669614017009735,0.9980796800712427,0.9842354869026233,0.5096767216940613,0.5096767216940613,0.30330953858480797,0.33,0.28288295708874883,0.757815410352714,0.6086131418591034,13.390302999922874,50
TxPert_official_cell_gat_k562_all_fixed2000,K562,MRPL54,112,2000,0.000909654947463423,0.019554683938622475,0.9973656417441776,0.9779633438003531,0.48790945829537824,0.48790945829537824,0.29458167180920847,0.38,0.30867097011275585,0.8673993865862818,0.6448705647482282,13.344014306995808,50
TxPert_official_cell_gat_k562_all_fixed2000,K562,MRPL55,153,2000,0.0011470095487311482,0.020522987470030785,0.996693326698722,0.979864179771604,0.49116022535681697,0.49116022535681697,0.2774009542004502,0.34,0.31917832660785855,0.7718215239678297,0.6202632837774104,13.46346425740745,50
TxPert_official_cell_gat_k562_all_fixed2000,K562,MRPS10,100,2000,0.000989920343272388,0.020846327766776085,0.997172936377692,0.9764088645101451,0.4028650891849911,0.4028650891849911,0.1649657313566391,0.45,0.4032407694621956,0.9028468188369365,0.678766206412736,14.08970544553346,50
TxPert_official_cell_gat_k562_all_fixed2000,K562,MRPS11,90,2000,0.0011343079386278987,0.022392231971025467,0.9967761949045791,0.9726467316911622,0.4477151060251842,0.4477151060251842,0.2850050759452233,0.41,0.35587763405427236,0.9083951716339975,0.6628452169901241,13.703804576733033,50
TxPert_official_cell_gat_k562_all_fixed2000,K562,MRPS14,82,2000,0.0042465971782803535,0.03766376152634621,0.9884953258144727,0.9488599097839524,0.40436360502611896,0.40436360502611896,0.2928920210248193,0.24,0.22096243731366844,1.0338695385762302,0.7107659396764352,13.855354126731998,50
TxPert_official_cell_gat_k562_all_fixed2000,K562,MRPS18A,108,2000,0.0009151857811957598,0.019869649782776833,0.9973589282840736,0.9776610904346195,0.5545713529937224,0.5545713529937224,0.3332338688408756,0.43,0.40761440704717616,0.8448272253777983,0.6433691795315517,13.786466936084526,50
TxPert_official_cell_gat_k562_all_fixed2000,K562,MRPS2,93,2000,0.000793212209828198,0.01961713470518589,0.9977959160439636,0.9792529508538615,0.2843164612791677,0.2843164612791677,0.15746376034704967,0.25,0.18618520350057932,0.9221521908077291,0.6742733518671797,14.183953980308289,50
TxPert_official_cell_gat_k562_all_fixed2000,K562,MRPS21,126,2000,0.0008169285138137639,0.01900404877960682,0.997652919001251,0.9802840768136457,0.5165298667189131,0.5165298667189131,0.29542727935983554,0.42,0.3616674949195267,0.8347187020633748,0.6486464525798236,13.877250628313643,50
TxPert_official_cell_gat_k562_all_fixed2000,K562,MRPS22,142,2000,0.0007993506151251495,0.01846848428249359,0.9977162342447369,0.9808706144893087,0.35466124440684993,0.35466124440684993,0.16371506589916035,0.38,0.2961296144892284,0.7984090011346672,0.6146185199967396,13.347834238594439,50
TxPert_official_cell_gat_k562_all_fixed2000,K562,MRPS23,108,2000,0.0007653217180632055,0.019066762179136276,0.9979228826901548,0.9789082642829933,0.4750563740092702,0.4750563740092702,0.2652148778892277,0.43,0.38082052035536224,0.870809396687447,0.6552016430044908,13.877355538454157,50
TxPert_official_cell_gat_k562_all_fixed2000,K562,MRPS24,132,2000,0.000981030287221074,0.019289519637823105,0.99742546297121,0.9814522917373362,0.21297401338245106,0.21297401338245106,0.1340030399827303,0.22,0.16041313631673912,0.812693765755294,0.6224055742887051,13.348383651464278,50
TxPert_official_cell_gat_k562_all_fixed2000,K562,MRPS26,111,2000,0.0017719666939228773,0.025265982374548912,0.9951793330791566,0.9752212847467515,0.26380605319554773,0.26380605319554773,0.1874219334821424,0.28,0.16748409541897405,0.8754202773944645,0.6611256828111842,13.842321431165926,50
TxPert_official_cell_gat_k562_all_fixed2000,K562,MRPS27,76,2000,0.0019008514937013388,0.023889582604169846,0.994509019424508,0.9709337314087699,0.29538720809063557,0.29538720809063557,0.29684736133075074,0.33,0.3017694827782904,1.0230259604735352,0.707670540128952,14.213322291202694,50
TxPert_official_cell_gat_k562_all_fixed2000,K562,MRPS28,141,2000,0.0011344670783728361,0.020442713052034378,0.997214732754018,0.980717728880035,0.25810909350774647,0.25810909350774647,0.1938332179690446,0.19,0.1770671509083657,0.8179352078794061,0.6403450783151385,13.751405494865198,50
TxPert_official_cell_gat_k562_all_fixed2000,K562,MRPS34,126,2000,0.001648717443458736,0.024531012400984764,0.995076228407756,0.9708186659830704,0.3968344869742501,0.3968344869742501,0.3167746165545887,0.34,0.25748210952367134,0.9176802488372143,0.6698803954206477,13.562776644309313,50
TxPert_official_cell_gat_k562_all_fixed2000,K562,MRPS35,182,2000,0.0006433564121834934,0.01632978394627571,0.998226827565719,0.9854142917884388,0.565142351662176,0.565142351662176,0.32159180277539356,0.52,0.4757725899903197,0.7234615443580789,0.5928128523996447,13.17052167195124,50
TxPert_official_cell_gat_k562_all_fixed2000,K562,MRPS7,101,2000,0.000646041939035058,0.017695588991045952,0.9981991854379938,0.9823316965556379,0.46265159821036655,0.46265159821036655,0.21037999712439984,0.44,0.3733186446144005,0.8663554746152936,0.6488535861583358,13.783307925762495,50
TxPert_official_cell_gat_k562_all_fixed2000,K562,MRPS9,69,2000,0.0011303180363029242,0.023143049329519272,0.9968047411964285,0.9711823165700116,0.40977606262676974,0.40977606262676974,0.22091879925307376,0.42,0.33526313341204567,0.9866017187478735,0.6998161940144482,13.914019434702263,50
TxPert_official_cell_gat_k562_all_fixed2000,K562,MTBP,183,2000,0.0017832923913374543,0.025167115032672882,0.9946912307880874,0.974039605852006,0.5488192328983829,0.5488192328983829,0.3903712811111651,0.47,0.43213369477800495,0.6970579016716012,0.560563793814118,12.50612517509164,50
TxPert_official_cell_gat_k562_all_fixed2000,K562,MTOR,93,2000,0.0015905210748314857,0.026247559115290642,0.995447931596272,0.9609699480301471,0.7508996255874524,0.7508996255874524,0.5557806806824902,0.55,0.5674618618838196,0.9680124436535376,0.6916564755914638,13.805419560124134,50
TxPert_official_cell_gat_k562_all_fixed2000,K562,MTPAP,86,2000,0.00935999397188425,0.03239671140909195,0.9722835424755187,0.9709008179305061,0.2680910254361258,0.2680910254361258,0.030864272768782397,0.11,0.10456847706087265,1.0838383006470789,0.7201471109390958,13.584290725669817,50
TxPert_official_cell_gat_k562_all_fixed2000,K562,MVD,101,2000,0.002249892335385084,0.02936685085296631,0.9934269005694646,0.9668025694254211,0.32468172504564513,0.32468172504564513,0.22205489925209307,0.24,0.1873589398800166,0.8819554571183787,0.6693208379615869,14.245494537492513,50
TxPert_official_cell_gat_k562_all_fixed2000,K562,MYBBP1A,106,2000,0.00211525009945035,0.02929145283997059,0.9940190764108723,0.9639668486956414,0.5849590433075009,0.5849590433075009,0.396365472233497,0.42,0.41962538345862843,0.8899897247079206,0.6714474209009866,14.14850169588737,50
TxPert_official_cell_gat_k562_all_fixed2000,K562,MYBL2,81,2000,0.0013604016276076436,0.02369302697479725,0.9960265177712005,0.9730646829377929,0.5581892075698492,0.5581892075698492,0.33885127186361874,0.49,0.48236955259681136,0.9563047215053938,0.670074633795069,13.483183742986078,50
TxPert_official_cell_gat_k562_all_fixed2000,K562,MZT1,381,2000,0.00039384019328281283,0.012646087445318699,0.9988422692879952,0.9920472019162845,0.1344124030021974,0.1344124030021974,0.06444022286635959,0.2,0.12316524374796546,0.5735409099131489,0.500120019477619,11.908259904474576,50
TxPert_official_cell_gat_k562_all_fixed2000,K562,N6AMT1,134,2000,0.0007625791477039456,0.018859269097447395,0.9980439782501687,0.9845810058606029,-0.046410609353699984,-0.046410609353699984,-0.016567490643601385,0.18,0.10628744751658435,0.8000602907560156,0.6237579996793419,13.627499659150676,50
TxPert_official_cell_gat_k562_all_fixed2000,K562,NAA10,113,2000,0.004079146310687065,0.03700372576713562,0.9877459347245383,0.9376666319065095,0.1306447713549111,0.1306447713549111,0.10809022452783362,0.11,0.10124266740374817,0.9539329014873917,0.7004879841344096,14.152039447373301,50
TxPert_official_cell_gat_k562_all_fixed2000,K562,NAA15,107,2000,0.0013408642262220383,0.023969361558556557,0.9961534721909565,0.9762999952336774,0.30672494219205737,0.30672494219205737,0.23236845036436846,0.18,0.1598500618456307,0.9390948069720642,0.6897249441695142,14.088382125032336,50
TxPert_official_cell_gat_k562_all_fixed2000,K562,NAA20,158,2000,0.000722002238035202,0.01819208636879921,0.9979035176330128,0.9836081839075512,0.3195166602368763,0.3195166602368763,0.19234611609322916,0.26,0.22244624566309254,0.7968130807062945,0.6292392913678762,13.722729655706216,50
TxPert_official_cell_gat_k562_all_fixed2000,K562,NAA25,162,2000,0.0010696707759052515,0.021980635821819305,0.9968001327550247,0.9790044966443007,0.4063521027851018,0.4063521027851018,0.25829382360158676,0.29,0.25141285684138814,0.8139603723584611,0.6305021577121872,13.672426046702558,50
TxPert_official_cell_gat_k562_all_fixed2000,K562,NACA,315,2000,0.004857269115746021,0.04227371886372566,0.985292558408239,0.9194244275489813,0.6138184261215658,0.6138184261215658,0.505444796161586,0.33,0.3202720206662183,0.8057560259942546,0.6214400012283446,13.277085071044748,50
TxPert_official_cell_gat_k562_all_fixed2000,K562,NAE1,80,2000,0.002129484200850129,0.029157081618905067,0.9939967902914876,0.9593225856048263,0.2959527114507392,0.2959527114507392,0.1087792999184106,0.23,0.20830850862634562,0.9741515358029105,0.7077480259681846,14.365666968017983,50
TxPert_official_cell_gat_k562_all_fixed2000,K562,NARS,149,2000,0.0033740766812115908,0.034875307232141495,0.9898079539011608,0.9529270054895753,0.5512644709132609,0.5512644709132609,0.44203560978452633,0.3,0.2710641053699259,0.9067656112821599,0.6630232907252797,13.569759490976201,50
TxPert_official_cell_gat_k562_all_fixed2000,K562,NAT10,28,2000,0.004605981055647135,0.04502011090517044,0.9853766836511939,0.9296919606133236,0.5296305363748535,0.5296305363748535,0.31883516085303765,0.45,0.36361532088578513,0.9810901513454076,0.6019864468617255,12.897637974507079,50
TxPert_official_cell_gat_k562_all_fixed2000,K562,NBAS,94,2000,0.0010623243870213628,0.02178926393389702,0.9968949181850593,0.9763250729584544,0.19998333428666681,0.19998333428666681,0.1357698607797458,0.2,0.166461332793362,0.9607415207551907,0.6982051490712727,14.146459383640538,50
TxPert_official_cell_gat_k562_all_fixed2000,K562,NCAPH,64,2000,0.009818291291594505,0.05465521290898323,0.9715988568956792,0.871389238322952,0.37524369210366726,0.37524369210366726,0.24353754063133043,0.26,0.2137898563325728,1.1345075425997735,0.7390295645783033,13.904762751472918,50
TxPert_official_cell_gat_k562_all_fixed2000,K562,NCBP1,53,2000,0.004059390630573034,0.042633056640625,0.9869092168145276,0.931637022910732,0.6779822504908787,0.6779822504908787,0.46745513944364986,0.56,0.5392953834713792,1.3267811859684826,0.8247207435236656,14.32689613491275,50
TxPert_official_cell_gat_k562_all_fixed2000,K562,NCBP2,765,2000,0.0026758317835628986,0.03197886049747467,0.9913586445174508,0.9623612775398466,0.7584708038322876,0.7584708038322876,0.5951196954717073,0.59,0.630211026190604,0.6447062633679578,0.5535805557118052,12.795253644304111,50
TxPert_official_cell_gat_k562_all_fixed2000,K562,NCKAP1,64,2000,0.002032458083704114,0.0307381022721529,0.9940637098532232,0.9557037839438887,0.2512261585134857,0.2512261585134857,0.1865734207562335,0.22,0.129084963086815,1.0297021267921336,0.6938623020401942,13.455875141734477,50
TxPert_official_cell_gat_k562_all_fixed2000,K562,NCL,138,2000,0.0022973106242716312,0.025207843631505966,0.9931750734094924,0.9743299493833918,0.2765352053752437,0.2765352053752437,0.1940986056049018,0.32,0.2653634122375033,0.8235663610976931,0.6328046167682893,13.869453149427159,50
TxPert_official_cell_gat_k562_all_fixed2000,K562,NDC80,171,2000,0.00393713777884841,0.03615414723753929,0.988146207146971,0.9384691134488823,0.5636548720993763,0.5636548720993763,0.42894926877661615,0.4,0.36595915263479245,0.961969311500161,0.6619277873120075,12.83592846073542,50
TxPert_official_cell_gat_k562_all_fixed2000,K562,NDUFA2,111,2000,0.00581956934183836,0.04709411412477493,0.984473743545537,0.9264562651632846,0.5206647609382674,0.5206647609382674,0.5278181894699773,0.34,0.2877022845006007,1.0669663999153887,0.7326333247161883,13.935907946449426,50
TxPert_official_cell_gat_k562_all_fixed2000,K562,NDUFA6,151,2000,0.0006726647261530161,0.016733575612306595,0.9980699621851964,0.9846991582901979,0.352099749767622,0.352099749767622,0.2506140741895504,0.3,0.2555877270061142,0.7733775392876828,0.6236210694035238,13.976880151581797,50
TxPert_official_cell_gat_k562_all_fixed2000,K562,NDUFA8,85,2000,0.0009561889455653727,0.02068179100751877,0.9971945021595213,0.975191144831457,0.435153456205389,0.435153456205389,0.30799754099921695,0.35,0.260427909010915,0.9223514631555613,0.6723966973573323,13.84271486156323,50
TxPert_official_cell_gat_k562_all_fixed2000,K562,NDUFAB1,143,2000,0.001597020193003118,0.024179859086871147,0.9953667948275651,0.9731570787477243,0.5233641276478131,0.5233641276478131,0.3453499849546953,0.31,0.26964177362591224,0.8155464334783379,0.6480880549895552,14.136930556565794,50
TxPert_official_cell_gat_k562_all_fixed2000,K562,NDUFB10,148,2000,0.0011928539024665952,0.021408433094620705,0.9965875599892067,0.9746682419441214,0.32556124840482664,0.32556124840482664,0.22451812061604845,0.25,0.19401567179961382,0.7662330144362938,0.6138278526338573,13.478493693806772,50
TxPert_official_cell_gat_k562_all_fixed2000,K562,NDUFB4,147,2000,0.0008681706967763603,0.019023509696125984,0.997445758734975,0.9809099707265387,0.42484682104491533,0.42484682104491533,0.2771434147357507,0.31,0.2421687529378603,0.7817959148190994,0.6191445943560793,13.647149649467428,50
TxPert_official_cell_gat_k562_all_fixed2000,K562,NDUFB8,174,2000,0.000755838118493557,0.017498334869742393,0.9978277732023628,0.9852869921007441,0.542006323946022,0.542006323946022,0.38832886167993347,0.36,0.36947252521698265,0.7582818532686892,0.610464912413075,13.47676144131394,50
TxPert_official_cell_gat_k562_all_fixed2000,K562,NEDD1,134,2000,0.0015365713043138385,0.023263409733772278,0.9954766843768081,0.9749655223321848,0.24085842207130412,0.24085842207130412,0.18064062492717728,0.3,0.25595796639475427,0.7965103066173316,0.6154209948478835,13.210914543322424,50
TxPert_official_cell_gat_k562_all_fixed2000,K562,NEDD8,190,2000,0.004336967132985592,0.03614157810807228,0.9873907594987491,0.9473420991946568,0.1218787321186532,0.1218787321186532,0.1389027591221295,0.3,0.22804991807302577,0.8142863284501124,0.6169740351342217,12.932076558823601,50
TxPert_official_cell_gat_k562_all_fixed2000,K562,NELFA,82,2000,0.0019170591840520501,0.029843637719750404,0.9944910968577272,0.956371740428746,0.6552357495055785,0.6552357495055785,0.4018657338475248,0.55,0.5931710687035209,1.0312395883861336,0.7229460121502601,14.05400382855162,50
TxPert_official_cell_gat_k562_all_fixed2000,K562,NELFB,125,2000,0.001460908679291606,0.025440575554966927,0.9954805536307128,0.9725447423164975,0.5127598112717309,0.5127598112717309,0.3301804930090875,0.32,0.30926497956167326,0.934369132515437,0.680023460968356,13.768113323107427,50
TxPert_official_cell_gat_k562_all_fixed2000,K562,NELFCD,174,2000,0.0014538585674017668,0.025131817907094955,0.996000586762299,0.9712928068889941,0.579677268819889,0.579677268819889,0.3267773066859922,0.51,0.49395670703191175,0.7862526844589257,0.6313714722683053,13.97245481811933,50
TxPert_official_cell_gat_k562_all_fixed2000,K562,NELFE,66,2000,0.0020158025436103344,0.030552128329873085,0.9942258600504597,0.9523526473519266,0.5420522629427691,0.5420522629427691,0.33324986815188967,0.42,0.42015810919621244,1.0614972964458629,0.7231661433625751,14.160691485583879,50
TxPert_official_cell_gat_k562_all_fixed2000,K562,NEPRO,42,2000,0.0034382666926831007,0.03794243186712265,0.9899931121950076,0.9585777551432098,0.4877730997839221,0.4877730997839221,0.3462713040793833,0.35,0.29132333743405064,1.07698114531837,0.6896956917396974,12.846441000843202,50
TxPert_official_cell_gat_k562_all_fixed2000,K562,NFRKB,223,2000,0.0008596008410677314,0.01909288763999939,0.9975105442836376,0.9839495568562905,0.3992365884294585,0.3992365884294585,0.2462654621608196,0.38,0.3566132852709257,0.7222847807161474,0.5885589819710725,13.021652531242685,50
TxPert_official_cell_gat_k562_all_fixed2000,K562,NFS1,75,2000,0.00240881834179163,0.030797744169831276,0.9928318466668148,0.9534631866682134,0.4496573577294102,0.4496573577294102,0.3079418443426677,0.37,0.3112949550948438,1.0293417089207388,0.7176765475197411,14.19754401901899,50
TxPert_official_cell_gat_k562_all_fixed2000,K562,NIFK,203,2000,0.0023148898035287857,0.028886951506137848,0.9929706787564406,0.9698760323715042,0.6432171595302003,0.6432171595302003,0.5361399055996671,0.42,0.3977288207905401,0.7343030727797597,0.5762705689305961,12.808468364691516,50
TxPert_official_cell_gat_k562_all_fixed2000,K562,NIP7,216,2000,0.00309628713876009,0.03329251706600189,0.9916282009975345,0.9597758426672129,0.49127049370945336,0.49127049370945336,0.3326040055414698,0.34,0.3116753179130183,0.7306573389054333,0.591963240785383,13.186681231347274,50
TxPert_official_cell_gat_k562_all_fixed2000,K562,NKAP,106,2000,0.0039236159063875675,0.03847420960664749,0.9885141043605186,0.9373466341947366,0.5979981567776559,0.5979981567776559,0.5864508115727264,0.29,0.2642288562748847,0.981280993647022,0.6838655961090504,13.555006253769283,50
TxPert_official_cell_gat_k562_all_fixed2000,K562,NLE1,396,2000,0.0017331799026578665,0.025062983855605125,0.9950793161819605,0.9731912676507516,0.7021761916252669,0.7021761916252669,0.5760262244460249,0.49,0.4916253516015669,0.5983349094938163,0.5199890683055848,12.327666571432296,50
TxPert_official_cell_gat_k562_all_fixed2000,K562,NMD3,57,2000,0.002488386118784547,0.032043587416410446,0.9933325523901584,0.9534682264721642,0.5298798594391643,0.5298798594391643,0.3700857883362202,0.37,0.34332071053433155,1.0548078112038524,0.7354196706346373,14.648167256445488,50
TxPert_official_cell_gat_k562_all_fixed2000,K562,NOB1,45,2000,0.002663238439708948,0.034818973392248154,0.9915945667051886,0.949148968321928,0.5388621471132872,0.5388621471132872,0.302037022453661,0.49,0.4087865909699152,1.1751669050520632,0.7527631179880163,13.67949944169854,50
TxPert_official_cell_gat_k562_all_fixed2000,K562,NOC3L,73,2000,0.0015838607214391232,0.026802999898791313,0.9954643619287982,0.9655039451857446,0.634180435198887,0.634180435198887,0.46802849066745417,0.47,0.4210302653687979,0.9722809636006865,0.6937111678420408,14.2039832805366,50
TxPert_official_cell_gat_k562_all_fixed2000,K562,NOC4L,32,2000,0.0035149564500898123,0.04047328978776932,0.9888261422250503,0.9383241220004038,0.6022879316150971,0.6022879316150971,0.35446024282409017,0.57,0.5371245213701313,1.0603667743879135,0.6641105548013456,14.20592658966155,50
TxPert_official_cell_gat_k562_all_fixed2000,K562,NOL11,219,2000,0.004487084690481424,0.03927427530288696,0.98564190609262,0.9506294716338838,0.5601471817425887,0.5601471817425887,0.35254551227414593,0.53,0.4103257000398134,0.8173404179170172,0.6222053254476128,13.201371369486669,50
TxPert_official_cell_gat_k562_all_fixed2000,K562,NOL12,83,2000,0.0016944542294368148,0.026645278558135033,0.995316966195115,0.9683671230737595,0.4725301914932668,0.4725301914932668,0.3331346902543087,0.39,0.30678434438787355,0.909998533557893,0.6709332971379081,14.079871457115392,50
TxPert_official_cell_gat_k562_all_fixed2000,K562,NOL6,107,2000,0.0034563536755740643,0.03719067573547363,0.9892371492036328,0.9597081095831137,0.6717965576223043,0.6717965576223043,0.45655137068155716,0.59,0.5727204784625647,0.9625661179454458,0.6862764620817445,13.859690398457547,50
TxPert_official_cell_gat_k562_all_fixed2000,K562,NOL8,70,2000,0.0026548425666987896,0.031971246004104614,0.9926256238078823,0.9555960075245128,0.5017912728610614,0.5017912728610614,0.3531209384926016,0.34,0.301072439311241,0.9913305734130988,0.7101181896674886,14.461185126929172,50
TxPert_official_cell_gat_k562_all_fixed2000,K562,NOLC1,106,2000,0.001722395303659141,0.026317240670323372,0.9954276797475959,0.969627439645503,0.26564942356832183,0.26564942356832183,0.11821971365320104,0.31,0.26452015000360907,0.8950564585078462,0.6750462751424148,14.139524160035812,50
TxPert_official_cell_gat_k562_all_fixed2000,K562,NOM1,65,2000,0.0033902879804372787,0.03567644581198692,0.9894218457213997,0.9544241193409783,0.31697838732193645,0.31697838732193645,0.184647549436297,0.29,0.21913842313378895,1.1359576627327606,0.7709797975578979,14.34831518446796,50
TxPert_official_cell_gat_k562_all_fixed2000,K562,NOP10,124,2000,0.002123443875461817,0.028339609503746033,0.9935920056811903,0.9734781773666391,0.3539575606090322,0.3539575606090322,0.13441429580699849,0.33,0.2739632534493675,0.8982225979249391,0.6770316757452122,13.875775031220796,50
TxPert_official_cell_gat_k562_all_fixed2000,K562,NOP14,38,2000,0.0036867279559373856,0.04061414673924446,0.9881166903276389,0.9384684479028386,0.5700900466623894,0.5700900466623894,0.2973722339638645,0.55,0.47718937528183636,1.146286526356988,0.717339050284266,14.035475291321873,50
TxPert_official_cell_gat_k562_all_fixed2000,K562,NOP16,133,2000,0.0025635778438299894,0.0315743088722229,0.9924141535791622,0.96551421549347,0.523944664474122,0.523944664474122,0.3670248742359055,0.37,0.31568736424447225,0.8167603849916482,0.6170004595267461,13.12962872396115,50
TxPert_official_cell_gat_k562_all_fixed2000,K562,NOP2,56,2000,0.0032080442178994417,0.03741900622844696,0.9901236776672403,0.9460393797677495,0.6190713527223182,0.6190713527223182,0.4562137114542404,0.44,0.4307349366298654,1.146373431004114,0.749441937418592,14.222260223727165,50
TxPert_official_cell_gat_k562_all_fixed2000,K562,NOP58,39,2000,0.003978111315518618,0.04123152419924736,0.9875749429251023,0.932857061909022,0.576465189523934,0.576465189523934,0.3347729509271223,0.51,0.4708765606713103,1.1365578630308835,0.7253458866289647,13.475172217186966,50
TxPert_official_cell_gat_k562_all_fixed2000,K562,NPLOC4,52,2000,0.004422871861606836,0.042364589869976044,0.9868322995835807,0.9181963637896474,0.6817307666756109,0.6817307666756109,0.48451589762611547,0.54,0.5118204337710245,1.2966147573650912,0.810511379470675,14.334364586554846,50
TxPert_official_cell_gat_k562_all_fixed2000,K562,NRBP1,62,2000,0.0018589278915897012,0.02982245571911335,0.9944258822980109,0.9618009818163115,0.4306955057129199,0.4306955057129199,0.29489267581435896,0.26,0.19833671761873756,1.1211612601803294,0.7426246145261467,14.189190832977527,50
TxPert_official_cell_gat_k562_all_fixed2000,K562,NRDE2,495,2000,0.0024323901161551476,0.030728483572602272,0.9929256500667984,0.9558619292863614,0.5679687278281357,0.5679687278281357,0.4298751506867521,0.32,0.2730967576885035,0.6341568332893567,0.545736154268042,12.722426457791602,50
TxPert_official_cell_gat_k562_all_fixed2000,K562,NRF1,71,2000,0.004309382755309343,0.03929147124290466,0.9879321302889414,0.9274038825034764,0.16279199922509674,0.16279199922509674,0.08976224116618603,0.17,0.1341327919221138,1.0395862508980287,0.7321600364962922,14.099027015753165,50
TxPert_official_cell_gat_k562_all_fixed2000,K562,NSA2,71,2000,0.0016679117688909173,0.02682715468108654,0.9954073945582047,0.9652414989775041,0.5165715984510623,0.5165715984510623,0.34462864457620485,0.38,0.39093955077511966,0.9792038160057212,0.7087802352978093,14.504708630050011,50
TxPert_official_cell_gat_k562_all_fixed2000,K562,NSRP1,188,2000,0.005915457382798195,0.04508274048566818,0.9830332856353645,0.911497869180657,0.5929467038869031,0.5929467038869031,0.6298113687932075,0.28,0.2028603123346898,0.9062768206327736,0.6492129485910044,13.299254116684127,50
TxPert_official_cell_gat_k562_all_fixed2000,K562,NUBP1,144,2000,0.0021882790606468916,0.027491439133882523,0.9936278017437838,0.9658746228756481,0.43968248266008614,0.43968248266008614,0.2733140132172838,0.33,0.2973971216677739,0.8306918478755496,0.6437920916845805,13.57818741661966,50
TxPert_official_cell_gat_k562_all_fixed2000,K562,NUDC,106,2000,0.0012135963188484311,0.023715266957879066,0.9965911359780387,0.9731639516399483,0.31706383973187363,0.31706383973187363,0.21386216558865814,0.26,0.18004899546630243,0.9288052042844934,0.6814109874298845,14.033804706514736,50
TxPert_official_cell_gat_k562_all_fixed2000,K562,NUDCD3,108,2000,0.002166310092434287,0.02880348078906536,0.993785173079764,0.9636449000059625,0.35211482810203415,0.35211482810203415,0.2868447833124382,0.24,0.21107409492223003,0.9466146462863892,0.6790384756560449,13.649525116157072,50
TxPert_official_cell_gat_k562_all_fixed2000,K562,NUDT21,57,2000,0.004772911313921213,0.044486697763204575,0.9855934297476696,0.9292147444743454,0.41149349415676456,0.41149349415676456,0.278006876026143,0.27,0.18337790056546346,1.167752479219083,0.7698604419110356,14.443487598280123,50
TxPert_official_cell_gat_k562_all_fixed2000,K562,NUF2,404,2000,0.005331697873771191,0.03961068019270897,0.9837888620933083,0.9193115793805711,0.6101905057878321,0.6101905057878321,0.49203951169185,0.4,0.37501185179669205,0.7207414552590747,0.5559189431019185,11.900160965292468,50
TxPert_official_cell_gat_k562_all_fixed2000,K562,NUFIP1,57,2000,0.0010856571607291698,0.023655323311686516,0.9967099355291048,0.9725087188154719,0.4672380141218465,0.4672380141218465,0.17433827053633993,0.47,0.43790622617472424,1.03894367877392,0.7095729446110784,13.958506228074045,50
TxPert_official_cell_gat_k562_all_fixed2000,K562,NUMA1,203,2000,0.002178212394937873,0.02912646159529686,0.9936124268951968,0.9620053607488792,0.36240895066157763,0.36240895066157763,0.2692882574812021,0.28,0.2453448786931748,0.7860052475515199,0.614018536307685,13.243096167949405,50
TxPert_official_cell_gat_k562_all_fixed2000,K562,NUP107,237,2000,0.003953106701374054,0.037265125662088394,0.9884361775049147,0.9463872846099028,0.5425377726412002,0.5425377726412002,0.5400988970287866,0.32,0.2749101952979565,0.8400859574519959,0.6343469082206808,13.12967506653611,50
TxPert_official_cell_gat_k562_all_fixed2000,K562,NUP133,70,2000,0.001721783890388906,0.027559589594602585,0.9950467312108248,0.962897794541043,0.430030954717378,0.430030954717378,0.35035123942238283,0.31,0.21895254009127127,1.0604966733450252,0.7461064445237311,14.884094145421125,50
TxPert_official_cell_gat_k562_all_fixed2000,K562,NUP160,234,2000,0.004742840304970741,0.03801926225423813,0.9859371828879266,0.9269789195213481,0.635197142483624,0.635197142483624,0.5253134548900821,0.42,0.4202972219924972,0.791441919158282,0.6170136965226672,13.210949943441003,50
TxPert_official_cell_gat_k562_all_fixed2000,K562,NUP54,266,2000,0.0038452153094112873,0.035101503133773804,0.9887869193307245,0.9330454488186575,0.5942140234989203,0.5942140234989203,0.4676314836870219,0.37,0.36384781047657827,0.7349753902573473,0.5951371063144983,13.170697039624622,50
TxPert_official_cell_gat_k562_all_fixed2000,K562,NUP62,86,2000,0.006429058965295553,0.04904280975461006,0.9803634423887062,0.8967392027227977,0.6348819528668165,0.6348819528668165,0.4894039427998751,0.43,0.3954585817898003,1.0974155992563528,0.7350768409044197,13.997949200595219,50
TxPert_official_cell_gat_k562_all_fixed2000,K562,NUP85,107,2000,0.00158308120444417,0.025090178474783897,0.9953204380913139,0.9675260413752169,0.5861261510305236,0.5861261510305236,0.47514896568343506,0.42,0.4079675747538268,0.9022429595038924,0.6607208093440012,13.561276316240003,50
TxPert_official_cell_gat_k562_all_fixed2000,K562,NUP88,35,2000,0.0030759049113839865,0.03823348134756088,0.990708575666085,0.9303320234066472,0.5161421427070177,0.5161421427070177,0.40807016967620824,0.31,0.2833263851975911,1.0773046357328142,0.6725441894906354,13.087985211497598,50
TxPert_official_cell_gat_k562_all_fixed2000,K562,NUP98,410,2000,0.002184381242841482,0.02897433191537857,0.9938764253184188,0.9699634680304849,0.5757748354651692,0.5757748354651692,0.49696058428911744,0.38,0.33555598990881647,0.6736969299696531,0.5502037034609522,12.300309489701084,50
TxPert_official_cell_gat_k562_all_fixed2000,K562,NUTF2,44,2000,0.004266215022653341,0.04317557066679001,0.9872769892224823,0.9249392302356725,0.5509898582054167,0.5509898582054167,0.4453591826462292,0.31,0.31764188135705423,1.146790249335298,0.7583193982845224,14.241953648149847,50
TxPert_official_cell_gat_k562_all_fixed2000,K562,NVL,105,2000,0.0019375961273908615,0.027214908972382545,0.9948559834508736,0.9668580429868613,0.5568442631025502,0.5568442631025502,0.40416852425024297,0.42,0.3794944711111627,0.8512184565628982,0.6515640338685429,13.821181093742444,50
TxPert_official_cell_gat_k562_all_fixed2000,K562,OGFOD1,101,2000,0.002918301150202751,0.035109538584947586,0.991364371079319,0.9512981258904701,0.5646370239710792,0.5646370239710792,0.4430860157155728,0.33,0.29951827421643995,0.9448909359288291,0.6916824792749178,14.187830762207843,50
TxPert_official_cell_gat_k562_all_fixed2000,K562,OGT,31,2000,0.004323712550103664,0.044532205909490585,0.9872536329762556,0.9248574388063961,0.27647899644813495,0.27647899644813495,0.201705932842489,0.22,0.13427910074419905,0.9782605312553722,0.6190194135815805,13.725132854230944,50
TxPert_official_cell_gat_k562_all_fixed2000,K562,OPA1,53,2000,0.0028771383222192526,0.02679291181266308,0.9916548461211082,0.9657356538296565,0.4748985172100989,0.4748985172100989,0.29078844176570284,0.44,0.46187435031350577,1.130910324072524,0.7549155869731776,14.336351413312292,50
TxPert_official_cell_gat_k562_all_fixed2000,K562,ORC1,477,2000,0.0027370534371584654,0.028178047388792038,0.9919074883722812,0.9615256171956784,0.5064240547068095,0.5064240547068095,0.39764552924529983,0.43,0.38502349275425335,0.6113955258231992,0.5243856173314957,12.190892209004007,50
TxPert_official_cell_gat_k562_all_fixed2000,K562,ORC5,89,2000,0.0017383003141731024,0.026607751846313477,0.9949526548482308,0.968418510533964,0.19791619162765325,0.19791619162765325,0.13066972308760297,0.19,0.11154894807333612,0.9675493888598256,0.7113482864249357,14.503898712076793,50
TxPert_official_cell_gat_k562_all_fixed2000,K562,OXA1L,305,2000,0.0013918214244768023,0.02146897464990616,0.9960385399679461,0.9796003211343358,0.6294028522962551,0.6294028522962551,0.4455166372265516,0.52,0.4485039059997186,0.6674181574979084,0.5688250416530454,13.120870963720858,50
TxPert_official_cell_gat_k562_all_fixed2000,K562,PABPN1,93,2000,0.0035163110587745905,0.03759802505373955,0.9893890679834358,0.9342812729654717,0.5319193009360741,0.5319193009360741,0.4263782966600517,0.38,0.3496248133924959,0.9794312764015521,0.6857700081335593,13.562762529353375,50
TxPert_official_cell_gat_k562_all_fixed2000,K562,PAF1,229,2000,0.008072695694863796,0.05250025913119316,0.9766954499946648,0.9084405673739295,0.5366039045178496,0.5366039045178496,0.5476054612494193,0.39,0.31904258013728665,0.9622557160636217,0.6807209096613179,13.487292471559432,50
TxPert_official_cell_gat_k562_all_fixed2000,K562,PAM16,43,2000,0.005290654953569174,0.04121919721364975,0.9846680879995507,0.9289368533444404,0.6578569529495751,0.6578569529495751,0.4798724220806737,0.51,0.5298900898791211,1.2200137112163747,0.7600429802077409,14.04054314239864,50
TxPert_official_cell_gat_k562_all_fixed2000,K562,PAXBP1,114,2000,0.0019050976261496544,0.02805384062230587,0.9944484513007799,0.9661125850198927,0.6028530835766198,0.6028530835766198,0.5385848765936264,0.32,0.32759261365550385,0.9169668012060722,0.6710327984977106,13.843136077787792,50
TxPert_official_cell_gat_k562_all_fixed2000,K562,PCBP1,93,2000,0.0016941791400313377,0.027082005515694618,0.9952014637396854,0.9656329513896356,0.35499568994839575,0.35499568994839575,0.2432431510573762,0.32,0.24181908948639022,0.9342695349715184,0.6781736053989724,13.877151905378167,50
TxPert_official_cell_gat_k562_all_fixed2000,K562,PCF11,393,2000,0.002478049835190177,0.028457945212721825,0.9924425279743656,0.9684349710193638,0.4678379978823706,0.4678379978823706,0.43015311872875467,0.36,0.27135156518881487,0.69423554188329,0.5525670066796498,12.076650833268816,50
TxPert_official_cell_gat_k562_all_fixed2000,K562,PCID2,208,2000,0.0006367548485286534,0.016726911067962646,0.9981980895572213,0.9856268665142845,0.20973777758437473,0.20973777758437473,0.16752053145859597,0.21,0.11033490293354802,0.7054930759524466,0.5929049548839661,13.470158299225123,50
TxPert_official_cell_gat_k562_all_fixed2000,K562,PCNA,82,2000,0.007800326216965914,0.0523793064057827,0.9752656121212038,0.8884969850962693,0.5230541370633077,0.5230541370633077,0.4202744623428648,0.43,0.41060472489519045,1.1439543002979666,0.7494304309676462,13.70159383984453,50
TxPert_official_cell_gat_k562_all_fixed2000,K562,PDAP1,38,2000,0.00180584576446563,0.03068162314593792,0.994617326644854,0.9522080983392807,0.5040288619897917,0.5040288619897917,0.310299978717564,0.38,0.39370806705590733,1.0114278414638986,0.6277517168555291,12.551778342094629,50
TxPert_official_cell_gat_k562_all_fixed2000,K562,PDCD11,95,2000,0.0053368424996733665,0.04567104950547218,0.9830611990250909,0.9417661712146043,0.5977020027890236,0.5977020027890236,0.3848650545702513,0.49,0.41591011264534844,1.0296748636620068,0.7223640148876119,14.4356824830751,50
TxPert_official_cell_gat_k562_all_fixed2000,K562,PDCD2,59,2000,0.0019643588457256556,0.029224419966340065,0.9939288828236952,0.9639495878434089,0.5100588148554185,0.5100588148554185,0.14417271435865758,0.54,0.43166495368385127,1.1092811980141861,0.7494082966760878,14.49061877387893,50
TxPert_official_cell_gat_k562_all_fixed2000,K562,PDCD7,80,2000,0.0014874670887365937,0.025218797847628593,0.9955667615912899,0.966111159845032,0.49909283963740386,0.49909283963740386,0.37131441715027363,0.42,0.3474905390964753,0.9738434241426758,0.6876630389195304,13.939137577796545,50
TxPert_official_cell_gat_k562_all_fixed2000,K562,PDRG1,111,2000,0.0019628785084933043,0.028491728007793427,0.9940438249630893,0.9574892839834135,0.5043326915897178,0.5043326915897178,0.3489190520873144,0.42,0.36190290756764165,0.9296818344067621,0.6795860498185868,13.681767499074567,50
TxPert_official_cell_gat_k562_all_fixed2000,K562,PELO,240,2000,0.0036645482759922743,0.03677251562476158,0.9904341736652621,0.9491151804904879,0.3511835473979992,0.3511835473979992,0.2711843224782328,0.26,0.18217613525294019,0.7550622911497347,0.604896416132526,13.346623224807765,50
TxPert_official_cell_gat_k562_all_fixed2000,K562,PELP1,60,2000,0.003189715091139078,0.03639547526836395,0.9905381092202109,0.9432199358334995,0.5228808005221374,0.5228808005221374,0.3354922471351036,0.41,0.39894969077437065,1.124189233075143,0.7400361555705282,13.962088584465407,50
TxPert_official_cell_gat_k562_all_fixed2000,K562,PES1,54,2000,0.002668921835720539,0.033741384744644165,0.9921766140230972,0.9556729162236604,0.4965028157866693,0.4965028157866693,0.34351061993688514,0.33,0.2951199911603047,1.015800204834136,0.7114977645229323,14.049204355418405,50
TxPert_official_cell_gat_k562_all_fixed2000,K562,PET117,80,2000,0.0007364335469901562,0.019242191687226295,0.9978179947850355,0.9786094198843157,0.6651285373732414,0.6651285373732414,0.213011324424947,0.47,0.507604357763099,0.952262775897391,0.6877664580495653,14.526222749226465,50
TxPert_official_cell_gat_k562_all_fixed2000,K562,PFDN2,77,2000,0.003446428570896387,0.03761138394474983,0.9892619708763517,0.9333567454971717,0.6104951254922609,0.6104951254922609,0.4434709685724791,0.49,0.4790009785990298,1.099913989808078,0.746573831567282,14.092594865090776,50
TxPert_official_cell_gat_k562_all_fixed2000,K562,PFN1,239,2000,0.002147290389984846,0.02603183314204216,0.9937598993759708,0.963446322455881,0.3230193943368452,0.3230193943368452,0.2601819819735214,0.22,0.1700392639472687,0.6890152291213336,0.5673348765789198,12.633319666388006,50
TxPert_official_cell_gat_k562_all_fixed2000,K562,PGAM1,145,2000,0.0007071052677929401,0.01800074428319931,0.9979633240393083,0.9814885098353113,0.3908754202376117,0.3908754202376117,0.2465431067867197,0.3,0.21665786968547918,0.8153844942225512,0.6373643190844913,13.943722918614014,50
TxPert_official_cell_gat_k562_all_fixed2000,K562,PGD,98,2000,0.0024198058526962996,0.029627902433276176,0.9931045158981422,0.9674082700926996,0.31426165814935747,0.31426165814935747,0.2786548319739465,0.28,0.2043518645654733,0.9696163177805939,0.6970492814903999,13.881706702864626,50
TxPert_official_cell_gat_k562_all_fixed2000,K562,PGPEP1,51,2000,0.0018160591134801507,0.029347125440835953,0.9945042423906095,0.9562023737822879,0.44724367273361504,0.44724367273361504,0.29276555024083967,0.31,0.2555997145308277,1.1100596492680537,0.7126999839532053,13.206048946010137,50
TxPert_official_cell_gat_k562_all_fixed2000,K562,PHAX,304,2000,0.0016540762735530734,0.02482234686613083,0.9952027940055879,0.9705529012175154,0.6941486644898175,0.6941486644898175,0.6575013318771648,0.45,0.4237566910026687,0.6939330621923606,0.5735640048342924,12.726494885666698,50
TxPert_official_cell_gat_k562_all_fixed2000,K562,PHB,217,2000,0.011091523803770542,0.05963736027479172,0.9665171948650003,0.9093738051276458,0.7266043908202923,0.7266043908202923,0.5789404231021019,0.53,0.517250412923927,0.942323580699573,0.6686769354534734,13.358525569931595,50
TxPert_official_cell_gat_k562_all_fixed2000,K562,PHB2,292,2000,0.006346074398607016,0.04735712334513664,0.9813331563209043,0.9251384706808544,0.752720280770235,0.752720280770235,0.6234315261649432,0.46,0.48954540341872965,0.8513816575541928,0.6402052372642559,13.229351266123869,50
TxPert_official_cell_gat_k562_all_fixed2000,K562,PHF5A,197,2000,0.003982590511441231,0.04018847644329071,0.9881700384775692,0.9224031723662125,0.6568969837424031,0.6568969837424031,0.567363401126857,0.38,0.3172697647770116,0.8306172243046275,0.6287204222894064,13.314303760111185,50
TxPert_official_cell_gat_k562_all_fixed2000,K562,PIAS4,173,2000,0.001857886789366603,0.02593369223177433,0.9944121187638824,0.975351531723819,0.5122519581466708,0.5122519581466708,0.34595661893418167,0.33,0.27432859224433326,0.7880637176537816,0.608880292607528,13.081294302963217,50
TxPert_official_cell_gat_k562_all_fixed2000,K562,PKM,44,2000,0.0018540919991210103,0.028801336884498596,0.9946801734567841,0.9605343874465277,0.18145596262272953,0.18145596262272953,0.08085966784025418,0.16,0.13728683213539147,1.1067510735989754,0.7241881299378089,13.826395812764687,50
TxPert_official_cell_gat_k562_all_fixed2000,K562,PLRG1,80,2000,0.00572681101039052,0.04890576750040054,0.9827171573705649,0.9247685914457242,0.6381631627851571,0.6381631627851571,0.6105957739510972,0.39,0.3587879034788652,1.2356433634427872,0.7631575822399853,13.396399640902338,50
TxPert_official_cell_gat_k562_all_fixed2000,K562,PMF1,255,2000,0.0008265991345979273,0.01789255440235138,0.9974498872170864,0.9824692327799555,0.592309172716046,0.592309172716046,0.4564920754145545,0.41,0.38458974057053685,0.8070578614079932,0.6226279713241284,13.082399511634005,50
TxPert_official_cell_gat_k562_all_fixed2000,K562,PMPCA,114,2000,0.004036516882479191,0.027714669704437256,0.9880055842927724,0.969842316378497,0.48263855430600827,0.48263855430600827,0.4790021051415423,0.35,0.31692202465511754,0.9344578399590533,0.6779159300919343,13.786817973492221,50
TxPert_official_cell_gat_k562_all_fixed2000,K562,PMPCB,471,2000,0.0029782727360725403,0.024263590574264526,0.9913310791937551,0.9769340543502708,0.6284023145354538,0.6284023145354538,0.5852143885381189,0.48,0.47776184978905806,0.658753786637228,0.5576805238590673,12.761390877596632,50
TxPert_official_cell_gat_k562_all_fixed2000,K562,PNISR,89,2000,0.0015385657316073775,0.02529161609709263,0.9954507055655122,0.9693566638274003,0.35454292197409026,0.35454292197409026,0.29406303970193887,0.29,0.2210930278297261,0.932843844945848,0.684236631474808,14.083233156117352,50
TxPert_official_cell_gat_k562_all_fixed2000,K562,PNN,64,2000,0.0028443376068025827,0.035264041274785995,0.9914793494216093,0.949443480814606,0.46107346199052973,0.46107346199052973,0.31385429071694054,0.33,0.2672629521076677,1.1535090688551979,0.7842549444705036,14.326027481787051,50
TxPert_official_cell_gat_k562_all_fixed2000,K562,PNO1,114,2000,0.003176279366016388,0.03560084477066994,0.9895984036149846,0.956408091468282,0.6767398095542968,0.6767398095542968,0.43858050681102984,0.59,0.5642662410570796,0.9713786722089104,0.6834211653258028,13.544651313608425,50
TxPert_official_cell_gat_k562_all_fixed2000,K562,PNPT1,112,2000,0.005590205546468496,0.03249269351363182,0.9846580049136195,0.9652767029181339,0.023081524706444367,0.023081524706444367,0.10864584295911657,0.17,0.12311123967202889,0.9621558150162356,0.6956227989746725,14.167502931023106,50
TxPert_official_cell_gat_k562_all_fixed2000,K562,POLA1,195,2000,0.0057146442122757435,0.04036195948719978,0.9826967498846751,0.9221082044161544,0.45535784989358136,0.45535784989358136,0.37981760679043763,0.4,0.35407022692285894,0.8035248886663107,0.6188623925532937,12.991884157092654,50
TxPert_official_cell_gat_k562_all_fixed2000,K562,POLA2,212,2000,0.005924711003899574,0.04108358919620514,0.9822505277723742,0.9159174221317382,0.46597324858816197,0.46597324858816197,0.40570808639208095,0.35,0.3275398347408621,0.7572399986975092,0.5928214876143675,12.903969871106952,50
TxPert_official_cell_gat_k562_all_fixed2000,K562,POLD1,197,2000,0.007133511360734701,0.04783889278769493,0.9788722304783437,0.9025236213907446,0.42375413327093847,0.42375413327093847,0.3096502100684645,0.31,0.2774963443985076,0.7578294156600474,0.5997370412098157,13.18041709524822,50
TxPert_official_cell_gat_k562_all_fixed2000,K562,POLD2,63,2000,0.003326557343825698,0.03616952523589134,0.9899752695633954,0.9458003950968488,0.44951175749168276,0.44951175749168276,0.2635660244523376,0.4,0.36434567390637806,0.9498679053557718,0.6754726845552201,13.634843893732615,50
TxPert_official_cell_gat_k562_all_fixed2000,K562,POLD3,65,2000,0.0034334443043917418,0.036216896027326584,0.9896202193253693,0.9479938935020091,0.3423277632899921,0.3423277632899921,0.1852130039061227,0.33,0.26287959485484624,0.9548139851254718,0.6853037616208026,14.036809045784992,50
TxPert_official_cell_gat_k562_all_fixed2000,K562,POLE,154,2000,0.0027725440450012684,0.03178608417510986,0.9918640265175666,0.9628399097561563,0.46792184961023586,0.46792184961023586,0.3394946192556593,0.36,0.3340128842835383,0.8118314577123599,0.612331686343434,12.930928773960783,50
TxPert_official_cell_gat_k562_all_fixed2000,K562,POLR1A,115,2000,0.004427237901836634,0.039781250059604645,0.9868030894927089,0.9491476470243846,0.5094612574371733,0.5094612574371733,0.26905220719961487,0.46,0.3541388494048466,0.9343003084564474,0.6657050136877158,13.419516422492903,50
TxPert_official_cell_gat_k562_all_fixed2000,K562,POLR1B,174,2000,0.0041175042279064655,0.038086000829935074,0.9864817709147796,0.9533344923905885,0.5995878656617799,0.5995878656617799,0.3888092206114162,0.52,0.4706217760054144,0.8657604956499358,0.6460406673790655,13.320434061645196,50
TxPert_official_cell_gat_k562_all_fixed2000,K562,POLR1C,161,2000,0.0016564654652029276,0.02477405034005642,0.9952025853713231,0.9798541735975606,0.21492567481636418,0.21492567481636418,0.1347430899878722,0.2,0.1410310258457744,0.8109167456131938,0.6300375636411149,13.708145910564316,50
TxPert_official_cell_gat_k562_all_fixed2000,K562,POLR1E,202,2000,0.0020360969938337803,0.026636449620127678,0.9941236472365105,0.9717514121827651,0.49581999725249853,0.49581999725249853,0.30623716934446826,0.4,0.3209879434424246,0.7544665653549142,0.605615593149075,13.415731716837,50
TxPert_official_cell_gat_k562_all_fixed2000,K562,POLR2A,264,2000,0.011782621033489704,0.06206418201327324,0.962022871888159,0.8533501976072649,0.630002706873995,0.630002706873995,0.5259074664875261,0.46,0.418320609787816,0.8560885995011336,0.6316432774052158,12.918336050965463,50
TxPert_official_cell_gat_k562_all_fixed2000,K562,POLR2B,234,2000,0.004643371794372797,0.04198899492621422,0.9844766352528486,0.9253281371324088,0.6770599106330187,0.6770599106330187,0.5680548275939589,0.47,0.43661835453300984,0.932632793321732,0.6537416174767352,13.227574091847991,50
TxPert_official_cell_gat_k562_all_fixed2000,K562,POLR2C,145,2000,0.004271294921636581,0.041422825306653976,0.9855410599279856,0.9275222302268844,0.7009088387261789,0.7009088387261789,0.5626446102038394,0.54,0.564150067451297,1.107441173025765,0.7171965390157591,13.135414872998485,50
TxPert_official_cell_gat_k562_all_fixed2000,K562,POLR2D,182,2000,0.006029066629707813,0.047541294246912,0.9800801844431154,0.8998309062686174,0.6237629547162203,0.6237629547162203,0.47576289930497784,0.48,0.4684565238706252,0.9472651237757997,0.6493438958255787,12.797940373161742,50
TxPert_official_cell_gat_k562_all_fixed2000,K562,POLR2E,93,2000,0.008471043780446053,0.052283238619565964,0.9733642686374767,0.8778938043220902,0.49662721886265865,0.49662721886265865,0.3270226432259776,0.45,0.35513545656047324,1.06513830602064,0.7204160398154766,13.708853252278978,50
TxPert_official_cell_gat_k562_all_fixed2000,K562,POLR2F,209,2000,0.0022595298942178488,0.030072323977947235,0.9927180628273646,0.9586837356831793,0.7189620920432044,0.7189620920432044,0.6175146933632354,0.44,0.44367325925270823,0.8834357988915136,0.6441172008630757,12.792448496311202,50
TxPert_official_cell_gat_k562_all_fixed2000,K562,POLR2G,131,2000,0.009922293946146965,0.06220981851220131,0.9657944072367932,0.859759266534239,0.6669617601917296,0.6669617601917296,0.5427629640014805,0.49,0.47388752306499843,1.1544709167092255,0.755494853904745,13.7605581665942,50
TxPert_official_cell_gat_k562_all_fixed2000,K562,POLR2H,80,2000,0.013697436079382896,0.0717305988073349,0.9523674369086926,0.8196065443134921,0.5881040262329229,0.5881040262329229,0.43750515518692096,0.45,0.3904465765717544,1.4641146647099692,0.8724374213664043,14.665226808736314,50
TxPert_official_cell_gat_k562_all_fixed2000,K562,POLR2I,179,2000,0.005820637568831444,0.045197900384664536,0.9821308229261413,0.9178426003862473,0.6535052145572708,0.6535052145572708,0.6469678227428358,0.35,0.30487994960265763,1.0385620721299968,0.7130902469288064,13.537429479135415,50
TxPert_official_cell_gat_k562_all_fixed2000,K562,POLR2L,43,2000,0.0023820805363357067,0.033998940140008926,0.9924859755667618,0.9412221008297575,0.5530751197675841,0.5530751197675841,0.2513235917429116,0.58,0.5415556252456304,1.1442864308293133,0.7191052012271447,13.182066597751469,50
TxPert_official_cell_gat_k562_all_fixed2000,K562,POLR3B,109,2000,0.0019962310325354338,0.028886152431368828,0.9943844074714177,0.9602131735709744,0.47989941325344543,0.47989941325344543,0.35279436924398455,0.42,0.3382687550830882,0.9300021657792122,0.6767597332486038,13.768606762032096,50
TxPert_official_cell_gat_k562_all_fixed2000,K562,POLR3C,169,2000,0.0017150786006823182,0.025299828499555588,0.9950085416674025,0.969642094681447,0.180028597934274,0.180028597934274,0.1190511868986835,0.2,0.12084918139029006,0.7850440071746932,0.6243297720686484,13.592623960860369,50
TxPert_official_cell_gat_k562_all_fixed2000,K562,POLR3D,108,2000,0.005321139469742775,0.04507593810558319,0.9841182149364702,0.914708407321378,0.41544560329175784,0.41544560329175784,0.29585511026593825,0.34,0.27736728019923246,0.9890205004954875,0.6979063399904943,13.792849604030277,50
TxPert_official_cell_gat_k562_all_fixed2000,K562,POLR3E,192,2000,0.0012165067018941045,0.02219192124903202,0.9965382560850448,0.9766383039621597,0.1993399085230804,0.1993399085230804,0.16055065738038032,0.26,0.17285124554191078,0.7348642050304255,0.5974029287452611,13.393476165873631,50
TxPert_official_cell_gat_k562_all_fixed2000,K562,POLR3F,156,2000,0.002566910581663251,0.030757280066609383,0.992464762721248,0.9573916905706427,0.3448487889762379,0.3448487889762379,0.23586528730802883,0.37,0.27885428395748457,0.8312679527038643,0.6462049670451332,13.49822098154213,50
TxPert_official_cell_gat_k562_all_fixed2000,K562,POLRMT,208,2000,0.0012739531230181456,0.0181164238601923,0.9966843833103467,0.9860085303640558,0.933375849551483,0.933375849551483,0.17050239328171815,0.66,0.7068030227683725,0.7451752847869306,0.5905164537535204,12.89335363601427,50
TxPert_official_cell_gat_k562_all_fixed2000,K562,POP1,82,2000,0.003036642912775278,0.03376912698149681,0.9906668079121127,0.9587166662838307,0.536925754888856,0.536925754888856,0.30076816946498675,0.49,0.4207487922204683,0.9941873633740558,0.6968698725994881,13.949500301531389,50
TxPert_official_cell_gat_k562_all_fixed2000,K562,POP4,116,2000,0.003054654924198985,0.032417237758636475,0.9907347720125401,0.9578036983315033,0.5033635013676444,0.5033635013676444,0.23457789432563736,0.5,0.40574910240750794,0.9272436552058824,0.6858297014336646,14.005504231030237,50
TxPert_official_cell_gat_k562_all_fixed2000,K562,POP5,50,2000,0.00220762868411839,0.03152099624276161,0.9930357124332928,0.9618821552902402,0.6056898363243028,0.6056898363243028,0.3655705877677716,0.58,0.5060791519731203,1.1964807817618246,0.7927332791106568,14.862463303072268,50
TxPert_official_cell_gat_k562_all_fixed2000,K562,POP7,196,2000,0.0026789798866957426,0.02898551896214485,0.9931274242401096,0.9682489425274222,0.3390885274266284,0.3390885274266284,0.12833747110548277,0.47,0.34673050306683867,0.7556677037511729,0.5931612829950933,13.00899189254019,50
TxPert_official_cell_gat_k562_all_fixed2000,K562,PPAN,87,2000,0.0017366147367283702,0.027210259810090065,0.9949217847922902,0.971474999548143,0.6247378775640526,0.6247378775640526,0.48181278474937156,0.42,0.3866818444561188,0.9735424023395339,0.7021133677900733,14.036363694300322,50
TxPert_official_cell_gat_k562_all_fixed2000,K562,PPARGC1B,129,2000,0.0012351138284429908,0.022080618888139725,0.9965561507859947,0.9773119761993159,0.05368258022262849,0.05368258022262849,0.03536442966304532,0.18,0.13546412758606247,0.8283016276166348,0.6450868525915994,13.905071743871979,50
TxPert_official_cell_gat_k562_all_fixed2000,K562,PPIE,39,2000,0.004558098968118429,0.0446469746530056,0.9870940321588861,0.9196643296122705,0.4930367807474122,0.4930367807474122,0.4527970882357883,0.27,0.23338603375787068,1.1194156695250432,0.7014930075691953,13.744150198173585,50
TxPert_official_cell_gat_k562_all_fixed2000,K562,PPIH,93,2000,0.0012522594770416617,0.022818800061941147,0.9964128916376745,0.9724931060115314,0.41363519407212157,0.41363519407212157,0.3142097993592671,0.38,0.27472820380637153,0.9497391301905442,0.6862863408723737,13.884904398507455,50
TxPert_official_cell_gat_k562_all_fixed2000,K562,PPIL4,69,2000,0.002262449124827981,0.032036829739809036,0.9933464021716926,0.953657500717822,0.6238088389153612,0.6238088389153612,0.6045769358429043,0.27,0.25693353419729503,1.1085381216030072,0.7483338216813432,14.056993696880673,50
TxPert_official_cell_gat_k562_all_fixed2000,K562,PPP1CA,64,2000,0.002265504328534007,0.030700383707880974,0.993675312625713,0.9535628016998979,0.30009895206346743,0.30009895206346743,0.1657668770380724,0.33,0.18896903360626893,1.0035842423335297,0.7055425013216101,14.050727534964178,50
TxPert_official_cell_gat_k562_all_fixed2000,K562,PPP1R11,69,2000,0.0020039149094372988,0.028826648369431496,0.9942545775970274,0.961189811524139,0.20503780056692889,0.20503780056692889,0.17238490318671074,0.18,0.12930074366580463,1.0061506594494365,0.713011571312305,13.914057840616202,50
TxPert_official_cell_gat_k562_all_fixed2000,K562,PPP1R8,64,2000,0.001368325436487794,0.025063849985599518,0.9960624101770393,0.96690295129388,0.3814910891414498,0.3814910891414498,0.26866740202179373,0.23,0.185335837453033,1.047114291362247,0.7191463170810709,14.229817444813444,50
TxPert_official_cell_gat_k562_all_fixed2000,K562,PPP2R1A,301,2000,0.0006061921012587845,0.016017254441976547,0.9982191381597717,0.9867128497580553,0.22749556725970574,0.22749556725970574,0.11043078369262875,0.25,0.1890721986786414,0.6513433461788328,0.5564931541448649,12.779500489145613,50
TxPert_official_cell_gat_k562_all_fixed2000,K562,PPP4C,128,2000,0.0011601302539929748,0.02171645499765873,0.9966579543356971,0.980078725142681,0.2524293623874587,0.2524293623874587,0.2089875182689453,0.27,0.19203148618267518,0.8324558680571127,0.6471925507693715,13.854868860828278,50
TxPert_official_cell_gat_k562_all_fixed2000,K562,PPP4R2,162,2000,0.0031772477086633444,0.029476815834641457,0.9907914119396484,0.9740378740897856,0.11190523378184214,0.11190523378184214,0.1508016542997422,0.17,0.13854402678402622,0.7894483323878704,0.6184363593801453,13.377583709759914,50
TxPert_official_cell_gat_k562_all_fixed2000,K562,PPRC1,112,2000,0.001385775045491755,0.02451408840715885,0.9960029662949986,0.9741726417672979,0.8470404738336071,0.8470404738336071,0.3035835710426947,0.67,0.7441503154063948,0.9502972133214178,0.6914255327706536,13.890448129323051,50
TxPert_official_cell_gat_k562_all_fixed2000,K562,PRELID1,122,2000,0.006902923341840506,0.04431195184588432,0.9800766634017523,0.9179464138445419,0.39762865584171125,0.39762865584171125,0.2948575337444049,0.26,0.17902410607900077,0.9654865849410205,0.7026743765430594,13.892796713546806,50
TxPert_official_cell_gat_k562_all_fixed2000,K562,PRELID3B,235,2000,0.0031215185299515724,0.030872341245412827,0.9909937101966253,0.9576590528009787,0.7368436544721467,0.7368436544721467,0.5174205019634073,0.48,0.5061912010544506,0.8046681314551789,0.6188494338679263,13.188741020708532,50
TxPert_official_cell_gat_k562_all_fixed2000,K562,PRIM1,151,2000,0.008253099396824837,0.04920011758804321,0.9748252963500886,0.8879467095659359,0.4835276020375491,0.4835276020375491,0.4100013908980191,0.39,0.3403516668475424,0.8631093814915795,0.635196914405992,13.155708338565512,50
TxPert_official_cell_gat_k562_all_fixed2000,K562,PRIM2,149,2000,0.004592780023813248,0.03841783478856087,0.9859433890914001,0.9321875586247484,0.46012580022055444,0.46012580022055444,0.3919997806970364,0.36,0.34140211877280485,0.8279134407853396,0.6359880920837273,13.684263735796783,50
TxPert_official_cell_gat_k562_all_fixed2000,K562,PRMT1,44,2000,0.002218002686277032,0.031446076929569244,0.9937817493955446,0.9501189514845395,0.3231776791955488,0.3231776791955488,0.18540855412939697,0.35,0.27913061587262356,0.9934053839995138,0.688185488221142,13.620980171031933,50
TxPert_official_cell_gat_k562_all_fixed2000,K562,PRMT5,92,2000,0.0009223797242157161,0.02069529891014099,0.9972972747612655,0.9783974575431057,0.2303355903703707,0.2303355903703707,0.19709683053584043,0.18,0.1356279486820189,0.9578753313234953,0.6960141420295561,14.268677310805764,50
TxPert_official_cell_gat_k562_all_fixed2000,K562,PRPF18,256,2000,0.0020345663651823997,0.028224138543009758,0.9939746906004101,0.9609575585992376,0.7046587635601534,0.7046587635601534,0.7032082866728228,0.39,0.350857115879921,0.7713361540678418,0.5956295014439048,12.729619749469958,50
TxPert_official_cell_gat_k562_all_fixed2000,K562,PRPF19,98,2000,0.002896769903600216,0.03412877023220062,0.9915179507381449,0.9540051187211799,0.5321667976874623,0.5321667976874623,0.46038845159902797,0.31,0.24111109938869038,1.01714955279252,0.7049521842833528,13.728397050564835,50
TxPert_official_cell_gat_k562_all_fixed2000,K562,PRPF3,129,2000,0.003483107779175043,0.037627216428518295,0.9901492930199727,0.9427148864255464,0.6324518970723939,0.6324518970723939,0.5984824483985971,0.31,0.3087433642477843,0.9783782022362759,0.6864910101377104,13.745734687014128,50
TxPert_official_cell_gat_k562_all_fixed2000,K562,PRPF31,23,2000,0.006571685429662466,0.05498631298542023,0.9808755496400956,0.8832575698688689,0.4847796868627194,0.4847796868627194,0.4458828041285669,0.29,0.24751846155293739,1.0042348564333643,0.5825728956034354,13.033485222776207,50
TxPert_official_cell_gat_k562_all_fixed2000,K562,PRPF4,101,2000,0.0062643662095069885,0.04626302421092987,0.9822664515237538,0.9009864522559135,0.6048167330513634,0.6048167330513634,0.5676023167094836,0.4,0.3680751332171629,1.062733842662147,0.7165594676909948,13.725115851102762,50
TxPert_official_cell_gat_k562_all_fixed2000,K562,PRPF40A,96,2000,0.0040989769622683525,0.03970232233405113,0.9882572180479439,0.9340793990759535,0.5348859755964672,0.5348859755964672,0.45237925631127623,0.37,0.3234799303513746,0.9988581227450285,0.6958087685558035,13.974654963002909,50
TxPert_official_cell_gat_k562_all_fixed2000,K562,PRPF6,172,2000,0.002056248253211379,0.029119182378053665,0.9941905648245655,0.961752526826903,0.6319259389856573,0.6319259389856573,0.6098329458410173,0.35,0.32130267576596927,0.8128488320476431,0.6160973454270798,12.824632122362607,50
TxPert_official_cell_gat_k562_all_fixed2000,K562,PRPF8,91,2000,0.008125277236104012,0.05120626837015152,0.977906640692405,0.8796140635908587,0.6117683758668903,0.6117683758668903,0.5692371960539722,0.37,0.3547223834655936,1.1133888098316589,0.7267469358474032,13.47625500569869,50
TxPert_official_cell_gat_k562_all_fixed2000,K562,PRRC2A,82,2000,0.0007668734760954976,0.01949838176369667,0.9978589871048296,0.9757474836476383,0.5457238546193164,0.5457238546193164,0.3309946325910631,0.47,0.4504356231050032,0.9264705937305994,0.6795674594294268,14.344310983752305,50
TxPert_official_cell_gat_k562_all_fixed2000,K562,PSMA1,56,2000,0.007704020012170076,0.053474776446819305,0.976339528161484,0.8960511070801966,0.5047728940795384,0.5047728940795384,0.36969011451696593,0.34,0.28357524663262973,1.2250721891280159,0.7645918301125647,13.946548264796629,50
TxPert_official_cell_gat_k562_all_fixed2000,K562,PSMA2,38,2000,0.01216749008744955,0.06425043195486069,0.9632599016941512,0.841969817850503,0.3427812580717253,0.3427812580717253,0.2110491307070903,0.28,0.21285381037309714,1.1221586971746635,0.7022942081848559,13.517840353768214,50
TxPert_official_cell_gat_k562_all_fixed2000,K562,PSMA3,194,2000,0.018233604729175568,0.07916514575481415,0.9422016545132478,0.8192770300577356,0.6400990710494535,0.6400990710494535,0.5253086856262622,0.41,0.38503307175973467,0.9348664466467538,0.6535775530664852,12.717255838414014,50
TxPert_official_cell_gat_k562_all_fixed2000,K562,PSMA4,274,2000,0.006997269578278065,0.04986201599240303,0.9781562366898857,0.9133248046808367,0.5871015945057871,0.5871015945057871,0.5042345688860607,0.38,0.3262263008381749,0.7844689967088039,0.5918950487414988,12.19167113735742,50
TxPert_official_cell_gat_k562_all_fixed2000,K562,PSMA6,18,2000,0.01931256428360939,0.08342819660902023,0.9403900462155921,0.7848935517842888,0.36123986160169175,0.36123986160169175,0.26629731790795036,0.28,0.2634788467146821,0.9113658719489454,0.5179729871473708,13.798820360889804,50
TxPert_official_cell_gat_k562_all_fixed2000,K562,PSMA7,22,2000,0.008825036697089672,0.06055993214249611,0.9731892228872113,0.8620474932611473,0.4618518093186463,0.4618518093186463,0.35196100705778005,0.37,0.3229145997034118,0.9145129412006762,0.5208074449889457,12.113857382199523,50
TxPert_official_cell_gat_k562_all_fixed2000,K562,PSMB1,106,2000,0.004044859204441309,0.037714555859565735,0.987429123226479,0.941693340967108,0.4043463178273119,0.4043463178273119,0.30849030086276163,0.27,0.2595293086243095,0.9944115811809283,0.6965018814495748,13.771167069653025,50
TxPert_official_cell_gat_k562_all_fixed2000,K562,PSMB2,46,2000,0.013406123034656048,0.06790585815906525,0.9576168927452513,0.8410518730140446,0.5396501889983009,0.5396501889983009,0.4118131731010479,0.34,0.3439056192252875,1.2671862919482948,0.7746611099224822,13.826398516168684,50
TxPert_official_cell_gat_k562_all_fixed2000,K562,PSMB3,19,2000,0.025115907192230225,0.09568939357995987,0.9215327226883976,0.7477343473433445,0.3177105605224791,0.3177105605224791,0.2141854715706931,0.22,0.20169416041963925,0.9974487753952193,0.5402041603902399,13.172286878405737,50
TxPert_official_cell_gat_k562_all_fixed2000,K562,PSMB5,198,2000,0.0019482418429106474,0.027215909212827682,0.994027532076913,0.9715142038868817,0.7087552071436919,0.7087552071436919,0.5925220612585891,0.44,0.4381180951202837,0.8438348808314862,0.6360421848746551,13.3755580457728,50
TxPert_official_cell_gat_k562_all_fixed2000,K562,PSMB6,77,2000,0.004256995394825935,0.04061511904001236,0.9865487517353825,0.9311533517104581,0.6687443444828065,0.6687443444828065,0.5517806777996416,0.41,0.3923691489881597,1.1419349625991386,0.7361867129277978,13.714244204355955,50
TxPert_official_cell_gat_k562_all_fixed2000,K562,PSMB7,188,2000,0.008045068942010403,0.05085514858365059,0.974952445188884,0.9082848382651926,0.5531257395105342,0.5531257395105342,0.4529018197535581,0.4,0.3971773509022189,0.8787139701896192,0.6433945187098936,13.106101139396351,50
TxPert_official_cell_gat_k562_all_fixed2000,K562,PSMC1,177,2000,0.013518724590539932,0.06596287339925766,0.9544287070181671,0.859487126410778,0.6743679348870208,0.6743679348870208,0.6050514124458993,0.45,0.4291651238804981,1.0887070491101047,0.6984447723731384,13.024487476847503,50
TxPert_official_cell_gat_k562_all_fixed2000,K562,PSMC2,279,2000,0.009520784951746464,0.0546746626496315,0.968959821512338,0.8882580438412833,0.6509098584361738,0.6509098584361738,0.5664399522229929,0.42,0.3899481929968386,0.8737831564194571,0.6281497725741197,12.827229261996838,50
TxPert_official_cell_gat_k562_all_fixed2000,K562,PSMC3,23,2000,0.0035040259826928377,0.0414135605096817,0.989241719841948,0.9231755929152473,0.3680850732624218,0.3680850732624218,0.2629227089308155,0.36,0.24503069795017768,0.9283822781737437,0.5220587989128171,13.422950174600608,50
TxPert_official_cell_gat_k562_all_fixed2000,K562,PSMC4,149,2000,0.011690912768244743,0.061066076159477234,0.9609600488845692,0.8685266881108763,0.6461319393920657,0.6461319393920657,0.583986687537531,0.41,0.3878732811650169,1.134902715326131,0.7274314755997382,13.503926524029518,50
TxPert_official_cell_gat_k562_all_fixed2000,K562,PSMC6,65,2000,0.01030211802572012,0.062136925756931305,0.9658856922451744,0.8660992406080971,0.6154655971182914,0.6154655971182914,0.48232079124377714,0.39,0.3880656609625367,1.3491970519494874,0.7998345646169109,14.02153205463719,50
TxPert_official_cell_gat_k562_all_fixed2000,K562,PSMD1,87,2000,0.020718524232506752,0.08329769968986511,0.9320649917670651,0.8116660240656346,0.6225485320648355,0.6225485320648355,0.4850607066793063,0.42,0.43419089632324787,1.1603021999353336,0.7420233310054586,14.049187527330536,50
TxPert_official_cell_gat_k562_all_fixed2000,K562,PSMD11,40,2000,0.011496291495859623,0.06542637199163437,0.9619946715046216,0.8506295645139733,0.5627931911913491,0.5627931911913491,0.43091832451977646,0.43,0.41274932346830995,1.2734207457765778,0.7404925958443817,13.554009433392888,50
TxPert_official_cell_gat_k562_all_fixed2000,K562,PSMD12,116,2000,0.00924622267484665,0.05510702729225159,0.9687644270590648,0.883712534720469,0.6082743641339708,0.6082743641339708,0.5192090770958928,0.45,0.4190740777964196,1.1425839755049672,0.7324487041627735,13.410962940918775,50
TxPert_official_cell_gat_k562_all_fixed2000,K562,PSMD13,96,2000,0.005219881888478994,0.04286464303731918,0.9833714076105832,0.9283497923739437,0.5410872689865374,0.5410872689865374,0.41472651634924973,0.36,0.3326598969837327,1.0613646586791028,0.7192884849090888,13.57804469948352,50
TxPert_official_cell_gat_k562_all_fixed2000,K562,PSMD2,34,2000,0.009158854372799397,0.06019875407218933,0.9696828991917575,0.8768492980640009,0.5940143725427263,0.5940143725427263,0.4771131880034039,0.39,0.34510811753881376,1.2531744890764012,0.6894649174943553,12.741457797319386,50
TxPert_official_cell_gat_k562_all_fixed2000,K562,PSMD3,30,2000,0.013627979904413223,0.0721278041601181,0.9573079088337628,0.829604330921136,0.4083100967721076,0.4083100967721076,0.23543432486772262,0.35,0.31949208142485364,1.073005408083297,0.6339419227319084,13.515373686934419,50
TxPert_official_cell_gat_k562_all_fixed2000,K562,PSMD4,285,2000,0.002446369733661413,0.02956530638039112,0.9925312235481631,0.9616919035269422,0.6641545104995843,0.6641545104995843,0.5164288053222923,0.46,0.45824878776141065,0.74355238076218,0.6054451336279171,13.377275688275141,50
TxPert_official_cell_gat_k562_all_fixed2000,K562,PSMD6,282,2000,0.014747105538845062,0.06814558804035187,0.9495103683224391,0.8485411847996625,0.6320926717930957,0.6320926717930957,0.5483910113876798,0.55,0.512790390989834,0.8949401447972558,0.6318787262459333,12.751135405997308,50
TxPert_official_cell_gat_k562_all_fixed2000,K562,PSMD7,175,2000,0.007664704229682684,0.05112585797905922,0.9752264307385227,0.923943225624191,0.6224534695856687,0.6224534695856687,0.5626504880544605,0.3,0.3149958019841745,1.0374107340975254,0.692359602180074,13.117378572037985,50
TxPert_official_cell_gat_k562_all_fixed2000,K562,PSMG3,324,2000,0.0005519726546481252,0.014980682171881199,0.99840137197669,0.9875137846477842,0.4600368901389185,0.4600368901389185,0.296815118948742,0.3,0.25821842172990805,0.6333599996615173,0.5498402379992617,12.852926539358466,50
TxPert_official_cell_gat_k562_all_fixed2000,K562,PSMG4,44,2000,0.0031957870814949274,0.03666628152132034,0.9904278345030619,0.9532375604122836,0.4119907231462737,0.4119907231462737,0.15708777051135348,0.47,0.4165253321972327,1.2120744091252764,0.7666689956647786,14.009810521644178,50
TxPert_official_cell_gat_k562_all_fixed2000,K562,PTBP1,87,2000,0.002350573195144534,0.029633063822984695,0.9928455441571846,0.9578340514780189,0.280234757158102,0.280234757158102,0.1950768398303784,0.33,0.2032918040233967,0.956532032988152,0.6681624079330665,13.339940183877241,50
TxPert_official_cell_gat_k562_all_fixed2000,K562,PTCD1,246,2000,0.0019456443842500448,0.025897473096847534,0.9945577111261716,0.9679948688658121,0.26283570066791045,0.26283570066791045,0.12168006465080651,0.28,0.2533393418975631,0.6845801100584568,0.5775960406818061,13.222726379777416,50
TxPert_official_cell_gat_k562_all_fixed2000,K562,PUF60,52,2000,0.004526509437710047,0.043857600539922714,0.9867433808443821,0.9106508968096692,0.3370892402456467,0.3370892402456467,0.2146969957757053,0.29,0.17682876520436577,1.2338934626240432,0.7975726034525427,14.679291559382891,50
TxPert_official_cell_gat_k562_all_fixed2000,K562,PWP2,51,2000,0.002921168226748705,0.03587684407830238,0.9909483580512439,0.9580262420271641,0.47862229152351277,0.47862229152351277,0.244170595287714,0.49,0.36377226700581317,1.1018888848721657,0.7120202789804116,13.233305989040176,50
TxPert_official_cell_gat_k562_all_fixed2000,K562,QARS,376,2000,0.0048295981250703335,0.04171915352344513,0.9857051565307257,0.9197167531205095,0.5749299735901255,0.5749299735901255,0.4684448236572172,0.36,0.30360966719187543,0.7276297882778928,0.5876239960162355,12.848820050965266,50
TxPert_official_cell_gat_k562_all_fixed2000,K562,RABGGTA,114,2000,0.004882150795310736,0.04285065084695816,0.9853977513417119,0.9264286645417821,0.27553135584824173,0.27553135584824173,0.11831578278231994,0.32,0.24412615733032048,0.888709347385035,0.6546842213371667,13.706517789167627,50
TxPert_official_cell_gat_k562_all_fixed2000,K562,RACGAP1,162,2000,0.001112590660341084,0.0206981860101223,0.9966699530246916,0.9730401847777537,0.6284790001425687,0.6284790001425687,0.4364123547539188,0.47,0.46661759811788434,0.753651035163048,0.5921975706757097,12.821359784097433,50
TxPert_official_cell_gat_k562_all_fixed2000,K562,RAD21,62,2000,0.004674650263041258,0.04152959957718849,0.9861447656858964,0.9292790038341115,0.538531658369776,0.538531658369776,0.4166446579161321,0.47,0.5010488553240141,1.143083490734334,0.7264600268040295,13.750781858779696,50
TxPert_official_cell_gat_k562_all_fixed2000,K562,RAD51,227,2000,0.0017227560747414827,0.024007072672247887,0.9951720254289715,0.9736330938421237,0.46745643334351805,0.46745643334351805,0.29715526259383995,0.43,0.3660703260540298,0.6662534466035268,0.5545980414684049,12.895834238954468,50
TxPert_official_cell_gat_k562_all_fixed2000,K562,RAD51C,59,2000,0.0017566439928486943,0.026340939104557037,0.994945507426953,0.9613982304404279,0.34628811551430944,0.34628811551430944,0.2625754554596434,0.35,0.258176251257931,0.9444636747921755,0.6778081411321871,14.101039153932375,50
TxPert_official_cell_gat_k562_all_fixed2000,K562,RAE1,51,2000,0.003762149251997471,0.03902098536491394,0.9884531665508443,0.9408089736072336,0.47250585739160467,0.47250585739160467,0.3274252919765463,0.34,0.2962505896546264,1.178354952295925,0.7472096818268656,13.865403553357236,50
TxPert_official_cell_gat_k562_all_fixed2000,K562,RAN,79,2000,0.0039595128037035465,0.03813041001558304,0.988123538098001,0.9303735782728167,0.5000916410051139,0.5000916410051139,0.36678093339864826,0.35,0.2582391202262198,1.011182254259755,0.7004882369512428,13.778418516553979,50
TxPert_official_cell_gat_k562_all_fixed2000,K562,RANGAP1,120,2000,0.0019759931601583958,0.027760127559304237,0.994286073599293,0.9626778696366893,0.5734951828282022,0.5734951828282022,0.4430651504291648,0.38,0.33136977554314856,0.864847743368328,0.6494744078261538,13.81738588576277,50
TxPert_official_cell_gat_k562_all_fixed2000,K562,RARS,334,2000,0.003089192323386669,0.032223884016275406,0.9910555393561176,0.9502199302889847,0.6999421487360684,0.6999421487360684,0.5546901169974504,0.45,0.4590268874506295,0.7259970546686134,0.5933680758520421,12.83136532586689,50
TxPert_official_cell_gat_k562_all_fixed2000,K562,RARS2,139,2000,0.0006490499363280833,0.01683705486357212,0.9981054095404738,0.9823990977998889,0.5714588451270738,0.5714588451270738,0.42310186353282403,0.43,0.3539319655152802,0.7871657577477427,0.6149512936271153,13.328377110711617,50
TxPert_official_cell_gat_k562_all_fixed2000,K562,RBBP4,65,2000,0.0011581337312236428,0.023895736783742905,0.9965631775524089,0.9678012576024627,0.5143315807315291,0.5143315807315291,0.32396488962026443,0.45,0.39610977819608906,1.0353809624734003,0.7213947072463202,14.3056025211129,50
TxPert_official_cell_gat_k562_all_fixed2000,K562,RBBP6,70,2000,0.0028526305686682463,0.034173574298620224,0.9911619231446224,0.9532713606171922,0.27631566716620476,0.27631566716620476,0.2222653986446134,0.23,0.1673530875186242,1.1612989311838933,0.7597240218699775,14.166199734686819,50
TxPert_official_cell_gat_k562_all_fixed2000,K562,RBBP8,114,2000,0.003690476529300213,0.0336662232875824,0.9893563914321651,0.9514397414469433,0.26357599877216903,0.26357599877216903,0.16764152664284696,0.22,0.21095747453780192,0.8474606412284115,0.6415588597204241,13.222170260516725,50
TxPert_official_cell_gat_k562_all_fixed2000,K562,RBM14,199,2000,0.003801236394792795,0.037079039961099625,0.9888645238229713,0.9443646431841126,-0.038569157386878876,-0.038569157386878876,-0.038700070700868165,0.17,0.1257980087703499,0.7465422311314007,0.5903520381193649,13.091589619562074,50
TxPert_official_cell_gat_k562_all_fixed2000,K562,RBM17,50,2000,0.003135034115985036,0.035318635404109955,0.9910222466558173,0.9430541859694441,0.38038716981641824,0.38038716981641824,0.304750908367999,0.26,0.21272649204344912,1.0603564194054174,0.7244680931476545,14.18118713375514,50
TxPert_official_cell_gat_k562_all_fixed2000,K562,RBM19,37,2000,0.0021656607277691364,0.03308303654193878,0.9931633131816077,0.9545464839397882,0.5288581441791,0.5288581441791,0.2589540472463744,0.49,0.39578450217707734,1.092059013196271,0.6801516024878161,13.016489617350965,50
TxPert_official_cell_gat_k562_all_fixed2000,K562,RBM25,53,2000,0.004193500615656376,0.041814763098955154,0.9880651215204688,0.9113058298012567,0.7462883652329545,0.7462883652329545,0.6226262781537997,0.52,0.5445704956033317,1.1839653703558382,0.7753007097835329,14.328646500829256,50
TxPert_official_cell_gat_k562_all_fixed2000,K562,RBM28,55,2000,0.0022988903801888227,0.03176858276128769,0.9933333223776795,0.9573991723403893,0.5853530987908887,0.5853530987908887,0.42357112945038883,0.33,0.33210973943885236,1.030226503709946,0.7020793108637193,13.972601714203467,50
TxPert_official_cell_gat_k562_all_fixed2000,K562,RBM39,49,2000,0.004288532305508852,0.04020625352859497,0.9876913386042627,0.9238406267347691,0.403835661177255,0.403835661177255,0.3513029841022384,0.33,0.24809834181775142,1.1194325647076222,0.734881977474038,14.068652199543568,50
TxPert_official_cell_gat_k562_all_fixed2000,K562,RBM4,128,2000,0.0015398506075143814,0.0246956218034029,0.9953615025579303,0.969906467727023,0.3161932684353995,0.3161932684353995,0.2620931243949808,0.27,0.17329875956783006,0.9052527570499985,0.6722374225297133,13.804145596540497,50
TxPert_official_cell_gat_k562_all_fixed2000,K562,RBM42,68,2000,0.0046866536140441895,0.039355967193841934,0.9868377781210697,0.942736998545383,0.20588878772340571,0.20588878772340571,0.21015434297084662,0.27,0.1925366240428577,1.069714428122365,0.7396433244119804,14.3983466587273,50
TxPert_official_cell_gat_k562_all_fixed2000,K562,RBM48,55,2000,0.0026941709220409393,0.03220982104539871,0.9919996087664122,0.9563686839336782,0.19052443851775663,0.19052443851775663,0.19926077024316763,0.32,0.24247173167007027,1.1350232167962115,0.7480518122992126,14.251928616690417,50
TxPert_official_cell_gat_k562_all_fixed2000,K562,RBM8A,17,2000,0.005656791850924492,0.05269867554306984,0.9827347216659286,0.8985948881314474,0.5459623860746747,0.5459623860746747,0.38525349360821354,0.4,0.28901404023578414,0.8970982489384138,0.5200172336069335,13.370976278213448,50
TxPert_official_cell_gat_k562_all_fixed2000,K562,RBMX,110,2000,0.00500424113124609,0.04086083546280861,0.9852534961239624,0.9197689008835899,0.4158282033972646,0.4158282033972646,0.2748198600482875,0.34,0.27436788009812385,0.932520741237263,0.6787176339520813,13.563971961581165,50
TxPert_official_cell_gat_k562_all_fixed2000,K562,RBMX2,225,2000,0.0018302412936463952,0.028152575716376305,0.9945411420027572,0.9629056096611094,0.7718431969363733,0.7718431969363733,0.7276918600968652,0.49,0.4657772962457734,0.812099771709275,0.6278766385620197,13.487763225408068,50
TxPert_official_cell_gat_k562_all_fixed2000,K562,RBX1,41,2000,0.004457768052816391,0.04178960248827934,0.9861822387482118,0.9335042072747808,0.35485617750596227,0.35485617750596227,0.2672342795729541,0.32,0.2654025508354983,1.0872149107121847,0.6875306514134998,12.602410925734285,50
TxPert_official_cell_gat_k562_all_fixed2000,K562,RCC1,162,2000,0.006877932697534561,0.04469805583357811,0.9795686899784012,0.9070312794054454,0.2963893910774254,0.2963893910774254,0.1763026774949924,0.26,0.22679801492156454,0.8652502764218799,0.6450110478545876,13.311210502479206,50
TxPert_official_cell_gat_k562_all_fixed2000,K562,RCL1,104,2000,0.0035763904452323914,0.037126678973436356,0.9888251385583114,0.953995363382212,0.6086831414003505,0.6086831414003505,0.3634036745492924,0.54,0.47786066018281514,0.9426996962080088,0.670635395352392,13.448883127428832,50
TxPert_official_cell_gat_k562_all_fixed2000,K562,REXO2,65,2000,0.0027100113220512867,0.029451537877321243,0.992158926033832,0.9684508929594787,-0.10931113629210698,-0.10931113629210698,-0.01551047352653378,0.16,0.1504148801447344,1.094936732601987,0.7476695819244735,14.504527928353914,50
TxPert_official_cell_gat_k562_all_fixed2000,K562,RFC1,108,2000,0.002142214449122548,0.02768535725772381,0.9936542107259042,0.966314374550249,0.436879350910194,0.436879350910194,0.33203422492812407,0.32,0.28269570108667086,0.865874114135076,0.6502402711399405,13.508619737980785,50
TxPert_official_cell_gat_k562_all_fixed2000,K562,RFC2,85,2000,0.0019367611967027187,0.027148762717843056,0.9943110596548568,0.9648569020984952,0.5324447727265358,0.5324447727265358,0.39084869152752477,0.34,0.299303954635631,0.8728598964921652,0.6369687800343097,13.415249254003024,50
TxPert_official_cell_gat_k562_all_fixed2000,K562,RFC3,211,2000,0.0012833995278924704,0.021871784701943398,0.9963235265740946,0.978768185255914,0.5203577066375829,0.5203577066375829,0.3644306747346737,0.38,0.37025989645331125,0.6690319704820502,0.5580064773429173,12.514901555808597,50
TxPert_official_cell_gat_k562_all_fixed2000,K562,RFC4,58,2000,0.0021601663902401924,0.029464352875947952,0.9936848737686547,0.9592354816320198,0.46361809097382567,0.46361809097382567,0.327456391833387,0.33,0.31025461864265863,0.9473323827829959,0.6684427660896156,13.649590209440849,50
TxPert_official_cell_gat_k562_all_fixed2000,K562,RFC5,101,2000,0.0014691405231133103,0.024473603814840317,0.9957020146742809,0.9706755663833357,0.4029906284262746,0.4029906284262746,0.2578874470610386,0.27,0.24558249372644678,0.8570094699470954,0.6511195142496655,13.740454956661013,50
TxPert_official_cell_gat_k562_all_fixed2000,K562,RINT1,143,2000,0.0013330307556316257,0.02348225750029087,0.9960574040961204,0.9716452951219123,0.4529061310209318,0.4529061310209318,0.28391030045904725,0.33,0.2752521664452636,0.8194285465329174,0.6365564936771219,13.778454872096626,50
TxPert_official_cell_gat_k562_all_fixed2000,K562,RIOK1,290,2000,0.0016478238394483924,0.025244181975722313,0.994797037484793,0.9796157325716222,0.7441674273470088,0.7441674273470088,0.5249610028603167,0.63,0.6582976345635732,0.6805594469786673,0.5666960439812165,12.715435585601565,50
TxPert_official_cell_gat_k562_all_fixed2000,K562,RIOK2,161,2000,0.002246375661343336,0.029831862077116966,0.9928222998880284,0.9666678086757761,0.7385643979907294,0.7385643979907294,0.4987059437755205,0.62,0.6447362852120857,0.8200450448790721,0.6261335498320251,13.366284393929975,50
TxPert_official_cell_gat_k562_all_fixed2000,K562,RMI1,195,2000,0.00036397454096004367,0.013510897755622864,0.9989215323186961,0.9894797807097045,0.25246044379917404,0.25246044379917404,0.1544627521751451,0.23,0.17842672290678877,0.6971848734802211,0.5614613788883255,12.84688828354581,50
TxPert_official_cell_gat_k562_all_fixed2000,K562,RNASEH2C,89,2000,0.0009208281990140676,0.020886890590190887,0.9974742851007524,0.9746190373300476,0.21579602477181314,0.21579602477181314,0.14531422031858668,0.19,0.14536805973958125,0.9436232991853423,0.6585252694281833,13.390532140564,50
TxPert_official_cell_gat_k562_all_fixed2000,K562,RNF113A,170,2000,0.004711619578301907,0.0427035316824913,0.9862074459726753,0.9198409998202496,0.7111997674032121,0.7111997674032121,0.6886047623440501,0.44,0.39126718629881596,0.9031142702214737,0.6450595093620421,12.809188431544255,50
TxPert_official_cell_gat_k562_all_fixed2000,K562,RNF20,118,2000,0.002114374889060855,0.02899109199643135,0.9934649505752465,0.9586992485187734,0.6786217334752715,0.6786217334752715,0.5736881231752218,0.44,0.4402931187679892,0.9180236781733864,0.6702535254825613,13.53481632282263,50
TxPert_official_cell_gat_k562_all_fixed2000,K562,RNF40,185,2000,0.0016135061159729958,0.025770671665668488,0.9951442457402822,0.9634599831695292,0.5373162246232344,0.5373162246232344,0.39353067507821965,0.38,0.3663656262118074,0.7529430713756117,0.60126405784111,13.167757668005095,50
TxPert_official_cell_gat_k562_all_fixed2000,K562,RNGTT,110,2000,0.0015660934150218964,0.025988217443227768,0.99533287328662,0.9683857449762637,0.23320293739988024,0.23320293739988024,0.12242537629104043,0.23,0.1813632480546202,0.8940819423348328,0.6678149424931579,13.81071647145724,50
TxPert_official_cell_gat_k562_all_fixed2000,K562,RNMT,106,2000,0.0020819753408432007,0.029999587684869766,0.993775964481034,0.9585605219404922,0.7050347547320043,0.7050347547320043,0.34937606822354944,0.61,0.6800739854043069,0.9476280656787109,0.6874504569647503,14.195343027455,50
TxPert_official_cell_gat_k562_all_fixed2000,K562,RNPC3,74,2000,0.001343995681963861,0.02486555278301239,0.9959913925868878,0.96908315698661,0.41047685608061846,0.41047685608061846,0.24915550553510765,0.28,0.30566152064068447,0.9976889757367958,0.6909206226844518,13.749975624272482,50
TxPert_official_cell_gat_k562_all_fixed2000,K562,RNPS1,51,2000,0.002853090176358819,0.03454071655869484,0.9915684774017345,0.9518060849713688,0.08208409127355305,0.08208409127355305,0.08974084522993309,0.15,0.10404116250695461,1.14497931889129,0.7506776373802155,14.155554720524812,50
TxPert_official_cell_gat_k562_all_fixed2000,K562,ROMO1,80,2000,0.0020840491633862257,0.029444467276334763,0.9940577241720829,0.9628300182843148,0.5268874586816654,0.5268874586816654,0.3251007644985245,0.44,0.33198678211183263,1.0657697569682916,0.7452660335256445,14.466346477435136,50
TxPert_official_cell_gat_k562_all_fixed2000,K562,RPA1,337,2000,0.006802602205425501,0.04282596334815025,0.9792196461752714,0.911344389350241,0.4668281287877296,0.4668281287877296,0.454392779585592,0.3,0.25364168120795305,0.7477154699733534,0.5717864719844017,12.159278200904012,50
TxPert_official_cell_gat_k562_all_fixed2000,K562,RPA2,177,2000,0.002765660174190998,0.03218338266015053,0.9913237738002899,0.9568990573574855,0.5642583563015278,0.5642583563015278,0.46919729256530335,0.43,0.3933761487091829,0.866351206496478,0.6340529056447768,12.925172107796971,50
TxPert_official_cell_gat_k562_all_fixed2000,K562,RPA3,158,2000,0.0027163985650986433,0.030316898599267006,0.9918227947838641,0.9551840558402843,0.5641647070846952,0.5641647070846952,0.490457694445317,0.46,0.39789329365045295,0.824808338539204,0.6186839981038383,12.871762030365815,50
TxPert_official_cell_gat_k562_all_fixed2000,K562,RPAP1,88,2000,0.003805262967944145,0.03921877592802048,0.9879126004784804,0.9297220850587445,0.694883810757007,0.694883810757007,0.5392896942242579,0.56,0.5674670616137714,1.0862073916499313,0.730340080109045,14.010041602220106,50
TxPert_official_cell_gat_k562_all_fixed2000,K562,RPAP2,373,2000,0.006868879310786724,0.04927217587828636,0.9774480388022172,0.89529638889385,0.6315280356724333,0.6315280356724333,0.5412928568266687,0.46,0.3997837847473521,0.7894697699778881,0.6069303300133408,12.940592886086243,50
TxPert_official_cell_gat_k562_all_fixed2000,K562,RPF1,108,2000,0.002222798066213727,0.02922646701335907,0.9935729306293379,0.9630192450559906,0.5835269315628782,0.5835269315628782,0.4268907576166162,0.41,0.3646378128535407,0.8646147425761448,0.6409467676443553,13.573034106008954,50
TxPert_official_cell_gat_k562_all_fixed2000,K562,RPF2,59,2000,0.0022206781432032585,0.03139209374785423,0.9936290206397991,0.9576603817534364,0.4616910423447918,0.4616910423447918,0.29733022123180614,0.34,0.3029247990029429,1.0258538770191392,0.7017925235317439,13.885616236110941,50
TxPert_official_cell_gat_k562_all_fixed2000,K562,RPL10,215,2000,0.00511748855933547,0.04319199547171593,0.983558789675543,0.925781678253914,0.7317070371323133,0.7317070371323133,0.5563817189911323,0.46,0.4601555749336153,0.8141059772031478,0.6197291451518209,12.924571863117492,50
TxPert_official_cell_gat_k562_all_fixed2000,K562,RPL10A,195,2000,0.004190126899629831,0.03708796575665474,0.9869552599659027,0.9523443083425277,0.6691998485907414,0.6691998485907414,0.5714071899822557,0.44,0.45996381811684095,0.8200724573074322,0.6120753135289106,12.77400053248826,50
TxPert_official_cell_gat_k562_all_fixed2000,K562,RPL11,315,2000,0.004361236467957497,0.039564575999975204,0.9864212282158449,0.935044727710689,0.7114594529562651,0.7114594529562651,0.5778180983773118,0.46,0.4776172512384756,0.6950559689667422,0.5610454770941854,12.338353935427637,50
TxPert_official_cell_gat_k562_all_fixed2000,K562,RPL12,185,2000,0.0057100532576441765,0.04463623836636543,0.9821419287692542,0.9082923912458902,0.6556943290096025,0.6556943290096025,0.5007864999362169,0.41,0.40992694989877965,0.9161219370451447,0.6585642728748731,13.253438144269818,50
TxPert_official_cell_gat_k562_all_fixed2000,K562,RPL13,243,2000,0.00562013266608119,0.045472968369722366,0.9819304661432007,0.928871734548665,0.6868121828654988,0.6868121828654988,0.5184653470618861,0.45,0.40699500878268,0.7788669129476866,0.6019257944889332,12.8441849103103,50
TxPert_official_cell_gat_k562_all_fixed2000,K562,RPL13A,113,2000,0.0031121918000280857,0.031678102910518646,0.9912572158300822,0.9594566739957061,0.3390556356036021,0.3390556356036021,0.2522647529422885,0.29,0.2575186466349385,0.8793089942493814,0.6631250904284175,13.833568925680078,50
TxPert_official_cell_gat_k562_all_fixed2000,K562,RPL14,189,2000,0.008684610947966576,0.05360858887434006,0.9714101346601418,0.907514317388534,0.6414168082301949,0.6414168082301949,0.5499565212063193,0.45,0.4452125536837083,0.8341423167342994,0.613679320405694,12.566208842676447,50
TxPert_official_cell_gat_k562_all_fixed2000,K562,RPL15,137,2000,0.005985829047858715,0.04438074678182602,0.9802117859660886,0.9383827640380856,0.6269612171704162,0.6269612171704162,0.5445564147427552,0.49,0.4174153476933973,1.0390028049603512,0.6957844264671764,13.062686781460709,50
TxPert_official_cell_gat_k562_all_fixed2000,K562,RPL17,134,2000,0.008677124045789242,0.05783994123339653,0.9722518939968026,0.898499522124181,0.6881888075498193,0.6881888075498193,0.5381642082956839,0.47,0.4550763780720852,0.9256448802600906,0.6598059364289008,13.182475439676926,50
TxPert_official_cell_gat_k562_all_fixed2000,K562,RPL18,229,2000,0.0068330466747283936,0.049308694899082184,0.9777521312942784,0.9158100238380551,0.6688179278888278,0.6688179278888278,0.5547439448291737,0.44,0.4531471586356119,0.7928198092839351,0.5966192524413316,12.535021093052183,50
TxPert_official_cell_gat_k562_all_fixed2000,K562,RPL18A,58,2000,0.0024537902791053057,0.029597776010632515,0.9925055734613183,0.9649114095407656,0.5400016242898664,0.5400016242898664,0.42433194182845446,0.4,0.3996989711235046,1.062600465482426,0.7164944723110332,13.915786028980508,50
TxPert_official_cell_gat_k562_all_fixed2000,K562,RPL19,226,2000,0.0041975523345172405,0.03979048877954483,0.9867815502613805,0.9422742536149663,0.7317913828890421,0.7317913828890421,0.6012380714657376,0.54,0.5306355174710797,0.7493861457961961,0.5804061615850367,12.557591822240495,50
TxPert_official_cell_gat_k562_all_fixed2000,K562,RPL21,214,2000,0.004387980792671442,0.039598964154720306,0.9862756579667049,0.9407407195090327,0.6784700869818366,0.6784700869818366,0.5542030215551681,0.48,0.48511339110343665,0.7820797087978473,0.6010360098008802,12.791104028829688,50
TxPert_official_cell_gat_k562_all_fixed2000,K562,RPL23,361,2000,0.005883949808776379,0.043638844043016434,0.9819670453973642,0.9554664991798705,0.5896330811609679,0.5896330811609679,0.518988306262799,0.37,0.3332845569458394,0.6995578398533846,0.5623101898394338,12.242622556224653,50
TxPert_official_cell_gat_k562_all_fixed2000,K562,RPL23A,84,2000,0.007700813002884388,0.05394331365823746,0.9754815679751246,0.9087169585069098,0.6508192405529324,0.6508192405529324,0.5257081029924932,0.46,0.42716507982897867,1.0211176433559939,0.7001690630824307,13.783601511423585,50
TxPert_official_cell_gat_k562_all_fixed2000,K562,RPL24,431,2000,0.00522200483828783,0.041554972529411316,0.9840999789890549,0.9347439931084048,0.6652473333652755,0.6652473333652755,0.5643256072973882,0.48,0.48325643143936,0.645619090482674,0.5366603951287905,12.118035774720552,50
TxPert_official_cell_gat_k562_all_fixed2000,K562,RPL26,194,2000,0.003416790859773755,0.037162717431783676,0.9895415123452777,0.9535204667176016,0.7465551968949267,0.7465551968949267,0.5598034228435622,0.51,0.5145220921933719,0.7704360675279298,0.5861267073500522,12.004763645706591,50
TxPert_official_cell_gat_k562_all_fixed2000,K562,RPL27,38,2000,0.005805882625281811,0.04898405820131302,0.9816513253448951,0.9200129524402951,0.6389322948044676,0.6389322948044676,0.5242465604405198,0.43,0.4251738365401422,1.0163044788590363,0.6339898306972747,12.426761720341192,50
TxPert_official_cell_gat_k562_all_fixed2000,K562,RPL27A,174,2000,0.006321206223219633,0.047620873898267746,0.9800484007714422,0.9309522075502649,0.6600975602946635,0.6600975602946635,0.5547976321506993,0.49,0.4643383030234461,0.8518027160518784,0.6301290069957676,12.907205962913872,50
TxPert_official_cell_gat_k562_all_fixed2000,K562,RPL30,334,2000,0.005724523216485977,0.04333091899752617,0.9818120266683089,0.924383818766891,0.6662660556529005,0.6662660556529005,0.5501902950116191,0.45,0.41291515678428325,0.7008497455428084,0.5642639209350044,12.395319137337138,50
TxPert_official_cell_gat_k562_all_fixed2000,K562,RPL31,250,2000,0.0049209012649953365,0.04279276356101036,0.9846529193478503,0.9530113686405729,0.7032806709637668,0.7032806709637668,0.599200456941775,0.5,0.4769031547433007,0.7455507815679989,0.5717385007768143,12.252563363459824,50
TxPert_official_cell_gat_k562_all_fixed2000,K562,RPL32,158,2000,0.005155018996447325,0.04228243976831436,0.9835737425733525,0.9286612149062629,0.6905366592166113,0.6905366592166113,0.5583357219376575,0.48,0.4989173484191416,0.856507824527035,0.6274849967514922,12.954688288445231,50
TxPert_official_cell_gat_k562_all_fixed2000,K562,RPL34,249,2000,0.005360172595828772,0.0431695394217968,0.982084350734724,0.9345147569445778,0.7084601276525553,0.7084601276525553,0.6037672954376506,0.56,0.5515984974438443,0.7488559058374608,0.5711001722004484,12.150159725667686,50
TxPert_official_cell_gat_k562_all_fixed2000,K562,RPL35,36,2000,0.006862921640276909,0.051624443382024765,0.9786582981473508,0.9040702189592893,0.5930644018596173,0.5930644018596173,0.4510267933708568,0.42,0.3922890546727337,1.0742451046080361,0.6826939896649578,13.43979811463983,50
TxPert_official_cell_gat_k562_all_fixed2000,K562,RPL35A,97,2000,0.005736710503697395,0.04653491824865341,0.9814839139668573,0.9193429234235997,0.696559445912083,0.696559445912083,0.5320871894081585,0.46,0.4621003098701768,0.9938402778459143,0.6929527136155933,13.547953138202658,50
TxPert_official_cell_gat_k562_all_fixed2000,K562,RPL36,187,2000,0.005671030376106501,0.046090319752693176,0.9821868169713458,0.9322129172956678,0.6841555572903658,0.6841555572903658,0.5620404635098397,0.47,0.44260599587805843,0.8175129406304267,0.6240073092045215,13.167965209348258,50
TxPert_official_cell_gat_k562_all_fixed2000,K562,RPL36A,76,2000,0.0016057933680713177,0.023045869544148445,0.9952647506234861,0.9751717360220762,0.3692550779687583,0.3692550779687583,0.2654332601871815,0.35,0.25688461369607235,0.9331502332679917,0.6770783051276749,14.070906385982894,50
TxPert_official_cell_gat_k562_all_fixed2000,K562,RPL37,311,2000,0.0038285166956484318,0.033008232712745667,0.9885968928720043,0.9592058374851319,0.48965488574287536,0.48965488574287536,0.42205633234283496,0.41,0.3638466596094603,0.690758275530929,0.5678934080672683,12.711087795813942,50
TxPert_official_cell_gat_k562_all_fixed2000,K562,RPL37A,295,2000,0.006011919118463993,0.044100113213062286,0.9806841986885778,0.9297408452411259,0.6482558687772882,0.6482558687772882,0.5612110343627985,0.47,0.45096238194433974,0.7306135891481113,0.5714278940602431,12.676137772260672,50
TxPert_official_cell_gat_k562_all_fixed2000,K562,RPL38,169,2000,0.006349555216729641,0.046439167112112045,0.9799053401744673,0.9263635780516871,0.6195758183757739,0.6195758183757739,0.5153204121357939,0.45,0.4323139883819597,0.8375472346394415,0.6191098220256379,13.063423619154994,50
TxPert_official_cell_gat_k562_all_fixed2000,K562,RPL39,31,2000,0.0036060763522982597,0.04140770435333252,0.9894495378384122,0.9314143801161826,0.5961436045132076,0.5961436045132076,0.32709764922622514,0.35,0.30321327678199594,0.9363489562222677,0.592996793624622,12.158335024438323,50
TxPert_official_cell_gat_k562_all_fixed2000,K562,RPL4,257,2000,0.006072083488106728,0.046444494277238846,0.9805899256832147,0.9272888049703222,0.6729175581422312,0.6729175581422312,0.5707526944380448,0.45,0.4463902614255642,0.7714821532082364,0.5920401274544399,12.69001576494672,50
TxPert_official_cell_gat_k562_all_fixed2000,K562,RPL5,154,2000,0.004000444430857897,0.04055001214146614,0.9868875163769774,0.9346475805759253,0.7703501892831535,0.7703501892831535,0.6005945181450947,0.56,0.5955277796777063,0.825846799464945,0.6144489441355434,12.883289642644725,50
TxPert_official_cell_gat_k562_all_fixed2000,K562,RPL6,247,2000,0.00518238078802824,0.04325760155916214,0.9836284724613567,0.9423734888623206,0.6849601427959506,0.6849601427959506,0.5751795618844758,0.51,0.4722913769631767,0.7449038973090929,0.5800107360675223,12.432052660301062,50
TxPert_official_cell_gat_k562_all_fixed2000,K562,RPL7,237,2000,0.005805457476526499,0.047009434551000595,0.9818338465340961,0.9260566649089702,0.6995763958841597,0.6995763958841597,0.5465560353933752,0.46,0.39427994511436176,0.7711106176240193,0.5908805098948346,12.529477824854247,50
TxPert_official_cell_gat_k562_all_fixed2000,K562,RPL7L1,23,2000,0.004672500770539045,0.04616507887840271,0.9858697198142113,0.9203122446529307,0.41667568582485137,0.41667568582485137,0.2963048630403091,0.29,0.23528615461883529,0.8762920024649223,0.5319563594963596,12.179597980787726,50
TxPert_official_cell_gat_k562_all_fixed2000,K562,RPL8,290,2000,0.004121812526136637,0.0387587808072567,0.9869520194044764,0.9489120553922972,0.6923152376750324,0.6923152376750324,0.5941075303283503,0.51,0.4782315339334021,0.7231528334130344,0.5602007877107348,11.946814163029812,50
TxPert_official_cell_gat_k562_all_fixed2000,K562,RPL9,180,2000,0.0060899327509105206,0.04643772915005684,0.9807580483854038,0.9323439808109995,0.6137639691990842,0.6137639691990842,0.5104871723114129,0.42,0.3659446485813077,0.8321216599586614,0.607506015096976,12.43276665802924,50
TxPert_official_cell_gat_k562_all_fixed2000,K562,RPLP0,136,2000,0.005945832002907991,0.04570559784770012,0.9817160623398726,0.9258412686705688,0.6208488165990637,0.6208488165990637,0.5107495310174848,0.43,0.3498804086021571,0.88923597014824,0.6501869842928084,13.33862188344136,50
TxPert_official_cell_gat_k562_all_fixed2000,K562,RPLP1,96,2000,0.004252254497259855,0.034506507217884064,0.9872766753302723,0.9580245179130329,0.32917180736149165,0.32917180736149165,0.26909454168995195,0.36,0.30198995577054655,0.8943876666135678,0.6476688022639536,13.250373900830938,50
TxPert_official_cell_gat_k562_all_fixed2000,K562,RPLP2,199,2000,0.0021373869385570288,0.028512490913271904,0.993971450206237,0.9721470621351431,0.486161896814456,0.486161896814456,0.32884517582728906,0.34,0.2925905320163025,0.7253861888682609,0.5822067857564771,12.930686854380406,50
TxPert_official_cell_gat_k562_all_fixed2000,K562,RPP14,53,2000,0.002277915133163333,0.03267606347799301,0.9925961367122117,0.9539336962922076,0.6348170771052225,0.6348170771052225,0.36681471635411406,0.59,0.5980232987622196,1.1649780576966402,0.7561426936965386,13.664318390090418,50
TxPert_official_cell_gat_k562_all_fixed2000,K562,RPP30,97,2000,0.0025093243457376957,0.03129228577017784,0.9919928445946781,0.9650467219705724,0.6470815520863062,0.6470815520863062,0.378582025429951,0.61,0.6016324593331258,0.979189285320513,0.6910916604993379,13.726260232082627,50
TxPert_official_cell_gat_k562_all_fixed2000,K562,RPP38,49,2000,0.002202558098360896,0.031842563301324844,0.9934330639042438,0.9539419119134163,0.5841943996227122,0.5841943996227122,0.2887578047997241,0.54,0.5500083632328252,1.1233334973636406,0.7422529009010431,14.232895993058222,50
TxPert_official_cell_gat_k562_all_fixed2000,K562,RPP40,78,2000,0.0018704854883253574,0.029033377766609192,0.9941759410107824,0.9685514450518282,0.6893880692442584,0.6893880692442584,0.38151451725182534,0.61,0.6491681558624304,1.0112322109015046,0.7026891285026364,13.967536902351672,50
TxPert_official_cell_gat_k562_all_fixed2000,K562,RPS10,93,2000,0.0022689576726406813,0.031258679926395416,0.9929789534580938,0.9703989604299826,0.6848878737653343,0.6848878737653343,0.4639835688088706,0.59,0.5532764182778478,1.0026508434479489,0.7180626911546345,14.466962609428299,50
TxPert_official_cell_gat_k562_all_fixed2000,K562,RPS11,233,2000,0.004009195137768984,0.038731012493371964,0.986878281624868,0.9509450989577605,0.7503592057445448,0.7503592057445448,0.5860313167382216,0.59,0.6302807762692568,0.7974803794252716,0.6126060876994082,12.942067795857836,50
TxPert_official_cell_gat_k562_all_fixed2000,K562,RPS12,424,2000,0.005012737587094307,0.036721330136060715,0.9842997169303652,0.9684333425667118,0.5305212934706113,0.5305212934706113,0.48002291586865314,0.39,0.4024958478683989,0.6734672441761047,0.5547747600971542,12.383194635075952,50
TxPert_official_cell_gat_k562_all_fixed2000,K562,RPS13,127,2000,0.005442914552986622,0.0458308644592762,0.9817753827984856,0.9302599526783702,0.6769406166546955,0.6769406166546955,0.529281002550876,0.47,0.4519753182299243,0.9392905306937019,0.6612299081207108,13.067625179379002,50
TxPert_official_cell_gat_k562_all_fixed2000,K562,RPS14,156,2000,0.005135984160006046,0.04050469398498535,0.9837114539914712,0.9544094508337753,0.4705742160640327,0.4705742160640327,0.38725851374906356,0.34,0.3511317091624575,0.871482348399473,0.6366880228370776,13.030053222902993,50
TxPert_official_cell_gat_k562_all_fixed2000,K562,RPS15,18,2000,0.006012162659317255,0.05477222427725792,0.9798821034983237,0.896290216123043,0.6127757137772923,0.6127757137772923,0.3588477817529901,0.52,0.5044567229523359,0.8506502671508573,0.48038090840125686,12.806225686050382,50
TxPert_official_cell_gat_k562_all_fixed2000,K562,RPS15A,257,2000,0.005211610347032547,0.0427083820104599,0.9829346884926465,0.9319751826441238,0.6843406048296917,0.6843406048296917,0.5428962861943412,0.53,0.5144022079382095,0.7628525916275194,0.5951010875640939,12.881352444332272,50
TxPert_official_cell_gat_k562_all_fixed2000,K562,RPS16,54,2000,0.0044849468395113945,0.04423845186829567,0.985510701151436,0.9382124232180203,0.5873470404799842,0.5873470404799842,0.3944606922273179,0.46,0.4492205167945736,1.1284955535749974,0.7265648193191351,13.635039180578708,50
TxPert_official_cell_gat_k562_all_fixed2000,K562,RPS17,159,2000,0.003607607912272215,0.036718469113111496,0.9882906382539051,0.9571797097496334,0.657832676021506,0.657832676021506,0.47975198353225645,0.54,0.5346477892465659,0.8510209599008823,0.63389082102342,13.221065355776343,50
TxPert_official_cell_gat_k562_all_fixed2000,K562,RPS18,119,2000,0.0065064080990850925,0.050459250807762146,0.9783057709919962,0.9151000465200907,0.6934563643789672,0.6934563643789672,0.47027450344287225,0.49,0.4338939015681274,0.9919785189170086,0.6860899438124508,13.495745854286943,50
TxPert_official_cell_gat_k562_all_fixed2000,K562,RPS19,410,2000,0.006048062350600958,0.04742564633488655,0.9802122694572799,0.9214669379451063,0.720909582339238,0.720909582339238,0.5100724203003681,0.51,0.47568875532289157,0.6863072222567749,0.5537835995522197,12.381519527097518,50
TxPert_official_cell_gat_k562_all_fixed2000,K562,RPS19BP1,50,2000,0.004022061824798584,0.04049735888838768,0.9872290471264116,0.9474001522094397,0.5129288568973904,0.5129288568973904,0.26987193044791863,0.49,0.40656466620382137,1.1666228512177592,0.7592811188127435,14.335561364984063,50
TxPert_official_cell_gat_k562_all_fixed2000,K562,RPS2,50,2000,0.004653926473110914,0.04289805516600609,0.985602978967994,0.925835634806997,0.5806638212916728,0.5806638212916728,0.3954782854927756,0.47,0.4593878195899248,1.2190466969529115,0.7851871225694996,14.591590083561563,50
TxPert_official_cell_gat_k562_all_fixed2000,K562,RPS20,179,2000,0.005342090968042612,0.042799513787031174,0.9819842172883501,0.9313095616235474,0.6683605491934208,0.6683605491934208,0.5511562505257507,0.49,0.45884378501513895,0.8826627586741408,0.6485309531345733,13.387892327567156,50
TxPert_official_cell_gat_k562_all_fixed2000,K562,RPS21,63,2000,0.007131932768970728,0.049734532833099365,0.9769033245073585,0.9110212524643265,0.44760165380640704,0.44760165380640704,0.26100849511503366,0.34,0.30136067113531,1.1694337751006336,0.7798258163119739,14.636180744535451,50
TxPert_official_cell_gat_k562_all_fixed2000,K562,RPS23,98,2000,0.007533388677984476,0.05162245035171509,0.9745202240839518,0.9142015373346247,0.6152747070835018,0.6152747070835018,0.46018011133512043,0.49,0.4174322810926961,1.0177473142045572,0.6991821872680553,13.5513220555871,50
TxPert_official_cell_gat_k562_all_fixed2000,K562,RPS24,213,2000,0.005650463048368692,0.044299621134996414,0.9809867786945702,0.9375982013692983,0.6897648356026338,0.6897648356026338,0.557922902384541,0.52,0.5239731819544722,0.8225401279134786,0.621450903899886,12.900167308853515,50
TxPert_official_cell_gat_k562_all_fixed2000,K562,RPS26,73,2000,0.006351186893880367,0.04904927685856819,0.9791506070488961,0.9215541880868063,0.6437388249940249,0.6437388249940249,0.5339878533261063,0.48,0.4129206248090283,1.07933986215364,0.7003042578955683,13.230907749374794,50
TxPert_official_cell_gat_k562_all_fixed2000,K562,RPS27,161,2000,0.002896057441830635,0.03428072854876518,0.9919533410080684,0.9690942343517738,0.7033752813045058,0.7033752813045058,0.3882036644831384,0.56,0.5703919575210178,0.9093681100433301,0.6576580611609448,13.306814296623793,50
TxPert_official_cell_gat_k562_all_fixed2000,K562,RPS27A,88,2000,0.00592299597337842,0.04780246317386627,0.9806786360755138,0.9227121446462384,0.6646634759510788,0.6646634759510788,0.5085441476362833,0.5,0.5035758244360572,1.033726606782696,0.7060957213381661,13.97761775418383,50
TxPert_official_cell_gat_k562_all_fixed2000,K562,RPS28,262,2000,0.004508007317781448,0.03833850845694542,0.9853219599315639,0.9405752268532837,0.6651903825043952,0.6651903825043952,0.5207729684219778,0.52,0.5384495263429149,0.7639548560045937,0.6052170875470259,13.108493115218462,50
TxPert_official_cell_gat_k562_all_fixed2000,K562,RPS29,211,2000,0.003907619509845972,0.0378316305577755,0.9869939192557975,0.9474094829149601,0.7233673469891004,0.7233673469891004,0.5826748662186857,0.56,0.561871095815224,0.8170202883666039,0.627892537994186,13.093124457344066,50
TxPert_official_cell_gat_k562_all_fixed2000,K562,RPS3,252,2000,0.006477137096226215,0.04693715646862984,0.9781915603450139,0.9266746785475088,0.6641302540166744,0.6641302540166744,0.5200938980487483,0.5,0.4757777294740176,0.759665881333339,0.5919731631449047,12.702602910677594,50
TxPert_official_cell_gat_k562_all_fixed2000,K562,RPS3A,120,2000,0.004755694884806871,0.04339993745088577,0.984439112624628,0.9296502848145288,0.7014956869539813,0.7014956869539813,0.4827003543276637,0.56,0.5554441540186875,0.9515287860580282,0.6779916004156594,13.669779839103862,50
TxPert_official_cell_gat_k562_all_fixed2000,K562,RPS4X,175,2000,0.005235361400991678,0.04272567480802536,0.9834877512204189,0.9606313287326309,0.6937945619793334,0.6937945619793334,0.45980083961932267,0.63,0.5984928301382245,0.8850370919412385,0.6498410628436563,13.266571686758045,50
TxPert_official_cell_gat_k562_all_fixed2000,K562,RPS5,127,2000,0.006177993956953287,0.0451890230178833,0.9810837775344052,0.9547255781513934,0.49750322077387876,0.49750322077387876,0.42823859273107073,0.29,0.284711844484034,0.9583295374923818,0.6847502578571892,13.593677231075214,50
TxPert_official_cell_gat_k562_all_fixed2000,K562,RPS6,165,2000,0.005443004425615072,0.046578992158174515,0.9815989773613925,0.9273694775779686,0.7582128069637822,0.7582128069637822,0.5664024171567185,0.56,0.545229456361465,0.9015534805062676,0.6500329189929466,12.97069625611598,50
TxPert_official_cell_gat_k562_all_fixed2000,K562,RPS7,244,2000,0.005601983051747084,0.045100387185811996,0.9815303036619075,0.9318252713266729,0.6781390880618602,0.6781390880618602,0.5308978225207334,0.54,0.49975390929222757,0.7932619860638787,0.6017951005208235,12.853934486293053,50
TxPert_official_cell_gat_k562_all_fixed2000,K562,RPS9,217,2000,0.004908481612801552,0.04096207395195961,0.9851069331623471,0.9642841560881609,0.5970213404461537,0.5970213404461537,0.4850012437446524,0.44,0.4130112076319211,0.8298686812204323,0.6305260037237288,13.15461053262753,50
TxPert_official_cell_gat_k562_all_fixed2000,K562,RPSA,191,2000,0.004886562470346689,0.03979402035474777,0.9840106156546451,0.9391066754335791,0.6695124406597155,0.6695124406597155,0.5421720864837419,0.53,0.5854143713765106,0.8501789588064368,0.6398355649359715,13.055722344788292,50
TxPert_official_cell_gat_k562_all_fixed2000,K562,RPTOR,81,2000,0.002053828677162528,0.029299406334757805,0.994113034666379,0.9591791481944159,0.6241989323695726,0.6241989323695726,0.4018268773934241,0.46,0.4632203579627298,1.0356420136282782,0.7261423524721264,14.22443837040176,50
TxPert_official_cell_gat_k562_all_fixed2000,K562,RPUSD4,118,2000,0.000980052980594337,0.019968682900071144,0.9972023475420021,0.9794141495052295,0.36243878554774683,0.36243878554774683,0.25643475552206846,0.25,0.22377769054127578,0.8452177564399842,0.6411324866937602,13.616116060418115,50
TxPert_official_cell_gat_k562_all_fixed2000,K562,RRM1,65,2000,0.004453528672456741,0.04232200235128403,0.9868190111896442,0.9382838964750202,0.527737812967092,0.527737812967092,0.3743006453603901,0.33,0.35917256149806437,1.1134253883006593,0.7232658552109759,13.785108429250867,50
TxPert_official_cell_gat_k562_all_fixed2000,K562,RRN3,38,2000,0.005041663069278002,0.04547040909528732,0.9837581328215176,0.9301126748907957,0.4427233313982794,0.4427233313982794,0.27526256753491213,0.37,0.2895419206639452,1.114359410406105,0.6863964807131944,12.785114679371384,50
TxPert_official_cell_gat_k562_all_fixed2000,K562,RRP1,90,2000,0.0013831566320732236,0.02446439489722252,0.9961341577990903,0.9677681262671017,0.55286696425342,0.55286696425342,0.3718293423882072,0.45,0.4604619022235847,0.9244093898698184,0.6803632886015527,14.165832956553995,50
TxPert_official_cell_gat_k562_all_fixed2000,K562,RRP12,191,2000,0.003938456531614065,0.03734920918941498,0.9873841871935396,0.9563859612714807,0.5969131860183137,0.5969131860183137,0.3789113634903804,0.53,0.48044360133673697,0.822410480202769,0.6239043825336736,12.861173466529214,50
TxPert_official_cell_gat_k562_all_fixed2000,K562,RRP7A,40,2000,0.003100210800766945,0.0384114533662796,0.9897695166474143,0.942569936278642,0.6637037781352984,0.6637037781352984,0.3843822255890505,0.62,0.6225098359409352,1.1448812030693767,0.7026345541791257,12.514477393602572,50
TxPert_official_cell_gat_k562_all_fixed2000,K562,RRP9,92,2000,0.0024329323787242174,0.030115090310573578,0.9925919116611491,0.9666478259590912,0.4160149677817998,0.4160149677817998,0.19761127357621724,0.41,0.3164318848361235,0.9877707725362125,0.7066430247251305,14.286945595260988,50
TxPert_official_cell_gat_k562_all_fixed2000,K562,RRS1,64,2000,0.0030492062214761972,0.035237062722444534,0.9910047766806944,0.9467756264389235,0.6267129405810907,0.6267129405810907,0.44581264919940705,0.45,0.4429049982737365,1.0387188262409743,0.7234775134560743,14.185713737219404,50
TxPert_official_cell_gat_k562_all_fixed2000,K562,RSL1D1,124,2000,0.0016648353775963187,0.025547325611114502,0.9954134437485003,0.9705464947809127,0.5330616334354459,0.5330616334354459,0.38653860067140544,0.35,0.34417571556911974,0.8629673037155982,0.6617394074945412,14.028435600609313,50
TxPert_official_cell_gat_k562_all_fixed2000,K562,RSL24D1,116,2000,0.002497706562280655,0.03158817067742348,0.9926093215144436,0.9599329815807208,0.6465052739551292,0.6465052739551292,0.5089082394675775,0.44,0.44514249109787746,0.8393281628699597,0.6273248807779047,13.327137535103441,50
TxPert_official_cell_gat_k562_all_fixed2000,K562,RTCB,152,2000,0.0005244079511612654,0.01598898321390152,0.9985279664770617,0.9856029396349347,0.4021958505313339,0.4021958505313339,0.21807929848324378,0.29,0.2564240999284103,0.7417687433642048,0.583179229925875,12.89108912627092,50
TxPert_official_cell_gat_k562_all_fixed2000,K562,RTF1,53,2000,0.007931779138743877,0.053555890917778015,0.9787085546932153,0.8909258010460124,0.48578766680774826,0.48578766680774826,0.4444860589697823,0.36,0.26917649689030404,1.307004850537373,0.8245282004819481,14.600523795980916,50
TxPert_official_cell_gat_k562_all_fixed2000,K562,RUVBL1,171,2000,0.008787859231233597,0.05427616089582443,0.9718309814987873,0.86563738361017,0.61777270214288,0.61777270214288,0.5673414359737797,0.44,0.41422658384800415,0.9630349221999975,0.6701034654885517,13.037542692817379,50
TxPert_official_cell_gat_k562_all_fixed2000,K562,SAE1,104,2000,0.0017615415854379535,0.025168685242533684,0.994854921321966,0.9680903218080457,0.29218104319389926,0.29218104319389926,0.2761179302565925,0.2,0.1752880276387454,0.915749930559029,0.672588015250186,13.481469810070136,50
TxPert_official_cell_gat_k562_all_fixed2000,K562,SAMM50,94,2000,0.0022622249089181423,0.02858290821313858,0.9934979292667049,0.9617863066254095,0.6569154828993103,0.6569154828993103,0.4818766690966604,0.52,0.5114832128294083,0.9579124578294305,0.6838562662643954,13.741223881249425,50
TxPert_official_cell_gat_k562_all_fixed2000,K562,SAP130,99,2000,0.0012627537362277508,0.02376643382012844,0.9962416824817018,0.9704929040824074,0.3072362884768054,0.3072362884768054,0.17648378621833175,0.34,0.23683744508647583,0.8943030556284977,0.6592624849825961,13.48782109318026,50
TxPert_official_cell_gat_k562_all_fixed2000,K562,SAP18,40,2000,0.0023880265653133392,0.03380267694592476,0.9922979779598226,0.950063873805138,0.5914326032124306,0.5914326032124306,0.2053541474334588,0.55,0.5788996024643407,1.1033481635329743,0.6789524122518729,12.185029083371914,50
TxPert_official_cell_gat_k562_all_fixed2000,K562,SARS,24,2000,0.008442243561148643,0.05950537323951721,0.975974985696919,0.8832297101579121,0.33763814405794484,0.33763814405794484,0.24634662958102746,0.34,0.29555477032519495,1.0355954833957868,0.5916383367624786,11.781547483386973,50
TxPert_official_cell_gat_k562_all_fixed2000,K562,SARS2,150,2000,0.0005262488266453147,0.01579744927585125,0.99847114619047,0.98592851737484,0.1359935585359679,0.1359935585359679,0.09934588017713748,0.21,0.18237766504431552,0.7949376931496187,0.6120571754878198,13.726392699158072,50
TxPert_official_cell_gat_k562_all_fixed2000,K562,SART1,247,2000,0.002243693917989731,0.029279140755534172,0.9933631905591243,0.9615924646004734,0.6301519366257312,0.6301519366257312,0.5874482183838725,0.44,0.4117129245156433,0.7980731089543319,0.6034881326006463,12.775268275607987,50
TxPert_official_cell_gat_k562_all_fixed2000,K562,SART3,142,2000,0.0023003583773970604,0.028395915403962135,0.9934559689957965,0.9626490430616083,0.5450231610015598,0.5450231610015598,0.5043797350371357,0.39,0.3119530613626559,0.8468775228588181,0.6500556694195061,13.856190172943341,50
TxPert_official_cell_gat_k562_all_fixed2000,K562,SBNO1,127,2000,0.0006940734456293285,0.018516242504119873,0.997939443707009,0.9782126754817597,0.5555648292807768,0.5555648292807768,0.2568396287855993,0.45,0.48791154438970913,0.8278857798209128,0.6421138991414738,13.738948454374054,50
TxPert_official_cell_gat_k562_all_fixed2000,K562,SCAF1,158,2000,0.001592637156136334,0.027142146602272987,0.9952964522853116,0.9645351786711962,0.5803598573522515,0.5803598573522515,0.3806280041642293,0.41,0.40509717667383727,0.8342804091953704,0.6243961988631773,13.477750534388893,50
TxPert_official_cell_gat_k562_all_fixed2000,K562,SCFD1,103,2000,0.00822105910629034,0.052512459456920624,0.9744173035620797,0.8877533270697561,0.3949379387839511,0.3949379387839511,0.2764727337549774,0.28,0.24055040776233813,1.0143656193612351,0.692292486151451,13.610938480839566,50
TxPert_official_cell_gat_k562_all_fixed2000,K562,SDAD1,210,2000,0.0020485022105276585,0.02753419429063797,0.9942455438421086,0.9685290701569959,0.6621458570241415,0.6621458570241415,0.5411130392996457,0.48,0.4739288174619279,0.7156103554755912,0.5772083811444122,12.925518345402168,50
TxPert_official_cell_gat_k562_all_fixed2000,K562,SDC1,170,2000,0.0023439121432602406,0.026351921260356903,0.9931392304502581,0.9637168342175153,0.2706518304418444,0.2706518304418444,0.19537609245905926,0.23,0.17576349005196293,0.7784535736875813,0.6148338825173599,13.311030371227744,50
TxPert_official_cell_gat_k562_all_fixed2000,K562,SDE2,134,2000,0.0007480283384211361,0.018197450786828995,0.9978370911315834,0.9824723723502768,0.4727362707260352,0.4727362707260352,0.38616120952641114,0.33,0.2530366101487098,0.8344290554315164,0.6416120931010609,13.77146144055258,50
TxPert_official_cell_gat_k562_all_fixed2000,K562,SDHC,91,2000,0.00116761086974293,0.02278333157300949,0.9965338034150272,0.9751815147034197,0.013455265437878238,0.013455265437878238,0.007821437378776847,0.22,0.1480554547578861,0.8899791084547324,0.6556395965641661,13.513152482426134,50
TxPert_official_cell_gat_k562_all_fixed2000,K562,SEC13,43,2000,0.0024826067965477705,0.03425820916891098,0.992640922044841,0.9424798083861033,0.5595585116965575,0.5595585116965575,0.3511815361362287,0.42,0.3615962947104603,1.1725125277291004,0.7490066410095062,13.752733687084598,50
TxPert_official_cell_gat_k562_all_fixed2000,K562,SEC61A1,129,2000,0.001797378878109157,0.026993203908205032,0.9947207213645609,0.9618813157338445,0.7345469425874228,0.7345469425874228,0.579452509171494,0.47,0.48186938734981827,0.9275552386192624,0.6809917048888023,14.206881788639292,50
TxPert_official_cell_gat_k562_all_fixed2000,K562,SEC61G,74,2000,0.0034291339106857777,0.03581831231713295,0.9897673443073939,0.9527947582278272,0.5849903030225885,0.5849903030225885,0.46392106662311156,0.4,0.42555811006747374,1.1531956724011094,0.7666196247938976,14.446881676611486,50
TxPert_official_cell_gat_k562_all_fixed2000,K562,SEH1L,59,2000,0.0019241884583607316,0.02978396788239479,0.9943353434520993,0.9553809124555092,0.4682199592172508,0.4682199592172508,0.39210250594942175,0.27,0.22208498338040675,1.1669947245156405,0.76140614110334,14.029829488455277,50
TxPert_official_cell_gat_k562_all_fixed2000,K562,SERBP1,94,2000,0.0016526248073205352,0.026178840547800064,0.9956120134820611,0.9713567869033922,0.14168579521044222,0.14168579521044222,0.046525493180294863,0.26,0.18959827256339845,0.8883999737262939,0.6597358257885014,13.897668706658635,50
TxPert_official_cell_gat_k562_all_fixed2000,K562,SETD1A,60,2000,0.004098415840417147,0.041227277368307114,0.9883749120423916,0.93096864437582,0.549231381612523,0.549231381612523,0.42052147063396866,0.36,0.3098662828507639,1.2494499160964694,0.7867105179355707,14.203274987235872,50
TxPert_official_cell_gat_k562_all_fixed2000,K562,SETDB1,123,2000,0.0011084001744166017,0.02008959837257862,0.9968309684828272,0.9805937793689686,0.10582936082516396,0.10582936082516396,0.09850866020157192,0.24,0.16449006087524148,0.8131501888709716,0.628363889080528,13.873276151648684,50
TxPert_official_cell_gat_k562_all_fixed2000,K562,SF1,18,2000,0.0035174903459846973,0.043018825352191925,0.9893495265895984,0.9087731738285927,0.30672805995404223,0.30672805995404223,0.20150226699132784,0.31,0.26754433444323417,0.7564448425483303,0.4455627988516321,11.712953175295501,50
TxPert_official_cell_gat_k562_all_fixed2000,K562,SF3A1,165,2000,0.004762830678373575,0.04176195338368416,0.9860949396478024,0.9249429241364625,0.5980155715936978,0.5980155715936978,0.5425719121903231,0.32,0.25684369428274345,0.8684252156645779,0.6366927377895805,12.889701623014854,50
TxPert_official_cell_gat_k562_all_fixed2000,K562,SF3A2,236,2000,0.001941769733093679,0.02792769856750965,0.9943280297203293,0.9710610157232017,0.6243980423522858,0.6243980423522858,0.5945223185498067,0.38,0.33673557908490614,0.7638042873025384,0.6021598598891272,12.9741766791634,50
TxPert_official_cell_gat_k562_all_fixed2000,K562,SF3B2,197,2000,0.005384616553783417,0.04614255204796791,0.9842035171491827,0.92226096330163,0.7349408253406706,0.7349408253406706,0.7314298688706957,0.43,0.42586392411229634,0.9574032628258329,0.6637320785592096,13.053570707892023,50
TxPert_official_cell_gat_k562_all_fixed2000,K562,SF3B3,215,2000,0.0035957584623247385,0.0376371406018734,0.9892025235712055,0.9457445964582576,0.7158954839118088,0.7158954839118088,0.7186583894595575,0.42,0.3972999861155553,0.9120984648364526,0.6459135688322297,12.845090758838408,50
TxPert_official_cell_gat_k562_all_fixed2000,K562,SF3B4,163,2000,0.003878731746226549,0.03668707236647606,0.9887878124752076,0.9332566872615256,0.6800256410729778,0.6800256410729778,0.6342830318600169,0.37,0.3497947770037455,0.8808081837596711,0.6421587310193493,12.980283631631266,50
TxPert_official_cell_gat_k562_all_fixed2000,K562,SF3B5,55,2000,0.006365383509546518,0.05114416405558586,0.9821357135976144,0.8901925349433035,0.7016537935662415,0.7016537935662415,0.6655643825406913,0.38,0.40107800716947833,1.312022574625204,0.8009783016067356,14.00705896096803,50
TxPert_official_cell_gat_k562_all_fixed2000,K562,SFPQ,185,2000,0.01444486528635025,0.07279003411531448,0.9571640942885816,0.8133252608769836,0.5104147359106209,0.5104147359106209,0.44760955477984055,0.33,0.27406034520260736,1.0203859457680495,0.7003083173231949,13.487454040935146,50
TxPert_official_cell_gat_k562_all_fixed2000,K562,SFSWAP,145,2000,0.0015706430422142148,0.024557478725910187,0.9955554238390714,0.9739107508319793,0.43494401419280154,0.43494401419280154,0.37692823413566856,0.33,0.2536632923115537,0.8569615343780538,0.6534551398554801,14.070531587839534,50
TxPert_official_cell_gat_k562_all_fixed2000,K562,SIN3A,217,2000,0.0007673367508687079,0.0183025524020195,0.9977056821384144,0.9809642380095572,0.47549554974036584,0.47549554974036584,0.3364830060981067,0.36,0.2722870388651127,0.7161879615057692,0.5875339591217437,13.209363814989791,50
TxPert_official_cell_gat_k562_all_fixed2000,K562,SKA3,109,2000,0.0022236895747482777,0.027574338018894196,0.9937630779372064,0.9625064576274387,0.27967102151083517,0.27967102151083517,0.1936193492174425,0.2,0.1409314134163157,0.8826075782923977,0.6598802028148103,14.131104990665394,50
TxPert_official_cell_gat_k562_all_fixed2000,K562,SKP1,62,2000,0.0025040232576429844,0.03306610882282257,0.9925908256031416,0.9497214322885127,0.1605102214636574,0.1605102214636574,0.13570341664001306,0.35,0.24800860738125838,1.0895725188658647,0.6942917895208442,13.421644727647124,50
TxPert_official_cell_gat_k562_all_fixed2000,K562,SLBP,63,2000,0.003259018063545227,0.035333696752786636,0.9906961064310178,0.9488150366894206,0.4879242176365304,0.4879242176365304,0.331968145600304,0.43,0.3801827334398578,0.9667607863163953,0.6787590235161517,13.748525667564913,50
TxPert_official_cell_gat_k562_all_fixed2000,K562,SLC39A9,724,2000,0.0003952445404138416,0.012238282710313797,0.9988360607292966,0.9920368706736474,0.39052463126690323,0.39052463126690323,0.24609644820626192,0.31,0.263460244544429,0.5124411085472089,0.48720153301304864,12.134207173701563,50
TxPert_official_cell_gat_k562_all_fixed2000,K562,SLC7A5,344,2000,0.0007669631741009653,0.017340056598186493,0.9978594423534878,0.98544223484027,0.3772060012352039,0.3772060012352039,0.2551434336906539,0.19,0.17767103492336883,0.62155460133564,0.538868153414177,12.57918850509369,50
TxPert_official_cell_gat_k562_all_fixed2000,K562,SLC7A6OS,36,2000,0.00302470033057034,0.03786788135766983,0.990780931413155,0.927502307959468,0.48062161635118544,0.48062161635118544,0.39591994383767254,0.33,0.2609317311562415,1.0715963971508118,0.6584840125891043,12.555801662309472,50
TxPert_official_cell_gat_k562_all_fixed2000,K562,SLU7,195,2000,0.005508687812834978,0.04703890532255173,0.9834634448373685,0.9356624688460027,0.7110288514478871,0.7110288514478871,0.7362478979089985,0.4,0.330615131988256,0.960403470250349,0.6581498263954447,12.958200754518527,50
TxPert_official_cell_gat_k562_all_fixed2000,K562,SMARCB1,118,2000,0.001109843491576612,0.021891552954912186,0.9968848972891219,0.9769801232152593,0.1781600155820834,0.1781600155820834,0.10516226333077455,0.2,0.14155585788971367,0.8610735081455063,0.6602322929998751,14.10215001922971,50
TxPert_official_cell_gat_k562_all_fixed2000,K562,SMC1A,156,2000,0.007272948510944843,0.0500793382525444,0.9790735393003105,0.9108646989335247,0.4827737051901789,0.4827737051901789,0.4201986260261153,0.44,0.4456691221524333,1.0111806022460597,0.7105551299919703,13.66318392130375,50
TxPert_official_cell_gat_k562_all_fixed2000,K562,SMC2,108,2000,0.003196671372279525,0.03347710892558098,0.9909696500515884,0.9481400410696698,0.5933270167358022,0.5933270167358022,0.4140135074211689,0.48,0.42824475878791607,0.8699838053368901,0.6183820027534482,12.756653384945864,50
TxPert_official_cell_gat_k562_all_fixed2000,K562,SMC3,42,2000,0.005099534522742033,0.04599778354167938,0.9852597163598569,0.9265334008010836,0.4212014895323175,0.4212014895323175,0.3197962034742193,0.39,0.3887630666990094,1.242951050701109,0.7531402244434401,13.604941533272806,50
TxPert_official_cell_gat_k562_all_fixed2000,K562,SMC4,169,2000,0.005177313927561045,0.03868838772177696,0.9849154961250207,0.9261143507174028,0.5149834180647904,0.5149834180647904,0.3429607105250211,0.4,0.3892104072210952,0.8151195904346252,0.6153219184676304,13.120892605588269,50
TxPert_official_cell_gat_k562_all_fixed2000,K562,SMG5,82,2000,0.0019351880764588714,0.028884707018733025,0.9943201389261976,0.9617722712179014,0.8477716586083617,0.8477716586083617,0.6006720154134473,0.54,0.588155107017397,0.9358100315957446,0.6836194781402328,13.976018202918917,50
TxPert_official_cell_gat_k562_all_fixed2000,K562,SMN2,319,2000,0.004885466303676367,0.04135443642735481,0.9864934679794333,0.9256025191494067,0.6956019906837594,0.6956019906837594,0.7088020718740323,0.38,0.3394430029518303,0.7555593197637394,0.6014945843325268,13.168189627777513,50
TxPert_official_cell_gat_k562_all_fixed2000,K562,SMU1,101,2000,0.022807154804468155,0.08490114659070969,0.9444734396964383,0.8081736775168579,0.48930571837477993,0.48930571837477993,0.49776305236501117,0.3,0.28040726622079765,1.2389590632349319,0.7641721902069911,13.576283798908683,50
TxPert_official_cell_gat_k562_all_fixed2000,K562,SNAPC1,96,2000,0.0023172860965132713,0.029410474002361298,0.9932836276660024,0.9606585851620126,0.5915301653912574,0.5915301653912574,0.558083895483356,0.32,0.26246411200167363,0.9493029248761505,0.6843046918698265,13.734389724284465,50
TxPert_official_cell_gat_k562_all_fixed2000,K562,SNAPC2,68,2000,0.003110028337687254,0.03517267853021622,0.9908443017967136,0.9446585341973276,0.324854655856221,0.324854655856221,0.26827245061628757,0.26,0.20872401301726307,1.0546578150882688,0.722395639637854,13.908165783435908,50
TxPert_official_cell_gat_k562_all_fixed2000,K562,SNAPC3,201,2000,0.0021021412685513496,0.026784313842654228,0.9938701097815011,0.9650421714793221,0.42803095998410173,0.42803095998410173,0.39493209234193716,0.34,0.24626325204415092,0.7590904993673436,0.6060054559089312,13.244159448398918,50
TxPert_official_cell_gat_k562_all_fixed2000,K562,SNAPC5,90,2000,0.0017711635446175933,0.028118208050727844,0.9947133715625948,0.96000452198138,0.3553475676164845,0.3553475676164845,0.2943877382410528,0.23,0.13860726394012107,0.9814608144740984,0.7010934521415808,13.82523519072275,50
TxPert_official_cell_gat_k562_all_fixed2000,K562,SNIP1,43,2000,0.005534378811717033,0.049012649804353714,0.9835398946771787,0.8914042974357773,0.4625590718149072,0.4625590718149072,0.32684352777203074,0.33,0.2678723885656337,1.1922895837979397,0.75598205900695,13.764989666784992,50
TxPert_official_cell_gat_k562_all_fixed2000,K562,SNRNP200,92,2000,0.006551988422870636,0.051117390394210815,0.9826411394323402,0.8994177467781201,0.63143829764003,0.63143829764003,0.6039371562243923,0.35,0.36289007973101844,1.174095993459293,0.7460938381577402,13.671629177111392,50
TxPert_official_cell_gat_k562_all_fixed2000,K562,SNRNP25,112,2000,0.00219862163066864,0.028348267078399658,0.9936981490577768,0.960173257841892,0.3121848899381019,0.3121848899381019,0.22565685187996393,0.34,0.23303587681411733,0.9114831337274242,0.671424831773092,13.912164057657922,50
TxPert_official_cell_gat_k562_all_fixed2000,K562,SNRNP27,42,2000,0.007846021093428135,0.053313061594963074,0.9781455797286429,0.9032048942359705,0.05005207889394025,0.05005207889394025,0.09578167254680735,0.12,0.10638452963524017,1.1582817956927722,0.7243853292808237,13.55973006743878,50
TxPert_official_cell_gat_k562_all_fixed2000,K562,SNRNP35,159,2000,0.001225933083333075,0.022743064910173416,0.9962991290850036,0.9744754114522735,0.46350002662498596,0.46350002662498596,0.3326868925388505,0.36,0.33247168388247406,0.8325659855264419,0.6240670952776863,13.145197915703271,50
TxPert_official_cell_gat_k562_all_fixed2000,K562,SNRNP48,179,2000,0.0016803564503788948,0.025797663256525993,0.9953118113306261,0.9709497884379614,0.4139061326826132,0.4139061326826132,0.28604933503409613,0.34,0.30536302268225657,0.8219604274430787,0.6198797985901993,13.216423346448446,50
TxPert_official_cell_gat_k562_all_fixed2000,K562,SNRNP70,85,2000,0.007015773560851812,0.053266774863004684,0.9799877161198187,0.895392291404992,0.6657829349285068,0.6657829349285068,0.6092819282025403,0.39,0.3865715302687754,1.1633287998133246,0.7703371164444173,13.925581507048497,50
TxPert_official_cell_gat_k562_all_fixed2000,K562,SNRPA1,79,2000,0.005987384356558323,0.049660030752420425,0.9828748547518394,0.8992885745820985,0.722936714005484,0.722936714005484,0.6978295740504787,0.47,0.4192659534083815,1.1959762761418455,0.7743229304712507,14.010452375561572,50
TxPert_official_cell_gat_k562_all_fixed2000,K562,SNRPB,120,2000,0.005140809807926416,0.042384129017591476,0.9854317728173203,0.9146103828923504,0.7092127881853441,0.7092127881853441,0.6826621951474584,0.5,0.455554541740564,1.0262495780070953,0.6911330386554827,13.37846147873098,50
TxPert_official_cell_gat_k562_all_fixed2000,K562,SNRPC,28,2000,0.006464383564889431,0.05297727882862091,0.9816579529919941,0.8785508730753625,0.5659100786961778,0.5659100786961778,0.4696573675584426,0.38,0.3323047980654315,1.0723873256981822,0.6267990154199329,12.40302710310997,50
TxPert_official_cell_gat_k562_all_fixed2000,K562,SNRPD1,113,2000,0.0069243814796209335,0.05140603333711624,0.9808713489597575,0.8906396078929691,0.7597073711332397,0.7597073711332397,0.7185163916381859,0.5,0.49240004764067874,1.097201646267529,0.7504288633272757,13.897649130838186,50
TxPert_official_cell_gat_k562_all_fixed2000,K562,SNRPD3,120,2000,0.006605894770473242,0.04922296851873398,0.9817105772751185,0.9005870362479013,0.728389846281017,0.728389846281017,0.7058729875907174,0.47,0.4640079868439783,1.0863085044997938,0.7302384922100482,13.78209638941721,50
TxPert_official_cell_gat_k562_all_fixed2000,K562,SNRPE,128,2000,0.0053565953858196735,0.04631916433572769,0.9840436228838125,0.9309572372418251,0.7205909304173457,0.7205909304173457,0.6966654200852588,0.43,0.408421828536483,1.0158099774401448,0.7021139550513018,13.476690426853915,50
TxPert_official_cell_gat_k562_all_fixed2000,K562,SNRPF,92,2000,0.0072035593912005424,0.05283733829855919,0.9793084816759529,0.8886411014035783,0.7417029187920553,0.7417029187920553,0.7178363174456827,0.47,0.4603463240174496,1.1460774754169634,0.7486927833541089,14.147825791113405,50
TxPert_official_cell_gat_k562_all_fixed2000,K562,SNRPG,325,2000,0.003045865101739764,0.03520619124174118,0.9914673397215158,0.9433475988313347,0.6517727610808716,0.6517727610808716,0.5696885065243685,0.37,0.33589917429822136,0.7293411682967441,0.5821675093077667,12.670720508515977,50
TxPert_official_cell_gat_k562_all_fixed2000,K562,SNW1,115,2000,0.0020418220665305853,0.02964169532060623,0.993911901928979,0.9536595135061967,0.5027746575955367,0.5027746575955367,0.4543316004216778,0.3,0.20026419340199425,0.9494545185493619,0.6710854284519341,13.529064302594739,50
TxPert_official_cell_gat_k562_all_fixed2000,K562,SON,238,2000,0.010513853281736374,0.06145729869604111,0.9697848698817693,0.8653968197755071,0.44827525985281647,0.44827525985281647,0.412152126996641,0.36,0.27655293382792545,0.8804893890551152,0.6177096621413564,12.515052910900028,50
TxPert_official_cell_gat_k562_all_fixed2000,K562,SPC24,95,2000,0.006409254856407642,0.04669038951396942,0.980163201575958,0.8967722236464992,0.6247521354236925,0.6247521354236925,0.5140306469297766,0.46,0.41601712507061595,1.2773178049676601,0.7941358997768683,13.751714179192382,50
TxPert_official_cell_gat_k562_all_fixed2000,K562,SPC25,181,2000,0.0038623593281954527,0.03910122811794281,0.9885233099135162,0.9479343830482241,0.6135025455521466,0.6135025455521466,0.5268931037842939,0.42,0.4294955218573571,1.133528050248104,0.7352814532313933,13.120524592596032,50
TxPert_official_cell_gat_k562_all_fixed2000,K562,SPCS3,115,2000,0.0008526014280505478,0.019610442221164703,0.9975455565773502,0.9780066932673009,0.5935209744671439,0.5935209744671439,0.24979822867062068,0.42,0.4372078809765668,0.8655246798563063,0.6630304352990877,14.025250523125285,50
TxPert_official_cell_gat_k562_all_fixed2000,K562,SRBD1,143,2000,0.0011150311911478639,0.021469825878739357,0.9966336007451703,0.9765717818606288,0.6231806373625937,0.6231806373625937,0.4337225587676433,0.46,0.46031407571199323,0.865283748596231,0.6342337377828193,12.921663761726037,50
TxPert_official_cell_gat_k562_all_fixed2000,K562,SRFBP1,73,2000,0.0019397506257519126,0.02955189161002636,0.9940641343922936,0.964962566404267,0.6789104782234504,0.6789104782234504,0.36549331063480406,0.64,0.634929381249289,1.0619944859376491,0.7371416362074545,14.381532722471954,50
TxPert_official_cell_gat_k562_all_fixed2000,K562,SRP54,75,2000,0.0022574204485863447,0.029952047392725945,0.9935137805100495,0.9565366481032643,0.6044316178259376,0.6044316178259376,0.4568526889923028,0.42,0.38382262655903804,1.0635995177791562,0.735553436096913,14.272182665734865,50
TxPert_official_cell_gat_k562_all_fixed2000,K562,SRP68,158,2000,0.0015066578052937984,0.02466750703752041,0.9955105645102615,0.974037683238066,0.5571810279767573,0.5571810279767573,0.4369038129617616,0.42,0.39486610252318555,0.8346163053610076,0.635426742233377,13.486956295635856,50
TxPert_official_cell_gat_k562_all_fixed2000,K562,SRP72,204,2000,0.0017398339696228504,0.02332025021314621,0.9950135222943759,0.9721453217659709,0.22038892617914171,0.22038892617914171,0.2268289159222338,0.2,0.1474472170558421,0.721342068645082,0.582945338279749,12.867800261914077,50
TxPert_official_cell_gat_k562_all_fixed2000,K562,SRPRB,153,2000,0.0008370550349354744,0.01905200071632862,0.9975219465549677,0.9810021575235685,0.5363437475246269,0.5363437475246269,0.40924212161578627,0.38,0.3465523524513194,0.8349871426566667,0.6485354894577423,13.748994312005227,50
TxPert_official_cell_gat_k562_all_fixed2000,K562,SRRM1,136,2000,0.001801764010451734,0.026575379073619843,0.9947809155774977,0.9661178313711681,0.478824081603786,0.478824081603786,0.35839567951878226,0.34,0.3149905681608264,0.7899444656335646,0.6199693990818411,13.673542192285208,50
TxPert_official_cell_gat_k562_all_fixed2000,K562,SRRM2,146,2000,0.0011540352134034038,0.021231945604085922,0.9966019463758223,0.9781814435838327,0.2790495414865097,0.2790495414865097,0.21616269602234345,0.23,0.1579328641267738,0.8147044542308408,0.6307348590245282,13.472965848417594,50
TxPert_official_cell_gat_k562_all_fixed2000,K562,SRRT,260,2000,0.004095078445971012,0.04100698605179787,0.9874207651217596,0.9296250065314141,0.6780122835443672,0.6780122835443672,0.5628271370924459,0.5,0.46499155745827403,0.8519321728098155,0.6472079248590379,13.379040886862851,50
TxPert_official_cell_gat_k562_all_fixed2000,K562,SRSF1,117,2000,0.004861597903072834,0.042478226125240326,0.9848438225264194,0.9394989869243433,0.3980233999526309,0.3980233999526309,0.35168140992589103,0.35,0.2489529504104872,0.9681536487163271,0.6752917562628283,13.026685997188672,50
TxPert_official_cell_gat_k562_all_fixed2000,K562,SRSF10,120,2000,0.0009994175052270293,0.021113285794854164,0.9970554003239075,0.9779044254990733,0.21823413031319205,0.21823413031319205,0.17842611320503188,0.2,0.13048796802806562,0.8227362961349606,0.6297217358986554,13.632262953546746,50
TxPert_official_cell_gat_k562_all_fixed2000,K562,SRSF11,116,2000,0.0008265846990980208,0.01922118291258812,0.9976858644724056,0.9803025843325652,-0.04162540713555316,-0.04162540713555316,0.002916477771920634,0.18,0.138357362869782,0.8113801337433908,0.6340841284941936,13.702452967295805,50
TxPert_official_cell_gat_k562_all_fixed2000,K562,SRSF2,40,2000,0.0033570684026926756,0.0381876677274704,0.990026440270412,0.9357811296932085,0.22565544465432957,0.22565544465432957,0.17545777916285002,0.16,0.10100282487836065,1.1034629832290028,0.7024280119778987,13.512896039713631,50
TxPert_official_cell_gat_k562_all_fixed2000,K562,SRSF3,15,2000,0.027913056313991547,0.11472111195325851,0.9080106080286161,0.7106340256342704,0.5143585527569619,0.5143585527569619,0.41468815473590104,0.29,0.22637734674556506,1.1330291206731655,0.4982088551143432,13.069394045510514,50
TxPert_official_cell_gat_k562_all_fixed2000,K562,SRSF7,100,2000,0.005649587605148554,0.042441193014383316,0.9836332642418888,0.9133637671071732,0.4155657034269951,0.4155657034269951,0.3665029146672686,0.25,0.21339195514511142,0.9505595024707229,0.6777987822799351,13.665370282839609,50
TxPert_official_cell_gat_k562_all_fixed2000,K562,SS18L2,130,2000,0.0007972115417942405,0.01863565854728222,0.9976104525198508,0.9794524368596774,0.33583309298963837,0.33583309298963837,0.2545167468580428,0.27,0.198341412339978,0.8516743206412508,0.6538555561701139,14.126114781132856,50
TxPert_official_cell_gat_k562_all_fixed2000,K562,SSBP1,115,2000,0.001884926576167345,0.021768951788544655,0.9947294758197417,0.9796340425478602,0.80167482235823,0.80167482235823,0.19730019212361563,0.65,0.6412756943024709,0.9190138212978378,0.671061454163124,13.738483677503885,50
TxPert_official_cell_gat_k562_all_fixed2000,K562,SSRP1,440,2000,0.0034031942486763,0.03398855775594711,0.9896089558347175,0.9669979703617397,0.5527618875356402,0.5527618875356402,0.4412095838769854,0.38,0.3684160804896811,0.6913452873051775,0.573241701412636,13.002996534129544,50
TxPert_official_cell_gat_k562_all_fixed2000,K562,SSU72,55,2000,0.0032611109782010317,0.037316784262657166,0.990441182431995,0.9317639563087102,0.48351947632731,0.48351947632731,0.31534434557865854,0.36,0.3187101391094558,1.128814620792342,0.7378423691625762,13.752443815283302,50
TxPert_official_cell_gat_k562_all_fixed2000,K562,STARD7,98,2000,0.001497312099672854,0.022346151992678642,0.9958260749795305,0.9790007117902498,0.010583207039407386,0.010583207039407386,-0.020429758806149813,0.13,0.09823223711486306,0.9049901601774956,0.6660174049176056,13.790064518032922,50
TxPert_official_cell_gat_k562_all_fixed2000,K562,STRAP,91,2000,0.001291401102207601,0.02386506088078022,0.9963747808490276,0.972279404894229,0.4394715124779232,0.4394715124779232,0.3021594746530561,0.34,0.2603846225403171,0.89585419328621,0.6820010334555222,14.165468550864619,50
TxPert_official_cell_gat_k562_all_fixed2000,K562,SUGP1,146,2000,0.002526694443076849,0.029171809554100037,0.9927191122231324,0.9687223758664236,0.2036229890726727,0.2036229890726727,0.15159172542112256,0.27,0.20359927157573773,0.8340690475112039,0.6433372634509893,13.723030956825626,50
TxPert_official_cell_gat_k562_all_fixed2000,K562,SUGT1,94,2000,0.0010462213540449739,0.02179545722901821,0.9971092528028794,0.9790967353759387,0.06565748743638396,0.06565748743638396,0.020325999028348727,0.19,0.10069868463150947,0.8790148598651406,0.6598465664404561,14.067967074778348,50
TxPert_official_cell_gat_k562_all_fixed2000,K562,SUPT16H,82,2000,0.004651781637221575,0.044105879962444305,0.9859640562918769,0.9083389644819542,0.7163737220890487,0.7163737220890487,0.5934196988194311,0.59,0.551990605777358,1.1020150659076398,0.7291301221041219,14.010171089648567,50
TxPert_official_cell_gat_k562_all_fixed2000,K562,SUPT4H1,55,2000,0.005766670685261488,0.04782707244157791,0.9819076007705805,0.9113832468103384,0.27512173321254957,0.27512173321254957,0.166208512842482,0.23,0.18323259367849962,1.2118560192793608,0.7839831350021866,14.648177801043632,50
TxPert_official_cell_gat_k562_all_fixed2000,K562,SUPT5H,367,2000,0.005394442938268185,0.04717308282852173,0.9811179321985357,0.9026499814785575,0.7770019427060817,0.7770019427060817,0.6473827631644371,0.62,0.6383624034699269,0.9609843856725716,0.6880607660823718,13.46532055341125,50
TxPert_official_cell_gat_k562_all_fixed2000,K562,SUPT6H,256,2000,0.010980483144521713,0.061437394469976425,0.964135449131519,0.9019234682450799,0.6758312261063222,0.6758312261063222,0.537228615888292,0.51,0.4517367846227236,1.124830002728375,0.7462163222713012,13.976575395149222,50
TxPert_official_cell_gat_k562_all_fixed2000,K562,SUPV3L1,74,2000,0.002018919214606285,0.025722794234752655,0.9943987347924436,0.9674256728886316,0.6593787579322493,0.6593787579322493,0.17136642265304666,0.51,0.43987672868072963,1.0253140168200765,0.7180147281135537,14.199566541417441,50
TxPert_official_cell_gat_k562_all_fixed2000,K562,SURF6,113,2000,0.0017716719303280115,0.026433227583765984,0.9952856092423118,0.9672871655190034,0.5670837640301457,0.5670837640301457,0.38427186626848975,0.38,0.36772920585913677,0.8640774328752778,0.6561882392987713,13.753418109161911,50
TxPert_official_cell_gat_k562_all_fixed2000,K562,SYF2,78,2000,0.0025612462777644396,0.031919486820697784,0.9928332441879272,0.9530123279970464,0.4355308123541677,0.4355308123541677,0.3786422230572953,0.32,0.23119102163811203,1.0147894681548475,0.7196770912921565,14.108646932348423,50
TxPert_official_cell_gat_k562_all_fixed2000,K562,SYMPK,80,2000,0.006218798458576202,0.04774126410484314,0.9811321287013991,0.89911896028642,0.5287324853398299,0.5287324853398299,0.41497179352732655,0.35,0.3154158704600256,1.122587683315738,0.7411771572642746,14.011597818311753,50
TxPert_official_cell_gat_k562_all_fixed2000,K562,TADA3,139,2000,0.0014687725342810154,0.024634886533021927,0.9955858440464365,0.9733680450914798,0.4589384903898619,0.4589384903898619,0.17044648773347026,0.45,0.490165945756903,0.8502228597023795,0.6398437381625702,13.333566393175747,50
TxPert_official_cell_gat_k562_all_fixed2000,K562,TAF1,92,2000,0.0060801077634096146,0.04319631680846214,0.9803258312138492,0.9442567657630754,0.600166989385214,0.600166989385214,0.47501492042660187,0.53,0.5748363915742462,1.181993848506651,0.7557373749378601,13.745877422928608,50
TxPert_official_cell_gat_k562_all_fixed2000,K562,TAF10,38,2000,0.004064173437654972,0.04197827726602554,0.9864761230502815,0.9250806252135393,0.7533522378476849,0.7533522378476849,0.505580537655341,0.69,0.7133112042854654,1.2172974923982813,0.7297331763908782,13.348838340871096,50
TxPert_official_cell_gat_k562_all_fixed2000,K562,TAF12,65,2000,0.005514567252248526,0.04412433132529259,0.9829701407957813,0.9431138456206709,0.7401733742007247,0.7401733742007247,0.5400007549571492,0.53,0.5702256584936611,1.3510379193127617,0.817531721727626,14.195326994867553,50
TxPert_official_cell_gat_k562_all_fixed2000,K562,TAF1C,128,2000,0.0008814522880129516,0.02005169354379177,0.9975272204471891,0.9812510906148231,0.5526275184374749,0.5526275184374749,0.3009822201828344,0.54,0.48468703126946006,0.8316316606127042,0.6317074264590792,13.483583565250319,50
TxPert_official_cell_gat_k562_all_fixed2000,K562,TAF1D,99,2000,0.0018034178065136075,0.026997404173016548,0.9947718330420512,0.9746042497448957,0.18953295462003147,0.18953295462003147,0.08090476872678158,0.18,0.14231493847148893,0.9329871470280535,0.681921935193846,13.93375622352052,50
TxPert_official_cell_gat_k562_all_fixed2000,K562,TAF2,137,2000,0.004517748951911926,0.04037456586956978,0.9859866610157586,0.9302360340830684,0.6236079019873727,0.6236079019873727,0.44214925477942274,0.57,0.5651842092188838,0.9993885864509534,0.7109166218966704,13.883568353435791,50
TxPert_official_cell_gat_k562_all_fixed2000,K562,TAF5,34,2000,0.004845334216952324,0.04510347917675972,0.9839640278213436,0.9226887583616485,0.718411699236714,0.718411699236714,0.4756702953544664,0.66,0.7116851948534427,1.1295591321770173,0.6504423198101857,12.66489375988122,50
TxPert_official_cell_gat_k562_all_fixed2000,K562,TAF6,111,2000,0.0016621786635369062,0.025947697460651398,0.9948028825353572,0.968885056725136,0.7413781892398635,0.7413781892398635,0.4516203499014076,0.65,0.6706656221276912,0.9654990182842006,0.6909160839562749,13.751836724925948,50
TxPert_official_cell_gat_k562_all_fixed2000,K562,TAF7,84,2000,0.0033630505204200745,0.03670544922351837,0.9896014754583522,0.9391561351076158,0.6340255412430086,0.6340255412430086,0.5088702587009205,0.46,0.454078640358558,1.1578107841580467,0.755771304966447,14.27666132798028,50
TxPert_official_cell_gat_k562_all_fixed2000,K562,TAF8,103,2000,0.003031886648386717,0.03202999010682106,0.9904929147496239,0.9621482918001002,0.6146494185542976,0.6146494185542976,0.4089653157626765,0.6,0.6297210648664737,1.028602619957888,0.7090560286184941,13.89598201530076,50
TxPert_official_cell_gat_k562_all_fixed2000,K562,TANGO6,95,2000,0.0027841287665069103,0.032924894243478775,0.9913510620623509,0.959032294965119,0.3926184451880596,0.3926184451880596,0.28703439847852985,0.39,0.35657331557286936,1.0201331470715829,0.7013067366446394,13.663092029942497,50
TxPert_official_cell_gat_k562_all_fixed2000,K562,TARS,108,2000,0.005980030633509159,0.043655239045619965,0.9833089070632414,0.9276173528600262,0.40457156796125077,0.40457156796125077,0.32531260799550854,0.29,0.23916319675862657,0.9987367098766181,0.7118292522918784,13.926900842217167,50
TxPert_official_cell_gat_k562_all_fixed2000,K562,TBCB,97,2000,0.0036433024797588587,0.035317808389663696,0.9892274743138042,0.9397797026368685,0.31767829995151076,0.31767829995151076,0.2977534444547153,0.28,0.2452808688555012,0.9662907863796185,0.6933655040404405,13.981311815993813,50
TxPert_official_cell_gat_k562_all_fixed2000,K562,TBL3,70,2000,0.0017504766583442688,0.02852288819849491,0.9942980132702893,0.9632901563636285,0.7094678640983273,0.7094678640983273,0.3878251540975038,0.71,0.7200884549737243,1.0862156466773363,0.7404234581829467,14.153147981041952,50
TxPert_official_cell_gat_k562_all_fixed2000,K562,TBP,143,2000,0.0014540129341185093,0.024409979581832886,0.9957307901054381,0.9713540802500409,0.5861453699402525,0.5861453699402525,0.210080212706784,0.58,0.5399238791783629,0.8517032327909742,0.6467793430371203,13.730463358539843,50
TxPert_official_cell_gat_k562_all_fixed2000,K562,TCERG1,93,2000,0.0012274199398234487,0.0244448184967041,0.9964525433880537,0.9707029515340775,0.39360649672346215,0.39360649672346215,0.2573254168058117,0.31,0.25033696589354615,0.9220321250976267,0.6758240178749715,13.792627032120983,50
TxPert_official_cell_gat_k562_all_fixed2000,K562,TCOF1,86,2000,0.0012314748018980026,0.02422698773443699,0.9962100740711597,0.9717318156301605,0.3533706818246783,0.3533706818246783,0.18208966883820718,0.31,0.2221837379115008,0.9938128728525477,0.7088079291023456,14.087416004849779,50
TxPert_official_cell_gat_k562_all_fixed2000,K562,TCP1,63,2000,0.002779285190626979,0.03312603756785393,0.9916906663694234,0.9471875178206349,0.4765530842236715,0.4765530842236715,0.3915042085585686,0.35,0.34085110658159107,1.1049361220809788,0.749231772642351,14.23960981092752,50
TxPert_official_cell_gat_k562_all_fixed2000,K562,TEFM,192,2000,0.002935264725238085,0.021514324471354485,0.991722761111946,0.9883801143684998,0.021650973810139137,0.021650973810139137,0.02696205446627199,0.13,0.10032869593130851,0.7709591649814481,0.6083895499080277,13.286939422995673,50
TxPert_official_cell_gat_k562_all_fixed2000,K562,TELO2,73,2000,0.0016428394010290504,0.027646340429782867,0.9950425636895178,0.962756349520573,0.6616649350880557,0.6616649350880557,0.483638364644375,0.46,0.49433597330604984,1.0770603823871574,0.7435801335298968,14.159309754350193,50
TxPert_official_cell_gat_k562_all_fixed2000,K562,TERF2,47,2000,0.003159340936690569,0.036780957132577896,0.990541747939579,0.93501905579785,0.483443615584126,0.483443615584126,0.40868602427886597,0.34,0.3032390942443409,1.120356278740664,0.7196667483204426,13.86485884864956,50
TxPert_official_cell_gat_k562_all_fixed2000,K562,TEX10,153,2000,0.0014597056433558464,0.02409791760146618,0.995853484632168,0.9752029027630199,0.5863105478205585,0.5863105478205585,0.4524128804652697,0.39,0.3929296726313773,0.7776197421376536,0.6173294426971051,13.52644891453308,50
TxPert_official_cell_gat_k562_all_fixed2000,K562,TFDP1,140,2000,0.0007852489361539483,0.018858082592487335,0.9977612993019963,0.9826394600877116,0.3600629951078603,0.3600629951078603,0.1947573167736558,0.3,0.25053716446181856,0.7157907123293767,0.5922858376271974,13.476702927411136,50
TxPert_official_cell_gat_k562_all_fixed2000,K562,TFIP11,58,2000,0.0021017121616750956,0.031486596912145615,0.9940989519827255,0.9522155376802186,0.4369114449014348,0.4369114449014348,0.41009659493888695,0.2,0.15325151039901724,1.0588912718968415,0.7064983278573874,13.98505127043494,50
TxPert_official_cell_gat_k562_all_fixed2000,K562,THAP1,107,2000,0.0014607764314860106,0.024770459160208702,0.9956646289344169,0.970950291220575,0.3858568498566973,0.3858568498566973,0.2614399433269164,0.32,0.2780631286562412,0.9374435674673203,0.6825201814115245,13.77812830616998,50
TxPert_official_cell_gat_k562_all_fixed2000,K562,THAP11,60,2000,0.0010602755937725306,0.023238010704517365,0.9968668932619488,0.9689399302586015,0.1676630048281556,0.1676630048281556,0.09915113911287787,0.2,0.1210349609343246,1.0119968625113633,0.6921056208558624,13.677893501639566,50
TxPert_official_cell_gat_k562_all_fixed2000,K562,THG1L,43,2000,0.0021797141525894403,0.032590702176094055,0.9937038934067463,0.9477561561677743,0.6347761320467454,0.6347761320467454,0.4516333100477216,0.43,0.44565226550000037,1.1136187667097717,0.7100429208288717,13.069117535259295,50
TxPert_official_cell_gat_k562_all_fixed2000,K562,THOC1,33,2000,0.0025622216053307056,0.035190269351005554,0.9922474151504451,0.9420089305544723,0.48461197307508586,0.48461197307508586,0.36042771715464283,0.4,0.34814130365612744,0.988779244722719,0.6304735704549649,13.043717174697013,50
TxPert_official_cell_gat_k562_all_fixed2000,K562,THOC2,149,2000,0.003721771528944373,0.03752674162387848,0.9886557870854185,0.9415740721086187,0.6743771175205241,0.6743771175205241,0.6218553283313923,0.49,0.4560796594573704,0.8814720564008192,0.6537506630159917,13.449544488602266,50
TxPert_official_cell_gat_k562_all_fixed2000,K562,THOC3,133,2000,0.0019471055129542947,0.02679576724767685,0.9941943580093014,0.9697647694058568,0.29185728516197224,0.29185728516197224,0.22680406730130961,0.17,0.15141945876270926,0.8580157186279588,0.6547020706219606,13.795094282504026,50
TxPert_official_cell_gat_k562_all_fixed2000,K562,THOC5,28,2000,0.0038335092831403017,0.04156580567359924,0.988316677214237,0.9227176119824411,0.48640160686182604,0.48640160686182604,0.4189988166182574,0.3,0.2410097920829688,0.978342181240095,0.6137580975142067,13.245753698223334,50
TxPert_official_cell_gat_k562_all_fixed2000,K562,THOC6,115,2000,0.0005699713947251439,0.01672174781560898,0.9983143965541014,0.983979012940638,0.25275118591175205,0.25275118591175205,0.18543733562014478,0.2,0.12204944955779459,0.8302643152890292,0.6321227636209482,13.713810181351718,50
TxPert_official_cell_gat_k562_all_fixed2000,K562,THOC7,104,2000,0.0014691860415041447,0.024762243032455444,0.9956161436890236,0.969969167136841,0.48625451729207747,0.48625451729207747,0.42675438227415785,0.32,0.2555208786374603,0.9023021748970811,0.6626605183176397,13.767348317954411,50
TxPert_official_cell_gat_k562_all_fixed2000,K562,TICRR,147,2000,0.00175298226531595,0.025619249790906906,0.9947589534431569,0.9723334255712418,0.5060523476949089,0.5060523476949089,0.38815896758393353,0.4,0.35562149987037495,0.8168680671843157,0.6124315734598623,13.057241578668547,50
TxPert_official_cell_gat_k562_all_fixed2000,K562,TIMM13,162,2000,0.0013976951595395803,0.021775800734758377,0.9960334977528541,0.9779883623402267,0.5694233447012392,0.5694233447012392,0.40309125617561603,0.45,0.4155136971705189,0.8121206385359973,0.6188272553734808,13.086349786630228,50
TxPert_official_cell_gat_k562_all_fixed2000,K562,TIMM23B,480,2000,0.005106544587761164,0.03465091437101364,0.9849917987617034,0.9551364560195158,0.6768154384816386,0.6768154384816386,0.6084122409721361,0.5,0.5068207983280065,0.6948106760640536,0.5754543905099502,12.881501327880203,50
TxPert_official_cell_gat_k562_all_fixed2000,K562,TIMM44,38,2000,0.0037099660839885473,0.03827323019504547,0.9888776609548104,0.9358901055209065,0.5291230082619901,0.5291230082619901,0.4525383818796632,0.33,0.29993175986845855,1.0294054102589238,0.6491673471125395,12.547541678050086,50
TxPert_official_cell_gat_k562_all_fixed2000,K562,TIMM9,183,2000,0.0030262148939073086,0.029422901570796967,0.9912510335435727,0.9554255211809503,0.3016808537594159,0.3016808537594159,0.2140577894147941,0.22,0.19003088912767802,0.7672269811552455,0.614573417151635,13.537700639989334,50
TxPert_official_cell_gat_k562_all_fixed2000,K562,TMA16,163,2000,0.0025294956285506487,0.029270071536302567,0.9937393251917789,0.9646225696417112,0.4185543387525244,0.4185543387525244,0.29821444428183014,0.37,0.33723169948602943,0.7512607095765708,0.6037058148946628,13.128263441540913,50
TxPert_official_cell_gat_k562_all_fixed2000,K562,TMSB10,190,2000,0.0022121190559118986,0.027960119768977165,0.9935174521126153,0.9627670149136612,0.3921291597883494,0.3921291597883494,0.17589502365252999,0.18,0.17459590080137088,0.743826332149262,0.60028109463523,13.223239192770482,50
TxPert_official_cell_gat_k562_all_fixed2000,K562,TMX2,94,2000,0.0017514124047011137,0.02844860590994358,0.9943818362727862,0.9613397469737653,0.6674376457551665,0.6674376457551665,0.4966570257463811,0.53,0.4797927892374551,1.0673300644094186,0.7123948187602904,13.391126235189567,50
TxPert_official_cell_gat_k562_all_fixed2000,K562,TNPO3,89,2000,0.0026904449332505465,0.03321865573525429,0.9923043815035821,0.947425915279874,0.5048377950608671,0.5048377950608671,0.4081016283482093,0.32,0.2765236255436818,0.9433986964139136,0.6792203276614996,13.928666675392208,50
TxPert_official_cell_gat_k562_all_fixed2000,K562,TOMM22,89,2000,0.0024872866924852133,0.02666926383972168,0.9931692965263587,0.9707060252344756,0.758499663195622,0.758499663195622,0.3655313021042544,0.61,0.6239167265439691,1.023589352294516,0.7266474974573489,14.416254498037885,50
TxPert_official_cell_gat_k562_all_fixed2000,K562,TOMM40,95,2000,0.0019674671348184347,0.023174960166215897,0.9944492138474399,0.9762377061213018,0.641392462930913,0.641392462930913,0.31240838627588174,0.47,0.43937449260530376,0.9952139644120388,0.7061592912316237,13.84162825612721,50
TxPert_official_cell_gat_k562_all_fixed2000,K562,TOP1,91,2000,0.0021790415048599243,0.03066803328692913,0.9939534314060076,0.9583081500134967,0.5652321295957159,0.5652321295957159,0.2964641509677884,0.5,0.4946718625474246,1.032896688397037,0.736399465619401,14.37757162706537,50
TxPert_official_cell_gat_k562_all_fixed2000,K562,TPR,68,2000,0.0029348493553698063,0.035398487001657486,0.9909116832595651,0.941855641799766,0.4448943308083254,0.4448943308083254,0.3480807728965673,0.31,0.2636229797252058,1.1074146299136036,0.7474066644194424,14.19519263155035,50
TxPert_official_cell_gat_k562_all_fixed2000,K562,TPX2,212,2000,0.0038756225258111954,0.03436901420354843,0.9877900897116427,0.9414486863522888,0.6018649916677814,0.6018649916677814,0.45715828723811003,0.49,0.3814421985707137,0.855283352138144,0.6228694721365575,12.840154147214214,50
TxPert_official_cell_gat_k562_all_fixed2000,K562,TRA2B,139,2000,0.0019230771576985717,0.023272166028618813,0.9945835786428894,0.975671728337387,0.2611053326197963,0.2611053326197963,0.24464830420975908,0.17,0.14035001764658023,0.8330301763092932,0.6337372468488143,13.220601048523193,50
TxPert_official_cell_gat_k562_all_fixed2000,K562,TREX2,275,2000,0.004021970555186272,0.03502219542860985,0.9882579460713038,0.9372906757696101,0.3513668080626219,0.3513668080626219,0.22307874259574886,0.3,0.24536513556573658,0.8119817664220986,0.6145471608744515,12.767786745360322,50
TxPert_official_cell_gat_k562_all_fixed2000,K562,TRMT10C,67,2000,0.0012874556705355644,0.023674411699175835,0.9965603256613675,0.9699101028309766,0.6298503447568465,0.6298503447568465,0.16653528379066668,0.42,0.3478083926435416,1.0016944662542593,0.7070305470876979,14.083671909079339,50
TxPert_official_cell_gat_k562_all_fixed2000,K562,TRMT112,150,2000,0.0019828141666948795,0.02818259224295616,0.9937633450951435,0.9660950623468247,0.7355103383305525,0.7355103383305525,0.41359136367714106,0.73,0.741121587804853,0.840689710757458,0.6465014884376934,14.059507111378368,50
TxPert_official_cell_gat_k562_all_fixed2000,K562,TRMT5,93,2000,0.001436257385648787,0.02475261688232422,0.996057441822695,0.9704422439431644,0.6022596441300105,0.6022596441300105,0.39829953278116254,0.45,0.4056655933754841,0.9128967973139832,0.6707080953234207,13.937996814678629,50
TxPert_official_cell_gat_k562_all_fixed2000,K562,TRPM7,123,2000,0.0024569439701735973,0.02995535172522068,0.9926585665348612,0.9560157720217877,0.4468051936593249,0.4468051936593249,0.28648755188394004,0.38,0.31282903310126703,0.8843215279397012,0.66030796952943,13.978547067807789,50
TxPert_official_cell_gat_k562_all_fixed2000,K562,TRRAP,387,2000,0.002870506141334772,0.030953984707593918,0.9914368767831198,0.9745468870960143,0.6632400633469061,0.6632400633469061,0.4813513027809321,0.56,0.5300241263810691,0.6843497129008221,0.5702980336043901,12.700288900720661,50
TxPert_official_cell_gat_k562_all_fixed2000,K562,TSEN2,168,2000,0.0034113407600671053,0.03213855251669884,0.9906285785045896,0.9600816821527055,0.5136132484318319,0.5136132484318319,0.2759424559163386,0.4,0.39892155830738846,0.8016020560394146,0.6310565123945494,13.690891196094634,50
TxPert_official_cell_gat_k562_all_fixed2000,K562,TSG101,83,2000,0.004140643868595362,0.040974583476781845,0.9870724067943891,0.9207134642776519,0.641951126914439,0.641951126914439,0.5121508983209903,0.43,0.39019692606386586,1.0801754197650084,0.7261721119852912,14.021716704371201,50
TxPert_official_cell_gat_k562_all_fixed2000,K562,TSR1,109,2000,0.0015288733411580324,0.025682702660560608,0.995332639488769,0.9734287012090151,0.6267801608873003,0.6267801608873003,0.38480610464797155,0.56,0.5288679889868628,0.9363970667609683,0.6813812779760673,13.67806194583847,50
TxPert_official_cell_gat_k562_all_fixed2000,K562,TSR2,486,2000,0.004588621202856302,0.0409984365105629,0.9873337460090206,0.972669603069113,0.5582829222777622,0.5582829222777622,0.438072505519183,0.41,0.3502030617792498,0.6374512644254349,0.5377974903209156,12.454506295718666,50
TxPert_official_cell_gat_k562_all_fixed2000,K562,TTC27,87,2000,0.0030762406531721354,0.034095704555511475,0.9912262730762833,0.95345692520245,0.28560069507994723,0.28560069507994723,0.3677488555191111,0.13,0.12541576223499332,0.9734300492603398,0.708209998202352,14.211470484926721,50
TxPert_official_cell_gat_k562_all_fixed2000,K562,TTI1,146,2000,0.0019289939664304256,0.027179475873708725,0.9940989102449321,0.9677715831869381,0.6178983251845404,0.6178983251845404,0.504688920757407,0.43,0.38200503233489685,0.8741334393467747,0.6614987822453784,13.840003272187534,50
TxPert_official_cell_gat_k562_all_fixed2000,K562,TTK,185,2000,0.00491259666159749,0.04097634181380272,0.9840535492399282,0.915278181661733,0.6600284189011091,0.6600284189011091,0.521293984293454,0.44,0.4241067617042614,1.059685859537865,0.7146946590678895,13.396623075799187,50
TxPert_official_cell_gat_k562_all_fixed2000,K562,TUBGCP2,226,2000,0.0037469579838216305,0.03272121772170067,0.98912006092838,0.9492990312336765,0.3011875900679048,0.3011875900679048,0.18124601516982883,0.35,0.3059113032978788,0.7369440174267566,0.590436517517589,12.925997195587431,50
TxPert_official_cell_gat_k562_all_fixed2000,K562,TUT1,187,2000,0.0005477487575262785,0.015642208978533745,0.9985917922364048,0.987387632298404,0.2672779032592073,0.2672779032592073,0.19767282026040062,0.2,0.17000348614123378,0.7187619624629943,0.5789108708977809,13.06717654551857,50
TxPert_official_cell_gat_k562_all_fixed2000,K562,TWISTNB,145,2000,0.00828335341066122,0.05181584879755974,0.9779157863397356,0.9533153906505389,0.026929753254773665,0.026929753254773665,0.01792329536082311,0.2,0.15891551247935193,0.9835064288017696,0.6884898822127101,13.404460159734203,50
TxPert_official_cell_gat_k562_all_fixed2000,K562,TXN,81,2000,0.0016650314209982753,0.026571011170744896,0.9950202454581825,0.9702599269412877,0.3497317483764546,0.3497317483764546,0.22258133081451634,0.36,0.30504495193561343,0.8990434976162995,0.6679458674135904,14.141210115440702,50
TxPert_official_cell_gat_k562_all_fixed2000,K562,TXNL4A,66,2000,0.003413045546039939,0.03535737469792366,0.9903823152124375,0.9448720612677612,0.26271679830106826,0.26271679830106826,0.24887751485143558,0.29,0.16745536180581425,1.0874179338002703,0.7726158126620544,14.896302861480047,50
TxPert_official_cell_gat_k562_all_fixed2000,K562,U2AF1,141,2000,0.006703938357532024,0.04911744222044945,0.9802059014746742,0.9040445277370379,0.5403131921373366,0.5403131921373366,0.5588644528896546,0.27,0.20886195004342764,0.9835561546711241,0.6958421363119485,13.524567852202276,50
TxPert_official_cell_gat_k562_all_fixed2000,K562,U2AF2,73,2000,0.0015092093963176012,0.02674202434718609,0.9955478457128752,0.9626835563169736,0.4353208413333792,0.4353208413333792,0.34184296000105663,0.26,0.23118349977055327,0.9925152024140236,0.6951402390182433,13.960439768014671,50
TxPert_official_cell_gat_k562_all_fixed2000,K562,U2SURP,263,2000,0.003251029411330819,0.03402762487530708,0.9907932533775334,0.947149050927949,0.6644690696576894,0.6644690696576894,0.5932645748593348,0.48,0.3864134441422586,0.6936524659670102,0.5733617743349957,13.049380165023758,50
TxPert_official_cell_gat_k562_all_fixed2000,K562,UBA1,251,2000,0.003951138351112604,0.03886275365948677,0.9881004709310329,0.9519563938626601,0.2520532335221657,0.2520532335221657,0.2270683245886934,0.2,0.14705906820042838,0.7414686785613143,0.5723671996067982,12.113235933106782,50
TxPert_official_cell_gat_k562_all_fixed2000,K562,UBA2,121,2000,0.00225270027294755,0.027624960988759995,0.9936796498597149,0.9646981080513465,0.1776619312309213,0.1776619312309213,0.1556199332816321,0.3,0.24942146678420646,0.8551184890916436,0.6406452246917782,13.084343802186934,50
TxPert_official_cell_gat_k562_all_fixed2000,K562,UBA3,94,2000,0.0023814637679606676,0.031032266095280647,0.9934061293969642,0.9579121574645918,0.25586311580280097,0.25586311580280097,0.028874388056662776,0.24,0.23754567868661455,0.933106502579856,0.6936432292806284,14.225052989591402,50
TxPert_official_cell_gat_k562_all_fixed2000,K562,UBA52,44,2000,0.0018338471418246627,0.030125917866826057,0.9946002200712615,0.958332280724899,0.5387842405916301,0.5387842405916301,0.3929034209256378,0.32,0.2744189012699723,1.0547279787447676,0.6902290924429583,13.479464372291925,50
TxPert_official_cell_gat_k562_all_fixed2000,K562,UBAP1,102,2000,0.00344022992067039,0.03607536852359772,0.9896504765463432,0.9410623559538283,0.5954306841193229,0.5954306841193229,0.43983620729140976,0.35,0.3655810250094171,0.9617602913076441,0.6877767897269748,13.882781756013733,50
TxPert_official_cell_gat_k562_all_fixed2000,K562,UBE2I,42,2000,0.0018458303529769182,0.02867785654962063,0.9947864257900053,0.9584117448041553,0.3145223756238908,0.3145223756238908,0.28543827757779777,0.22,0.1814734161387066,1.021005374188228,0.6770845168022767,13.046994383212045,50
TxPert_official_cell_gat_k562_all_fixed2000,K562,UBL5,198,2000,0.0035253569949418306,0.03565306216478348,0.9898232255471966,0.937139581426392,0.6880251425225804,0.6880251425225804,0.6874761751976448,0.41,0.39726979305812643,0.8312659298160132,0.6253960988224092,13.058848264692518,50
TxPert_official_cell_gat_k562_all_fixed2000,K562,UBQLN4,145,2000,0.0018039052374660969,0.026703381910920143,0.9947869070735487,0.9650431810235778,0.5169237982804706,0.5169237982804706,0.39729348298471534,0.38,0.307229426894273,0.8419077298576545,0.6282706112880144,13.24082789763534,50
TxPert_official_cell_gat_k562_all_fixed2000,K562,UFL1,155,2000,0.0007893789443187416,0.017950110137462616,0.9977269130456117,0.9831633699614373,0.47308776380831913,0.47308776380831913,0.29586439309026646,0.34,0.2788913751518841,0.743790102346543,0.6036914356403164,13.510622151683013,50
TxPert_official_cell_gat_k562_all_fixed2000,K562,UFM1,119,2000,0.000868728500790894,0.019337983801960945,0.9974875426330052,0.9808818811131059,0.46626791240072685,0.46626791240072685,0.3245518857861183,0.36,0.3225309507369486,0.8280546172680744,0.6320799749685365,13.64635892360614,50
TxPert_official_cell_gat_k562_all_fixed2000,K562,UPF1,115,2000,0.005400555208325386,0.04175287485122681,0.9843334862811135,0.9390647039958427,0.5662916019787462,0.5662916019787462,0.39057936438474417,0.35,0.29414376967674677,0.9259301386116436,0.6927790836797699,14.247691998912908,50
TxPert_official_cell_gat_k562_all_fixed2000,K562,UPF2,133,2000,0.0021355736535042524,0.02846132218837738,0.9940045723313409,0.9662617701263394,0.6800141078803077,0.6800141078803077,0.4941635801328977,0.46,0.4214409389779052,0.8171492475784978,0.6289948993862006,13.295067639074277,50
TxPert_official_cell_gat_k562_all_fixed2000,K562,UQCC2,83,2000,0.0008843948598951101,0.02027592994272709,0.9973658167202897,0.9773425190875568,0.44647572829986243,0.44647572829986243,0.2879739439928822,0.36,0.31886561240829225,0.9613933252391296,0.693065172244907,13.952977707863935,50
TxPert_official_cell_gat_k562_all_fixed2000,K562,UQCRB,93,2000,0.0009092532563954592,0.018355397507548332,0.9973677133156885,0.9785564988372233,0.4038936533427054,0.4038936533427054,0.32706771795011563,0.28,0.22928553931388032,0.9056526049670373,0.6812728427451217,14.24916623359364,50
TxPert_official_cell_gat_k562_all_fixed2000,K562,UQCRC2,63,2000,0.001216015312820673,0.024159103631973267,0.9964539205788685,0.9672651176024937,0.4133137935118253,0.4133137935118253,0.23721494663459297,0.35,0.2904573223670118,0.9970852498735358,0.709908081211232,14.374267785168332,50
TxPert_official_cell_gat_k562_all_fixed2000,K562,UQCRFS1,114,2000,0.0020112835336476564,0.028116174042224884,0.994352332937907,0.959906791556814,0.5344180523510135,0.5344180523510135,0.3038478871088622,0.36,0.2994072311041334,0.883661419880484,0.6794762064340749,14.187354634148788,50
TxPert_official_cell_gat_k562_all_fixed2000,K562,UQCRQ,148,2000,0.0009814172517508268,0.018813597038388252,0.997151733697596,0.9795888361797079,0.4595221738606268,0.4595221738606268,0.3132102368964723,0.39,0.3126254974534272,0.7648471541605378,0.6064748870033426,13.346884374062851,50
TxPert_official_cell_gat_k562_all_fixed2000,K562,URB2,189,2000,0.0010482979705557227,0.020923979580402374,0.9970552453655933,0.9829635323612148,0.357711507938645,0.357711507938645,0.18219915860722208,0.31,0.3126077258427888,0.7129207712440426,0.5804288505891091,13.234349368079869,50
TxPert_official_cell_gat_k562_all_fixed2000,K562,URI1,55,2000,0.002011822536587715,0.03021133318543434,0.9940563560082213,0.9539281865278084,0.4205321947728658,0.4205321947728658,0.3093482645722627,0.35,0.34818669602363733,1.1583525468662603,0.768517024471537,14.465621680819744,50
TxPert_official_cell_gat_k562_all_fixed2000,K562,USP36,151,2000,0.0010065012611448765,0.020173776894807816,0.9974271700633258,0.9812600105415895,0.4285867702151946,0.4285867702151946,0.19020783716416587,0.46,0.3593542807758311,0.8061523941628346,0.6420490483124488,13.979786296191676,50
TxPert_official_cell_gat_k562_all_fixed2000,K562,USP39,166,2000,0.0034711433108896017,0.0362042598426342,0.989961517099077,0.9508053234915649,0.4536367956262001,0.4536367956262001,0.43719616536678596,0.31,0.25416763022611816,0.8320672903331845,0.6345496800659938,13.411631662749928,50
TxPert_official_cell_gat_k562_all_fixed2000,K562,USP5,171,2000,0.0016438363818451762,0.0240457933396101,0.9953306348516601,0.9738044031739861,0.14877947502845193,0.14877947502845193,0.12501189905908688,0.16,0.14984696718784016,0.7851810320193932,0.6220153701740049,13.481213646636707,50
TxPert_official_cell_gat_k562_all_fixed2000,K562,USPL1,96,2000,0.002170862862840295,0.02713380940258503,0.993844731936497,0.9681203615953369,0.2921831918590399,0.2921831918590399,0.28039448137908807,0.27,0.19532011824166126,0.9256787791637009,0.6882587686829382,14.093222646898774,50
TxPert_official_cell_gat_k562_all_fixed2000,K562,UTP15,139,2000,0.006025122012943029,0.04489021375775337,0.9807956494341312,0.9368764737665268,0.5306207189925187,0.5306207189925187,0.3610937867883292,0.51,0.3797428050134349,0.9485403035060981,0.68513972144008,13.852318912839158,50
TxPert_official_cell_gat_k562_all_fixed2000,K562,UTP18,59,2000,0.0023459349758923054,0.031724002212285995,0.9926633269125407,0.9595655311647191,0.54285092876377,0.54285092876377,0.26085673882373395,0.51,0.45725633092626555,1.1487640074743612,0.7656347527013575,14.581120599050612,50
TxPert_official_cell_gat_k562_all_fixed2000,K562,UTP20,92,2000,0.00394488824531436,0.038008298724889755,0.987474576669186,0.9518258458700031,0.5474279998431784,0.5474279998431784,0.35687249067067883,0.51,0.4147711538551183,1.0232434266026065,0.7234446295292557,14.161878422934308,50
TxPert_official_cell_gat_k562_all_fixed2000,K562,UTP23,160,2000,0.0020004345569759607,0.027325836941599846,0.9937760700904934,0.9745415888101308,0.622035544888773,0.622035544888773,0.36795283358913367,0.58,0.5334348740902604,0.8374916914739827,0.6454377630868849,13.483367515606533,50
TxPert_official_cell_gat_k562_all_fixed2000,K562,UTP3,27,2000,0.004801717586815357,0.04657156392931938,0.9849706563880619,0.9318079442374118,0.519651939448866,0.519651939448866,0.28920983818960994,0.43,0.37775417233735525,0.9916519224414471,0.5992587083004612,13.658927878951959,50
TxPert_official_cell_gat_k562_all_fixed2000,K562,UTP6,64,2000,0.0028506829403340816,0.03519701585173607,0.9909193294804878,0.9592193312433526,0.6734364170675287,0.6734364170675287,0.4005383982447999,0.61,0.6191295060658607,1.1028622227152787,0.7403892488760717,13.913485493138595,50
TxPert_official_cell_gat_k562_all_fixed2000,K562,UXT,206,2000,0.0015846871538087726,0.02608698420226574,0.9951532341103703,0.9661272595735602,0.6602293152134532,0.6602293152134532,0.47192979963393744,0.55,0.5415513032115847,0.7771525509199012,0.6203063378732673,13.66354115280553,50
TxPert_official_cell_gat_k562_all_fixed2000,K562,VARS,191,2000,0.004128165543079376,0.03883640468120575,0.9882770941485969,0.9250507318540109,0.7577074291779253,0.7577074291779253,0.5866300717914901,0.53,0.5470713209121569,0.868741212692751,0.6581629342837662,13.757581208196871,50
TxPert_official_cell_gat_k562_all_fixed2000,K562,VPS28,49,2000,0.00661480100825429,0.0469355434179306,0.9797068466691821,0.9221103085643279,0.5600482327706091,0.5600482327706091,0.4242905729199921,0.35,0.32825947317066634,1.2293788482564658,0.7747636990056372,14.32372565122713,50
TxPert_official_cell_gat_k562_all_fixed2000,K562,VPS29,146,2000,0.0009661413496360183,0.01988821104168892,0.9971439709785531,0.9792766965180121,0.4093917761255148,0.4093917761255148,0.35634485512471137,0.21,0.20315616081902393,0.8353993773062092,0.6416700049899157,13.594812993735102,50
TxPert_official_cell_gat_k562_all_fixed2000,K562,VPS35,40,2000,0.0025040286127477884,0.03469317406415939,0.9924950382810934,0.9384602870507025,0.45916597018650385,0.45916597018650385,0.35754543628035984,0.32,0.2652156233920193,1.157890222035987,0.7196572883871458,13.652362635179863,50
TxPert_official_cell_gat_k562_all_fixed2000,K562,VPS54,306,2000,0.00044889553100802004,0.013887534849345684,0.9986740984682956,0.9881035097701956,0.5525636841581978,0.5525636841581978,0.4194969566188988,0.35,0.3155402877380007,0.6305133323671276,0.5369722683559879,12.482842170224394,50
TxPert_official_cell_gat_k562_all_fixed2000,K562,VPS72,95,2000,0.002759946044534445,0.033580537885427475,0.9934730738113281,0.9597296017489179,0.07649995794081034,0.07649995794081034,0.06445983213285573,0.14,0.1214662423152501,0.9088584085402219,0.6788401718733907,14.156939554403024,50
TxPert_official_cell_gat_k562_all_fixed2000,K562,WAC,93,2000,0.0010045301169157028,0.022035690024495125,0.9970200170566893,0.971753926709928,0.3719176961825614,0.3719176961825614,0.2468842856388566,0.35,0.218630673346868,0.9201266306729977,0.6687170468681607,14.075267765492859,50
TxPert_official_cell_gat_k562_all_fixed2000,K562,WBP11,205,2000,0.0017972999485209584,0.027588363736867905,0.9948085244234293,0.9658140368539028,0.6114595401009455,0.6114595401009455,0.577074216727471,0.32,0.23495911363647443,0.7983165977185384,0.6110623669112321,12.93943301771029,50
TxPert_official_cell_gat_k562_all_fixed2000,K562,WDHD1,175,2000,0.0010599092347547412,0.02032310515642166,0.9969313433986204,0.9806570730811168,0.30298618792753623,0.30298618792753623,0.21138800535028326,0.28,0.18329836483245054,0.7191354930522346,0.5950737552607159,13.418954127707753,50
TxPert_official_cell_gat_k562_all_fixed2000,K562,WDR12,174,2000,0.002930947346612811,0.03249695524573326,0.991530813742885,0.9611509004717362,0.5536652233940746,0.5536652233940746,0.4153833098542001,0.38,0.35563660295714095,0.757159687634142,0.5952386123528326,12.994707321023009,50
TxPert_official_cell_gat_k562_all_fixed2000,K562,WDR24,78,2000,0.007881717756390572,0.04923656955361366,0.9764840024319997,0.8863851671690188,0.37879909026923453,0.37879909026923453,0.2482807307643392,0.36,0.28218486046106933,1.047450339428094,0.7101059667747041,13.352987045905481,50
TxPert_official_cell_gat_k562_all_fixed2000,K562,WDR3,329,2000,0.001973196631297469,0.027157003059983253,0.9937021685017912,0.9765545041264209,0.7190880053533563,0.7190880053533563,0.46548658336630216,0.67,0.6398711091161546,0.6767824531265149,0.5599790092885392,12.58805654136012,50
TxPert_official_cell_gat_k562_all_fixed2000,K562,WDR33,79,2000,0.0031289076432585716,0.03633393719792366,0.9904346784503495,0.9375839027092762,0.5209422308731958,0.5209422308731958,0.37848892993658706,0.35,0.3266666005963048,1.1222094885658278,0.7362464886612962,13.970750706360759,50
TxPert_official_cell_gat_k562_all_fixed2000,K562,WDR36,250,2000,0.004144780803471804,0.036535944789648056,0.9871119068854983,0.9691013079728514,0.34351933592420336,0.34351933592420336,0.22305685849521778,0.28,0.25072198753320857,0.7556643051078445,0.6027298426630509,13.122789343583745,50
TxPert_official_cell_gat_k562_all_fixed2000,K562,WDR43,47,2000,0.004983824677765369,0.04494931548833847,0.9835283580033688,0.9390533277580096,0.5789147112140521,0.5789147112140521,0.34533224477035207,0.59,0.5174579034693668,1.1994421612864172,0.750212621458005,13.844951046133637,50
TxPert_official_cell_gat_k562_all_fixed2000,K562,WDR46,63,2000,0.002898745471611619,0.033975131809711456,0.9909268560315303,0.952330429535386,0.5717498063550188,0.5717498063550188,0.3589190956168,0.51,0.41727337694492295,1.1417623688324414,0.766678766149668,14.219302576512177,50
TxPert_official_cell_gat_k562_all_fixed2000,K562,WDR5,75,2000,0.0030577334109693766,0.03382166847586632,0.9904695352412678,0.9581095304822587,0.718980113339885,0.718980113339885,0.30256974820444593,0.55,0.5693775874916435,1.0678786836037766,0.7394891259535542,14.06289597186336,50
TxPert_official_cell_gat_k562_all_fixed2000,K562,WDR55,94,2000,0.0013684887671843171,0.024403611198067665,0.9964117729005081,0.9700369539079376,0.3633204473494603,0.3633204473494603,0.25130553777561454,0.32,0.279394813912311,0.8601895971261634,0.6554700126054475,14.032248896580786,50
TxPert_official_cell_gat_k562_all_fixed2000,K562,WDR61,98,2000,0.001767168752849102,0.02756904438138008,0.9948761648712312,0.9610719932455899,0.46347050981694127,0.46347050981694127,0.38957344362765933,0.36,0.3141512366658194,0.9546617662932649,0.6931727205093025,13.860600881924857,50
TxPert_official_cell_gat_k562_all_fixed2000,K562,WDR70,29,2000,0.0038093531038612127,0.04222574084997177,0.9887790149379567,0.9204573843350154,0.5147370272993264,0.5147370272993264,0.46038951454277244,0.27,0.22649693987287065,1.0271029242262861,0.6341967960672705,13.28603866441033,50
TxPert_official_cell_gat_k562_all_fixed2000,K562,WDR74,96,2000,0.0011459747329354286,0.022675449028611183,0.9966859067642677,0.9727625971647212,0.5250409212798903,0.5250409212798903,0.37624123801109716,0.36,0.3223117668191919,0.9112801459931174,0.673807004363575,13.804547173794388,50
TxPert_official_cell_gat_k562_all_fixed2000,K562,WDR75,132,2000,0.005500760395079851,0.04329979047179222,0.9827283147046975,0.941774287669869,0.5208575475943373,0.5208575475943373,0.3283347876691047,0.53,0.4062672352579348,0.9521145099356739,0.6824261022370787,13.518481230508689,50
TxPert_official_cell_gat_k562_all_fixed2000,K562,WDR82,86,2000,0.005051273852586746,0.04352058842778206,0.9838322340788039,0.9326494847839821,0.4883208865867234,0.4883208865867234,0.3436115078518009,0.49,0.3957499401659645,1.1752661440940158,0.7660952117819723,13.979641686223141,50
TxPert_official_cell_gat_k562_all_fixed2000,K562,WDTC1,107,2000,0.0024952925741672516,0.031322937458753586,0.99259574593932,0.9583010493099546,0.2013618751706578,0.2013618751706578,0.14639317760962406,0.2,0.12859278536192453,0.9730846635478002,0.6950200509101524,13.841860803127638,50
TxPert_official_cell_gat_k562_all_fixed2000,K562,XAB2,140,2000,0.002730964682996273,0.03531903028488159,0.9925376288026952,0.9610794226793566,0.5384291172107927,0.5384291172107927,0.548889524406883,0.28,0.22856226858645706,0.8985539093182768,0.6302879927954254,12.726756125585728,50
TxPert_official_cell_gat_k562_all_fixed2000,K562,XPO1,139,2000,0.007112308871001005,0.04825494810938835,0.9774528137758887,0.8949510683560324,0.6505029760349991,0.6505029760349991,0.4915444245279567,0.5,0.49164009564700867,0.9880479052263942,0.6835768299994475,13.147239949801365,50
TxPert_official_cell_gat_k562_all_fixed2000,K562,XRCC5,77,2000,0.003288261592388153,0.035991959273815155,0.9906796837901353,0.9493648078486823,0.6106345950338478,0.6106345950338478,0.38774218884870176,0.47,0.4958022894207134,1.0039625123388605,0.7094641024728179,14.042655567117869,50
TxPert_official_cell_gat_k562_all_fixed2000,K562,XRCC6,26,2000,0.004578575491905212,0.04491549730300903,0.9867604149687125,0.9218092671922251,0.3243492433497284,0.3243492433497284,0.13714294742623484,0.38,0.3143945102020408,0.8659452040576422,0.5555982574944052,12.049232512588818,50
TxPert_official_cell_gat_k562_all_fixed2000,K562,XRN2,57,2000,0.0014817944029346108,0.026904750615358353,0.9955228327103938,0.9635087615437974,0.39986847573989687,0.39986847573989687,0.2676273334321901,0.33,0.25908373720337874,1.0638167799715008,0.7136814272325109,13.791212944066963,50
TxPert_official_cell_gat_k562_all_fixed2000,K562,YEATS2,233,2000,0.0006994474679231644,0.016483929008245468,0.9978934096263998,0.9862811234141917,0.8378393165469238,0.8378393165469238,0.314187442625615,0.57,0.597905029638739,0.6840402644844963,0.5673838460487278,12.752574408127014,50
TxPert_official_cell_gat_k562_all_fixed2000,K562,YEATS4,221,2000,0.0010656053200364113,0.020529525354504585,0.9971422048672964,0.9796027043131714,0.44211767933928303,0.44211767933928303,0.3573865575833771,0.31,0.24818636216758158,0.7023609652031385,0.5801846493140369,13.333891381312256,50
TxPert_official_cell_gat_k562_all_fixed2000,K562,YTHDC1,157,2000,0.004923060070723295,0.04131012782454491,0.9844725518009723,0.9276082604801925,0.45814149620500033,0.45814149620500033,0.3303173938843522,0.39,0.283749696659398,0.9139540822731349,0.6618266916566331,13.322671765254245,50
TxPert_official_cell_gat_k562_all_fixed2000,K562,ZBTB17,158,2000,0.0007879410986788571,0.018984412774443626,0.9976841378740294,0.9828141544090035,0.37309818710704357,0.37309818710704357,0.22759783953463822,0.33,0.31027676619082845,0.7979350892941887,0.6110858731673393,13.141420075411668,50
TxPert_official_cell_gat_k562_all_fixed2000,K562,ZC3H18,23,2000,0.0037796932738274336,0.04309403523802757,0.9891045328730725,0.916510779346814,0.37298191061809033,0.37298191061809033,0.24633030743805182,0.24,0.18324617868133333,0.8940163494680056,0.546962891246041,12.97275448945863,50
TxPert_official_cell_gat_k562_all_fixed2000,K562,ZCCHC9,49,2000,0.004009404219686985,0.039158765226602554,0.9885197257141659,0.9563437957861519,0.15175541527458394,0.15175541527458394,0.03988497009374902,0.19,0.19799862682131636,1.140018942236697,0.7272067902669721,13.576393841952875,50
TxPert_official_cell_gat_k562_all_fixed2000,K562,ZCRB1,141,2000,0.000652272836305201,0.017537007108330727,0.9981113336023031,0.9812997157458312,0.5048847651946019,0.5048847651946019,0.3737523016062223,0.33,0.24935677069280549,0.7738527738790288,0.6211779505867732,13.747910503674632,50
TxPert_official_cell_gat_k562_all_fixed2000,K562,ZFC3H1,105,2000,0.001162421889603138,0.02210496924817562,0.9964664524434701,0.9727229411086797,0.6252999693101762,0.6252999693101762,0.4024153288114594,0.5,0.4494398638594095,0.8887933149761551,0.6632556639501117,14.081569005991089,50
TxPert_official_cell_gat_k562_all_fixed2000,K562,ZMAT2,348,2000,0.002645811764523387,0.0298379585146904,0.9925965917890394,0.9593806136910514,0.5632544430213552,0.5632544430213552,0.5510610704791654,0.38,0.3046037667681956,0.682794970398629,0.5675563299372652,12.633938751657636,50
TxPert_official_cell_gat_k562_all_fixed2000,K562,ZMAT5,98,2000,0.001483490807004273,0.024920610710978508,0.99560794250407,0.9701884646838728,0.3295154411592254,0.3295154411592254,0.21128162219353125,0.31,0.2434563920178483,0.9688989991830981,0.6976071739190107,13.903008378400225,50
TxPert_official_cell_gat_k562_all_fixed2000,K562,ZNF207,96,2000,0.0023544596042484045,0.0303336214274168,0.9933280228105668,0.9642573113122378,0.3000394027673473,0.3000394027673473,0.23808100440160843,0.26,0.18184906870118586,0.9990682551908341,0.6913531468469375,13.975123634865772,50
TxPert_official_cell_gat_k562_all_fixed2000,K562,ZNF236,85,2000,0.0019007355440407991,0.029175901785492897,0.9940880539133569,0.967948135046669,0.7108470111649273,0.7108470111649273,0.4135787632282057,0.6,0.5990187545325625,1.0126263782555194,0.7167571601406256,14.271478790695333,50
TxPert_official_cell_gat_k562_all_fixed2000,K562,ZNF335,140,2000,0.002989798318594694,0.03146012872457504,0.991634015885938,0.9569112314031479,0.13297622382402846,0.13297622382402846,0.12744769441146891,0.14,0.08915139695873349,0.8313824542017533,0.6311401280524079,13.388846266767828,50
TxPert_official_cell_gat_k562_all_fixed2000,K562,ZNF574,266,2000,0.000922683160752058,0.018138406798243523,0.9973818568140531,0.983524004598694,0.22361031609296958,0.22361031609296958,0.14763602849414006,0.2,0.15188538814009644,0.6619005454883715,0.5605106106133706,13.09886508949731,50
TxPert_official_cell_gat_k562_all_fixed2000,K562,ZNHIT6,116,2000,0.001616009627468884,0.025805268436670303,0.9951640507497894,0.971656613680318,0.6217309782365696,0.6217309782365696,0.31174319379547694,0.58,0.5659484723597336,0.892542910734069,0.6723778146085653,14.033422585147067,50
TxPert_official_cell_gat_k562_all_fixed2000,K562,ZNRD1,66,2000,0.0046731410548090935,0.04221262037754059,0.9855345657021761,0.9438242734633959,0.21524176778718787,0.21524176778718787,0.11815617595203445,0.19,0.15938111814139921,1.098659341889297,0.7411386941940014,14.17226053024127,50
