model,context,condition,gene_set,top_k,n_true_cells,n_pred_cells,n_corr_pairs,csa_pearson,csa_spearman
TxPert_official_cell_gat_k562_all_fixed2000,K562,AAMP,top_true_de,100,76,2000,4950,0.15682693968942207,0.1409700139342744
TxPert_official_cell_gat_k562_all_fixed2000,K562,AARS,top_true_de,100,38,2000,4950,0.14497059243574026,0.13474876501372368
TxPert_official_cell_gat_k562_all_fixed2000,K562,AATF,top_true_de,100,254,2000,4950,0.42202235813935957,0.38779974906381437
TxPert_official_cell_gat_k562_all_fixed2000,K562,ABCB7,top_true_de,100,192,2000,4851,0.21438620520864887,0.2118449229505327
TxPert_official_cell_gat_k562_all_fixed2000,K562,ABCE1,top_true_de,100,177,2000,4950,0.25327074723987447,0.21093952080462308
TxPert_official_cell_gat_k562_all_fixed2000,K562,ABCF1,top_true_de,100,159,2000,4950,0.17559574899735655,0.16605664515354868
TxPert_official_cell_gat_k562_all_fixed2000,K562,ABT1,top_true_de,100,92,2000,4950,0.3768119122559739,0.345425393301287
TxPert_official_cell_gat_k562_all_fixed2000,K562,ACTB,top_true_de,100,140,2000,4950,0.155454352586729,0.1478483831136546
TxPert_official_cell_gat_k562_all_fixed2000,K562,ACTL6A,top_true_de,100,45,2000,4950,0.051726804491797125,0.04830489400161579
TxPert_official_cell_gat_k562_all_fixed2000,K562,ACTR6,top_true_de,100,104,2000,4950,0.15279487285096335,0.13875963912039657
TxPert_official_cell_gat_k562_all_fixed2000,K562,ACTR8,top_true_de,100,242,2000,4950,0.3459403800102763,0.29828662000903855
TxPert_official_cell_gat_k562_all_fixed2000,K562,AHCTF1,top_true_de,100,161,2000,4851,0.28971265635859145,0.2858362690205503
TxPert_official_cell_gat_k562_all_fixed2000,K562,AHCY,top_true_de,100,133,2000,4950,0.28317276559569476,0.23889857067603218
TxPert_official_cell_gat_k562_all_fixed2000,K562,AKIRIN2,top_true_de,100,144,2000,4851,0.15580482805916077,0.1610669199398078
TxPert_official_cell_gat_k562_all_fixed2000,K562,ALDOA,top_true_de,100,77,2000,4950,0.11518400903158377,0.10648127362870456
TxPert_official_cell_gat_k562_all_fixed2000,K562,ALG13,top_true_de,100,167,2000,4950,0.16449624525432557,0.1554120861737656
TxPert_official_cell_gat_k562_all_fixed2000,K562,ALG2,top_true_de,100,228,2000,4851,0.22937407681276245,0.21758184079429016
TxPert_official_cell_gat_k562_all_fixed2000,K562,ALYREF,top_true_de,100,96,2000,4950,0.23600549223385436,0.24564513991619852
TxPert_official_cell_gat_k562_all_fixed2000,K562,ANAPC2,top_true_de,100,237,2000,4950,0.20216045964649434,0.18197324543273824
TxPert_official_cell_gat_k562_all_fixed2000,K562,ANAPC4,top_true_de,100,59,2000,4950,0.11209742760930619,0.11070844399103201
TxPert_official_cell_gat_k562_all_fixed2000,K562,ANKRD11,top_true_de,100,184,2000,4851,0.3180271482214457,0.28270489630343065
TxPert_official_cell_gat_k562_all_fixed2000,K562,AP2S1,top_true_de,100,96,2000,4950,0.13715551140749324,0.12252288666061316
TxPert_official_cell_gat_k562_all_fixed2000,K562,AQR,top_true_de,100,82,2000,4950,0.0801909399992337,0.07738718425612362
TxPert_official_cell_gat_k562_all_fixed2000,K562,ARCN1,top_true_de,100,214,2000,4851,0.11061048299270475,0.1159590869310682
TxPert_official_cell_gat_k562_all_fixed2000,K562,ARGLU1,top_true_de,100,367,2000,4950,0.37248196280019935,0.34284872412401685
TxPert_official_cell_gat_k562_all_fixed2000,K562,ARIH1,top_true_de,100,57,2000,4851,0.11942402040479312,0.11290082226678529
TxPert_official_cell_gat_k562_all_fixed2000,K562,ARL2,top_true_de,100,70,2000,4851,0.09373848718528985,0.09133020512579464
TxPert_official_cell_gat_k562_all_fixed2000,K562,ARMC7,top_true_de,100,110,2000,4950,0.1749503876517613,0.1682476012925964
TxPert_official_cell_gat_k562_all_fixed2000,K562,ARPC4,top_true_de,100,188,2000,4950,0.19268273315510093,0.1677650137323593
TxPert_official_cell_gat_k562_all_fixed2000,K562,ATF4,top_true_de,100,52,2000,4851,0.17145435464186762,0.16064889899909882
TxPert_official_cell_gat_k562_all_fixed2000,K562,ATF5,top_true_de,100,133,2000,4950,0.1250655683159007,0.12466655649113893
TxPert_official_cell_gat_k562_all_fixed2000,K562,ATP1A1,top_true_de,100,71,2000,4950,0.12836845112102604,0.1176938663944589
TxPert_official_cell_gat_k562_all_fixed2000,K562,ATP6AP1,top_true_de,100,114,2000,4851,0.15312596027050815,0.14470372518741503
TxPert_official_cell_gat_k562_all_fixed2000,K562,ATP6V0B,top_true_de,100,134,2000,4950,0.13716156426490703,0.1291212150411369
TxPert_official_cell_gat_k562_all_fixed2000,K562,ATP6V0C,top_true_de,100,39,2000,4950,0.10171604220744514,0.09487358211540342
TxPert_official_cell_gat_k562_all_fixed2000,K562,ATP6V1A,top_true_de,100,89,2000,4950,0.13832990576118043,0.13571801244609472
TxPert_official_cell_gat_k562_all_fixed2000,K562,ATP6V1B2,top_true_de,100,406,2000,4950,0.11177352272175142,0.10397828153748476
TxPert_official_cell_gat_k562_all_fixed2000,K562,ATR,top_true_de,100,133,2000,4851,0.20882621737321663,0.19466536750336336
TxPert_official_cell_gat_k562_all_fixed2000,K562,ATRIP,top_true_de,100,183,2000,4950,0.37567209705140503,0.36753570166146077
TxPert_official_cell_gat_k562_all_fixed2000,K562,BANP,top_true_de,100,101,2000,4950,0.11522650347757292,0.09676340553152259
TxPert_official_cell_gat_k562_all_fixed2000,K562,BAP1,top_true_de,100,190,2000,4950,0.12674147526156532,0.11827686305743255
TxPert_official_cell_gat_k562_all_fixed2000,K562,BCAS2,top_true_de,100,197,2000,4950,0.1621874405047231,0.14837243108314885
TxPert_official_cell_gat_k562_all_fixed2000,K562,BDP1,top_true_de,100,277,2000,4851,0.1355164247199892,0.12946578489694488
TxPert_official_cell_gat_k562_all_fixed2000,K562,BGLAP,top_true_de,100,236,2000,4950,0.13200042383577862,0.13698214561953886
TxPert_official_cell_gat_k562_all_fixed2000,K562,BMS1,top_true_de,100,18,2000,4950,0.09351609780272488,0.08563276547029058
TxPert_official_cell_gat_k562_all_fixed2000,K562,BNIP1,top_true_de,100,107,2000,4950,0.18713255654775462,0.17059685450735848
TxPert_official_cell_gat_k562_all_fixed2000,K562,BOP1,top_true_de,100,103,2000,4851,0.1627575704919881,0.1598667972873044
TxPert_official_cell_gat_k562_all_fixed2000,K562,BRD8,top_true_de,100,68,2000,4851,0.14112800756772925,0.12982228711030708
TxPert_official_cell_gat_k562_all_fixed2000,K562,BRIX1,top_true_de,100,95,2000,4950,0.06977749024250067,0.07090638481529181
TxPert_official_cell_gat_k562_all_fixed2000,K562,BTF3,top_true_de,100,70,2000,4950,0.11294344644575534,0.0929296197069284
TxPert_official_cell_gat_k562_all_fixed2000,K562,BUB3,top_true_de,100,246,2000,4950,0.17037441944404882,0.1743109609622539
TxPert_official_cell_gat_k562_all_fixed2000,K562,BUD13,top_true_de,100,160,2000,4950,0.20457053074672493,0.20646820109692035
TxPert_official_cell_gat_k562_all_fixed2000,K562,BUD31,top_true_de,100,15,2000,4851,0.1913456064314021,0.18623830344502448
TxPert_official_cell_gat_k562_all_fixed2000,K562,BYSL,top_true_de,100,87,2000,4950,0.3840630580604841,0.3518402449357091
TxPert_official_cell_gat_k562_all_fixed2000,K562,C12orf45,top_true_de,100,94,2000,4950,0.32081750881769006,0.289844348405838
TxPert_official_cell_gat_k562_all_fixed2000,K562,C1QBP,top_true_de,100,189,2000,4950,0.16357850546292835,0.1512616879930442
TxPert_official_cell_gat_k562_all_fixed2000,K562,CACTIN,top_true_de,100,55,2000,4950,0.0920763315893445,0.09643968354807275
TxPert_official_cell_gat_k562_all_fixed2000,K562,CAPZB,top_true_de,100,64,2000,4950,0.12094353715933724,0.10746084836885288
TxPert_official_cell_gat_k562_all_fixed2000,K562,CASP8AP2,top_true_de,100,192,2000,4950,0.15230873503400208,0.13693747336720322
TxPert_official_cell_gat_k562_all_fixed2000,K562,CBLL1,top_true_de,100,93,2000,4851,0.23232363985862078,0.20161934175673407
TxPert_official_cell_gat_k562_all_fixed2000,K562,CCDC174,top_true_de,100,97,2000,4950,0.14212781799563126,0.12431842299642638
TxPert_official_cell_gat_k562_all_fixed2000,K562,CCDC59,top_true_de,100,100,2000,4851,0.3902351602151909,0.3604883119742395
TxPert_official_cell_gat_k562_all_fixed2000,K562,CCDC84,top_true_de,100,77,2000,4950,0.15953963023910875,0.14567265015900965
TxPert_official_cell_gat_k562_all_fixed2000,K562,CCDC86,top_true_de,100,235,2000,4851,0.22347003986948014,0.1919517423085179
TxPert_official_cell_gat_k562_all_fixed2000,K562,CCNH,top_true_de,100,75,2000,4950,0.33048033263954923,0.2882502938565448
TxPert_official_cell_gat_k562_all_fixed2000,K562,CCNK,top_true_de,100,211,2000,4950,0.3861444308303189,0.3350997172190724
TxPert_official_cell_gat_k562_all_fixed2000,K562,CCT2,top_true_de,100,178,2000,4950,0.1339957118914798,0.12644939307099765
TxPert_official_cell_gat_k562_all_fixed2000,K562,CCT3,top_true_de,100,220,2000,4950,0.12725190913326448,0.11903539931691343
TxPert_official_cell_gat_k562_all_fixed2000,K562,CCT4,top_true_de,100,217,2000,4950,0.14397116251423753,0.1349152676593963
TxPert_official_cell_gat_k562_all_fixed2000,K562,CCT5,top_true_de,100,64,2000,4950,0.1385701481719955,0.13355615790269168
TxPert_official_cell_gat_k562_all_fixed2000,K562,CCT6A,top_true_de,100,97,2000,4950,0.0923073771619794,0.08673566427949765
TxPert_official_cell_gat_k562_all_fixed2000,K562,CCT7,top_true_de,100,141,2000,4950,0.14937780614750154,0.13785708707433547
TxPert_official_cell_gat_k562_all_fixed2000,K562,CCT8,top_true_de,100,97,2000,4950,0.10290500795348123,0.09259823285285257
TxPert_official_cell_gat_k562_all_fixed2000,K562,CD3EAP,top_true_de,100,85,2000,4851,0.26048807175781385,0.23712492116684794
TxPert_official_cell_gat_k562_all_fixed2000,K562,CDAN1,top_true_de,100,137,2000,4950,0.21494455122932546,0.20041989710865196
TxPert_official_cell_gat_k562_all_fixed2000,K562,CDC123,top_true_de,100,96,2000,4950,0.2588795551695199,0.23436998601158135
TxPert_official_cell_gat_k562_all_fixed2000,K562,CDC16,top_true_de,100,142,2000,4950,0.23208643546318125,0.23428111027789572
TxPert_official_cell_gat_k562_all_fixed2000,K562,CDC23,top_true_de,100,158,2000,4950,0.1008749146937175,0.09278190915806735
TxPert_official_cell_gat_k562_all_fixed2000,K562,CDC27,top_true_de,100,245,2000,4950,0.14860743375058239,0.1411650770805051
TxPert_official_cell_gat_k562_all_fixed2000,K562,CDC40,top_true_de,100,84,2000,4851,0.06309466783141982,0.061883544487053126
TxPert_official_cell_gat_k562_all_fixed2000,K562,CDC5L,top_true_de,100,77,2000,4950,0.10137633530147556,0.10126535108261256
TxPert_official_cell_gat_k562_all_fixed2000,K562,CDC6,top_true_de,100,153,2000,4851,0.12956257628914608,0.12920161717175419
TxPert_official_cell_gat_k562_all_fixed2000,K562,CDC73,top_true_de,100,140,2000,4950,0.06100809810800671,0.0676351460388517
TxPert_official_cell_gat_k562_all_fixed2000,K562,CDK1,top_true_de,100,239,2000,4851,0.15349453302869592,0.15162254399013275
TxPert_official_cell_gat_k562_all_fixed2000,K562,CDK9,top_true_de,100,134,2000,4950,0.14497613379701543,0.12878931370645214
TxPert_official_cell_gat_k562_all_fixed2000,K562,CEBPZ,top_true_de,100,89,2000,4950,0.1450812727791334,0.13134642915773237
TxPert_official_cell_gat_k562_all_fixed2000,K562,CENPC,top_true_de,100,116,2000,4851,0.11950019621906335,0.11352348360819431
TxPert_official_cell_gat_k562_all_fixed2000,K562,CENPE,top_true_de,100,171,2000,4851,0.13281752428489527,0.12108036012203799
TxPert_official_cell_gat_k562_all_fixed2000,K562,CENPJ,top_true_de,100,265,2000,4950,0.11023902281859978,0.09717789950545637
TxPert_official_cell_gat_k562_all_fixed2000,K562,CENPK,top_true_de,100,93,2000,4950,0.14611714350003585,0.14710861273226195
TxPert_official_cell_gat_k562_all_fixed2000,K562,CEP192,top_true_de,100,184,2000,4851,0.14651179427398137,0.140553315551464
TxPert_official_cell_gat_k562_all_fixed2000,K562,CHAF1A,top_true_de,100,33,2000,4851,0.06535503216014711,0.0662079037511606
TxPert_official_cell_gat_k562_all_fixed2000,K562,CHAF1B,top_true_de,100,82,2000,4950,0.07900060521384722,0.06865019174352192
TxPert_official_cell_gat_k562_all_fixed2000,K562,CHCHD4,top_true_de,100,132,2000,4950,0.3796450589288483,0.35589352659065254
TxPert_official_cell_gat_k562_all_fixed2000,K562,CHD4,top_true_de,100,33,2000,4950,0.11033271611249386,0.10412690558624244
TxPert_official_cell_gat_k562_all_fixed2000,K562,CHEK1,top_true_de,100,205,2000,4851,0.24476891219065314,0.25174282350324423
TxPert_official_cell_gat_k562_all_fixed2000,K562,CHERP,top_true_de,100,54,2000,4851,0.13814967341930126,0.12685321414644277
TxPert_official_cell_gat_k562_all_fixed2000,K562,CHMP1A,top_true_de,100,71,2000,4950,0.24241747218780332,0.24096006073799764
TxPert_official_cell_gat_k562_all_fixed2000,K562,CHMP2A,top_true_de,100,61,2000,4851,0.05690277299715853,0.0646863290052015
TxPert_official_cell_gat_k562_all_fixed2000,K562,CHMP3,top_true_de,100,119,2000,4950,0.05565561873464106,0.06407034680359942
TxPert_official_cell_gat_k562_all_fixed2000,K562,CHMP6,top_true_de,100,620,2000,4950,0.092541081438114,0.09677079663910149
TxPert_official_cell_gat_k562_all_fixed2000,K562,CIAPIN1,top_true_de,100,139,2000,4950,0.16622936771453528,0.1572115809431717
TxPert_official_cell_gat_k562_all_fixed2000,K562,CINP,top_true_de,100,73,2000,4950,0.16579776423493145,0.1547668204386133
TxPert_official_cell_gat_k562_all_fixed2000,K562,CKAP5,top_true_de,100,159,2000,4851,0.14808213206733414,0.13437398271273318
TxPert_official_cell_gat_k562_all_fixed2000,K562,CLNS1A,top_true_de,100,46,2000,4950,0.11403109254657101,0.10222748047788179
TxPert_official_cell_gat_k562_all_fixed2000,K562,CLP1,top_true_de,100,51,2000,4950,0.21396448181177566,0.20714750358295858
TxPert_official_cell_gat_k562_all_fixed2000,K562,CLSPN,top_true_de,100,76,2000,4851,0.12961996021676098,0.12332721694928132
TxPert_official_cell_gat_k562_all_fixed2000,K562,CLTC,top_true_de,100,112,2000,4950,0.20047621932835286,0.18744845116707182
TxPert_official_cell_gat_k562_all_fixed2000,K562,CMTR1,top_true_de,100,138,2000,4950,0.4095481538471443,0.40336386937759305
TxPert_official_cell_gat_k562_all_fixed2000,K562,CNIH4,top_true_de,100,65,2000,4950,0.07400447927578004,0.0677837620735845
TxPert_official_cell_gat_k562_all_fixed2000,K562,CNOT1,top_true_de,100,202,2000,4950,0.36665124912217795,0.38476611019565915
TxPert_official_cell_gat_k562_all_fixed2000,K562,CNOT2,top_true_de,100,64,2000,4950,0.15542056696696666,0.1525296076448316
TxPert_official_cell_gat_k562_all_fixed2000,K562,CNOT3,top_true_de,100,303,2000,4950,0.19110389678184825,0.20061387569018357
TxPert_official_cell_gat_k562_all_fixed2000,K562,COG2,top_true_de,100,332,2000,4851,0.17974119792612087,0.1730653550949389
TxPert_official_cell_gat_k562_all_fixed2000,K562,COG3,top_true_de,100,55,2000,4950,0.10328768700344515,0.09072418499522075
TxPert_official_cell_gat_k562_all_fixed2000,K562,COPB1,top_true_de,100,56,2000,4851,0.05583208767092309,0.059557379494438394
TxPert_official_cell_gat_k562_all_fixed2000,K562,COPB2,top_true_de,100,60,2000,4851,0.1094128292511931,0.11845346565145698
TxPert_official_cell_gat_k562_all_fixed2000,K562,COPS2,top_true_de,100,44,2000,4950,0.11211699301195768,0.10807738412166186
TxPert_official_cell_gat_k562_all_fixed2000,K562,COPS3,top_true_de,100,59,2000,4950,0.08268337937393583,0.07899798000443162
TxPert_official_cell_gat_k562_all_fixed2000,K562,COPS4,top_true_de,100,253,2000,4950,0.21484912522999533,0.20206792294941017
TxPert_official_cell_gat_k562_all_fixed2000,K562,COPS5,top_true_de,100,72,2000,4851,0.1278601834770624,0.11282382475524518
TxPert_official_cell_gat_k562_all_fixed2000,K562,COPS6,top_true_de,100,222,2000,4950,0.18402572068131517,0.1701295215939922
TxPert_official_cell_gat_k562_all_fixed2000,K562,COPS8,top_true_de,100,198,2000,4851,0.16363449262020957,0.14045663128189564
TxPert_official_cell_gat_k562_all_fixed2000,K562,COPZ1,top_true_de,100,92,2000,4950,0.10330730624322308,0.1083625948570067
TxPert_official_cell_gat_k562_all_fixed2000,K562,COX11,top_true_de,100,103,2000,4950,0.30505210095871504,0.2951480352096231
TxPert_official_cell_gat_k562_all_fixed2000,K562,COX15,top_true_de,100,103,2000,4950,0.11926852983215154,0.12059611562168585
TxPert_official_cell_gat_k562_all_fixed2000,K562,COX17,top_true_de,100,129,2000,4851,0.2180403857528132,0.19785257350529012
TxPert_official_cell_gat_k562_all_fixed2000,K562,COX7C,top_true_de,100,154,2000,4950,0.23147237801070902,0.21839690397343225
TxPert_official_cell_gat_k562_all_fixed2000,K562,CPSF1,top_true_de,100,48,2000,4950,0.09127311773010346,0.08359859086580959
TxPert_official_cell_gat_k562_all_fixed2000,K562,CPSF3,top_true_de,100,575,2000,4950,0.12488644458601988,0.11512921568209071
TxPert_official_cell_gat_k562_all_fixed2000,K562,CPSF4,top_true_de,100,57,2000,4950,0.08790468508816,0.08439035050212138
TxPert_official_cell_gat_k562_all_fixed2000,K562,CPSF6,top_true_de,100,43,2000,4950,0.07449759538297163,0.07037987050490917
TxPert_official_cell_gat_k562_all_fixed2000,K562,CRNKL1,top_true_de,100,215,2000,4950,0.10518286287122236,0.11777356982933442
TxPert_official_cell_gat_k562_all_fixed2000,K562,CSE1L,top_true_de,100,373,2000,4851,0.12810048948420863,0.1126779547062758
TxPert_official_cell_gat_k562_all_fixed2000,K562,CSNK1A1,top_true_de,100,131,2000,4851,0.1236549578583001,0.12573237295870235
TxPert_official_cell_gat_k562_all_fixed2000,K562,CSNK2B,top_true_de,100,103,2000,4950,0.09541428169135346,0.08273421901936935
TxPert_official_cell_gat_k562_all_fixed2000,K562,CSTF1,top_true_de,100,129,2000,4950,0.15637591709068746,0.16014166822145545
TxPert_official_cell_gat_k562_all_fixed2000,K562,CSTF3,top_true_de,100,59,2000,4950,0.13117027006465753,0.12990770530768878
TxPert_official_cell_gat_k562_all_fixed2000,K562,CTDP1,top_true_de,100,117,2000,4950,0.1531498369339633,0.139312011819816
TxPert_official_cell_gat_k562_all_fixed2000,K562,CTNNBL1,top_true_de,100,65,2000,4950,0.10510745378846818,0.09901057599855177
TxPert_official_cell_gat_k562_all_fixed2000,K562,CTR9,top_true_de,100,197,2000,4950,0.07432025209190113,0.06860837248404
TxPert_official_cell_gat_k562_all_fixed2000,K562,CUL1,top_true_de,100,181,2000,4950,0.15953652841423005,0.14493299444742966
TxPert_official_cell_gat_k562_all_fixed2000,K562,CUL2,top_true_de,100,84,2000,4950,0.19801049057006417,0.18797116841268335
TxPert_official_cell_gat_k562_all_fixed2000,K562,CUL7,top_true_de,100,33,2000,4950,0.07677846485791745,0.06881875478509478
TxPert_official_cell_gat_k562_all_fixed2000,K562,CWC15,top_true_de,100,144,2000,4950,0.23361234030136369,0.21775163190621094
TxPert_official_cell_gat_k562_all_fixed2000,K562,CWC22,top_true_de,100,28,2000,4950,0.04072282832223177,0.04036791369110901
TxPert_official_cell_gat_k562_all_fixed2000,K562,CWF19L2,top_true_de,100,187,2000,4950,0.130184646058303,0.1261871931734577
TxPert_official_cell_gat_k562_all_fixed2000,K562,CXXC1,top_true_de,100,115,2000,4950,0.18217455740520624,0.157354343079022
TxPert_official_cell_gat_k562_all_fixed2000,K562,CYCS,top_true_de,100,162,2000,4950,0.26171175560109416,0.24647077513245158
TxPert_official_cell_gat_k562_all_fixed2000,K562,DAD1,top_true_de,100,71,2000,4950,0.17869472570081402,0.16123749232865817
TxPert_official_cell_gat_k562_all_fixed2000,K562,DAP3,top_true_de,100,141,2000,4950,0.3927340934183956,0.3643948558187076
TxPert_official_cell_gat_k562_all_fixed2000,K562,DARS,top_true_de,100,60,2000,4950,0.20327515549401864,0.18875956245536543
TxPert_official_cell_gat_k562_all_fixed2000,K562,DBR1,top_true_de,100,96,2000,4950,0.1564832020716523,0.14432387621880005
TxPert_official_cell_gat_k562_all_fixed2000,K562,DCUN1D5,top_true_de,100,145,2000,4950,0.11634059090626077,0.11233365875097559
TxPert_official_cell_gat_k562_all_fixed2000,K562,DDB1,top_true_de,100,85,2000,4950,0.13971230332108142,0.13660022756837736
TxPert_official_cell_gat_k562_all_fixed2000,K562,DDOST,top_true_de,100,74,2000,4950,0.11251619930698974,0.10277364161545688
TxPert_official_cell_gat_k562_all_fixed2000,K562,DDX10,top_true_de,100,97,2000,4851,0.34581592666396743,0.32742132824730896
TxPert_official_cell_gat_k562_all_fixed2000,K562,DDX18,top_true_de,100,112,2000,4950,0.300749666988745,0.28575948763430203
TxPert_official_cell_gat_k562_all_fixed2000,K562,DDX20,top_true_de,100,110,2000,4950,0.15685343933067158,0.13011110214933708
TxPert_official_cell_gat_k562_all_fixed2000,K562,DDX21,top_true_de,100,78,2000,4950,0.40329641283482437,0.3951321134446512
TxPert_official_cell_gat_k562_all_fixed2000,K562,DDX23,top_true_de,100,126,2000,4851,0.1780691605787885,0.15477463984834436
TxPert_official_cell_gat_k562_all_fixed2000,K562,DDX24,top_true_de,100,230,2000,4851,0.15927019711450235,0.1483981597036657
TxPert_official_cell_gat_k562_all_fixed2000,K562,DDX27,top_true_de,100,40,2000,4950,0.14538516731904005,0.14258295496778312
TxPert_official_cell_gat_k562_all_fixed2000,K562,DDX41,top_true_de,100,259,2000,4950,0.2675502365317505,0.24907070338442047
TxPert_official_cell_gat_k562_all_fixed2000,K562,DDX46,top_true_de,100,132,2000,4950,0.14417072607443626,0.13942628083228026
TxPert_official_cell_gat_k562_all_fixed2000,K562,DDX47,top_true_de,100,313,2000,4950,0.3343244859972654,0.3255404009644448
TxPert_official_cell_gat_k562_all_fixed2000,K562,DDX49,top_true_de,100,41,2000,4950,0.38974177169885305,0.37053717629026944
TxPert_official_cell_gat_k562_all_fixed2000,K562,DDX5,top_true_de,100,130,2000,4950,0.23592902446578795,0.2241003561607031
TxPert_official_cell_gat_k562_all_fixed2000,K562,DDX51,top_true_de,100,120,2000,4950,0.17134600777358114,0.1355927810391169
TxPert_official_cell_gat_k562_all_fixed2000,K562,DDX52,top_true_de,100,106,2000,4950,0.37593931264025904,0.37175559024333865
TxPert_official_cell_gat_k562_all_fixed2000,K562,DDX54,top_true_de,100,68,2000,4950,0.08539816330943518,0.08141423333632584
TxPert_official_cell_gat_k562_all_fixed2000,K562,DDX55,top_true_de,100,150,2000,4950,0.3125103659471209,0.2992683430025449
TxPert_official_cell_gat_k562_all_fixed2000,K562,DDX56,top_true_de,100,144,2000,4950,0.14842463921179763,0.12920070615382262
TxPert_official_cell_gat_k562_all_fixed2000,K562,DDX59,top_true_de,100,152,2000,4950,0.15963782147885444,0.14388172228325102
TxPert_official_cell_gat_k562_all_fixed2000,K562,DDX6,top_true_de,100,56,2000,4851,0.11191839838148004,0.11127918394236767
TxPert_official_cell_gat_k562_all_fixed2000,K562,DENR,top_true_de,100,228,2000,4950,0.1798913259134666,0.16166362335927323
TxPert_official_cell_gat_k562_all_fixed2000,K562,DERL2,top_true_de,100,122,2000,4851,0.12355249416026494,0.11378229659995559
TxPert_official_cell_gat_k562_all_fixed2000,K562,DHDDS,top_true_de,100,95,2000,4950,0.1768641827009864,0.173940222970479
TxPert_official_cell_gat_k562_all_fixed2000,K562,DHODH,top_true_de,100,207,2000,4950,0.14740113628355223,0.10929913111756848
TxPert_official_cell_gat_k562_all_fixed2000,K562,DHX15,top_true_de,100,313,2000,4950,0.06910412116905099,0.07212662121697969
TxPert_official_cell_gat_k562_all_fixed2000,K562,DHX16,top_true_de,100,305,2000,4950,0.15142773444109858,0.17118647184319913
TxPert_official_cell_gat_k562_all_fixed2000,K562,DHX33,top_true_de,100,127,2000,4950,0.3865734678968586,0.3567478523127561
TxPert_official_cell_gat_k562_all_fixed2000,K562,DHX36,top_true_de,100,248,2000,4851,0.41064516248045,0.39174263071223714
TxPert_official_cell_gat_k562_all_fixed2000,K562,DHX37,top_true_de,100,202,2000,4950,0.39730974848414813,0.38494972763241964
TxPert_official_cell_gat_k562_all_fixed2000,K562,DICER1,top_true_de,100,153,2000,4950,0.2575246914355529,0.25546493206363324
TxPert_official_cell_gat_k562_all_fixed2000,K562,DIMT1,top_true_de,100,83,2000,4950,0.3193729209795942,0.3037331427568537
TxPert_official_cell_gat_k562_all_fixed2000,K562,DIS3,top_true_de,100,40,2000,4851,0.40945899916852957,0.40754700885199285
TxPert_official_cell_gat_k562_all_fixed2000,K562,DKC1,top_true_de,100,51,2000,4851,0.36489174584196676,0.35439066176285816
TxPert_official_cell_gat_k562_all_fixed2000,K562,DLD,top_true_de,100,283,2000,4950,0.12643517729628112,0.11899446249061443
TxPert_official_cell_gat_k562_all_fixed2000,K562,DMAP1,top_true_de,100,71,2000,4950,0.11510177782580311,0.12151326842955151
TxPert_official_cell_gat_k562_all_fixed2000,K562,DNAJA3,top_true_de,100,122,2000,4950,0.3770794893385829,0.35407631775918774
TxPert_official_cell_gat_k562_all_fixed2000,K562,DNAJC17,top_true_de,100,30,2000,4950,0.089230295510828,0.08712989009196509
TxPert_official_cell_gat_k562_all_fixed2000,K562,DNAJC19,top_true_de,100,328,2000,4950,0.16070484127434828,0.14434640621511272
TxPert_official_cell_gat_k562_all_fixed2000,K562,DNAJC8,top_true_de,100,260,2000,4950,0.2023821339102546,0.1901926620429676
TxPert_official_cell_gat_k562_all_fixed2000,K562,DNM1L,top_true_de,100,144,2000,4950,0.35000496285156507,0.32513525836814855
TxPert_official_cell_gat_k562_all_fixed2000,K562,DNMT1,top_true_de,100,146,2000,4851,0.16238261650971775,0.1491856042702725
TxPert_official_cell_gat_k562_all_fixed2000,K562,DNTTIP2,top_true_de,100,235,2000,4950,0.38423723686410133,0.37006991579994264
TxPert_official_cell_gat_k562_all_fixed2000,K562,DOHH,top_true_de,100,152,2000,4950,0.16383235084962006,0.15035095619999383
TxPert_official_cell_gat_k562_all_fixed2000,K562,DONSON,top_true_de,100,688,2000,4950,0.12591897434747706,0.12233695554519114
TxPert_official_cell_gat_k562_all_fixed2000,K562,DPH2,top_true_de,100,161,2000,4950,0.23704151464036227,0.19708648097609563
TxPert_official_cell_gat_k562_all_fixed2000,K562,DR1,top_true_de,100,103,2000,4851,0.3526967724872489,0.3356313784856074
TxPert_official_cell_gat_k562_all_fixed2000,K562,DRAP1,top_true_de,100,184,2000,4851,0.21448970554513344,0.181144024148661
TxPert_official_cell_gat_k562_all_fixed2000,K562,DSN1,top_true_de,100,234,2000,4950,0.09922860542993431,0.09602227979054113
TxPert_official_cell_gat_k562_all_fixed2000,K562,DTL,top_true_de,100,87,2000,4851,0.11521637760331714,0.11442000499564178
TxPert_official_cell_gat_k562_all_fixed2000,K562,DTYMK,top_true_de,100,73,2000,4851,0.11232427238302811,0.11203013750229907
TxPert_official_cell_gat_k562_all_fixed2000,K562,DUT,top_true_de,100,46,2000,4950,0.12553846356155882,0.1177957198025665
TxPert_official_cell_gat_k562_all_fixed2000,K562,DYNC1H1,top_true_de,100,217,2000,4851,0.15061950109621422,0.1545267410981867
TxPert_official_cell_gat_k562_all_fixed2000,K562,DYNC1I2,top_true_de,100,239,2000,4950,0.1156619141303474,0.11746471732486871
TxPert_official_cell_gat_k562_all_fixed2000,K562,DYNLL1,top_true_de,100,62,2000,4950,0.16915547314592075,0.1597454288110355
TxPert_official_cell_gat_k562_all_fixed2000,K562,DYNLRB1,top_true_de,100,192,2000,4851,0.1039110899415555,0.10051565644573159
TxPert_official_cell_gat_k562_all_fixed2000,K562,E4F1,top_true_de,100,130,2000,4950,0.1669842811935067,0.12817326344524854
TxPert_official_cell_gat_k562_all_fixed2000,K562,EBNA1BP2,top_true_de,100,68,2000,4950,0.1305335705474345,0.11830634685280653
TxPert_official_cell_gat_k562_all_fixed2000,K562,ECD,top_true_de,100,69,2000,4950,0.14002403387427903,0.1417539872033856
TxPert_official_cell_gat_k562_all_fixed2000,K562,EEF1G,top_true_de,100,170,2000,4950,0.1444184066755183,0.1361370815377821
TxPert_official_cell_gat_k562_all_fixed2000,K562,EEF2,top_true_de,100,196,2000,4950,0.21757504121060953,0.20065736691270597
TxPert_official_cell_gat_k562_all_fixed2000,K562,EFTUD2,top_true_de,100,73,2000,4950,0.11480306960672605,0.12014512637212547
TxPert_official_cell_gat_k562_all_fixed2000,K562,EIF1AX,top_true_de,100,95,2000,4950,0.34311981460994956,0.30575897149647197
TxPert_official_cell_gat_k562_all_fixed2000,K562,EIF2B1,top_true_de,100,162,2000,4950,0.2899195813254693,0.2588817749865951
TxPert_official_cell_gat_k562_all_fixed2000,K562,EIF2B2,top_true_de,100,307,2000,4950,0.2012582054150881,0.19486993694608515
TxPert_official_cell_gat_k562_all_fixed2000,K562,EIF2B3,top_true_de,100,96,2000,4950,0.18762800353996278,0.18276137521047678
TxPert_official_cell_gat_k562_all_fixed2000,K562,EIF2B4,top_true_de,100,301,2000,4950,0.1853368326286197,0.17945165506538244
TxPert_official_cell_gat_k562_all_fixed2000,K562,EIF2B5,top_true_de,100,412,2000,4950,0.18974127567664123,0.18594352355651556
TxPert_official_cell_gat_k562_all_fixed2000,K562,EIF2S1,top_true_de,100,208,2000,4950,0.10546557783982435,0.10588536607484958
TxPert_official_cell_gat_k562_all_fixed2000,K562,EIF2S2,top_true_de,100,76,2000,4950,0.10043686950279682,0.0990246038070474
TxPert_official_cell_gat_k562_all_fixed2000,K562,EIF2S3,top_true_de,100,46,2000,4950,0.07307797873408917,0.07435698845050517
TxPert_official_cell_gat_k562_all_fixed2000,K562,EIF3A,top_true_de,100,271,2000,4950,0.17665538076378964,0.1801017469254623
TxPert_official_cell_gat_k562_all_fixed2000,K562,EIF3B,top_true_de,100,23,2000,4950,0.08176146507007993,0.08375544225101282
TxPert_official_cell_gat_k562_all_fixed2000,K562,EIF3CL,top_true_de,100,44,2000,4950,0.21148579786993182,0.191394930506204
TxPert_official_cell_gat_k562_all_fixed2000,K562,EIF3D,top_true_de,100,144,2000,4950,0.14146577656977533,0.14103786927648035
TxPert_official_cell_gat_k562_all_fixed2000,K562,EIF3E,top_true_de,100,171,2000,4950,0.1958307361989741,0.17671659116002075
TxPert_official_cell_gat_k562_all_fixed2000,K562,EIF3F,top_true_de,100,36,2000,4851,0.11605512533747456,0.11438403402010718
TxPert_official_cell_gat_k562_all_fixed2000,K562,EIF3G,top_true_de,100,52,2000,4950,0.12553939627473057,0.1186599469018662
TxPert_official_cell_gat_k562_all_fixed2000,K562,EIF3H,top_true_de,100,335,2000,4950,0.4823445946061795,0.44196797084396827
TxPert_official_cell_gat_k562_all_fixed2000,K562,EIF3I,top_true_de,100,44,2000,4950,0.13235936390430203,0.13157469549732392
TxPert_official_cell_gat_k562_all_fixed2000,K562,EIF3J,top_true_de,100,72,2000,4950,0.12699898193017048,0.11952407239124564
TxPert_official_cell_gat_k562_all_fixed2000,K562,EIF3M,top_true_de,100,209,2000,4950,0.28244370398450824,0.2575564034830846
TxPert_official_cell_gat_k562_all_fixed2000,K562,EIF4E,top_true_de,100,324,2000,4950,0.29464386214901395,0.27259939748359635
TxPert_official_cell_gat_k562_all_fixed2000,K562,EIF4G1,top_true_de,100,271,2000,4950,0.3012855639750193,0.2664643738311481
TxPert_official_cell_gat_k562_all_fixed2000,K562,EIF4G2,top_true_de,100,205,2000,4950,0.27698582301604047,0.2411858759732419
TxPert_official_cell_gat_k562_all_fixed2000,K562,EIF5,top_true_de,100,94,2000,4950,0.12641886185943613,0.11036653571168763
TxPert_official_cell_gat_k562_all_fixed2000,K562,EIF5A,top_true_de,100,100,2000,4950,0.18838558266947314,0.17515913676124759
TxPert_official_cell_gat_k562_all_fixed2000,K562,EIF6,top_true_de,100,107,2000,4950,0.15257988949692974,0.14170539886316874
TxPert_official_cell_gat_k562_all_fixed2000,K562,ELP3,top_true_de,100,117,2000,4950,0.3000646509255289,0.26547240010832435
TxPert_official_cell_gat_k562_all_fixed2000,K562,ELP5,top_true_de,100,167,2000,4950,0.24408542482440912,0.19829768982611387
TxPert_official_cell_gat_k562_all_fixed2000,K562,EP400,top_true_de,100,78,2000,4950,0.2138136428698876,0.1805740813818561
TxPert_official_cell_gat_k562_all_fixed2000,K562,EPRS,top_true_de,100,71,2000,4950,0.11351712952747818,0.10634331684068037
TxPert_official_cell_gat_k562_all_fixed2000,K562,ERCC2,top_true_de,100,116,2000,4950,0.18919220951209403,0.17099540443040545
TxPert_official_cell_gat_k562_all_fixed2000,K562,ERCC3,top_true_de,100,160,2000,4950,0.3313602852985885,0.28803215674969607
TxPert_official_cell_gat_k562_all_fixed2000,K562,ERH,top_true_de,100,42,2000,4950,0.06781200913778314,0.0699381021330011
TxPert_official_cell_gat_k562_all_fixed2000,K562,ESF1,top_true_de,100,121,2000,4851,0.3353139965520451,0.3258461806227725
TxPert_official_cell_gat_k562_all_fixed2000,K562,ETF1,top_true_de,100,40,2000,4950,0.14618110318433356,0.13312741439890755
TxPert_official_cell_gat_k562_all_fixed2000,K562,EXOC7,top_true_de,100,32,2000,4950,0.06059355138216551,0.05383090469608215
TxPert_official_cell_gat_k562_all_fixed2000,K562,EXOSC10,top_true_de,100,77,2000,4950,0.4862505208664294,0.48405922365863013
TxPert_official_cell_gat_k562_all_fixed2000,K562,EXOSC2,top_true_de,100,209,2000,4950,0.4278281393242403,0.3732827621155925
TxPert_official_cell_gat_k562_all_fixed2000,K562,EXOSC3,top_true_de,100,44,2000,4950,0.3570016808725025,0.3207430092841723
TxPert_official_cell_gat_k562_all_fixed2000,K562,EXOSC4,top_true_de,100,89,2000,4950,0.3693555359012226,0.33432824820328433
TxPert_official_cell_gat_k562_all_fixed2000,K562,EXOSC5,top_true_de,100,38,2000,4950,0.10200748405853474,0.07547361825247194
TxPert_official_cell_gat_k562_all_fixed2000,K562,EXOSC6,top_true_de,100,63,2000,4950,0.3601150329059908,0.335085492819621
TxPert_official_cell_gat_k562_all_fixed2000,K562,EXOSC7,top_true_de,100,84,2000,4851,0.1464579360950079,0.13294558289338695
TxPert_official_cell_gat_k562_all_fixed2000,K562,EXOSC8,top_true_de,100,101,2000,4950,0.27780871154191494,0.22793385189738471
TxPert_official_cell_gat_k562_all_fixed2000,K562,EXOSC9,top_true_de,100,30,2000,4851,0.21189276559394718,0.19553403542583114
TxPert_official_cell_gat_k562_all_fixed2000,K562,FAM136A,top_true_de,100,40,2000,4950,0.04800027367450373,0.04776167035044057
TxPert_official_cell_gat_k562_all_fixed2000,K562,FAM32A,top_true_de,100,332,2000,4851,0.1305351170355459,0.13450619718755663
TxPert_official_cell_gat_k562_all_fixed2000,K562,FAM50A,top_true_de,100,38,2000,4950,0.03418104356380247,0.02505324127934621
TxPert_official_cell_gat_k562_all_fixed2000,K562,FARSA,top_true_de,100,128,2000,4950,0.2399390659139591,0.22144877474816674
TxPert_official_cell_gat_k562_all_fixed2000,K562,FARSB,top_true_de,100,91,2000,4950,0.20411177423074056,0.18619014864194425
TxPert_official_cell_gat_k562_all_fixed2000,K562,FASTKD5,top_true_de,100,182,2000,4950,0.3976475586759844,0.36947441112397994
TxPert_official_cell_gat_k562_all_fixed2000,K562,FBL,top_true_de,100,124,2000,4950,0.2086849444858406,0.19918704277321406
TxPert_official_cell_gat_k562_all_fixed2000,K562,FBXO5,top_true_de,100,233,2000,4851,0.2845958594990762,0.28911244618007514
TxPert_official_cell_gat_k562_all_fixed2000,K562,FCF1,top_true_de,100,225,2000,4950,0.3955965190267559,0.373546919018218
TxPert_official_cell_gat_k562_all_fixed2000,K562,FNTA,top_true_de,100,69,2000,4950,0.12855577766951873,0.12458845249732577
TxPert_official_cell_gat_k562_all_fixed2000,K562,FTSJ3,top_true_de,100,153,2000,4950,0.1191153355875292,0.11961786705424567
TxPert_official_cell_gat_k562_all_fixed2000,K562,GAB2,top_true_de,100,637,2000,4950,0.13952995313053507,0.14058251624197038
TxPert_official_cell_gat_k562_all_fixed2000,K562,GAR1,top_true_de,100,121,2000,4851,0.37678707737798284,0.34113226936349544
TxPert_official_cell_gat_k562_all_fixed2000,K562,GARS,top_true_de,100,148,2000,4851,0.17262960484575268,0.15225718412850456
TxPert_official_cell_gat_k562_all_fixed2000,K562,GATA1,top_true_de,100,95,2000,4950,0.26146303751213007,0.26724873978747793
TxPert_official_cell_gat_k562_all_fixed2000,K562,GBF1,top_true_de,100,155,2000,4950,0.14458744647585078,0.1610222388856225
TxPert_official_cell_gat_k562_all_fixed2000,K562,GEMIN5,top_true_de,100,128,2000,4950,0.14261904516132778,0.13248225898027044
TxPert_official_cell_gat_k562_all_fixed2000,K562,GFER,top_true_de,100,198,2000,4950,0.2401191582682097,0.2325211935123495
TxPert_official_cell_gat_k562_all_fixed2000,K562,GFM1,top_true_de,100,230,2000,4950,0.27064010285396456,0.26886552656353846
TxPert_official_cell_gat_k562_all_fixed2000,K562,GINS1,top_true_de,100,181,2000,4950,0.09194857933013986,0.09664643054893246
TxPert_official_cell_gat_k562_all_fixed2000,K562,GINS2,top_true_de,100,130,2000,4851,0.0971775812556549,0.09617196289265079
TxPert_official_cell_gat_k562_all_fixed2000,K562,GINS3,top_true_de,100,98,2000,4950,0.1537041222877736,0.1408163700388522
TxPert_official_cell_gat_k562_all_fixed2000,K562,GINS4,top_true_de,100,58,2000,4950,0.08691337786894668,0.08283630730766264
TxPert_official_cell_gat_k562_all_fixed2000,K562,GLE1,top_true_de,100,54,2000,4950,0.12055367041757606,0.12522497394195906
TxPert_official_cell_gat_k562_all_fixed2000,K562,GMPS,top_true_de,100,94,2000,4950,0.1394880331824329,0.1328472424074958
TxPert_official_cell_gat_k562_all_fixed2000,K562,GNL2,top_true_de,100,295,2000,4851,0.18453219180706013,0.17017792733552417
TxPert_official_cell_gat_k562_all_fixed2000,K562,GNL3,top_true_de,100,29,2000,4950,0.07687359800264108,0.06933370277987982
TxPert_official_cell_gat_k562_all_fixed2000,K562,GNL3L,top_true_de,100,66,2000,4950,0.1701649234909214,0.1560135975097763
TxPert_official_cell_gat_k562_all_fixed2000,K562,GOLT1B,top_true_de,100,269,2000,4950,0.20359211691643628,0.19878996149442846
TxPert_official_cell_gat_k562_all_fixed2000,K562,GPKOW,top_true_de,100,105,2000,4950,0.14170371196453083,0.13675551166755634
TxPert_official_cell_gat_k562_all_fixed2000,K562,GPN1,top_true_de,100,76,2000,4950,0.1394259301362511,0.12549574657052265
TxPert_official_cell_gat_k562_all_fixed2000,K562,GPN2,top_true_de,100,42,2000,4950,0.18610080823896724,0.1659612476855746
TxPert_official_cell_gat_k562_all_fixed2000,K562,GPN3,top_true_de,100,250,2000,4950,0.14407410114673383,0.13674417370219824
TxPert_official_cell_gat_k562_all_fixed2000,K562,GPS1,top_true_de,100,372,2000,4950,0.18612606300497855,0.16987008920637403
TxPert_official_cell_gat_k562_all_fixed2000,K562,GRB2,top_true_de,100,53,2000,4950,0.3691137500233695,0.3398047137225398
TxPert_official_cell_gat_k562_all_fixed2000,K562,GRPEL1,top_true_de,100,96,2000,4950,0.11580434406170323,0.11363527727840281
TxPert_official_cell_gat_k562_all_fixed2000,K562,GRSF1,top_true_de,100,146,2000,4950,0.22303982038402806,0.21620346081533323
TxPert_official_cell_gat_k562_all_fixed2000,K562,GSPT1,top_true_de,100,84,2000,4950,0.2071642948574618,0.19423956166489564
TxPert_official_cell_gat_k562_all_fixed2000,K562,GTF2A1,top_true_de,100,105,2000,4950,0.2869699165940303,0.2513995282561574
TxPert_official_cell_gat_k562_all_fixed2000,K562,GTF2A2,top_true_de,100,144,2000,4950,0.24181697440604927,0.20769032188277706
TxPert_official_cell_gat_k562_all_fixed2000,K562,GTF2B,top_true_de,100,34,2000,4851,0.08899611814147874,0.08311174987235875
TxPert_official_cell_gat_k562_all_fixed2000,K562,GTF2E1,top_true_de,100,176,2000,4950,0.284068274547893,0.2603879444741905
TxPert_official_cell_gat_k562_all_fixed2000,K562,GTF2E2,top_true_de,100,69,2000,4950,0.1638562289015169,0.14594661988880347
TxPert_official_cell_gat_k562_all_fixed2000,K562,GTF2F2,top_true_de,100,52,2000,4950,0.18346986130059456,0.1781963540399151
TxPert_official_cell_gat_k562_all_fixed2000,K562,GTF2H1,top_true_de,100,409,2000,4950,0.15476582730598415,0.13484618399473652
TxPert_official_cell_gat_k562_all_fixed2000,K562,GTF2H4,top_true_de,100,108,2000,4950,0.20002497078638995,0.18411521539954437
TxPert_official_cell_gat_k562_all_fixed2000,K562,GTF3C3,top_true_de,100,129,2000,4950,0.19324496596065097,0.18262862724180237
TxPert_official_cell_gat_k562_all_fixed2000,K562,GTPBP4,top_true_de,100,48,2000,4950,0.12398571994350244,0.11754892137674806
TxPert_official_cell_gat_k562_all_fixed2000,K562,GUCD1,top_true_de,100,247,2000,4950,0.11981138547618508,0.1256251094546674
TxPert_official_cell_gat_k562_all_fixed2000,K562,HARS,top_true_de,100,263,2000,4950,0.2086387812928682,0.19277843574612155
TxPert_official_cell_gat_k562_all_fixed2000,K562,HARS2,top_true_de,100,62,2000,4950,0.14512127290719973,0.13060043939834767
TxPert_official_cell_gat_k562_all_fixed2000,K562,HAUS4,top_true_de,100,183,2000,4851,0.09814031223232605,0.08761062757167791
TxPert_official_cell_gat_k562_all_fixed2000,K562,HAUS5,top_true_de,100,153,2000,4950,0.1716768290191199,0.1658505896344151
TxPert_official_cell_gat_k562_all_fixed2000,K562,HBS1L,top_true_de,100,120,2000,4851,0.13474945168419544,0.13462184834993157
TxPert_official_cell_gat_k562_all_fixed2000,K562,HDAC7,top_true_de,100,148,2000,4950,0.12917767952009715,0.12406534899550324
TxPert_official_cell_gat_k562_all_fixed2000,K562,HEATR1,top_true_de,100,216,2000,4950,0.2853334920658016,0.267336113138847
TxPert_official_cell_gat_k562_all_fixed2000,K562,HGS,top_true_de,100,96,2000,4950,0.15967402342355058,0.15172110364347038
TxPert_official_cell_gat_k562_all_fixed2000,K562,HINFP,top_true_de,100,157,2000,4950,0.0951909287123353,0.08676149328377658
TxPert_official_cell_gat_k562_all_fixed2000,K562,HIRA,top_true_de,100,228,2000,4950,0.20660624181716045,0.20322922866443993
TxPert_official_cell_gat_k562_all_fixed2000,K562,HMGCS1,top_true_de,100,216,2000,4851,0.1855021413729879,0.17041314256085022
TxPert_official_cell_gat_k562_all_fixed2000,K562,HNRNPC,top_true_de,100,273,2000,4950,0.23107691528380495,0.21448352463472345
TxPert_official_cell_gat_k562_all_fixed2000,K562,HNRNPH1,top_true_de,100,92,2000,4950,0.10198858845900789,0.09552175308297897
TxPert_official_cell_gat_k562_all_fixed2000,K562,HNRNPL,top_true_de,100,55,2000,4950,0.2084585445774666,0.19634194967029872
TxPert_official_cell_gat_k562_all_fixed2000,K562,HNRNPM,top_true_de,100,128,2000,4950,0.13640908925210146,0.11956667949862927
TxPert_official_cell_gat_k562_all_fixed2000,K562,HNRNPU,top_true_de,100,73,2000,4950,0.10210746978907903,0.09019487992435035
TxPert_official_cell_gat_k562_all_fixed2000,K562,HSCB,top_true_de,100,85,2000,4950,0.24350778611075827,0.23031807188567194
TxPert_official_cell_gat_k562_all_fixed2000,K562,HSD17B12,top_true_de,100,135,2000,4851,0.13072150474738536,0.12483827428354503
TxPert_official_cell_gat_k562_all_fixed2000,K562,HSF1,top_true_de,100,87,2000,4950,0.2694087861025143,0.2509184415941583
TxPert_official_cell_gat_k562_all_fixed2000,K562,HSPA5,top_true_de,100,202,2000,4950,0.0389227943680833,0.06901267113426043
TxPert_official_cell_gat_k562_all_fixed2000,K562,HSPA8,top_true_de,100,146,2000,4950,0.13415088459265212,0.13312561421146915
TxPert_official_cell_gat_k562_all_fixed2000,K562,HSPA9,top_true_de,100,374,2000,4950,0.19765573913442114,0.17886468146730167
TxPert_official_cell_gat_k562_all_fixed2000,K562,HSPE1,top_true_de,100,25,2000,4950,0.11322551156283077,0.1077456254564075
TxPert_official_cell_gat_k562_all_fixed2000,K562,HUWE1,top_true_de,100,77,2000,4851,0.07708718199643991,0.06338275074576824
TxPert_official_cell_gat_k562_all_fixed2000,K562,HYPK,top_true_de,100,121,2000,4950,0.20731645114482228,0.19149885430300823
TxPert_official_cell_gat_k562_all_fixed2000,K562,IARS,top_true_de,100,45,2000,4950,0.11136061862680775,0.10407493047954004
TxPert_official_cell_gat_k562_all_fixed2000,K562,IARS2,top_true_de,100,185,2000,4851,0.31849862308371224,0.292893270094309
TxPert_official_cell_gat_k562_all_fixed2000,K562,ICE1,top_true_de,100,319,2000,4950,0.12898224922753546,0.1424182814985524
TxPert_official_cell_gat_k562_all_fixed2000,K562,IGBP1,top_true_de,100,245,2000,4851,0.08770183548278168,0.0895727279817651
TxPert_official_cell_gat_k562_all_fixed2000,K562,IK,top_true_de,100,123,2000,4851,0.07674603906791115,0.07785992447711892
TxPert_official_cell_gat_k562_all_fixed2000,K562,ILF2,top_true_de,100,53,2000,4950,0.1642614356218181,0.16248152880119274
TxPert_official_cell_gat_k562_all_fixed2000,K562,ILF3,top_true_de,100,125,2000,4950,0.19793480058500015,0.16819417050258642
TxPert_official_cell_gat_k562_all_fixed2000,K562,IMP4,top_true_de,100,148,2000,4950,0.38579772613559526,0.3700117482265417
TxPert_official_cell_gat_k562_all_fixed2000,K562,IMPDH2,top_true_de,100,70,2000,4851,0.15867760831385347,0.14512546550184952
TxPert_official_cell_gat_k562_all_fixed2000,K562,INO80,top_true_de,100,143,2000,4950,0.23160299952208904,0.19823304711849504
TxPert_official_cell_gat_k562_all_fixed2000,K562,INO80B,top_true_de,100,115,2000,4950,0.24737571358232577,0.21300808002803254
TxPert_official_cell_gat_k562_all_fixed2000,K562,INTS1,top_true_de,100,183,2000,4950,0.19155416678579534,0.17913029632882205
TxPert_official_cell_gat_k562_all_fixed2000,K562,INTS2,top_true_de,100,351,2000,4950,0.10636448789946908,0.1174955324377569
TxPert_official_cell_gat_k562_all_fixed2000,K562,INTS3,top_true_de,100,103,2000,4950,0.1428770329077882,0.1363837216618747
TxPert_official_cell_gat_k562_all_fixed2000,K562,INTS4,top_true_de,100,47,2000,4950,0.10299783359250506,0.10472654678523964
TxPert_official_cell_gat_k562_all_fixed2000,K562,INTS5,top_true_de,100,62,2000,4950,0.07369696657250024,0.08252290303494793
TxPert_official_cell_gat_k562_all_fixed2000,K562,INTS6,top_true_de,100,112,2000,4851,0.17292756447321458,0.14454595234360834
TxPert_official_cell_gat_k562_all_fixed2000,K562,INTS7,top_true_de,100,78,2000,4950,0.0754678995115075,0.08128760135482876
TxPert_official_cell_gat_k562_all_fixed2000,K562,INTS8,top_true_de,100,307,2000,4950,0.08839043481013452,0.0956448339610114
TxPert_official_cell_gat_k562_all_fixed2000,K562,INTS9,top_true_de,100,222,2000,4950,0.09788031346169178,0.09676203097784951
TxPert_official_cell_gat_k562_all_fixed2000,K562,IPO13,top_true_de,100,51,2000,4950,0.13063299261468247,0.12398888866829705
TxPert_official_cell_gat_k562_all_fixed2000,K562,IPO9,top_true_de,100,173,2000,4851,0.2029924582683761,0.18330214108341833
TxPert_official_cell_gat_k562_all_fixed2000,K562,ISCU,top_true_de,100,32,2000,4851,0.060909042952716534,0.05428441163241019
TxPert_official_cell_gat_k562_all_fixed2000,K562,ISG20L2,top_true_de,100,72,2000,4950,0.1753664173626057,0.14775390191585736
TxPert_official_cell_gat_k562_all_fixed2000,K562,JAZF1,top_true_de,100,209,2000,4950,0.23203814824373015,0.21581256448391425
TxPert_official_cell_gat_k562_all_fixed2000,K562,KANSL1,top_true_de,100,41,2000,4851,0.12933492827264312,0.11878871365493344
TxPert_official_cell_gat_k562_all_fixed2000,K562,KANSL2,top_true_de,100,151,2000,4950,0.14566227995234057,0.11955258530234737
TxPert_official_cell_gat_k562_all_fixed2000,K562,KANSL3,top_true_de,100,182,2000,4950,0.21972348490911678,0.17716202965850356
TxPert_official_cell_gat_k562_all_fixed2000,K562,KARS,top_true_de,100,45,2000,4950,0.12113666795956234,0.10814562868823618
TxPert_official_cell_gat_k562_all_fixed2000,K562,KAT8,top_true_de,100,254,2000,4950,0.1613891051873243,0.1163326233241216
TxPert_official_cell_gat_k562_all_fixed2000,K562,KCTD10,top_true_de,100,75,2000,4950,0.09686109674935492,0.09039897378828521
TxPert_official_cell_gat_k562_all_fixed2000,K562,KIF20A,top_true_de,100,95,2000,4950,0.11178826253873644,0.11380822290325518
TxPert_official_cell_gat_k562_all_fixed2000,K562,KIN,top_true_de,100,144,2000,4851,0.1756174704527393,0.1773175336793091
TxPert_official_cell_gat_k562_all_fixed2000,K562,KPNB1,top_true_de,100,214,2000,4950,0.0754622233334635,0.07021615040782228
TxPert_official_cell_gat_k562_all_fixed2000,K562,KRI1,top_true_de,100,51,2000,4950,0.25076370438485546,0.251793781969304
TxPert_official_cell_gat_k562_all_fixed2000,K562,KRR1,top_true_de,100,398,2000,4950,0.4741182189727167,0.46894579904364897
TxPert_official_cell_gat_k562_all_fixed2000,K562,LAMTOR2,top_true_de,100,64,2000,4851,0.13347181190582105,0.12601577163940955
TxPert_official_cell_gat_k562_all_fixed2000,K562,LAMTOR4,top_true_de,100,123,2000,4950,0.22890102730933864,0.21811095673930803
TxPert_official_cell_gat_k562_all_fixed2000,K562,LARS,top_true_de,100,74,2000,4851,0.29520387502163986,0.266708818622804
TxPert_official_cell_gat_k562_all_fixed2000,K562,LAS1L,top_true_de,100,75,2000,4950,0.23400079803740992,0.21208902601643967
TxPert_official_cell_gat_k562_all_fixed2000,K562,LETM1,top_true_de,100,110,2000,4950,0.2819069481159573,0.25817304420972553
TxPert_official_cell_gat_k562_all_fixed2000,K562,LIN54,top_true_de,100,281,2000,4851,0.1905225594811097,0.17284821029474862
TxPert_official_cell_gat_k562_all_fixed2000,K562,LONP1,top_true_de,100,109,2000,4851,0.17911959253236975,0.1626001947031491
TxPert_official_cell_gat_k562_all_fixed2000,K562,LRPPRC,top_true_de,100,92,2000,4950,0.39730790408009264,0.38065729688892685
TxPert_official_cell_gat_k562_all_fixed2000,K562,LSG1,top_true_de,100,106,2000,4950,0.19640085292712087,0.17549457297347007
TxPert_official_cell_gat_k562_all_fixed2000,K562,LSM10,top_true_de,100,122,2000,4851,0.14382907640569545,0.13421578328991515
TxPert_official_cell_gat_k562_all_fixed2000,K562,LSM11,top_true_de,100,130,2000,4950,0.1794490999269116,0.17504531188406286
TxPert_official_cell_gat_k562_all_fixed2000,K562,LSM2,top_true_de,100,269,2000,4950,0.21910211668367668,0.2019803715085996
TxPert_official_cell_gat_k562_all_fixed2000,K562,LSM3,top_true_de,100,64,2000,4950,0.18219009941835002,0.16441153572527312
TxPert_official_cell_gat_k562_all_fixed2000,K562,LSM4,top_true_de,100,68,2000,4950,0.18528210414672866,0.18178930169654545
TxPert_official_cell_gat_k562_all_fixed2000,K562,LSM5,top_true_de,100,139,2000,4950,0.15537950394303912,0.15895180121435895
TxPert_official_cell_gat_k562_all_fixed2000,K562,LSM6,top_true_de,100,423,2000,4851,0.19647041922365308,0.184643942420096
TxPert_official_cell_gat_k562_all_fixed2000,K562,LSM7,top_true_de,100,126,2000,4950,0.2800904996208938,0.2546761539413888
TxPert_official_cell_gat_k562_all_fixed2000,K562,LTV1,top_true_de,100,259,2000,4950,0.3875578022866338,0.36401408149751524
TxPert_official_cell_gat_k562_all_fixed2000,K562,LUC7L3,top_true_de,100,34,2000,4950,0.11574181403527527,0.11037832107729834
TxPert_official_cell_gat_k562_all_fixed2000,K562,MAD2L1,top_true_de,100,103,2000,4851,0.14898033936115634,0.156664478215423
TxPert_official_cell_gat_k562_all_fixed2000,K562,MAGOH,top_true_de,100,149,2000,4950,0.16252319332361748,0.16389757256509987
TxPert_official_cell_gat_k562_all_fixed2000,K562,MAK16,top_true_de,100,183,2000,4950,0.1725958660932579,0.15902223192776696
TxPert_official_cell_gat_k562_all_fixed2000,K562,MARS,top_true_de,100,81,2000,4851,0.15012848089711447,0.13605383971646856
TxPert_official_cell_gat_k562_all_fixed2000,K562,MARS2,top_true_de,100,74,2000,4950,0.16843770510004552,0.15181972195793353
TxPert_official_cell_gat_k562_all_fixed2000,K562,MAT2A,top_true_de,100,30,2000,4950,0.044930747185353954,0.03967291450063063
TxPert_official_cell_gat_k562_all_fixed2000,K562,MAU2,top_true_de,100,61,2000,4950,0.1380701960357723,0.12333836563389147
TxPert_official_cell_gat_k562_all_fixed2000,K562,MAX,top_true_de,100,161,2000,4950,0.23326858820673446,0.20697338474444063
TxPert_official_cell_gat_k562_all_fixed2000,K562,MCM10,top_true_de,100,190,2000,4851,0.11316039664051719,0.11090817594021109
TxPert_official_cell_gat_k562_all_fixed2000,K562,MCM2,top_true_de,100,114,2000,4851,0.23464852684266296,0.2352159105014949
TxPert_official_cell_gat_k562_all_fixed2000,K562,MCM3,top_true_de,100,104,2000,4950,0.10215079396556025,0.08451225223017356
TxPert_official_cell_gat_k562_all_fixed2000,K562,MCM3AP,top_true_de,100,100,2000,4950,0.15622481249171422,0.1400399867438629
TxPert_official_cell_gat_k562_all_fixed2000,K562,MCM4,top_true_de,100,69,2000,4851,0.1422417693491766,0.13854707893057777
TxPert_official_cell_gat_k562_all_fixed2000,K562,MCM6,top_true_de,100,84,2000,4851,0.16281643499651532,0.15014345232990325
TxPert_official_cell_gat_k562_all_fixed2000,K562,MCMBP,top_true_de,100,141,2000,4950,0.15062181572315775,0.13733859895826803
TxPert_official_cell_gat_k562_all_fixed2000,K562,MDN1,top_true_de,100,68,2000,4851,0.12072262032073784,0.10228389856024697
TxPert_official_cell_gat_k562_all_fixed2000,K562,MED1,top_true_de,100,233,2000,4950,0.14535186086601612,0.15365705697400434
TxPert_official_cell_gat_k562_all_fixed2000,K562,MED10,top_true_de,100,454,2000,4851,0.12469671103674464,0.1275354925852542
TxPert_official_cell_gat_k562_all_fixed2000,K562,MED11,top_true_de,100,227,2000,4950,0.14059463269609734,0.14987967623097123
TxPert_official_cell_gat_k562_all_fixed2000,K562,MED12,top_true_de,100,567,2000,4950,0.16004925384541716,0.15906625306531655
TxPert_official_cell_gat_k562_all_fixed2000,K562,MED14,top_true_de,100,114,2000,4950,0.13468471349383324,0.1187466045315573
TxPert_official_cell_gat_k562_all_fixed2000,K562,MED17,top_true_de,100,143,2000,4950,0.06584819239954125,0.07484613118627019
TxPert_official_cell_gat_k562_all_fixed2000,K562,MED19,top_true_de,100,526,2000,4950,0.2010442703409837,0.18743732591965787
TxPert_official_cell_gat_k562_all_fixed2000,K562,MED20,top_true_de,100,78,2000,4950,0.2062469142205049,0.19683075918093085
TxPert_official_cell_gat_k562_all_fixed2000,K562,MED21,top_true_de,100,61,2000,4950,0.0970835049182453,0.09910075663315115
TxPert_official_cell_gat_k562_all_fixed2000,K562,MED22,top_true_de,100,279,2000,4950,0.11573705226615022,0.11331750635151971
TxPert_official_cell_gat_k562_all_fixed2000,K562,MED26,top_true_de,100,99,2000,4950,0.21066667119893512,0.19948488984488452
TxPert_official_cell_gat_k562_all_fixed2000,K562,MED28,top_true_de,100,66,2000,4950,0.16941794423317416,0.15174422311583463
TxPert_official_cell_gat_k562_all_fixed2000,K562,MED29,top_true_de,100,86,2000,4950,0.12390578162175128,0.11018663886017699
TxPert_official_cell_gat_k562_all_fixed2000,K562,MED30,top_true_de,100,283,2000,4950,0.1641802218749712,0.151296696419711
TxPert_official_cell_gat_k562_all_fixed2000,K562,MED31,top_true_de,100,35,2000,4950,0.21060453372185925,0.19010754637102462
TxPert_official_cell_gat_k562_all_fixed2000,K562,MED4,top_true_de,100,56,2000,4950,0.13652345703192592,0.14191398414281964
TxPert_official_cell_gat_k562_all_fixed2000,K562,MED6,top_true_de,100,231,2000,4950,0.16167678776302388,0.1493204935891839
TxPert_official_cell_gat_k562_all_fixed2000,K562,MED7,top_true_de,100,265,2000,4950,0.07735846172587883,0.08498492456181342
TxPert_official_cell_gat_k562_all_fixed2000,K562,MED8,top_true_de,100,94,2000,4851,0.20541847654334763,0.19026371176499815
TxPert_official_cell_gat_k562_all_fixed2000,K562,MED9,top_true_de,100,119,2000,4950,0.14371718467714265,0.1263602877998095
TxPert_official_cell_gat_k562_all_fixed2000,K562,METAP2,top_true_de,100,131,2000,4950,0.2358870638599694,0.21298334103007452
TxPert_official_cell_gat_k562_all_fixed2000,K562,METTL14,top_true_de,100,115,2000,4950,0.1679670012227335,0.14188722709467305
TxPert_official_cell_gat_k562_all_fixed2000,K562,METTL16,top_true_de,100,42,2000,4851,0.11183272002296403,0.10985220724442485
TxPert_official_cell_gat_k562_all_fixed2000,K562,METTL3,top_true_de,100,127,2000,4851,0.17153653279687503,0.1534856139460894
TxPert_official_cell_gat_k562_all_fixed2000,K562,MEX3A,top_true_de,100,165,2000,4950,0.333266508382589,0.3017699101803551
TxPert_official_cell_gat_k562_all_fixed2000,K562,MFAP1,top_true_de,100,164,2000,4950,0.13213481416153922,0.14129636619983746
TxPert_official_cell_gat_k562_all_fixed2000,K562,MICOS10,top_true_de,100,83,2000,4950,0.33439916314260565,0.3123206193883498
TxPert_official_cell_gat_k562_all_fixed2000,K562,MIOS,top_true_de,100,160,2000,4950,0.26547280002465795,0.2375136131167187
TxPert_official_cell_gat_k562_all_fixed2000,K562,MMS22L,top_true_de,100,54,2000,4851,0.12027309655109394,0.11145119704057185
TxPert_official_cell_gat_k562_all_fixed2000,K562,MNAT1,top_true_de,100,79,2000,4950,0.21841572026730502,0.19740207762877449
TxPert_official_cell_gat_k562_all_fixed2000,K562,MOB4,top_true_de,100,105,2000,4851,0.19202536709722812,0.18241327856576023
TxPert_official_cell_gat_k562_all_fixed2000,K562,MPHOSPH10,top_true_de,100,38,2000,4851,0.3677168922489444,0.3646324134337762
TxPert_official_cell_gat_k562_all_fixed2000,K562,MRGBP,top_true_de,100,68,2000,4950,0.11672956169158348,0.09842800308951044
TxPert_official_cell_gat_k562_all_fixed2000,K562,MRPL10,top_true_de,100,96,2000,4851,0.2755573605013823,0.26675060486470265
TxPert_official_cell_gat_k562_all_fixed2000,K562,MRPL13,top_true_de,100,72,2000,4950,0.26291743031473175,0.2350367516935041
TxPert_official_cell_gat_k562_all_fixed2000,K562,MRPL14,top_true_de,100,188,2000,4950,0.391197897806358,0.38146510564889596
TxPert_official_cell_gat_k562_all_fixed2000,K562,MRPL16,top_true_de,100,73,2000,4851,0.22783140011796815,0.2194613649476106
TxPert_official_cell_gat_k562_all_fixed2000,K562,MRPL17,top_true_de,100,96,2000,4950,0.24695320259890519,0.20253696275113514
TxPert_official_cell_gat_k562_all_fixed2000,K562,MRPL18,top_true_de,100,128,2000,4950,0.1911917153256178,0.16520726220495696
TxPert_official_cell_gat_k562_all_fixed2000,K562,MRPL19,top_true_de,100,177,2000,4950,0.2831114832057246,0.2548893313562288
TxPert_official_cell_gat_k562_all_fixed2000,K562,MRPL2,top_true_de,100,131,2000,4950,0.16408521463834513,0.15782040631360855
TxPert_official_cell_gat_k562_all_fixed2000,K562,MRPL22,top_true_de,100,86,2000,4851,0.2246065129756701,0.2112634119770846
TxPert_official_cell_gat_k562_all_fixed2000,K562,MRPL24,top_true_de,100,183,2000,4950,0.2580562261726395,0.25153199563502276
TxPert_official_cell_gat_k562_all_fixed2000,K562,MRPL27,top_true_de,100,88,2000,4950,0.28322864191601715,0.25178651859143014
TxPert_official_cell_gat_k562_all_fixed2000,K562,MRPL3,top_true_de,100,146,2000,4950,0.2644998863685749,0.23922651921662302
TxPert_official_cell_gat_k562_all_fixed2000,K562,MRPL32,top_true_de,100,62,2000,4950,0.18671006526850537,0.15877409555554955
TxPert_official_cell_gat_k562_all_fixed2000,K562,MRPL33,top_true_de,100,126,2000,4950,0.27702148497225265,0.2625679005231262
TxPert_official_cell_gat_k562_all_fixed2000,K562,MRPL35,top_true_de,100,156,2000,4950,0.23360163805686718,0.2213661298693482
TxPert_official_cell_gat_k562_all_fixed2000,K562,MRPL36,top_true_de,100,160,2000,4950,0.16524860157894877,0.16377114142891744
TxPert_official_cell_gat_k562_all_fixed2000,K562,MRPL37,top_true_de,100,100,2000,4950,0.1877744608818903,0.16154953708636371
TxPert_official_cell_gat_k562_all_fixed2000,K562,MRPL38,top_true_de,100,132,2000,4950,0.18601443676073093,0.17967684639394976
TxPert_official_cell_gat_k562_all_fixed2000,K562,MRPL39,top_true_de,100,146,2000,4950,0.2792312104818814,0.2608111101177265
TxPert_official_cell_gat_k562_all_fixed2000,K562,MRPL4,top_true_de,100,109,2000,4950,0.17661120934458838,0.1619083245840402
TxPert_official_cell_gat_k562_all_fixed2000,K562,MRPL41,top_true_de,100,66,2000,4950,0.20022006476514823,0.18271780048379405
TxPert_official_cell_gat_k562_all_fixed2000,K562,MRPL43,top_true_de,100,90,2000,4950,0.15985723323792317,0.15060557839179559
TxPert_official_cell_gat_k562_all_fixed2000,K562,MRPL49,top_true_de,100,36,2000,4950,0.244190975922362,0.23681175550396885
TxPert_official_cell_gat_k562_all_fixed2000,K562,MRPL50,top_true_de,100,147,2000,4851,0.3246715777485566,0.294748170610181
TxPert_official_cell_gat_k562_all_fixed2000,K562,MRPL51,top_true_de,100,100,2000,4950,0.24285803048994037,0.21520769002773835
TxPert_official_cell_gat_k562_all_fixed2000,K562,MRPL53,top_true_de,100,153,2000,4950,0.24416638749595773,0.23403828393919401
TxPert_official_cell_gat_k562_all_fixed2000,K562,MRPL54,top_true_de,100,112,2000,4851,0.18852762738747994,0.17616386882396862
TxPert_official_cell_gat_k562_all_fixed2000,K562,MRPL55,top_true_de,100,153,2000,4950,0.18877872860963046,0.175700903146098
TxPert_official_cell_gat_k562_all_fixed2000,K562,MRPS10,top_true_de,100,100,2000,4851,0.3777807693694985,0.32144403638941826
TxPert_official_cell_gat_k562_all_fixed2000,K562,MRPS11,top_true_de,100,90,2000,4851,0.24430991971521648,0.22501559375974617
TxPert_official_cell_gat_k562_all_fixed2000,K562,MRPS14,top_true_de,100,82,2000,4950,0.18218749509239998,0.15884902253266392
TxPert_official_cell_gat_k562_all_fixed2000,K562,MRPS18A,top_true_de,100,108,2000,4950,0.25260584866027114,0.23716614706165767
TxPert_official_cell_gat_k562_all_fixed2000,K562,MRPS2,top_true_de,100,93,2000,4950,0.30320137438125255,0.2733118421178924
TxPert_official_cell_gat_k562_all_fixed2000,K562,MRPS21,top_true_de,100,126,2000,4950,0.36435438700316763,0.33537747580173527
TxPert_official_cell_gat_k562_all_fixed2000,K562,MRPS22,top_true_de,100,142,2000,4851,0.36085124456888296,0.3407001890807789
TxPert_official_cell_gat_k562_all_fixed2000,K562,MRPS23,top_true_de,100,108,2000,4950,0.40132305069263563,0.382049123160124
TxPert_official_cell_gat_k562_all_fixed2000,K562,MRPS24,top_true_de,100,132,2000,4950,0.2627908677916014,0.21635688051593627
TxPert_official_cell_gat_k562_all_fixed2000,K562,MRPS26,top_true_de,100,111,2000,4950,0.26301752470397755,0.22135365084536263
TxPert_official_cell_gat_k562_all_fixed2000,K562,MRPS27,top_true_de,100,76,2000,4950,0.17580286345965332,0.1735154524442588
TxPert_official_cell_gat_k562_all_fixed2000,K562,MRPS28,top_true_de,100,141,2000,4950,0.43523976439743056,0.40768950242399943
TxPert_official_cell_gat_k562_all_fixed2000,K562,MRPS34,top_true_de,100,126,2000,4950,0.1655983544105247,0.15668011831871687
TxPert_official_cell_gat_k562_all_fixed2000,K562,MRPS35,top_true_de,100,182,2000,4950,0.38091435108256494,0.3501993257541162
TxPert_official_cell_gat_k562_all_fixed2000,K562,MRPS7,top_true_de,100,101,2000,4950,0.37676433405742815,0.35649968912818386
TxPert_official_cell_gat_k562_all_fixed2000,K562,MRPS9,top_true_de,100,69,2000,4950,0.31427273636065284,0.28576331062098076
TxPert_official_cell_gat_k562_all_fixed2000,K562,MTBP,top_true_de,100,183,2000,4950,0.1803545149445603,0.16680103012918776
TxPert_official_cell_gat_k562_all_fixed2000,K562,MTOR,top_true_de,100,93,2000,4950,0.29955356063107375,0.269150804972871
TxPert_official_cell_gat_k562_all_fixed2000,K562,MTPAP,top_true_de,100,86,2000,4950,0.32049653840221914,0.31111637947499543
TxPert_official_cell_gat_k562_all_fixed2000,K562,MVD,top_true_de,100,101,2000,4950,0.13048479884570416,0.1291877438148804
TxPert_official_cell_gat_k562_all_fixed2000,K562,MYBBP1A,top_true_de,100,106,2000,4950,0.13846824646698352,0.12281571279729465
TxPert_official_cell_gat_k562_all_fixed2000,K562,MYBL2,top_true_de,100,81,2000,4851,0.165331017136988,0.14590989006145386
TxPert_official_cell_gat_k562_all_fixed2000,K562,MZT1,top_true_de,100,381,2000,4950,0.2866875521291037,0.24738097008477428
TxPert_official_cell_gat_k562_all_fixed2000,K562,N6AMT1,top_true_de,100,134,2000,4950,0.1709109786598057,0.1477801704053026
TxPert_official_cell_gat_k562_all_fixed2000,K562,NAA10,top_true_de,100,113,2000,4851,0.38617499146599765,0.3630146601530007
TxPert_official_cell_gat_k562_all_fixed2000,K562,NAA15,top_true_de,100,107,2000,4950,0.3651135670376414,0.320355157787511
TxPert_official_cell_gat_k562_all_fixed2000,K562,NAA20,top_true_de,100,158,2000,4950,0.20865963165526472,0.19824502363343968
TxPert_official_cell_gat_k562_all_fixed2000,K562,NAA25,top_true_de,100,162,2000,4950,0.1096904383201128,0.10607977009226936
TxPert_official_cell_gat_k562_all_fixed2000,K562,NACA,top_true_de,100,315,2000,4950,0.15155937391702232,0.14182657606400953
TxPert_official_cell_gat_k562_all_fixed2000,K562,NAE1,top_true_de,100,80,2000,4950,0.11657232439435625,0.10313787904579927
TxPert_official_cell_gat_k562_all_fixed2000,K562,NARS,top_true_de,100,149,2000,4950,0.14998994247198186,0.1522177084257752
TxPert_official_cell_gat_k562_all_fixed2000,K562,NAT10,top_true_de,100,28,2000,4950,0.2527285294426717,0.2507600818903237
TxPert_official_cell_gat_k562_all_fixed2000,K562,NBAS,top_true_de,100,94,2000,4851,0.16666916336000753,0.16150620171299435
TxPert_official_cell_gat_k562_all_fixed2000,K562,NCAPH,top_true_de,100,64,2000,4950,0.1980724209475143,0.18899432609141642
TxPert_official_cell_gat_k562_all_fixed2000,K562,NCBP1,top_true_de,100,53,2000,4950,0.3979026558695844,0.39362056624955233
TxPert_official_cell_gat_k562_all_fixed2000,K562,NCBP2,top_true_de,100,765,2000,4950,0.39787149183940984,0.4063150448202829
TxPert_official_cell_gat_k562_all_fixed2000,K562,NCKAP1,top_true_de,100,64,2000,4950,0.09495035398734385,0.08718348957225161
TxPert_official_cell_gat_k562_all_fixed2000,K562,NCL,top_true_de,100,138,2000,4950,0.17485738462588948,0.16511630767279545
TxPert_official_cell_gat_k562_all_fixed2000,K562,NDC80,top_true_de,100,171,2000,4851,0.11731219382904486,0.11931583643516352
TxPert_official_cell_gat_k562_all_fixed2000,K562,NDUFA2,top_true_de,100,111,2000,4851,0.13605954320384883,0.13418240794990224
TxPert_official_cell_gat_k562_all_fixed2000,K562,NDUFA6,top_true_de,100,151,2000,4950,0.3119913425787702,0.27559115040766763
TxPert_official_cell_gat_k562_all_fixed2000,K562,NDUFA8,top_true_de,100,85,2000,4950,0.13534712911856053,0.1206926072514011
TxPert_official_cell_gat_k562_all_fixed2000,K562,NDUFAB1,top_true_de,100,143,2000,4950,0.21204209604040972,0.18416846196592088
TxPert_official_cell_gat_k562_all_fixed2000,K562,NDUFB10,top_true_de,100,148,2000,4950,0.28310577323099645,0.26392575653016226
TxPert_official_cell_gat_k562_all_fixed2000,K562,NDUFB4,top_true_de,100,147,2000,4851,0.21251550739695294,0.18920527126564574
TxPert_official_cell_gat_k562_all_fixed2000,K562,NDUFB8,top_true_de,100,174,2000,4950,0.2281264348289011,0.2221095119046156
TxPert_official_cell_gat_k562_all_fixed2000,K562,NEDD1,top_true_de,100,134,2000,4950,0.19830094690012348,0.19491543038862352
TxPert_official_cell_gat_k562_all_fixed2000,K562,NEDD8,top_true_de,100,190,2000,4950,0.18559808216186324,0.16933017208249704
TxPert_official_cell_gat_k562_all_fixed2000,K562,NELFA,top_true_de,100,82,2000,4851,0.21243764335555285,0.1787804537060936
TxPert_official_cell_gat_k562_all_fixed2000,K562,NELFB,top_true_de,100,125,2000,4950,0.32420366894726915,0.32023971061445233
TxPert_official_cell_gat_k562_all_fixed2000,K562,NELFCD,top_true_de,100,174,2000,4950,0.26847811588559606,0.22236056983412175
TxPert_official_cell_gat_k562_all_fixed2000,K562,NELFE,top_true_de,100,66,2000,4950,0.14831941200789642,0.1195185905014188
TxPert_official_cell_gat_k562_all_fixed2000,K562,NEPRO,top_true_de,100,42,2000,4950,0.2781074187769386,0.27442155868561513
TxPert_official_cell_gat_k562_all_fixed2000,K562,NFRKB,top_true_de,100,223,2000,4950,0.32734278925775867,0.2862520731357881
TxPert_official_cell_gat_k562_all_fixed2000,K562,NFS1,top_true_de,100,75,2000,4950,0.19577645664703675,0.18705547118918667
TxPert_official_cell_gat_k562_all_fixed2000,K562,NIFK,top_true_de,100,203,2000,4950,0.15713841109764765,0.1431461407634009
TxPert_official_cell_gat_k562_all_fixed2000,K562,NIP7,top_true_de,100,216,2000,4851,0.21852681683767453,0.21073472332180465
TxPert_official_cell_gat_k562_all_fixed2000,K562,NKAP,top_true_de,100,106,2000,4851,0.12404248437161218,0.12193956362491393
TxPert_official_cell_gat_k562_all_fixed2000,K562,NLE1,top_true_de,100,396,2000,4950,0.20121046679983906,0.1893454192347705
TxPert_official_cell_gat_k562_all_fixed2000,K562,NMD3,top_true_de,100,57,2000,4950,0.1961682575845372,0.17873676625243962
TxPert_official_cell_gat_k562_all_fixed2000,K562,NOB1,top_true_de,100,45,2000,4950,0.4491122825659316,0.4421599356296702
TxPert_official_cell_gat_k562_all_fixed2000,K562,NOC3L,top_true_de,100,73,2000,4950,0.19075952765774684,0.17897026624496418
TxPert_official_cell_gat_k562_all_fixed2000,K562,NOC4L,top_true_de,100,32,2000,4950,0.20350100383482012,0.19223366776267237
TxPert_official_cell_gat_k562_all_fixed2000,K562,NOL11,top_true_de,100,219,2000,4950,0.30756183196993053,0.2948688706108192
TxPert_official_cell_gat_k562_all_fixed2000,K562,NOL12,top_true_de,100,83,2000,4950,0.24466946959359911,0.228053051414977
TxPert_official_cell_gat_k562_all_fixed2000,K562,NOL6,top_true_de,100,107,2000,4950,0.35710702055212523,0.3436289063636102
TxPert_official_cell_gat_k562_all_fixed2000,K562,NOL8,top_true_de,100,70,2000,4851,0.18319135990458618,0.16229455967167336
TxPert_official_cell_gat_k562_all_fixed2000,K562,NOLC1,top_true_de,100,106,2000,4851,0.15471391972457504,0.1345337726087993
TxPert_official_cell_gat_k562_all_fixed2000,K562,NOM1,top_true_de,100,65,2000,4950,0.3105029981266527,0.29095161287982757
TxPert_official_cell_gat_k562_all_fixed2000,K562,NOP10,top_true_de,100,124,2000,4950,0.5082653164317457,0.4832393877271642
TxPert_official_cell_gat_k562_all_fixed2000,K562,NOP14,top_true_de,100,38,2000,4851,0.22211894070808527,0.22386471880262154
TxPert_official_cell_gat_k562_all_fixed2000,K562,NOP16,top_true_de,100,133,2000,4851,0.1554017217474785,0.13134427666178083
TxPert_official_cell_gat_k562_all_fixed2000,K562,NOP2,top_true_de,100,56,2000,4950,0.1226646065781543,0.11183012361805267
TxPert_official_cell_gat_k562_all_fixed2000,K562,NOP58,top_true_de,100,39,2000,4950,0.24910743811578626,0.23584351793767
TxPert_official_cell_gat_k562_all_fixed2000,K562,NPLOC4,top_true_de,100,52,2000,4950,0.12707547142017384,0.12344957536656552
TxPert_official_cell_gat_k562_all_fixed2000,K562,NRBP1,top_true_de,100,62,2000,4950,0.3488089271095339,0.32756452756475607
TxPert_official_cell_gat_k562_all_fixed2000,K562,NRDE2,top_true_de,100,495,2000,4950,0.24683603332487689,0.20945512047567064
TxPert_official_cell_gat_k562_all_fixed2000,K562,NRF1,top_true_de,100,71,2000,4950,0.0806365006537246,0.07580028464802216
TxPert_official_cell_gat_k562_all_fixed2000,K562,NSA2,top_true_de,100,71,2000,4950,0.2785772113482963,0.2546097599219894
TxPert_official_cell_gat_k562_all_fixed2000,K562,NSRP1,top_true_de,100,188,2000,4851,0.06244763557003596,0.0822739664595262
TxPert_official_cell_gat_k562_all_fixed2000,K562,NUBP1,top_true_de,100,144,2000,4950,0.13421700938965864,0.13061873244896857
TxPert_official_cell_gat_k562_all_fixed2000,K562,NUDC,top_true_de,100,106,2000,4950,0.23711372874782638,0.21805176762508255
TxPert_official_cell_gat_k562_all_fixed2000,K562,NUDCD3,top_true_de,100,108,2000,4950,0.1575123986541479,0.14772906091222476
TxPert_official_cell_gat_k562_all_fixed2000,K562,NUDT21,top_true_de,100,57,2000,4950,0.043473220214150676,0.0365853710256124
TxPert_official_cell_gat_k562_all_fixed2000,K562,NUF2,top_true_de,100,404,2000,4851,0.14377181166675826,0.14853066115746918
TxPert_official_cell_gat_k562_all_fixed2000,K562,NUFIP1,top_true_de,100,57,2000,4950,0.3326665165074943,0.2910485170834157
TxPert_official_cell_gat_k562_all_fixed2000,K562,NUMA1,top_true_de,100,203,2000,4851,0.1722386386545968,0.16060144045472358
TxPert_official_cell_gat_k562_all_fixed2000,K562,NUP107,top_true_de,100,237,2000,4950,0.26908813470449755,0.27676178118267303
TxPert_official_cell_gat_k562_all_fixed2000,K562,NUP133,top_true_de,100,70,2000,4950,0.2352752580027196,0.2138497333012292
TxPert_official_cell_gat_k562_all_fixed2000,K562,NUP160,top_true_de,100,234,2000,4950,0.14895988756083314,0.15039909585375658
TxPert_official_cell_gat_k562_all_fixed2000,K562,NUP54,top_true_de,100,266,2000,4950,0.22996531306777648,0.20941044525517763
TxPert_official_cell_gat_k562_all_fixed2000,K562,NUP62,top_true_de,100,86,2000,4851,0.10983227372770994,0.10532895115379665
TxPert_official_cell_gat_k562_all_fixed2000,K562,NUP85,top_true_de,100,107,2000,4950,0.22610539623974854,0.19204928434343602
TxPert_official_cell_gat_k562_all_fixed2000,K562,NUP88,top_true_de,100,35,2000,4950,0.08094609086523555,0.08382888346749175
TxPert_official_cell_gat_k562_all_fixed2000,K562,NUP98,top_true_de,100,410,2000,4950,0.12954168334357036,0.1436194911211202
TxPert_official_cell_gat_k562_all_fixed2000,K562,NUTF2,top_true_de,100,44,2000,4950,0.1063628035092161,0.10130020843006973
TxPert_official_cell_gat_k562_all_fixed2000,K562,NVL,top_true_de,100,105,2000,4950,0.2894188211581323,0.26806665017632636
TxPert_official_cell_gat_k562_all_fixed2000,K562,OGFOD1,top_true_de,100,101,2000,4950,0.1189971952639469,0.11860169463704187
TxPert_official_cell_gat_k562_all_fixed2000,K562,OGT,top_true_de,100,31,2000,4950,0.19667103064013894,0.17803737626677968
TxPert_official_cell_gat_k562_all_fixed2000,K562,OPA1,top_true_de,100,53,2000,4851,0.18287027568457456,0.15113761090430142
TxPert_official_cell_gat_k562_all_fixed2000,K562,ORC1,top_true_de,100,477,2000,4851,0.13552284997149644,0.14441737871749277
TxPert_official_cell_gat_k562_all_fixed2000,K562,ORC5,top_true_de,100,89,2000,4950,0.12018366628953374,0.11512058487412143
TxPert_official_cell_gat_k562_all_fixed2000,K562,OXA1L,top_true_de,100,305,2000,4950,0.44505247569064926,0.423040438792992
TxPert_official_cell_gat_k562_all_fixed2000,K562,PABPN1,top_true_de,100,93,2000,4950,0.08525391901192089,0.07694408506139422
TxPert_official_cell_gat_k562_all_fixed2000,K562,PAF1,top_true_de,100,229,2000,4950,0.06032581117290711,0.0618338983103377
TxPert_official_cell_gat_k562_all_fixed2000,K562,PAM16,top_true_de,100,43,2000,4851,0.13573298638360587,0.11420253190411285
TxPert_official_cell_gat_k562_all_fixed2000,K562,PAXBP1,top_true_de,100,114,2000,4950,0.14473390047384438,0.1284271646716277
TxPert_official_cell_gat_k562_all_fixed2000,K562,PCBP1,top_true_de,100,93,2000,4950,0.08498459057465689,0.08362292718375253
TxPert_official_cell_gat_k562_all_fixed2000,K562,PCF11,top_true_de,100,393,2000,4851,0.2022496646696433,0.24302622319836426
TxPert_official_cell_gat_k562_all_fixed2000,K562,PCID2,top_true_de,100,208,2000,4950,0.18162965181075585,0.17094958993217937
TxPert_official_cell_gat_k562_all_fixed2000,K562,PCNA,top_true_de,100,82,2000,4851,0.07609989264299433,0.07829487707252766
TxPert_official_cell_gat_k562_all_fixed2000,K562,PDAP1,top_true_de,100,38,2000,4950,0.09816609568198824,0.09410040957516827
TxPert_official_cell_gat_k562_all_fixed2000,K562,PDCD11,top_true_de,100,95,2000,4950,0.4137050873836604,0.41356396014953406
TxPert_official_cell_gat_k562_all_fixed2000,K562,PDCD2,top_true_de,100,59,2000,4950,0.3661378930488595,0.3454300259023548
TxPert_official_cell_gat_k562_all_fixed2000,K562,PDCD7,top_true_de,100,80,2000,4950,0.07964420916951896,0.06973887960892428
TxPert_official_cell_gat_k562_all_fixed2000,K562,PDRG1,top_true_de,100,111,2000,4851,0.17350035097043734,0.16482302276988467
TxPert_official_cell_gat_k562_all_fixed2000,K562,PELO,top_true_de,100,240,2000,4950,0.18807883385014532,0.18034636128215722
TxPert_official_cell_gat_k562_all_fixed2000,K562,PELP1,top_true_de,100,60,2000,4950,0.10780730041328147,0.09085417534783126
TxPert_official_cell_gat_k562_all_fixed2000,K562,PES1,top_true_de,100,54,2000,4950,0.029760316541887866,0.026338724408675553
TxPert_official_cell_gat_k562_all_fixed2000,K562,PET117,top_true_de,100,80,2000,4950,0.28338049023133466,0.24746869456915888
TxPert_official_cell_gat_k562_all_fixed2000,K562,PFDN2,top_true_de,100,77,2000,4950,0.1670198142272995,0.1622338274619056
TxPert_official_cell_gat_k562_all_fixed2000,K562,PFN1,top_true_de,100,239,2000,4950,0.27832191954217533,0.24082660229138997
TxPert_official_cell_gat_k562_all_fixed2000,K562,PGAM1,top_true_de,100,145,2000,4950,0.233545550229526,0.22118179047777936
TxPert_official_cell_gat_k562_all_fixed2000,K562,PGD,top_true_de,100,98,2000,4851,0.17213998854954787,0.15378521348374208
TxPert_official_cell_gat_k562_all_fixed2000,K562,PGPEP1,top_true_de,100,51,2000,4950,0.06896794625529581,0.06476578320365681
TxPert_official_cell_gat_k562_all_fixed2000,K562,PHAX,top_true_de,100,304,2000,4851,0.13682149337271168,0.13911896601662724
TxPert_official_cell_gat_k562_all_fixed2000,K562,PHB,top_true_de,100,217,2000,4950,0.12329325673650723,0.1237956559847098
TxPert_official_cell_gat_k562_all_fixed2000,K562,PHB2,top_true_de,100,292,2000,4950,0.14506627139112577,0.14504306905779096
TxPert_official_cell_gat_k562_all_fixed2000,K562,PHF5A,top_true_de,100,197,2000,4950,0.1352707691978241,0.12781015262850112
TxPert_official_cell_gat_k562_all_fixed2000,K562,PIAS4,top_true_de,100,173,2000,4950,0.15810762121849484,0.15434788639808583
TxPert_official_cell_gat_k562_all_fixed2000,K562,PKM,top_true_de,100,44,2000,4950,0.12226486409796894,0.11839188073812139
TxPert_official_cell_gat_k562_all_fixed2000,K562,PLRG1,top_true_de,100,80,2000,4950,0.09499487094767971,0.10148052507796955
TxPert_official_cell_gat_k562_all_fixed2000,K562,PMF1,top_true_de,100,255,2000,4950,0.12518671664360462,0.12472393938267275
TxPert_official_cell_gat_k562_all_fixed2000,K562,PMPCA,top_true_de,100,114,2000,4950,0.24264046863184596,0.22776102618608965
TxPert_official_cell_gat_k562_all_fixed2000,K562,PMPCB,top_true_de,100,471,2000,4950,0.27637150109356423,0.25900246491493606
TxPert_official_cell_gat_k562_all_fixed2000,K562,PNISR,top_true_de,100,89,2000,4950,0.16791519326054555,0.1629043441032218
TxPert_official_cell_gat_k562_all_fixed2000,K562,PNN,top_true_de,100,64,2000,4950,0.10053758824102205,0.09378599692046005
TxPert_official_cell_gat_k562_all_fixed2000,K562,PNO1,top_true_de,100,114,2000,4950,0.3877145037051374,0.3779206353233973
TxPert_official_cell_gat_k562_all_fixed2000,K562,PNPT1,top_true_de,100,112,2000,4950,0.39758415816811676,0.38996528956396476
TxPert_official_cell_gat_k562_all_fixed2000,K562,POLA1,top_true_de,100,195,2000,4950,0.10889416916610815,0.10530779381838856
TxPert_official_cell_gat_k562_all_fixed2000,K562,POLA2,top_true_de,100,212,2000,4950,0.15483922031998143,0.1503686649193693
TxPert_official_cell_gat_k562_all_fixed2000,K562,POLD1,top_true_de,100,197,2000,4950,0.14792866287195286,0.1362284005596673
TxPert_official_cell_gat_k562_all_fixed2000,K562,POLD2,top_true_de,100,63,2000,4950,0.08193195588780047,0.0784257647773112
TxPert_official_cell_gat_k562_all_fixed2000,K562,POLD3,top_true_de,100,65,2000,4950,0.14195033008913546,0.13190890655312712
TxPert_official_cell_gat_k562_all_fixed2000,K562,POLE,top_true_de,100,154,2000,4950,0.07274698650439912,0.08106922461874255
TxPert_official_cell_gat_k562_all_fixed2000,K562,POLR1A,top_true_de,100,115,2000,4950,0.12582943587330583,0.14316143369950163
TxPert_official_cell_gat_k562_all_fixed2000,K562,POLR1B,top_true_de,100,174,2000,4950,0.3218741254878432,0.31926112347919605
TxPert_official_cell_gat_k562_all_fixed2000,K562,POLR1C,top_true_de,100,161,2000,4950,0.2985996032819139,0.27976904134380637
TxPert_official_cell_gat_k562_all_fixed2000,K562,POLR1E,top_true_de,100,202,2000,4950,0.28401445362191924,0.23872615555983848
TxPert_official_cell_gat_k562_all_fixed2000,K562,POLR2A,top_true_de,100,264,2000,4851,0.12051006930564873,0.11808867847057465
TxPert_official_cell_gat_k562_all_fixed2000,K562,POLR2B,top_true_de,100,234,2000,4950,0.18688746473118836,0.19452520525652206
TxPert_official_cell_gat_k562_all_fixed2000,K562,POLR2C,top_true_de,100,145,2000,4950,0.134545299052514,0.1575986276734343
TxPert_official_cell_gat_k562_all_fixed2000,K562,POLR2D,top_true_de,100,182,2000,4950,0.11948815412060082,0.14148490543513106
TxPert_official_cell_gat_k562_all_fixed2000,K562,POLR2E,top_true_de,100,93,2000,4950,0.2318691476506781,0.20847195010969732
TxPert_official_cell_gat_k562_all_fixed2000,K562,POLR2F,top_true_de,100,209,2000,4950,0.16614033262790348,0.16643649014467185
TxPert_official_cell_gat_k562_all_fixed2000,K562,POLR2G,top_true_de,100,131,2000,4950,0.12317836397961905,0.11481271017962846
TxPert_official_cell_gat_k562_all_fixed2000,K562,POLR2H,top_true_de,100,80,2000,4950,0.2538720535456859,0.23677129684782042
TxPert_official_cell_gat_k562_all_fixed2000,K562,POLR2I,top_true_de,100,179,2000,4950,0.14716311483881447,0.13904852908466536
TxPert_official_cell_gat_k562_all_fixed2000,K562,POLR2L,top_true_de,100,43,2000,4851,0.2397411583766573,0.23113194764218833
TxPert_official_cell_gat_k562_all_fixed2000,K562,POLR3B,top_true_de,100,109,2000,4950,0.17038185607687367,0.15571270748318114
TxPert_official_cell_gat_k562_all_fixed2000,K562,POLR3C,top_true_de,100,169,2000,4851,0.1679153904547272,0.15168841933170935
TxPert_official_cell_gat_k562_all_fixed2000,K562,POLR3D,top_true_de,100,108,2000,4950,0.16340704724331215,0.1533185765206556
TxPert_official_cell_gat_k562_all_fixed2000,K562,POLR3E,top_true_de,100,192,2000,4950,0.19312411174526883,0.17887490706622008
TxPert_official_cell_gat_k562_all_fixed2000,K562,POLR3F,top_true_de,100,156,2000,4950,0.15693499921715617,0.13718632625260718
TxPert_official_cell_gat_k562_all_fixed2000,K562,POLRMT,top_true_de,100,208,2000,4950,0.39185053094499445,0.4008893674416019
TxPert_official_cell_gat_k562_all_fixed2000,K562,POP1,top_true_de,100,82,2000,4950,0.40796752645165346,0.3991512522865524
TxPert_official_cell_gat_k562_all_fixed2000,K562,POP4,top_true_de,100,116,2000,4950,0.37640365046352053,0.36282122684215945
TxPert_official_cell_gat_k562_all_fixed2000,K562,POP5,top_true_de,100,50,2000,4950,0.3495539161659949,0.34273382071738634
TxPert_official_cell_gat_k562_all_fixed2000,K562,POP7,top_true_de,100,196,2000,4950,0.4353394287192883,0.39580217971755743
TxPert_official_cell_gat_k562_all_fixed2000,K562,PPAN,top_true_de,100,87,2000,4950,0.15215438455951044,0.14113172706229354
TxPert_official_cell_gat_k562_all_fixed2000,K562,PPARGC1B,top_true_de,100,129,2000,4950,0.2062921394613705,0.19250455328015414
TxPert_official_cell_gat_k562_all_fixed2000,K562,PPIE,top_true_de,100,39,2000,4950,0.102068950040853,0.09125063321463286
TxPert_official_cell_gat_k562_all_fixed2000,K562,PPIH,top_true_de,100,93,2000,4851,0.1452646281198299,0.13029360688043562
TxPert_official_cell_gat_k562_all_fixed2000,K562,PPIL4,top_true_de,100,69,2000,4851,0.07770305783681251,0.07219152092010803
TxPert_official_cell_gat_k562_all_fixed2000,K562,PPP1CA,top_true_de,100,64,2000,4950,0.183007480869181,0.16141292388423747
TxPert_official_cell_gat_k562_all_fixed2000,K562,PPP1R11,top_true_de,100,69,2000,4950,0.10940069161075544,0.09913104361190656
TxPert_official_cell_gat_k562_all_fixed2000,K562,PPP1R8,top_true_de,100,64,2000,4950,0.18383857554904953,0.16271554930957954
TxPert_official_cell_gat_k562_all_fixed2000,K562,PPP2R1A,top_true_de,100,301,2000,4950,0.32113168316582624,0.31246370495441367
TxPert_official_cell_gat_k562_all_fixed2000,K562,PPP4C,top_true_de,100,128,2000,4950,0.17720619960068193,0.16411489748515654
TxPert_official_cell_gat_k562_all_fixed2000,K562,PPP4R2,top_true_de,100,162,2000,4851,0.1352142361702731,0.12484557416680818
TxPert_official_cell_gat_k562_all_fixed2000,K562,PPRC1,top_true_de,100,112,2000,4950,0.4664240830098146,0.4497717959546109
TxPert_official_cell_gat_k562_all_fixed2000,K562,PRELID1,top_true_de,100,122,2000,4950,0.16388469061740285,0.13371101300419364
TxPert_official_cell_gat_k562_all_fixed2000,K562,PRELID3B,top_true_de,100,235,2000,4950,0.2638682211381823,0.2429539726836545
TxPert_official_cell_gat_k562_all_fixed2000,K562,PRIM1,top_true_de,100,151,2000,4851,0.13381468453225595,0.1265242428883495
TxPert_official_cell_gat_k562_all_fixed2000,K562,PRIM2,top_true_de,100,149,2000,4950,0.12487625097486683,0.11910007586152617
TxPert_official_cell_gat_k562_all_fixed2000,K562,PRMT1,top_true_de,100,44,2000,4950,0.20962281037798716,0.18337111210203866
TxPert_official_cell_gat_k562_all_fixed2000,K562,PRMT5,top_true_de,100,92,2000,4950,0.11493232549368745,0.10965898982323592
TxPert_official_cell_gat_k562_all_fixed2000,K562,PRPF18,top_true_de,100,256,2000,4950,0.1320087228490941,0.14146865091498448
TxPert_official_cell_gat_k562_all_fixed2000,K562,PRPF19,top_true_de,100,98,2000,4950,0.12571204213856824,0.12122071298882119
TxPert_official_cell_gat_k562_all_fixed2000,K562,PRPF3,top_true_de,100,129,2000,4950,0.12728027937186928,0.12513779342187983
TxPert_official_cell_gat_k562_all_fixed2000,K562,PRPF31,top_true_de,100,23,2000,4950,0.11269258915268544,0.1153006038158381
TxPert_official_cell_gat_k562_all_fixed2000,K562,PRPF4,top_true_de,100,101,2000,4950,0.132336012385097,0.13211237819234087
TxPert_official_cell_gat_k562_all_fixed2000,K562,PRPF40A,top_true_de,100,96,2000,4950,0.1431711847349132,0.13409454870111595
TxPert_official_cell_gat_k562_all_fixed2000,K562,PRPF6,top_true_de,100,172,2000,4950,0.20348131522284635,0.19329145414180737
TxPert_official_cell_gat_k562_all_fixed2000,K562,PRPF8,top_true_de,100,91,2000,4950,0.1667690906378923,0.16787851517933047
TxPert_official_cell_gat_k562_all_fixed2000,K562,PRRC2A,top_true_de,100,82,2000,4950,0.4430236267840286,0.40186823833270174
TxPert_official_cell_gat_k562_all_fixed2000,K562,PSMA1,top_true_de,100,56,2000,4950,0.2081684560992876,0.21793446931121738
TxPert_official_cell_gat_k562_all_fixed2000,K562,PSMA2,top_true_de,100,38,2000,4950,0.035635314046690465,0.036992261470838936
TxPert_official_cell_gat_k562_all_fixed2000,K562,PSMA3,top_true_de,100,194,2000,4950,0.28761293022371176,0.3006421741271814
TxPert_official_cell_gat_k562_all_fixed2000,K562,PSMA4,top_true_de,100,274,2000,4950,0.22266267753740704,0.25023128763933483
TxPert_official_cell_gat_k562_all_fixed2000,K562,PSMA6,top_true_de,100,18,2000,4950,0.0684658653633753,0.07257887440688222
TxPert_official_cell_gat_k562_all_fixed2000,K562,PSMA7,top_true_de,100,22,2000,4950,0.07249065582765798,0.07106310550263266
TxPert_official_cell_gat_k562_all_fixed2000,K562,PSMB1,top_true_de,100,106,2000,4950,0.2883973273493659,0.2880409727706845
TxPert_official_cell_gat_k562_all_fixed2000,K562,PSMB2,top_true_de,100,46,2000,4950,0.19954909340509613,0.2021166701849843
TxPert_official_cell_gat_k562_all_fixed2000,K562,PSMB3,top_true_de,100,19,2000,4950,0.07478934479264363,0.07158849527713046
TxPert_official_cell_gat_k562_all_fixed2000,K562,PSMB5,top_true_de,100,198,2000,4950,0.27374204542289715,0.26341027594900834
TxPert_official_cell_gat_k562_all_fixed2000,K562,PSMB6,top_true_de,100,77,2000,4950,0.17313369424812247,0.18984860560920372
TxPert_official_cell_gat_k562_all_fixed2000,K562,PSMB7,top_true_de,100,188,2000,4950,0.19882180184766418,0.2044849408786401
TxPert_official_cell_gat_k562_all_fixed2000,K562,PSMC1,top_true_de,100,177,2000,4950,0.24136564432766658,0.2576079677968085
TxPert_official_cell_gat_k562_all_fixed2000,K562,PSMC2,top_true_de,100,279,2000,4950,0.19469297789778803,0.20359328078282454
TxPert_official_cell_gat_k562_all_fixed2000,K562,PSMC3,top_true_de,100,23,2000,4950,0.1051073265103919,0.09483292162455458
TxPert_official_cell_gat_k562_all_fixed2000,K562,PSMC4,top_true_de,100,149,2000,4950,0.19506255800456593,0.19822261384750006
TxPert_official_cell_gat_k562_all_fixed2000,K562,PSMC6,top_true_de,100,65,2000,4950,0.1419058666842205,0.14360912295171
TxPert_official_cell_gat_k562_all_fixed2000,K562,PSMD1,top_true_de,100,87,2000,4950,0.18085736420783766,0.1863740944558472
TxPert_official_cell_gat_k562_all_fixed2000,K562,PSMD11,top_true_de,100,40,2000,4950,0.1878269554666081,0.18119391347128969
TxPert_official_cell_gat_k562_all_fixed2000,K562,PSMD12,top_true_de,100,116,2000,4950,0.28197938368366715,0.29587985003884576
TxPert_official_cell_gat_k562_all_fixed2000,K562,PSMD13,top_true_de,100,96,2000,4950,0.2494744409672938,0.22990685535109426
TxPert_official_cell_gat_k562_all_fixed2000,K562,PSMD2,top_true_de,100,34,2000,4950,0.17303602569364793,0.17969154807310456
TxPert_official_cell_gat_k562_all_fixed2000,K562,PSMD3,top_true_de,100,30,2000,4950,0.2079607097569709,0.19036855663109495
TxPert_official_cell_gat_k562_all_fixed2000,K562,PSMD4,top_true_de,100,285,2000,4950,0.3540377893099838,0.3271501256037004
TxPert_official_cell_gat_k562_all_fixed2000,K562,PSMD6,top_true_de,100,282,2000,4950,0.325615445929285,0.3518190580306015
TxPert_official_cell_gat_k562_all_fixed2000,K562,PSMD7,top_true_de,100,175,2000,4950,0.29328304491761703,0.29816862041852804
TxPert_official_cell_gat_k562_all_fixed2000,K562,PSMG3,top_true_de,100,324,2000,4950,0.14386978853192117,0.13681820736288605
TxPert_official_cell_gat_k562_all_fixed2000,K562,PSMG4,top_true_de,100,44,2000,4851,0.24693068473535232,0.24906711054430838
TxPert_official_cell_gat_k562_all_fixed2000,K562,PTBP1,top_true_de,100,87,2000,4950,0.16296671355847564,0.14445974896460373
TxPert_official_cell_gat_k562_all_fixed2000,K562,PTCD1,top_true_de,100,246,2000,4950,0.33322532424017876,0.33228280578089747
TxPert_official_cell_gat_k562_all_fixed2000,K562,PUF60,top_true_de,100,52,2000,4950,0.13991467959666562,0.12821744644631278
TxPert_official_cell_gat_k562_all_fixed2000,K562,PWP2,top_true_de,100,51,2000,4950,0.3982259735301369,0.3865093266238234
TxPert_official_cell_gat_k562_all_fixed2000,K562,QARS,top_true_de,100,376,2000,4851,0.24291415369051478,0.23285649158305108
TxPert_official_cell_gat_k562_all_fixed2000,K562,RABGGTA,top_true_de,100,114,2000,4950,0.14542521653502322,0.1261449639125059
TxPert_official_cell_gat_k562_all_fixed2000,K562,RACGAP1,top_true_de,100,162,2000,4851,0.236428324925875,0.2277061316533311
TxPert_official_cell_gat_k562_all_fixed2000,K562,RAD21,top_true_de,100,62,2000,4851,0.07300072339487015,0.07196932896908738
TxPert_official_cell_gat_k562_all_fixed2000,K562,RAD51,top_true_de,100,227,2000,4950,0.21638094421205015,0.22075531336001622
TxPert_official_cell_gat_k562_all_fixed2000,K562,RAD51C,top_true_de,100,59,2000,4950,0.19902709552335318,0.1930488938489436
TxPert_official_cell_gat_k562_all_fixed2000,K562,RAE1,top_true_de,100,51,2000,4950,0.17829215639186038,0.1714803708698274
TxPert_official_cell_gat_k562_all_fixed2000,K562,RAN,top_true_de,100,79,2000,4950,0.1886391124884566,0.17814381270772714
TxPert_official_cell_gat_k562_all_fixed2000,K562,RANGAP1,top_true_de,100,120,2000,4950,0.25879036407529693,0.21135612573207077
TxPert_official_cell_gat_k562_all_fixed2000,K562,RARS,top_true_de,100,334,2000,4851,0.21070925505521576,0.19028464325493202
TxPert_official_cell_gat_k562_all_fixed2000,K562,RARS2,top_true_de,100,139,2000,4851,0.1779727357752934,0.1702639724638518
TxPert_official_cell_gat_k562_all_fixed2000,K562,RBBP4,top_true_de,100,65,2000,4950,0.18913611586084006,0.17769709424085245
TxPert_official_cell_gat_k562_all_fixed2000,K562,RBBP6,top_true_de,100,70,2000,4851,0.12618034560795807,0.11895181873638142
TxPert_official_cell_gat_k562_all_fixed2000,K562,RBBP8,top_true_de,100,114,2000,4950,0.18145731250623098,0.17004173695495178
TxPert_official_cell_gat_k562_all_fixed2000,K562,RBM14,top_true_de,100,199,2000,4950,0.129915596568327,0.13395140228782623
TxPert_official_cell_gat_k562_all_fixed2000,K562,RBM17,top_true_de,100,50,2000,4950,0.19922358025830963,0.1684237598488516
TxPert_official_cell_gat_k562_all_fixed2000,K562,RBM19,top_true_de,100,37,2000,4950,0.30058424650122817,0.28162056316266865
TxPert_official_cell_gat_k562_all_fixed2000,K562,RBM25,top_true_de,100,53,2000,4950,0.15700399422690953,0.1526621596161817
TxPert_official_cell_gat_k562_all_fixed2000,K562,RBM28,top_true_de,100,55,2000,4950,0.14704834118692986,0.13117901934423218
TxPert_official_cell_gat_k562_all_fixed2000,K562,RBM39,top_true_de,100,49,2000,4950,0.2038688987962962,0.1926532092860727
TxPert_official_cell_gat_k562_all_fixed2000,K562,RBM4,top_true_de,100,128,2000,4950,0.2478261865992655,0.20682688856769382
TxPert_official_cell_gat_k562_all_fixed2000,K562,RBM42,top_true_de,100,68,2000,4851,0.15592581908637154,0.13731361972752798
TxPert_official_cell_gat_k562_all_fixed2000,K562,RBM48,top_true_de,100,55,2000,4950,0.1535416402730892,0.1515397556598268
TxPert_official_cell_gat_k562_all_fixed2000,K562,RBM8A,top_true_de,100,17,2000,4950,0.15499940858293362,0.15424539829899625
TxPert_official_cell_gat_k562_all_fixed2000,K562,RBMX,top_true_de,100,110,2000,4950,0.1433031066329868,0.13680099422685105
TxPert_official_cell_gat_k562_all_fixed2000,K562,RBMX2,top_true_de,100,225,2000,4950,0.18668468658906948,0.19164604275298983
TxPert_official_cell_gat_k562_all_fixed2000,K562,RBX1,top_true_de,100,41,2000,4950,0.125962230305836,0.12269459733412692
TxPert_official_cell_gat_k562_all_fixed2000,K562,RCC1,top_true_de,100,162,2000,4950,0.2612910368543451,0.25135716424086146
TxPert_official_cell_gat_k562_all_fixed2000,K562,RCL1,top_true_de,100,104,2000,4950,0.3157481956143829,0.30813901172556585
TxPert_official_cell_gat_k562_all_fixed2000,K562,REXO2,top_true_de,100,65,2000,4950,0.09095625569481579,0.08581454344099695
TxPert_official_cell_gat_k562_all_fixed2000,K562,RFC1,top_true_de,100,108,2000,4950,0.1285294722679382,0.12563705955301152
TxPert_official_cell_gat_k562_all_fixed2000,K562,RFC2,top_true_de,100,85,2000,4851,0.15351314849349082,0.14750011627641915
TxPert_official_cell_gat_k562_all_fixed2000,K562,RFC3,top_true_de,100,211,2000,4950,0.17097669616099823,0.16817858272952135
TxPert_official_cell_gat_k562_all_fixed2000,K562,RFC4,top_true_de,100,58,2000,4851,0.13618518542340996,0.12572379018479013
TxPert_official_cell_gat_k562_all_fixed2000,K562,RFC5,top_true_de,100,101,2000,4950,0.11446629502026308,0.09926735960254253
TxPert_official_cell_gat_k562_all_fixed2000,K562,RINT1,top_true_de,100,143,2000,4950,0.1974972398252446,0.18010941783134157
TxPert_official_cell_gat_k562_all_fixed2000,K562,RIOK1,top_true_de,100,290,2000,4950,0.4249427731323007,0.38719653806196114
TxPert_official_cell_gat_k562_all_fixed2000,K562,RIOK2,top_true_de,100,161,2000,4950,0.412524435423509,0.40143386937921316
TxPert_official_cell_gat_k562_all_fixed2000,K562,RMI1,top_true_de,100,195,2000,4851,0.24444442273853284,0.24616515197741898
TxPert_official_cell_gat_k562_all_fixed2000,K562,RNASEH2C,top_true_de,100,89,2000,4851,0.15904118985986268,0.1487833851490701
TxPert_official_cell_gat_k562_all_fixed2000,K562,RNF113A,top_true_de,100,170,2000,4950,0.1258904884822949,0.13557417840968344
TxPert_official_cell_gat_k562_all_fixed2000,K562,RNF20,top_true_de,100,118,2000,4950,0.12309486776305367,0.11816429252354786
TxPert_official_cell_gat_k562_all_fixed2000,K562,RNF40,top_true_de,100,185,2000,4950,0.21322838217117718,0.20540712134931804
TxPert_official_cell_gat_k562_all_fixed2000,K562,RNGTT,top_true_de,100,110,2000,4851,0.16297650230552216,0.14643347690324054
TxPert_official_cell_gat_k562_all_fixed2000,K562,RNMT,top_true_de,100,106,2000,4950,0.47233176615129946,0.4374324683940988
TxPert_official_cell_gat_k562_all_fixed2000,K562,RNPC3,top_true_de,100,74,2000,4950,0.09592116710428401,0.08389536188149871
TxPert_official_cell_gat_k562_all_fixed2000,K562,RNPS1,top_true_de,100,51,2000,4950,0.1601156668752289,0.15275942989251087
TxPert_official_cell_gat_k562_all_fixed2000,K562,ROMO1,top_true_de,100,80,2000,4851,0.22451829894816175,0.17452360882248444
TxPert_official_cell_gat_k562_all_fixed2000,K562,RPA1,top_true_de,100,337,2000,4950,0.102171424706752,0.11792576833106125
TxPert_official_cell_gat_k562_all_fixed2000,K562,RPA2,top_true_de,100,177,2000,4950,0.07648039985531185,0.07693465285093795
TxPert_official_cell_gat_k562_all_fixed2000,K562,RPA3,top_true_de,100,158,2000,4851,0.21035966196937672,0.20189218507724335
TxPert_official_cell_gat_k562_all_fixed2000,K562,RPAP1,top_true_de,100,88,2000,4950,0.09355558489125897,0.08463372120088276
TxPert_official_cell_gat_k562_all_fixed2000,K562,RPAP2,top_true_de,100,373,2000,4950,0.12469939960086893,0.1304049932608791
TxPert_official_cell_gat_k562_all_fixed2000,K562,RPF1,top_true_de,100,108,2000,4950,0.12610395486458234,0.1106051128363138
TxPert_official_cell_gat_k562_all_fixed2000,K562,RPF2,top_true_de,100,59,2000,4851,0.14113512390432675,0.12828388751208186
TxPert_official_cell_gat_k562_all_fixed2000,K562,RPL10,top_true_de,100,215,2000,4950,0.08240059160679979,0.08488788095376794
TxPert_official_cell_gat_k562_all_fixed2000,K562,RPL10A,top_true_de,100,195,2000,4950,0.08521378476692985,0.07016329702335729
TxPert_official_cell_gat_k562_all_fixed2000,K562,RPL11,top_true_de,100,315,2000,4950,0.09161226216511975,0.0812318947796329
TxPert_official_cell_gat_k562_all_fixed2000,K562,RPL12,top_true_de,100,185,2000,4950,0.1357462865002852,0.13964550240488952
TxPert_official_cell_gat_k562_all_fixed2000,K562,RPL13,top_true_de,100,243,2000,4950,0.08202041046086611,0.08836023178325976
TxPert_official_cell_gat_k562_all_fixed2000,K562,RPL13A,top_true_de,100,113,2000,4950,0.1131096860061873,0.0973978019733638
TxPert_official_cell_gat_k562_all_fixed2000,K562,RPL14,top_true_de,100,189,2000,4950,0.1193621315914338,0.11054159426882548
TxPert_official_cell_gat_k562_all_fixed2000,K562,RPL15,top_true_de,100,137,2000,4950,0.053499498880122856,0.06977391563945448
TxPert_official_cell_gat_k562_all_fixed2000,K562,RPL17,top_true_de,100,134,2000,4950,0.09538138636671022,0.08099553744095714
TxPert_official_cell_gat_k562_all_fixed2000,K562,RPL18,top_true_de,100,229,2000,4950,0.0905508493082565,0.07615681891850863
TxPert_official_cell_gat_k562_all_fixed2000,K562,RPL18A,top_true_de,100,58,2000,4950,0.10411521231018656,0.09299429209612084
TxPert_official_cell_gat_k562_all_fixed2000,K562,RPL19,top_true_de,100,226,2000,4950,0.09479810474103038,0.09396727802162445
TxPert_official_cell_gat_k562_all_fixed2000,K562,RPL21,top_true_de,100,214,2000,4950,0.09931544134237726,0.09174495093275375
TxPert_official_cell_gat_k562_all_fixed2000,K562,RPL23,top_true_de,100,361,2000,4950,0.08800337612606311,0.07213258820265761
TxPert_official_cell_gat_k562_all_fixed2000,K562,RPL23A,top_true_de,100,84,2000,4950,0.09360658622091551,0.07586005700516876
TxPert_official_cell_gat_k562_all_fixed2000,K562,RPL24,top_true_de,100,431,2000,4950,0.10084298784690797,0.09522357080740411
TxPert_official_cell_gat_k562_all_fixed2000,K562,RPL26,top_true_de,100,194,2000,4950,0.14949379352694772,0.13764379578119146
TxPert_official_cell_gat_k562_all_fixed2000,K562,RPL27,top_true_de,100,38,2000,4950,0.16046318375812646,0.15339345640300656
TxPert_official_cell_gat_k562_all_fixed2000,K562,RPL27A,top_true_de,100,174,2000,4950,0.12251469390279249,0.10118729230372983
TxPert_official_cell_gat_k562_all_fixed2000,K562,RPL30,top_true_de,100,334,2000,4950,0.09104594847866576,0.08767116366375527
TxPert_official_cell_gat_k562_all_fixed2000,K562,RPL31,top_true_de,100,250,2000,4950,0.1522469975431729,0.13894527727868725
TxPert_official_cell_gat_k562_all_fixed2000,K562,RPL32,top_true_de,100,158,2000,4950,0.06683427357959251,0.06396360127853229
TxPert_official_cell_gat_k562_all_fixed2000,K562,RPL34,top_true_de,100,249,2000,4950,0.11386527110796377,0.10034622375753294
TxPert_official_cell_gat_k562_all_fixed2000,K562,RPL35,top_true_de,100,36,2000,4950,0.11027645997225836,0.1014974174551326
TxPert_official_cell_gat_k562_all_fixed2000,K562,RPL35A,top_true_de,100,97,2000,4950,0.06660408640560896,0.054728146708627544
TxPert_official_cell_gat_k562_all_fixed2000,K562,RPL36,top_true_de,100,187,2000,4950,0.096517675953975,0.07957310857693875
TxPert_official_cell_gat_k562_all_fixed2000,K562,RPL36A,top_true_de,100,76,2000,4950,0.19045318079565804,0.16715458971236877
TxPert_official_cell_gat_k562_all_fixed2000,K562,RPL37,top_true_de,100,311,2000,4950,0.11353651109042637,0.10410154198903744
TxPert_official_cell_gat_k562_all_fixed2000,K562,RPL37A,top_true_de,100,295,2000,4950,0.0866119712156123,0.08012292885890634
TxPert_official_cell_gat_k562_all_fixed2000,K562,RPL38,top_true_de,100,169,2000,4950,0.10549690050514911,0.09345353153693844
TxPert_official_cell_gat_k562_all_fixed2000,K562,RPL39,top_true_de,100,31,2000,4950,0.11146094988989705,0.10579285029191708
TxPert_official_cell_gat_k562_all_fixed2000,K562,RPL4,top_true_de,100,257,2000,4950,0.09078184387057173,0.0836361122334353
TxPert_official_cell_gat_k562_all_fixed2000,K562,RPL5,top_true_de,100,154,2000,4950,0.08464861739071501,0.07835117498287282
TxPert_official_cell_gat_k562_all_fixed2000,K562,RPL6,top_true_de,100,247,2000,4950,0.11370432642081815,0.09250772591882084
TxPert_official_cell_gat_k562_all_fixed2000,K562,RPL7,top_true_de,100,237,2000,4950,0.10630829889364206,0.08567974111167562
TxPert_official_cell_gat_k562_all_fixed2000,K562,RPL7L1,top_true_de,100,23,2000,4950,0.07069060576264406,0.06819240828282762
TxPert_official_cell_gat_k562_all_fixed2000,K562,RPL8,top_true_de,100,290,2000,4950,0.12130140912418841,0.11323713864302723
TxPert_official_cell_gat_k562_all_fixed2000,K562,RPL9,top_true_de,100,180,2000,4950,0.07946144570341437,0.07065988983409405
TxPert_official_cell_gat_k562_all_fixed2000,K562,RPLP0,top_true_de,100,136,2000,4950,0.10246634172919201,0.09066601118868928
TxPert_official_cell_gat_k562_all_fixed2000,K562,RPLP1,top_true_de,100,96,2000,4950,0.1690677696999966,0.1580141822689311
TxPert_official_cell_gat_k562_all_fixed2000,K562,RPLP2,top_true_de,100,199,2000,4950,0.24585203402891492,0.2196746941335793
TxPert_official_cell_gat_k562_all_fixed2000,K562,RPP14,top_true_de,100,53,2000,4950,0.26646457163375314,0.2683509759060852
TxPert_official_cell_gat_k562_all_fixed2000,K562,RPP30,top_true_de,100,97,2000,4950,0.4211520763320404,0.3978433641203352
TxPert_official_cell_gat_k562_all_fixed2000,K562,RPP38,top_true_de,100,49,2000,4950,0.35185896356007046,0.34055427130600885
TxPert_official_cell_gat_k562_all_fixed2000,K562,RPP40,top_true_de,100,78,2000,4950,0.36843687037419715,0.3622344839688441
TxPert_official_cell_gat_k562_all_fixed2000,K562,RPS10,top_true_de,100,93,2000,4950,0.2956321960905567,0.2789808362738095
TxPert_official_cell_gat_k562_all_fixed2000,K562,RPS11,top_true_de,100,233,2000,4950,0.3151493525170351,0.31291277657644284
TxPert_official_cell_gat_k562_all_fixed2000,K562,RPS12,top_true_de,100,424,2000,4950,0.34564377981630184,0.3454729771181149
TxPert_official_cell_gat_k562_all_fixed2000,K562,RPS13,top_true_de,100,127,2000,4950,0.3169081916811224,0.3097728703533711
TxPert_official_cell_gat_k562_all_fixed2000,K562,RPS14,top_true_de,100,156,2000,4950,0.27588856369904086,0.28240558913825664
TxPert_official_cell_gat_k562_all_fixed2000,K562,RPS15,top_true_de,100,18,2000,4950,0.12418848095412846,0.11651723064136138
TxPert_official_cell_gat_k562_all_fixed2000,K562,RPS15A,top_true_de,100,257,2000,4950,0.28884399975322456,0.29768966420094284
TxPert_official_cell_gat_k562_all_fixed2000,K562,RPS16,top_true_de,100,54,2000,4950,0.23400162521303827,0.23905616410057526
TxPert_official_cell_gat_k562_all_fixed2000,K562,RPS17,top_true_de,100,159,2000,4950,0.32891449163389225,0.30594886440939856
TxPert_official_cell_gat_k562_all_fixed2000,K562,RPS18,top_true_de,100,119,2000,4950,0.31104975305427357,0.31560242579437475
TxPert_official_cell_gat_k562_all_fixed2000,K562,RPS19,top_true_de,100,410,2000,4950,0.31446467862494787,0.3237068457978325
TxPert_official_cell_gat_k562_all_fixed2000,K562,RPS19BP1,top_true_de,100,50,2000,4950,0.280016722529145,0.282147519233805
TxPert_official_cell_gat_k562_all_fixed2000,K562,RPS2,top_true_de,100,50,2000,4950,0.1927878766737179,0.17777526699697777
TxPert_official_cell_gat_k562_all_fixed2000,K562,RPS20,top_true_de,100,179,2000,4950,0.28457572308931334,0.2845698009922344
TxPert_official_cell_gat_k562_all_fixed2000,K562,RPS21,top_true_de,100,63,2000,4950,0.2646093417314103,0.27597899250516394
TxPert_official_cell_gat_k562_all_fixed2000,K562,RPS23,top_true_de,100,98,2000,4950,0.28630552394288666,0.2885415682405589
TxPert_official_cell_gat_k562_all_fixed2000,K562,RPS24,top_true_de,100,213,2000,4950,0.28531997078841814,0.27957088775213323
TxPert_official_cell_gat_k562_all_fixed2000,K562,RPS26,top_true_de,100,73,2000,4950,0.263144493403655,0.24662280543859477
TxPert_official_cell_gat_k562_all_fixed2000,K562,RPS27,top_true_de,100,161,2000,4950,0.294624473468568,0.30058974489240314
TxPert_official_cell_gat_k562_all_fixed2000,K562,RPS27A,top_true_de,100,88,2000,4950,0.2661938673649432,0.27159873240239324
TxPert_official_cell_gat_k562_all_fixed2000,K562,RPS28,top_true_de,100,262,2000,4950,0.33890959054406183,0.3501740181561468
TxPert_official_cell_gat_k562_all_fixed2000,K562,RPS29,top_true_de,100,211,2000,4950,0.2869945882904283,0.28606373385536193
TxPert_official_cell_gat_k562_all_fixed2000,K562,RPS3,top_true_de,100,252,2000,4950,0.3009657428241709,0.288652327604823
TxPert_official_cell_gat_k562_all_fixed2000,K562,RPS3A,top_true_de,100,120,2000,4950,0.22096433883343364,0.22526695024169993
TxPert_official_cell_gat_k562_all_fixed2000,K562,RPS4X,top_true_de,100,175,2000,4950,0.31846821732837033,0.3091245222857398
TxPert_official_cell_gat_k562_all_fixed2000,K562,RPS5,top_true_de,100,127,2000,4950,0.29568092674651325,0.293185010799894
TxPert_official_cell_gat_k562_all_fixed2000,K562,RPS6,top_true_de,100,165,2000,4950,0.3130113001822833,0.30113114193953944
TxPert_official_cell_gat_k562_all_fixed2000,K562,RPS7,top_true_de,100,244,2000,4950,0.3048460404811296,0.29666778263199706
TxPert_official_cell_gat_k562_all_fixed2000,K562,RPS9,top_true_de,100,217,2000,4950,0.36378688207611337,0.35215136441982725
TxPert_official_cell_gat_k562_all_fixed2000,K562,RPSA,top_true_de,100,191,2000,4950,0.30107914973091804,0.29801529530320614
TxPert_official_cell_gat_k562_all_fixed2000,K562,RPTOR,top_true_de,100,81,2000,4950,0.22093672781926404,0.19185658602711203
TxPert_official_cell_gat_k562_all_fixed2000,K562,RPUSD4,top_true_de,100,118,2000,4950,0.16270009778755892,0.1553256365129668
TxPert_official_cell_gat_k562_all_fixed2000,K562,RRM1,top_true_de,100,65,2000,4851,0.06747679892613115,0.06926243579653438
TxPert_official_cell_gat_k562_all_fixed2000,K562,RRN3,top_true_de,100,38,2000,4950,0.17173742462515962,0.16387414727358907
TxPert_official_cell_gat_k562_all_fixed2000,K562,RRP1,top_true_de,100,90,2000,4851,0.21481918892487448,0.20206417893839507
TxPert_official_cell_gat_k562_all_fixed2000,K562,RRP12,top_true_de,100,191,2000,4950,0.40421278869489013,0.3974963230064694
TxPert_official_cell_gat_k562_all_fixed2000,K562,RRP7A,top_true_de,100,40,2000,4950,0.2638008467578926,0.2658668734651155
TxPert_official_cell_gat_k562_all_fixed2000,K562,RRP9,top_true_de,100,92,2000,4851,0.34680637045936075,0.34140003820184295
TxPert_official_cell_gat_k562_all_fixed2000,K562,RRS1,top_true_de,100,64,2000,4950,0.11324815865662279,0.1051715124562551
TxPert_official_cell_gat_k562_all_fixed2000,K562,RSL1D1,top_true_de,100,124,2000,4950,0.2263051664006699,0.21007031185107303
TxPert_official_cell_gat_k562_all_fixed2000,K562,RSL24D1,top_true_de,100,116,2000,4950,0.1359574732454887,0.12574611272148692
TxPert_official_cell_gat_k562_all_fixed2000,K562,RTCB,top_true_de,100,152,2000,4950,0.3284133691222551,0.29418865462488436
TxPert_official_cell_gat_k562_all_fixed2000,K562,RTF1,top_true_de,100,53,2000,4950,0.23917252579640558,0.22569082408758184
TxPert_official_cell_gat_k562_all_fixed2000,K562,RUVBL1,top_true_de,100,171,2000,4950,0.1065380783866403,0.10065042248807503
TxPert_official_cell_gat_k562_all_fixed2000,K562,SAE1,top_true_de,100,104,2000,4950,0.23200720506263908,0.21805866651323266
TxPert_official_cell_gat_k562_all_fixed2000,K562,SAMM50,top_true_de,100,94,2000,4950,0.26885053897477185,0.24403429786463568
TxPert_official_cell_gat_k562_all_fixed2000,K562,SAP130,top_true_de,100,99,2000,4950,0.12680799567638099,0.11130485919873401
TxPert_official_cell_gat_k562_all_fixed2000,K562,SAP18,top_true_de,100,40,2000,4851,0.4040104215422868,0.3828830564283143
TxPert_official_cell_gat_k562_all_fixed2000,K562,SARS,top_true_de,100,24,2000,4851,0.07721584092165316,0.06334421766815314
TxPert_official_cell_gat_k562_all_fixed2000,K562,SARS2,top_true_de,100,150,2000,4950,0.20681162526317198,0.1865936201656472
TxPert_official_cell_gat_k562_all_fixed2000,K562,SART1,top_true_de,100,247,2000,4950,0.16247470360040284,0.15215182087295984
TxPert_official_cell_gat_k562_all_fixed2000,K562,SART3,top_true_de,100,142,2000,4950,0.30759029419209494,0.27419686670005416
TxPert_official_cell_gat_k562_all_fixed2000,K562,SBNO1,top_true_de,100,127,2000,4851,0.319373828869639,0.288825309519313
TxPert_official_cell_gat_k562_all_fixed2000,K562,SCAF1,top_true_de,100,158,2000,4950,0.12320985517467485,0.13264042713901683
TxPert_official_cell_gat_k562_all_fixed2000,K562,SCFD1,top_true_de,100,103,2000,4950,0.146158832413437,0.13926074036428493
TxPert_official_cell_gat_k562_all_fixed2000,K562,SDAD1,top_true_de,100,210,2000,4950,0.26334524820648775,0.24406672508272426
TxPert_official_cell_gat_k562_all_fixed2000,K562,SDC1,top_true_de,100,170,2000,4950,0.21339466274025223,0.2099285122886544
TxPert_official_cell_gat_k562_all_fixed2000,K562,SDE2,top_true_de,100,134,2000,4851,0.16297057486456654,0.15542213349140516
TxPert_official_cell_gat_k562_all_fixed2000,K562,SDHC,top_true_de,100,91,2000,4950,0.18940666894110547,0.18273270350295634
TxPert_official_cell_gat_k562_all_fixed2000,K562,SEC13,top_true_de,100,43,2000,4950,0.1654162052351765,0.1595003434077677
TxPert_official_cell_gat_k562_all_fixed2000,K562,SEC61A1,top_true_de,100,129,2000,4851,0.0858507667361111,0.07902415268181569
TxPert_official_cell_gat_k562_all_fixed2000,K562,SEC61G,top_true_de,100,74,2000,4950,0.06983361137322182,0.06523600927893974
TxPert_official_cell_gat_k562_all_fixed2000,K562,SEH1L,top_true_de,100,59,2000,4950,0.14459909396713516,0.1283276719380065
TxPert_official_cell_gat_k562_all_fixed2000,K562,SERBP1,top_true_de,100,94,2000,4950,0.21524183659362073,0.21207111298889933
TxPert_official_cell_gat_k562_all_fixed2000,K562,SETD1A,top_true_de,100,60,2000,4950,0.10648948174812406,0.10551766233140446
TxPert_official_cell_gat_k562_all_fixed2000,K562,SETDB1,top_true_de,100,123,2000,4950,0.10542618222594526,0.0857925525609993
TxPert_official_cell_gat_k562_all_fixed2000,K562,SF1,top_true_de,100,18,2000,4950,0.06894350517059723,0.06987717516264175
TxPert_official_cell_gat_k562_all_fixed2000,K562,SF3A1,top_true_de,100,165,2000,4950,0.08880728212986018,0.09260134377858081
TxPert_official_cell_gat_k562_all_fixed2000,K562,SF3A2,top_true_de,100,236,2000,4950,0.12303254499204301,0.1325582390596159
TxPert_official_cell_gat_k562_all_fixed2000,K562,SF3B2,top_true_de,100,197,2000,4950,0.08720187130531577,0.09791799519689559
TxPert_official_cell_gat_k562_all_fixed2000,K562,SF3B3,top_true_de,100,215,2000,4950,0.11353730001566738,0.11805982654333264
TxPert_official_cell_gat_k562_all_fixed2000,K562,SF3B4,top_true_de,100,163,2000,4851,0.13139287640544345,0.14589752767976652
TxPert_official_cell_gat_k562_all_fixed2000,K562,SF3B5,top_true_de,100,55,2000,4950,0.07894248756499622,0.09160566579537273
TxPert_official_cell_gat_k562_all_fixed2000,K562,SFPQ,top_true_de,100,185,2000,4950,0.14734403191100853,0.14117735990928923
TxPert_official_cell_gat_k562_all_fixed2000,K562,SFSWAP,top_true_de,100,145,2000,4851,0.22120171857400092,0.19692369917986616
TxPert_official_cell_gat_k562_all_fixed2000,K562,SIN3A,top_true_de,100,217,2000,4851,0.1361451822932895,0.13306663809070848
TxPert_official_cell_gat_k562_all_fixed2000,K562,SKA3,top_true_de,100,109,2000,4950,0.24636063096754504,0.23387885550083287
TxPert_official_cell_gat_k562_all_fixed2000,K562,SKP1,top_true_de,100,62,2000,4950,0.10398221921667433,0.09201188138055433
TxPert_official_cell_gat_k562_all_fixed2000,K562,SLBP,top_true_de,100,63,2000,4851,0.07635809044846922,0.07376055252851425
TxPert_official_cell_gat_k562_all_fixed2000,K562,SLC39A9,top_true_de,100,724,2000,4950,0.2599293762871266,0.2575273530386851
TxPert_official_cell_gat_k562_all_fixed2000,K562,SLC7A5,top_true_de,100,344,2000,4851,0.2681153254286303,0.2416230621816646
TxPert_official_cell_gat_k562_all_fixed2000,K562,SLC7A6OS,top_true_de,100,36,2000,4950,0.03887380427144566,0.029555627008172557
TxPert_official_cell_gat_k562_all_fixed2000,K562,SLU7,top_true_de,100,195,2000,4950,0.08213550660250885,0.09338346145464961
TxPert_official_cell_gat_k562_all_fixed2000,K562,SMARCB1,top_true_de,100,118,2000,4950,0.18032868312438585,0.1703277517641252
TxPert_official_cell_gat_k562_all_fixed2000,K562,SMC1A,top_true_de,100,156,2000,4851,0.08213527339254295,0.07780099886240167
TxPert_official_cell_gat_k562_all_fixed2000,K562,SMC2,top_true_de,100,108,2000,4851,0.19997672076226541,0.2028749633057166
TxPert_official_cell_gat_k562_all_fixed2000,K562,SMC3,top_true_de,100,42,2000,4851,0.0885169599870022,0.08588343291214859
TxPert_official_cell_gat_k562_all_fixed2000,K562,SMC4,top_true_de,100,169,2000,4851,0.2263395941200433,0.2291118875697089
TxPert_official_cell_gat_k562_all_fixed2000,K562,SMG5,top_true_de,100,82,2000,4950,0.16448915082352789,0.15622895652027532
TxPert_official_cell_gat_k562_all_fixed2000,K562,SMN2,top_true_de,100,319,2000,4950,0.12896250971962622,0.13178262600146137
TxPert_official_cell_gat_k562_all_fixed2000,K562,SMU1,top_true_de,100,101,2000,4851,0.13203807504477963,0.13434444689918346
TxPert_official_cell_gat_k562_all_fixed2000,K562,SNAPC1,top_true_de,100,96,2000,4950,0.09681781513551985,0.09416066178442127
TxPert_official_cell_gat_k562_all_fixed2000,K562,SNAPC2,top_true_de,100,68,2000,4950,0.0582259294843107,0.05582052646709194
TxPert_official_cell_gat_k562_all_fixed2000,K562,SNAPC3,top_true_de,100,201,2000,4950,0.16398166357886618,0.15302754977990388
TxPert_official_cell_gat_k562_all_fixed2000,K562,SNAPC5,top_true_de,100,90,2000,4851,0.17575767736558232,0.15838253474940955
TxPert_official_cell_gat_k562_all_fixed2000,K562,SNIP1,top_true_de,100,43,2000,4950,0.10027640780017656,0.09089041407572346
TxPert_official_cell_gat_k562_all_fixed2000,K562,SNRNP200,top_true_de,100,92,2000,4950,0.10568231820485882,0.11500391392978347
TxPert_official_cell_gat_k562_all_fixed2000,K562,SNRNP25,top_true_de,100,112,2000,4950,0.11616367360577139,0.10753523296467914
TxPert_official_cell_gat_k562_all_fixed2000,K562,SNRNP27,top_true_de,100,42,2000,4950,0.12299094790824075,0.11672753270322889
TxPert_official_cell_gat_k562_all_fixed2000,K562,SNRNP35,top_true_de,100,159,2000,4851,0.09467680341883494,0.08950270931546438
TxPert_official_cell_gat_k562_all_fixed2000,K562,SNRNP48,top_true_de,100,179,2000,4851,0.1023892368268028,0.09252810458472731
TxPert_official_cell_gat_k562_all_fixed2000,K562,SNRNP70,top_true_de,100,85,2000,4851,0.05564814282212378,0.0473493696871998
TxPert_official_cell_gat_k562_all_fixed2000,K562,SNRPA1,top_true_de,100,79,2000,4851,0.11879023643348018,0.11567668279546353
TxPert_official_cell_gat_k562_all_fixed2000,K562,SNRPB,top_true_de,100,120,2000,4950,0.08834778614019737,0.10612090133287541
TxPert_official_cell_gat_k562_all_fixed2000,K562,SNRPC,top_true_de,100,28,2000,4950,0.07011473213057791,0.06369512145259018
TxPert_official_cell_gat_k562_all_fixed2000,K562,SNRPD1,top_true_de,100,113,2000,4950,0.1012832657783449,0.09108813342597495
TxPert_official_cell_gat_k562_all_fixed2000,K562,SNRPD3,top_true_de,100,120,2000,4950,0.1039059976926254,0.10367203606456629
TxPert_official_cell_gat_k562_all_fixed2000,K562,SNRPE,top_true_de,100,128,2000,4950,0.09061809318443147,0.09692050040456786
TxPert_official_cell_gat_k562_all_fixed2000,K562,SNRPF,top_true_de,100,92,2000,4950,0.09076506006690283,0.09491959201732231
TxPert_official_cell_gat_k562_all_fixed2000,K562,SNRPG,top_true_de,100,325,2000,4950,0.09570511301979642,0.10676005939169093
TxPert_official_cell_gat_k562_all_fixed2000,K562,SNW1,top_true_de,100,115,2000,4950,0.10232724529743745,0.10602496652948076
TxPert_official_cell_gat_k562_all_fixed2000,K562,SON,top_true_de,100,238,2000,4950,0.09229062385228172,0.10671414872516644
TxPert_official_cell_gat_k562_all_fixed2000,K562,SPC24,top_true_de,100,95,2000,4950,0.06459583841788917,0.05961642673115245
TxPert_official_cell_gat_k562_all_fixed2000,K562,SPC25,top_true_de,100,181,2000,4950,0.11536633914750741,0.11662844304537706
TxPert_official_cell_gat_k562_all_fixed2000,K562,SPCS3,top_true_de,100,115,2000,4851,0.10629666234908171,0.08768469537472982
TxPert_official_cell_gat_k562_all_fixed2000,K562,SRBD1,top_true_de,100,143,2000,4950,0.1648403827786827,0.16618173072506157
TxPert_official_cell_gat_k562_all_fixed2000,K562,SRFBP1,top_true_de,100,73,2000,4851,0.3744071080922197,0.3637087335330108
TxPert_official_cell_gat_k562_all_fixed2000,K562,SRP54,top_true_de,100,75,2000,4950,0.15751451364729052,0.16283527745599755
TxPert_official_cell_gat_k562_all_fixed2000,K562,SRP68,top_true_de,100,158,2000,4950,0.10369260681467238,0.10066951001548242
TxPert_official_cell_gat_k562_all_fixed2000,K562,SRP72,top_true_de,100,204,2000,4950,0.22572546640476895,0.21784111868455833
TxPert_official_cell_gat_k562_all_fixed2000,K562,SRPRB,top_true_de,100,153,2000,4950,0.18545922623739994,0.1647386938455592
TxPert_official_cell_gat_k562_all_fixed2000,K562,SRRM1,top_true_de,100,136,2000,4950,0.22583730744966843,0.19834095477610691
TxPert_official_cell_gat_k562_all_fixed2000,K562,SRRM2,top_true_de,100,146,2000,4950,0.1439526925806755,0.14149402163576713
TxPert_official_cell_gat_k562_all_fixed2000,K562,SRRT,top_true_de,100,260,2000,4950,0.160068527787961,0.1497263449814575
TxPert_official_cell_gat_k562_all_fixed2000,K562,SRSF1,top_true_de,100,117,2000,4950,0.2623476768119185,0.24376954604433684
TxPert_official_cell_gat_k562_all_fixed2000,K562,SRSF10,top_true_de,100,120,2000,4950,0.21189457117932384,0.20711760968717613
TxPert_official_cell_gat_k562_all_fixed2000,K562,SRSF11,top_true_de,100,116,2000,4950,0.1268024676047716,0.1060490651969578
TxPert_official_cell_gat_k562_all_fixed2000,K562,SRSF2,top_true_de,100,40,2000,4950,0.09659877850784306,0.09072734212526523
TxPert_official_cell_gat_k562_all_fixed2000,K562,SRSF3,top_true_de,100,15,2000,4950,0.05842774309139543,0.05689137016620469
TxPert_official_cell_gat_k562_all_fixed2000,K562,SRSF7,top_true_de,100,100,2000,4950,0.22926691740910426,0.2034758117009727
TxPert_official_cell_gat_k562_all_fixed2000,K562,SS18L2,top_true_de,100,130,2000,4851,0.1134853515761499,0.09816528787720846
TxPert_official_cell_gat_k562_all_fixed2000,K562,SSBP1,top_true_de,100,115,2000,4950,0.4024319493610476,0.37372364459146745
TxPert_official_cell_gat_k562_all_fixed2000,K562,SSRP1,top_true_de,100,440,2000,4950,0.11884142057244783,0.11609342130343271
TxPert_official_cell_gat_k562_all_fixed2000,K562,SSU72,top_true_de,100,55,2000,4950,0.11145658609584451,0.10523210283756991
TxPert_official_cell_gat_k562_all_fixed2000,K562,STARD7,top_true_de,100,98,2000,4950,0.28953409326310964,0.2611211238642897
TxPert_official_cell_gat_k562_all_fixed2000,K562,STRAP,top_true_de,100,91,2000,4950,0.2632670800684758,0.21227230231298097
TxPert_official_cell_gat_k562_all_fixed2000,K562,SUGP1,top_true_de,100,146,2000,4950,0.2841759690605481,0.25209375918857263
TxPert_official_cell_gat_k562_all_fixed2000,K562,SUGT1,top_true_de,100,94,2000,4950,0.12509551226750396,0.11090750692718149
TxPert_official_cell_gat_k562_all_fixed2000,K562,SUPT16H,top_true_de,100,82,2000,4950,0.09329321453373896,0.08776921545591711
TxPert_official_cell_gat_k562_all_fixed2000,K562,SUPT4H1,top_true_de,100,55,2000,4950,0.2363285499292374,0.19834144313693108
TxPert_official_cell_gat_k562_all_fixed2000,K562,SUPT5H,top_true_de,100,367,2000,4950,0.09039245349522546,0.08695310931098879
TxPert_official_cell_gat_k562_all_fixed2000,K562,SUPT6H,top_true_de,100,256,2000,4950,0.18753433877281991,0.22415447863031632
TxPert_official_cell_gat_k562_all_fixed2000,K562,SUPV3L1,top_true_de,100,74,2000,4950,0.3331925859507936,0.2915021052515599
TxPert_official_cell_gat_k562_all_fixed2000,K562,SURF6,top_true_de,100,113,2000,4851,0.2630736957345332,0.24383249978816907
TxPert_official_cell_gat_k562_all_fixed2000,K562,SYF2,top_true_de,100,78,2000,4851,0.1612206455438044,0.138748098665707
TxPert_official_cell_gat_k562_all_fixed2000,K562,SYMPK,top_true_de,100,80,2000,4950,0.0782717375243426,0.07952427942022144
TxPert_official_cell_gat_k562_all_fixed2000,K562,TADA3,top_true_de,100,139,2000,4851,0.3611737073787778,0.32049982382591685
TxPert_official_cell_gat_k562_all_fixed2000,K562,TAF1,top_true_de,100,92,2000,4950,0.21913726513042675,0.2273212640906793
TxPert_official_cell_gat_k562_all_fixed2000,K562,TAF10,top_true_de,100,38,2000,4950,0.2120576771081756,0.21451275712610765
TxPert_official_cell_gat_k562_all_fixed2000,K562,TAF12,top_true_de,100,65,2000,4950,0.2442047428770856,0.2582476102589051
TxPert_official_cell_gat_k562_all_fixed2000,K562,TAF1C,top_true_de,100,128,2000,4950,0.31974205574572817,0.28678436931776796
TxPert_official_cell_gat_k562_all_fixed2000,K562,TAF1D,top_true_de,100,99,2000,4851,0.251603496971311,0.2189322551795856
TxPert_official_cell_gat_k562_all_fixed2000,K562,TAF2,top_true_de,100,137,2000,4950,0.22505201664494556,0.1846582208911537
TxPert_official_cell_gat_k562_all_fixed2000,K562,TAF5,top_true_de,100,34,2000,4950,0.18027546319785429,0.1971228976944908
TxPert_official_cell_gat_k562_all_fixed2000,K562,TAF6,top_true_de,100,111,2000,4950,0.3064146266191608,0.2847474356131444
TxPert_official_cell_gat_k562_all_fixed2000,K562,TAF7,top_true_de,100,84,2000,4851,0.1772090837627491,0.15317285195458205
TxPert_official_cell_gat_k562_all_fixed2000,K562,TAF8,top_true_de,100,103,2000,4950,0.30680563862302834,0.28109346442210204
TxPert_official_cell_gat_k562_all_fixed2000,K562,TANGO6,top_true_de,100,95,2000,4950,0.0736255125465083,0.060769968933793356
TxPert_official_cell_gat_k562_all_fixed2000,K562,TARS,top_true_de,100,108,2000,4950,0.19588490708678932,0.17166112512306056
TxPert_official_cell_gat_k562_all_fixed2000,K562,TBCB,top_true_de,100,97,2000,4851,0.16465092246674795,0.1483549334159623
TxPert_official_cell_gat_k562_all_fixed2000,K562,TBL3,top_true_de,100,70,2000,4950,0.29004179290179494,0.286747433171835
TxPert_official_cell_gat_k562_all_fixed2000,K562,TBP,top_true_de,100,143,2000,4950,0.3856003699272835,0.34536863204084284
TxPert_official_cell_gat_k562_all_fixed2000,K562,TCERG1,top_true_de,100,93,2000,4950,0.1548535496994353,0.14782029039469632
TxPert_official_cell_gat_k562_all_fixed2000,K562,TCOF1,top_true_de,100,86,2000,4950,0.23121038666982638,0.19315216425537454
TxPert_official_cell_gat_k562_all_fixed2000,K562,TCP1,top_true_de,100,63,2000,4950,0.12390319184509352,0.11677287645169776
TxPert_official_cell_gat_k562_all_fixed2000,K562,TEFM,top_true_de,100,192,2000,4950,0.47982904897077955,0.4574529026981733
TxPert_official_cell_gat_k562_all_fixed2000,K562,TELO2,top_true_de,100,73,2000,4950,0.09437003138110621,0.08687925116733948
TxPert_official_cell_gat_k562_all_fixed2000,K562,TERF2,top_true_de,100,47,2000,4851,0.13412285017975603,0.1365745064157331
TxPert_official_cell_gat_k562_all_fixed2000,K562,TEX10,top_true_de,100,153,2000,4950,0.243233849167514,0.2082366231173795
TxPert_official_cell_gat_k562_all_fixed2000,K562,TFDP1,top_true_de,100,140,2000,4950,0.17609286372338764,0.15962066835169203
TxPert_official_cell_gat_k562_all_fixed2000,K562,TFIP11,top_true_de,100,58,2000,4950,0.18978072087934056,0.1809189816627572
TxPert_official_cell_gat_k562_all_fixed2000,K562,THAP1,top_true_de,100,107,2000,4950,0.165367457236014,0.16111941338940752
TxPert_official_cell_gat_k562_all_fixed2000,K562,THAP11,top_true_de,100,60,2000,4950,0.10618331978012611,0.09846928649765045
TxPert_official_cell_gat_k562_all_fixed2000,K562,THG1L,top_true_de,100,43,2000,4950,0.08882654121653882,0.08712272100255668
TxPert_official_cell_gat_k562_all_fixed2000,K562,THOC1,top_true_de,100,33,2000,4851,0.22801849749020806,0.21932887905164192
TxPert_official_cell_gat_k562_all_fixed2000,K562,THOC2,top_true_de,100,149,2000,4950,0.3190762198847427,0.3196716197409212
TxPert_official_cell_gat_k562_all_fixed2000,K562,THOC3,top_true_de,100,133,2000,4950,0.2218727547095523,0.20892791695914917
TxPert_official_cell_gat_k562_all_fixed2000,K562,THOC5,top_true_de,100,28,2000,4950,0.1570631605428601,0.14939035223973013
TxPert_official_cell_gat_k562_all_fixed2000,K562,THOC6,top_true_de,100,115,2000,4950,0.19502126881270632,0.18351951818910756
TxPert_official_cell_gat_k562_all_fixed2000,K562,THOC7,top_true_de,100,104,2000,4950,0.18679005675821822,0.18626602701243083
TxPert_official_cell_gat_k562_all_fixed2000,K562,TICRR,top_true_de,100,147,2000,4950,0.0838900041905912,0.08880635216642656
TxPert_official_cell_gat_k562_all_fixed2000,K562,TIMM13,top_true_de,100,162,2000,4950,0.22502029387238837,0.18949701183664172
TxPert_official_cell_gat_k562_all_fixed2000,K562,TIMM23B,top_true_de,100,480,2000,4950,0.2741892273671611,0.2653745506455558
TxPert_official_cell_gat_k562_all_fixed2000,K562,TIMM44,top_true_de,100,38,2000,4950,0.15318093583664624,0.14892027892561266
TxPert_official_cell_gat_k562_all_fixed2000,K562,TIMM9,top_true_de,100,183,2000,4950,0.3068829174962693,0.28595839236766424
TxPert_official_cell_gat_k562_all_fixed2000,K562,TMA16,top_true_de,100,163,2000,4950,0.3261413239398762,0.2952982429682091
TxPert_official_cell_gat_k562_all_fixed2000,K562,TMSB10,top_true_de,100,190,2000,4851,0.1731066720240036,0.16000499091135995
TxPert_official_cell_gat_k562_all_fixed2000,K562,TMX2,top_true_de,100,94,2000,4950,0.08879075313593718,0.08260693988062938
TxPert_official_cell_gat_k562_all_fixed2000,K562,TNPO3,top_true_de,100,89,2000,4950,0.18192558010572737,0.16460677023312204
TxPert_official_cell_gat_k562_all_fixed2000,K562,TOMM22,top_true_de,100,89,2000,4950,0.32675472251198795,0.31571079282380726
TxPert_official_cell_gat_k562_all_fixed2000,K562,TOMM40,top_true_de,100,95,2000,4950,0.23144984401299004,0.21677271372247053
TxPert_official_cell_gat_k562_all_fixed2000,K562,TOP1,top_true_de,100,91,2000,4851,0.32291514511626673,0.3050166468569703
TxPert_official_cell_gat_k562_all_fixed2000,K562,TPR,top_true_de,100,68,2000,4950,0.2079065308778498,0.20581926048614155
TxPert_official_cell_gat_k562_all_fixed2000,K562,TPX2,top_true_de,100,212,2000,4851,0.09804308999550833,0.10688846735916586
TxPert_official_cell_gat_k562_all_fixed2000,K562,TRA2B,top_true_de,100,139,2000,4950,0.18165819289119028,0.1534274022293387
TxPert_official_cell_gat_k562_all_fixed2000,K562,TREX2,top_true_de,100,275,2000,4950,0.1607333208059968,0.14860051092351967
TxPert_official_cell_gat_k562_all_fixed2000,K562,TRMT10C,top_true_de,100,67,2000,4851,0.3095414970178192,0.27776830617495146
TxPert_official_cell_gat_k562_all_fixed2000,K562,TRMT112,top_true_de,100,150,2000,4950,0.40773616680429303,0.3890398628195829
TxPert_official_cell_gat_k562_all_fixed2000,K562,TRMT5,top_true_de,100,93,2000,4950,0.22317576888227297,0.1910908887911862
TxPert_official_cell_gat_k562_all_fixed2000,K562,TRPM7,top_true_de,100,123,2000,4851,0.18311490631355742,0.18768861258524663
TxPert_official_cell_gat_k562_all_fixed2000,K562,TRRAP,top_true_de,100,387,2000,4950,0.3006819657969641,0.2783399886408865
TxPert_official_cell_gat_k562_all_fixed2000,K562,TSEN2,top_true_de,100,168,2000,4950,0.34968763884585624,0.30839895374580256
TxPert_official_cell_gat_k562_all_fixed2000,K562,TSG101,top_true_de,100,83,2000,4950,0.06818412213639378,0.06997140248404618
TxPert_official_cell_gat_k562_all_fixed2000,K562,TSR1,top_true_de,100,109,2000,4950,0.384738574228434,0.3709152267334533
TxPert_official_cell_gat_k562_all_fixed2000,K562,TSR2,top_true_de,100,486,2000,4950,0.2938315010088923,0.28014607924957635
TxPert_official_cell_gat_k562_all_fixed2000,K562,TTC27,top_true_de,100,87,2000,4950,0.13219152964384337,0.12504002904628897
TxPert_official_cell_gat_k562_all_fixed2000,K562,TTI1,top_true_de,100,146,2000,4950,0.15490359811333332,0.14675825034924975
TxPert_official_cell_gat_k562_all_fixed2000,K562,TTK,top_true_de,100,185,2000,4950,0.109445196311938,0.12035862068723287
TxPert_official_cell_gat_k562_all_fixed2000,K562,TUBGCP2,top_true_de,100,226,2000,4950,0.17749143817672927,0.16492577353894067
TxPert_official_cell_gat_k562_all_fixed2000,K562,TUT1,top_true_de,100,187,2000,4950,0.2831470562265903,0.24043670128207215
TxPert_official_cell_gat_k562_all_fixed2000,K562,TWISTNB,top_true_de,100,145,2000,4950,0.18938089398115235,0.18011042314623918
TxPert_official_cell_gat_k562_all_fixed2000,K562,TXN,top_true_de,100,81,2000,4950,0.10880265488630901,0.10763538443135694
TxPert_official_cell_gat_k562_all_fixed2000,K562,TXNL4A,top_true_de,100,66,2000,4950,0.14684739979152306,0.13135486584821035
TxPert_official_cell_gat_k562_all_fixed2000,K562,U2AF1,top_true_de,100,141,2000,4950,0.11299625501015592,0.11168883131372669
TxPert_official_cell_gat_k562_all_fixed2000,K562,U2AF2,top_true_de,100,73,2000,4950,0.18537914296698768,0.1752355362412279
TxPert_official_cell_gat_k562_all_fixed2000,K562,U2SURP,top_true_de,100,263,2000,4950,0.35584838244931327,0.31815496246717395
TxPert_official_cell_gat_k562_all_fixed2000,K562,UBA1,top_true_de,100,251,2000,4950,0.2424120255523247,0.24697420192763095
TxPert_official_cell_gat_k562_all_fixed2000,K562,UBA2,top_true_de,100,121,2000,4950,0.15707501502723348,0.14022658381485778
TxPert_official_cell_gat_k562_all_fixed2000,K562,UBA3,top_true_de,100,94,2000,4851,0.1565792685308885,0.1406002204261368
TxPert_official_cell_gat_k562_all_fixed2000,K562,UBA52,top_true_de,100,44,2000,4950,0.1120009225719824,0.11207798850281028
TxPert_official_cell_gat_k562_all_fixed2000,K562,UBAP1,top_true_de,100,102,2000,4950,0.11152348257413162,0.11235066184040814
TxPert_official_cell_gat_k562_all_fixed2000,K562,UBE2I,top_true_de,100,42,2000,4950,0.10575352038073414,0.09279667603774543
TxPert_official_cell_gat_k562_all_fixed2000,K562,UBL5,top_true_de,100,198,2000,4950,0.15704318270771617,0.15500052978517032
TxPert_official_cell_gat_k562_all_fixed2000,K562,UBQLN4,top_true_de,100,145,2000,4950,0.19975581550161053,0.19890592156507886
TxPert_official_cell_gat_k562_all_fixed2000,K562,UFL1,top_true_de,100,155,2000,4851,0.26799945780268686,0.24557641459994106
TxPert_official_cell_gat_k562_all_fixed2000,K562,UFM1,top_true_de,100,119,2000,4851,0.158851406595709,0.14147704853808468
TxPert_official_cell_gat_k562_all_fixed2000,K562,UPF1,top_true_de,100,115,2000,4950,0.156451809108747,0.14169326671783988
TxPert_official_cell_gat_k562_all_fixed2000,K562,UPF2,top_true_de,100,133,2000,4851,0.13993269171256964,0.1266986953078837
TxPert_official_cell_gat_k562_all_fixed2000,K562,UQCC2,top_true_de,100,83,2000,4950,0.14627866657071684,0.12760345044681753
TxPert_official_cell_gat_k562_all_fixed2000,K562,UQCRB,top_true_de,100,93,2000,4950,0.25364241142856175,0.2391297060365272
TxPert_official_cell_gat_k562_all_fixed2000,K562,UQCRC2,top_true_de,100,63,2000,4950,0.15206199891841046,0.13541006562537794
TxPert_official_cell_gat_k562_all_fixed2000,K562,UQCRFS1,top_true_de,100,114,2000,4950,0.2067493639199591,0.18138607989381494
TxPert_official_cell_gat_k562_all_fixed2000,K562,UQCRQ,top_true_de,100,148,2000,4950,0.2870019177399683,0.25876300604969704
TxPert_official_cell_gat_k562_all_fixed2000,K562,URB2,top_true_de,100,189,2000,4950,0.34085365340913554,0.31735999939756293
TxPert_official_cell_gat_k562_all_fixed2000,K562,URI1,top_true_de,100,55,2000,4950,0.13641821250060582,0.12528017405057087
TxPert_official_cell_gat_k562_all_fixed2000,K562,USP36,top_true_de,100,151,2000,4950,0.4210508625165154,0.3769795268143007
TxPert_official_cell_gat_k562_all_fixed2000,K562,USP39,top_true_de,100,166,2000,4950,0.27513050350606943,0.25725620563078566
TxPert_official_cell_gat_k562_all_fixed2000,K562,USP5,top_true_de,100,171,2000,4950,0.2985275097579756,0.28300039827601153
TxPert_official_cell_gat_k562_all_fixed2000,K562,USPL1,top_true_de,100,96,2000,4950,0.1826851028442038,0.16500161332338162
TxPert_official_cell_gat_k562_all_fixed2000,K562,UTP15,top_true_de,100,139,2000,4950,0.20192205549939232,0.20187173002354994
TxPert_official_cell_gat_k562_all_fixed2000,K562,UTP18,top_true_de,100,59,2000,4950,0.3447037636370266,0.3303214839062296
TxPert_official_cell_gat_k562_all_fixed2000,K562,UTP20,top_true_de,100,92,2000,4950,0.3546288203003072,0.3346937373055851
TxPert_official_cell_gat_k562_all_fixed2000,K562,UTP23,top_true_de,100,160,2000,4950,0.38921728403911815,0.37765916806603217
TxPert_official_cell_gat_k562_all_fixed2000,K562,UTP3,top_true_de,100,27,2000,4950,0.2658482379737632,0.25810660319450135
TxPert_official_cell_gat_k562_all_fixed2000,K562,UTP6,top_true_de,100,64,2000,4950,0.4067543571633017,0.39960560307326076
TxPert_official_cell_gat_k562_all_fixed2000,K562,UXT,top_true_de,100,206,2000,4851,0.19553178784586858,0.1788403934183274
TxPert_official_cell_gat_k562_all_fixed2000,K562,VARS,top_true_de,100,191,2000,4950,0.20814250617790445,0.18700472489963102
TxPert_official_cell_gat_k562_all_fixed2000,K562,VPS28,top_true_de,100,49,2000,4851,0.062234199028981724,0.05517758692904725
TxPert_official_cell_gat_k562_all_fixed2000,K562,VPS29,top_true_de,100,146,2000,4851,0.17931853819836663,0.16291298602327747
TxPert_official_cell_gat_k562_all_fixed2000,K562,VPS35,top_true_de,100,40,2000,4950,0.07033964671967735,0.06725484128015355
TxPert_official_cell_gat_k562_all_fixed2000,K562,VPS54,top_true_de,100,306,2000,4950,0.17891650389007344,0.17395845210677807
TxPert_official_cell_gat_k562_all_fixed2000,K562,VPS72,top_true_de,100,95,2000,4950,0.21735579210410985,0.1680174602648167
TxPert_official_cell_gat_k562_all_fixed2000,K562,WAC,top_true_de,100,93,2000,4950,0.2005072208002544,0.17258461029677505
TxPert_official_cell_gat_k562_all_fixed2000,K562,WBP11,top_true_de,100,205,2000,4950,0.11919115575318101,0.12026760857281857
TxPert_official_cell_gat_k562_all_fixed2000,K562,WDHD1,top_true_de,100,175,2000,4950,0.3157722567427267,0.307135878027887
TxPert_official_cell_gat_k562_all_fixed2000,K562,WDR12,top_true_de,100,174,2000,4950,0.1601300814969484,0.1420015901977256
TxPert_official_cell_gat_k562_all_fixed2000,K562,WDR24,top_true_de,100,78,2000,4950,0.07685344448255953,0.07470182729054894
TxPert_official_cell_gat_k562_all_fixed2000,K562,WDR3,top_true_de,100,329,2000,4950,0.4609928212693058,0.446050047286024
TxPert_official_cell_gat_k562_all_fixed2000,K562,WDR33,top_true_de,100,79,2000,4950,0.08389554860009783,0.07296002469467346
TxPert_official_cell_gat_k562_all_fixed2000,K562,WDR36,top_true_de,100,250,2000,4950,0.5201241394198114,0.5082822423850553
TxPert_official_cell_gat_k562_all_fixed2000,K562,WDR43,top_true_de,100,47,2000,4851,0.24819681671847543,0.24469199500044775
TxPert_official_cell_gat_k562_all_fixed2000,K562,WDR46,top_true_de,100,63,2000,4950,0.3490835909334304,0.3380205937114389
TxPert_official_cell_gat_k562_all_fixed2000,K562,WDR5,top_true_de,100,75,2000,4950,0.37843699969302547,0.3525474514648361
TxPert_official_cell_gat_k562_all_fixed2000,K562,WDR55,top_true_de,100,94,2000,4950,0.24166337288756348,0.2138381151418164
TxPert_official_cell_gat_k562_all_fixed2000,K562,WDR61,top_true_de,100,98,2000,4950,0.11064585356785862,0.10385001667368579
TxPert_official_cell_gat_k562_all_fixed2000,K562,WDR70,top_true_de,100,29,2000,4950,0.12462372588777512,0.12184702515940156
TxPert_official_cell_gat_k562_all_fixed2000,K562,WDR74,top_true_de,100,96,2000,4950,0.14339138090785114,0.12417046262765426
TxPert_official_cell_gat_k562_all_fixed2000,K562,WDR75,top_true_de,100,132,2000,4950,0.24298341196158132,0.21613686872089938
TxPert_official_cell_gat_k562_all_fixed2000,K562,WDR82,top_true_de,100,86,2000,4950,0.16801838739723393,0.16582118835381568
TxPert_official_cell_gat_k562_all_fixed2000,K562,WDTC1,top_true_de,100,107,2000,4950,0.1717987942653356,0.14742379641531353
TxPert_official_cell_gat_k562_all_fixed2000,K562,XAB2,top_true_de,100,140,2000,4950,0.08637653443864515,0.0934926934051366
TxPert_official_cell_gat_k562_all_fixed2000,K562,XPO1,top_true_de,100,139,2000,4950,0.06905859550874904,0.06600612916826948
TxPert_official_cell_gat_k562_all_fixed2000,K562,XRCC5,top_true_de,100,77,2000,4950,0.1671720854590774,0.16401878716472337
TxPert_official_cell_gat_k562_all_fixed2000,K562,XRCC6,top_true_de,100,26,2000,4950,0.2077121320855932,0.21162267081410754
TxPert_official_cell_gat_k562_all_fixed2000,K562,XRN2,top_true_de,100,57,2000,4950,0.11729874675661309,0.11435457657530433
TxPert_official_cell_gat_k562_all_fixed2000,K562,YEATS2,top_true_de,100,233,2000,4950,0.3901359348613896,0.3443239398857753
TxPert_official_cell_gat_k562_all_fixed2000,K562,YEATS4,top_true_de,100,221,2000,4950,0.16117884182816633,0.15418333264453526
TxPert_official_cell_gat_k562_all_fixed2000,K562,YTHDC1,top_true_de,100,157,2000,4851,0.3109608530295118,0.2901814428805895
TxPert_official_cell_gat_k562_all_fixed2000,K562,ZBTB17,top_true_de,100,158,2000,4950,0.23829200779487691,0.20758695332927615
TxPert_official_cell_gat_k562_all_fixed2000,K562,ZC3H18,top_true_de,100,23,2000,4950,0.0948210505478558,0.09347461683212578
TxPert_official_cell_gat_k562_all_fixed2000,K562,ZCCHC9,top_true_de,100,49,2000,4950,0.29972514655056315,0.269422159360277
TxPert_official_cell_gat_k562_all_fixed2000,K562,ZCRB1,top_true_de,100,141,2000,4851,0.19319390826035976,0.18350350119874437
TxPert_official_cell_gat_k562_all_fixed2000,K562,ZFC3H1,top_true_de,100,105,2000,4851,0.15878091405891828,0.15135449605684315
TxPert_official_cell_gat_k562_all_fixed2000,K562,ZMAT2,top_true_de,100,348,2000,4950,0.1697936282836656,0.15051885150509944
TxPert_official_cell_gat_k562_all_fixed2000,K562,ZMAT5,top_true_de,100,98,2000,4950,0.11944753052271867,0.09959021438935058
TxPert_official_cell_gat_k562_all_fixed2000,K562,ZNF207,top_true_de,100,96,2000,4950,0.13879213847405866,0.12813952222389702
TxPert_official_cell_gat_k562_all_fixed2000,K562,ZNF236,top_true_de,100,85,2000,4950,0.3450835310156233,0.326954646321808
TxPert_official_cell_gat_k562_all_fixed2000,K562,ZNF335,top_true_de,100,140,2000,4950,0.14306887586707442,0.13905449300324735
TxPert_official_cell_gat_k562_all_fixed2000,K562,ZNF574,top_true_de,100,266,2000,4950,0.2779583992509077,0.26948941553045075
TxPert_official_cell_gat_k562_all_fixed2000,K562,ZNHIT6,top_true_de,100,116,2000,4950,0.3268033711756606,0.2797637044979358
TxPert_official_cell_gat_k562_all_fixed2000,K562,ZNRD1,top_true_de,100,66,2000,4950,0.22109655982897838,0.20589862475956947
