model,context,condition,n_true_cells,n_pred_cells,pra_all_genes,pra_top100_true_de,pra_nonzero_genes,true_range_mean,pred_range_mean,range_width_ratio
TxPert_official_cell_gat_k562_all_fixed2000,K562,AAMP,76,2000,0.11913552988197806,0.15854585979985814,0.11913552988197806,0.42555338937815873,0.05395978195859488,0.1267990857021558
TxPert_official_cell_gat_k562_all_fixed2000,K562,AARS,38,2000,0.10943753987044885,0.12803997381827625,0.10963378172317528,0.4606339104371347,0.05512467616338835,0.11967133490967373
TxPert_official_cell_gat_k562_all_fixed2000,K562,AATF,254,2000,0.10666066584448038,0.1920183829209442,0.10666066584448038,0.4868897925860078,0.05575438061549033,0.1145112925334711
TxPert_official_cell_gat_k562_all_fixed2000,K562,ABCB7,192,2000,0.1152564865581397,0.1368652177369334,0.11529088121243936,0.44210093754314794,0.054330460375551635,0.12289152664674875
TxPert_official_cell_gat_k562_all_fixed2000,K562,ABCE1,177,2000,0.10101153107261551,0.15266620732445405,0.10101153107261551,0.5197121227875815,0.05617462955826454,0.10808797027108163
TxPert_official_cell_gat_k562_all_fixed2000,K562,ABCF1,159,2000,0.11600381887513248,0.15865887521175068,0.11600381887513248,0.4436649493215194,0.05496948833237258,0.12389864734063157
TxPert_official_cell_gat_k562_all_fixed2000,K562,ABT1,92,2000,0.10562266191422143,0.1941288501327215,0.10562266191422143,0.46077177159994986,0.05326015680446568,0.11558901593220194
TxPert_official_cell_gat_k562_all_fixed2000,K562,ACTB,140,2000,0.11886352217186122,0.12550720844582958,0.11886352217186122,0.43525329623282466,0.05596827334898852,0.12858781897236204
TxPert_official_cell_gat_k562_all_fixed2000,K562,ACTL6A,45,2000,0.11999530143680531,0.13359919812889134,0.12003111024057639,0.4228022587292234,0.053877204684829594,0.12742884480436492
TxPert_official_cell_gat_k562_all_fixed2000,K562,ACTR6,104,2000,0.1204270020881773,0.1613241103189075,0.1204270020881773,0.4195100229922548,0.05570772512663636,0.1327923547603565
TxPert_official_cell_gat_k562_all_fixed2000,K562,ACTR8,242,2000,0.10871238074860894,0.17139996014993067,0.10871238074860894,0.46548709306012404,0.055576553403651065,0.11939440005596158
TxPert_official_cell_gat_k562_all_fixed2000,K562,AHCTF1,161,2000,0.11471714784016204,0.1842566078093386,0.11475138154587382,0.4474613671335514,0.05615887497059962,0.1255055248127889
TxPert_official_cell_gat_k562_all_fixed2000,K562,AHCY,133,2000,0.11752704391474346,0.18170341625501962,0.11752704391474346,0.4319596695684803,0.05502348779895186,0.12738107374725183
TxPert_official_cell_gat_k562_all_fixed2000,K562,AKIRIN2,144,2000,0.1103844214186291,0.1362572061313453,0.11041736215913003,0.4602235638849919,0.0558426348965944,0.12133805842494556
TxPert_official_cell_gat_k562_all_fixed2000,K562,ALDOA,77,2000,0.10408621215990117,0.13497197220473445,0.10408621215990117,0.4711073285960071,0.05345855116452978,0.11347424840344626
TxPert_official_cell_gat_k562_all_fixed2000,K562,ALG13,167,2000,0.11867188734814448,0.15471335689539334,0.11867188734814448,0.4445407582553624,0.056523925685857235,0.12715127547849017
TxPert_official_cell_gat_k562_all_fixed2000,K562,ALG2,228,2000,0.11896082151802354,0.1525852472906517,0.11899632161397043,0.44453535701675,0.05661974190714878,0.12736836280793684
TxPert_official_cell_gat_k562_all_fixed2000,K562,ALYREF,96,2000,0.10946331164558118,0.12465968362865491,0.10946331164558118,0.45908993715753776,0.053766473656273545,0.11711533652428999
TxPert_official_cell_gat_k562_all_fixed2000,K562,ANAPC2,237,2000,0.1188361704988096,0.17285360376693468,0.1188361704988096,0.44396109009886203,0.05586980189475162,0.12584391263628825
TxPert_official_cell_gat_k562_all_fixed2000,K562,ANAPC4,59,2000,0.11604324204477318,0.14698922733210432,0.11607787148137264,0.45548908615880485,0.056026334052923246,0.12300258013945924
TxPert_official_cell_gat_k562_all_fixed2000,K562,ANKRD11,184,2000,0.12938789642024473,0.19056603537854475,0.1294265081470189,0.4012886502048744,0.05581812557249235,0.1390971913933349
TxPert_official_cell_gat_k562_all_fixed2000,K562,AP2S1,96,2000,0.11754469025984499,0.1508018818893298,0.11754469025984499,0.4411153832543864,0.0553925745215307,0.12557388694342483
TxPert_official_cell_gat_k562_all_fixed2000,K562,AQR,82,2000,0.10336431230473209,0.11955281175414735,0.10336431230473209,0.5179961526655285,0.05684102271216187,0.1097325169739998
TxPert_official_cell_gat_k562_all_fixed2000,K562,ARCN1,214,2000,0.10862801455304216,0.12170095998798613,0.10866043114944712,0.48768931010200134,0.057036531016481755,0.11695259392711826
TxPert_official_cell_gat_k562_all_fixed2000,K562,ARGLU1,367,2000,0.11802538434736654,0.17790425982137045,0.11802538434736654,0.4380039510474961,0.05552450097860605,0.1267671206575803
TxPert_official_cell_gat_k562_all_fixed2000,K562,ARIH1,57,2000,0.11592948612216745,0.15063658254758092,0.11596408161190848,0.4540073685383597,0.05629494410610552,0.12399565902946902
TxPert_official_cell_gat_k562_all_fixed2000,K562,ARL2,70,2000,0.10950411831400546,0.12499031397381975,0.10953679635587771,0.4680512736093583,0.05591334180841401,0.11945986212715959
TxPert_official_cell_gat_k562_all_fixed2000,K562,ARMC7,110,2000,0.11687183581311203,0.15342118383221987,0.11687183581311203,0.4361759751581706,0.05554495022794997,0.1273452737380938
TxPert_official_cell_gat_k562_all_fixed2000,K562,ARPC4,188,2000,0.11607790595633671,0.14576733465892205,0.11607790595633671,0.4542742243410047,0.05656911886054334,0.12452636443844461
TxPert_official_cell_gat_k562_all_fixed2000,K562,ATF4,52,2000,0.1188835175770842,0.17952474505655314,0.11895449281145856,0.4204198135258652,0.055752108335691726,0.1326105602445783
TxPert_official_cell_gat_k562_all_fixed2000,K562,ATF5,133,2000,0.10847517928043732,0.14452366519281,0.10850755026798743,0.46256134883991856,0.05408563847236251,0.11692640865637083
TxPert_official_cell_gat_k562_all_fixed2000,K562,ATP1A1,71,2000,0.1053504544023371,0.1336022154488852,0.1053504544023371,0.45842729596896786,0.0532501597958228,0.11615835074062417
TxPert_official_cell_gat_k562_all_fixed2000,K562,ATP6AP1,114,2000,0.11379306239820082,0.13011498509981345,0.11382702033982964,0.44955902662337155,0.05499032890370787,0.12232059512525668
TxPert_official_cell_gat_k562_all_fixed2000,K562,ATP6V0B,134,2000,0.1133322480965547,0.12511792280857878,0.1133322480965547,0.4519343122150883,0.054859854309288414,0.12138899749946203
TxPert_official_cell_gat_k562_all_fixed2000,K562,ATP6V0C,39,2000,0.12448741461994535,0.13226488810636228,0.12452456395286685,0.43051594435315155,0.05656426620093423,0.13138715448053906
TxPert_official_cell_gat_k562_all_fixed2000,K562,ATP6V1A,89,2000,0.11455197182222278,0.13342813901985442,0.11455197182222278,0.435853284255986,0.05381691895946549,0.12347484731377907
TxPert_official_cell_gat_k562_all_fixed2000,K562,ATP6V1B2,406,2000,0.11417241800147765,0.13685637811834747,0.11420648914979202,0.45722677986313165,0.0554970677586957,0.12137755046091776
TxPert_official_cell_gat_k562_all_fixed2000,K562,ATR,133,2000,0.11571542997058677,0.16402014565776735,0.11574996158203726,0.44229269941561894,0.05564967217198896,0.1258209122314413
TxPert_official_cell_gat_k562_all_fixed2000,K562,ATRIP,183,2000,0.11380272028750096,0.1846809081810045,0.11380272028750096,0.4435664853432299,0.05478920432711732,0.12351970877494177
TxPert_official_cell_gat_k562_all_fixed2000,K562,BANP,101,2000,0.11435766329965753,0.1548821535647307,0.11439178972857417,0.4483813679108045,0.056123947048324185,0.12517011145696777
TxPert_official_cell_gat_k562_all_fixed2000,K562,BAP1,190,2000,0.1188479658085125,0.13940710622609304,0.1188479658085125,0.42478365898621323,0.05575495231927202,0.131254933722703
TxPert_official_cell_gat_k562_all_fixed2000,K562,BCAS2,197,2000,0.11199663238163533,0.17420086021554318,0.11199663238163533,0.4625484116153174,0.055474758164974956,0.11993286664182165
TxPert_official_cell_gat_k562_all_fixed2000,K562,BDP1,277,2000,0.10515382907329814,0.13569896937402637,0.10518520890889148,0.48075043360540437,0.05451803899710212,0.1134019525561791
TxPert_official_cell_gat_k562_all_fixed2000,K562,BGLAP,236,2000,0.11182219513503291,0.14786250078350244,0.11182219513503291,0.47786257366665363,0.05670609388448774,0.11866610992930272
TxPert_official_cell_gat_k562_all_fixed2000,K562,BMS1,18,2000,0.12105314514903649,0.18849427327256899,0.12218312030700702,0.4429932392858023,0.055790052000491,0.12593883110055565
TxPert_official_cell_gat_k562_all_fixed2000,K562,BNIP1,107,2000,0.1128909625832968,0.12487009074638213,0.1128909625832968,0.45455305834516424,0.05456073649168161,0.1200316097091022
TxPert_official_cell_gat_k562_all_fixed2000,K562,BOP1,103,2000,0.11211818346751824,0.15409118108212166,0.11215164159448557,0.44484631043007516,0.05372923483979291,0.12078156516580324
TxPert_official_cell_gat_k562_all_fixed2000,K562,BRD8,68,2000,0.12629254649226584,0.14005137724661906,0.12633023450972103,0.4085299377282971,0.05407586627254187,0.1323669576079802
TxPert_official_cell_gat_k562_all_fixed2000,K562,BRIX1,95,2000,0.10112200706009396,0.1383946605773585,0.10112200706009396,0.49943905789271764,0.05553463432645573,0.11119401323723616
TxPert_official_cell_gat_k562_all_fixed2000,K562,BTF3,70,2000,0.11162060116933982,0.145104626541127,0.11162060116933982,0.45072945021315164,0.05573259129704072,0.12364976380883684
TxPert_official_cell_gat_k562_all_fixed2000,K562,BUB3,246,2000,0.11053622106920447,0.1414692293612173,0.11053622106920447,0.4724591845659837,0.05598445993054632,0.11849586286912134
TxPert_official_cell_gat_k562_all_fixed2000,K562,BUD13,160,2000,0.10859810199548087,0.12778579633376266,0.10859810199548087,0.46157849127102213,0.05466859575757215,0.11843834928844041
TxPert_official_cell_gat_k562_all_fixed2000,K562,BUD31,15,2000,0.12519444871990515,0.19834697590385728,0.12916337091693506,0.38046841474965676,0.053667759787272395,0.1410570662272042
TxPert_official_cell_gat_k562_all_fixed2000,K562,BYSL,87,2000,0.110878558547164,0.20271969393613834,0.110878558547164,0.46402872582733073,0.05518849510032694,0.11893335657743204
TxPert_official_cell_gat_k562_all_fixed2000,K562,C12orf45,94,2000,0.11136006142551777,0.1608744804740645,0.11136006142551777,0.4483020438641523,0.05528852282589867,0.12332872970207849
TxPert_official_cell_gat_k562_all_fixed2000,K562,C1QBP,189,2000,0.10923809661090868,0.16982175114628387,0.10923809661090868,0.46187649061569963,0.054584983423761224,0.11818090626173292
TxPert_official_cell_gat_k562_all_fixed2000,K562,CACTIN,55,2000,0.1066383795538908,0.12862540332477357,0.10667020240663741,0.47341185406046016,0.05628747050919924,0.11889746493976898
TxPert_official_cell_gat_k562_all_fixed2000,K562,CAPZB,64,2000,0.12510705919195497,0.14072666377174037,0.12510705919195497,0.4255775030468967,0.0561059407304988,0.13183483386801076
TxPert_official_cell_gat_k562_all_fixed2000,K562,CASP8AP2,192,2000,0.12195319514924213,0.14235316892935468,0.12195319514924213,0.4200751098946431,0.05493805796082459,0.1307815087325413
TxPert_official_cell_gat_k562_all_fixed2000,K562,CBLL1,93,2000,0.11354867082285003,0.1689749441725332,0.11358255583354024,0.4469119815595963,0.05460233185484757,0.12217692271872342
TxPert_official_cell_gat_k562_all_fixed2000,K562,CCDC174,97,2000,0.11233006837308612,0.1623587167063325,0.11236358973040426,0.4534026895234082,0.054457321980171274,0.12010806737016298
TxPert_official_cell_gat_k562_all_fixed2000,K562,CCDC59,100,2000,0.10600217303695426,0.1854955483240206,0.1060338060339811,0.45909917924313115,0.05351362059580225,0.11656221977656847
TxPert_official_cell_gat_k562_all_fixed2000,K562,CCDC84,77,2000,0.1161495727749864,0.15943108700637387,0.11618423394263039,0.43165198243478753,0.05343714245052693,0.12379681638698802
TxPert_official_cell_gat_k562_all_fixed2000,K562,CCDC86,235,2000,0.12174206898445881,0.1694010464169892,0.1217783990557762,0.4360801970439481,0.056490744088069596,0.12954209609971237
TxPert_official_cell_gat_k562_all_fixed2000,K562,CCNH,75,2000,0.10288916362797884,0.18999265851117303,0.10288916362797884,0.47593026828545393,0.05385240437535165,0.11315187713913845
TxPert_official_cell_gat_k562_all_fixed2000,K562,CCNK,211,2000,0.11169780247747192,0.1915669261242081,0.11169780247747192,0.45184965441470215,0.05501497563814882,0.12175504370333391
TxPert_official_cell_gat_k562_all_fixed2000,K562,CCT2,178,2000,0.11022595760744427,0.1358866476713013,0.11022595760744427,0.4666596380389143,0.05480014937129628,0.11743065765721948
TxPert_official_cell_gat_k562_all_fixed2000,K562,CCT3,220,2000,0.11760613498324726,0.14366887226832678,0.11760613498324726,0.4475391153303955,0.05598672055172555,0.12509905253622997
TxPert_official_cell_gat_k562_all_fixed2000,K562,CCT4,217,2000,0.1143362292752175,0.13710164357019397,0.1143362292752175,0.4533396624224284,0.05533107123643311,0.12205212692013159
TxPert_official_cell_gat_k562_all_fixed2000,K562,CCT5,64,2000,0.11515000023222342,0.149424389118835,0.11515000023222342,0.43815442603125926,0.05469838495900841,0.12483814030153072
TxPert_official_cell_gat_k562_all_fixed2000,K562,CCT6A,97,2000,0.1119262236745391,0.13487096481627775,0.1119262236745391,0.4626411634512904,0.05450909512469252,0.11782153913811037
TxPert_official_cell_gat_k562_all_fixed2000,K562,CCT7,141,2000,0.10882441841880289,0.13196605119218374,0.10882441841880289,0.4706189033079688,0.055407167975051755,0.11773255686983791
TxPert_official_cell_gat_k562_all_fixed2000,K562,CCT8,97,2000,0.11761809956893417,0.13829091256880718,0.11761809956893417,0.4489207865763679,0.056100429799063205,0.12496732213545315
TxPert_official_cell_gat_k562_all_fixed2000,K562,CD3EAP,85,2000,0.11077039756838063,0.16175801725335273,0.11080345349125988,0.4588831626821248,0.054253086494504166,0.11822853772867824
TxPert_official_cell_gat_k562_all_fixed2000,K562,CDAN1,137,2000,0.11052947097611449,0.14914728314848305,0.11052947097611449,0.4548404697337698,0.054829987982757004,0.12054773140431664
TxPert_official_cell_gat_k562_all_fixed2000,K562,CDC123,96,2000,0.11592115245237126,0.151215143768072,0.11592115245237126,0.4378110053004399,0.05464733754985395,0.12481946693907005
TxPert_official_cell_gat_k562_all_fixed2000,K562,CDC16,142,2000,0.11652660894328612,0.17559944402121977,0.11652660894328612,0.452168532602738,0.056648905637345086,0.12528272159594958
TxPert_official_cell_gat_k562_all_fixed2000,K562,CDC23,158,2000,0.1199999277659724,0.1378360233299583,0.1199999277659724,0.4416354251861004,0.055186423254593865,0.12495922848975854
TxPert_official_cell_gat_k562_all_fixed2000,K562,CDC27,245,2000,0.11402640288595135,0.14443748165602754,0.11402640288595135,0.4622110870300052,0.05600859051234665,0.12117534795732254
TxPert_official_cell_gat_k562_all_fixed2000,K562,CDC40,84,2000,0.10393789332288575,0.12556260890775192,0.10396891030089915,0.46388908502532444,0.05311369626573899,0.11449653987412536
TxPert_official_cell_gat_k562_all_fixed2000,K562,CDC5L,77,2000,0.1071705877758615,0.16581736001977565,0.1072345702163247,0.48190618347518854,0.05637749796410965,0.11698853164254322
TxPert_official_cell_gat_k562_all_fixed2000,K562,CDC6,153,2000,0.11490526805179077,0.15145216101601375,0.11493955789603182,0.45538236807391663,0.056359116896166774,0.1237621823104861
TxPert_official_cell_gat_k562_all_fixed2000,K562,CDC73,140,2000,0.09335384883267381,0.10720288706907645,0.09335384883267381,0.5042343717486307,0.05629857342800255,0.11165159589626779
TxPert_official_cell_gat_k562_all_fixed2000,K562,CDK1,239,2000,0.1198861864244438,0.15128937021308445,0.11992196266628936,0.4488692929350321,0.05614287439230297,0.1250762171197724
TxPert_official_cell_gat_k562_all_fixed2000,K562,CDK9,134,2000,0.11684754215388744,0.15090412595887379,0.11684754215388744,0.4315225955792359,0.055124587120309355,0.12774437864342061
TxPert_official_cell_gat_k562_all_fixed2000,K562,CEBPZ,89,2000,0.12331815118932127,0.16223067727142182,0.12331815118932127,0.42781206635771624,0.05636802170481778,0.1317588371621504
TxPert_official_cell_gat_k562_all_fixed2000,K562,CENPC,116,2000,0.11021174119425621,0.13831723500019233,0.11024463040380388,0.48484765423510695,0.05677116278048854,0.11709072141257074
TxPert_official_cell_gat_k562_all_fixed2000,K562,CENPE,171,2000,0.11614158177074137,0.14506105969295724,0.11617624055372279,0.45832096527915156,0.05702456170279058,0.12442058028886498
TxPert_official_cell_gat_k562_all_fixed2000,K562,CENPJ,265,2000,0.11075922330608755,0.14310294058513284,0.11075922330608755,0.47489369994469505,0.055633387882162454,0.11714913614804749
TxPert_official_cell_gat_k562_all_fixed2000,K562,CENPK,93,2000,0.10726444219380026,0.15074601641695698,0.10726444219380026,0.4738448644381434,0.05567555546000388,0.11749743104432772
TxPert_official_cell_gat_k562_all_fixed2000,K562,CEP192,184,2000,0.1155311264216216,0.15938992268550572,0.1155656030335051,0.45449132689926125,0.055862552196516486,0.12291224861982025
TxPert_official_cell_gat_k562_all_fixed2000,K562,CHAF1A,33,2000,0.11346944939879605,0.13162198124092947,0.11380897498048007,0.43283336477305273,0.05497294910661076,0.12700718639230327
TxPert_official_cell_gat_k562_all_fixed2000,K562,CHAF1B,82,2000,0.11950172737814761,0.15176634601443115,0.11950172737814761,0.43358969239558065,0.05612304661279047,0.1294381446393006
TxPert_official_cell_gat_k562_all_fixed2000,K562,CHCHD4,132,2000,0.1168157809636421,0.19269962144778238,0.1168157809636421,0.44201762928496297,0.0561728778832841,0.12708288740275858
TxPert_official_cell_gat_k562_all_fixed2000,K562,CHD4,33,2000,0.11425529070597036,0.14712427155550356,0.11470013011273211,0.4254866530954269,0.05448411715862637,0.12805129251820246
TxPert_official_cell_gat_k562_all_fixed2000,K562,CHEK1,205,2000,0.11207440378167863,0.14499857452287507,0.11210784884398292,0.4601346261368126,0.05593384070419718,0.12155972689603457
TxPert_official_cell_gat_k562_all_fixed2000,K562,CHERP,54,2000,0.12235213313910638,0.1908810348779704,0.12238864526478203,0.4316706913490035,0.05716468187383553,0.1324265966978801
TxPert_official_cell_gat_k562_all_fixed2000,K562,CHMP1A,71,2000,0.1116626380171702,0.1355146476662309,0.1116626380171702,0.44459857631625876,0.0548576706184101,0.12338696592118241
TxPert_official_cell_gat_k562_all_fixed2000,K562,CHMP2A,61,2000,0.11314735616812159,0.08226561729254499,0.11318112141914163,0.46745875298639045,0.056127087582738495,0.12006853230040437
TxPert_official_cell_gat_k562_all_fixed2000,K562,CHMP3,119,2000,0.10759889328934218,0.088783969912,0.10759889328934218,0.5031747647003229,0.05580541553678157,0.11090662398570704
TxPert_official_cell_gat_k562_all_fixed2000,K562,CHMP6,620,2000,0.1148623972032263,0.10413516390644496,0.11489667425401809,0.4637087389239975,0.0563500687617782,0.12152039160903141
TxPert_official_cell_gat_k562_all_fixed2000,K562,CIAPIN1,139,2000,0.1166365550104023,0.13313172726034447,0.1166365550104023,0.4450284069319542,0.05511732526631417,0.12385124897483057
TxPert_official_cell_gat_k562_all_fixed2000,K562,CINP,73,2000,0.12036107396753723,0.16646397536115173,0.12036107396753723,0.4245663084898828,0.056124401700722956,0.13219230837799106
TxPert_official_cell_gat_k562_all_fixed2000,K562,CKAP5,159,2000,0.1098192101173896,0.134045048194924,0.1098519821884482,0.47072581869054403,0.05623722253178374,0.11946916677213858
TxPert_official_cell_gat_k562_all_fixed2000,K562,CLNS1A,46,2000,0.11917537265038665,0.15857579850716358,0.11917537265038665,0.4308396499506187,0.055297034437688145,0.12834713137603462
TxPert_official_cell_gat_k562_all_fixed2000,K562,CLP1,51,2000,0.10756734876846347,0.12924358874204103,0.10759944884270055,0.4441483820141749,0.05314026052337296,0.1196452840510948
TxPert_official_cell_gat_k562_all_fixed2000,K562,CLSPN,76,2000,0.12461854922123407,0.1559956249897149,0.12465573768713117,0.4413977091096182,0.0572881595145462,0.12978807328254244
TxPert_official_cell_gat_k562_all_fixed2000,K562,CLTC,112,2000,0.11629260306130194,0.14563525702988944,0.11629260306130194,0.4454665664256704,0.055915556699793284,0.1255213290039578
TxPert_official_cell_gat_k562_all_fixed2000,K562,CMTR1,138,2000,0.10175512714079507,0.17598025174742837,0.10175512714079507,0.49418946551225706,0.05458737234746136,0.11045838702023808
TxPert_official_cell_gat_k562_all_fixed2000,K562,CNIH4,65,2000,0.10833623703475545,0.13665698230170087,0.10833623703475545,0.4571113855180137,0.05475011003378175,0.11977410882906807
TxPert_official_cell_gat_k562_all_fixed2000,K562,CNOT1,202,2000,0.10133240264464177,0.11111863017723296,0.10133240264464177,0.5146695179522465,0.05450243750822716,0.10589792973576659
TxPert_official_cell_gat_k562_all_fixed2000,K562,CNOT2,64,2000,0.11736565598105984,0.16339320970841467,0.11736565598105984,0.4463021041420878,0.05517683131698084,0.12363112243607782
TxPert_official_cell_gat_k562_all_fixed2000,K562,CNOT3,303,2000,0.10942619406694697,0.12499725028450205,0.10942619406694697,0.4765847308049979,0.05573378071502332,0.1169441149561011
TxPert_official_cell_gat_k562_all_fixed2000,K562,COG2,332,2000,0.11540523404849919,0.13082261958076022,0.11543967309178434,0.445465477827163,0.055320333725959514,0.12418545372795155
TxPert_official_cell_gat_k562_all_fixed2000,K562,COG3,55,2000,0.1197207694282216,0.1426245122833031,0.1197207694282216,0.424379583472177,0.053947058721789475,0.1271198227992231
TxPert_official_cell_gat_k562_all_fixed2000,K562,COPB1,56,2000,0.10995857308416732,0.11563522088155756,0.11008994533396917,0.4859377120672625,0.0567815119399787,0.1168493602398686
TxPert_official_cell_gat_k562_all_fixed2000,K562,COPB2,60,2000,0.1019178388284049,0.10036554887711498,0.10194825298502336,0.49157226300244905,0.0544162770363709,0.11069842630465
TxPert_official_cell_gat_k562_all_fixed2000,K562,COPS2,44,2000,0.11644635901784045,0.14954945327990626,0.116481108751955,0.44286704593446996,0.05732699612665116,0.12944515822177954
TxPert_official_cell_gat_k562_all_fixed2000,K562,COPS3,59,2000,0.11429932642781405,0.14238243742647724,0.11429932642781405,0.446708098708303,0.05558228051703343,0.12442639708904016
TxPert_official_cell_gat_k562_all_fixed2000,K562,COPS4,253,2000,0.11101023556211186,0.15756633588467983,0.11101023556211186,0.45723421305666967,0.055372688535135245,0.1211035520590775
TxPert_official_cell_gat_k562_all_fixed2000,K562,COPS5,72,2000,0.10993420278239581,0.15016671886769528,0.1099998351422659,0.4470615367585157,0.05558994465420325,0.12434517139142513
TxPert_official_cell_gat_k562_all_fixed2000,K562,COPS6,222,2000,0.10901426326558786,0.15711366651011605,0.10901426326558786,0.46455018190680375,0.05608155304384874,0.1207222685963277
TxPert_official_cell_gat_k562_all_fixed2000,K562,COPS8,198,2000,0.10991358560404403,0.14108081512134604,0.10994638583848272,0.45783576665886266,0.05509929372281668,0.12034728724110094
TxPert_official_cell_gat_k562_all_fixed2000,K562,COPZ1,92,2000,0.10232418120934123,0.1138986616693687,0.10232418120934123,0.4996108665582247,0.05530761316805402,0.11070137933958384
TxPert_official_cell_gat_k562_all_fixed2000,K562,COX11,103,2000,0.12092705755371685,0.20395077033294512,0.12092705755371685,0.43106475128772215,0.05606052875096481,0.1300512910948575
TxPert_official_cell_gat_k562_all_fixed2000,K562,COX15,103,2000,0.11287721379644275,0.14313111686870464,0.11287721379644275,0.4513387258651361,0.05578678497435584,0.12360291847634679
TxPert_official_cell_gat_k562_all_fixed2000,K562,COX17,129,2000,0.11654906052891781,0.16963023136483582,0.11658384091105117,0.4397932984921771,0.05533238122826509,0.1258145136813725
TxPert_official_cell_gat_k562_all_fixed2000,K562,COX7C,154,2000,0.11458576345675708,0.17049645043583578,0.11458576345675708,0.44216639882215897,0.05490428616864016,0.12417109276775223
TxPert_official_cell_gat_k562_all_fixed2000,K562,CPSF1,48,2000,0.11054546489516241,0.16424065038399757,0.11057845369399716,0.45122795223674106,0.054513443173837314,0.12081131431574783
TxPert_official_cell_gat_k562_all_fixed2000,K562,CPSF3,575,2000,0.11103899270329527,0.15630436979328968,0.11103899270329527,0.4614096723888114,0.055807834219405335,0.1209507219928218
TxPert_official_cell_gat_k562_all_fixed2000,K562,CPSF4,57,2000,0.10409606081233708,0.13935104692702158,0.10415820771431458,0.484055798273169,0.05574156869756312,0.11515525223510234
TxPert_official_cell_gat_k562_all_fixed2000,K562,CPSF6,43,2000,0.10622948527496281,0.14811957013836527,0.10629290586318667,0.4609567593125214,0.05413110634878274,0.11743206728369511
TxPert_official_cell_gat_k562_all_fixed2000,K562,CRNKL1,215,2000,0.11047669325367399,0.13048108214899914,0.1105096615297867,0.473134202995562,0.05572669254857625,0.11778199719642544
TxPert_official_cell_gat_k562_all_fixed2000,K562,CSE1L,373,2000,0.1094975097859967,0.11409989114697465,0.10953018585576275,0.46693351968171565,0.05504437318938031,0.1178848159113808
TxPert_official_cell_gat_k562_all_fixed2000,K562,CSNK1A1,131,2000,0.1082176336995057,0.13637856515552987,0.1082499278307201,0.46491713773432525,0.056424247534881164,0.12136409209652241
TxPert_official_cell_gat_k562_all_fixed2000,K562,CSNK2B,103,2000,0.11334467206228364,0.1407146591156845,0.11334467206228364,0.4578174618155048,0.05760358456324404,0.12582216300049298
TxPert_official_cell_gat_k562_all_fixed2000,K562,CSTF1,129,2000,0.11165602079160734,0.1410139986300314,0.11165602079160734,0.46915662005090275,0.055934223768508026,0.11922292084509016
TxPert_official_cell_gat_k562_all_fixed2000,K562,CSTF3,59,2000,0.10595820660033942,0.14640964402045714,0.10602146523114558,0.45830841632493224,0.05374490005572089,0.11726797276386262
TxPert_official_cell_gat_k562_all_fixed2000,K562,CTDP1,117,2000,0.10645915336225455,0.17540105116417895,0.10645915336225455,0.4749822849910129,0.055341087408843935,0.11651189526946691
TxPert_official_cell_gat_k562_all_fixed2000,K562,CTNNBL1,65,2000,0.11505339328325007,0.16223886828380096,0.11505339328325007,0.4388383775584952,0.05431246951240202,0.12376417162266236
TxPert_official_cell_gat_k562_all_fixed2000,K562,CTR9,197,2000,0.09511558622520612,0.13682239171886854,0.09514397046460488,0.48749501116502686,0.05634442655300735,0.11557949129070927
TxPert_official_cell_gat_k562_all_fixed2000,K562,CUL1,181,2000,0.11277384010377499,0.1473302832352932,0.11277384010377499,0.4512454529375122,0.05576703283535139,0.1235846948406303
TxPert_official_cell_gat_k562_all_fixed2000,K562,CUL2,84,2000,0.11854988916465527,0.173726258324848,0.11854988916465527,0.4322487379413161,0.054615269143463326,0.1263514802612641
TxPert_official_cell_gat_k562_all_fixed2000,K562,CUL7,33,2000,0.10792742149260506,0.14479103495113915,0.10818562106555388,0.4566097975995277,0.056080926699410505,0.12282024119069429
TxPert_official_cell_gat_k562_all_fixed2000,K562,CWC15,144,2000,0.11402710937642714,0.16210750236997257,0.11402710937642714,0.44181476454928464,0.05555008444615566,0.12573161344100553
TxPert_official_cell_gat_k562_all_fixed2000,K562,CWC22,28,2000,0.11723016758540934,0.13335146928346941,0.11786308390710622,0.4501403968554515,0.05775502400699479,0.1283044648456565
TxPert_official_cell_gat_k562_all_fixed2000,K562,CWF19L2,187,2000,0.11244560135106754,0.14523562609280463,0.11247915718555011,0.4654754577324613,0.05561820688392959,0.11948687039269909
TxPert_official_cell_gat_k562_all_fixed2000,K562,CXXC1,115,2000,0.11192894358935865,0.18695531529953416,0.11192894358935865,0.45667880758251966,0.05511604183612432,0.1206888511446343
TxPert_official_cell_gat_k562_all_fixed2000,K562,CYCS,162,2000,0.12049188131241376,0.19753154414866472,0.12049188131241376,0.4334684817040415,0.05630675776303704,0.12989815601518162
TxPert_official_cell_gat_k562_all_fixed2000,K562,DAD1,71,2000,0.11127842871753685,0.13377068425914235,0.11127842871753685,0.43885787527537007,0.054532604923789654,0.1242602827782668
TxPert_official_cell_gat_k562_all_fixed2000,K562,DAP3,141,2000,0.11710622615212597,0.2231126635902534,0.11710622615212597,0.44255637746473203,0.056553754103392244,0.12778880998051145
TxPert_official_cell_gat_k562_all_fixed2000,K562,DARS,60,2000,0.10906984125848791,0.16375947272799737,0.1091023897041037,0.4524350886137574,0.05533626908203032,0.12230763981746416
TxPert_official_cell_gat_k562_all_fixed2000,K562,DBR1,96,2000,0.10875732005088304,0.14019823662919254,0.10875732005088304,0.4296348207810258,0.053265607356580605,0.12397879208198734
TxPert_official_cell_gat_k562_all_fixed2000,K562,DCUN1D5,145,2000,0.11575038794151732,0.13391730133027574,0.11575038794151732,0.4540822983245967,0.05655613854746413,0.12455041192011268
TxPert_official_cell_gat_k562_all_fixed2000,K562,DDB1,85,2000,0.11035613648575868,0.1389831113042831,0.11035613648575868,0.4551354622268308,0.05399902097604112,0.1186438418254709
TxPert_official_cell_gat_k562_all_fixed2000,K562,DDOST,74,2000,0.1114053607551708,0.14197727600896165,0.11143860616273724,0.44691701099089837,0.055063229991230894,0.1232068312572778
TxPert_official_cell_gat_k562_all_fixed2000,K562,DDX10,97,2000,0.11169902607921468,0.19606515291344676,0.11173235912191214,0.45767044429189413,0.05557481884019481,0.12142977183480184
TxPert_official_cell_gat_k562_all_fixed2000,K562,DDX18,112,2000,0.10248380069578449,0.18329173339652108,0.10248380069578449,0.4934099935848702,0.0548184611525071,0.11110123579624165
TxPert_official_cell_gat_k562_all_fixed2000,K562,DDX20,110,2000,0.11513728327796176,0.1629844561294657,0.11513728327796176,0.44155613726920734,0.055280767357852624,0.1251953295175146
TxPert_official_cell_gat_k562_all_fixed2000,K562,DDX21,78,2000,0.11274824768885279,0.20781218621914563,0.11274824768885279,0.4598737176100952,0.05560957750378884,0.12092358002877156
TxPert_official_cell_gat_k562_all_fixed2000,K562,DDX23,126,2000,0.11120873346746248,0.14584687944836114,0.11124192019783177,0.4577778473380855,0.05541522637590864,0.12105265793793624
TxPert_official_cell_gat_k562_all_fixed2000,K562,DDX24,230,2000,0.1120805739261707,0.1477693105864574,0.11211402082975953,0.45993170911704045,0.054902321688590806,0.11937059221310113
TxPert_official_cell_gat_k562_all_fixed2000,K562,DDX27,40,2000,0.12314523618954154,0.18376270746894863,0.12321875573353529,0.4217993417110179,0.0567671903321822,0.13458339872242003
TxPert_official_cell_gat_k562_all_fixed2000,K562,DDX41,259,2000,0.10616874618729928,0.14844055867462072,0.10616874618729928,0.4522526567019435,0.055399829749188,0.12249751925885091
TxPert_official_cell_gat_k562_all_fixed2000,K562,DDX46,132,2000,0.11272877268777233,0.138343922644283,0.11272877268777233,0.4466434487295038,0.05453713853742933,0.12210441566201938
TxPert_official_cell_gat_k562_all_fixed2000,K562,DDX47,313,2000,0.10209816204585127,0.17012820022632666,0.10209816204585127,0.4892401744071439,0.055644018717720296,0.11373558528343115
TxPert_official_cell_gat_k562_all_fixed2000,K562,DDX49,41,2000,0.1081609297314056,0.19909775192272294,0.10829015425916116,0.4374856892039639,0.05430603981488174,0.12413214857924593
TxPert_official_cell_gat_k562_all_fixed2000,K562,DDX5,130,2000,0.1189332931877942,0.16978847909676817,0.1189332931877942,0.4274871360043816,0.055145971786852065,0.12900030399109788
TxPert_official_cell_gat_k562_all_fixed2000,K562,DDX51,120,2000,0.11577621969122073,0.1570885584062094,0.11577621969122073,0.4455782257918456,0.05597216419368285,0.12561691684562118
TxPert_official_cell_gat_k562_all_fixed2000,K562,DDX52,106,2000,0.10868289881046685,0.19527038716222964,0.10868289881046685,0.47058091018802367,0.054824191325667564,0.1165032175630117
TxPert_official_cell_gat_k562_all_fixed2000,K562,DDX54,68,2000,0.12077988271540231,0.16831118078370688,0.12077988271540231,0.4322313104589473,0.05541355454430722,0.1282034686553223
TxPert_official_cell_gat_k562_all_fixed2000,K562,DDX55,150,2000,0.12081217152432,0.18703732744555615,0.12081217152432,0.4244114821085479,0.05547924542797927,0.1307204127587333
TxPert_official_cell_gat_k562_all_fixed2000,K562,DDX56,144,2000,0.11291503877395538,0.1556209716122557,0.11291503877395538,0.4572699564053437,0.05491968793261059,0.12010342241442427
TxPert_official_cell_gat_k562_all_fixed2000,K562,DDX59,152,2000,0.1143566127108177,0.1530792770393322,0.11439073882621932,0.43894563317143304,0.05463427392755322,0.12446706050620363
TxPert_official_cell_gat_k562_all_fixed2000,K562,DDX6,56,2000,0.11238742969520707,0.12738598000679419,0.11242096817019817,0.46637751682170253,0.0565500931206953,0.12125389811570951
TxPert_official_cell_gat_k562_all_fixed2000,K562,DENR,228,2000,0.11876836807525212,0.13777162031659995,0.11876836807525212,0.44003850387404886,0.05529765101124118,0.12566547987903826
TxPert_official_cell_gat_k562_all_fixed2000,K562,DERL2,122,2000,0.10450540569217685,0.11288874858364395,0.1045365920263136,0.47658161424002615,0.053999076587473646,0.11330499087870305
TxPert_official_cell_gat_k562_all_fixed2000,K562,DHDDS,95,2000,0.1067890957659978,0.12447624313799668,0.1067890957659978,0.46874889372125605,0.05489928419582284,0.11711874685997982
TxPert_official_cell_gat_k562_all_fixed2000,K562,DHODH,207,2000,0.114625597578654,0.16578351726200818,0.114625597578654,0.443691765189811,0.05485323824361856,0.1236291527381872
TxPert_official_cell_gat_k562_all_fixed2000,K562,DHX15,313,2000,0.10149148825707813,0.1356235775327378,0.10149148825707813,0.4889359136798857,0.05473882437832009,0.11195500622318455
TxPert_official_cell_gat_k562_all_fixed2000,K562,DHX16,305,2000,0.10465882687681784,0.10933502068322896,0.10465882687681784,0.4837417514439061,0.055779259336827806,0.11530792621735612
TxPert_official_cell_gat_k562_all_fixed2000,K562,DHX33,127,2000,0.11017498728938825,0.18484259893596228,0.11017498728938825,0.4689593523296224,0.05537243540435452,0.11807512516496967
TxPert_official_cell_gat_k562_all_fixed2000,K562,DHX36,248,2000,0.11012862503128132,0.20549796444932564,0.11016148943743807,0.4612888694747501,0.05453503359996033,0.1182231699625125
TxPert_official_cell_gat_k562_all_fixed2000,K562,DHX37,202,2000,0.10710667864042234,0.19980007620627144,0.10710667864042234,0.47088482562443673,0.054628324256859824,0.11601206945731779
TxPert_official_cell_gat_k562_all_fixed2000,K562,DICER1,153,2000,0.11207280182813864,0.16277775513325485,0.11207280182813864,0.4556114684105774,0.05539074058412199,0.12157450636967104
TxPert_official_cell_gat_k562_all_fixed2000,K562,DIMT1,83,2000,0.10359145578827839,0.18687622093507628,0.10359145578827839,0.4790847060992993,0.05393669447802711,0.11258279102948406
TxPert_official_cell_gat_k562_all_fixed2000,K562,DIS3,40,2000,0.10634972949140988,0.16255974507676407,0.10650860270546934,0.46410392656175514,0.05631654426496619,0.12134468128449613
TxPert_official_cell_gat_k562_all_fixed2000,K562,DKC1,51,2000,0.10815465785978176,0.20271666376146694,0.10818693319784795,0.45949193471175814,0.056631458627820236,0.12324799004549572
TxPert_official_cell_gat_k562_all_fixed2000,K562,DLD,283,2000,0.11309559658191488,0.11940507122363077,0.11309559658191488,0.458965393511005,0.055000222432716066,0.11983522507791217
TxPert_official_cell_gat_k562_all_fixed2000,K562,DMAP1,71,2000,0.11253020812230827,0.12229755442430007,0.11253020812230827,0.4393394818942914,0.054529932077984095,0.12411798411945274
TxPert_official_cell_gat_k562_all_fixed2000,K562,DNAJA3,122,2000,0.10638029073385091,0.18642004282877903,0.10638029073385091,0.4563328189815357,0.05317836234505513,0.11653415877122189
TxPert_official_cell_gat_k562_all_fixed2000,K562,DNAJC17,30,2000,0.10950809781801088,0.12867951831897695,0.10993445459298366,0.43926633188950004,0.05343074510212953,0.1216363285934854
TxPert_official_cell_gat_k562_all_fixed2000,K562,DNAJC19,328,2000,0.10080153193942296,0.15470175185492374,0.10080153193942296,0.5080983182228658,0.055664327698965343,0.10955424296249494
TxPert_official_cell_gat_k562_all_fixed2000,K562,DNAJC8,260,2000,0.11403576747514221,0.14222857965395366,0.11403576747514221,0.4473437309958627,0.05499064213141182,0.1229270404208481
TxPert_official_cell_gat_k562_all_fixed2000,K562,DNM1L,144,2000,0.11709796656656402,0.1912499041755645,0.11709796656656402,0.44109427477577656,0.05558912065591406,0.12602548383543877
TxPert_official_cell_gat_k562_all_fixed2000,K562,DNMT1,146,2000,0.11892080299427059,0.1470425990708553,0.11895629114795435,0.4311271947241768,0.05601812304841657,0.1299340947047297
TxPert_official_cell_gat_k562_all_fixed2000,K562,DNTTIP2,235,2000,0.10329179755678695,0.19430686221643545,0.10329179755678695,0.4892027915222014,0.05440939389355926,0.11122052801876689
TxPert_official_cell_gat_k562_all_fixed2000,K562,DOHH,152,2000,0.10777681650490027,0.15602745460563852,0.10777681650490027,0.4615636999769968,0.055322914296730044,0.11985975738752772
TxPert_official_cell_gat_k562_all_fixed2000,K562,DONSON,688,2000,0.11491249068215238,0.1381888461233027,0.11491249068215238,0.454274277417056,0.0554389639217451,0.12203852486779249
TxPert_official_cell_gat_k562_all_fixed2000,K562,DPH2,161,2000,0.1169452590330318,0.1839642441752678,0.1169452590330318,0.43520083058367626,0.055383015119666264,0.12725852056119305
TxPert_official_cell_gat_k562_all_fixed2000,K562,DR1,103,2000,0.12582759051705056,0.19639860780720672,0.12586513978309563,0.4129936628870506,0.05656826616518271,0.13697126585436464
TxPert_official_cell_gat_k562_all_fixed2000,K562,DRAP1,184,2000,0.12046635248997394,0.15860352666075633,0.1205023018640384,0.43213938129621265,0.05604311435873486,0.12968758573624165
TxPert_official_cell_gat_k562_all_fixed2000,K562,DSN1,234,2000,0.10413036054481528,0.12440659143231281,0.10416143495858576,0.5031174382268228,0.055572088545428375,0.11045549849500459
TxPert_official_cell_gat_k562_all_fixed2000,K562,DTL,87,2000,0.11821235452671701,0.13853364613555047,0.11824763126635494,0.44258711970809117,0.05436015407477566,0.12282362144292121
TxPert_official_cell_gat_k562_all_fixed2000,K562,DTYMK,73,2000,0.11811143276326802,0.14771561593709412,0.11814667938599654,0.4265318561758766,0.05412232977433157,0.12688929964265486
TxPert_official_cell_gat_k562_all_fixed2000,K562,DUT,46,2000,0.11815725588891705,0.16673832277188205,0.11815725588891705,0.4172458669264092,0.052620243067077424,0.12611327271751135
TxPert_official_cell_gat_k562_all_fixed2000,K562,DYNC1H1,217,2000,0.10872193094588511,0.12809311071296584,0.10875437556866815,0.481332292357073,0.05501144430069432,0.11428994902545409
TxPert_official_cell_gat_k562_all_fixed2000,K562,DYNC1I2,239,2000,0.1100855044504083,0.14036159055409012,0.1100855044504083,0.4773949543538733,0.055218133865438876,0.11566551385847451
TxPert_official_cell_gat_k562_all_fixed2000,K562,DYNLL1,62,2000,0.11945866644936606,0.1545964958486635,0.11945866644936606,0.4293882949444463,0.05472903591380644,0.12745814285949686
TxPert_official_cell_gat_k562_all_fixed2000,K562,DYNLRB1,192,2000,0.10787594675931453,0.14005886917273336,0.10790813892486491,0.4750455403015872,0.054806967669551156,0.1153720261872918
TxPert_official_cell_gat_k562_all_fixed2000,K562,E4F1,130,2000,0.11083322686126915,0.15029504522972056,0.11083322686126915,0.44914878654718265,0.05507701608449052,0.12262532262780923
TxPert_official_cell_gat_k562_all_fixed2000,K562,EBNA1BP2,68,2000,0.12298886350558698,0.15789908667685393,0.12298886350558698,0.4288078743715489,0.05598258390044128,0.13055399851728028
TxPert_official_cell_gat_k562_all_fixed2000,K562,ECD,69,2000,0.11046567799240474,0.12969268198981904,0.11046567799240474,0.4632212637316855,0.05467520169313633,0.11803257923081958
TxPert_official_cell_gat_k562_all_fixed2000,K562,EEF1G,170,2000,0.10997152838609964,0.12523329578531386,0.10997152838609964,0.4549396652092618,0.05483161707798815,0.12052502796720656
TxPert_official_cell_gat_k562_all_fixed2000,K562,EEF2,196,2000,0.1080623042082802,0.16538641024915468,0.1080623042082802,0.4705037216640351,0.05512851247889588,0.11716912910323227
TxPert_official_cell_gat_k562_all_fixed2000,K562,EFTUD2,73,2000,0.11168917467759758,0.1293533475441819,0.11168917467759758,0.47613338845246295,0.05699430506777571,0.1197023885596339
TxPert_official_cell_gat_k562_all_fixed2000,K562,EIF1AX,95,2000,0.11530803468701949,0.18093468110130773,0.11530803468701949,0.4412961009365279,0.05558907519170219,0.1259677432319308
TxPert_official_cell_gat_k562_all_fixed2000,K562,EIF2B1,162,2000,0.11197928729566262,0.1729824490731443,0.11197928729566262,0.4539062654830711,0.0558736532641217,0.1230951328105301
TxPert_official_cell_gat_k562_all_fixed2000,K562,EIF2B2,307,2000,0.10521947551118384,0.1424658856343968,0.10521947551118384,0.488752469544906,0.055534691306365645,0.11362539041863456
TxPert_official_cell_gat_k562_all_fixed2000,K562,EIF2B3,96,2000,0.10550327172621968,0.147103050260877,0.10550327172621968,0.4714808086809082,0.05655351048654951,0.11994869832620732
TxPert_official_cell_gat_k562_all_fixed2000,K562,EIF2B4,301,2000,0.10420657777116685,0.13586391411501095,0.10423767492955872,0.49265126705720913,0.05608242264538137,0.11383797273475615
TxPert_official_cell_gat_k562_all_fixed2000,K562,EIF2B5,412,2000,0.10306471130114013,0.13804223349965306,0.10306471130114013,0.4915072715485599,0.05590219417984791,0.11373624822753493
TxPert_official_cell_gat_k562_all_fixed2000,K562,EIF2S1,208,2000,0.09200957084220689,0.11175942472309243,0.09200957084220689,0.5373781028717117,0.05473634326638241,0.10185815528264659
TxPert_official_cell_gat_k562_all_fixed2000,K562,EIF2S2,76,2000,0.10476391934781708,0.11963936188446833,0.10476391934781708,0.4678941935318609,0.05383157484168921,0.11505074103364821
TxPert_official_cell_gat_k562_all_fixed2000,K562,EIF2S3,46,2000,0.09286350406731031,0.11438279904835777,0.09297445210084353,0.5212568824506212,0.05385051911845715,0.10330898238157767
TxPert_official_cell_gat_k562_all_fixed2000,K562,EIF3A,271,2000,0.10507604717963881,0.1477318115765592,0.10507604717963881,0.47152878295159,0.055287326598369914,0.11725122076277121
TxPert_official_cell_gat_k562_all_fixed2000,K562,EIF3B,23,2000,0.10107742755224494,0.14229091308737554,0.10180635130863133,0.4606560065631081,0.05388686590511819,0.11697853488848527
TxPert_official_cell_gat_k562_all_fixed2000,K562,EIF3CL,44,2000,0.11278256500851233,0.14447364233797566,0.11278256500851233,0.4290488624247347,0.05628250088519917,0.13117969653928516
TxPert_official_cell_gat_k562_all_fixed2000,K562,EIF3D,144,2000,0.10655233714277478,0.14587799973444351,0.10655233714277478,0.4598987180446243,0.05630198743351045,0.12242257697230993
TxPert_official_cell_gat_k562_all_fixed2000,K562,EIF3E,171,2000,0.11562512759001761,0.12858078316359173,0.11562512759001761,0.4255542280619213,0.054984473640172525,0.12920673494073365
TxPert_official_cell_gat_k562_all_fixed2000,K562,EIF3F,36,2000,0.12064285255604498,0.15048702599352226,0.1207869897753473,0.4192316399171486,0.055614287208411224,0.1326576541141445
TxPert_official_cell_gat_k562_all_fixed2000,K562,EIF3G,52,2000,0.1130657180695216,0.1703816427422262,0.1130994589582323,0.4539978401615397,0.05507971037699907,0.12132152246403992
TxPert_official_cell_gat_k562_all_fixed2000,K562,EIF3H,335,2000,0.11981350911275225,0.21854353014049036,0.11981350911275225,0.4269917017742459,0.05552063111006338,0.13002742109293589
TxPert_official_cell_gat_k562_all_fixed2000,K562,EIF3I,44,2000,0.11241440485368617,0.14768591024962216,0.11241440485368617,0.4383525137773989,0.054473749765579484,0.12426927372555054
TxPert_official_cell_gat_k562_all_fixed2000,K562,EIF3J,72,2000,0.11556059316645155,0.16313148603328634,0.11556059316645155,0.43124764520310416,0.05519027809341836,0.1279781522926205
TxPert_official_cell_gat_k562_all_fixed2000,K562,EIF3M,209,2000,0.11364075769059993,0.16504024963084088,0.11364075769059993,0.44206207740100595,0.05500121380831505,0.12441965817896984
TxPert_official_cell_gat_k562_all_fixed2000,K562,EIF4E,324,2000,0.11334731770590635,0.21181246282768462,0.11334731770590635,0.4521971228748098,0.05570636312438395,0.12319043858202919
TxPert_official_cell_gat_k562_all_fixed2000,K562,EIF4G1,271,2000,0.11568973722187716,0.21176247568224105,0.11568973722187716,0.44145160719201076,0.05620917334223526,0.12732804944689308
TxPert_official_cell_gat_k562_all_fixed2000,K562,EIF4G2,205,2000,0.11683778029948357,0.1838987271262033,0.11683778029948357,0.4428957531139752,0.05576372420251913,0.12590710692386742
TxPert_official_cell_gat_k562_all_fixed2000,K562,EIF5,94,2000,0.11473458059771673,0.14011916041214584,0.11473458059771673,0.441342835295901,0.055297163642525037,0.1252929875989056
TxPert_official_cell_gat_k562_all_fixed2000,K562,EIF5A,100,2000,0.11096742806665212,0.13618493657275646,0.11096742806665212,0.4469579616717124,0.0537835574763058,0.12033247169782993
TxPert_official_cell_gat_k562_all_fixed2000,K562,EIF6,107,2000,0.11913224997399555,0.16635133399864735,0.11913224997399555,0.43973015979030183,0.05592927430014,0.12718998636552845
TxPert_official_cell_gat_k562_all_fixed2000,K562,ELP3,117,2000,0.1212048412202453,0.1802891401294793,0.1212048412202453,0.42438637260925527,0.05524334332609532,0.13017228070901476
TxPert_official_cell_gat_k562_all_fixed2000,K562,ELP5,167,2000,0.1200702252509345,0.1783109968581348,0.1200702252509345,0.4327382485139981,0.05571854464375795,0.12875807384143176
TxPert_official_cell_gat_k562_all_fixed2000,K562,EP400,78,2000,0.1103848656333776,0.13312079831212412,0.1103848656333776,0.47161811895241734,0.05526431099753961,0.11718020916688586
TxPert_official_cell_gat_k562_all_fixed2000,K562,EPRS,71,2000,0.1056278064482287,0.1333770135183561,0.1056278064482287,0.45673651932816517,0.05535625267061483,0.12119952996104974
TxPert_official_cell_gat_k562_all_fixed2000,K562,ERCC2,116,2000,0.10701166127478438,0.17597403753032664,0.10701166127478438,0.46804643488157904,0.054847278080348304,0.11718340921107792
TxPert_official_cell_gat_k562_all_fixed2000,K562,ERCC3,160,2000,0.10880681093030052,0.1923258513576943,0.10880681093030052,0.4562046260810801,0.05413001092169702,0.11865291722304336
TxPert_official_cell_gat_k562_all_fixed2000,K562,ERH,42,2000,0.112794445621563,0.1274261906769612,0.11286178558909826,0.49993954240777894,0.058859432169274035,0.11773309770310983
TxPert_official_cell_gat_k562_all_fixed2000,K562,ESF1,121,2000,0.1077057564882894,0.17560590529773012,0.10773789786593435,0.4670762635682996,0.05465399839021799,0.1170130051194434
TxPert_official_cell_gat_k562_all_fixed2000,K562,ETF1,40,2000,0.10379826242755436,0.16653889481559772,0.10392227468851917,0.4570513498602627,0.054714579736816135,0.11971210358841156
TxPert_official_cell_gat_k562_all_fixed2000,K562,EXOC7,32,2000,0.10352943977730118,0.16190283890788573,0.10393251935714691,0.4725591461683195,0.0547764868747503,0.11591456045185508
TxPert_official_cell_gat_k562_all_fixed2000,K562,EXOSC10,77,2000,0.11623907544128712,0.20377996008795088,0.11623907544128712,0.45267311221873296,0.05631482488404057,0.12440505548025245
TxPert_official_cell_gat_k562_all_fixed2000,K562,EXOSC2,209,2000,0.10202298215358231,0.14276313415497144,0.10202298215358231,0.5017219535846416,0.05558943162432723,0.110797285466952
TxPert_official_cell_gat_k562_all_fixed2000,K562,EXOSC3,44,2000,0.09923782460592416,0.13510698922216877,0.09929707106837546,0.49053886812758196,0.05443440955298951,0.1109685938875408
TxPert_official_cell_gat_k562_all_fixed2000,K562,EXOSC4,89,2000,0.09611306577991865,0.13778515360932,0.09611306577991865,0.49696456642736975,0.05287471805948672,0.10639534600151575
TxPert_official_cell_gat_k562_all_fixed2000,K562,EXOSC5,38,2000,0.11129000429816807,0.14012242410876963,0.11142296726626624,0.46947226679766113,0.05662762202769252,0.12061973587441155
TxPert_official_cell_gat_k562_all_fixed2000,K562,EXOSC6,63,2000,0.09821641982423646,0.13203274718888658,0.09821641982423646,0.48955721829202137,0.05359665076731792,0.10947984764581489
TxPert_official_cell_gat_k562_all_fixed2000,K562,EXOSC7,84,2000,0.11145888975500841,0.13844505678235344,0.11149215113661241,0.44757957094724615,0.054974273593845144,0.12282569610860929
TxPert_official_cell_gat_k562_all_fixed2000,K562,EXOSC8,101,2000,0.09896867263399765,0.12655272501902967,0.09896867263399765,0.48235178467215245,0.05309859933059325,0.11008272368237709
TxPert_official_cell_gat_k562_all_fixed2000,K562,EXOSC9,30,2000,0.09086873219659898,0.11635665343372746,0.09157907105321701,0.49526345993176574,0.05266251704868972,0.10633232662191949
TxPert_official_cell_gat_k562_all_fixed2000,K562,FAM136A,40,2000,0.0864299511256978,0.1115011772841319,0.08666263720410981,0.5445174861468179,0.05492185064994894,0.10086333504174563
TxPert_official_cell_gat_k562_all_fixed2000,K562,FAM32A,332,2000,0.10725193535601993,0.14393903866668262,0.10728394130509661,0.47966803788343076,0.05573663840627161,0.11619835561741808
TxPert_official_cell_gat_k562_all_fixed2000,K562,FAM50A,38,2000,0.10503813176274009,0.12562046962911386,0.10513222384852335,0.48288845334931124,0.0531416495817409,0.11004953237679517
TxPert_official_cell_gat_k562_all_fixed2000,K562,FARSA,128,2000,0.10728870673750002,0.15097759847359105,0.10728870673750002,0.46828062639200524,0.05513583743116243,0.11774101499470788
TxPert_official_cell_gat_k562_all_fixed2000,K562,FARSB,91,2000,0.10304250923947847,0.15441284169614908,0.10304250923947847,0.46399522721678516,0.05420623489017633,0.11682498125481923
TxPert_official_cell_gat_k562_all_fixed2000,K562,FASTKD5,182,2000,0.11828685573335812,0.2183603689152886,0.11828685573335812,0.4388092460813166,0.05601227481119882,0.12764606497001302
TxPert_official_cell_gat_k562_all_fixed2000,K562,FBL,124,2000,0.1082981643047872,0.19855224270671418,0.1082981643047872,0.4754507157644858,0.055359234215568334,0.11643527123984347
TxPert_official_cell_gat_k562_all_fixed2000,K562,FBXO5,233,2000,0.12147744200166143,0.1633368265376113,0.12151369310342258,0.43578130106012697,0.05648295447657659,0.12961307206858017
TxPert_official_cell_gat_k562_all_fixed2000,K562,FCF1,225,2000,0.11104043090784714,0.2005218783557729,0.11107356741363882,0.4740963065338839,0.05609952973578069,0.11832939379475484
TxPert_official_cell_gat_k562_all_fixed2000,K562,FNTA,69,2000,0.11530138237246267,0.16346469655979487,0.11530138237246267,0.45382202672805455,0.05608980318235216,0.12359426965412669
TxPert_official_cell_gat_k562_all_fixed2000,K562,FTSJ3,153,2000,0.10148385753550232,0.10862308083326033,0.10148385753550232,0.49122117430967494,0.054603740721185276,0.11115917323053003
TxPert_official_cell_gat_k562_all_fixed2000,K562,GAB2,637,2000,0.10330644967011046,0.12549677892205036,0.10330644967011046,0.47974300137532067,0.05522238255971888,0.11510825848490865
TxPert_official_cell_gat_k562_all_fixed2000,K562,GAR1,121,2000,0.10664844805277633,0.1879845915051613,0.1066802739101481,0.458758923182873,0.05355091495228252,0.1167299666095783
TxPert_official_cell_gat_k562_all_fixed2000,K562,GARS,148,2000,0.10757652020580422,0.13930729873640563,0.1076086230169668,0.4598227535149969,0.05348645107546124,0.11631971124395368
TxPert_official_cell_gat_k562_all_fixed2000,K562,GATA1,95,2000,0.06686307074516452,0.07070020394700402,0.06688302391459011,0.6690888159955035,0.05666793122679787,0.08469418263335142
TxPert_official_cell_gat_k562_all_fixed2000,K562,GBF1,155,2000,0.10441126978964749,0.10789452039739503,0.10441126978964749,0.47769286723847454,0.05649222142295356,0.118260547968672
TxPert_official_cell_gat_k562_all_fixed2000,K562,GEMIN5,128,2000,0.11820906459643958,0.14816529919728766,0.11820906459643958,0.44148368379123376,0.05591262945655828,0.12664709986547754
TxPert_official_cell_gat_k562_all_fixed2000,K562,GFER,198,2000,0.11653078395909325,0.16114941285207351,0.11653078395909325,0.44199893727214007,0.054786771219523814,0.1239522663066241
TxPert_official_cell_gat_k562_all_fixed2000,K562,GFM1,230,2000,0.11730835003566399,0.18893172300144717,0.11730835003566399,0.43251947001276225,0.054988745043719936,0.12713588077488994
TxPert_official_cell_gat_k562_all_fixed2000,K562,GINS1,181,2000,0.11718944762942356,0.14722426766248511,0.11718944762942356,0.4447873259265518,0.05490753787488016,0.12344672035344798
TxPert_official_cell_gat_k562_all_fixed2000,K562,GINS2,130,2000,0.12028351335142638,0.14909407033939617,0.12031940816293084,0.4283948716616397,0.05463260882178451,0.12752862174701501
TxPert_official_cell_gat_k562_all_fixed2000,K562,GINS3,98,2000,0.12221751071742024,0.1541338617162895,0.12221751071742024,0.4269002887418133,0.05494431748603936,0.1287052682979483
TxPert_official_cell_gat_k562_all_fixed2000,K562,GINS4,58,2000,0.12305407058254994,0.1566706462442117,0.12309079217926212,0.4243460887951915,0.054836329211967696,0.12922548214219398
TxPert_official_cell_gat_k562_all_fixed2000,K562,GLE1,54,2000,0.11333250430659922,0.1426659695764026,0.11333250430659922,0.45120741446860374,0.05545941873582476,0.12291335587205919
TxPert_official_cell_gat_k562_all_fixed2000,K562,GMPS,94,2000,0.11582877344029102,0.1533667167245424,0.11582877344029102,0.43644249460533235,0.0551512752662953,0.1263654998867896
TxPert_official_cell_gat_k562_all_fixed2000,K562,GNL2,295,2000,0.11547646410007716,0.1614732691836121,0.11551092439971909,0.45212960885726544,0.05527972173763147,0.12226520765737078
TxPert_official_cell_gat_k562_all_fixed2000,K562,GNL3,29,2000,0.12324439634517678,0.15825674386993055,0.1233547974168506,0.40960653469962255,0.053507604219712915,0.13063171209569352
TxPert_official_cell_gat_k562_all_fixed2000,K562,GNL3L,66,2000,0.12142084801154712,0.18909294230641926,0.12142084801154712,0.41917755061800555,0.054312615707902315,0.1295694732032594
TxPert_official_cell_gat_k562_all_fixed2000,K562,GOLT1B,269,2000,0.11494873799525998,0.1595404948406777,0.11498304081173126,0.45181168263249094,0.055598287385008195,0.12305632698672213
TxPert_official_cell_gat_k562_all_fixed2000,K562,GPKOW,105,2000,0.10809662024815923,0.11933920308019554,0.10809662024815923,0.45066651541713043,0.053818491123936774,0.11941976625426784
TxPert_official_cell_gat_k562_all_fixed2000,K562,GPN1,76,2000,0.10191774390808651,0.16202211275887154,0.10191774390808651,0.5083530056457033,0.05683239249246938,0.11179709914827911
TxPert_official_cell_gat_k562_all_fixed2000,K562,GPN2,42,2000,0.10230199160618576,0.17030706878334578,0.10233252040105481,0.46864534645943695,0.05347888882623137,0.11411377086985001
TxPert_official_cell_gat_k562_all_fixed2000,K562,GPN3,250,2000,0.09194875300516615,0.15796827799730376,0.09194875300516615,0.5374439054446601,0.055989160901268945,0.10417675089864156
TxPert_official_cell_gat_k562_all_fixed2000,K562,GPS1,372,2000,0.10941029068000026,0.1423731218609963,0.10941029068000026,0.46917732797500855,0.05626079223512146,0.11991370358582468
TxPert_official_cell_gat_k562_all_fixed2000,K562,GRB2,53,2000,0.10954095215589595,0.15329551574912664,0.10954095215589595,0.4528773014933797,0.055043471809771136,0.12154168560191998
TxPert_official_cell_gat_k562_all_fixed2000,K562,GRPEL1,96,2000,0.10296762326668522,0.1304743034865755,0.10296762326668522,0.4823593094829372,0.05353941465202867,0.11099487972870513
TxPert_official_cell_gat_k562_all_fixed2000,K562,GRSF1,146,2000,0.11216896221291531,0.16069482861571163,0.11216896221291531,0.44993734194148055,0.05445245537053359,0.12102230485104457
TxPert_official_cell_gat_k562_all_fixed2000,K562,GSPT1,84,2000,0.10551307810952393,0.14793961007856885,0.10551307810952393,0.47200894055928067,0.05575315191294901,0.11811884466785519
TxPert_official_cell_gat_k562_all_fixed2000,K562,GTF2A1,105,2000,0.10289699230590196,0.16803415819564474,0.10292769865991745,0.48490565125708235,0.054382941171250185,0.11215159053879965
TxPert_official_cell_gat_k562_all_fixed2000,K562,GTF2A2,144,2000,0.10474380513974595,0.17844380415559555,0.10474380513974595,0.47989534680289286,0.05492205550982495,0.11444589894705536
TxPert_official_cell_gat_k562_all_fixed2000,K562,GTF2B,34,2000,0.10825762821092232,0.15413599000792025,0.10845175426270519,0.45345796375293146,0.055501761076291733,0.12239670330845723
TxPert_official_cell_gat_k562_all_fixed2000,K562,GTF2E1,176,2000,0.10663984184264509,0.17284193909834777,0.10663984184264509,0.46948750536257583,0.0542955732950774,0.11564859877721352
TxPert_official_cell_gat_k562_all_fixed2000,K562,GTF2E2,69,2000,0.110393623695565,0.1728584432458989,0.110393623695565,0.4672772635130083,0.05645456210852364,0.12081598080748952
TxPert_official_cell_gat_k562_all_fixed2000,K562,GTF2F2,52,2000,0.10167976010751038,0.1810207922157961,0.101710103217062,0.47337651456881813,0.054507255375158575,0.11514566639063334
TxPert_official_cell_gat_k562_all_fixed2000,K562,GTF2H1,409,2000,0.10060168404998979,0.15989388197018167,0.10060168404998979,0.5028820380559613,0.055562945914416975,0.11048902248392421
TxPert_official_cell_gat_k562_all_fixed2000,K562,GTF2H4,108,2000,0.11007749757587991,0.16821087684990235,0.11007749757587991,0.4706782267119975,0.05557677564886344,0.11807806546804546
TxPert_official_cell_gat_k562_all_fixed2000,K562,GTF3C3,129,2000,0.11560387168340934,0.1441779818722528,0.11560387168340934,0.44355520563364603,0.055695026560557616,0.1255650358681812
TxPert_official_cell_gat_k562_all_fixed2000,K562,GTPBP4,48,2000,0.12430291385435031,0.1729935741456219,0.12430291385435031,0.41352237233345307,0.054492325745139555,0.1317760007031456
TxPert_official_cell_gat_k562_all_fixed2000,K562,GUCD1,247,2000,0.10932616215483548,0.1302937384057307,0.10932616215483548,0.4713065145079376,0.0549292670659552,0.11654679960839391
TxPert_official_cell_gat_k562_all_fixed2000,K562,HARS,263,2000,0.09842045228656732,0.15001915126945792,0.09842045228656732,0.49703257987386873,0.055665553169856226,0.11199578116996795
TxPert_official_cell_gat_k562_all_fixed2000,K562,HARS2,62,2000,0.10934135864098586,0.16004348883272596,0.10934135864098586,0.42876935745822814,0.05128089717232572,0.1196001885030223
TxPert_official_cell_gat_k562_all_fixed2000,K562,HAUS4,183,2000,0.11363264526164811,0.13379251073825493,0.1136665553318545,0.45844681201711623,0.055605913582424636,0.12129195996553026
TxPert_official_cell_gat_k562_all_fixed2000,K562,HAUS5,153,2000,0.11639931730386578,0.14697045087936592,0.11639931730386578,0.4517718911842224,0.05555592889973655,0.12297340484016091
TxPert_official_cell_gat_k562_all_fixed2000,K562,HBS1L,120,2000,0.097984954936638,0.12496199088667419,0.09801419544840663,0.5093542497947386,0.054844906429681255,0.1076753661622126
TxPert_official_cell_gat_k562_all_fixed2000,K562,HDAC7,148,2000,0.1209178893938336,0.13786612975898982,0.1209178893938336,0.4326064978835123,0.05551628829946916,0.12832975761524604
TxPert_official_cell_gat_k562_all_fixed2000,K562,HEATR1,216,2000,0.10407652436280698,0.17017483493645025,0.10407652436280698,0.5026549800590285,0.05615210611509885,0.11171102888783557
TxPert_official_cell_gat_k562_all_fixed2000,K562,HGS,96,2000,0.10807501271865151,0.14300122329122725,0.10810726428914351,0.47273614583425844,0.05524925794635804,0.11687123412182684
TxPert_official_cell_gat_k562_all_fixed2000,K562,HINFP,157,2000,0.10947050806903684,0.13605706809796242,0.10947050806903684,0.4720145127604891,0.054805603218103745,0.11610999360270394
TxPert_official_cell_gat_k562_all_fixed2000,K562,HIRA,228,2000,0.12067307763063251,0.16641291578513717,0.12067307763063251,0.43268430004660974,0.05576775963748818,0.1288878712322172
TxPert_official_cell_gat_k562_all_fixed2000,K562,HMGCS1,216,2000,0.1168435231175975,0.1439419677324394,0.11687839137278032,0.45410582706163277,0.05645572180047894,0.1243228278363147
TxPert_official_cell_gat_k562_all_fixed2000,K562,HNRNPC,273,2000,0.11591920118600368,0.17416496423369623,0.11591920118600368,0.45231841652162896,0.05618940581229175,0.12422533002777168
TxPert_official_cell_gat_k562_all_fixed2000,K562,HNRNPH1,92,2000,0.10408698039686522,0.14260833526573535,0.10408698039686522,0.46774147493289103,0.0541875793625265,0.1158494191942394
TxPert_official_cell_gat_k562_all_fixed2000,K562,HNRNPL,55,2000,0.11790639744303198,0.1704015235427428,0.11790639744303198,0.43477346938645783,0.05572140257050415,0.12816191698062376
TxPert_official_cell_gat_k562_all_fixed2000,K562,HNRNPM,128,2000,0.12117764557488399,0.15447349469612925,0.12117764557488399,0.4296696234721165,0.05532062894635255,0.1287515445280882
TxPert_official_cell_gat_k562_all_fixed2000,K562,HNRNPU,73,2000,0.11512486821351796,0.17208695136234944,0.11512486821351796,0.44059585128379597,0.05516046674031351,0.12519515407972392
TxPert_official_cell_gat_k562_all_fixed2000,K562,HSCB,85,2000,0.11824095347925499,0.14940690374581614,0.11824095347925499,0.4290447697843602,0.0546250503963673,0.12731783014309625
TxPert_official_cell_gat_k562_all_fixed2000,K562,HSD17B12,135,2000,0.10842730086068714,0.11518421854249787,0.10845965756043667,0.45688251663790697,0.05342730264560607,0.11693881803439772
TxPert_official_cell_gat_k562_all_fixed2000,K562,HSF1,87,2000,0.117888198422413,0.19147150826884293,0.117888198422413,0.4315613614319689,0.05571759338668484,0.12910699862178962
TxPert_official_cell_gat_k562_all_fixed2000,K562,HSPA5,202,2000,0.09911868041461723,0.08777137959594289,0.09911868041461723,0.5326177214910244,0.05670228679397707,0.10645963031542933
TxPert_official_cell_gat_k562_all_fixed2000,K562,HSPA8,146,2000,0.10337978225533893,0.13777145590243867,0.10337978225533893,0.4761986704543233,0.055031655785190904,0.11556448609367684
TxPert_official_cell_gat_k562_all_fixed2000,K562,HSPA9,374,2000,0.09399979691618393,0.149566574401771,0.09399979691618393,0.534141411629632,0.05683545659964144,0.10640525954014204
TxPert_official_cell_gat_k562_all_fixed2000,K562,HSPE1,25,2000,0.11575278371072405,0.16545470714409988,0.11662258220569492,0.43277963440162903,0.05636608323698024,0.13024199258473274
TxPert_official_cell_gat_k562_all_fixed2000,K562,HUWE1,77,2000,0.11909991401565556,0.1540301295298946,0.11913545561936062,0.43573728444806015,0.056025090481144624,0.12857538520339531
TxPert_official_cell_gat_k562_all_fixed2000,K562,HYPK,121,2000,0.10998445020769831,0.16320571182075966,0.10998445020769831,0.4590303391431567,0.05562674601077212,0.12118315513256822
TxPert_official_cell_gat_k562_all_fixed2000,K562,IARS,45,2000,0.10475886733277946,0.1570571379986677,0.10488402726985567,0.4529801997576167,0.054278674799791114,0.11982570900577502
TxPert_official_cell_gat_k562_all_fixed2000,K562,IARS2,185,2000,0.10751183054907452,0.16021122732107212,0.10754391405565437,0.4779386631495414,0.05650408592659688,0.11822455285788813
TxPert_official_cell_gat_k562_all_fixed2000,K562,ICE1,319,2000,0.11014107110003017,0.13720725485540003,0.11014107110003017,0.46056091482784406,0.05585580766251031,0.12127778248532266
TxPert_official_cell_gat_k562_all_fixed2000,K562,IGBP1,245,2000,0.10664241518771837,0.12919210717169816,0.1066742392447723,0.48606642047143345,0.05575303227056112,0.11470249491717939
TxPert_official_cell_gat_k562_all_fixed2000,K562,IK,123,2000,0.10621574482661884,0.12531613669481545,0.10624744155739371,0.4868518213677022,0.05742109617594017,0.11794367911614574
TxPert_official_cell_gat_k562_all_fixed2000,K562,ILF2,53,2000,0.11928223194328838,0.15757640297231804,0.11928223194328838,0.4095488115540553,0.05402651113715814,0.13191714465726356
TxPert_official_cell_gat_k562_all_fixed2000,K562,ILF3,125,2000,0.11751910557524828,0.1562370102341683,0.11751910557524828,0.4298894001468839,0.05517424046407012,0.12834519567536748
TxPert_official_cell_gat_k562_all_fixed2000,K562,IMP4,148,2000,0.10848262724306777,0.20206278913811856,0.10848262724306777,0.48060627291534724,0.05551735196339838,0.11551524384290471
TxPert_official_cell_gat_k562_all_fixed2000,K562,IMPDH2,70,2000,0.12306858655104409,0.17813026127717968,0.12310531247958811,0.417818856691866,0.056356549505888975,0.13488273028956094
TxPert_official_cell_gat_k562_all_fixed2000,K562,INO80,143,2000,0.11170849821465201,0.14807321372067217,0.11170849821465201,0.45989929792606815,0.05574384372179044,0.12120880105945198
TxPert_official_cell_gat_k562_all_fixed2000,K562,INO80B,115,2000,0.10556076020016385,0.1542392988777754,0.10556076020016385,0.46008187536514755,0.053645421389066944,0.11659972516955507
TxPert_official_cell_gat_k562_all_fixed2000,K562,INTS1,183,2000,0.11718456119181922,0.15726681003164583,0.11718456119181922,0.44229772377554744,0.056294929686553676,0.12727835886928066
TxPert_official_cell_gat_k562_all_fixed2000,K562,INTS2,351,2000,0.09019166280845847,0.1102869807076383,0.09019166280845847,0.5608066228665145,0.055238266243001446,0.09849788323767826
TxPert_official_cell_gat_k562_all_fixed2000,K562,INTS3,103,2000,0.10534390147903865,0.14324930658958127,0.10534390147903865,0.46496731747021824,0.05458391216096773,0.11739300577945211
TxPert_official_cell_gat_k562_all_fixed2000,K562,INTS4,47,2000,0.11350436867193417,0.14391437606748753,0.11353824046204815,0.46188863220142296,0.05579492082949373,0.12079734319416838
TxPert_official_cell_gat_k562_all_fixed2000,K562,INTS5,62,2000,0.09656765525585642,0.10387683887633145,0.09656765525585642,0.493341733373008,0.05289904251805816,0.10722596096649785
TxPert_official_cell_gat_k562_all_fixed2000,K562,INTS6,112,2000,0.11779220226462211,0.15931625185579026,0.11782735362310155,0.44126248993023987,0.05696201550330843,0.1290887295256535
TxPert_official_cell_gat_k562_all_fixed2000,K562,INTS7,78,2000,0.10674526303807738,0.12340323424911537,0.10677711778682047,0.4892597886998215,0.05536647981915152,0.11316376282352364
TxPert_official_cell_gat_k562_all_fixed2000,K562,INTS8,307,2000,0.09379343771918514,0.10087938645974714,0.09382142740516519,0.5385492256333552,0.0552593864985355,0.10260786357545985
TxPert_official_cell_gat_k562_all_fixed2000,K562,INTS9,222,2000,0.10323048620216367,0.13792442272627764,0.10323048620216367,0.48186825562561897,0.054268574325099975,0.11262118341543415
TxPert_official_cell_gat_k562_all_fixed2000,K562,IPO13,51,2000,0.11487056748491214,0.15676628122552663,0.11487056748491214,0.4396835114664636,0.055425904810579775,0.1260586355970753
TxPert_official_cell_gat_k562_all_fixed2000,K562,IPO9,173,2000,0.1115793334613015,0.153977080481564,0.11161263078552151,0.44644733033185224,0.05441014487299122,0.12187360066373605
TxPert_official_cell_gat_k562_all_fixed2000,K562,ISCU,32,2000,0.1061381474238488,0.10341097886119505,0.10626495524633847,0.46248321740650233,0.05400220916127489,0.11676576784007203
TxPert_official_cell_gat_k562_all_fixed2000,K562,ISG20L2,72,2000,0.11729125799554714,0.17340132521612417,0.11729125799554714,0.4314127579598125,0.055020521974873456,0.127535682903105
TxPert_official_cell_gat_k562_all_fixed2000,K562,JAZF1,209,2000,0.11985777588345689,0.17022917030484627,0.11985777588345689,0.43833339557514,0.05648693099183415,0.12886750193660756
TxPert_official_cell_gat_k562_all_fixed2000,K562,KANSL1,41,2000,0.10774146795017134,0.1693026372245735,0.10822577182168844,0.4319987568942061,0.056685017332988114,0.1312156924440248
TxPert_official_cell_gat_k562_all_fixed2000,K562,KANSL2,151,2000,0.10562783493102991,0.14683891589273323,0.10565935621868465,0.4471888687630542,0.05538401670055465,0.1238492711485793
TxPert_official_cell_gat_k562_all_fixed2000,K562,KANSL3,182,2000,0.10950512501106568,0.17485398156672807,0.10950512501106568,0.43151569062963946,0.05341144484264425,0.1237763649496641
TxPert_official_cell_gat_k562_all_fixed2000,K562,KARS,45,2000,0.1045777169941807,0.146224073239278,0.10467139664511609,0.4694902786198195,0.055482863134711194,0.1181768068042824
TxPert_official_cell_gat_k562_all_fixed2000,K562,KAT8,254,2000,0.12177736464245613,0.17031272166939587,0.12177736464245613,0.4158960009158228,0.05613304544056862,0.13496894408042287
TxPert_official_cell_gat_k562_all_fixed2000,K562,KCTD10,75,2000,0.11715367908187346,0.17032912654937982,0.11722362157684772,0.4509735380986214,0.05665678384037008,0.125632166408084
TxPert_official_cell_gat_k562_all_fixed2000,K562,KIF20A,95,2000,0.12413812763525829,0.1416438704709914,0.12417517273452276,0.42808569758810416,0.05576275989865032,0.13026073730147558
TxPert_official_cell_gat_k562_all_fixed2000,K562,KIN,144,2000,0.10990501157907781,0.11827884729925811,0.10993780925486983,0.4567422056726242,0.05466049093473037,0.11967470721801853
TxPert_official_cell_gat_k562_all_fixed2000,K562,KPNB1,214,2000,0.10616057399202344,0.11644840326268761,0.10616057399202344,0.48291617597882297,0.05536088358848701,0.11463869962502089
TxPert_official_cell_gat_k562_all_fixed2000,K562,KRI1,51,2000,0.11068745573876486,0.1998921223357066,0.11072048691027747,0.44132005491767407,0.053199339317916934,0.12054593377221812
TxPert_official_cell_gat_k562_all_fixed2000,K562,KRR1,398,2000,0.10876156977939096,0.20698247937391703,0.10876156977939096,0.4844700656757915,0.05651399062036233,0.11665114825003481
TxPert_official_cell_gat_k562_all_fixed2000,K562,LAMTOR2,64,2000,0.11370096341115987,0.13165036969533062,0.11373489386875794,0.45411176954558335,0.05545948787332849,0.12212739323526293
TxPert_official_cell_gat_k562_all_fixed2000,K562,LAMTOR4,123,2000,0.11122020835100373,0.13952735814396414,0.11122020835100373,0.4557767111416861,0.055268623900926524,0.12126249836209892
TxPert_official_cell_gat_k562_all_fixed2000,K562,LARS,74,2000,0.10769702953243371,0.1667078726928234,0.10772916830579463,0.4527509579955109,0.054541872600971465,0.12046771063228794
TxPert_official_cell_gat_k562_all_fixed2000,K562,LAS1L,75,2000,0.12925832324467498,0.19131088976463584,0.12925832324467498,0.40986845383247233,0.05649665914951582,0.1378409517561907
TxPert_official_cell_gat_k562_all_fixed2000,K562,LETM1,110,2000,0.10867758150291124,0.18390425084078227,0.10867758150291124,0.4543887559986877,0.05417748871031562,0.11923157605193102
TxPert_official_cell_gat_k562_all_fixed2000,K562,LIN54,281,2000,0.1157529931061529,0.1224024610755235,0.11578753592713355,0.4379760752118644,0.05432438182403937,0.12403504131455205
TxPert_official_cell_gat_k562_all_fixed2000,K562,LONP1,109,2000,0.11613229749613274,0.14878574635090064,0.11616695350851594,0.4370451610482038,0.05510256518545919,0.1260797941167085
TxPert_official_cell_gat_k562_all_fixed2000,K562,LRPPRC,92,2000,0.10888839492270122,0.22635409746268542,0.10888839492270122,0.46872642322983554,0.055491479021816045,0.11838777395045337
TxPert_official_cell_gat_k562_all_fixed2000,K562,LSG1,106,2000,0.12183296590557059,0.17520130079959093,0.12183296590557059,0.4202118018688745,0.054211124416878614,0.12900904469052618
TxPert_official_cell_gat_k562_all_fixed2000,K562,LSM10,122,2000,0.11926022808140499,0.1497156403908446,0.11929581752577424,0.42775411411790903,0.05588687438373888,0.13065186571604823
TxPert_official_cell_gat_k562_all_fixed2000,K562,LSM11,130,2000,0.11888721080853229,0.16394815484305528,0.11888721080853229,0.44636577653936466,0.05667058674116822,0.12695996971571316
TxPert_official_cell_gat_k562_all_fixed2000,K562,LSM2,269,2000,0.1125306778572337,0.1494934654288128,0.1125306778572337,0.4670049282070918,0.05723867143105898,0.12256545220015785
TxPert_official_cell_gat_k562_all_fixed2000,K562,LSM3,64,2000,0.12318038317540161,0.1988314068301085,0.12321714246611347,0.4301120722564138,0.05687684467132371,0.13223726330342017
TxPert_official_cell_gat_k562_all_fixed2000,K562,LSM4,68,2000,0.12037921304809614,0.18361579900849997,0.12041513641814929,0.43236542669167144,0.055547806120845485,0.12847420586132038
TxPert_official_cell_gat_k562_all_fixed2000,K562,LSM5,139,2000,0.11382475099639157,0.13386298470926067,0.11382475099639157,0.4484414575545913,0.0549736137214608,0.12258815854215924
TxPert_official_cell_gat_k562_all_fixed2000,K562,LSM6,423,2000,0.11151169400534325,0.16572625608192343,0.11154497114470625,0.46063300071857644,0.05543759565420898,0.1203508961889806
TxPert_official_cell_gat_k562_all_fixed2000,K562,LSM7,126,2000,0.11665476422006298,0.17138929222667706,0.11665476422006298,0.4366928584215749,0.05473355400825569,0.12533649611932057
TxPert_official_cell_gat_k562_all_fixed2000,K562,LTV1,259,2000,0.10482156460088338,0.1885451266621575,0.10482156460088338,0.49145899281385846,0.05526511399297663,0.11245111733950361
TxPert_official_cell_gat_k562_all_fixed2000,K562,LUC7L3,34,2000,0.11773961224804093,0.1621970695489427,0.118021285961553,0.4342072715991685,0.05686122412737214,0.13095410081091793
TxPert_official_cell_gat_k562_all_fixed2000,K562,MAD2L1,103,2000,0.1112943344021472,0.11885510825095622,0.11132754667740896,0.4526990859927098,0.055431019323505686,0.12244561523135522
TxPert_official_cell_gat_k562_all_fixed2000,K562,MAGOH,149,2000,0.11139524559250177,0.15780788391603065,0.11139524559250177,0.4660063514481511,0.055036419236711355,0.11810229170623635
TxPert_official_cell_gat_k562_all_fixed2000,K562,MAK16,183,2000,0.11745925164734526,0.16408781811179776,0.11745925164734526,0.44112586514948743,0.05539339207666248,0.1255727564335031
TxPert_official_cell_gat_k562_all_fixed2000,K562,MARS,81,2000,0.11118472073141207,0.14736372533921427,0.11121790029593949,0.45503396600004736,0.056829030667142705,0.12488964267392813
TxPert_official_cell_gat_k562_all_fixed2000,K562,MARS2,74,2000,0.11144600066970148,0.16045740525153732,0.11144600066970148,0.4336882610523047,0.05209847790431365,0.12012886070887158
TxPert_official_cell_gat_k562_all_fixed2000,K562,MAT2A,30,2000,0.10873568490675896,0.14663309129888968,0.10928995976235563,0.4177009809348812,0.05358743787668691,0.12829138316562216
TxPert_official_cell_gat_k562_all_fixed2000,K562,MAU2,61,2000,0.11417750326213835,0.14572328712066165,0.11417750326213835,0.45035081112708425,0.0568852197017403,0.12631312530834243
TxPert_official_cell_gat_k562_all_fixed2000,K562,MAX,161,2000,0.09344203511743286,0.13692972832529848,0.09344203511743286,0.5189585808380052,0.0557001289726804,0.10733058466714428
TxPert_official_cell_gat_k562_all_fixed2000,K562,MCM10,190,2000,0.11631294778794553,0.13514763496722312,0.11634765770969663,0.4404861208533774,0.05384296612735718,0.12223532673558714
TxPert_official_cell_gat_k562_all_fixed2000,K562,MCM2,114,2000,0.122211528998263,0.1627378269736068,0.12224799916507838,0.4234790963351922,0.05461073420874594,0.12895732845322586
TxPert_official_cell_gat_k562_all_fixed2000,K562,MCM3,104,2000,0.11713893963506354,0.14067738165262864,0.11713893963506354,0.42401771513514025,0.05302410056486145,0.12505161322669223
TxPert_official_cell_gat_k562_all_fixed2000,K562,MCM3AP,100,2000,0.112172465230234,0.1700724914072807,0.112172465230234,0.45077720734608645,0.05475090161796108,0.12145889257736335
TxPert_official_cell_gat_k562_all_fixed2000,K562,MCM4,69,2000,0.11205304282853146,0.13568039895172254,0.11208648151633466,0.4556159172589426,0.05566350023650069,0.12217198062276072
TxPert_official_cell_gat_k562_all_fixed2000,K562,MCM6,84,2000,0.12308030299776396,0.1751993411392791,0.12311703242271108,0.4162962849756485,0.054737481812786475,0.1314868339531784
TxPert_official_cell_gat_k562_all_fixed2000,K562,MCMBP,141,2000,0.11537507640280102,0.145118976081675,0.11537507640280102,0.44734846878805706,0.05586912924646642,0.12488950314042728
TxPert_official_cell_gat_k562_all_fixed2000,K562,MDN1,68,2000,0.11608789313915265,0.1539622014704334,0.11612253590045947,0.42835539133645834,0.05339813345294726,0.12465848051955548
TxPert_official_cell_gat_k562_all_fixed2000,K562,MED1,233,2000,0.08191142488999674,0.13731666283087093,0.08193586876492662,0.5851122954838104,0.05492912642693877,0.09387792037892564
TxPert_official_cell_gat_k562_all_fixed2000,K562,MED10,454,2000,0.09171864856111533,0.14191172988226727,0.09174601909187068,0.5402181181069774,0.05532991844418333,0.10242143972115379
TxPert_official_cell_gat_k562_all_fixed2000,K562,MED11,227,2000,0.09392196588961299,0.1434630995346417,0.09392196588961299,0.5365484651115886,0.05620308947668307,0.1047493229106545
TxPert_official_cell_gat_k562_all_fixed2000,K562,MED12,567,2000,0.08123009277836912,0.11910091161068834,0.08123009277836912,0.5978228090948877,0.05519381185614577,0.09232469904663389
TxPert_official_cell_gat_k562_all_fixed2000,K562,MED14,114,2000,0.0925905642242076,0.14401539484346557,0.09261819495062484,0.525571558757425,0.054338853458344924,0.10339001705669652
TxPert_official_cell_gat_k562_all_fixed2000,K562,MED17,143,2000,0.08121696883660973,0.11945540394871124,0.08124120547308739,0.5838770470321889,0.05539483872946877,0.09487414869670906
TxPert_official_cell_gat_k562_all_fixed2000,K562,MED19,526,2000,0.08563299374343418,0.13339007655064913,0.08565854820292193,0.5662095802402688,0.05442687415385615,0.09612495989472788
TxPert_official_cell_gat_k562_all_fixed2000,K562,MED20,78,2000,0.09344110147234984,0.16187146605559594,0.09346898601471701,0.5280683649797214,0.053958320826806606,0.10218055725999248
TxPert_official_cell_gat_k562_all_fixed2000,K562,MED21,61,2000,0.08036550407515898,0.13229471333656223,0.08046152020906,0.5687304626625733,0.05360255773431514,0.0942494912983455
TxPert_official_cell_gat_k562_all_fixed2000,K562,MED22,279,2000,0.08960840164296716,0.1169065765670114,0.08960840164296716,0.5699082615952007,0.05603053404378365,0.09831500407416703
TxPert_official_cell_gat_k562_all_fixed2000,K562,MED26,99,2000,0.11543109953327556,0.17860873437718333,0.11543109953327556,0.45373665882021125,0.05642327599072951,0.12435247108733609
TxPert_official_cell_gat_k562_all_fixed2000,K562,MED28,66,2000,0.09397646420997433,0.1621291413160562,0.09397646420997433,0.5392245747357927,0.057524930664337066,0.10668083817529003
TxPert_official_cell_gat_k562_all_fixed2000,K562,MED29,86,2000,0.09256985256852193,0.13729113510161928,0.09256985256852193,0.5325334325926223,0.05474022414181315,0.1027920873388009
TxPert_official_cell_gat_k562_all_fixed2000,K562,MED30,283,2000,0.07609250011257639,0.12943798395117992,0.07611520751338587,0.6142413128282973,0.05573888261058438,0.09074427352743478
TxPert_official_cell_gat_k562_all_fixed2000,K562,MED31,35,2000,0.1070665268956526,0.17867453601113975,0.10725851708135908,0.45040618919974157,0.053715771586780925,0.11926072883148663
TxPert_official_cell_gat_k562_all_fixed2000,K562,MED4,56,2000,0.08328423183978854,0.1273129138777248,0.08335883700417177,0.5791023711013765,0.05553571899134782,0.09589965574951737
TxPert_official_cell_gat_k562_all_fixed2000,K562,MED6,231,2000,0.0851784884736702,0.13345909759169516,0.08520390730043047,0.5605210137946935,0.054749760363831106,0.09767655099389229
TxPert_official_cell_gat_k562_all_fixed2000,K562,MED7,265,2000,0.0831960202148864,0.11647684418501686,0.08322084743667539,0.5887813417850004,0.05579842842969742,0.09476935412532017
TxPert_official_cell_gat_k562_all_fixed2000,K562,MED8,94,2000,0.09534470934958182,0.15325073537155506,0.09537316196353278,0.5164103353778368,0.05477670558829969,0.1060720531232227
TxPert_official_cell_gat_k562_all_fixed2000,K562,MED9,119,2000,0.07812868273567553,0.11784330306932578,0.07812868273567553,0.6049406797600675,0.054578737467960825,0.09022163394168099
TxPert_official_cell_gat_k562_all_fixed2000,K562,METAP2,131,2000,0.11146086066570393,0.15278182342030475,0.11146086066570393,0.4513233621984827,0.05498617410888731,0.12183320762015738
TxPert_official_cell_gat_k562_all_fixed2000,K562,METTL14,115,2000,0.11429205018185853,0.14808730753216698,0.11432615703061468,0.4496980227521113,0.05570056119356928,0.12386214111875671
TxPert_official_cell_gat_k562_all_fixed2000,K562,METTL16,42,2000,0.11345547123572529,0.1497778464523119,0.11359102138057084,0.421567282126883,0.05231168007976565,0.12408856440414007
TxPert_official_cell_gat_k562_all_fixed2000,K562,METTL3,127,2000,0.11608683483148392,0.1351667523881627,0.11612147727697229,0.4398766480626312,0.054755703125233486,0.12447967429414537
TxPert_official_cell_gat_k562_all_fixed2000,K562,MEX3A,165,2000,0.1202746204741445,0.19155160669720217,0.1202746204741445,0.4289920723728106,0.05575175351218203,0.12995986593461556
TxPert_official_cell_gat_k562_all_fixed2000,K562,MFAP1,164,2000,0.09774119057063192,0.11888562505614729,0.09774119057063192,0.50980187056315,0.05692334577290071,0.11165777911611591
TxPert_official_cell_gat_k562_all_fixed2000,K562,MICOS10,83,2000,0.12554342453721457,0.20416746420761844,0.12554342453721457,0.427871524600361,0.05761016904290873,0.13464361235602543
TxPert_official_cell_gat_k562_all_fixed2000,K562,MIOS,160,2000,0.11743407860825793,0.1801133577056463,0.11743407860825793,0.4365568998169714,0.0552174521241446,0.12648397238127507
TxPert_official_cell_gat_k562_all_fixed2000,K562,MMS22L,54,2000,0.12441667545766633,0.15347442862393806,0.12445380368072144,0.407603901405741,0.05322749373505252,0.13058631736747076
TxPert_official_cell_gat_k562_all_fixed2000,K562,MNAT1,79,2000,0.102439114781021,0.18343731841181946,0.102439114781021,0.480506605371335,0.05369843340474393,0.11175378587294961
TxPert_official_cell_gat_k562_all_fixed2000,K562,MOB4,105,2000,0.11371717236989715,0.17052061737026064,0.11375110766454648,0.4401825511343512,0.054381049689831255,0.12354203571738781
TxPert_official_cell_gat_k562_all_fixed2000,K562,MPHOSPH10,38,2000,0.11088577162862637,0.19980344648284679,0.11101825164251959,0.4658128804902865,0.054967132258020024,0.11800260014308522
TxPert_official_cell_gat_k562_all_fixed2000,K562,MRGBP,68,2000,0.11795650589599323,0.162180478692534,0.1179917062856966,0.4333608065831847,0.05470316470122779,0.12623006651254862
TxPert_official_cell_gat_k562_all_fixed2000,K562,MRPL10,96,2000,0.12049969995354491,0.20317147466239152,0.12053565927910548,0.4223910849330267,0.054662694233894214,0.1294125157694468
TxPert_official_cell_gat_k562_all_fixed2000,K562,MRPL13,72,2000,0.11918497845322187,0.2029724805552995,0.11918497845322187,0.4241218544102689,0.05472942053549868,0.12904173335085803
TxPert_official_cell_gat_k562_all_fixed2000,K562,MRPL14,188,2000,0.12106594761590564,0.2249332270818341,0.12106594761590564,0.43207965550859756,0.05580878734623631,0.12916318864611281
TxPert_official_cell_gat_k562_all_fixed2000,K562,MRPL16,73,2000,0.12085283503158535,0.18610231637189453,0.12088889973914478,0.42088308104164984,0.0557165155861569,0.13238002849737504
TxPert_official_cell_gat_k562_all_fixed2000,K562,MRPL17,96,2000,0.11636949430026326,0.20625898088981484,0.11636949430026326,0.43002782668473827,0.054043051323337775,0.12567337905373271
TxPert_official_cell_gat_k562_all_fixed2000,K562,MRPL18,128,2000,0.11685118777140079,0.18660446353021773,0.11685118777140079,0.440694575705221,0.05561989329239634,0.12620961340696
TxPert_official_cell_gat_k562_all_fixed2000,K562,MRPL19,177,2000,0.12287096756676691,0.21591489060044863,0.12287096756676691,0.42757533697460326,0.05585822430333716,0.1306394877501087
TxPert_official_cell_gat_k562_all_fixed2000,K562,MRPL2,131,2000,0.1132650167910947,0.17026938564155222,0.1132650167910947,0.4382038227191333,0.05425748969583833,0.12381792591625886
TxPert_official_cell_gat_k562_all_fixed2000,K562,MRPL22,86,2000,0.11830546828507804,0.18669084493829902,0.11834077281157314,0.4342736496250001,0.05595225232257675,0.12884099940782068
TxPert_official_cell_gat_k562_all_fixed2000,K562,MRPL24,183,2000,0.11448171687069517,0.18823141000837892,0.11448171687069517,0.44140907329527185,0.05522448986908755,0.1251095456777137
TxPert_official_cell_gat_k562_all_fixed2000,K562,MRPL27,88,2000,0.12400791996660583,0.21609438338809414,0.12400791996660583,0.4194709209347396,0.05543453965885099,0.13215347136289496
TxPert_official_cell_gat_k562_all_fixed2000,K562,MRPL3,146,2000,0.11618221076836659,0.18575721318857932,0.11618221076836659,0.43886188555593314,0.0552190684778438,0.12582333767641057
TxPert_official_cell_gat_k562_all_fixed2000,K562,MRPL32,62,2000,0.11557974269645921,0.204731963006174,0.11557974269645921,0.4109656506482521,0.051741577413401005,0.12590243508857768
TxPert_official_cell_gat_k562_all_fixed2000,K562,MRPL33,126,2000,0.12365991587421371,0.2064309036791706,0.12365991587421371,0.4219180131886768,0.056418751204899815,0.133719699335219
TxPert_official_cell_gat_k562_all_fixed2000,K562,MRPL35,156,2000,0.11856005510914665,0.18373627264388037,0.11856005510914665,0.4376350967680284,0.05576122176257209,0.1274148734875804
TxPert_official_cell_gat_k562_all_fixed2000,K562,MRPL36,160,2000,0.11291726787313297,0.158904494877699,0.11291726787313297,0.4449241421200992,0.055480127530711486,0.1246956976067589
TxPert_official_cell_gat_k562_all_fixed2000,K562,MRPL37,100,2000,0.1184427352581733,0.19252849539304745,0.1184427352581733,0.4309291267603068,0.0556788414569465,0.1292064905973541
TxPert_official_cell_gat_k562_all_fixed2000,K562,MRPL38,132,2000,0.11492428801913515,0.16173814460334646,0.11492428801913515,0.44291661609328736,0.05551020619376099,0.12532879310353412
TxPert_official_cell_gat_k562_all_fixed2000,K562,MRPL39,146,2000,0.12166943284326731,0.2211618958661797,0.12166943284326731,0.42916621159771035,0.05609214729473866,0.13070028457952135
TxPert_official_cell_gat_k562_all_fixed2000,K562,MRPL4,109,2000,0.11276225968075224,0.1607367601627055,0.11276225968075224,0.43767405086261424,0.053317130955662984,0.12181926169117711
TxPert_official_cell_gat_k562_all_fixed2000,K562,MRPL41,66,2000,0.12454522513986885,0.1808801794084178,0.12454522513986885,0.42051941334427756,0.05602904578258544,0.13323771191590048
TxPert_official_cell_gat_k562_all_fixed2000,K562,MRPL43,90,2000,0.1153922304891027,0.16977433170982428,0.1153922304891027,0.4155911871212089,0.05216288921981161,0.12551490402381668
TxPert_official_cell_gat_k562_all_fixed2000,K562,MRPL49,36,2000,0.10049925719449815,0.1932598459160925,0.10058928340279419,0.44957147835840544,0.049418222475663576,0.10992294608386419
TxPert_official_cell_gat_k562_all_fixed2000,K562,MRPL50,147,2000,0.1181184539555317,0.20450973554890883,0.11815370267351306,0.43704612328446424,0.05517452111487724,0.12624415802568212
TxPert_official_cell_gat_k562_all_fixed2000,K562,MRPL51,100,2000,0.11701784519039551,0.18054949889242278,0.11701784519039551,0.4325727511481839,0.0554157502158225,0.12810735023798472
TxPert_official_cell_gat_k562_all_fixed2000,K562,MRPL53,153,2000,0.1195350183813262,0.1865859351392676,0.1195350183813262,0.42726807802702205,0.05487204942010958,0.12842533986914384
TxPert_official_cell_gat_k562_all_fixed2000,K562,MRPL54,112,2000,0.1115490547842207,0.15683432718509854,0.11158234307272688,0.4477180174931991,0.055488736216959086,0.12393679237721104
TxPert_official_cell_gat_k562_all_fixed2000,K562,MRPL55,153,2000,0.11615493671334758,0.17744194232274135,0.11615493671334758,0.4330634249841044,0.05442365860879902,0.12567133175488862
TxPert_official_cell_gat_k562_all_fixed2000,K562,MRPS10,100,2000,0.11541840157423854,0.19149448342952677,0.11545284454695538,0.43705261971419224,0.055121709483004405,0.1261214456461477
TxPert_official_cell_gat_k562_all_fixed2000,K562,MRPS11,90,2000,0.11398849788714362,0.18586570769320476,0.11402251415031495,0.4375438799783766,0.05458285052674937,0.12474828646206634
TxPert_official_cell_gat_k562_all_fixed2000,K562,MRPS14,82,2000,0.10740079612182987,0.18263144163357914,0.10740079612182987,0.4582460171740886,0.054781692247139864,0.11954646412314272
TxPert_official_cell_gat_k562_all_fixed2000,K562,MRPS18A,108,2000,0.12204769767960492,0.19749003671646398,0.12204769767960492,0.4288203641332169,0.05565287359011625,0.12978131858265482
TxPert_official_cell_gat_k562_all_fixed2000,K562,MRPS2,93,2000,0.11382364179515042,0.19251179700368934,0.11382364179515042,0.44156532890934647,0.05491963123301431,0.1243748691160049
TxPert_official_cell_gat_k562_all_fixed2000,K562,MRPS21,126,2000,0.11641720394079708,0.20565157021125471,0.11641720394079708,0.43811674608553364,0.055118593334571545,0.12580800110692578
TxPert_official_cell_gat_k562_all_fixed2000,K562,MRPS22,142,2000,0.11240149975557903,0.20509791665030871,0.11243504242933482,0.44851028977677687,0.05513893579808565,0.12293794774730535
TxPert_official_cell_gat_k562_all_fixed2000,K562,MRPS23,108,2000,0.11884841407978115,0.22140133349893662,0.11884841407978115,0.4384995441725989,0.05557031756331412,0.12672833309527368
TxPert_official_cell_gat_k562_all_fixed2000,K562,MRPS24,132,2000,0.11501030664675291,0.19006626465005008,0.11501030664675291,0.4387079394715872,0.05508990240186622,0.12557306624651007
TxPert_official_cell_gat_k562_all_fixed2000,K562,MRPS26,111,2000,0.11369957662879696,0.1815692632590392,0.11369957662879696,0.4380034195094732,0.054206274729138706,0.12375764908928945
TxPert_official_cell_gat_k562_all_fixed2000,K562,MRPS27,76,2000,0.11524077218572137,0.1618501205382981,0.11524077218572137,0.4490864673264876,0.05669605154085678,0.1262475144617604
TxPert_official_cell_gat_k562_all_fixed2000,K562,MRPS28,141,2000,0.11686358809275241,0.22190385916235308,0.11686358809275241,0.43991571221598436,0.05603252647545741,0.1273710477843464
TxPert_official_cell_gat_k562_all_fixed2000,K562,MRPS34,126,2000,0.10599651871995433,0.14941052553627304,0.10599651871995433,0.47372146741862725,0.054959026041695176,0.1160154830664938
TxPert_official_cell_gat_k562_all_fixed2000,K562,MRPS35,182,2000,0.11378470611125654,0.2182252200084551,0.11378470611125654,0.44030619775165136,0.05395691007640223,0.12254405939885335
TxPert_official_cell_gat_k562_all_fixed2000,K562,MRPS7,101,2000,0.11596504595094292,0.2353130594485242,0.11596504595094292,0.43442243348300313,0.05466496882713479,0.12583366639360466
TxPert_official_cell_gat_k562_all_fixed2000,K562,MRPS9,69,2000,0.12303488616184831,0.22690316533826058,0.12303488616184831,0.4298305075313354,0.05725595588792507,0.13320588825745955
TxPert_official_cell_gat_k562_all_fixed2000,K562,MTBP,183,2000,0.12445673466057551,0.16003874649025052,0.12445673466057551,0.4239111915773097,0.0560844800975685,0.13230242534022832
TxPert_official_cell_gat_k562_all_fixed2000,K562,MTOR,93,2000,0.11129965894040302,0.1876909106879133,0.11129965894040302,0.4487062045437481,0.05601312616800552,0.12483251702889962
TxPert_official_cell_gat_k562_all_fixed2000,K562,MTPAP,86,2000,0.11177213458763786,0.18403573441802007,0.11177213458763786,0.47681281120829766,0.057631433469677903,0.12086804487268889
TxPert_official_cell_gat_k562_all_fixed2000,K562,MVD,101,2000,0.12120697308582788,0.18055420636998223,0.12124314347469264,0.4175340230209944,0.05434054283906988,0.13014637979543464
TxPert_official_cell_gat_k562_all_fixed2000,K562,MYBBP1A,106,2000,0.11581682631590963,0.1627476201996781,0.11581682631590963,0.43474732502308056,0.05381608069966034,0.12378702838236666
TxPert_official_cell_gat_k562_all_fixed2000,K562,MYBL2,81,2000,0.11987237419481835,0.1543888774254932,0.11990814631484065,0.43056697705382735,0.05312782520331611,0.12339038245092937
TxPert_official_cell_gat_k562_all_fixed2000,K562,MZT1,381,2000,0.11718254809146118,0.1392124982137764,0.11718254809146118,0.44487743212581393,0.05531596450184013,0.12433978274447202
TxPert_official_cell_gat_k562_all_fixed2000,K562,N6AMT1,134,2000,0.11613829619519915,0.16345211717247868,0.11613829619519915,0.43511182293384776,0.054836832920449455,0.12602928435822744
TxPert_official_cell_gat_k562_all_fixed2000,K562,NAA10,113,2000,0.10310909871292989,0.1853180684671987,0.10313986836339628,0.4572773330704907,0.05291997994844156,0.11572841023152067
TxPert_official_cell_gat_k562_all_fixed2000,K562,NAA15,107,2000,0.10948279238776111,0.17774000334170267,0.10948279238776111,0.46470725697716414,0.054941380150735096,0.11822793413177878
TxPert_official_cell_gat_k562_all_fixed2000,K562,NAA20,158,2000,0.11444023454099315,0.1391565578970938,0.11444023454099315,0.4513543780052897,0.054788856817462754,0.12138766847841224
TxPert_official_cell_gat_k562_all_fixed2000,K562,NAA25,162,2000,0.10882430027883276,0.13899127874721864,0.10882430027883276,0.4675487245886469,0.05535499371203698,0.11839406166020051
TxPert_official_cell_gat_k562_all_fixed2000,K562,NACA,315,2000,0.09568817155048609,0.12993930166119616,0.09568817155048609,0.5295930326287247,0.05560600000551984,0.10499760293207411
TxPert_official_cell_gat_k562_all_fixed2000,K562,NAE1,80,2000,0.11998990383171573,0.14265640414989128,0.11998990383171573,0.43095901667280473,0.05582464414010789,0.12953585070743026
TxPert_official_cell_gat_k562_all_fixed2000,K562,NARS,149,2000,0.10158092151879689,0.13466664714298082,0.10158092151879689,0.48932373051249345,0.05361215810270354,0.10956377887276186
TxPert_official_cell_gat_k562_all_fixed2000,K562,NAT10,28,2000,0.11411963312409247,0.18403734678159156,0.1145639443641683,0.4467801356381406,0.05350138075874234,0.11974878758841392
TxPert_official_cell_gat_k562_all_fixed2000,K562,NBAS,94,2000,0.11256412975853217,0.15413174576814503,0.11259772096407036,0.44762770706400956,0.05496573589682727,0.12279341470932041
TxPert_official_cell_gat_k562_all_fixed2000,K562,NCAPH,64,2000,0.11197371366376511,0.11597904467846851,0.11197371366376511,0.44795711602624466,0.05435664545364572,0.12134341055322581
TxPert_official_cell_gat_k562_all_fixed2000,K562,NCBP1,53,2000,0.09344787396128124,0.18236623938757418,0.09353158361248574,0.5004953412681393,0.05576560601896578,0.11142082714188782
TxPert_official_cell_gat_k562_all_fixed2000,K562,NCBP2,765,2000,0.09423145648282648,0.1732043355755463,0.09423145648282648,0.5186535957267149,0.05504245224040945,0.10612565232875679
TxPert_official_cell_gat_k562_all_fixed2000,K562,NCKAP1,64,2000,0.11070758038301012,0.16882951913580332,0.11070758038301012,0.4653100631562082,0.056402556947821446,0.12121499232810863
TxPert_official_cell_gat_k562_all_fixed2000,K562,NCL,138,2000,0.11583461317811702,0.1534194295057398,0.11583461317811702,0.43924523784394476,0.054327743219296176,0.1236843050345254
TxPert_official_cell_gat_k562_all_fixed2000,K562,NDC80,171,2000,0.10046748509527748,0.11310484023372049,0.10049746643968073,0.5031603443122921,0.054806847231982724,0.10892520994999984
TxPert_official_cell_gat_k562_all_fixed2000,K562,NDUFA2,111,2000,0.09997361914779423,0.11762597910877542,0.10000345311352021,0.49773240349920095,0.05363541876353759,0.10775954570944112
TxPert_official_cell_gat_k562_all_fixed2000,K562,NDUFA6,151,2000,0.11875826093647614,0.18935986513062886,0.11875826093647614,0.434875782730329,0.05583422227939347,0.12839119402081056
TxPert_official_cell_gat_k562_all_fixed2000,K562,NDUFA8,85,2000,0.11411667892653476,0.17592178778610318,0.11411667892653476,0.4353729627137396,0.053604502903757664,0.12312317544571826
TxPert_official_cell_gat_k562_all_fixed2000,K562,NDUFAB1,143,2000,0.11550327971810322,0.1766011745609357,0.11550327971810322,0.43182082488012624,0.05447694890091068,0.12615636972688804
TxPert_official_cell_gat_k562_all_fixed2000,K562,NDUFB10,148,2000,0.11869471438541519,0.1921261811482423,0.11869471438541519,0.4310210421516923,0.05507382641686461,0.12777525863744144
TxPert_official_cell_gat_k562_all_fixed2000,K562,NDUFB4,147,2000,0.11532190750572546,0.1663463308665136,0.11535632168283849,0.435367191198831,0.05382836004919184,0.12363898773488123
TxPert_official_cell_gat_k562_all_fixed2000,K562,NDUFB8,174,2000,0.11598532866665603,0.1625944603406248,0.11598532866665603,0.44626945530182227,0.05636176009524085,0.126295353990043
TxPert_official_cell_gat_k562_all_fixed2000,K562,NEDD1,134,2000,0.12300581263410916,0.16312305082423292,0.12304251982976244,0.42771917654419217,0.05518016076712316,0.129010253696959
TxPert_official_cell_gat_k562_all_fixed2000,K562,NEDD8,190,2000,0.1119684774115568,0.1261100051062617,0.1119684774115568,0.4626081624821824,0.056047641473121045,0.12115575298289774
TxPert_official_cell_gat_k562_all_fixed2000,K562,NELFA,82,2000,0.10742853075477053,0.17316583263223018,0.10746058940316049,0.4580558420054456,0.05517261529150742,0.12044953699412948
TxPert_official_cell_gat_k562_all_fixed2000,K562,NELFB,125,2000,0.1056187721811386,0.18795898318517043,0.1056187721811386,0.4813984022922549,0.05540911423957626,0.11510032610148624
TxPert_official_cell_gat_k562_all_fixed2000,K562,NELFCD,174,2000,0.11267296887959823,0.18348275483083948,0.11267296887959823,0.44916725234175225,0.054951752309419614,0.12234140133661203
TxPert_official_cell_gat_k562_all_fixed2000,K562,NELFE,66,2000,0.11599226156584704,0.16767522374088142,0.11602687578893442,0.44868006775275693,0.056267368006920074,0.1254064327721855
TxPert_official_cell_gat_k562_all_fixed2000,K562,NEPRO,42,2000,0.10788627371961694,0.1887177536169773,0.1079184689669221,0.4544563311123264,0.05371977932512791,0.11820668888378473
TxPert_official_cell_gat_k562_all_fixed2000,K562,NFRKB,223,2000,0.1084999759086174,0.17734397877756444,0.1084999759086174,0.46469328217252853,0.05466295612891492,0.11763233308868161
TxPert_official_cell_gat_k562_all_fixed2000,K562,NFS1,75,2000,0.11311998976092999,0.14161819237485357,0.11311998976092999,0.4495330279670782,0.05495130018490036,0.12224084893383241
TxPert_official_cell_gat_k562_all_fixed2000,K562,NIFK,203,2000,0.11498100413426003,0.1432609713520292,0.11498100413426003,0.4593646502971365,0.056094955990501065,0.1221142173936856
TxPert_official_cell_gat_k562_all_fixed2000,K562,NIP7,216,2000,0.11716763224083548,0.16611736353150544,0.11720259721613861,0.440921112185962,0.05506964328410971,0.12489681376816338
TxPert_official_cell_gat_k562_all_fixed2000,K562,NKAP,106,2000,0.10983994494376258,0.13387579216476855,0.10987272320247453,0.457678910784939,0.05470197802220042,0.11952042258879693
TxPert_official_cell_gat_k562_all_fixed2000,K562,NLE1,396,2000,0.11830548359379438,0.15812800754785467,0.11830548359379438,0.44519164140929685,0.055708237284619974,0.12513315806410613
TxPert_official_cell_gat_k562_all_fixed2000,K562,NMD3,57,2000,0.12082328786436544,0.16437821800713537,0.12089542117055313,0.41841794919880515,0.05418373819952943,0.12949668389779803
TxPert_official_cell_gat_k562_all_fixed2000,K562,NOB1,45,2000,0.10432847816954148,0.19337356581925488,0.10439076382815016,0.46077295817114716,0.05325669879354937,0.11558121346599476
TxPert_official_cell_gat_k562_all_fixed2000,K562,NOC3L,73,2000,0.12081706629488803,0.16911979786392706,0.12085312032839889,0.4250789934071336,0.05590371406800503,0.13151370361725767
TxPert_official_cell_gat_k562_all_fixed2000,K562,NOC4L,32,2000,0.10849181717905859,0.19620843580018124,0.10858900304096877,0.4459238990398929,0.053847581839526794,0.12075509015756661
TxPert_official_cell_gat_k562_all_fixed2000,K562,NOL11,219,2000,0.10213458327582291,0.18247762012152816,0.10213458327582291,0.48990855821561713,0.0539640717781849,0.11015131246782847
TxPert_official_cell_gat_k562_all_fixed2000,K562,NOL12,83,2000,0.120109469291898,0.1776804564686488,0.120109469291898,0.418128338550842,0.053446143914985436,0.1278223399590585
TxPert_official_cell_gat_k562_all_fixed2000,K562,NOL6,107,2000,0.1061221544813123,0.2065152513862264,0.1061221544813123,0.47765756858988434,0.05418416356205549,0.11343725294177294
TxPert_official_cell_gat_k562_all_fixed2000,K562,NOL8,70,2000,0.12195391234493941,0.17393804337035576,0.12199030563420978,0.4162528660272855,0.05510872495810775,0.13239241848384337
TxPert_official_cell_gat_k562_all_fixed2000,K562,NOLC1,106,2000,0.11425300045255694,0.16788941352264772,0.11428709564815603,0.43743258483734576,0.053524157711191366,0.12235978375386887
TxPert_official_cell_gat_k562_all_fixed2000,K562,NOM1,65,2000,0.10628607092638608,0.19072413640561517,0.10628607092638608,0.4542249947590732,0.05349430036492121,0.11777048776364762
TxPert_official_cell_gat_k562_all_fixed2000,K562,NOP10,124,2000,0.11044126856445038,0.206173278576986,0.11044126856445038,0.4585859372060488,0.05516090723691479,0.12028477447463137
TxPert_official_cell_gat_k562_all_fixed2000,K562,NOP14,38,2000,0.10950674412443734,0.21316891944215285,0.10960483914754075,0.4599373394401128,0.05409683622600431,0.11761783706380234
TxPert_official_cell_gat_k562_all_fixed2000,K562,NOP16,133,2000,0.11511338082586109,0.15019741536231376,0.11514773277477958,0.44749706192631133,0.05509291929631831,0.12311347437238734
TxPert_official_cell_gat_k562_all_fixed2000,K562,NOP2,56,2000,0.10896536126790471,0.1531223749050439,0.10896536126790471,0.4624676558329126,0.05382067381392115,0.11637716058913902
TxPert_official_cell_gat_k562_all_fixed2000,K562,NOP58,39,2000,0.1150067760148027,0.19159205423632153,0.1152474478928606,0.4391399927197252,0.055578051744026705,0.12656112264839284
TxPert_official_cell_gat_k562_all_fixed2000,K562,NPLOC4,52,2000,0.09422272039994575,0.11313306634843286,0.09427897277033379,0.4914590120031042,0.05335536955329001,0.10856524585879512
TxPert_official_cell_gat_k562_all_fixed2000,K562,NRBP1,62,2000,0.10567766595262772,0.18868856936400508,0.10570920211077535,0.4769443926048022,0.05629789779770693,0.1180387011363158
TxPert_official_cell_gat_k562_all_fixed2000,K562,NRDE2,495,2000,0.11130566040573389,0.17678344955155062,0.11133887606088333,0.46466589337948333,0.05580290900118237,0.12009254088869364
TxPert_official_cell_gat_k562_all_fixed2000,K562,NRF1,71,2000,0.11201193583519445,0.1484938903300847,0.11201193583519445,0.4274171550662606,0.05330443965612305,0.1247129128467723
TxPert_official_cell_gat_k562_all_fixed2000,K562,NSA2,71,2000,0.12108846665011819,0.19980290116313904,0.12108846665011819,0.4181746234428271,0.055464493836690776,0.13263476404594945
TxPert_official_cell_gat_k562_all_fixed2000,K562,NSRP1,188,2000,0.10270702505044657,0.11769931679639871,0.10273767471474095,0.48759774490924196,0.056494600232329384,0.11586312624192639
TxPert_official_cell_gat_k562_all_fixed2000,K562,NUBP1,144,2000,0.11385689166395073,0.13957263986145688,0.11385689166395073,0.4432908623441522,0.05425586986526634,0.12239338378062607
TxPert_official_cell_gat_k562_all_fixed2000,K562,NUDC,106,2000,0.11027422814027481,0.14265678719053457,0.11027422814027481,0.4580786011219558,0.055072325617986286,0.12022461708722784
TxPert_official_cell_gat_k562_all_fixed2000,K562,NUDCD3,108,2000,0.1109376056480947,0.14555492630798395,0.1109376056480947,0.4529398950652568,0.05443380381914772,0.12017886525433265
TxPert_official_cell_gat_k562_all_fixed2000,K562,NUDT21,57,2000,0.11385282172539951,0.11935819684575714,0.11388679750031011,0.45960917542721885,0.055138559337218604,0.11996835808659015
TxPert_official_cell_gat_k562_all_fixed2000,K562,NUF2,404,2000,0.10721064921509463,0.13131915776682623,0.10724264284362793,0.47813305628434843,0.05564717522089933,0.11638428534830854
TxPert_official_cell_gat_k562_all_fixed2000,K562,NUFIP1,57,2000,0.12215819306452826,0.1901955823464906,0.12215819306452826,0.4343153262195269,0.05618980776136275,0.1293756012635053
TxPert_official_cell_gat_k562_all_fixed2000,K562,NUMA1,203,2000,0.10626777049645718,0.15711502494338273,0.10629948275264829,0.47544443337669107,0.055482509310900735,0.11669609369467877
TxPert_official_cell_gat_k562_all_fixed2000,K562,NUP107,237,2000,0.10299380963859281,0.1274391181000703,0.10299380963859281,0.49692229622961664,0.056041428864114486,0.11277704414061662
TxPert_official_cell_gat_k562_all_fixed2000,K562,NUP133,70,2000,0.11453794700184582,0.18534664334042106,0.11453794700184582,0.4345205610689123,0.05548774435177673,0.12769877434174853
TxPert_official_cell_gat_k562_all_fixed2000,K562,NUP160,234,2000,0.11178327303481833,0.15892138834882719,0.11178327303481833,0.4613518604768668,0.0562584667267647,0.12194264362386631
TxPert_official_cell_gat_k562_all_fixed2000,K562,NUP54,266,2000,0.11034734229115671,0.16792557330285893,0.11034734229115671,0.45362729281142605,0.05488873576341967,0.12099962992359181
TxPert_official_cell_gat_k562_all_fixed2000,K562,NUP62,86,2000,0.10744149801277007,0.13088826581008747,0.1074735605308282,0.47676988453037483,0.056095000561815746,0.11765633947393034
TxPert_official_cell_gat_k562_all_fixed2000,K562,NUP85,107,2000,0.11677783040801167,0.18171522434277665,0.11677783040801167,0.44949946737179186,0.055842302306994204,0.12423218517071977
TxPert_official_cell_gat_k562_all_fixed2000,K562,NUP88,35,2000,0.11350344368902036,0.15673398025077367,0.11370697646311903,0.4431082748187826,0.055348056157981995,0.12490864660907347
TxPert_official_cell_gat_k562_all_fixed2000,K562,NUP98,410,2000,0.10478160423378444,0.12985502785107922,0.10478160423378444,0.49486143749456213,0.05575338786674624,0.11266464209127727
TxPert_official_cell_gat_k562_all_fixed2000,K562,NUTF2,44,2000,0.12201910756138337,0.1735059552182375,0.12201910756138337,0.42849200104267693,0.055268015228278566,0.12898260365179595
TxPert_official_cell_gat_k562_all_fixed2000,K562,NVL,105,2000,0.12513942054920577,0.19985136603073694,0.12513942054920577,0.4201563878060456,0.05639032936526622,0.13421271140871066
TxPert_official_cell_gat_k562_all_fixed2000,K562,OGFOD1,101,2000,0.11504230494997031,0.1300178429060733,0.11504230494997031,0.44516426088346217,0.05556580351839545,0.12482089680764566
TxPert_official_cell_gat_k562_all_fixed2000,K562,OGT,31,2000,0.11246788300638191,0.16271386640231855,0.11273694492744983,0.4213993375796407,0.053368269054270244,0.1266453528245772
TxPert_official_cell_gat_k562_all_fixed2000,K562,OPA1,53,2000,0.10869893823518459,0.1476943307293811,0.10873137599652005,0.43898612877936394,0.05253367436972509,0.11967046275264905
TxPert_official_cell_gat_k562_all_fixed2000,K562,ORC1,477,2000,0.11705168518047238,0.14364599431231417,0.1170866155550413,0.44842557651402,0.05558135944175777,0.1239477878009533
TxPert_official_cell_gat_k562_all_fixed2000,K562,ORC5,89,2000,0.1163117233233864,0.1410090466180857,0.1163117233233864,0.4319332747549032,0.054206753505209385,0.12549797716091396
TxPert_official_cell_gat_k562_all_fixed2000,K562,OXA1L,305,2000,0.11331044555635271,0.19776224149278865,0.11331044555635271,0.45561254804238227,0.05611059877539147,0.12315419710220524
TxPert_official_cell_gat_k562_all_fixed2000,K562,PABPN1,93,2000,0.10717434320727723,0.13962827902039923,0.10717434320727723,0.4571556894006407,0.05525588288206968,0.12086884830379135
TxPert_official_cell_gat_k562_all_fixed2000,K562,PAF1,229,2000,0.09119722633237583,0.12325864024134466,0.09119722633237583,0.5062681734953123,0.05546574438099699,0.1095580291023968
TxPert_official_cell_gat_k562_all_fixed2000,K562,PAM16,43,2000,0.10155212962381342,0.13684783507075823,0.10164309898447974,0.46113873273934436,0.053288849605289616,0.11555925509258455
TxPert_official_cell_gat_k562_all_fixed2000,K562,PAXBP1,114,2000,0.11291116635708555,0.1710061488722866,0.11291116635708555,0.45697813795074865,0.05564668725943749,0.12177100263760288
TxPert_official_cell_gat_k562_all_fixed2000,K562,PCBP1,93,2000,0.11566819519709205,0.14175559334491863,0.11566819519709205,0.4416744159138928,0.05550224759089727,0.1256632585779775
TxPert_official_cell_gat_k562_all_fixed2000,K562,PCF11,393,2000,0.1036927939513738,0.13285465084794723,0.1037237377872292,0.4922689720543728,0.056472077930200544,0.11471792858962422
TxPert_official_cell_gat_k562_all_fixed2000,K562,PCID2,208,2000,0.11762784954855765,0.13821838345315154,0.11762784954855765,0.4409712090145859,0.05544815485800233,0.1257409836902945
TxPert_official_cell_gat_k562_all_fixed2000,K562,PCNA,82,2000,0.10926722862696331,0.11403044077826233,0.10929983597659833,0.48822019510371245,0.056262149389689854,0.11523928915997671
TxPert_official_cell_gat_k562_all_fixed2000,K562,PDAP1,38,2000,0.11686805606401057,0.15010777928649235,0.11704264234435717,0.4457461632521456,0.054857388460399635,0.12306866946307672
TxPert_official_cell_gat_k562_all_fixed2000,K562,PDCD11,95,2000,0.1076814607322199,0.20454987914325315,0.1076814607322199,0.482556807038181,0.05595127788504591,0.1159475442259039
TxPert_official_cell_gat_k562_all_fixed2000,K562,PDCD2,59,2000,0.10823413923646034,0.19947760720693822,0.10826643829323038,0.44987211770206914,0.0532668156237875,0.11840434724389907
TxPert_official_cell_gat_k562_all_fixed2000,K562,PDCD7,80,2000,0.1089327876024843,0.138413999875784,0.1089327876024843,0.4435539665282983,0.05271218612688419,0.11884052204753756
TxPert_official_cell_gat_k562_all_fixed2000,K562,PDRG1,111,2000,0.10900143352643386,0.1723380930222416,0.10903396155792489,0.46096755161454683,0.0557816843258835,0.12100999933814689
TxPert_official_cell_gat_k562_all_fixed2000,K562,PELO,240,2000,0.11065581432755917,0.13959476118212275,0.11068883605669302,0.46184452280740035,0.05560253811577838,0.1203923272140712
TxPert_official_cell_gat_k562_all_fixed2000,K562,PELP1,60,2000,0.11050724081319863,0.14949619180301535,0.11050724081319863,0.4588216560886093,0.056114335813412894,0.1223009721658957
TxPert_official_cell_gat_k562_all_fixed2000,K562,PES1,54,2000,0.1254197753554958,0.15849803948991123,0.125457202922,0.4120746563982246,0.05490372496977145,0.1332373218903806
TxPert_official_cell_gat_k562_all_fixed2000,K562,PET117,80,2000,0.11472179225351081,0.19037276167105993,0.11472179225351081,0.434242259598335,0.054472503592654715,0.12544265587742215
TxPert_official_cell_gat_k562_all_fixed2000,K562,PFDN2,77,2000,0.1057346424391216,0.16356179829773154,0.1057346424391216,0.477087759317248,0.05478513087951723,0.1148323943787519
TxPert_official_cell_gat_k562_all_fixed2000,K562,PFN1,239,2000,0.11731562987023829,0.17892913589360407,0.11731562987023829,0.4400428699262815,0.05513045295052173,0.12528427447742704
TxPert_official_cell_gat_k562_all_fixed2000,K562,PGAM1,145,2000,0.1112662060441597,0.16191636758566524,0.1112662060441597,0.4490780793245979,0.05439798597969907,0.12113257643344894
TxPert_official_cell_gat_k562_all_fixed2000,K562,PGD,98,2000,0.10916638195272112,0.1611893625121475,0.10919895920785475,0.45708177750596773,0.054292182973308185,0.11878001805661385
TxPert_official_cell_gat_k562_all_fixed2000,K562,PGPEP1,51,2000,0.10707563269364977,0.10857075996449686,0.10713955844451165,0.4629650370246755,0.055106544051750576,0.1190295993313151
TxPert_official_cell_gat_k562_all_fixed2000,K562,PHAX,304,2000,0.11104771043690034,0.1445127270831585,0.1110808491150373,0.46358072192303673,0.05580642542263898,0.12038124447308546
TxPert_official_cell_gat_k562_all_fixed2000,K562,PHB,217,2000,0.09150678854671233,0.11161108764947132,0.09150678854671233,0.541488387261413,0.05488727792429568,0.10136371933708836
TxPert_official_cell_gat_k562_all_fixed2000,K562,PHB2,292,2000,0.09154598125483594,0.13382718240460914,0.09154598125483594,0.5394554354739434,0.05558711151505748,0.103043007502169
TxPert_official_cell_gat_k562_all_fixed2000,K562,PHF5A,197,2000,0.10817542716007969,0.13770918515791458,0.10817542716007969,0.4698231118346669,0.05523135825579871,0.11755776948592772
TxPert_official_cell_gat_k562_all_fixed2000,K562,PIAS4,173,2000,0.10941730405653072,0.14565667320145503,0.10941730405653072,0.45800624166910936,0.05371807150799462,0.11728676478155087
TxPert_official_cell_gat_k562_all_fixed2000,K562,PKM,44,2000,0.11375549063413629,0.16084919724142824,0.11378943736366004,0.43811389419265756,0.05426114935951356,0.1238516943658848
TxPert_official_cell_gat_k562_all_fixed2000,K562,PLRG1,80,2000,0.09798466494973997,0.11499707337476077,0.09801390537497116,0.5177984092273442,0.05517472778599785,0.10655638514371915
TxPert_official_cell_gat_k562_all_fixed2000,K562,PMF1,255,2000,0.1064971410554459,0.13102546007256458,0.1064971410554459,0.48291805788012204,0.05462010190663815,0.11310428318908304
TxPert_official_cell_gat_k562_all_fixed2000,K562,PMPCA,114,2000,0.10904039372142599,0.1430853063655817,0.10904039372142599,0.4533422146806036,0.05422545748649983,0.11961263375522471
TxPert_official_cell_gat_k562_all_fixed2000,K562,PMPCB,471,2000,0.10926154298799913,0.15919829081262366,0.10926154298799913,0.47315681094041445,0.056579905912432345,0.11957960534094797
TxPert_official_cell_gat_k562_all_fixed2000,K562,PNISR,89,2000,0.11655606463973003,0.15028940887192258,0.11655606463973003,0.4345099051458526,0.05376227542125623,0.12373083685146694
TxPert_official_cell_gat_k562_all_fixed2000,K562,PNN,64,2000,0.1028808005823563,0.14235236690450592,0.10291150210446383,0.46192103748949953,0.05163612504187429,0.11178560778408368
TxPert_official_cell_gat_k562_all_fixed2000,K562,PNO1,114,2000,0.10195610212180221,0.19252404422242864,0.10195610212180221,0.4945179444095365,0.05471580066092464,0.11064472012195455
TxPert_official_cell_gat_k562_all_fixed2000,K562,PNPT1,112,2000,0.110017929266661,0.18347546711178783,0.110017929266661,0.4584176407975805,0.05524134389002562,0.12050439985003557
TxPert_official_cell_gat_k562_all_fixed2000,K562,POLA1,195,2000,0.1189951966478712,0.12028248611933001,0.11903070700198873,0.4465755482855517,0.05640412755994025,0.12630366018346673
TxPert_official_cell_gat_k562_all_fixed2000,K562,POLA2,212,2000,0.12165153096843316,0.14446296512633242,0.12165153096843316,0.4268192986188665,0.05537506536531168,0.12973889476673023
TxPert_official_cell_gat_k562_all_fixed2000,K562,POLD1,197,2000,0.12184895954361083,0.140936212474228,0.12184895954361083,0.4181069642243138,0.05511181048933875,0.13181270317622432
TxPert_official_cell_gat_k562_all_fixed2000,K562,POLD2,63,2000,0.11956293579326013,0.13694370161180688,0.11956293579326013,0.41272836706083194,0.05212350159056646,0.12629008444186524
TxPert_official_cell_gat_k562_all_fixed2000,K562,POLD3,65,2000,0.12674887922144473,0.15460024589567806,0.12678670341697484,0.4074943540773415,0.05443608423523819,0.13358733036343626
TxPert_official_cell_gat_k562_all_fixed2000,K562,POLE,154,2000,0.11644945090225826,0.13252911761574718,0.11644945090225826,0.45438313478235004,0.055779306738562934,0.12275830954354892
TxPert_official_cell_gat_k562_all_fixed2000,K562,POLR1A,115,2000,0.10928745789424563,0.15205073029253205,0.10928745789424563,0.47252223323363823,0.055107142800756403,0.11662338353352124
TxPert_official_cell_gat_k562_all_fixed2000,K562,POLR1B,174,2000,0.10372893695614552,0.16664848270844318,0.10372893695614552,0.4892909198021407,0.054914361769377945,0.11223253574633849
TxPert_official_cell_gat_k562_all_fixed2000,K562,POLR1C,161,2000,0.10842592973385312,0.17446968049874062,0.10842592973385312,0.46222369357063336,0.05487198319112736,0.11871304471676075
TxPert_official_cell_gat_k562_all_fixed2000,K562,POLR1E,202,2000,0.11281277494401577,0.1712188372738839,0.11281277494401577,0.45634364053464743,0.055458066464226186,0.12152698169296779
TxPert_official_cell_gat_k562_all_fixed2000,K562,POLR2A,264,2000,0.096811094298039,0.1369160617032758,0.09683998450821446,0.5041812778688382,0.05561875282688987,0.11031498820987379
TxPert_official_cell_gat_k562_all_fixed2000,K562,POLR2B,234,2000,0.08663333707920211,0.14404960166928504,0.08663333707920211,0.55707356228242,0.05427581628927348,0.09743024797765353
TxPert_official_cell_gat_k562_all_fixed2000,K562,POLR2C,145,2000,0.08825016412635563,0.1333159081587846,0.08825016412635563,0.5714779141587971,0.055866066819703686,0.09775717391347583
TxPert_official_cell_gat_k562_all_fixed2000,K562,POLR2D,182,2000,0.09309337883924246,0.14469716557365694,0.09309337883924246,0.5259797866049453,0.05490268001934128,0.10438172791754162
TxPert_official_cell_gat_k562_all_fixed2000,K562,POLR2E,93,2000,0.10246182151528999,0.16322614898499424,0.10246182151528999,0.47934907788770864,0.0554602646688444,0.11569911379874454
TxPert_official_cell_gat_k562_all_fixed2000,K562,POLR2F,209,2000,0.09529663217195411,0.16218841281394766,0.09529663217195411,0.5250835963322611,0.05520221054832383,0.1051303256902542
TxPert_official_cell_gat_k562_all_fixed2000,K562,POLR2G,131,2000,0.08346647298559595,0.1543137605001837,0.08346647298559595,0.5555540211765465,0.05562900437574461,0.10013248262807865
TxPert_official_cell_gat_k562_all_fixed2000,K562,POLR2H,80,2000,0.08160557569483091,0.14415408884222003,0.08162992829873865,0.5742593440500608,0.05465636939523844,0.09517715124667135
TxPert_official_cell_gat_k562_all_fixed2000,K562,POLR2I,179,2000,0.08777318459787718,0.1244230126793166,0.08777318459787718,0.5438041844958695,0.054893231556499666,0.10094300873752565
TxPert_official_cell_gat_k562_all_fixed2000,K562,POLR2L,43,2000,0.10015267355538496,0.18031545662177817,0.10021246619631355,0.46514419746765245,0.05193230330103317,0.1116477480903483
TxPert_official_cell_gat_k562_all_fixed2000,K562,POLR3B,109,2000,0.11149383674444337,0.1465715693374937,0.11149383674444337,0.45486963068075076,0.05562201818934173,0.12228122788344084
TxPert_official_cell_gat_k562_all_fixed2000,K562,POLR3C,169,2000,0.11280539793009026,0.13976167410960613,0.112839061134486,0.4428918942444579,0.054295446258816236,0.12259299783643687
TxPert_official_cell_gat_k562_all_fixed2000,K562,POLR3D,108,2000,0.10776444909662938,0.13865101274401728,0.10776444909662938,0.463302509548467,0.05482863801482037,0.1183430603145784
TxPert_official_cell_gat_k562_all_fixed2000,K562,POLR3E,192,2000,0.1141806426720158,0.14916603307754836,0.1141806426720158,0.441891674446231,0.05534857740647411,0.125253720209367
TxPert_official_cell_gat_k562_all_fixed2000,K562,POLR3F,156,2000,0.11206471524771654,0.13559267926670224,0.11206471524771654,0.44871616315625623,0.05486043762273394,0.12226088762713243
TxPert_official_cell_gat_k562_all_fixed2000,K562,POLRMT,208,2000,0.11366842013359989,0.22856766717590463,0.11366842013359989,0.46792567959922177,0.05657165297918324,0.12089879704539593
TxPert_official_cell_gat_k562_all_fixed2000,K562,POP1,82,2000,0.10996041577882508,0.2058501623118423,0.10996041577882508,0.45554871618134246,0.05446744177858335,0.11956446950287648
TxPert_official_cell_gat_k562_all_fixed2000,K562,POP4,116,2000,0.1112405145436234,0.19283791950599063,0.1112405145436234,0.45843266135944066,0.05544154447062178,0.1209371581353809
TxPert_official_cell_gat_k562_all_fixed2000,K562,POP5,50,2000,0.11162964858935455,0.2081086584395201,0.11162964858935455,0.45096806387610405,0.05575262280600591,0.12362875785597854
TxPert_official_cell_gat_k562_all_fixed2000,K562,POP7,196,2000,0.1114255631158956,0.19678222120175207,0.1114255631158956,0.45604118043979125,0.05536517615886828,0.12140389359451481
TxPert_official_cell_gat_k562_all_fixed2000,K562,PPAN,87,2000,0.11744614756314205,0.15392617043407236,0.11744614756314205,0.44627324420789843,0.05533769974037161,0.12399958818637222
TxPert_official_cell_gat_k562_all_fixed2000,K562,PPARGC1B,129,2000,0.11677918269896168,0.1744096040127533,0.11677918269896168,0.44266110052374646,0.05591615670666806,0.12631820455270928
TxPert_official_cell_gat_k562_all_fixed2000,K562,PPIE,39,2000,0.11690946099588125,0.16532051751323723,0.1172242037864774,0.43672034054336667,0.05626709370641595,0.12884010016114095
TxPert_official_cell_gat_k562_all_fixed2000,K562,PPIH,93,2000,0.11019176786190127,0.16315514985555388,0.1102246511110394,0.457982094463201,0.05545026994538706,0.12107518919408455
TxPert_official_cell_gat_k562_all_fixed2000,K562,PPIL4,69,2000,0.11356019428328061,0.14008009029394522,0.11362799141419601,0.4566979764611739,0.057233888430905426,0.12532108773764247
TxPert_official_cell_gat_k562_all_fixed2000,K562,PPP1CA,64,2000,0.12373144642752011,0.19532538797716006,0.12373144642752011,0.4149075831246601,0.05651404836969695,0.1362087590253311
TxPert_official_cell_gat_k562_all_fixed2000,K562,PPP1R11,69,2000,0.11439756154089771,0.1458472884449702,0.11439756154089771,0.4311672962739673,0.05355403642064552,0.1242070900121004
TxPert_official_cell_gat_k562_all_fixed2000,K562,PPP1R8,64,2000,0.11333023632724996,0.1862024833346952,0.11333023632724996,0.4405130308761589,0.0555913261792218,0.12619677744080715
TxPert_official_cell_gat_k562_all_fixed2000,K562,PPP2R1A,301,2000,0.10755768583484798,0.1590153651276059,0.10755768583484798,0.46597734240810595,0.05515618602926388,0.1183666668438378
TxPert_official_cell_gat_k562_all_fixed2000,K562,PPP4C,128,2000,0.11611043141720509,0.16596888812389526,0.11611043141720509,0.4405782832499584,0.05455004606617678,0.12381464748021134
TxPert_official_cell_gat_k562_all_fixed2000,K562,PPP4R2,162,2000,0.11592268135185535,0.141966035974923,0.11595727481092782,0.4365622873255774,0.05515354198424774,0.12633601738428546
TxPert_official_cell_gat_k562_all_fixed2000,K562,PPRC1,112,2000,0.105702073003923,0.19278733690774932,0.105702073003923,0.4783252574701245,0.055631599214477,0.11630495605786009
TxPert_official_cell_gat_k562_all_fixed2000,K562,PRELID1,122,2000,0.10723528760636562,0.12749760388830822,0.10723528760636562,0.4533219702670747,0.05454000120314043,0.12031183921637371
TxPert_official_cell_gat_k562_all_fixed2000,K562,PRELID3B,235,2000,0.10401210171962505,0.1586799133199084,0.10401210171962505,0.48544346649813186,0.05460582641392351,0.11248647691763482
TxPert_official_cell_gat_k562_all_fixed2000,K562,PRIM1,151,2000,0.115568097634914,0.12570631950863642,0.11560258527968718,0.4384924068975847,0.05478225275271224,0.12493318160507053
TxPert_official_cell_gat_k562_all_fixed2000,K562,PRIM2,149,2000,0.12611213071961053,0.15023382608088057,0.12611213071961053,0.4297171617295763,0.05731172546105868,0.13337080580323027
TxPert_official_cell_gat_k562_all_fixed2000,K562,PRMT1,44,2000,0.12616165537572788,0.19089590286606864,0.12623697576699697,0.3901188024077432,0.054013662155204166,0.13845438988661313
TxPert_official_cell_gat_k562_all_fixed2000,K562,PRMT5,92,2000,0.10858014920557389,0.1321045074608505,0.10858014920557389,0.4477815511416387,0.05329999045837284,0.11903123103703105
TxPert_official_cell_gat_k562_all_fixed2000,K562,PRPF18,256,2000,0.10973850497633988,0.1421112550387981,0.10973850497633988,0.4753222215324996,0.056496345431311615,0.1188590427364615
TxPert_official_cell_gat_k562_all_fixed2000,K562,PRPF19,98,2000,0.11369315700042791,0.17320221506464253,0.11369315700042791,0.4703363088710869,0.05659300459010932,0.12032454717922969
TxPert_official_cell_gat_k562_all_fixed2000,K562,PRPF3,129,2000,0.10794376037447162,0.12722399894574843,0.10797597277685135,0.48443544729921734,0.05584700539119671,0.1152826543757761
TxPert_official_cell_gat_k562_all_fixed2000,K562,PRPF31,23,2000,0.09943365297981782,0.1541379543380709,0.10146167573465732,0.4411313923026895,0.05402407153875751,0.12246707275146106
TxPert_official_cell_gat_k562_all_fixed2000,K562,PRPF4,101,2000,0.10374208373480148,0.14654079850498875,0.10374208373480148,0.4745096620572353,0.05520742831463862,0.11634626555721608
TxPert_official_cell_gat_k562_all_fixed2000,K562,PRPF40A,96,2000,0.10963303365850728,0.16897509028918964,0.10963303365850728,0.4601225446585148,0.056987420559181726,0.12385269963885076
TxPert_official_cell_gat_k562_all_fixed2000,K562,PRPF6,172,2000,0.1104417877916043,0.1414963687330124,0.1104417877916043,0.45808974314160955,0.05509084701787588,0.12026212470385823
TxPert_official_cell_gat_k562_all_fixed2000,K562,PRPF8,91,2000,0.10118674235882938,0.14392391496876425,0.10118674235882938,0.4795570946531926,0.055831728156001445,0.11642352415230714
TxPert_official_cell_gat_k562_all_fixed2000,K562,PRRC2A,82,2000,0.11788390959440158,0.22528929879068124,0.11788390959440158,0.41937347387712737,0.05455003793155197,0.13007507634301133
TxPert_official_cell_gat_k562_all_fixed2000,K562,PSMA1,56,2000,0.10249514789184803,0.1127072338490095,0.10249514789184803,0.4800421169765631,0.053789719683951694,0.1120520818094322
TxPert_official_cell_gat_k562_all_fixed2000,K562,PSMA2,38,2000,0.11618883679877696,0.12833656141519742,0.11636240841036762,0.4303209021376328,0.05613432597282271,0.13044759013447352
TxPert_official_cell_gat_k562_all_fixed2000,K562,PSMA3,194,2000,0.10042960129274461,0.10808018374730612,0.10042960129274461,0.49152260602302955,0.05562038614630239,0.11315936303467342
TxPert_official_cell_gat_k562_all_fixed2000,K562,PSMA4,274,2000,0.1036136497669183,0.1219048280571693,0.1036136497669183,0.48892432497969895,0.05469898448774685,0.11187617505276773
TxPert_official_cell_gat_k562_all_fixed2000,K562,PSMA6,18,2000,0.11650098882395563,0.1145589266555092,0.11776577639864272,0.41393327618946896,0.05605666538064762,0.13542439627575373
TxPert_official_cell_gat_k562_all_fixed2000,K562,PSMA7,22,2000,0.09451955591007022,0.10402468310330583,0.09514400943259921,0.44971844174439063,0.04942096014371529,0.10989311190594643
TxPert_official_cell_gat_k562_all_fixed2000,K562,PSMB1,106,2000,0.10579176750008974,0.15874663041555992,0.10579176750008974,0.47609878306750536,0.05495803123879022,0.11543409065310906
TxPert_official_cell_gat_k562_all_fixed2000,K562,PSMB2,46,2000,0.1072822127272064,0.1291890130284596,0.10737831503780108,0.4685884142874658,0.05642342729191686,0.12041148344138923
TxPert_official_cell_gat_k562_all_fixed2000,K562,PSMB3,19,2000,0.11753487847097965,0.11757524776205905,0.11927850821517524,0.4248528888435736,0.05996404694579991,0.14114072684691284
TxPert_official_cell_gat_k562_all_fixed2000,K562,PSMB5,198,2000,0.1024464849380636,0.10607081245739966,0.1024464849380636,0.4988856236028057,0.05433606969113163,0.10891488155057198
TxPert_official_cell_gat_k562_all_fixed2000,K562,PSMB6,77,2000,0.10616823928867976,0.12014975410540032,0.10616823928867976,0.5008015968047778,0.056908067164838164,0.11363395482679038
TxPert_official_cell_gat_k562_all_fixed2000,K562,PSMB7,188,2000,0.10699187713057895,0.12263770619251968,0.10699187713057895,0.47579636861234553,0.05538817785501365,0.11641151623842243
TxPert_official_cell_gat_k562_all_fixed2000,K562,PSMC1,177,2000,0.08588631418420627,0.09524091286433312,0.08588631418420627,0.5694069741956161,0.05532999599684778,0.09717126331882066
TxPert_official_cell_gat_k562_all_fixed2000,K562,PSMC2,279,2000,0.09165171947312128,0.11321176955222106,0.09165171947312128,0.531005203954182,0.054572536312388197,0.10277212893261158
TxPert_official_cell_gat_k562_all_fixed2000,K562,PSMC3,23,2000,0.09795215893864133,0.11317339985668746,0.09892607314321354,0.45621210266002465,0.051751424172873164,0.11343719891856316
TxPert_official_cell_gat_k562_all_fixed2000,K562,PSMC4,149,2000,0.08810169661908598,0.10136267642714224,0.08810169661908598,0.5565574698132378,0.05509174007231699,0.09898661336975283
TxPert_official_cell_gat_k562_all_fixed2000,K562,PSMC6,65,2000,0.09434939269944846,0.10423782972063649,0.09434939269944846,0.5337277099090075,0.05609790006466876,0.10510583949852295
TxPert_official_cell_gat_k562_all_fixed2000,K562,PSMD1,87,2000,0.09908438104320919,0.11466014463984404,0.09908438104320919,0.48879055598203935,0.05504237389167537,0.11260932129712567
TxPert_official_cell_gat_k562_all_fixed2000,K562,PSMD11,40,2000,0.09349034207636492,0.1102664864722875,0.09379815224183634,0.4988700725075952,0.05414670447175456,0.10853868846891654
TxPert_official_cell_gat_k562_all_fixed2000,K562,PSMD12,116,2000,0.09440082994262591,0.11717289285520342,0.09440082994262591,0.5330014557495428,0.055320088858610623,0.1037897499602853
TxPert_official_cell_gat_k562_all_fixed2000,K562,PSMD13,96,2000,0.1016020981747641,0.1408012647649453,0.1016020981747641,0.4938565654955751,0.05503766370838873,0.11144463076786928
TxPert_official_cell_gat_k562_all_fixed2000,K562,PSMD2,34,2000,0.09357598265690371,0.10115985625617792,0.09396845232652525,0.5221107721528779,0.05637490216049151,0.10797498172329356
TxPert_official_cell_gat_k562_all_fixed2000,K562,PSMD3,30,2000,0.10544431307505828,0.139112101386924,0.10569657219724743,0.4482067994186589,0.05503575239138265,0.12279097781393838
TxPert_official_cell_gat_k562_all_fixed2000,K562,PSMD4,285,2000,0.10444616125781585,0.16426235127604769,0.10444616125781585,0.4857588079804665,0.05545100873463448,0.11415337546556756
TxPert_official_cell_gat_k562_all_fixed2000,K562,PSMD6,282,2000,0.0948391508972714,0.11591480191797932,0.0948391508972714,0.5304795366082883,0.05602193592212926,0.1056062128696857
TxPert_official_cell_gat_k562_all_fixed2000,K562,PSMD7,175,2000,0.08934237228058432,0.09727989199231646,0.08934237228058432,0.5664481865388823,0.05532125947643561,0.0976634047287292
TxPert_official_cell_gat_k562_all_fixed2000,K562,PSMG3,324,2000,0.11271844404584534,0.12592758762000625,0.11271844404584534,0.44907819676548594,0.054751233657380806,0.12191915090186632
TxPert_official_cell_gat_k562_all_fixed2000,K562,PSMG4,44,2000,0.1105670731094478,0.1794451147090745,0.1106661179644279,0.46265085988760285,0.05672577833717907,0.12261033541547241
TxPert_official_cell_gat_k562_all_fixed2000,K562,PTBP1,87,2000,0.1219879775881851,0.16203660650024582,0.1219879775881851,0.44149106296006074,0.0561493221901275,0.12718110428295573
TxPert_official_cell_gat_k562_all_fixed2000,K562,PTCD1,246,2000,0.11894988273168883,0.18406099002964862,0.11894988273168883,0.4346448132470428,0.056000762221321186,0.12884258416553498
TxPert_official_cell_gat_k562_all_fixed2000,K562,PUF60,52,2000,0.10403915045133415,0.1480388706178228,0.10403915045133415,0.45717924751412464,0.05384552979098328,0.11777771827130568
TxPert_official_cell_gat_k562_all_fixed2000,K562,PWP2,51,2000,0.11129509272794814,0.1975843790081824,0.11132830522950826,0.46723505860385717,0.0575289058083944,0.12312625843838358
TxPert_official_cell_gat_k562_all_fixed2000,K562,QARS,376,2000,0.10214809101324655,0.13321514160812042,0.1021785738813496,0.49145938852592985,0.05570530903043319,0.11334671632593497
TxPert_official_cell_gat_k562_all_fixed2000,K562,RABGGTA,114,2000,0.12075432636798004,0.15311350688985764,0.12075432636798004,0.4321934611865526,0.05604282020174994,0.12967067745815056
TxPert_official_cell_gat_k562_all_fixed2000,K562,RACGAP1,162,2000,0.12944638902715996,0.16444018372153085,0.12948501820920327,0.4167909676935924,0.05573567676814696,0.1337257276454807
TxPert_official_cell_gat_k562_all_fixed2000,K562,RAD21,62,2000,0.10511945216331031,0.10728233010481965,0.10515082174020178,0.4772852313880384,0.05500208238981052,0.11523943675663163
TxPert_official_cell_gat_k562_all_fixed2000,K562,RAD51,227,2000,0.12530873578577395,0.1662245262677882,0.12530873578577395,0.4154794010984976,0.05501248072416063,0.13240723668764137
TxPert_official_cell_gat_k562_all_fixed2000,K562,RAD51C,59,2000,0.129742375834344,0.17957298644064637,0.129742375834344,0.39971190981371313,0.054849484678011096,0.13722253943183343
TxPert_official_cell_gat_k562_all_fixed2000,K562,RAE1,51,2000,0.10695135120787862,0.16925020268082436,0.10698326745712,0.463474378298728,0.056273324675313464,0.1214162553444982
TxPert_official_cell_gat_k562_all_fixed2000,K562,RAN,79,2000,0.11823710863709247,0.17543809075871827,0.11823710863709247,0.4428841112154872,0.05627968428814273,0.12707541677873704
TxPert_official_cell_gat_k562_all_fixed2000,K562,RANGAP1,120,2000,0.11952248525852917,0.1925725196259867,0.11952248525852917,0.43186969221269544,0.055698375459004704,0.12897032408995734
TxPert_official_cell_gat_k562_all_fixed2000,K562,RARS,334,2000,0.10304416010614867,0.14472931042352277,0.10307491037774107,0.4813507531198332,0.055137745662690155,0.11454795522774211
TxPert_official_cell_gat_k562_all_fixed2000,K562,RARS2,139,2000,0.11809338073716058,0.16193349219947756,0.11812862197283265,0.4381312979176321,0.056019386535439294,0.1278598117119054
TxPert_official_cell_gat_k562_all_fixed2000,K562,RBBP4,65,2000,0.11666564025783842,0.17020655555626615,0.11666564025783842,0.44244715534772966,0.05609046682489809,0.12677325388855248
TxPert_official_cell_gat_k562_all_fixed2000,K562,RBBP6,70,2000,0.09930281106460455,0.1405353904099454,0.09933244484886734,0.48459754662992777,0.05489568969555453,0.11328098737707148
TxPert_official_cell_gat_k562_all_fixed2000,K562,RBBP8,114,2000,0.12404961232305707,0.1537670859360255,0.12404961232305707,0.41942652676850206,0.0554331040591655,0.13216403636797355
TxPert_official_cell_gat_k562_all_fixed2000,K562,RBM14,199,2000,0.11948421213301993,0.12920476617144558,0.11948421213301993,0.4361138490013121,0.055366793817724934,0.12695490563980988
TxPert_official_cell_gat_k562_all_fixed2000,K562,RBM17,50,2000,0.11667555763679012,0.18455601500765856,0.11674521468612552,0.41572257427583165,0.053039741101574715,0.12758445922289102
TxPert_official_cell_gat_k562_all_fixed2000,K562,RBM19,37,2000,0.10774400554265809,0.1966521983054811,0.10780833032208655,0.45641149795638625,0.05286649563444249,0.11583076831510196
TxPert_official_cell_gat_k562_all_fixed2000,K562,RBM25,53,2000,0.10790445949393841,0.18783356500292328,0.10796888006677062,0.4415386100862007,0.054839829164351574,0.12420165908396712
TxPert_official_cell_gat_k562_all_fixed2000,K562,RBM28,55,2000,0.12355197378801729,0.17857440490416546,0.12355197378801729,0.42398106946847747,0.05606713295766422,0.13223970519616723
TxPert_official_cell_gat_k562_all_fixed2000,K562,RBM39,49,2000,0.11938986612295391,0.1819765025156887,0.11942549425369785,0.4347921079509228,0.0559945584406803,0.12878466772711986
TxPert_official_cell_gat_k562_all_fixed2000,K562,RBM4,128,2000,0.10682506057325288,0.1524514499504238,0.10685693913504733,0.46459442332769274,0.05396947740709969,0.11616470955224158
TxPert_official_cell_gat_k562_all_fixed2000,K562,RBM42,68,2000,0.11506249467726191,0.17776473580274632,0.11509683144081824,0.4353283665834223,0.05470591301583577,0.12566585584239404
TxPert_official_cell_gat_k562_all_fixed2000,K562,RBM48,55,2000,0.11296228603348678,0.14261204888005086,0.11299599605617656,0.45011257500363283,0.055151648275489726,0.12252856310392787
TxPert_official_cell_gat_k562_all_fixed2000,K562,RBM8A,17,2000,0.12405191502196584,0.13873431776822437,0.124833989538766,0.4375892100611209,0.05790319831001068,0.1323231826915731
TxPert_official_cell_gat_k562_all_fixed2000,K562,RBMX,110,2000,0.11932617359771565,0.15282929820455224,0.11932617359771565,0.43459390172943807,0.05621774155120888,0.12935694687367813
TxPert_official_cell_gat_k562_all_fixed2000,K562,RBMX2,225,2000,0.105061021449409,0.14228061380276524,0.105061021449409,0.47555952677080904,0.05445712829233195,0.11451169429197462
TxPert_official_cell_gat_k562_all_fixed2000,K562,RBX1,41,2000,0.10711563302257814,0.1361606167154527,0.10714759829653295,0.4549813721960228,0.05441603306503101,0.11960057091212267
TxPert_official_cell_gat_k562_all_fixed2000,K562,RCC1,162,2000,0.11415222666036143,0.1651033354968804,0.11415222666036143,0.4470363879616335,0.056109813336829774,0.1255150891351924
TxPert_official_cell_gat_k562_all_fixed2000,K562,RCL1,104,2000,0.10597202004492917,0.198916246832431,0.10597202004492917,0.4722700420731506,0.05435352447042065,0.11508992414789357
TxPert_official_cell_gat_k562_all_fixed2000,K562,REXO2,65,2000,0.10702652217819619,0.1411091370910838,0.10702652217819619,0.4474724415511889,0.05297649637698742,0.11839052034005972
TxPert_official_cell_gat_k562_all_fixed2000,K562,RFC1,108,2000,0.1212397105660578,0.14165670755334475,0.1212397105660578,0.43084983377893027,0.054361788558924845,0.12617339740018094
TxPert_official_cell_gat_k562_all_fixed2000,K562,RFC2,85,2000,0.12554176612253803,0.16339760562044595,0.1255792300933296,0.41518598503937737,0.05483768236340492,0.13207979801487274
TxPert_official_cell_gat_k562_all_fixed2000,K562,RFC3,211,2000,0.12379165791495268,0.1507616596208706,0.12379165791495268,0.42181840792147174,0.055057047366199076,0.13052309957800096
TxPert_official_cell_gat_k562_all_fixed2000,K562,RFC4,58,2000,0.12568040765105398,0.16215233551407982,0.12571791299502622,0.40941249783081957,0.053901807192506306,0.13165647400000785
TxPert_official_cell_gat_k562_all_fixed2000,K562,RFC5,101,2000,0.12018154232128406,0.15472764175267778,0.12018154232128406,0.42284959309060915,0.05412208614437475,0.12799370213143454
TxPert_official_cell_gat_k562_all_fixed2000,K562,RINT1,143,2000,0.11591975465765558,0.14468482783233833,0.11591975465765558,0.448966469519676,0.05644415379479652,0.1257201959825218
TxPert_official_cell_gat_k562_all_fixed2000,K562,RIOK1,290,2000,0.10783304337439749,0.1958595034804807,0.10783304337439749,0.4736768050977255,0.05490348406918436,0.1159091648972878
TxPert_official_cell_gat_k562_all_fixed2000,K562,RIOK2,161,2000,0.10998737866609412,0.20483580468881193,0.10998737866609412,0.47205831786630975,0.05598259645459734,0.11859254068800584
TxPert_official_cell_gat_k562_all_fixed2000,K562,RMI1,195,2000,0.11461080237879445,0.1324712640316007,0.11464500434906565,0.44172421818452395,0.05382937206808914,0.12186194153154464
TxPert_official_cell_gat_k562_all_fixed2000,K562,RNASEH2C,89,2000,0.11338685547972933,0.16453623211496055,0.11342069220174657,0.4547373059150143,0.05589623593787501,0.12291983521387859
TxPert_official_cell_gat_k562_all_fixed2000,K562,RNF113A,170,2000,0.10658717628483216,0.1115636558267685,0.10661898385758202,0.47068733833107856,0.05564195507707248,0.11821425681901752
TxPert_official_cell_gat_k562_all_fixed2000,K562,RNF20,118,2000,0.10984617495891548,0.14968314370388114,0.10987895507677849,0.4627844675899726,0.053877019604805836,0.11641924527239852
TxPert_official_cell_gat_k562_all_fixed2000,K562,RNF40,185,2000,0.11676728805335573,0.16106925332168917,0.11676728805335573,0.44062554334826,0.055110067114048374,0.1250723356720319
TxPert_official_cell_gat_k562_all_fixed2000,K562,RNGTT,110,2000,0.11452854371435346,0.17984814465817403,0.11456272113712707,0.45300710150051815,0.05657003910638069,0.12487671312487991
TxPert_official_cell_gat_k562_all_fixed2000,K562,RNMT,106,2000,0.11052216112444208,0.21160822900107337,0.11055514296900323,0.46717760455072244,0.055898031581838925,0.11965049231991821
TxPert_official_cell_gat_k562_all_fixed2000,K562,RNPC3,74,2000,0.11335320483365847,0.14172577533514513,0.11338703151370433,0.44758361418707066,0.05558022744578548,0.12417842039402975
TxPert_official_cell_gat_k562_all_fixed2000,K562,RNPS1,51,2000,0.10455307316619206,0.1393217201880101,0.10464673074143797,0.446101329962863,0.052393828239291916,0.11744826465585957
TxPert_official_cell_gat_k562_all_fixed2000,K562,ROMO1,80,2000,0.10991798795464378,0.16792362406562564,0.1099507895028248,0.45666912152945377,0.05525651659365291,0.12099901827958134
TxPert_official_cell_gat_k562_all_fixed2000,K562,RPA1,337,2000,0.10893184988974466,0.12479504321157224,0.10893184988974466,0.47545939818033545,0.05568339709428124,0.11711493375931109
TxPert_official_cell_gat_k562_all_fixed2000,K562,RPA2,177,2000,0.11135628740768269,0.12836703256540688,0.11135628740768269,0.4765199416354833,0.054852273318191966,0.11511012944983998
TxPert_official_cell_gat_k562_all_fixed2000,K562,RPA3,158,2000,0.12114923368739791,0.14087330122558364,0.1211853868457648,0.44599555674584723,0.05615576503038194,0.12591103862335606
TxPert_official_cell_gat_k562_all_fixed2000,K562,RPAP1,88,2000,0.10268253006326154,0.15781273971250673,0.10268253006326154,0.492523446251018,0.05557128158703598,0.1128297157865994
TxPert_official_cell_gat_k562_all_fixed2000,K562,RPAP2,373,2000,0.09160262665673506,0.1548097940926772,0.09162996256442134,0.531979358454984,0.055133276020103365,0.10363799667687437
TxPert_official_cell_gat_k562_all_fixed2000,K562,RPF1,108,2000,0.12195776280995191,0.1595367210394765,0.12195776280995191,0.4458023810514687,0.05793226022119935,0.12995053724265684
TxPert_official_cell_gat_k562_all_fixed2000,K562,RPF2,59,2000,0.11842656923866043,0.16614651056784127,0.11846190990390623,0.42613073745231217,0.054653187887465295,0.1282545045487042
TxPert_official_cell_gat_k562_all_fixed2000,K562,RPL10,215,2000,0.10982421489657734,0.14959206189151056,0.10982421489657734,0.4749246766137266,0.05567491818744543,0.11722894125469593
TxPert_official_cell_gat_k562_all_fixed2000,K562,RPL10A,195,2000,0.10980961821954446,0.1409490953649954,0.10980961821954446,0.4834832886411743,0.05603012135688567,0.11588843195692147
TxPert_official_cell_gat_k562_all_fixed2000,K562,RPL11,315,2000,0.11130087161167693,0.14416158241751284,0.11130087161167693,0.46221897211014745,0.055147842155032635,0.11931107178521462
TxPert_official_cell_gat_k562_all_fixed2000,K562,RPL12,185,2000,0.10069427132462033,0.13884504860564173,0.10069427132462033,0.5140461912676514,0.056618008013066747,0.11014186637980254
TxPert_official_cell_gat_k562_all_fixed2000,K562,RPL13,243,2000,0.11011042967335681,0.15432062907172953,0.11011042967335681,0.4746176409070561,0.055886546243926805,0.11775066969616563
TxPert_official_cell_gat_k562_all_fixed2000,K562,RPL13A,113,2000,0.11481757195619473,0.14013878207528419,0.11481757195619473,0.4334267040639049,0.05359444494424766,0.12365284188815745
TxPert_official_cell_gat_k562_all_fixed2000,K562,RPL14,189,2000,0.11058155591578527,0.15248861787382118,0.11058155591578527,0.47851866105113516,0.05680092903004675,0.11870159403660327
TxPert_official_cell_gat_k562_all_fixed2000,K562,RPL15,137,2000,0.09765884354181899,0.12774504532325204,0.09765884354181899,0.5380262157735294,0.05538967416331679,0.10294976621944797
TxPert_official_cell_gat_k562_all_fixed2000,K562,RPL17,134,2000,0.10815554754505745,0.16355077120348985,0.10815554754505745,0.4786417188740787,0.055210896279565054,0.11534910758708622
TxPert_official_cell_gat_k562_all_fixed2000,K562,RPL18,229,2000,0.1064772950828441,0.1444344276002357,0.1064772950828441,0.4852081116208883,0.05513594309984972,0.11363359482867343
TxPert_official_cell_gat_k562_all_fixed2000,K562,RPL18A,58,2000,0.11336260651927174,0.1486337966334285,0.11336260651927174,0.4424629697120507,0.05281342154658824,0.1193623511303896
TxPert_official_cell_gat_k562_all_fixed2000,K562,RPL19,226,2000,0.11126397466629494,0.14995977536420818,0.11126397466629494,0.4733237282379679,0.055855987703528814,0.11800800000325928
TxPert_official_cell_gat_k562_all_fixed2000,K562,RPL21,214,2000,0.10986500190737698,0.1468898979328366,0.10986500190737698,0.4723167059076217,0.055131528941527695,0.11672576278733827
TxPert_official_cell_gat_k562_all_fixed2000,K562,RPL23,361,2000,0.10713728135035518,0.1509247151633548,0.10713728135035518,0.4889634179956055,0.0557305628162651,0.11397695538236854
TxPert_official_cell_gat_k562_all_fixed2000,K562,RPL23A,84,2000,0.11323552983194184,0.16118763194144287,0.11323552983194184,0.46293627849639996,0.0558053472291885,0.12054649552412972
TxPert_official_cell_gat_k562_all_fixed2000,K562,RPL24,431,2000,0.11277957847682164,0.14473461180125705,0.11277957847682164,0.45915229806369773,0.05527681213837487,0.1203888364875787
TxPert_official_cell_gat_k562_all_fixed2000,K562,RPL26,194,2000,0.11323700115574054,0.1619606663258839,0.11323700115574054,0.46575960819531675,0.05570014890095526,0.1195899058762912
TxPert_official_cell_gat_k562_all_fixed2000,K562,RPL27,38,2000,0.12172169815478907,0.1673130239022141,0.12175802214707639,0.45074614226453574,0.05747901268860745,0.1275196968400829
TxPert_official_cell_gat_k562_all_fixed2000,K562,RPL27A,174,2000,0.11232958956242765,0.15614195227647013,0.11232958956242765,0.47238664285953313,0.05611828363743369,0.11879735233357827
TxPert_official_cell_gat_k562_all_fixed2000,K562,RPL30,334,2000,0.11125164408655236,0.14437878244420113,0.11125164408655236,0.4677929714951122,0.055721896216339994,0.11911657168999705
TxPert_official_cell_gat_k562_all_fixed2000,K562,RPL31,250,2000,0.109075287689369,0.1563255253982178,0.109075287689369,0.48080565117295115,0.05530605242178644,0.11502787277267985
TxPert_official_cell_gat_k562_all_fixed2000,K562,RPL32,158,2000,0.11441991763967087,0.14935668077077197,0.11441991763967087,0.46682678584125004,0.05626105431254469,0.12051804826490065
TxPert_official_cell_gat_k562_all_fixed2000,K562,RPL34,249,2000,0.1079470311812152,0.15526891423026384,0.1079470311812152,0.4833084401321156,0.05513092966259599,0.11406986500551683
TxPert_official_cell_gat_k562_all_fixed2000,K562,RPL35,36,2000,0.11027789950996923,0.15907208740831616,0.11031080846237447,0.4432501740718087,0.05220853622793275,0.11778570681760779
TxPert_official_cell_gat_k562_all_fixed2000,K562,RPL35A,97,2000,0.11130176361888204,0.1568980121575525,0.11130176361888204,0.4647727354685277,0.05500242487285154,0.11834262101019875
TxPert_official_cell_gat_k562_all_fixed2000,K562,RPL36,187,2000,0.10976151399339273,0.15432711178274705,0.10976151399339273,0.467006091616141,0.05435365232928525,0.11638745648330227
TxPert_official_cell_gat_k562_all_fixed2000,K562,RPL36A,76,2000,0.12755519064269644,0.19724695068160153,0.12759325545637673,0.41953086928155514,0.056875250211095574,0.13556868640633604
TxPert_official_cell_gat_k562_all_fixed2000,K562,RPL37,311,2000,0.11705049944231456,0.14802809655836324,0.11705049944231456,0.44765712438831395,0.05592486261751899,0.12492789307141422
TxPert_official_cell_gat_k562_all_fixed2000,K562,RPL37A,295,2000,0.1108230755704534,0.14447651153948263,0.1108230755704534,0.4743121489811343,0.055774163747115205,0.11758957195388621
TxPert_official_cell_gat_k562_all_fixed2000,K562,RPL38,169,2000,0.11093236697901317,0.15070323419328824,0.11093236697901317,0.4640968363816565,0.05469352111580442,0.11784937032480164
TxPert_official_cell_gat_k562_all_fixed2000,K562,RPL39,31,2000,0.11285594090983354,0.15549974986365805,0.11285594090983354,0.4256303489634985,0.052850990851553106,0.12417110231576677
TxPert_official_cell_gat_k562_all_fixed2000,K562,RPL4,257,2000,0.10728222341106036,0.14808796747231368,0.10728222341106036,0.4834641684789148,0.05517820703468079,0.11413091081180747
TxPert_official_cell_gat_k562_all_fixed2000,K562,RPL5,154,2000,0.11306910772328843,0.1493847577148306,0.11306910772328843,0.46716248611997396,0.056247762209393516,0.12040299184236804
TxPert_official_cell_gat_k562_all_fixed2000,K562,RPL6,247,2000,0.11098946312117476,0.1660690631396568,0.11098946312117476,0.47856433684215266,0.05615141738885747,0.11733305616972378
TxPert_official_cell_gat_k562_all_fixed2000,K562,RPL7,237,2000,0.10876684231992181,0.15590966446500462,0.10876684231992181,0.47887548575831274,0.05556541848560987,0.11603312129726011
TxPert_official_cell_gat_k562_all_fixed2000,K562,RPL7L1,23,2000,0.11848027205405642,0.13972676206176726,0.11879924377062433,0.43106587342295555,0.054063090959592754,0.12541723443826067
TxPert_official_cell_gat_k562_all_fixed2000,K562,RPL8,290,2000,0.11241821122572936,0.1605131981543497,0.11241821122572936,0.4806710256643701,0.056945308924459266,0.11847043965474444
TxPert_official_cell_gat_k562_all_fixed2000,K562,RPL9,180,2000,0.11143678335828126,0.1558150502170272,0.11143678335828126,0.4822070702848187,0.05702806835150045,0.11826468478608082
TxPert_official_cell_gat_k562_all_fixed2000,K562,RPLP0,136,2000,0.11762397371544708,0.15670939137620132,0.11762397371544708,0.4575977644445219,0.05736158207391761,0.12535371734171752
TxPert_official_cell_gat_k562_all_fixed2000,K562,RPLP1,96,2000,0.12181371690463477,0.15742862623982615,0.12181371690463477,0.4305830522082515,0.05594064837948448,0.1299183671847008
TxPert_official_cell_gat_k562_all_fixed2000,K562,RPLP2,199,2000,0.11904835223942316,0.17030355374044362,0.11904835223942316,0.4405918209064477,0.055914275444791765,0.1269071996404405
TxPert_official_cell_gat_k562_all_fixed2000,K562,RPP14,53,2000,0.10939327420228706,0.19705266662007723,0.10945858361972126,0.46430565386672734,0.0555854911461966,0.11971745225608892
TxPert_official_cell_gat_k562_all_fixed2000,K562,RPP30,97,2000,0.10809901069280932,0.2008589922635019,0.10809901069280932,0.4725783134483887,0.0547427119613294,0.11583838962793216
TxPert_official_cell_gat_k562_all_fixed2000,K562,RPP38,49,2000,0.11815238783805354,0.1996130811267781,0.11815238783805354,0.44338329820037964,0.05753600117022524,0.12976582588044297
TxPert_official_cell_gat_k562_all_fixed2000,K562,RPP40,78,2000,0.11018882387491828,0.19585853214776516,0.11018882387491828,0.46213374184333406,0.05473302691193578,0.11843546742392143
TxPert_official_cell_gat_k562_all_fixed2000,K562,RPS10,93,2000,0.10908383495958213,0.19214130960847484,0.10908383495958213,0.46948525780247335,0.055126586122030447,0.11741920333317864
TxPert_official_cell_gat_k562_all_fixed2000,K562,RPS11,233,2000,0.10238788963032934,0.18541447839772762,0.10238788963032934,0.5005814879919294,0.055058327485414935,0.10998873850967342
TxPert_official_cell_gat_k562_all_fixed2000,K562,RPS12,424,2000,0.10428946400787889,0.18189092118074718,0.10428946400787889,0.48972164154906256,0.05472260058220134,0.11174225278605837
TxPert_official_cell_gat_k562_all_fixed2000,K562,RPS13,127,2000,0.10547806902478582,0.18524713176022736,0.10547806902478582,0.4993536672010343,0.05620222608475482,0.11254993935316196
TxPert_official_cell_gat_k562_all_fixed2000,K562,RPS14,156,2000,0.11080795235470962,0.1882263811665141,0.11080795235470962,0.48052478815164407,0.05700784304908861,0.11863663075947659
TxPert_official_cell_gat_k562_all_fixed2000,K562,RPS15,18,2000,0.09407317668403231,0.15457122944836427,0.09460944741820472,0.45413509719473866,0.043899376278127455,0.09666589431788385
TxPert_official_cell_gat_k562_all_fixed2000,K562,RPS15A,257,2000,0.10682451276331692,0.19394081648998854,0.10682451276331692,0.4906111625727791,0.05615755473310796,0.1144644840406225
TxPert_official_cell_gat_k562_all_fixed2000,K562,RPS16,54,2000,0.10760379588714274,0.1880684522227051,0.10760379588714274,0.46609446278024197,0.053779490919381404,0.11538324108112262
TxPert_official_cell_gat_k562_all_fixed2000,K562,RPS17,159,2000,0.10740794923463721,0.19297311938189096,0.10740794923463721,0.48533766860040123,0.05594143248996687,0.1152629086027046
TxPert_official_cell_gat_k562_all_fixed2000,K562,RPS18,119,2000,0.10232424736794996,0.1834907988587283,0.10232424736794996,0.49664045534672346,0.05489888734657647,0.11054050400071505
TxPert_official_cell_gat_k562_all_fixed2000,K562,RPS19,410,2000,0.10247296306262553,0.18286872192439665,0.10247296306262553,0.5019807691205748,0.055382358949233594,0.1103276484933517
TxPert_official_cell_gat_k562_all_fixed2000,K562,RPS19BP1,50,2000,0.1109025637911602,0.20643745280661258,0.11093565915486989,0.4611640111589916,0.057111434624580404,0.12384191308126916
TxPert_official_cell_gat_k562_all_fixed2000,K562,RPS2,50,2000,0.10953519626686176,0.1785516075881372,0.10953519626686176,0.46256670648307674,0.055447889221132,0.11987003657052052
TxPert_official_cell_gat_k562_all_fixed2000,K562,RPS20,179,2000,0.10200506208104954,0.17701566459566137,0.10200506208104954,0.5019924752525364,0.05490528522070436,0.10937471542643364
TxPert_official_cell_gat_k562_all_fixed2000,K562,RPS21,63,2000,0.10831784345082067,0.20032820834908682,0.10835016748646699,0.45916127153185504,0.05529131042128674,0.12041805928588693
TxPert_official_cell_gat_k562_all_fixed2000,K562,RPS23,98,2000,0.10786870399195077,0.1983453558474485,0.10786870399195077,0.4860080364669243,0.056359588006635805,0.11596431050133119
TxPert_official_cell_gat_k562_all_fixed2000,K562,RPS24,213,2000,0.10267878399078477,0.18878298554032452,0.10267878399078477,0.498893259627509,0.054845287613037245,0.10993390961955979
TxPert_official_cell_gat_k562_all_fixed2000,K562,RPS26,73,2000,0.10583411573043124,0.17811594340967526,0.10583411573043124,0.49206181201630383,0.05575666164080246,0.11331230984824309
TxPert_official_cell_gat_k562_all_fixed2000,K562,RPS27,161,2000,0.09957255991961382,0.17986322304768126,0.09957255991961382,0.507535890287104,0.05467859552528594,0.1077334539179499
TxPert_official_cell_gat_k562_all_fixed2000,K562,RPS27A,88,2000,0.10747498513257932,0.18857623906200974,0.10747498513257932,0.4775415997452109,0.05486143323348898,0.11488304288868133
TxPert_official_cell_gat_k562_all_fixed2000,K562,RPS28,262,2000,0.10609046165271191,0.19090124425914218,0.10609046165271191,0.48275140106793596,0.05524657526084607,0.11444104355620704
TxPert_official_cell_gat_k562_all_fixed2000,K562,RPS29,211,2000,0.1017056459737344,0.17952592950724405,0.1017056459737344,0.49575429475757343,0.054217242835248494,0.10936313071807016
TxPert_official_cell_gat_k562_all_fixed2000,K562,RPS3,252,2000,0.10503963593987967,0.18692898576026998,0.10503963593987967,0.4906893644870875,0.055350804149294344,0.11280212498416532
TxPert_official_cell_gat_k562_all_fixed2000,K562,RPS3A,120,2000,0.10474075702960069,0.19412320659330476,0.10474075702960069,0.48826960714885126,0.055251236945620764,0.11315722913141485
TxPert_official_cell_gat_k562_all_fixed2000,K562,RPS4X,175,2000,0.10307418711207678,0.17229324767220003,0.10307418711207678,0.5023095996539176,0.0549953926059024,0.10948504975605233
TxPert_official_cell_gat_k562_all_fixed2000,K562,RPS5,127,2000,0.1042963805646092,0.16980710363860688,0.1042963805646092,0.48871006423025115,0.05430453228575305,0.11111809465210243
TxPert_official_cell_gat_k562_all_fixed2000,K562,RPS6,165,2000,0.09912767426178347,0.18328944863653077,0.09912767426178347,0.5120167516074132,0.05461161342026614,0.10665981568419701
TxPert_official_cell_gat_k562_all_fixed2000,K562,RPS7,244,2000,0.10141442249556912,0.18326457460789913,0.10141442249556912,0.502491348281254,0.05477702584693337,0.10901088136977198
TxPert_official_cell_gat_k562_all_fixed2000,K562,RPS9,217,2000,0.10364611364088797,0.18039349666015592,0.10364611364088797,0.5000389284167555,0.055546239384245535,0.11108382791171903
TxPert_official_cell_gat_k562_all_fixed2000,K562,RPSA,191,2000,0.10344897931563414,0.1736062116137717,0.10344897931563414,0.4877829806065645,0.054436532308143035,0.11159989863617528
TxPert_official_cell_gat_k562_all_fixed2000,K562,RPTOR,81,2000,0.10791940654724884,0.16950058512192676,0.10795161168199884,0.4473857158430472,0.05465617845782918,0.12216790858679244
TxPert_official_cell_gat_k562_all_fixed2000,K562,RPUSD4,118,2000,0.11734112888288718,0.16572290073088985,0.11734112888288718,0.4402244087619827,0.054697403290335685,0.12424890796416514
TxPert_official_cell_gat_k562_all_fixed2000,K562,RRM1,65,2000,0.11149354303417953,0.12303156709389498,0.11152681475695905,0.4827586451087476,0.055815015647472564,0.11561680988381143
TxPert_official_cell_gat_k562_all_fixed2000,K562,RRN3,38,2000,0.10802327278241344,0.15633469285483248,0.10828170166466802,0.473624518517236,0.05442648447654379,0.11491483485227288
TxPert_official_cell_gat_k562_all_fixed2000,K562,RRP1,90,2000,0.1186280176993778,0.1892928045435033,0.11866341848054743,0.4368701312826561,0.05593180092135536,0.12802843599505084
TxPert_official_cell_gat_k562_all_fixed2000,K562,RRP12,191,2000,0.10767089113679973,0.206691183063741,0.1077030221099829,0.4851374290261178,0.05604514045238513,0.1155242534257759
TxPert_official_cell_gat_k562_all_fixed2000,K562,RRP7A,40,2000,0.10193882476897291,0.18763386392199682,0.10199968376883496,0.48321847766904535,0.055343289051576136,0.11453057046418423
TxPert_official_cell_gat_k562_all_fixed2000,K562,RRP9,92,2000,0.10977297714431893,0.19043179652416437,0.1098057354186085,0.4577583694670501,0.05505544326061425,0.12027184150012309
TxPert_official_cell_gat_k562_all_fixed2000,K562,RRS1,64,2000,0.11952714754824462,0.1581077390658393,0.11952714754824462,0.4336828297582013,0.05561707208076435,0.12824365407626803
TxPert_official_cell_gat_k562_all_fixed2000,K562,RSL1D1,124,2000,0.11435364159623723,0.16385019722585042,0.11435364159623723,0.438137077822001,0.054159270508602704,0.12361261352658104
TxPert_official_cell_gat_k562_all_fixed2000,K562,RSL24D1,116,2000,0.11741709913482752,0.16610816035568718,0.11741709913482752,0.4402739620725302,0.054673954332525226,0.1241816636926207
TxPert_official_cell_gat_k562_all_fixed2000,K562,RTCB,152,2000,0.11736520976903544,0.19978429120302377,0.11736520976903544,0.43790600978211464,0.0558829984971909,0.12761413630485408
TxPert_official_cell_gat_k562_all_fixed2000,K562,RTF1,53,2000,0.10232130708777533,0.1327107393225999,0.1025047882122603,0.4471006134911697,0.0558800730930957,0.12498321441996231
TxPert_official_cell_gat_k562_all_fixed2000,K562,RUVBL1,171,2000,0.09618926605856673,0.13577040581828023,0.09618926605856673,0.5205100312037727,0.056659074136426096,0.10885298966642763
TxPert_official_cell_gat_k562_all_fixed2000,K562,SAE1,104,2000,0.11962295931721924,0.16386964574171933,0.11962295931721924,0.43712563637893004,0.05606445101607116,0.1282570617407122
TxPert_official_cell_gat_k562_all_fixed2000,K562,SAMM50,94,2000,0.1159394160293877,0.175124234699721,0.1159394160293877,0.4514955771635765,0.05670253475911267,0.12558823689802617
TxPert_official_cell_gat_k562_all_fixed2000,K562,SAP130,99,2000,0.11255344489355194,0.1467987497254344,0.11255344489355194,0.44219873403610227,0.05352342172424691,0.12103928933791164
TxPert_official_cell_gat_k562_all_fixed2000,K562,SAP18,40,2000,0.10209587611775588,0.1855384026352804,0.1022178544643721,0.47445376954732693,0.055232568096085,0.11641295838929139
TxPert_official_cell_gat_k562_all_fixed2000,K562,SARS,24,2000,0.09623268165518822,0.10616888507938974,0.09739491210996103,0.456519076548659,0.052744575875904635,0.11553640894767442
TxPert_official_cell_gat_k562_all_fixed2000,K562,SARS2,150,2000,0.11160697246579984,0.16880045881591801,0.11160697246579984,0.45300635366893965,0.05520712337231593,0.12186831753352961
TxPert_official_cell_gat_k562_all_fixed2000,K562,SART1,247,2000,0.10878486940288941,0.13510052910851808,0.10878486940288941,0.48275784710711117,0.05659709408863165,0.11723702318960758
TxPert_official_cell_gat_k562_all_fixed2000,K562,SART3,142,2000,0.1133272208542508,0.1605581475028828,0.1133272208542508,0.4391739301823596,0.0555808096395601,0.1265576222862429
TxPert_official_cell_gat_k562_all_fixed2000,K562,SBNO1,127,2000,0.1143569431993433,0.19518910269661702,0.11439106941336874,0.4440646268863027,0.0546811680802642,0.12313785773097857
TxPert_official_cell_gat_k562_all_fixed2000,K562,SCAF1,158,2000,0.10773715734759823,0.11607096859334413,0.10773715734759823,0.46977221422155263,0.05397992883439383,0.11490659952031555
TxPert_official_cell_gat_k562_all_fixed2000,K562,SCFD1,103,2000,0.10871433430998265,0.13883826565778232,0.10871433430998265,0.4688531891942948,0.056454448649539746,0.12040964793789277
TxPert_official_cell_gat_k562_all_fixed2000,K562,SDAD1,210,2000,0.11793994596505432,0.16977570259135752,0.11793994596505432,0.4402710880028408,0.05553668874136988,0.12614202702220426
TxPert_official_cell_gat_k562_all_fixed2000,K562,SDC1,170,2000,0.11483074904855295,0.17327845873576192,0.11483074904855295,0.4408422695277236,0.05517240897182772,0.1251522631425783
TxPert_official_cell_gat_k562_all_fixed2000,K562,SDE2,134,2000,0.1161772490587759,0.16682147548329343,0.11621191848553172,0.45073855036607363,0.05642996462304279,0.1251944465927486
TxPert_official_cell_gat_k562_all_fixed2000,K562,SDHC,91,2000,0.11504160683876748,0.15748321741046276,0.11504160683876748,0.43895604513443315,0.054762869557645845,0.12475706603676845
TxPert_official_cell_gat_k562_all_fixed2000,K562,SEC13,43,2000,0.11058389034540217,0.1816844634807258,0.11068295026509051,0.447853747724171,0.055484775036975166,0.12389038627012643
TxPert_official_cell_gat_k562_all_fixed2000,K562,SEC61A1,129,2000,0.10936787822402848,0.1305323123871099,0.10940051560935345,0.47306292950929213,0.05631855323750678,0.11905086730304
TxPert_official_cell_gat_k562_all_fixed2000,K562,SEC61G,74,2000,0.09957799623105476,0.12262732492979624,0.09957799623105476,0.48169324361187965,0.05453281134071367,0.11321066037734677
TxPert_official_cell_gat_k562_all_fixed2000,K562,SEH1L,59,2000,0.10635481347046676,0.1505379998708958,0.10638655170188141,0.4680270501619166,0.05503846392122171,0.11759675584181147
TxPert_official_cell_gat_k562_all_fixed2000,K562,SERBP1,94,2000,0.1226053473679458,0.18216655918978927,0.1226053473679458,0.424609353899209,0.056247220557351964,0.13246815859365635
TxPert_official_cell_gat_k562_all_fixed2000,K562,SETD1A,60,2000,0.09995627786264243,0.11575164365060733,0.09998610665341015,0.49475326487185495,0.05571638730083434,0.11261448914161373
TxPert_official_cell_gat_k562_all_fixed2000,K562,SETDB1,123,2000,0.11893415040545105,0.14720483651753777,0.11896964254224766,0.4290162512619128,0.05505606275866463,0.12833094623668148
TxPert_official_cell_gat_k562_all_fixed2000,K562,SF1,18,2000,0.12366596553793528,0.157405275050017,0.12531085746165632,0.42003128231238573,0.05495418939691678,0.13083356026732942
TxPert_official_cell_gat_k562_all_fixed2000,K562,SF3A1,165,2000,0.10774865311762469,0.1256778675974912,0.10774865311762469,0.46523548175440765,0.05532694829515068,0.11892245814375041
TxPert_official_cell_gat_k562_all_fixed2000,K562,SF3A2,236,2000,0.11006411664386627,0.13174094613340634,0.11006411664386627,0.4762930217241259,0.05576194387756129,0.11707486812416608
TxPert_official_cell_gat_k562_all_fixed2000,K562,SF3B2,197,2000,0.0990684936198002,0.11855127847085763,0.0990684936198002,0.506516538319447,0.05543682817830917,0.10944722015942226
TxPert_official_cell_gat_k562_all_fixed2000,K562,SF3B3,215,2000,0.09758409480315233,0.10495340042927503,0.09758409480315233,0.5134982219405987,0.05476295959650648,0.10664683184895841
TxPert_official_cell_gat_k562_all_fixed2000,K562,SF3B4,163,2000,0.1047962067859889,0.12025022201925979,0.1048274799005177,0.4824220346149085,0.05533181312016094,0.11469586379355723
TxPert_official_cell_gat_k562_all_fixed2000,K562,SF3B5,55,2000,0.10140260581887858,0.12470173647777971,0.10143286622049567,0.49407153917489877,0.05661762454260812,0.11459397861941202
TxPert_official_cell_gat_k562_all_fixed2000,K562,SFPQ,185,2000,0.09212555591094235,0.11948452983392739,0.09212555591094235,0.4872882399121232,0.0555592920980972,0.11401730312215957
TxPert_official_cell_gat_k562_all_fixed2000,K562,SFSWAP,145,2000,0.11289150091662942,0.18782809066180717,0.11292518981573914,0.45609003955049343,0.055756824103913104,0.12224959557627951
TxPert_official_cell_gat_k562_all_fixed2000,K562,SIN3A,217,2000,0.11486272859197497,0.14455770597558254,0.11489700574165923,0.45426849405901387,0.05647100934420929,0.12431196272606466
TxPert_official_cell_gat_k562_all_fixed2000,K562,SKA3,109,2000,0.1208461865930303,0.1961030082179328,0.1208461865930303,0.42983086155838646,0.05659348430386512,0.13166454074990214
TxPert_official_cell_gat_k562_all_fixed2000,K562,SKP1,62,2000,0.11295183289798633,0.12086532416918358,0.11295183289798633,0.46638220338759884,0.056586370193305036,0.12133046366045158
TxPert_official_cell_gat_k562_all_fixed2000,K562,SLBP,63,2000,0.12161839828199347,0.15654999773717,0.12165469144769983,0.4132069169368089,0.05346887485915462,0.12939975439310952
TxPert_official_cell_gat_k562_all_fixed2000,K562,SLC39A9,724,2000,0.11602471129888803,0.1728025738155854,0.11605933520557227,0.448500828044867,0.055901433102539824,0.12464064358548103
TxPert_official_cell_gat_k562_all_fixed2000,K562,SLC7A5,344,2000,0.11453744890491939,0.17526895506854567,0.11457162898516557,0.45480300733499524,0.05604261711755488,0.1232239342780689
TxPert_official_cell_gat_k562_all_fixed2000,K562,SLC7A6OS,36,2000,0.1118430599857823,0.16700126665083279,0.11211062711493487,0.45548667670683246,0.05524543314596509,0.12128879890077453
TxPert_official_cell_gat_k562_all_fixed2000,K562,SLU7,195,2000,0.10033282097755905,0.11155163088823686,0.10036276213571409,0.5138418013990138,0.056064251649497986,0.10910799862092652
TxPert_official_cell_gat_k562_all_fixed2000,K562,SMARCB1,118,2000,0.12198760190849015,0.1488701870081847,0.12198760190849015,0.4352651812736309,0.05620906331822574,0.12913751075235816
TxPert_official_cell_gat_k562_all_fixed2000,K562,SMC1A,156,2000,0.09735297132926825,0.09952909135916516,0.09738202324551094,0.515431424629539,0.05550334134526987,0.10768326806680373
TxPert_official_cell_gat_k562_all_fixed2000,K562,SMC2,108,2000,0.12328354530908307,0.15188351487833746,0.12332033538527198,0.4338974295437407,0.055200600290508745,0.12722038726145568
TxPert_official_cell_gat_k562_all_fixed2000,K562,SMC3,42,2000,0.10156929921972382,0.12498710645764657,0.10159960936571596,0.4879449518846441,0.054984761236001004,0.11268640017027176
TxPert_official_cell_gat_k562_all_fixed2000,K562,SMC4,169,2000,0.12181467198331004,0.15909923046494748,0.1218510237206969,0.43529625979556685,0.05613996563798822,0.12896955368892518
TxPert_official_cell_gat_k562_all_fixed2000,K562,SMG5,82,2000,0.12072795820686799,0.13001244247929697,0.12072795820686799,0.42841161196642435,0.05523398601342224,0.12892737540568183
TxPert_official_cell_gat_k562_all_fixed2000,K562,SMN2,319,2000,0.10612275995815135,0.14754196529168284,0.10612275995815135,0.46647345113316835,0.05519363854637789,0.11832106892490775
TxPert_official_cell_gat_k562_all_fixed2000,K562,SMU1,101,2000,0.08700354278744776,0.0935854543085496,0.08702950624396447,0.5315454556075478,0.05452423242278073,0.10257679907110187
TxPert_official_cell_gat_k562_all_fixed2000,K562,SNAPC1,96,2000,0.11666953520349166,0.15106890875387846,0.11670435153748256,0.4446387123149822,0.055358186436245814,0.12450149673880644
TxPert_official_cell_gat_k562_all_fixed2000,K562,SNAPC2,68,2000,0.11564860570216108,0.14279535233167853,0.11568311737202147,0.44427158686250173,0.05525970617270315,0.12438271220342172
TxPert_official_cell_gat_k562_all_fixed2000,K562,SNAPC3,201,2000,0.11270763380125469,0.14662018317497671,0.11270763380125469,0.4521199883026269,0.055043553850760235,0.12174545266169975
TxPert_official_cell_gat_k562_all_fixed2000,K562,SNAPC5,90,2000,0.1133545535481026,0.1811051955403753,0.11338838063062964,0.45378806897192353,0.056329024774589204,0.12413068431018515
TxPert_official_cell_gat_k562_all_fixed2000,K562,SNIP1,43,2000,0.10699204818478103,0.14629713384839468,0.10702397657874844,0.44762615803940353,0.05309480844656793,0.1186141745893062
TxPert_official_cell_gat_k562_all_fixed2000,K562,SNRNP200,92,2000,0.09577358467825306,0.11882998892880318,0.09577358467825306,0.509214447664546,0.05506374932712207,0.10813469354280643
TxPert_official_cell_gat_k562_all_fixed2000,K562,SNRNP25,112,2000,0.11203814453696112,0.14181020857546245,0.11203814453696112,0.44836020366486556,0.054661700332221674,0.12191469864246136
TxPert_official_cell_gat_k562_all_fixed2000,K562,SNRNP27,42,2000,0.10575542904361368,0.13907585348026644,0.10575542904361368,0.4556678784624417,0.05485712594087603,0.12038839542979472
TxPert_official_cell_gat_k562_all_fixed2000,K562,SNRNP35,159,2000,0.1096767664487516,0.12556413012747444,0.10970949601200101,0.46347781257317167,0.05406504412704573,0.11665076837308692
TxPert_official_cell_gat_k562_all_fixed2000,K562,SNRNP48,179,2000,0.11127783332069867,0.13255567853627892,0.11131104067173439,0.4662954929651503,0.05531563068543359,0.11862784507610345
TxPert_official_cell_gat_k562_all_fixed2000,K562,SNRNP70,85,2000,0.09980166131246256,0.1243566051584969,0.09983144396280946,0.5016032423335074,0.05548039448965977,0.11060612990757046
TxPert_official_cell_gat_k562_all_fixed2000,K562,SNRPA1,79,2000,0.10043153940035801,0.1349725490703685,0.10055152929211471,0.47769977569331146,0.05589962796508702,0.11701832330520491
TxPert_official_cell_gat_k562_all_fixed2000,K562,SNRPB,120,2000,0.10507774763633015,0.12945887616711374,0.10507774763633015,0.4944651254948434,0.05726573665191249,0.11581349733506073
TxPert_official_cell_gat_k562_all_fixed2000,K562,SNRPC,28,2000,0.11229469157093716,0.14467942345482793,0.11279946243505584,0.4655423983331406,0.056356264649099076,0.12105506102200408
TxPert_official_cell_gat_k562_all_fixed2000,K562,SNRPD1,113,2000,0.1007297219336739,0.14239582272055037,0.1007597815343703,0.48907094642804455,0.05652602347509208,0.11557836901199954
TxPert_official_cell_gat_k562_all_fixed2000,K562,SNRPD3,120,2000,0.10049333473425222,0.127669073129522,0.10049333473425222,0.5035639284400889,0.05617844769797847,0.11156169735268336
TxPert_official_cell_gat_k562_all_fixed2000,K562,SNRPE,128,2000,0.10660669534010289,0.13929548791403215,0.10660669534010289,0.48597816517954434,0.05585462718586347,0.11493237770446792
TxPert_official_cell_gat_k562_all_fixed2000,K562,SNRPF,92,2000,0.0990200080265244,0.14277220819879996,0.0990200080265244,0.48371200858835395,0.055961500440095166,0.1156917717351969
TxPert_official_cell_gat_k562_all_fixed2000,K562,SNRPG,325,2000,0.10857767885058897,0.1407277685621229,0.10857767885058897,0.4800456543455262,0.055752165663097195,0.11613929632945924
TxPert_official_cell_gat_k562_all_fixed2000,K562,SNW1,115,2000,0.10654806076105719,0.12754062132625707,0.10654806076105719,0.47190393377406653,0.05529775319160863,0.11718010396218163
TxPert_official_cell_gat_k562_all_fixed2000,K562,SON,238,2000,0.09920185804935636,0.10808792270350037,0.09920185804935636,0.5111109261172058,0.05598548099747026,0.10953684815038257
TxPert_official_cell_gat_k562_all_fixed2000,K562,SPC24,95,2000,0.09609416907271091,0.09906053258124492,0.09609416907271091,0.5262558170467582,0.05344829205212435,0.10156332586769709
TxPert_official_cell_gat_k562_all_fixed2000,K562,SPC25,181,2000,0.09679393822453679,0.11340834155275042,0.09682282331502455,0.5494810053300744,0.05497333258782183,0.10004591797370695
TxPert_official_cell_gat_k562_all_fixed2000,K562,SPCS3,115,2000,0.11581558064712259,0.12157592976053605,0.11585014214537598,0.4419408106069506,0.05536778801668721,0.12528326290530586
TxPert_official_cell_gat_k562_all_fixed2000,K562,SRBD1,143,2000,0.11871040668094916,0.14667444370628344,0.11871040668094916,0.45666699110617,0.055780604695078874,0.12214722009683925
TxPert_official_cell_gat_k562_all_fixed2000,K562,SRFBP1,73,2000,0.11223220478561706,0.21015354469415778,0.11226569693864172,0.4597635206919794,0.05591787121348698,0.12162311162289513
TxPert_official_cell_gat_k562_all_fixed2000,K562,SRP54,75,2000,0.11070332544182378,0.1276361328848245,0.11070332544182378,0.45535733496507996,0.05499533703070032,0.12077401987425448
TxPert_official_cell_gat_k562_all_fixed2000,K562,SRP68,158,2000,0.11027452800786354,0.12918526267963532,0.11027452800786354,0.4660925865906841,0.055103591126211986,0.11822455780091091
TxPert_official_cell_gat_k562_all_fixed2000,K562,SRP72,204,2000,0.11631715287974673,0.16066952886285435,0.11631715287974673,0.4442645721199761,0.055904621556501284,0.12583632323272606
TxPert_official_cell_gat_k562_all_fixed2000,K562,SRPRB,153,2000,0.10849828907872093,0.13833870552515587,0.10849828907872093,0.4597671990498439,0.054977272178500965,0.11957632274845598
TxPert_official_cell_gat_k562_all_fixed2000,K562,SRRM1,136,2000,0.11964137498276267,0.19218584335911149,0.11964137498276267,0.42891578339618186,0.054931256180375754,0.1280700245272543
TxPert_official_cell_gat_k562_all_fixed2000,K562,SRRM2,146,2000,0.11591823324205325,0.15497014735433623,0.11591823324205325,0.45102855515152857,0.056143109957873166,0.12447794728702206
TxPert_official_cell_gat_k562_all_fixed2000,K562,SRRT,260,2000,0.09292077821621963,0.14857633213204066,0.09292077821621963,0.5018447022778392,0.055495052556907384,0.11058212072220328
TxPert_official_cell_gat_k562_all_fixed2000,K562,SRSF1,117,2000,0.11178960591822985,0.1493547739814651,0.11178960591822985,0.47581421863332146,0.056470090494689,0.11868096222529478
TxPert_official_cell_gat_k562_all_fixed2000,K562,SRSF10,120,2000,0.11856609570742851,0.14120088804237008,0.11856609570742851,0.43569666929387435,0.055870780236946825,0.12823320188599
TxPert_official_cell_gat_k562_all_fixed2000,K562,SRSF11,116,2000,0.12196767062458408,0.13395731910222597,0.12196767062458408,0.4279615766022061,0.05602555109381338,0.1309125698374644
TxPert_official_cell_gat_k562_all_fixed2000,K562,SRSF2,40,2000,0.11025908775235227,0.15299678131440886,0.11045680279315147,0.4412312046773643,0.054509595405312625,0.12353975329050769
TxPert_official_cell_gat_k562_all_fixed2000,K562,SRSF3,15,2000,0.07232055132324301,0.0881922847114826,0.07673899589601474,0.5368434755776192,0.05334652872208222,0.09937072937503147
TxPert_official_cell_gat_k562_all_fixed2000,K562,SRSF7,100,2000,0.1151636002739692,0.17012601316742998,0.1151636002739692,0.4387580828167731,0.05552538817077165,0.12655125701341594
TxPert_official_cell_gat_k562_all_fixed2000,K562,SS18L2,130,2000,0.11176935812343564,0.1577828728326407,0.11180271215450799,0.44996472315813885,0.05529368116274734,0.12288447757818952
TxPert_official_cell_gat_k562_all_fixed2000,K562,SSBP1,115,2000,0.10989014190848059,0.20489451337838463,0.10989014190848059,0.4666332132909849,0.055579794814859064,0.11910809612499539
TxPert_official_cell_gat_k562_all_fixed2000,K562,SSRP1,440,2000,0.10076393974990061,0.15003608421176431,0.10076393974990061,0.4999019280433887,0.055840086798752644,0.11170208104675529
TxPert_official_cell_gat_k562_all_fixed2000,K562,SSU72,55,2000,0.10821937405328799,0.14900742063379258,0.10825166870385598,0.4592170877351041,0.05495749666341103,0.11967650362860148
TxPert_official_cell_gat_k562_all_fixed2000,K562,STARD7,98,2000,0.11445023285917273,0.18993904326995462,0.11445023285917273,0.44392629772389136,0.05443365265068495,0.12261866824198449
TxPert_official_cell_gat_k562_all_fixed2000,K562,STRAP,91,2000,0.11714803737006368,0.1590954660591627,0.11714803737006368,0.4225931889188603,0.05334652878890295,0.1262361271439811
TxPert_official_cell_gat_k562_all_fixed2000,K562,SUGP1,146,2000,0.11790473098052069,0.18661153131999966,0.11790473098052069,0.44324833372505584,0.056067501093974445,0.1264922968979051
TxPert_official_cell_gat_k562_all_fixed2000,K562,SUGT1,94,2000,0.1199423325092678,0.1267456137815204,0.1199423325092678,0.42688969521825526,0.0548159620425106,0.1284077863027522
TxPert_official_cell_gat_k562_all_fixed2000,K562,SUPT16H,82,2000,0.10204960419521747,0.136272156589997,0.10204960419521747,0.48838633764757466,0.0557313052192775,0.11411315137640553
TxPert_official_cell_gat_k562_all_fixed2000,K562,SUPT4H1,55,2000,0.10607168813511529,0.18546429938354148,0.10623014599011249,0.4574670046745735,0.05487709244460908,0.11995857774280574
TxPert_official_cell_gat_k562_all_fixed2000,K562,SUPT5H,367,2000,0.07369305706706859,0.11415250117235917,0.07371504842996536,0.6061308450641242,0.05494411106089126,0.09064727624710439
TxPert_official_cell_gat_k562_all_fixed2000,K562,SUPT6H,256,2000,0.07429596186663497,0.11869265810496991,0.07431813314740686,0.6176515396257645,0.05527364324727197,0.08949000982959131
TxPert_official_cell_gat_k562_all_fixed2000,K562,SUPV3L1,74,2000,0.11691289444160147,0.1918843334937576,0.11691289444160147,0.4463400420952846,0.057316667737766024,0.12841479824340316
TxPert_official_cell_gat_k562_all_fixed2000,K562,SURF6,113,2000,0.1183290190503203,0.18300717085686546,0.11836433060479666,0.4291199021005829,0.05452361964247788,0.1270591694884993
TxPert_official_cell_gat_k562_all_fixed2000,K562,SYF2,78,2000,0.12323953768999184,0.1820336514335617,0.12327631463349824,0.43050506380575576,0.05640836667535085,0.13102834346803158
TxPert_official_cell_gat_k562_all_fixed2000,K562,SYMPK,80,2000,0.10269524465538982,0.13252175394164367,0.10269524465538982,0.4740199510772717,0.054901168824019034,0.11582037325864722
TxPert_official_cell_gat_k562_all_fixed2000,K562,TADA3,139,2000,0.10959957086640779,0.16856072765750263,0.10963227739307636,0.46734715418307765,0.05484751604029549,0.11735925719410085
TxPert_official_cell_gat_k562_all_fixed2000,K562,TAF1,92,2000,0.0901180225143375,0.1442098573191587,0.09014491538885684,0.5189473859090049,0.054623249268519365,0.10525777699074783
TxPert_official_cell_gat_k562_all_fixed2000,K562,TAF10,38,2000,0.10109766176305597,0.1800017292633056,0.1012184474999294,0.49824655101921317,0.05559299835748526,0.11157728463547088
TxPert_official_cell_gat_k562_all_fixed2000,K562,TAF12,65,2000,0.09210620821076264,0.16449483222188868,0.09213369439644177,0.5381124252075583,0.05540625218714328,0.10296408066795971
TxPert_official_cell_gat_k562_all_fixed2000,K562,TAF1C,128,2000,0.1118389486240255,0.16534319718292753,0.1118389486240255,0.45028171302452863,0.054076861898939364,0.12009561821809406
TxPert_official_cell_gat_k562_all_fixed2000,K562,TAF1D,99,2000,0.11302050457305074,0.17740202816195158,0.11305423196922294,0.44754544549081526,0.05437677095050709,0.12149999577332997
TxPert_official_cell_gat_k562_all_fixed2000,K562,TAF2,137,2000,0.09799029374428218,0.17009710418582094,0.09801953584924913,0.502020665471551,0.054895762886478607,0.10934960564107182
TxPert_official_cell_gat_k562_all_fixed2000,K562,TAF5,34,2000,0.09245428468337187,0.15357850345087862,0.09281424446201333,0.5046705833447293,0.054044068838427446,0.1070878104473013
TxPert_official_cell_gat_k562_all_fixed2000,K562,TAF6,111,2000,0.10545158370394758,0.19489089323750453,0.10548305239499624,0.47818612737630034,0.05637781390906945,0.11789930636300296
TxPert_official_cell_gat_k562_all_fixed2000,K562,TAF7,84,2000,0.0939394743876008,0.1538246619792432,0.09399555765589189,0.48690301039809625,0.05363727842845458,0.11016008564621403
TxPert_official_cell_gat_k562_all_fixed2000,K562,TAF8,103,2000,0.10063008716922334,0.19069215822653898,0.1006601170370745,0.48956435869285625,0.05650552597857106,0.11542001336707083
TxPert_official_cell_gat_k562_all_fixed2000,K562,TANGO6,95,2000,0.10343259183205666,0.14676018954904207,0.10343259183205666,0.4876424480176273,0.056314962250702885,0.11548412433083752
TxPert_official_cell_gat_k562_all_fixed2000,K562,TARS,108,2000,0.10943263696985088,0.1540452566500007,0.10946529368037605,0.4582120279632597,0.054932173613574456,0.11988374172303831
TxPert_official_cell_gat_k562_all_fixed2000,K562,TBCB,97,2000,0.11680597465404967,0.17381149023484174,0.11684083170408072,0.4525444424557801,0.05682767428236021,0.12557368447227418
TxPert_official_cell_gat_k562_all_fixed2000,K562,TBL3,70,2000,0.10693734467126427,0.1978158766578322,0.10693734467126427,0.47549352674413836,0.05585572629978632,0.11746894959340345
TxPert_official_cell_gat_k562_all_fixed2000,K562,TBP,143,2000,0.10636792367214276,0.18942341573216326,0.10636792367214276,0.464284698753162,0.054391545972921326,0.11715127581735352
TxPert_official_cell_gat_k562_all_fixed2000,K562,TCERG1,93,2000,0.11538892187355411,0.15324950405718235,0.11538892187355411,0.43958076653170763,0.055097247811861184,0.12534043969478936
TxPert_official_cell_gat_k562_all_fixed2000,K562,TCOF1,86,2000,0.10751131507998996,0.15879076849727242,0.10751131507998996,0.46040271050330067,0.05313389208248367,0.11540742423154893
TxPert_official_cell_gat_k562_all_fixed2000,K562,TCP1,63,2000,0.11486918791179304,0.14958263130216568,0.11486918791179304,0.4440268086078344,0.05542806431466074,0.12483044264858909
TxPert_official_cell_gat_k562_all_fixed2000,K562,TEFM,192,2000,0.11056306522380809,0.1932424224826298,0.11056306522380809,0.46184127989996376,0.055644622337443175,0.12048429526406348
TxPert_official_cell_gat_k562_all_fixed2000,K562,TELO2,73,2000,0.11233543807413762,0.1560765168491126,0.11233543807413762,0.46262804983463796,0.0562977626023154,0.12169119750850933
TxPert_official_cell_gat_k562_all_fixed2000,K562,TERF2,47,2000,0.11970786498215699,0.14114599708039324,0.11985088513147855,0.44745323979395807,0.05691312044411053,0.12719344528242385
TxPert_official_cell_gat_k562_all_fixed2000,K562,TEX10,153,2000,0.11899998856611148,0.18019880892483137,0.11899998856611148,0.4307684535823034,0.05463999521105632,0.12684307192932823
TxPert_official_cell_gat_k562_all_fixed2000,K562,TFDP1,140,2000,0.12754464605297305,0.169570792597147,0.12754464605297305,0.4015719677928419,0.05469921954611855,0.13621274035793435
TxPert_official_cell_gat_k562_all_fixed2000,K562,TFIP11,58,2000,0.12032466376468783,0.16167142815734908,0.12036057085623206,0.43342088704755394,0.05575652095969314,0.1286428996375218
TxPert_official_cell_gat_k562_all_fixed2000,K562,THAP1,107,2000,0.11237043358467848,0.1415085402117237,0.11240396698771776,0.45977532246410147,0.05638180884003621,0.12262904261928496
TxPert_official_cell_gat_k562_all_fixed2000,K562,THAP11,60,2000,0.11516700153600833,0.13890235599700593,0.11516700153600833,0.4325050473519932,0.05519261047608599,0.12761147999979947
TxPert_official_cell_gat_k562_all_fixed2000,K562,THG1L,43,2000,0.1111016712395059,0.13611100629725073,0.11123440919797604,0.44382530259221875,0.055701137273483484,0.12550238955086593
TxPert_official_cell_gat_k562_all_fixed2000,K562,THOC1,33,2000,0.11686050533950136,0.13787638267404168,0.11700012362545059,0.4333777660632902,0.054729049484971225,0.1262848547106362
TxPert_official_cell_gat_k562_all_fixed2000,K562,THOC2,149,2000,0.11104684516519206,0.13960483203448537,0.11104684516519206,0.4627734287461904,0.056489749157774605,0.12206782936986277
TxPert_official_cell_gat_k562_all_fixed2000,K562,THOC3,133,2000,0.1148633980550789,0.162023898976038,0.1148633980550789,0.44846833846520695,0.056127167713015985,0.12515301894793684
TxPert_official_cell_gat_k562_all_fixed2000,K562,THOC5,28,2000,0.12681257193675674,0.1356291826257038,0.12692616934368725,0.4268041667317292,0.05634867795437423,0.13202466383029937
TxPert_official_cell_gat_k562_all_fixed2000,K562,THOC6,115,2000,0.11735492780135086,0.1389952592500612,0.11735492780135086,0.43890067163792607,0.055320679512695106,0.1260437311380898
TxPert_official_cell_gat_k562_all_fixed2000,K562,THOC7,104,2000,0.11876901443918718,0.15993325657360072,0.11876901443918718,0.4459196833106812,0.05675944668818199,0.12728625252403136
TxPert_official_cell_gat_k562_all_fixed2000,K562,TICRR,147,2000,0.1172110584936064,0.1483492732239141,0.1172110584936064,0.45232393914446917,0.05551248551149096,0.12272727459266292
TxPert_official_cell_gat_k562_all_fixed2000,K562,TIMM13,162,2000,0.10965245185668189,0.1602504699812054,0.10965245185668189,0.4675613710963499,0.055708080418641316,0.11914602589293322
TxPert_official_cell_gat_k562_all_fixed2000,K562,TIMM23B,480,2000,0.10199893515073004,0.15590182182750734,0.10202937350798183,0.49572525040639975,0.055492059757648524,0.11194115811680781
TxPert_official_cell_gat_k562_all_fixed2000,K562,TIMM44,38,2000,0.11316166685724421,0.1457544022679814,0.11319543637883694,0.4509772631133017,0.05351958023821812,0.11867467260322911
TxPert_official_cell_gat_k562_all_fixed2000,K562,TIMM9,183,2000,0.11796031860366168,0.18374967660675615,0.11796031860366168,0.43368968497472765,0.05570419748663248,0.12844252038287082
TxPert_official_cell_gat_k562_all_fixed2000,K562,TMA16,163,2000,0.12147842029429448,0.19006761163763425,0.12147842029429448,0.42154262212854166,0.05551107845456409,0.13168556208482612
TxPert_official_cell_gat_k562_all_fixed2000,K562,TMSB10,190,2000,0.11620001736259203,0.14533778587286167,0.11623469358382825,0.4406151778615904,0.05519027583001556,0.12525731602187162
TxPert_official_cell_gat_k562_all_fixed2000,K562,TMX2,94,2000,0.09670927350805508,0.13699156349117875,0.09670927350805508,0.506354434493938,0.05433771480713929,0.10731161817182353
TxPert_official_cell_gat_k562_all_fixed2000,K562,TNPO3,89,2000,0.1207308674255183,0.1738929332565187,0.1207308674255183,0.4332443138731195,0.056463730071842466,0.13032768569722453
TxPert_official_cell_gat_k562_all_fixed2000,K562,TOMM22,89,2000,0.10928609966938252,0.19472517456594007,0.10928609966938252,0.4598844876321731,0.054460784371693334,0.11842274451976072
TxPert_official_cell_gat_k562_all_fixed2000,K562,TOMM40,95,2000,0.10801959325607695,0.16513436545854773,0.10801959325607695,0.46108653954183587,0.05438051768222953,0.11793993499976389
TxPert_official_cell_gat_k562_all_fixed2000,K562,TOP1,91,2000,0.10425468391919471,0.19096125187157334,0.10428579543334547,0.4666574086753878,0.05527556429570986,0.11844998511458396
TxPert_official_cell_gat_k562_all_fixed2000,K562,TPR,68,2000,0.10919850644302445,0.15422312190513793,0.10919850644302445,0.4678355162887699,0.05467230426242046,0.11686223296491204
TxPert_official_cell_gat_k562_all_fixed2000,K562,TPX2,212,2000,0.11260713965136705,0.13348648880991398,0.11264074369184791,0.4719866198249748,0.05490566948773273,0.11632886615473242
TxPert_official_cell_gat_k562_all_fixed2000,K562,TRA2B,139,2000,0.11323795625123201,0.16120340610008121,0.11323795625123201,0.4489765777063683,0.05458456788602151,0.12157553284653662
TxPert_official_cell_gat_k562_all_fixed2000,K562,TREX2,275,2000,0.10812400690246199,0.1307139468300025,0.10812400690246199,0.47550317267698367,0.05452413354960864,0.11466618002985626
TxPert_official_cell_gat_k562_all_fixed2000,K562,TRMT10C,67,2000,0.1223351190707491,0.21081020961824593,0.12237162611911398,0.4280146104890435,0.05623465736539977,0.1313848982568559
TxPert_official_cell_gat_k562_all_fixed2000,K562,TRMT112,150,2000,0.1080914996800838,0.19571782321755418,0.1080914996800838,0.46698968354079123,0.055066562471839074,0.11791815372693883
TxPert_official_cell_gat_k562_all_fixed2000,K562,TRMT5,93,2000,0.11682276194846866,0.17313547966081966,0.11682276194846866,0.4376289711567197,0.055441180816329205,0.12668535038467918
TxPert_official_cell_gat_k562_all_fixed2000,K562,TRPM7,123,2000,0.11231345099329892,0.1854017781561331,0.11234696739168548,0.4483184712261032,0.054468663145014515,0.12149546678523833
TxPert_official_cell_gat_k562_all_fixed2000,K562,TRRAP,387,2000,0.10757222625037281,0.17715435382199185,0.10760432778014016,0.4810191761373337,0.0556962266662725,0.1157879524796562
TxPert_official_cell_gat_k562_all_fixed2000,K562,TSEN2,168,2000,0.1147055878107145,0.18485176790525987,0.1147055878107145,0.4389909862889631,0.05375728378114614,0.12245646091966939
TxPert_official_cell_gat_k562_all_fixed2000,K562,TSG101,83,2000,0.10772861215282434,0.08632736260499635,0.10776076035101975,0.47648540846381093,0.054580377172378645,0.11454784355908684
TxPert_official_cell_gat_k562_all_fixed2000,K562,TSR1,109,2000,0.10959331659868247,0.19302813129883625,0.10959331659868247,0.4726987484389103,0.05657215240335889,0.11967907973820086
TxPert_official_cell_gat_k562_all_fixed2000,K562,TSR2,486,2000,0.1043373124434999,0.1722385419833118,0.1043373124434999,0.49398961514323453,0.05515121002970508,0.1116444702937106
TxPert_official_cell_gat_k562_all_fixed2000,K562,TTC27,87,2000,0.11786207539013255,0.13830292892790808,0.11786207539013255,0.43169169247523853,0.055130767794425974,0.12770865754036176
TxPert_official_cell_gat_k562_all_fixed2000,K562,TTI1,146,2000,0.10821174640119045,0.14817164526075927,0.10821174640119045,0.471720884266245,0.055545054428026014,0.11774982856001226
TxPert_official_cell_gat_k562_all_fixed2000,K562,TTK,185,2000,0.09882958920950219,0.11578897370210292,0.09885908177566438,0.5291467992628885,0.05586030671433024,0.10556674581888661
TxPert_official_cell_gat_k562_all_fixed2000,K562,TUBGCP2,226,2000,0.12063973031240771,0.15813338157273932,0.12063973031240771,0.4281220508757134,0.0547216297589078,0.1278178229054023
TxPert_official_cell_gat_k562_all_fixed2000,K562,TUT1,187,2000,0.11900755941306343,0.17601094121494365,0.11900755941306343,0.4411754380342571,0.05584332015324242,0.12657848572957353
TxPert_official_cell_gat_k562_all_fixed2000,K562,TWISTNB,145,2000,0.10067236146912925,0.11384450845822265,0.10067236146912925,0.5088963812105979,0.05591066263267117,0.10986649463099359
TxPert_official_cell_gat_k562_all_fixed2000,K562,TXN,81,2000,0.12285043671879566,0.14675556183322067,0.12285043671879566,0.41953401840547533,0.054855555600985706,0.13075353102935522
TxPert_official_cell_gat_k562_all_fixed2000,K562,TXNL4A,66,2000,0.11718073140961503,0.14998175784084636,0.11718073140961503,0.425387065766517,0.05424506499863793,0.1275193067417298
TxPert_official_cell_gat_k562_all_fixed2000,K562,U2AF1,141,2000,0.10555379949019938,0.12534156303370195,0.10555379949019938,0.47746947892499214,0.055098692550621754,0.1153973056470577
TxPert_official_cell_gat_k562_all_fixed2000,K562,U2AF2,73,2000,0.11530003537851483,0.14956086986225017,0.11530003537851483,0.43606915427794174,0.05426673146113665,0.12444523921106268
TxPert_official_cell_gat_k562_all_fixed2000,K562,U2SURP,263,2000,0.11778108896694307,0.20953492388258643,0.11778108896694307,0.4362114314238824,0.0560276906638404,0.1284415889710611
TxPert_official_cell_gat_k562_all_fixed2000,K562,UBA1,251,2000,0.11664399126763533,0.1246425148134923,0.11667879997884621,0.4573402082867618,0.05602612359235887,0.12250425690143289
TxPert_official_cell_gat_k562_all_fixed2000,K562,UBA2,121,2000,0.11906877721704233,0.14712677237974192,0.11906877721704233,0.4335788024905047,0.05594072211303177,0.12902088501904568
TxPert_official_cell_gat_k562_all_fixed2000,K562,UBA3,94,2000,0.11648150987600318,0.1368376067656586,0.11651627009977998,0.43177388461866817,0.055107004110876996,0.12762930968660371
TxPert_official_cell_gat_k562_all_fixed2000,K562,UBA52,44,2000,0.12055146226569302,0.14823866718002646,0.12058743703807909,0.42630952561812074,0.055220150055451576,0.1295306471983696
TxPert_official_cell_gat_k562_all_fixed2000,K562,UBAP1,102,2000,0.11091475036295509,0.13312354305391289,0.11094784936336183,0.4590374491210841,0.05551538052105986,0.1209386716006898
TxPert_official_cell_gat_k562_all_fixed2000,K562,UBE2I,42,2000,0.11851853623353069,0.15062612375530288,0.11855390434341835,0.4187027589215725,0.052996180806395676,0.12657231988910594
TxPert_official_cell_gat_k562_all_fixed2000,K562,UBL5,198,2000,0.10885065830048056,0.13694345874971303,0.10885065830048056,0.47173399453524834,0.05584303909559292,0.11837823552832365
TxPert_official_cell_gat_k562_all_fixed2000,K562,UBQLN4,145,2000,0.11035224880456533,0.16752320188185885,0.11035224880456533,0.467039355856582,0.05540279887454376,0.11862554406507309
TxPert_official_cell_gat_k562_all_fixed2000,K562,UFL1,155,2000,0.12508791267225283,0.1701975919175251,0.12512524120483184,0.4223106021679457,0.05705763775683598,0.13510822629800534
TxPert_official_cell_gat_k562_all_fixed2000,K562,UFM1,119,2000,0.11896555338804647,0.1678973197467303,0.11900105489607035,0.4348642867756452,0.05535300370155188,0.1272879933164749
TxPert_official_cell_gat_k562_all_fixed2000,K562,UPF1,115,2000,0.12045902553345841,0.11709075837581795,0.12045902553345841,0.4368981503963756,0.05678353214490302,0.1299697213038988
TxPert_official_cell_gat_k562_all_fixed2000,K562,UPF2,133,2000,0.12079645692484463,0.11735017503752868,0.1208325048081406,0.4373227516273681,0.05646608416877381,0.12911764290212535
TxPert_official_cell_gat_k562_all_fixed2000,K562,UQCC2,83,2000,0.11607215667042212,0.15757906067279734,0.11607215667042212,0.4370732419059427,0.05485714385041474,0.1255101830441454
TxPert_official_cell_gat_k562_all_fixed2000,K562,UQCRB,93,2000,0.11951128795273668,0.18020632591320673,0.11951128795273668,0.4280495790671335,0.05559798852020435,0.12988679335347897
TxPert_official_cell_gat_k562_all_fixed2000,K562,UQCRC2,63,2000,0.11882621941392611,0.1973909241328111,0.11882621941392611,0.419941400437836,0.055616117868937,0.13243780319485748
TxPert_official_cell_gat_k562_all_fixed2000,K562,UQCRFS1,114,2000,0.11526414282660385,0.1795705069002554,0.11526414282660385,0.42981710402752876,0.05346363181907347,0.12438693126502463
TxPert_official_cell_gat_k562_all_fixed2000,K562,UQCRQ,148,2000,0.11932802770456508,0.1990701131305972,0.11932802770456508,0.43005918477348515,0.05522579021031161,0.1284143924405555
TxPert_official_cell_gat_k562_all_fixed2000,K562,URB2,189,2000,0.11931330059938068,0.1910903816170439,0.11931330059938068,0.4327059052555617,0.05515944447495079,0.1274755960809385
TxPert_official_cell_gat_k562_all_fixed2000,K562,URI1,55,2000,0.11503396458318922,0.17048495322769303,0.11503396458318922,0.45695477490244446,0.05803361876672111,0.1270007901965853
TxPert_official_cell_gat_k562_all_fixed2000,K562,USP36,151,2000,0.11489327359485288,0.18431215890560698,0.11489327359485288,0.44392880860511613,0.05601433085362141,0.1261786315869872
TxPert_official_cell_gat_k562_all_fixed2000,K562,USP39,166,2000,0.1148996933901732,0.17857791192513875,0.1148996933901732,0.4553382298086719,0.05572847032067666,0.12238917237456962
TxPert_official_cell_gat_k562_all_fixed2000,K562,USP5,171,2000,0.11267302199787456,0.15693180608954863,0.11267302199787456,0.45078578019216836,0.05529152199688205,0.12265586715435613
TxPert_official_cell_gat_k562_all_fixed2000,K562,USPL1,96,2000,0.12192631361056572,0.176534489771709,0.12196269866386639,0.4290128026806654,0.05598228149969567,0.13049093137776735
TxPert_official_cell_gat_k562_all_fixed2000,K562,UTP15,139,2000,0.10391656128860584,0.17104446491351255,0.10391656128860584,0.4897697158415662,0.05486913015913144,0.11203046506161725
TxPert_official_cell_gat_k562_all_fixed2000,K562,UTP18,59,2000,0.10814353910188705,0.19569257737844992,0.1081758111219115,0.4545294218441041,0.053101664978059494,0.11682778112435295
TxPert_official_cell_gat_k562_all_fixed2000,K562,UTP20,92,2000,0.10280733662581502,0.18979624029177344,0.10280733662581502,0.4710617278789245,0.05253939643390545,0.11153399270014472
TxPert_official_cell_gat_k562_all_fixed2000,K562,UTP23,160,2000,0.1064874774342861,0.19235702669132176,0.10651925525506625,0.46930160131838905,0.05382575397285232,0.11469330740553375
TxPert_official_cell_gat_k562_all_fixed2000,K562,UTP3,27,2000,0.11032689414426954,0.16797274064951917,0.110557772547561,0.46228036270221273,0.05518055096019153,0.11936598267765351
TxPert_official_cell_gat_k562_all_fixed2000,K562,UTP6,64,2000,0.11138025149430623,0.20973436448093621,0.11138025149430623,0.4618139476988794,0.05611398354820632,0.12150776868635663
TxPert_official_cell_gat_k562_all_fixed2000,K562,UXT,206,2000,0.10890255481966289,0.17548155032377352,0.1089350533439302,0.4711584527498925,0.05550134216620296,0.11779761280795466
TxPert_official_cell_gat_k562_all_fixed2000,K562,VARS,191,2000,0.10068656654507455,0.15209346305637317,0.10068656654507455,0.4810539674111653,0.05526628482815652,0.11488582866641482
TxPert_official_cell_gat_k562_all_fixed2000,K562,VPS28,49,2000,0.11239937103449718,0.08881489194664363,0.11243291307300345,0.4727843455650216,0.0557365846504549,0.11789007820244911
TxPert_official_cell_gat_k562_all_fixed2000,K562,VPS29,146,2000,0.10928036886889071,0.14100077548318107,0.10931298013981548,0.4564988436599691,0.05541327508699333,0.12138754488147925
TxPert_official_cell_gat_k562_all_fixed2000,K562,VPS35,40,2000,0.10188560061180417,0.14568603635426305,0.10203780497483346,0.45928965642879366,0.05535655075690858,0.12052644508058147
TxPert_official_cell_gat_k562_all_fixed2000,K562,VPS54,306,2000,0.11310609093324275,0.13728778185622736,0.11313984386995811,0.45112157949448733,0.05442392851047103,0.12064137425002597
TxPert_official_cell_gat_k562_all_fixed2000,K562,VPS72,95,2000,0.12378201013420835,0.19818816488790605,0.12378201013420835,0.40540830460165894,0.05552194884807086,0.1369531577136619
TxPert_official_cell_gat_k562_all_fixed2000,K562,WAC,93,2000,0.11818380966444432,0.16468417209606467,0.11818380966444432,0.43564493285941047,0.056110490005055504,0.12879867177331897
TxPert_official_cell_gat_k562_all_fixed2000,K562,WBP11,205,2000,0.11047212731132319,0.12793784151558263,0.11047212731132319,0.4768094640563026,0.05635642948988848,0.1181948609587271
TxPert_official_cell_gat_k562_all_fixed2000,K562,WDHD1,175,2000,0.12335170578187873,0.17461941524733743,0.12335170578187873,0.4251753308643589,0.05628219155321312,0.13237407286790062
TxPert_official_cell_gat_k562_all_fixed2000,K562,WDR12,174,2000,0.11676677442482374,0.16213038596108745,0.11676677442482374,0.44143635896001215,0.054992121071132403,0.12457542001056535
TxPert_official_cell_gat_k562_all_fixed2000,K562,WDR24,78,2000,0.10969840107048633,0.11915363455495065,0.10969840107048633,0.4443577731068208,0.052510498251003575,0.11817166312214765
TxPert_official_cell_gat_k562_all_fixed2000,K562,WDR3,329,2000,0.10736768629603731,0.20157849452826418,0.10736768629603731,0.48487954515172493,0.055847510479852945,0.11517810946344717
TxPert_official_cell_gat_k562_all_fixed2000,K562,WDR33,79,2000,0.09958783678127521,0.1328590558743118,0.09958783678127521,0.4953575264262414,0.05372814395835041,0.10846336233414815
TxPert_official_cell_gat_k562_all_fixed2000,K562,WDR36,250,2000,0.10733853253812449,0.1743380319135716,0.10733853253812449,0.4745869039162229,0.055100821024684915,0.11610269775456064
TxPert_official_cell_gat_k562_all_fixed2000,K562,WDR43,47,2000,0.09809270478046472,0.17197285103686386,0.09812197744676746,0.49042735926291253,0.05120828926484357,0.10441564332310212
TxPert_official_cell_gat_k562_all_fixed2000,K562,WDR46,63,2000,0.10699699357242498,0.19922016441112828,0.10699699357242498,0.4652531536193765,0.05533608138460671,0.11893757143772404
TxPert_official_cell_gat_k562_all_fixed2000,K562,WDR5,75,2000,0.11008619863113034,0.20131139514671464,0.11011905037646938,0.450137014486127,0.0547095180122373,0.12153969799461235
TxPert_official_cell_gat_k562_all_fixed2000,K562,WDR55,94,2000,0.12488227986223147,0.1871247178681821,0.12488227986223147,0.4090896260797942,0.05523280574885133,0.13501394530092178
TxPert_official_cell_gat_k562_all_fixed2000,K562,WDR61,98,2000,0.11417076032463427,0.145136229248057,0.11417076032463427,0.44633398811112834,0.056190308863863905,0.12589296155269272
TxPert_official_cell_gat_k562_all_fixed2000,K562,WDR70,29,2000,0.11971483965494135,0.15180225785442775,0.1200371350653196,0.4330000984444681,0.056063261173214314,0.1294763213215324
TxPert_official_cell_gat_k562_all_fixed2000,K562,WDR74,96,2000,0.11622121654274398,0.1554291749297798,0.11622121654274398,0.44260996665476615,0.0555735013307948,0.12555862782582936
TxPert_official_cell_gat_k562_all_fixed2000,K562,WDR75,132,2000,0.10260762410914337,0.1709089975478225,0.10260762410914337,0.48769518936315204,0.05411772463292324,0.11096628530195067
TxPert_official_cell_gat_k562_all_fixed2000,K562,WDR82,86,2000,0.0955205598844717,0.1245112983165208,0.0955205598844717,0.5179451026115789,0.055530371871634635,0.1072128503957491
TxPert_official_cell_gat_k562_all_fixed2000,K562,WDTC1,107,2000,0.11041282772770289,0.14806535722676684,0.11044577694516863,0.47040787615984475,0.05565429895261619,0.11831072690330036
TxPert_official_cell_gat_k562_all_fixed2000,K562,XAB2,140,2000,0.10581517520426163,0.11303278029341751,0.10581517520426163,0.4684247139312311,0.05457607627966328,0.11650981148398036
TxPert_official_cell_gat_k562_all_fixed2000,K562,XPO1,139,2000,0.09950332674975915,0.12840568066096616,0.09950332674975915,0.4938799133786581,0.05480287678674229,0.11096396956538135
TxPert_official_cell_gat_k562_all_fixed2000,K562,XRCC5,77,2000,0.12180554404988521,0.19560965046670095,0.12180554404988521,0.43723015381214453,0.05658084815857057,0.12940746737427858
TxPert_official_cell_gat_k562_all_fixed2000,K562,XRCC6,26,2000,0.12763956613611455,0.18524222952375888,0.1281749028424973,0.39147735000776934,0.05277972114216847,0.13482189912877976
TxPert_official_cell_gat_k562_all_fixed2000,K562,XRN2,57,2000,0.11475985485156269,0.14498300578800344,0.11482836819774273,0.44264025159340203,0.05399330756613131,0.12198010947257251
TxPert_official_cell_gat_k562_all_fixed2000,K562,YEATS2,233,2000,0.11425540145248347,0.1933423107722959,0.11425540145248347,0.4498511034484091,0.054862734724140716,0.12195753902570391
TxPert_official_cell_gat_k562_all_fixed2000,K562,YEATS4,221,2000,0.11707441808066192,0.1514838513517497,0.11707441808066192,0.43016863657441656,0.05485533722876383,0.12752053796945936
TxPert_official_cell_gat_k562_all_fixed2000,K562,YTHDC1,157,2000,0.10614532829478314,0.16154706738158647,0.10617700401197049,0.483191752542246,0.055923585812250036,0.11573787085693658
TxPert_official_cell_gat_k562_all_fixed2000,K562,ZBTB17,158,2000,0.11214804001344343,0.17786507511784005,0.11218150705015291,0.4604045778072856,0.05547773850012599,0.12049779687110253
TxPert_official_cell_gat_k562_all_fixed2000,K562,ZC3H18,23,2000,0.10740975811032849,0.14359898273169297,0.10864137271750786,0.41494048257182786,0.05327650237629004,0.12839552497293974
TxPert_official_cell_gat_k562_all_fixed2000,K562,ZCCHC9,49,2000,0.10866182078554952,0.16547947370940347,0.10869424747035572,0.46467685932404684,0.05490920577333854,0.11816642789475085
TxPert_official_cell_gat_k562_all_fixed2000,K562,ZCRB1,141,2000,0.11870300036958795,0.16492649224474654,0.11873842352696473,0.42555607591704564,0.055723435272182605,0.13094263509850232
TxPert_official_cell_gat_k562_all_fixed2000,K562,ZFC3H1,105,2000,0.11274152573280638,0.1258235976412068,0.1127751698765643,0.4457675895402498,0.05402253217331683,0.12118990305494144
TxPert_official_cell_gat_k562_all_fixed2000,K562,ZMAT2,348,2000,0.11422263906378373,0.14465888533027316,0.11422263906378373,0.45202726576597324,0.055577241181899405,0.1229510787545335
TxPert_official_cell_gat_k562_all_fixed2000,K562,ZMAT5,98,2000,0.1137023569552119,0.1472441080686391,0.1137023569552119,0.4565703509113171,0.05509310612351655,0.12066728557138573
TxPert_official_cell_gat_k562_all_fixed2000,K562,ZNF207,96,2000,0.10999610724277412,0.1542416477811098,0.10999610724277412,0.4769656837479987,0.05617949386840789,0.1177851879177078
TxPert_official_cell_gat_k562_all_fixed2000,K562,ZNF236,85,2000,0.11132273616623788,0.19380543596137978,0.11132273616623788,0.4598202011127889,0.05432696601521527,0.1181482777447759
TxPert_official_cell_gat_k562_all_fixed2000,K562,ZNF335,140,2000,0.11550941368637553,0.13481317077718113,0.11550941368637553,0.440490641703647,0.05525669542809189,0.12544351444095447
TxPert_official_cell_gat_k562_all_fixed2000,K562,ZNF574,266,2000,0.11835741467569401,0.17176409343520746,0.11835741467569401,0.43839260987128376,0.055456209076381775,0.12649895678596107
TxPert_official_cell_gat_k562_all_fixed2000,K562,ZNHIT6,116,2000,0.11037014917991778,0.18627021490471,0.11037014917991778,0.4528365912836107,0.05388822588899567,0.11900148030491373
TxPert_official_cell_gat_k562_all_fixed2000,K562,ZNRD1,66,2000,0.11154044980205516,0.15880613266766944,0.11154044980205516,0.4561858901660667,0.05452364950389702,0.11952068111716872
