condition,contrast,seed,auprc,csa_pearson,csa_spearman,e_distance,energy_pca50,kl_divergence,mae,mean_pcc,mean_spearman,mmd_pca50,mse,pcc_delta,pra_all_genes,pra_top100_true_de,spearman_delta,topk_de_overlap,wasserstein,wasserstein_1_pca50,gene,esm3_has_embedding,ppi_has_go_profile,grn_has_any,omnipath_has_any,complex_has_membership,complex_has_comember_go_profile,complex_has_any,network_block_count,network_rich,esm3_train_max_cosine,esm3_semantic_near
ACTR8+ctrl,esm3,20260613,-0.11754766872721162,0.017951278228885648,0.006149994147721216,-0.055935506138001495,-0.033662607329942806,-0.004708987637501216,-0.006645943969488102,-0.0021277587409788135,-0.004253372065587957,-0.017394899594392804,-0.0007337672868743,-0.30922113978572885,-0.05550577186167116,-0.057945280308058345,-0.16313020876912349,-0.09999999999999998,-0.0773897824765214,-0.041447620259421725,ACTR8,1.0,1.0,0.0,0.0,1.0,1.0,1,2,0,0.6566927135966314,1
ALG13+ctrl,esm3,20260613,0.0027006686917459,-0.0021963961956185662,-0.021205683451951507,0.0101935019986657,0.0008802570318429959,-0.01723670745230038,0.0047043245285748984,0.0020603813899995327,0.0031605618778507427,-0.0057470690950846,0.0005869515007362,-0.05147838210112732,0.027096357449933217,-0.01105025174531482,-0.028460259492459505,0.0,0.01926794242068819,0.0010838921709589444,ALG13,1.0,1.0,0.0,0.0,0.0,0.0,0,1,0,0.23444576227320837,0
ANKRD11+ctrl,esm3,20260613,0.016796086865203702,0.0012479858865990234,-0.006358612917480022,0.0038852593071442842,-0.02145266514312749,-0.05489124885906099,-0.0027423705905676027,-0.0003664147149683439,-0.00328860740418635,-0.017786403400155,-9.420688729739994e-05,0.16424531518206661,0.009547780916262516,-0.020580899189117874,-0.026298805919090097,0.030000000000000027,0.010435741095876222,-0.020834886554979226,ANKRD11,1.0,1.0,1.0,0.0,1.0,1.0,1,3,1,0.48289262866118055,1
AP2S1+ctrl,esm3,20260613,-0.01548602451784159,-0.019664219455458376,-0.014201005622349272,0.023810287397722202,0.000639862621524101,-0.004172735221643409,0.003241362050175601,0.00013010095397436583,0.00027366867420342,-0.006801293689058102,0.0002222248585893999,0.013418329196968393,0.06404960195279952,-0.0008332929598361405,0.0163239951737586,0.010000000000000009,0.030445251090957415,-0.002882783182794224,AP2S1,1.0,1.0,0.0,1.0,0.0,0.0,0,2,0,0.6367654607463599,1
ARGLU1+ctrl,esm3,20260613,0.04181638690075651,0.0024949268994952645,0.008449034055050764,-0.03624802168342639,-0.011269708443229998,-0.2729564555702906,0.00033074617385860094,0.0010811678489671683,0.0017790420232044468,-0.0222171112701903,0.00022887287195770003,0.0497607244321782,-0.04570813269120921,-0.045949409496372495,0.0324789216967057,0.07999999999999999,-0.049576062759429385,-0.015522130517302168,ARGLU1,1.0,1.0,0.0,0.0,0.0,0.0,0,1,0,0.3030444499073842,0
ARIH1+ctrl,esm3,20260613,-0.1413879460780301,0.005456771533437266,0.005845288044560415,-0.008793169117594396,-0.013139080011011495,-0.03350383334933971,0.0002544037997722001,-0.0004978583643160395,-0.0011566621902941998,-0.009193644672558593,-3.730040043590003e-05,-0.1364261441749746,0.007810509589189718,-0.05976682903407937,-0.07580650714163539,-0.21000000000000002,-0.013877431268571494,-0.02268080500863645,ARIH1,1.0,1.0,0.0,1.0,0.0,0.0,0,2,0,0.2872784534549865,0
ARPC4+ctrl,esm3,20260613,-0.022646270432951116,0.012901469543565192,0.009122581580785105,0.0157766912156993,0.005891684174319706,0.04020045998005478,-0.002318982034921601,-0.0013651447244568127,-0.0032259776970393617,0.018058708825448105,-0.00030078907730060004,0.026595630512133206,0.0726891738031038,0.056511258100285455,-0.007833193273327696,-0.03,0.004262606588081697,0.018364532660038235,ARPC4,1.0,1.0,0.0,1.0,1.0,1.0,1,3,1,0.4253802065822827,1
ATP6AP1+ctrl,esm3,20260613,-0.10668128072695263,-0.04256108972235573,-0.04025811467415852,-0.003557930120176689,0.001527356113388223,-0.14928397293507095,-0.0021235905587673014,-0.0006223845748027923,-0.002400125472004966,0.002620268859284014,-0.00021133181871839997,-0.1853033136182406,-0.011484985360662447,-0.028427822750810794,-0.13749529519150747,-0.14,-0.0209743931924897,-0.0016595442503342106,ATP6AP1,1.0,1.0,0.0,0.0,0.0,0.0,0,1,0,0.2770145243501594,0
BGLAP+ctrl,esm3,20260613,-0.05682356390995061,0.003951283842712927,0.005355942896051014,0.04653580014164582,0.010006837333370794,0.17597669410674466,0.0022219698876142016,0.0004025554283194621,0.0017062085482894007,0.010492659144440003,0.00018679199274629994,-0.026092953868423696,0.056934864217261905,0.03762318996211922,0.026002069901033986,-0.09,0.0667400797216462,0.01192587349377816,BGLAP,1.0,1.0,1.0,0.0,0.0,0.0,0,2,0,0.22603557976901004,0
BMS1+ctrl,esm3,20260613,0.0672583836561671,-0.0018808780672968095,-0.0007993674193779166,0.03252782281871522,0.006957202180328137,0.01052234959435805,0.0019190013408661027,0.0006582875406500044,0.00035171330436323256,0.007061974122279879,0.00033993204124270005,0.03843817110229042,0.027870269107817425,0.05795807631991823,0.02660304544313352,0.06000000000000005,0.052588352098215496,0.006511900291015227,BMS1,1.0,1.0,0.0,0.0,0.0,0.0,0,1,0,0.4094956656115338,1
BRIX1+ctrl,esm3,20260613,0.004290736453607891,-0.009845645592506225,-0.01454780661228472,-0.003961087090826099,-0.003123558094337231,-0.13229943543154543,1.2969598174102093e-05,0.0007999320402398702,-1.6915801677730435e-05,-0.005125299959586799,6.146496161810004e-05,0.0534289698649561,-0.009437301768824402,0.006052554396219767,0.016619683123373585,0.020000000000000018,-0.009938920282940689,-0.0004179522126492863,BRIX1,1.0,1.0,0.0,0.0,1.0,1.0,1,2,0,0.708155646016739,1
BYSL+ctrl,esm3,20260613,0.03714243248845672,-0.0038700017299864164,-0.03678509472305935,0.006689790773545423,-0.0026477775243556323,-0.05263679178024239,0.0003998782485722975,0.0008229744972796382,0.0004821937153112188,-0.00041993556157779444,0.00012377917300909996,-0.006037450547379919,0.0006561647356019273,0.017670388755503197,-0.0704095856037632,0.010000000000000009,0.003735364471931485,-0.0013295617028104,BYSL,1.0,1.0,0.0,0.0,0.0,0.0,0,1,0,0.23304440545276975,0
C1QBP+ctrl,esm3,20260613,-0.01041669415054669,-0.016577651080630806,-0.023748388004559695,0.04507536655222841,0.01681824559213932,0.22044254169644706,0.0009068008512259015,-0.00012831425173442934,-0.0003946035037840634,0.013413616525004501,5.186640191820013e-05,0.061526335532734205,0.03949058874737532,0.04449279841887954,0.0281550582937874,0.0,0.06091617081054573,0.02533601639822569,C1QBP,1.0,1.0,1.0,0.0,1.0,1.0,1,3,1,0.26397617216017966,0
CCDC86+ctrl,esm3,20260613,0.2678005054699211,0.04548466639006943,0.0478336798289154,0.023794173500191,0.02534300259936581,0.14705634102447068,0.004599712789058699,0.002451925923352083,0.00700955567255046,0.01498376850896338,0.0006249126745387999,0.2446567614713817,0.022885140488691058,0.08871362732673516,0.24832876508954366,0.13000000000000006,0.03585264123831641,0.030048695253046098,CCDC86,1.0,1.0,0.0,0.0,0.0,0.0,0,1,0,0.4931652481961014,1
CDC123+ctrl,esm3,20260613,-0.02021496630396652,0.10534348841267338,0.1315651951676563,0.03744102940972249,0.029172424210585607,0.293874908451955,0.0051064752042294,0.0025795338107965637,0.009929900797434499,0.022179611399389787,0.0006954856216908,-0.019882444086730705,0.010263263523157318,0.025241298403473666,-0.002856562578399613,-0.01999999999999999,0.05819259529960283,0.03574713012702435,CDC123,1.0,1.0,0.0,0.0,0.0,0.0,0,1,0,0.31292809537488786,0
CDC23+ctrl,esm3,20260613,-0.14849016311329366,0.005081718778261135,-0.0032615811839016295,-0.002075333550415809,-0.0025712964764671997,-0.039151514557002276,-4.370510578160028e-05,-0.00010003554791893077,0.0002817325552693095,-0.005206267057143804,-2.7762434910900014e-05,-0.037833721897453154,0.007875475620998995,-0.02016882764001615,-0.010166758210004179,-0.09000000000000002,-0.008237535167852916,-0.012385634516613231,CDC23,1.0,1.0,0.0,1.0,1.0,1.0,1,3,1,0.7904466040253506,1
CDC40+ctrl,esm3,20260613,0.2653488085923589,0.062440787909257,0.04264816623559098,0.05046704296712229,0.009247249000869595,0.2319898998142525,-0.00029425323009489926,-0.00045742459446362904,0.0022275828180455814,0.008663520727327484,-9.41733596846999e-05,0.20155305202426183,0.027662938886432675,0.10107458862970886,0.15562564640253435,0.13,0.07402161716800568,0.012391347559177479,CDC40,1.0,1.0,0.0,0.0,1.0,1.0,1,2,0,0.5481621911202976,1
CENPC+ctrl,esm3,20260613,-0.1665965027807858,0.007555987917039486,0.012341237853975895,-0.03909847599649019,-0.010292803434880982,-0.2855157428117243,0.003380311653018001,0.001734527436793032,0.003055106378277439,-0.0158285873859334,0.00038535788189620007,-0.09722606028028047,-0.019625038251921967,-0.0992956413851992,-0.062039330502205725,-0.07999999999999996,-0.05934102619447279,-0.015077810009321402,CENPC,1.0,1.0,0.0,1.0,1.0,1.0,1,3,1,0.2646113918751577,0
CENPE+ctrl,esm3,20260613,0.027842977090506593,-0.043218447153959616,-0.05321927527221926,0.023824199647246275,0.005297294627445104,-0.1041842674446729,0.0011260490864515998,0.00036009596569297475,-2.5861944507599155e-05,0.015246227660237283,0.00013812177348880008,0.1352000574371925,0.049368381922294646,0.026149402105320685,0.030770109843430093,0.040000000000000036,0.009141553112004597,-1.5967964160812365e-05,CENPE,1.0,1.0,0.0,1.0,0.0,0.0,0,2,0,0.5586735532992282,1
CHERP+ctrl,esm3,20260613,0.0028266579630270017,-0.030542808373435593,-0.008795807836877056,-0.026004683520065686,-0.02086785589976964,-0.23255130874747482,-0.0016065295785665998,-0.001034065513158433,-0.0031730553925676253,-0.01942282533076048,-0.0002657790901139001,-0.019574390616825532,-0.01489242956549941,-0.04230338552249435,-0.02906609940156618,0.0,-0.040162539696038335,-0.027817858026505382,CHERP,1.0,1.0,0.0,0.0,1.0,1.0,1,2,0,0.4241300090912932,1
CHMP6+ctrl,esm3,20260613,0.16437332704911917,0.0455231605048646,0.027671514870974745,-0.020367783853002974,-0.006058807024908297,-0.04233038769726677,-0.0007774643599986995,0.00044459074668623533,0.00269605402790718,-0.008269015609053007,6.925285561010003e-05,0.12410209437007635,-0.032838688430425256,0.11322231458062959,0.10350044048261764,0.16000000000000003,-0.022206806492109404,-0.014851107024853316,CHMP6,1.0,1.0,0.0,0.0,1.0,1.0,1,2,0,0.6867550015191156,1
CNIH4+ctrl,esm3,20260613,0.04622902045638819,-0.00892345415769158,0.004933300736534474,0.05464874334677178,0.021098778708382115,0.2936641733848768,-0.0003279186785220996,-0.0008607554329665978,-0.0028926436517752174,0.01601773534133083,-7.299112621699986e-05,0.11357960579974818,0.05710192786392809,0.08440503661812904,0.03448153899300341,0.09000000000000002,0.05927959984002518,0.02694098811197576,CNIH4,1.0,1.0,1.0,0.0,1.0,0.0,1,3,1,0.19010964496895616,0
COG2+ctrl,esm3,20260613,0.06417111450547189,-0.031033175051918493,-0.034016330586161325,-0.0072581965316970976,-0.0054375710962769885,-0.14885879067072183,0.0005182288587093006,7.232647576960183e-05,-0.0012764946034468094,-0.008821926262072899,4.1497056372500024e-05,0.09658548202483691,0.019574009458817043,-0.011066529242692358,0.03597370122051691,0.09000000000000002,-0.01662331415421292,-0.011889522792880358,COG2,1.0,1.0,0.0,0.0,1.0,1.0,1,2,0,0.5673653870177205,1
CPSF3+ctrl,esm3,20260613,-0.008174428510804799,-0.05269594797867616,-0.06709535738671912,0.0659613717706691,0.04182112566141662,0.3341755949896612,-0.005340438336134002,-0.0030205362486980247,-0.014744679085787027,0.06665459751386679,-0.0006303794216364,-0.08835379326037435,0.10246195985529005,0.15000431319627927,-0.17778141667925668,0.06,0.0569082314422161,0.06927271319555511,CPSF3,1.0,1.0,0.0,1.0,1.0,1.0,1,3,1,0.60570893428095,1
CPSF4+ctrl,esm3,20260613,-0.030419747703928385,0.05324088116501885,0.05578868362971806,-0.0069200017839629036,0.0203487247880339,0.3228692240358304,0.0008120127022265972,-0.0003670967836284511,0.0021525470411574155,0.0166666418412717,6.764451973140023e-05,0.010839639524919897,0.029780086731088784,0.015605838727650312,0.009443537647312011,-0.010000000000000009,0.0074004036192587,0.022136031254374355,CPSF4,1.0,1.0,0.0,0.0,1.0,1.0,1,2,0,0.4123701936169123,1
CSTF1+ctrl,esm3,20260613,-0.05427614691501942,0.010001665637435764,0.014009970562470775,0.006207296891715092,0.0013611354714399004,0.14536567419744634,-0.0072553902864456,-0.006380673933543024,-0.013026176921672405,0.02810513070715101,-0.0014941201079636001,-0.061387144761646584,0.03542741661551041,0.053113151423018645,-0.007878992571159649,-0.02999999999999997,-0.004155568287630029,0.006249602570857382,CSTF1,1.0,1.0,0.0,1.0,1.0,1.0,1,3,1,0.44643072922817745,1
CSTF3+ctrl,esm3,20260613,-0.072430693813059,-0.011070326242439088,0.0038585660799395627,0.023254389907547107,0.02998900796402648,0.20932394943747734,0.000680379569530494,3.4721268002857464e-05,0.0013717512353004224,0.023880962497741992,5.296058952810028e-05,-0.07442677304589801,0.019586074876063342,0.014574487201926334,-0.02458578332664149,-0.08000000000000002,0.016331606534178478,0.03161189161023814,CSTF3,1.0,1.0,0.0,0.0,1.0,1.0,1,2,0,0.6824054723626845,1
CTR9+ctrl,esm3,20260613,-0.4508832939487496,-0.22122575011575585,-0.2134620680564422,-0.0635777502958815,-0.07931368863558738,-0.047054935404937936,-0.015150876715779305,-0.012556724626973659,-0.03247916107594573,-0.022965717414639514,-0.0033428289461881,-0.3966549640715575,-0.006982165291117837,-0.12693906849102277,-0.3743400867905878,-0.34,-0.12182558667205848,-0.07068286007219116,CTR9,1.0,1.0,0.0,1.0,1.0,1.0,1,3,1,0.6233993345430592,1
CUL1+ctrl,esm3,20260613,-0.024671350705268213,0.0018091440801250025,0.010867045426548871,-0.021130302307622917,-0.015362249464659111,-0.030353288561747793,-0.000673059374093999,-7.359112114013744e-05,-0.0006480827779232756,-0.015901093333972494,-4.67369100079e-05,-0.0191218598974936,-0.03361814767440929,-0.03217672373678915,-0.02883711979010309,0.03,-0.016403062114063505,-0.013698486924255904,CUL1,1.0,1.0,1.0,1.0,1.0,1.0,1,4,1,0.9133993792441149,1
CWC15+ctrl,esm3,20260613,0.21033424304820025,0.12113759354799825,0.09081674455847433,0.022195316640878093,0.05354383213067607,0.23229799330297618,0.008300043642520901,0.006154277513691797,0.020142228997688805,0.019407776662132586,0.0016585185658186002,0.24944324922427152,0.019282806262414964,0.15319911262184693,0.2735130013353215,0.08999999999999997,0.07439007683023957,0.04592728722737649,CWC15,1.0,1.0,0.0,0.0,1.0,1.0,1,2,0,0.6531893421116421,1
CWC22+ctrl,esm3,20260613,0.06410637399945701,0.10499325133377024,0.08404641027171811,0.03382767691988231,0.008577562646462145,0.2529627135612649,0.0015366524457932004,0.0006832307723720898,0.0055650460386797995,0.0047997952861194015,0.00016208435408769997,0.05522610060843014,0.0026462908047353295,0.04867314843899695,0.0855438195784119,-0.050000000000000044,0.04616828897445169,0.0138496170684832,CWC22,1.0,1.0,0.0,0.0,1.0,1.0,1,2,0,0.5408070291688098,1
DAD1+ctrl,esm3,20260613,0.05319004283093459,-0.05818773281382,-0.05653324075848409,0.023947575674606092,0.000869592901814098,0.1580265527749024,-0.0057577230036258975,-0.005277749377096352,-0.008497298835892009,0.019686256661858526,-0.0012729620793834999,-0.06090482588707,0.10653024846660086,0.06651892830801298,-0.015401638265110998,0.04999999999999999,0.012421426019167514,0.012504427851250832,DAD1,1.0,1.0,0.0,0.0,1.0,1.0,1,2,0,0.1691843451194338,0
DBR1+ctrl,esm3,20260613,0.021085782007403908,-0.053051674643519786,-0.052387062110264615,-0.019080277710260718,-0.018443602319643315,-0.13981256927446517,-0.0014218259602784972,-0.0012690359982981958,-0.004003896064540324,-0.014528339305520721,-0.00033348810393360006,-0.1847954781273139,-0.016823139869616255,-0.06182092215737556,-0.1483298330325519,-0.010000000000000009,-0.032354665234637925,-0.02535754836114812,DBR1,1.0,1.0,0.0,0.0,0.0,0.0,0,1,0,0.27925464191821814,0
DDOST+ctrl,esm3,20260613,-0.008810122608289395,-0.0017909954832946995,0.001865602262681787,-0.005700215272821607,0.004009730447410598,-0.014966437449356551,9.102746844289952e-05,-0.00013042442779598318,9.218448547654301e-05,0.005269347746732322,-3.403413575139998e-05,-0.010984458972246203,0.0022293962578584514,0.002914507042306891,0.004484271305206289,0.009999999999999981,-0.0024195037824092935,-0.0024015544464647265,DDOST,1.0,1.0,0.0,0.0,1.0,1.0,1,2,0,0.2679471985189293,0
DDX41+ctrl,esm3,20260613,-0.10546615032521059,-0.11465540082797421,-0.08059908318541376,0.028902260139262698,-0.023332815999552114,-0.0804021762994912,-0.006740570068359403,-0.0029681267199254124,-0.015357415549006381,0.00029083773120311407,-0.0009629861451686001,-0.1656269595364976,0.023073096864372644,-0.01625464836996926,-0.1953639036912448,-0.13,0.02533692686109673,-0.02113023048825602,DDX41,1.0,1.0,0.0,0.0,1.0,1.0,1,2,0,0.6636205651969963,1
DDX49+ctrl,esm3,20260613,0.11689510276020598,0.03886220429794229,0.04788443764264805,0.03557523805394766,-0.008499355883651194,-0.008422237799253662,0.006039652973413499,0.005628966207988806,0.009210404733691169,-0.013899802584328491,0.0013727666810154,0.1492601393090402,-0.019334744036292095,0.005115628331427424,0.07342352027466979,0.12,0.0553094353642421,-0.011560858086067327,DDX49,1.0,1.0,0.0,0.0,0.0,0.0,0,1,0,0.7429643407329919,1
DDX5+ctrl,esm3,20260613,-0.0049135836735246935,-0.0025112086096488184,0.00572295911531312,0.006714504810721805,0.02221219149014239,0.040489158477242604,0.0012613702565432011,0.0015892879730760034,0.0028018740622939298,0.013104296357212275,0.00037222681567070006,-0.0571671027727238,0.03306144097039976,0.03011757105925794,-0.0900754155883765,-0.03,0.005394738437313917,0.014310720902827923,DDX5,1.0,1.0,1.0,1.0,1.0,1.0,1,4,1,0.5836969832086772,1
DDX52+ctrl,esm3,20260613,-0.03475003264896348,0.008127445345436857,0.008540319141003616,0.01266619840311009,0.01840665126828339,0.08089083354018811,0.0010644625872373026,-0.00014842176428819798,-0.0003289052537378545,0.014046617018485419,7.431296398860009e-05,-0.017282873993069048,0.018219744226137924,0.029106663652142317,0.006157439561760847,-0.04999999999999993,0.020410944337566295,0.026621983643285163,DDX52,1.0,1.0,0.0,0.0,0.0,0.0,0,1,0,0.6127731106876021,1
DDX54+ctrl,esm3,20260613,0.1523480979791424,0.09386477765409984,0.11413793299576946,-0.02322573698485708,-0.01617107026523157,-0.027164661030724013,-0.0006579924374817969,-0.0005583442898903224,0.0013277040763763903,-0.009390187248891096,-0.00013282423606140006,0.11609111591088794,-0.02087027456819246,-0.024215719565019556,0.11795720935900195,0.1299999999999999,-0.03588687278824171,-0.017560101556495233,DDX54,1.0,1.0,0.0,0.0,0.0,0.0,0,1,0,0.7092284389812483,1
DERL2+ctrl,esm3,20260613,0.1572537858285662,0.03718435940965281,0.041178272619592615,0.030562515063405182,0.016560423664523205,0.08935760193499342,-0.0010352209210396021,-0.0009053005566184158,-0.0010355633461182068,0.021248719753206996,-0.00019764364697039995,0.1847226868612742,0.01992390856431503,0.08309800745433793,0.15311093912378693,0.12,0.03269693612446378,0.030411968064579464,DERL2,1.0,1.0,0.0,0.0,1.0,1.0,1,2,0,0.3173222912462554,0
DHX37+ctrl,esm3,20260613,-0.07542606980716526,0.0032344066424175866,-0.006454457242145439,-2.7072055139215623e-05,0.0007455341396865045,-0.0009468901619636427,-0.0002370383590458991,0.00038423916622143395,0.0008794214507371612,0.0003011743643726028,-3.149791154999945e-06,-0.03672141026359943,-0.005803676795274826,-0.03424677608317561,-0.05919837866991917,-0.07999999999999996,-0.003196590474653621,-8.636962669816839e-05,DHX37,1.0,1.0,0.0,0.0,0.0,0.0,0,1,0,0.8140257550206905,1
DLD+ctrl,esm3,20260613,0.0882710999686942,-0.06921134197417728,-0.05429484139432866,0.019623457084567697,-0.021623910881663516,0.02354799408390873,-0.0039235986769198955,-0.004512189573480763,-0.00951470401932919,-0.001874902476420498,-0.0011129137128591,-0.011559779844096008,0.005054585825074898,0.038008091355717144,-0.02231158937829769,0.05000000000000002,0.0198351067539852,-0.02088503032207778,DLD,1.0,1.0,1.0,0.0,1.0,1.0,1,3,1,0.3562267117635941,0
DNAJC8+ctrl,esm3,20260613,-0.0068371851309809994,-0.02433277636298614,-0.023561891653037792,-0.019762880937522903,-0.008953681174352995,-0.10580654880721302,-0.001644954085350002,-0.0005533668600755659,-0.001355830518233181,-0.0050662025393067855,-0.0001738746068441,-0.02814703560759549,-0.005295245778400015,-0.021754415433780316,0.013559788956564997,-0.020000000000000018,-0.0297938136827946,-0.024623798064823177,DNAJC8,1.0,1.0,0.0,0.0,1.0,1.0,1,2,0,0.6049272075377098,1
DNTTIP2+ctrl,esm3,20260613,0.5187666035163403,0.018939312276434972,0.04198883347788429,0.0758456996840518,0.046575126907421494,0.13471654893162882,0.011010205373167999,0.0049196363905733564,0.005321833797128583,0.016101454415406696,0.0016780388541519997,0.2430226881501617,0.0671144068675893,0.178306495138699,0.17677440775113273,0.38999999999999996,0.1213171050057765,0.05027629936378175,DNTTIP2,1.0,1.0,1.0,0.0,1.0,1.0,1,3,1,0.5084353830963247,1
DONSON+ctrl,esm3,20260613,-0.20013613168540578,-0.05163655725285654,-0.05411328029698648,-0.043827913055674794,-0.027912150219602097,-0.18802912382062564,-0.007689953781664401,-0.0015791961583679903,-0.004975646072031603,-0.020012977720531094,-0.0005847853026353001,-0.19132831638907155,-0.07635169159480215,-0.09193652758111559,-0.2553303183698616,-0.14,-0.06992721753077968,-0.04597760535789963,DONSON,1.0,1.0,1.0,0.0,1.0,1.0,1,3,1,0.5098475125756874,1
DPH2+ctrl,esm3,20260613,0.045388439269303804,-0.035999625106859834,-0.08028823835478999,-0.0026676971116466053,-0.0136025602846567,-0.09970756431052469,0.001882378011942,-0.00016681477084645735,0.007262949698517818,-0.013905803922835108,-4.441256169230006e-05,0.0237929709028644,0.014945806304554554,-0.04898563211965157,0.1371161028209815,0.11000000000000001,-0.005318137266602491,-0.01202640271025246,DPH2,1.0,1.0,0.0,0.0,0.0,0.0,0,1,0,0.24773313253560908,0
DYNC1H1+ctrl,esm3,20260613,-0.0877333470768984,-0.005597990842582945,-0.011365525510520724,-0.046667101112285114,-0.015610617101466912,-0.16877004993343808,0.0004573743790388003,0.0008445350805380558,8.132985925324299e-05,-0.02487906256174721,0.00013295747339720008,-0.11391232654595962,-0.06328603869990768,-0.08256662380385904,-0.1363084966876114,-0.039999999999999925,-0.07552548418813773,-0.029747983073833306,DYNC1H1,1.0,1.0,0.0,1.0,1.0,1.0,1,3,1,0.34089075469674274,0
DYNLRB1+ctrl,esm3,20260613,0.2717478791549918,0.14531685362765434,0.12886292846901226,0.1014995253821914,0.029795212452307596,0.5829057629889991,0.0016588158905505995,-0.0009427479642303283,-0.00023580759343222457,0.04849567802158092,-8.329143747690007e-05,0.3816225978845472,0.10276859838731545,0.20556981821293874,0.3019119579792202,0.27,0.1444009210604607,0.058318771124567514,DYNLRB1,1.0,1.0,0.0,0.0,1.0,1.0,1,2,0,0.37186370402828745,0
E4F1+ctrl,esm3,20260613,0.09538423500772128,-0.022925303387363094,-0.01731379604598815,0.0068386405265812855,-0.039765390904528186,0.09668473566191399,-0.0070531852543354,-0.007272795593049719,-0.008079585658600785,-0.008810980834785292,-0.001944647403434,-0.4008878025168685,0.006968500706624803,-0.06219862217352723,-0.1751475484287557,0.06,-0.0014124622599260284,-0.03134445857728041,E4F1,1.0,1.0,1.0,0.0,0.0,0.0,0,2,0,0.5905356331533801,1
EBNA1BP2+ctrl,esm3,20260613,0.44166152703492334,0.020162884958056182,0.014685232100141388,0.11009203033439449,0.013530374146137891,0.25799883999296924,0.007300868630409199,0.0056459027913398074,0.005632427290199971,0.001740285665734309,0.0014387301052921002,0.28932416837733665,-0.008030510687257686,0.046364390963096414,0.1749469146289288,0.30000000000000004,0.1369309566937336,0.014425869152938087,EBNA1BP2,1.0,1.0,1.0,0.0,1.0,1.0,1,3,1,0.4785714492750178,1
ECD+ctrl,esm3,20260613,0.0624850120065171,0.19413477401604384,0.1605606546499604,0.09911722425616018,0.039436873855521526,0.5409058775632145,0.0036321021616458025,0.0014620470381592199,0.010546882550887982,0.030491651601974923,0.0004239963600411998,0.4003895686778269,0.060879922583117474,0.15278844405572956,0.3098649124027218,0.07,0.12765250020750712,0.05227023619509452,ECD,1.0,1.0,0.0,0.0,0.0,0.0,0,1,0,0.3536610604497916,0
EIF2B3+ctrl,esm3,20260613,-0.019353692483389806,-0.00732679510002876,-0.008029791128280839,0.009627791949094577,0.005460343969476422,0.0871033070943284,-0.0009086728096007989,-0.00036662806269804893,-0.0017168622447157889,0.0017208802606976936,-9.066920029000001e-05,-0.005684754882613996,-0.000495845309604448,0.0017472634559246858,-0.015605601936224067,-0.050000000000000044,0.007675484950516898,0.00912072103605599,EIF2B3,1.0,1.0,0.0,1.0,1.0,1.0,1,3,1,0.7169773594364061,1
EIF2S1+ctrl,esm3,20260613,-0.13086578317535802,-0.02965834637803344,-0.022962116985897896,-0.04805474685958128,-0.013617433963231229,-0.39540494002194393,-0.004152156412601499,-2.8920612567207016e-05,-0.0008265447690619654,-0.0169078940885998,-0.0005932496860623004,-0.11988092290937813,-0.05903210544973647,-0.013889226788703968,-0.08827644408113389,-0.10999999999999999,-0.08686842078724966,-0.007127866717435816,EIF2S1,1.0,1.0,1.0,1.0,1.0,1.0,1,4,1,0.33367386319370723,0
EIF3E+ctrl,esm3,20260613,0.049856616628779826,0.016445960439052,0.00531175712470644,0.0460728613825582,0.027821062428982024,0.10082644726904533,0.002970950677990903,0.0021999957707159457,0.007253571650143176,0.014788841738237413,0.0006280592642724002,0.201257364828827,0.04367551625426036,0.0435044727199273,0.19295093688821557,0.08999999999999997,0.07170808356128527,0.024438331553833792,EIF3E,1.0,1.0,0.0,1.0,1.0,1.0,1,3,1,0.5226165755263349,1
EIF3F+ctrl,esm3,20260613,-0.1705682975071793,0.0575101286861881,0.036174635371261976,-0.07770388529772082,-0.02201702429117497,-0.3600218854540602,-0.0022906120866537025,-0.001188859589973168,-0.005650421701036135,-0.025314295126026815,-0.00041452026925980004,-0.3453299187805,-0.04984638027195398,-0.14632213415303574,-0.2814057166373294,-0.10999999999999999,-0.07816929946136758,-0.025632502484124853,EIF3F,1.0,1.0,0.0,1.0,1.0,1.0,1,3,1,0.7831224346710105,1
EIF3G+ctrl,esm3,20260613,0.04300342481631758,0.018925581107835154,0.011675636592797911,-0.013279418384304964,0.012082753378107103,0.13391899431466392,0.004872089251875898,0.0017352701375864532,0.006311521140102805,0.005912854000164086,0.0007280255667866001,0.10764581977053456,0.02052086503643158,-0.04254509306136267,0.1232966156477488,-0.010000000000000009,-0.005002799765638721,0.004633819313691223,EIF3G,1.0,1.0,0.0,1.0,1.0,1.0,1,3,1,0.3046157550487529,0
EIF3J+ctrl,esm3,20260613,-0.032805523685520144,0.1438151693127528,0.1438425293978085,0.0196346737618108,0.0038916522864285152,0.09924600343488099,0.003264246508479101,0.0014055268020646272,0.002683071707387019,0.0009260371202911843,0.0004672855138778999,-0.0015326821615537778,0.024733413816763083,0.017624940536657863,-0.042492130811445206,-0.06,0.031373888852437304,0.011080547967538545,EIF3J,1.0,1.0,0.0,1.0,1.0,1.0,1,3,1,0.2960572400395116,0
EIF3M+ctrl,esm3,20260613,-0.31983673266014473,-0.011029397858629886,-0.05318489509122648,-0.01872611218911452,-0.04701183988630289,-0.024299556376118803,-0.007432911545038199,-0.005340278362492068,-0.015051815450072614,-0.0179197933027489,-0.0013612911570817002,-0.35487774152684315,0.03133297821121506,-0.11951036710456231,-0.3928699645336563,-0.26999999999999996,-0.04397056964621701,-0.046524502905050724,EIF3M,1.0,1.0,0.0,1.0,1.0,1.0,1,3,1,0.664131624522618,1
EIF5A+ctrl,esm3,20260613,0.0027770788571462035,0.08304061637057847,0.10028185852315791,0.0029720885618605974,0.008486993459093262,0.14042939145241773,0.0036919172853231985,0.002904148724248601,0.006876730332349146,0.02817451372011312,0.0007053904701023999,0.09758677928223922,0.022752876648369447,0.046343515220782505,0.12720618802414072,-0.04000000000000001,0.0216304932393111,0.026300574219469075,EIF5A,1.0,1.0,0.0,1.0,0.0,0.0,0,2,0,0.21732101033867016,0
ELP5+ctrl,esm3,20260613,-0.00012023924531490149,-0.037223005895460126,-0.03713491789081791,-0.040016358067056196,-0.03051793030860911,-0.4091527408329587,-0.003102004528045703,-0.0013317586416857763,-0.002947696725908,-0.030570238995291793,-0.00041177478851749994,0.029411180488947197,-0.03660596802427318,-0.06925741963578735,0.005033782423154706,-0.010000000000000009,-0.07193177098733469,-0.03405489794787253,ELP5,1.0,1.0,1.0,1.0,1.0,1.0,1,4,1,0.26928611818610937,0
EXOC7+ctrl,esm3,20260613,0.015757905691309387,0.047938760396968594,0.04841721140114702,-0.019268459862667897,-0.0012129669202002313,-0.4726436515341419,0.0008583031594752988,0.00014544442752795206,0.002391144156911329,-5.141542298270352e-05,4.593702033159992e-05,0.01341204074605129,-0.0058772354690861395,0.003620037834081047,0.0438141675091632,0.019999999999999962,-0.05741456655672761,0.00197677033670951,EXOC7,1.0,1.0,0.0,0.0,1.0,1.0,1,2,0,0.6055215390791784,1
EXOSC10+ctrl,esm3,20260613,-0.51336074734959,0.006247255310240507,-0.0015696370027770135,-0.10778744099948823,-0.0230716057784624,-0.1715255104376608,-0.005947902798652701,-0.003631996510509272,-0.0026913730676549896,-0.0170767911292094,-0.0011394597240724001,-0.542479458936915,-0.053709903752464094,-0.1509588915632073,-0.11390355259057511,-0.45000000000000007,-0.13018971047013053,-0.014054697928685966,EXOSC10,1.0,1.0,0.0,0.0,1.0,1.0,1,2,0,0.4050002095579269,0
EXOSC2+ctrl,esm3,20260613,-0.18665926966805702,-0.007930404320297457,-0.03942627947187494,-0.04050302971666811,-0.016295010196857695,-0.06071560710634971,-0.0035173259675502985,-0.003321780908003946,-0.008235719200886726,-0.002408061448051696,-0.0008350524585693997,-0.08220780040936115,-0.045036936333697986,-0.058916448490658246,-0.04753280483256139,-0.13,-0.0639218323742276,-0.00803180809879589,EXOSC2,1.0,1.0,0.0,0.0,1.0,1.0,1,2,0,0.7118852605461615,1
FAM50A+ctrl,esm3,20260613,-0.11395092679449328,-0.2564520754896135,-0.2544500639042424,-0.017944701478442848,-0.06663620644842372,-0.5676822131407796,-0.005833379924297298,-0.006609242189932196,-0.017151338008671746,-0.030580557782253992,-0.0016479701735078998,-0.3719079832290004,0.010466151279145852,-0.11063107442516051,-0.28528686589832153,-0.14,-0.08024810875512034,-0.05578242079599094,FAM50A,1.0,1.0,0.0,0.0,0.0,0.0,0,1,0,0.24916021351100925,0
FASTKD5+ctrl,esm3,20260613,0.1741613462859439,-0.008982533860828368,-0.018215627423442515,-0.01924463119882111,-0.0201361890776586,-0.1987067607524568,0.00010552257299420095,0.0007505480190304059,0.0014383881695699818,-0.01888110071624452,0.0001678462140261999,0.10677302565007649,-0.047911332310388244,-0.09233523033581992,0.01697850293110678,0.17,-0.020904080355805904,-0.03214366962712378,FASTKD5,1.0,1.0,0.0,0.0,1.0,1.0,1,2,0,0.38333396280880566,0
FCF1+ctrl,esm3,20260613,-0.2714937614052252,0.012033965334365071,0.012594086584368114,-0.024376844969045602,-0.00900549912235099,0.07447958877486072,-0.0010500140488148013,-0.001979903477684397,-0.0007761061516001755,-7.490694009171239e-05,-0.00047573656775060005,-0.13876089591298124,0.02145169171513761,-0.04083134204821748,-0.07005217302776828,-0.2,-0.032305512733350084,-0.004312763112501616,FCF1,1.0,1.0,0.0,0.0,0.0,0.0,0,1,0,0.5714700992769537,1
FTSJ3+ctrl,esm3,20260613,-0.007674462591054795,-0.11864170463443924,-0.12696718045458177,-0.02086700902839983,-0.0007054075589705833,-0.12401801057111905,0.0024232156574726035,0.0033660927063215995,0.003243484257895002,-0.005571351688625409,0.0007610127795487998,-0.0325840333223348,-0.032926586891920184,-0.021916392880526492,-0.0381096232702142,0.01999999999999999,-0.027672468608702094,0.0008974121426682524,FTSJ3,1.0,1.0,0.0,0.0,0.0,0.0,0,1,0,0.34744171967685405,0
GFER+ctrl,esm3,20260613,-0.40450587363442947,-0.13290173953379492,-0.14121264699646274,-0.02827353773116678,-0.0158712174050884,0.07682050184625883,-0.007359122857451401,-0.004914561329252942,-0.012367810983722416,0.01240070605599719,-0.0012614034931174999,-0.6912663138390589,0.06321550287531141,-0.05769496687507136,-0.43071536613962624,-0.31999999999999995,-0.0522080795064383,-0.007996243973789063,GFER,1.0,1.0,1.0,0.0,1.0,1.0,1,3,1,0.19088081812579477,0
GFM1+ctrl,esm3,20260613,0.28262619727801536,-0.05523423967883989,-0.046423840451638165,0.021102381526798886,0.01230553254482361,0.06563193288741728,0.001155941747129,-0.00010343822321479124,-0.000570375670815193,0.009736427293215888,2.03793752007001e-05,0.11993788697853847,0.0457317650200042,0.046481423562724444,0.1185784217962888,0.21000000000000002,0.022314718131594385,0.012116763881214188,GFM1,1.0,1.0,0.0,0.0,0.0,0.0,0,1,0,0.6268323558589625,1
GNL3+ctrl,esm3,20260613,-0.03790440002107376,-0.005364652640130696,-0.017599805710355465,-0.027297635837175704,-0.015146840960422736,-0.12281052308971807,-0.0010003466159104989,-0.00032321018182679406,-0.0007676514401819823,-0.012902161283114,-0.00016040087211880013,-0.0213960170187103,-0.02210882726197083,-0.036288085015159566,-0.0024550224381798547,-0.029999999999999916,-0.0297731976112961,-0.015985749396960847,GNL3,1.0,1.0,1.0,0.0,1.0,1.0,1,3,1,0.6456221858685385,1
GNL3L+ctrl,esm3,20260613,-0.016552711330724446,0.027446284187259806,0.03221319395737038,0.018906747256382694,-0.009042428180696782,0.038048972291773064,0.0011214353144168993,0.0008977462221989585,0.001329816725192834,-0.003412879340612407,0.00019493530271579994,0.05140800617954078,-0.015177507547010638,-0.01735299475817076,0.04492035577639275,0.010000000000000009,0.02408718265216439,-0.014025328500566037,GNL3L,1.0,1.0,0.0,0.0,0.0,0.0,0,1,0,0.5930652611844432,1
GPKOW+ctrl,esm3,20260613,0.1619946737347725,0.1551816067573275,0.12691476319137163,0.0612941725038961,0.03237275485232949,0.3290612947343342,0.003432210534810999,0.0022612171840669104,0.004321542846630222,0.027749155742911896,0.0006151087582111001,0.14987184227891082,0.024045335581247662,0.0922935286313602,0.0917921936540515,0.15999999999999998,0.0884486642371389,0.05343258801902251,GPKOW,1.0,1.0,0.0,1.0,0.0,0.0,0,2,0,0.5390318696463544,1
GRPEL1+ctrl,esm3,20260613,0.29477860220151403,0.04174063891509705,0.024679637581110248,0.09327738977719419,0.04862887136545435,0.34700476391463836,0.0071650743484497,0.004527133265279981,0.00835317643012723,0.025771307612790395,0.0011977048125118002,0.1910078535024904,0.061293386363956204,0.19916500162139106,0.18579443843898824,0.28,0.1388524364296259,0.06304554237587356,GRPEL1,1.0,1.0,0.0,1.0,1.0,1.0,1,3,1,0.19261461227278462,0
GTF2E1+ctrl,esm3,20260613,-0.28859881424373485,-0.10014718512001619,-0.13804218715516625,-0.03354473069295891,-0.03139003268106219,-0.2960607352035822,-0.002436984330415698,-0.0011589401455004422,-0.002531928123661209,-0.02676237225392561,-0.00029093184275550007,-0.3498842915610929,-0.02106479801438399,-0.08871112174693874,-0.28666899502560317,-0.22000000000000003,-0.057638517452132776,-0.045231515679451495,GTF2E1,1.0,1.0,0.0,1.0,1.0,1.0,1,3,1,0.25808895012999383,0
GTF2E2+ctrl,esm3,20260613,-0.2205364136206427,-0.08505634439755805,-0.10948723279699807,-0.08674421292584922,-0.033572819714803415,-0.5379045062117469,-0.0003609526902438008,0.00016304998353278144,5.43504021739416e-05,-0.04587728580256348,-5.405163392999211e-07,-0.409351896476463,-0.04212050043529125,-0.1545286687483186,-0.30376098967980014,-0.19999999999999996,-0.10055103576803498,-0.057821722330464786,GTF2E2,1.0,1.0,0.0,1.0,1.0,1.0,1,3,1,0.31300364494440297,0
HAUS5+ctrl,esm3,20260613,-0.18287397299023994,-0.03649579496471411,-0.043609647449849964,-0.0004900845798644915,0.011340437429304517,0.056817680691532924,-0.0009569767862557983,-0.0007608113523680515,-0.0019101805244530201,0.011945779467250311,-0.0001518959179521,-0.1470663564452187,0.05967107282511597,0.041559921577613235,-0.08126228997931728,-0.13,0.0010569588986588108,0.019442514198799943,HAUS5,1.0,1.0,0.0,1.0,1.0,1.0,1,3,1,0.48491939951818785,1
HEATR1+ctrl,esm3,20260613,0.06009985664957007,-0.02358851890124891,-0.02085819770811337,0.024684977503763195,0.004684604924352104,0.22231028475683579,0.001084145158529299,0.00022259488887654832,-0.0016025516801021489,0.0013942341286919957,0.0001562279649079,0.026546347940487047,0.023306128865994147,0.015700191874999048,-0.010700032505136514,0.04999999999999993,0.050829006456861114,0.002220060899225773,HEATR1,1.0,1.0,0.0,0.0,0.0,0.0,0,1,0,0.512404816692505,1
HGS+ctrl,esm3,20260613,-0.0006997744756104818,0.029372806452029665,0.026637414981198204,0.04060063374967071,0.014397301659740513,0.16537915929152003,0.0004055537283421014,2.705792043300459e-05,-0.0018467306179579257,0.013060227554542614,2.8414651751500035e-05,-0.005367174330762281,0.0272302347925657,-0.01951626839957943,-0.001536489037570199,-0.03999999999999998,0.06539905451932781,0.014733923996659182,HGS,1.0,1.0,1.0,0.0,1.0,0.0,1,3,1,0.26491280796351085,0
HIRA+ctrl,esm3,20260613,0.0052173004829557945,-0.02248660950049619,0.009067588055925557,0.014404838775178508,0.01836519304905701,0.1638325716927285,-0.0011387467384337997,-0.00042428157803697797,-0.0017153471726137903,0.029125065712732212,-0.0001332243555226,-0.005506030052835675,0.015714355183496176,0.04752968969054516,-0.035193653440590805,0.04999999999999999,0.018385575038405017,0.02511810495905742,HIRA,1.0,1.0,0.0,1.0,1.0,1.0,1,3,1,0.6788419909083688,1
HNRNPH1+ctrl,esm3,20260613,0.019985517577360418,-0.02295064175205591,-0.02846957630111474,0.05901511801391285,0.03589758575755703,0.2241598579931966,0.004295455291867298,0.0023973287477377925,0.003041476896632145,0.01984862772919571,0.0007430991390719999,0.10861707381458807,0.0634463485044815,0.09388122031142765,0.0367081656283266,0.020000000000000018,0.08817868605862611,0.048442093341432346,HNRNPH1,1.0,1.0,1.0,1.0,1.0,1.0,1,4,1,0.5404250112725081,1
HNRNPM+ctrl,esm3,20260613,0.023499905519948017,-0.02389651059992781,-0.020816846428108327,-0.025440311471647492,-0.00022487115695468685,0.026622054317921473,-0.0030605737119912997,-0.0021355465898489356,-0.008672482260097647,0.01249603119375689,-0.0005044174613431001,0.008360898801319683,0.061502929955035146,0.02451437001256518,0.0021813616370011113,0.04999999999999999,-0.036904734792692795,0.011142620198537956,HNRNPM,1.0,1.0,0.0,1.0,1.0,1.0,1,3,1,0.3128943602929758,0
HNRNPU+ctrl,esm3,20260613,0.003884546631221397,0.030461112476813823,0.025724872315342984,-0.0019028779590369305,0.00025748251632257135,-0.23513194077447908,0.0032408069819211995,0.0028222310297286723,0.004315229980816571,-0.017610858036878896,0.0007490317802876,0.023461661691164593,-0.0031551192446123144,-0.04097720842287966,0.006792823607246784,0.0,-0.0007263872698554108,-0.009664882430389765,HNRNPU,1.0,1.0,1.0,1.0,1.0,1.0,1,4,1,0.2744810627011528,0
HSCB+ctrl,esm3,20260613,0.0905179450596931,0.027003445135090676,0.03333630661076403,0.045679113577766495,0.01234486458535139,0.18917105877134244,0.0023912657052278,0.0007103503064148642,0.0030692561547701613,0.019600009058858003,0.00021741475211459996,0.33725532777141165,0.046243559256464506,0.09862873953885154,0.21609351653836217,0.010000000000000009,0.05769898079774158,0.018523314592294726,HSCB,1.0,1.0,0.0,0.0,0.0,0.0,0,1,0,0.32806798272017845,0
HSD17B12+ctrl,esm3,20260613,0.1285538726636769,-0.016587221731656943,-0.015335884113935383,0.030995645171490088,0.016756622489994433,0.19460946529936207,0.0028845947235821984,0.0008675299985363427,0.00390235090809421,0.004236879592085796,0.00027640420012179983,0.15583386153602952,0.040714295099142594,0.06363903494819145,0.1207315227392664,0.08000000000000002,0.055928330482805155,0.02403111174857553,HSD17B12,1.0,1.0,0.0,0.0,0.0,0.0,0,1,0,0.19325995099081583,0
HSPA8+ctrl,esm3,20260613,-0.014245537697586352,-0.07585901755687058,-0.07165214251424029,-0.0030504325229407936,-0.06518013757898034,-0.04360165211969674,-0.0116567052900792,-0.014513803182748974,-0.02403894194196121,-0.012685059699044793,-0.0036828853189945993,-0.0737546699679244,0.002483097664312317,-0.03621900553328139,-0.0536316830163735,-0.010000000000000009,-0.030516751785126195,-0.049612254153064805,HSPA8,1.0,1.0,1.0,1.0,1.0,1.0,1,4,1,0.8345682910957747,1
HSPE1+ctrl,esm3,20260613,0.10565330022028568,0.06412896115690414,0.04665110800627836,0.060737428528658044,0.11314957480818333,0.42867809551110325,0.0010778233408927987,0.002427154353108363,0.004391954772259399,0.05665318197578639,0.0006288664881139998,0.11848341194182932,0.06406564013024074,0.22971561155071285,0.13845080627107492,0.08000000000000002,0.0705280275056116,0.10944207956597296,HSPE1,1.0,1.0,1.0,0.0,0.0,0.0,0,2,0,0.17045447271958392,0
IGBP1+ctrl,esm3,20260613,0.1717462708206703,0.12460124594796662,0.09887370968061626,0.025344439007508268,0.022952063115499105,0.4027189468296638,0.0036385059356689,0.0015057556299106212,0.005264555442582197,0.01773125122987909,0.0005023627309129,0.47920016466152787,0.029851994419353267,0.09295318440766764,0.3715093949949319,0.14,0.04951100086053417,0.028696961560998213,IGBP1,1.0,1.0,0.0,1.0,1.0,1.0,1,3,1,0.22693208355801625,0
ISCU+ctrl,esm3,20260613,-0.099748085747529,-0.042087257207334194,-0.03602337432228875,0.020840518582647294,-0.004315257764125391,0.05105258786997213,0.0005406960844994008,0.0006452424587791716,0.001459059901706805,-0.00010437024816201124,8.006440475579997e-05,0.03247297169688218,0.009793048045037334,0.007831979936258282,0.06845260468524789,-0.10999999999999999,0.01840478425560671,-0.004038622104292067,ISCU,1.0,1.0,1.0,1.0,1.0,1.0,1,4,1,0.19037325196316937,0
KRI1+ctrl,esm3,20260613,0.05738624944094939,0.01938532184178865,0.006087309038819433,0.03948679947912315,-0.013135244647405175,0.007926006042180633,0.001501968130469402,0.0021567674321297803,0.003458291562912774,-0.0097809226323263,0.0004595122300087998,0.12249281550653979,-0.01089036258563969,0.020876203819033323,0.07104858569219608,0.06,0.051515988537139235,-0.012884726789238243,KRI1,1.0,1.0,0.0,0.0,0.0,0.0,0,1,0,0.5176944361201087,1
LSM4+ctrl,esm3,20260613,-0.11056199064521322,0.09365358011186753,0.06214956753446388,-0.016776050979257717,0.028663676410848937,0.12365038179518123,-0.0009660162031650994,-0.0010780992504475506,0.0012185394247706816,0.0237034263989723,-0.0003161140484734999,-0.05183527017303502,0.021624097249657526,0.09307613862224884,-0.017504628796185195,-0.09999999999999998,-0.016241508727638965,0.05039238311181882,LSM4,1.0,1.0,0.0,1.0,1.0,1.0,1,3,1,0.7870338738934104,1
MAGOH+ctrl,esm3,20260613,0.015564207712935652,0.0174226509658153,0.014011938055045636,0.006874616076022216,-0.0005192841188652875,-0.0760796140090792,0.0019055381417274024,0.0015769000493854879,0.004286266347450551,-0.0020313674676067928,0.0003475625999272,0.049303487125495704,-0.016631963618563228,-0.029162915021260227,0.04233492483742157,0.010000000000000009,0.011598874065086084,-0.005326508660000506,MAGOH,1.0,1.0,0.0,1.0,1.0,1.0,1,3,1,0.2756515358576982,0
MCM10+ctrl,esm3,20260613,0.039754264707261955,0.015284276993479784,0.013553061469946281,0.0455533301649563,0.016280731917249797,0.14890984756390224,-0.00027102977037430157,7.326612520541786e-05,0.0013149614925983544,0.0179568889271165,-2.19119247049e-05,0.018637976899911757,0.036191859527921255,0.08333610745119902,0.007823200646953077,0.030000000000000027,0.058228300816030504,0.019181081463124694,MCM10,1.0,1.0,1.0,1.0,0.0,0.0,0,3,1,0.3260343523367522,0
MCM3AP+ctrl,esm3,20260613,0.14890628646263787,0.008699895829884619,0.011991230475196513,0.007647596141809404,0.004117646732079705,-0.020105983699104324,0.0036456380039452986,0.00278419367618421,0.0055690512061123965,0.0037612785550003025,0.0006673579337076001,0.275970401334757,-0.015156571027430954,0.018650639884591258,0.14135405497293113,0.15,0.014413909780918777,0.012137689125116258,MCM3AP,1.0,1.0,1.0,1.0,1.0,1.0,1,4,1,0.4265587920768491,1
MDN1+ctrl,esm3,20260613,-0.1541524093802259,-0.0307760279819016,-0.0435440409216889,0.017290101837544425,-0.00425725038440633,-0.027552324373135262,-0.0015550665557384005,-0.0007371010405928802,-0.002381847071273868,0.00219066263369469,-0.00017172086518260014,-0.14534426560905495,0.030652910858595672,-0.013178999913441847,-0.146509497308631,-0.13000000000000006,0.016126169410489694,-0.0007010709632304657,MDN1,1.0,1.0,0.0,1.0,1.0,1.0,1,3,1,0.29489711930746704,0
MED20+ctrl,esm3,20260613,-0.2554941792541062,0.015816809001621523,0.018171856402619646,-0.08279942409910052,-0.043659105967370326,-0.28377696555423226,0.0003219842910767018,0.0015470373095584078,2.7560065103737763e-05,-0.04319444823716581,0.00025947904214260013,-0.10049229986745567,-0.06577623229541107,-0.1314566482900985,-0.09393485282007374,-0.17000000000000004,-0.08860069993210229,-0.04384013665551234,MED20,1.0,1.0,0.0,1.0,1.0,1.0,1,3,1,0.24094523738303747,0
MED26+ctrl,esm3,20260613,0.037328488303533636,0.091253100990145,0.06686925513065822,0.13773823293638018,0.05343311172242299,0.1253837646015466,0.027571074664592795,0.022427034044141814,0.04436265715396304,-0.0049384793003063865,0.0059779526782222,0.02978445793848622,0.03547033302682556,0.0070751865020161064,0.028333027614681094,0.07999999999999996,0.23282234208891658,0.03800701520855254,MED26,1.0,1.0,0.0,1.0,1.0,1.0,1,3,1,0.3466594499169088,0
MED31+ctrl,esm3,20260613,0.017543579774749796,0.06751580631784432,0.07309021980067248,0.14440330342258767,0.033498600037138115,0.1487837799782143,0.0188235212117434,0.01906398121692976,0.03120841184384815,-0.00478704905831942,0.0048215572023764,0.05878973539885435,0.0023838633916513086,0.032949443308645465,0.03309110215564409,0.020000000000000018,0.22059099576499702,0.019332036870653324,MED31,1.0,1.0,0.0,1.0,1.0,1.0,1,3,1,0.24485061166143257,0
MED8+ctrl,esm3,20260613,0.04736767458229951,-0.005546803299559366,-0.009989401277593624,-0.006751902835912316,-0.008025355479076901,-0.025416220922230726,0.0005752258002757991,0.0003773884196556221,0.0016246720969868012,-0.006545825846904996,0.00010990467853840002,0.025658360772731204,0.007527481009147685,-0.022195896112218172,0.02894724131844484,0.050000000000000044,-0.0004400302733427175,-0.012314566674839433,MED8,1.0,1.0,0.0,1.0,1.0,1.0,1,3,1,0.39191157602474547,0
MFAP1+ctrl,esm3,20260613,-0.07620366784622862,-0.08582341392565063,-0.08069772534407427,-0.002453651030789983,-0.0011907523784385199,-0.008521741566078656,-0.005223823711275999,-0.001601832673921999,-0.00531074490754202,0.004631850935149895,-0.0007189365569502002,-0.08925669639618683,-0.04894342832618093,0.027718806352042602,-0.09040513458559496,-0.06000000000000005,-0.009102845937093429,0.015251850995522731,MFAP1,1.0,1.0,1.0,0.0,1.0,1.0,1,3,1,0.45084885936067004,1
MRPL18+ctrl,esm3,20260613,0.18524746704870243,0.0007998665703649044,0.018294641454301985,0.010100551630708193,0.009010069347815702,-0.0029505879797490087,0.0015681516379118,0.0010010349105840088,0.0015680931753375704,0.003558885289158792,0.00025804521283130004,0.1832285044370381,0.013570372312702639,0.044229241926853846,0.10527256507153532,0.030000000000000027,0.021544599850373714,0.01279649233022706,MRPL18,1.0,1.0,0.0,0.0,1.0,1.0,1,2,0,0.3823933350066144,0
MRPL3+ctrl,esm3,20260613,0.06121691713711541,-0.020001813734684237,-0.007597762467931424,0.0009226555264374159,0.008257666743521186,0.14453286671480337,-0.0007620360702275987,-0.0005596703862632557,-0.002140637269625656,0.0162814251549446,-0.0001227666507475,0.003138129988861982,0.04016201964473265,0.07270430885104695,0.03627812241749473,0.06000000000000005,0.012497629193624404,0.018059517817644588,MRPL3,1.0,1.0,0.0,0.0,1.0,1.0,1,2,0,0.41297443721195454,1
MRPL32+ctrl,esm3,20260613,-0.060828898521468056,-0.010195015369258598,-0.003264461582741629,-0.0127319860558322,-0.004001957877355966,-0.07599900632468681,-0.0010807029902934993,-0.00030949795874157804,-0.0009566926462677428,-0.003217270439677511,-0.00010104861576110005,-0.015973854943745258,-0.010431214140584566,-0.0057238346314343325,-0.012787634623812327,-0.040000000000000036,-0.01420414109641091,-0.0008265637691081684,MRPL32,1.0,1.0,0.0,0.0,1.0,1.0,1,2,0,0.19261764454378918,0
MRPL38+ctrl,esm3,20260613,0.024535497816646934,0.003089621625380734,0.010610669845256493,0.02435973484045051,0.013105932650734203,0.24579612320534827,0.0008712727576493974,-0.00016069222669679029,-0.0004796489226583933,0.005078329354376687,3.0919909480009444e-07,-0.03597332746389381,0.025496983353986757,0.03038188009496623,-0.009548555573717032,0.010000000000000009,0.04775017748110491,0.007960453401138046,MRPL38,1.0,1.0,0.0,0.0,1.0,1.0,1,2,0,0.24988272554631724,0
MRPL4+ctrl,esm3,20260613,0.08719011847849789,0.0009994519147022984,-0.0018823173419118544,0.007580223648255585,0.001109253253631648,0.09240068216966874,-0.0017684604972601006,-0.0008101739146769704,-0.0004685282821571546,0.012476320881346592,-0.00022333720698949997,0.07096374314951254,0.010195644951215166,0.02456858731623479,0.06832516499130042,0.02999999999999997,0.0020155541954982037,-0.004542627394282239,MRPL4,1.0,1.0,0.0,0.0,1.0,1.0,1,2,0,0.42037965382714365,1
MRPL49+ctrl,esm3,20260613,-0.1369580556749118,-0.0018944824497308943,-0.0020418359133181907,0.0064017824400728895,0.008050605451350612,0.2097886925001642,0.001138076186180205,0.0005540142715112495,-0.0016857487760733036,0.0036128532989300743,0.0003137176390737,-0.011342186482842902,0.02257823217334054,0.03660419210673904,-0.0503637114738639,-0.15999999999999998,0.016453793174382503,0.003968028962555437,MRPL49,1.0,1.0,1.0,0.0,1.0,1.0,1,3,1,0.4386315548878312,1
MRPL50+ctrl,esm3,20260613,0.020911539012422597,-0.003654135157311389,-0.0006899834565027296,0.0215602463147522,0.0020855937581198136,0.1261197370593466,5.594640970229929e-05,-3.9396722215534474e-05,-0.0003538669581547582,0.013045964614927102,-9.08208312470004e-06,0.0027912157896358147,0.005635918473082868,0.019374352359904923,0.027113297969246664,-0.010000000000000009,0.031049710942803094,0.0032484814053898026,MRPL50,1.0,1.0,0.0,0.0,1.0,1.0,1,2,0,0.28649695647188517,0
MRPL54+ctrl,esm3,20260613,-0.027515552332665005,0.0032903153809307195,0.0011790094092155035,-0.01864679416902751,-0.0006381698009969017,0.007715612893808288,-0.0009253639727831026,-0.00041867495523995046,-0.0003354462374260958,-0.0027176985057577874,-0.00011133373482159997,-0.06012610184684042,0.004584404731484137,0.0019097621192156744,-0.005202707735221523,-0.10999999999999999,-0.016682459105706704,0.007716582222227708,MRPL54,1.0,1.0,0.0,0.0,1.0,1.0,1,2,0,0.45632056720647746,1
MRPS11+ctrl,esm3,20260613,-0.30065319932195933,-0.014167169294737603,-0.007556921715660969,0.007465530664150705,0.0023262743716830347,0.07395858575330438,-0.0016577411442995002,-0.0009715197025742528,-0.0030630246025211694,0.016896812687843793,-0.0002275955630467,-0.14863365580573873,0.06056139630871116,0.046382634698490355,-0.0658490968755443,-0.26999999999999996,0.01385701679879589,0.0071705975675288025,MRPS11,1.0,1.0,0.0,0.0,1.0,1.0,1,2,0,0.34861809487498874,0
MRPS14+ctrl,esm3,20260613,-0.29772896928748604,-0.05233638862484541,-0.055751596899268396,-0.016375055641511815,0.009045907107094908,0.25959776791677114,-0.0016750041395426005,-0.0023942545212508604,-0.005216996130597229,0.01612742868053557,-0.0005751431453972999,-0.27672274436619765,0.02384779587059338,0.011031170960157377,-0.1439752043510081,-0.25000000000000006,-0.010452630410975328,0.021116853833001326,MRPS14,1.0,1.0,0.0,0.0,1.0,1.0,1,2,0,0.3098167488588997,0
MRPS18A+ctrl,esm3,20260613,-0.02692881076164033,-0.010085288410488946,-0.010429117652386632,0.0072104232715458905,0.0016024207333230067,0.10390232812984118,-0.00027355924248699884,-2.670731649512259e-05,-0.0009293378046145717,1.5550726296886808e-05,-4.904344677900065e-06,-0.0013738406098484646,0.002492440902247872,0.006687463825539974,-0.017114453170054778,-0.019999999999999962,0.015216333398854698,0.0034425268423560196,MRPS18A,1.0,1.0,0.0,0.0,1.0,1.0,1,2,0,0.27432657940443206,0
MRPS24+ctrl,esm3,20260613,-0.07507690278375528,0.004069725961259429,0.003443299197829486,-0.015704537238292016,-0.01512698753893571,-0.047120268976689805,-0.002154355868697201,-0.00026819563400359847,-0.0009423496462773739,-0.005110876516396606,-0.00014141335850579998,-0.05484462805601459,-0.029420566587880947,-0.022457379229814167,-0.02660416647472061,-0.04999999999999999,-0.018316994273217202,-0.009371211157609416,MRPS24,1.0,1.0,1.0,0.0,1.0,1.0,1,3,1,0.20944732822544496,0
MRPS26+ctrl,esm3,20260613,-0.03847358183783739,0.0029410130024184467,0.004492057233786151,0.0024285179230807974,0.005582801338111176,0.08300814096488163,5.111284554000159e-05,-0.000487483630448593,-0.0010817002032680323,0.007480902911531084,-9.045342449100007e-05,-0.058610557349526415,0.03380157082334889,0.03353438564624567,-0.022965179090170484,-0.010000000000000009,0.0062472121411716874,0.010132693808913795,MRPS26,1.0,1.0,0.0,0.0,1.0,1.0,1,2,0,0.4646844604098582,1
MRPS27+ctrl,esm3,20260613,-0.0927111462263297,0.02207058211942936,0.02132016003755377,-5.169941969807024e-06,0.002249630707001793,0.10362970551282247,-0.0008631944656372001,-0.0007851932897464664,-0.0017492697339706043,0.009625726564277404,-0.00017206498887390007,-0.15001326790467306,0.011102498669950167,-0.002631216680530679,-0.1081879922553092,-0.08000000000000002,0.016709877602443524,0.015887873766449623,MRPS27,1.0,1.0,0.0,0.0,1.0,1.0,1,2,0,0.5149034379386356,1
MTPAP+ctrl,esm3,20260613,-0.1456552576699856,0.010059902844967383,0.00953142922897432,0.03772036909864751,0.0023974468548191297,0.015631951378976217,0.001946691423654598,-0.0005748794801290202,0.0029126209165746264,0.005462166754544084,7.130205631199725e-06,-0.1312193112462178,0.019041109833076497,-0.0005777266325900365,0.018059805319547997,-0.13999999999999996,0.04679829227954002,0.012353565879322792,MTPAP,1.0,1.0,0.0,0.0,0.0,0.0,0,1,0,0.6037724452138512,1
MZT1+ctrl,esm3,20260613,-0.042057977955584996,-0.02955154671586846,-0.04609524297291012,0.001047508113467488,0.0011316077090653964,-0.011322026013301623,0.003727062605321501,0.00039920060603515495,0.0009699576868216209,0.0024956840917466916,0.00020240957383069994,-0.1521561587286258,0.04430017219963045,-0.0031438687156931655,-0.0468169737143889,-0.03999999999999998,0.002726750776504,-0.006068424124334504,MZT1,1.0,1.0,0.0,0.0,0.0,0.0,0,1,0,0.2536214392719283,0
NAA15+ctrl,esm3,20260613,0.004363905576630217,-0.01775009878640632,-0.010507791037719982,-0.02921124042604581,-0.006878108923383808,-0.06344349907147917,-0.0018023867160082002,-0.00046714008352699565,-0.000524754644990022,-0.017172026957079783,-0.0001550097949802999,-0.05020660890790141,-0.03240984416621473,-0.02575893740450763,-0.0657877274370223,-0.010000000000000009,-0.03986908017770041,-0.01005889708164509,NAA15,1.0,1.0,0.0,1.0,1.0,1.0,1,3,1,0.5425003193229043,1
NARS+ctrl,esm3,20260613,0.2750491831978725,0.07785355107601588,0.035935281391650586,0.01102093255099798,0.05521533585923283,0.15854760400559165,0.007587052881717703,0.007144498250112763,0.012816714585812572,0.024894822463757627,0.0017635188996792002,0.29692849638449537,0.026903157770978292,0.15289026947870354,0.27360549513439786,0.17000000000000004,0.030020014250369154,0.03807365460723555,NARS,1.0,0.0,1.0,0.0,0.0,0.0,0,1,0,0.5998231806649107,1
NBAS+ctrl,esm3,20260613,0.022925589740453195,0.01798385715796047,0.03519975915630735,0.020198652972264308,0.01555829439791101,0.16445080891564579,-1.8002465367400466e-05,-0.00025810429893258213,-0.0003200710455986133,0.01033072083052039,-2.4820561520699997e-05,-0.024465564382311622,0.036753258395882726,0.04213940957352513,-0.027841393821353977,0.06,0.027395295014912002,0.024989483444037952,NBAS,1.0,1.0,0.0,0.0,1.0,1.0,1,2,0,0.6721823327012071,1
NCAPH+ctrl,esm3,20260613,0.049142467095611514,0.04601253323907051,0.04044725278466865,0.017693305864485892,0.018422964421113075,0.013103657622908993,0.0022335145622491004,0.002119837073222941,0.00517965294318623,0.008316989919108592,0.0005154210375621999,0.2590928087568729,-0.013907043164777644,0.05027588022034801,0.13880584108314492,0.07,0.022054707022672704,0.025351666829929842,NCAPH,1.0,1.0,0.0,0.0,1.0,1.0,1,2,0,0.5645618565088076,1
NDC80+ctrl,esm3,20260613,0.37590568178451267,0.10528373856333195,0.07660588162788795,0.0877306510463656,0.045262969333322495,0.5350142106202137,0.007136974483728402,0.0016729543569004024,0.006427272736030831,0.036828389990785304,0.0007059437339193999,0.4059286382367877,0.08292349444953095,0.1969611132827993,0.29765924842074687,0.32999999999999996,0.1598348602199497,0.07592071731114103,NDC80,1.0,1.0,1.0,1.0,1.0,1.0,1,4,1,0.5366250783763342,1
NDUFA8+ctrl,esm3,20260613,-0.05977547704623851,-0.01768459812726808,-0.027785182040065193,0.01596720478619701,0.003646808390282419,0.00021114097884289418,-0.0009593553841114981,-0.00048337163041278775,-0.002077986730420811,-0.005569236188842197,-0.00010794505942610002,-0.05104347959857353,0.030175591314614447,0.03333646847048832,-0.0609537907573435,-0.06999999999999998,0.013382560522414516,-0.006848984711262496,NDUFA8,1.0,1.0,0.0,0.0,1.0,1.0,1,2,0,0.24666935548962787,0
NEDD1+ctrl,esm3,20260613,-0.07293755700966734,-0.03979746925297589,-0.03687265170443027,-0.010281518622375085,0.005129166128511303,-0.10099509374576998,-0.0012229606509208991,-0.0006792037201566181,-0.0012147673445908058,0.008298531917961594,-0.0001612864434719,-0.1439589514371868,0.0014406188835212053,-0.003649316070464703,-0.09428954637813991,-0.10999999999999999,-0.020142986463863394,0.0032825988749759505,NEDD1,1.0,1.0,0.0,1.0,0.0,0.0,0,2,0,0.4811699786249136,1
NELFA+ctrl,esm3,20260613,0.01238552062067283,0.07087696527237586,0.029115340290948977,0.04605346933078308,-0.01759670312431899,-0.14230869695310183,0.0012997630983590976,-0.0005218608901291777,-0.0010801977552600261,-0.010704306982708967,6.5953936428000785e-06,-0.21681184511284288,0.024202896813060204,-0.09077558787859585,-0.18859960455896768,-0.009999999999999953,0.054108833928547484,-0.02217463186754909,NELFA,1.0,1.0,0.0,1.0,1.0,1.0,1,3,1,0.3766572670241666,0
NFRKB+ctrl,esm3,20260613,-0.14971879474609098,0.02548713473228026,0.021432139611308187,-0.06904949061779131,-0.020563522747321178,-0.2934085212465922,-0.003058508038520799,-0.0003234648241393634,-0.0011843758319477482,-0.03540389558769841,-0.00021037587430329996,-0.15739749292419647,-0.08470264998794896,-0.10316398034718777,-0.10105746817360522,-0.12000000000000002,-0.09878313810244257,-0.027643957526814256,NFRKB,1.0,1.0,0.0,1.0,1.0,1.0,1,3,1,0.3930709025295937,0
NOL6+ctrl,esm3,20260613,-0.1556406188190982,-0.0389773825962465,-0.04848829441660407,-0.06245968489766318,-0.019890934241943603,-0.05131204318474847,-0.007278250530362098,-0.0038768294234867717,-0.0059646844308736124,-0.007173126641798866,-0.0010957957128994,-0.0837189958910759,-0.02001851153799694,-0.08886886695333429,-0.11799128749003918,-0.14,-0.0739830055449946,-0.011973094073541413,NOL6,1.0,1.0,0.0,0.0,0.0,0.0,0,1,0,0.46913698901924206,1
NOP10+ctrl,esm3,20260613,0.29211914267952516,0.003842844987232974,0.01619350037180567,0.01522314326443261,0.036054184987705906,0.16042087811261874,0.0023279115557670003,0.0006282255948077964,-0.0002747200664156013,0.017839616173013884,0.00031944195507090014,0.19545455484643987,0.01525116329759113,0.07918060511644354,0.08927696019040243,0.13999999999999996,0.04039967336460021,0.027287738864887667,NOP10,1.0,1.0,0.0,0.0,1.0,1.0,1,2,0,0.21523627459549166,0
NRBP1+ctrl,esm3,20260613,0.06044963957777161,0.0022226472786452955,0.00031871282215178987,0.06503935275924469,0.024329194314756608,0.1089896622025166,0.004735130816698099,0.0037241944824625284,0.006299289875367764,0.016735844303151087,0.0010336791165172997,0.13485015736633948,0.0638967217089993,0.044603485973325085,0.038338181810607774,0.09000000000000002,0.09069742195815522,0.022024223140082677,NRBP1,1.0,1.0,0.0,0.0,0.0,0.0,0,1,0,0.39456094140037035,0
NSA2+ctrl,esm3,20260613,-0.19474226431988295,-0.01746369020547789,-0.014582436302072399,-0.03281259834446899,0.006847621450418728,-0.012527789907572917,-0.005227670073509202,-0.0027860696009736063,-0.005209496464629981,0.012410792541149795,-0.0008809019345791001,-0.17737039224401374,0.031685193816882395,0.003109835307455344,-0.0971330199557997,-0.16999999999999998,-0.055673067502448825,0.019202390650952195,NSA2,1.0,1.0,0.0,0.0,0.0,0.0,0,1,0,0.248515610657371,0
NUBP1+ctrl,esm3,20260613,-0.0806023647269308,-0.03090600183157277,-0.03252650047876937,0.007569138107933693,-0.002189968543095,-0.02059663831213815,0.0016177538782357996,0.0007464173298515897,0.0019463539252499995,-0.001964407758287101,0.0001787177752702999,-0.13311686282189272,0.019235919613928676,-0.014720111635518007,-0.07060372405784343,-0.12,0.00658179472265108,-0.0009101960476308735,NUBP1,1.0,1.0,0.0,0.0,1.0,1.0,1,2,0,0.2713715614389949,0
NUDC+ctrl,esm3,20260613,-0.0454239248185217,0.01919910476137421,0.03222524685289763,0.023648258537600886,0.021596524302218312,0.2941821356768337,-0.0002858433872462013,-0.0012934884053348306,-0.0017418740856749437,0.0332554103991565,-0.0002650868846104,0.060438575460426885,0.04963807120789998,0.07523814120398764,0.08471987029084659,0.019999999999999962,0.022198441867881002,0.02091935528705713,NUDC,1.0,1.0,0.0,1.0,1.0,1.0,1,3,1,0.8414881547158479,1
NUP54+ctrl,esm3,20260613,0.3579670269582362,0.03356622573928181,0.09245205570355242,0.03257655105432769,0.04937026011114698,0.19757518806869478,0.0061436835676431,0.0037992475425351335,0.009426646937066074,0.02411793722063099,0.0009564311476424,0.2509636283817237,0.04233537106837737,0.1519170500917586,0.24553454277720016,0.26,0.05792257829306538,0.05865145991913068,NUP54,1.0,1.0,0.0,0.0,1.0,1.0,1,2,0,0.6072345394642318,1
NUTF2+ctrl,esm3,20260613,-0.0783644478458882,-0.01463363417988961,-0.039668636248082256,-0.02486559225437801,0.010520713974067675,0.056751185136087345,-0.0040159001946449,-0.0038024462113195323,-0.009551890143727593,0.027768353439558108,-0.0009874834213406004,-0.17433954217359388,0.041814198401767366,0.03986291846722223,-0.1660746727869869,-0.010000000000000009,-0.042985679741239624,0.01963176372376263,NUTF2,1.0,1.0,1.0,1.0,0.0,0.0,0,3,1,0.182500108142927,0
OGFOD1+ctrl,esm3,20260613,-0.09367723453981239,-0.0119618737851922,-0.02422149131264789,-0.018556063493081698,-0.02513350722646851,-0.11641144538875431,-0.0025163963437079967,-0.0014656814219635717,-0.0008003334332261636,-0.014124213727512713,-0.0005128125194460002,-0.09219425105322701,-6.801807762635281e-05,-0.017354803485357895,-0.07535778239754559,-0.09,-0.027937199846914895,-0.016133622222727517,OGFOD1,1.0,1.0,0.0,0.0,0.0,0.0,0,1,0,0.2013665529745279,0
OPA1+ctrl,esm3,20260613,0.2157583269057518,0.04022117983626272,0.05117802711065189,0.0018856198203735242,-0.011765832059779102,-0.07995607895656354,0.0047117657959461,0.002794523651187264,0.008168931307123595,-0.014869822453494108,0.0007509225979448002,0.232657932610911,0.0075483996354182015,0.02756941588627615,0.1216029311662569,0.21999999999999997,0.033751004677925106,-0.01970894155547187,OPA1,1.0,1.0,0.0,0.0,1.0,1.0,1,2,0,0.3461184620083676,0
ORC5+ctrl,esm3,20260613,-0.1326433353071491,-0.007331498564298822,-0.004745905824841412,0.02951252152013681,0.01321476942880917,0.08358921660040258,-0.0008930973708630024,-0.0009346762063749958,-0.0026717353069335426,0.022754266915018695,-0.00025151669979089995,-0.2411072249965531,0.04650793550661547,0.02557735656704707,-0.07949601088461991,-0.09999999999999998,0.01945087733945758,0.02127188786730727,ORC5,1.0,1.0,0.0,0.0,1.0,1.0,1,2,0,0.28873145928018085,0
OXA1L+ctrl,esm3,20260613,0.06662504273114772,-0.02179974778800986,-0.04121563214652291,-0.022872890670263102,-0.0033909653798726014,0.015328084603760894,-0.0008447021245957011,-8.975100117503132e-05,0.0007894790715787803,-0.007651106849860617,-2.381321974100005e-05,0.03357415268157271,-0.029226182185356664,-0.03311667581368061,-0.023292085435126286,0.03999999999999998,-0.023563449947204884,-0.0004731119643445192,OXA1L,1.0,1.0,0.0,0.0,0.0,0.0,0,1,0,0.3096906849944455,0
PAM16+ctrl,esm3,20260613,-0.05782917666978016,-0.013271987425038323,-0.014926144461528734,-0.023607855549280632,-0.005943959139362631,-0.11496273940581103,-0.0008584018796681976,-0.0009636366147209863,-0.0017438927826287642,-0.0033455353170738777,-0.00022412661928680007,-0.028766374767031033,-0.007311458352063482,-0.04376934923672926,-0.01999608366659633,-0.04999999999999993,-0.029110726001851883,-0.00826843256458587,PAM16,1.0,1.0,0.0,0.0,1.0,1.0,1,2,0,0.6104597216725507,1
PCF11+ctrl,esm3,20260613,-0.037633640915390204,-0.13194771573816283,-0.1031841021108858,0.011480894244316503,-0.019853671700114622,0.010586811508313976,-0.004177918657660498,-0.003765225250901616,-0.007455181402385991,0.006577324751114,-0.0009110055398195999,-0.11173435452245584,0.05974278925327736,0.006344474543140244,-0.051574294745789395,-0.04999999999999999,-0.0006535609211915094,-0.02828672836471291,PCF11,1.0,1.0,0.0,1.0,1.0,1.0,1,3,1,0.29365857001091883,0
PDCD2+ctrl,esm3,20260613,0.024156729216476297,-0.004513531048827457,-0.008158688407474468,0.0016726628464235893,-0.008904789829874193,-0.07179602315058475,0.00040817633271219775,0.00023836776288455042,-0.0007243972379590291,-0.008829487275442083,4.549394361670015e-05,-0.12960253802377059,-0.004433590201645354,-0.01119433532993519,-0.0675433975364556,0.03,-0.0017750926506077125,-0.009232410000491686,PDCD2,1.0,1.0,0.0,0.0,1.0,1.0,1,2,0,0.23858657700463945,0
PET117+ctrl,esm3,20260613,0.00036172088672810354,0.022043065745693924,0.04561798760843039,0.021272999359172706,0.0291222246915101,0.08437009555346398,-0.00011923350393780105,-0.0011004227481949957,-0.0020980039559201913,0.028930982678254807,-0.0001181967090815,-0.0126600017582713,0.056635108512948173,0.06325527560863586,-0.0418972235500621,0.03,0.018145554541348224,0.024678131483597654,PET117,1.0,1.0,0.0,0.0,1.0,1.0,1,2,0,0.23482859540575993,0
PGPEP1+ctrl,esm3,20260613,-0.027790753899933407,-0.04751073972568243,-0.04760148023343169,3.4334264667534864e-05,0.0037733140934946285,0.08848642009001151,3.977678716179933e-05,-0.00021764040782601413,-0.0006866590584612142,0.006248118878753817,-1.2200325727000898e-06,-0.0847530593472707,-0.005003285548923264,-0.020423721524092442,-0.08013779159616469,-0.010000000000000009,-0.004821477042442901,0.004551476408722666,PGPEP1,1.0,1.0,0.0,0.0,0.0,0.0,0,1,0,0.19633411725507985,0
PHF5A+ctrl,esm3,20260613,-0.2040405379056507,-0.14883269031223378,-0.1444460926210016,0.006038197321716482,-0.08355678279124268,-0.08624958218534018,-0.009005093947052897,-0.009913520420385957,-0.02318548662341946,-0.017475256274517098,-0.0023504253476858998,-0.6424349761278776,0.05004431863209491,-0.19695310094194562,-0.4895817717161352,-0.19,-0.022798599199836955,-0.07177049968753568,PHF5A,1.0,1.0,1.0,1.0,1.0,1.0,1,4,1,0.40067550541545843,0
PIAS4+ctrl,esm3,20260613,0.036371579597390374,-0.04258617806782661,-0.054993234672747415,0.0016491483344293068,-0.004193374150183504,0.09102896556613915,-0.000869933515787201,-0.00017413230736196272,-0.002193444567790359,0.00638501749486331,-0.00011069420725099994,-0.06075482773190438,0.0022158264531836336,0.0029237074678655217,-0.0492554499367395,0.06,-0.0001905382985694093,-0.0032027042068519807,PIAS4,1.0,1.0,1.0,1.0,0.0,0.0,0,3,1,0.29473499487295646,0
POLA1+ctrl,esm3,20260613,0.17123915887165442,0.09414923095140659,0.08865805248779912,-0.019552807329467792,-0.024208778588212215,-0.1077724062149365,0.0021662805229425985,0.0012145506249332527,0.0039897983188508235,-0.03607283897181901,0.0002818437642418,0.11377888071161202,-0.029420698209435714,-0.03252566396560708,0.1175984636073375,0.12,-0.0173261990550167,-0.04417879035968575,POLA1,1.0,1.0,1.0,1.0,1.0,1.0,1,4,1,0.5191450699456405,1
POLD2+ctrl,esm3,20260613,-0.06286331690092894,-0.0557988340422525,-0.044143888170654566,0.014141108101282607,0.011091529545836698,0.14751022084244586,-0.0022323727607727016,-0.0006857496354482073,-0.0029528363510598066,0.0174366279883289,-0.00023026263806970012,-0.04220290796911297,0.012842822043204083,0.05977667437656675,-0.057548735125671824,-0.009999999999999898,0.009322462674991594,0.018624766294012884,POLD2,1.0,1.0,1.0,1.0,1.0,1.0,1,4,1,0.66582718730439,1
POLE+ctrl,esm3,20260613,-0.008763589086162149,0.09293023594153027,0.07025593672685948,-0.01520664555759399,-0.006104869407442287,-0.07503151897438853,0.0016760919243096993,0.0004884322768675675,0.0025509087653933227,0.002160162087356504,0.00016939616762100002,0.013708400153550349,-0.002422310996315402,0.0022795395495556203,0.03994630584104508,0.0,-0.028321319733347283,-0.006041561111855942,POLE,1.0,1.0,0.0,1.0,1.0,1.0,1,3,1,0.5168363531937439,1
POLR1E+ctrl,esm3,20260613,-0.049888622552424544,-0.0027891587158233033,-0.00239527716595922,0.004182222255104617,-0.0003125775947803999,-0.0692795100840223,0.0020301844924689,0.001296046104164228,0.002424840913051951,0.0042450832841378905,0.00025997764896599997,-0.036669184038583436,-0.004055271542440342,-0.024914212422005422,-0.0427628902133782,-0.039999999999999925,0.007513211378174789,-0.008571477627380975,POLR1E,1.0,1.0,1.0,1.0,1.0,1.0,1,4,1,0.38888077882314764,0
POLR2E+ctrl,esm3,20260613,0.046075839594036716,-0.02086692561000658,-0.023900912706780186,0.09640405035865719,0.08271610527591822,0.12395302350012821,0.017192691564560002,0.013088772427067963,0.022236624722800524,0.027591628008069302,0.0032583556603641,-0.024069411857083,0.0009491302148705305,0.07691848167858151,-0.049169392453290994,0.06000000000000005,0.1483672455741752,0.09162999591285215,POLR2E,1.0,1.0,0.0,1.0,1.0,1.0,1,3,1,0.1804290856156837,0
POLR2F+ctrl,esm3,20260613,-0.3746173462784901,-0.1634274481824688,-0.15796183579627376,-0.11205943810984523,-0.0588673833102262,-0.6890502045073267,-0.0069520100951194,-0.002503815390029418,-0.014033586296718359,-0.0484786673141942,-0.0007712013320998001,-0.32249067602227144,-0.10940080294821408,-0.19817876421887526,-0.39157469935259326,-0.26999999999999996,-0.1859607205507008,-0.0664841164018013,POLR2F,1.0,1.0,1.0,1.0,1.0,1.0,1,4,1,0.18886517813918152,0
POLR3B+ctrl,esm3,20260613,-0.046109616847688106,0.017167559160039536,0.0455388016223211,0.0024170170089009013,-0.006480959089908034,0.38661584759764445,-0.0048900991678237984,-0.0041279907758066114,-0.004557724118308792,0.007477267115792496,-0.0011553514050319,0.013775291452197913,0.0296728754361677,0.031151670702336598,0.05206784195596331,-0.10999999999999999,-0.006641056237734311,3.62046148266737e-05,POLR3B,1.0,1.0,0.0,1.0,1.0,1.0,1,3,1,0.9657356094115339,1
POLR3C+ctrl,esm3,20260613,-0.013902757573608898,0.028096102384862987,0.036921714714963305,-0.003595765638278209,-0.0010171642159491068,-0.004602356389218354,0.0020902957767248015,0.0009886273016929126,0.0036051583202064696,-0.011443684470156201,0.00023673864779999996,-0.011841915045455481,-0.02293746872515734,-0.043116078380313394,-0.014904166532882096,-0.01999999999999999,-0.004190373228788402,-0.008437194970853157,POLR3C,1.0,1.0,0.0,1.0,1.0,1.0,1,3,1,0.2827661684995906,0
POLR3D+ctrl,esm3,20260613,-0.12359337586318117,-0.014240727662749197,-0.014089883450317198,-0.025794735106913297,-0.0030925100272622408,0.2653110694882105,-0.008290523663163199,-0.00463224248898364,-0.007570179662807042,0.01877212124304109,-0.0013704865123146,-0.08611677818515989,0.021196701272478302,0.04799067650069688,-0.035767317014692684,-0.06999999999999995,-0.060252558444846394,0.011133022194904307,POLR3D,1.0,1.0,1.0,1.0,1.0,1.0,1,4,1,0.3583332079272889,0
POLR3F+ctrl,esm3,20260613,-0.06134170923514899,0.033864398034076926,0.0502680831935477,-0.0754001240534955,-0.023328613632480122,-0.30767960102872954,-0.0010556150227785006,0.0004875503309127449,0.0018807001712279892,-0.026229412123203205,1.299858558919992e-05,-0.23363343074747778,-0.09324771674127408,-0.09613228765737791,-0.138497779794301,-0.07,-0.09362051550105688,-0.029174814718010644,POLR3F,1.0,1.0,0.0,1.0,1.0,1.0,1,3,1,0.2654685132272808,0
POP4+ctrl,esm3,20260613,-0.35798055010882107,-0.046300834019755266,-0.06458020089619376,-0.09531207981225928,-0.030489454033701013,-0.1424733367864367,-0.007805861532688099,-0.00381627621296754,-0.0032964474598579097,-0.01778275242364108,-0.0012291191378608,-0.5059300566396532,-0.07043280530282592,-0.16378417033596904,-0.28313938991940457,-0.36999999999999994,-0.1252012209679646,-0.025742984528445367,POP4,1.0,1.0,0.0,0.0,1.0,1.0,1,2,0,0.2992725434398552,0
PPP1R11+ctrl,esm3,20260613,-0.008368294158253381,0.019668235250980715,0.020844853862011847,0.029531977540950494,0.02700124813244148,0.22179846547747573,-0.00046024844050400124,-6.060388215123336e-05,-0.0015247282238468607,0.024306204389765995,-1.7580576241000125e-05,0.2711611161183779,0.04389192881181625,0.0902285253512719,0.11276269137276901,0.05000000000000002,0.03839168334811627,0.021413424681122395,PPP1R11,1.0,1.0,0.0,0.0,0.0,0.0,0,1,0,0.3664741797659978,0
PPP4R2+ctrl,esm3,20260613,0.015789441243639707,0.07258424897017512,0.06585758083647303,0.02632964484340669,0.016756908216594923,0.16077356633774548,0.002890015020966502,3.239513585162612e-05,0.0008720613223207607,0.016614298787512805,0.00013846380170440004,0.15424047433971597,0.055504647346029,0.06450061407372865,0.1508706316822216,0.03,0.0330151693759366,0.020683858737326144,PPP4R2,1.0,1.0,0.0,1.0,1.0,1.0,1,3,1,0.3382547700499941,0
PRELID1+ctrl,esm3,20260613,0.1900962102221852,0.06890619985709856,0.05320455270272384,0.021154022491121083,-0.0169973517209199,-0.12002416258114151,0.009706350043415999,0.004855116689443162,0.015154607934184217,-0.0317353022454297,0.0012716139899567,0.20081555207890778,-0.03283125267483744,-0.0321682340670576,0.1856534492681763,0.19,0.044494786112025814,-0.02117740534322632,PRELID1,1.0,1.0,0.0,0.0,0.0,0.0,0,1,0,0.8267778368246455,1
PRPF3+ctrl,esm3,20260613,-0.15160768572101607,0.0420573709257408,0.019922463542608626,0.0176024126681677,0.004823834137094807,0.030732463860674963,-0.004470780491828998,-0.003669914149386222,-0.009943020062197938,0.024529818440393814,-0.0008107796311379002,-0.09874224728960812,0.025907403137289786,0.002080267586436757,-0.10195381072053655,-0.07999999999999996,0.008030494182670378,0.010157363265652863,PRPF3,1.0,1.0,0.0,1.0,1.0,1.0,1,3,1,0.2757004471829877,0
PRPF31+ctrl,esm3,20260613,-0.20246349466225316,-0.022126086336725526,-0.021730693994877315,-0.10404935424039191,-0.060130625519037695,-0.5893309619786566,-0.007103107869625105,-0.007036115172110002,-0.022028162094306136,-0.03382402883985369,-0.0018937331624328995,-0.17634045167042023,-0.054397001108863696,-0.12767905556325576,-0.14950232873209301,-0.20000000000000007,-0.15213379902321233,-0.06258288363248488,PRPF31,1.0,1.0,1.0,1.0,1.0,1.0,1,4,1,0.5558206178966875,1
PRPF4B+ctrl,esm3,20260613,0.009991539183118292,-0.018641493909290097,-0.016228396520664712,-0.048310063391425906,-0.005122910163702921,-0.016145147993789355,-0.000956060364842401,-0.0006428456815653627,-0.0017867759755140211,0.007062045823232693,-0.00016914959996940006,0.1566068588979293,-0.024870327492911404,-0.015408362762931227,0.1123128749178855,0.03,-0.055449178280109895,-0.006900184863162018,PRPF4B,1.0,1.0,0.0,0.0,0.0,0.0,0,1,0,0.31030206121583254,0
PRPF8+ctrl,esm3,20260613,-0.05297442856856838,-0.11406539243478941,-0.0905328038976636,-0.02677075042378657,-0.005178442655824289,-0.07214319263430935,-0.002285921946167998,-0.002244432891991943,-0.00662280259163317,-0.0027770628239530137,-0.0004693390801549001,-0.19205886441519576,0.0017852964282681905,-0.013188060920893752,-0.11697887071903837,-0.010000000000000009,-0.03774439280988323,-0.0030940613060790323,PRPF8,1.0,1.0,0.0,1.0,1.0,1.0,1,3,1,0.33767594403437845,0
PSMA2+ctrl,esm3,20260613,0.04045320375763628,0.013044526353078179,0.013347492383853521,0.009500463038816298,0.007500634519632898,-0.00506859993496972,0.0031122099608182976,0.0026515819616871328,0.005115595587364075,-0.00020927904873152547,0.0006740662502123999,0.03934069985106303,-0.003106237581474436,-0.0015606158228576028,0.012837946497825936,0.010000000000000009,0.024266752220117704,0.006313105093959326,PSMA2,1.0,1.0,0.0,1.0,1.0,1.0,1,3,1,0.8492605232695278,1
PSMA3+ctrl,esm3,20260613,-0.14466153899073886,-0.02897182169888779,-0.012594212632117241,-0.0245155416816788,-0.010328695400536797,-0.021632656723321153,-0.0013878848403692003,-0.000611833165991782,-0.003181584895263323,-0.008303623524107295,-0.00018831342458719988,-0.05104345553169809,-0.00797206914015025,-0.024139642977865416,-0.06708221615528864,-0.08999999999999997,-0.03892691998079301,-0.007013303292101369,PSMA3,1.0,1.0,0.0,1.0,1.0,1.0,1,3,1,0.8290067011788567,1
PSMA6+ctrl,esm3,20260613,-0.02680432388275078,-0.026654667869769777,-0.030644780330118082,-0.022169694321035688,-0.03270390141645119,-0.16080919715955333,-0.0012680552899837008,-0.0011135641707348265,-0.0009247953387143681,-0.013109072292218082,-0.0002780528739094999,-0.04746913466258673,-0.010715962660908906,-0.07134302200337173,-0.031096202072456003,-0.04999999999999999,-0.03143296865683032,-0.03968489064183656,PSMA6,1.0,1.0,0.0,1.0,1.0,1.0,1,3,1,0.8205586608883654,1
PSMB1+ctrl,esm3,20260613,0.0171983807053665,-0.02321450347423082,-0.018742478817562525,-0.0072961991632359,-0.000714280637481024,0.021084592515815792,-0.00038462691009040137,-0.00032593025190341685,-0.0011345508687956585,-0.003822108512325617,-7.608957821510004e-05,-0.03934139830455863,0.006175421132607162,-0.01633680983314545,-0.04715587081423478,-0.010000000000000009,-0.007740623687261999,-0.002239367944537829,PSMB1,1.0,1.0,1.0,1.0,1.0,1.0,1,4,1,0.7438153831621768,1
PSMD1+ctrl,esm3,20260613,-0.09866232412249687,-0.022376331064982047,-0.020397485170798202,-0.019143150850320895,-0.007204406982184719,0.04823700936708242,-0.007080078125,-0.005354826564241355,-0.0076931505799106015,0.0180575709037038,-0.0012977469014004,-0.03954773110284393,-0.005556624279974165,0.01045069827683276,-0.014160433369390213,-0.14,-0.03128702774751457,-0.01918837129041162,PSMD1,1.0,1.0,0.0,1.0,1.0,1.0,1,3,1,0.6933988680136911,1
PSMD4+ctrl,esm3,20260613,-0.1342912305890173,0.009234221740899384,-0.037458020518765456,-0.0300614272305606,-0.012116723810003616,-0.13445682660789848,-0.0017824936658143997,-0.0005654637846147503,-0.0019788163279099713,-0.007972313385751384,-0.0001445640809833999,-0.09776397833762651,-0.020037402334124876,-0.04247875683828595,-0.1079472570498197,-0.16,-0.04544768098584412,-0.004301591560126439,PSMD4,1.0,1.0,1.0,1.0,1.0,1.0,1,4,1,0.20336773302060204,0
PSMD7+ctrl,esm3,20260613,-0.10924497235219865,-0.026901170348253678,-0.024655536638045983,0.004132450605451421,-0.004090879656328705,-0.03892165410452386,-0.001193847507238402,-0.0017814358464860458,-0.0018906171636248192,0.0048488431466973125,-0.0005249669775365994,-0.03251440359730229,0.0038132787904111565,-0.0131244710889723,-0.026060237171034895,-0.12,-0.004229223892851797,0.0034185195126462675,PSMD7,1.0,1.0,0.0,1.0,1.0,1.0,1,3,1,0.8143376286557976,1
PTCD1+ctrl,esm3,20260613,0.10448323391469938,-0.027622284662944363,-0.015399702205019516,-0.007085868852825722,-0.0061478669782406015,-0.03845210008688099,-0.0007329760119318997,-0.0015530983829402656,-0.00028649050745954696,-0.004853856154879599,-0.00038226041942840004,-0.13056420019656112,0.005239193157603905,-0.01493760039609604,0.007451447866415661,0.03999999999999998,-0.02226349879667361,-0.015662067719541706,PTCD1,1.0,1.0,0.0,0.0,0.0,0.0,0,1,0,0.517333544115189,1
PUF60+ctrl,esm3,20260613,0.008907506334277115,-0.0015547812903692892,-0.016738702695615115,-0.03199293464761438,-0.01777013714291248,-0.09564955173208656,0.0016776807606220037,0.0024746288758368262,0.003400469845772025,-0.020846291939717904,0.0005283728241920003,-0.02656464144267201,-0.06094109033974693,-0.07079287391088063,-0.032442782845798906,-0.010000000000000009,-0.025436771055722784,-0.017669067118364135,PUF60,1.0,1.0,1.0,1.0,1.0,1.0,1,4,1,0.6359689975822066,1
PWP2+ctrl,esm3,20260613,-0.0347331854908432,0.023740209966964576,0.04472164128683731,0.02235385675791357,0.02470103502104487,0.1327282051857377,0.0019889194518328025,0.00024387830990424408,0.0007577863025297615,0.013997270399248418,0.0002607326023281,0.04760944684962365,0.03108581143321587,0.04526796688970258,0.0674271292685451,-0.03999999999999998,0.03527940625725312,0.025016881610133823,PWP2,1.0,1.0,0.0,0.0,0.0,0.0,0,1,0,0.6465936972327302,1
QARS+ctrl,esm3,20260613,0.1928929967386772,0.05902629759230427,0.04319923607742526,-0.03647862977205901,0.0064245490172583075,-0.22098772170822867,0.00026816874742510016,0.0044343676581544145,0.001432740057309756,-0.008700161128312595,0.0011048226151615,0.2420358194735016,-0.0611229895514922,0.003975447614704031,0.06397468681498741,0.08000000000000002,-0.03501090957316211,0.00031131659628380604,QARS,1.0,0.0,1.0,0.0,0.0,0.0,0,1,0,1.0000000000000007,1
RARS2+ctrl,esm3,20260613,0.12638105522297582,0.08342833309536068,0.08214888619804916,0.014380044297534311,0.019324074712811112,0.1131826130857232,0.0017230240628123006,0.0006022039892313868,0.000813099584543453,0.011794902738160112,0.00018838423420669998,0.07527165869998442,0.016666671044842984,0.054575143124944825,0.030678169729719096,0.09000000000000002,0.03164056517993069,0.03375525398544754,RARS2,1.0,1.0,0.0,0.0,0.0,0.0,0,1,0,0.771055439042763,1
RBM19+ctrl,esm3,20260613,0.2819435471239777,0.055220704897129935,0.0604433826290226,0.03354925721695906,0.010925796920929987,-0.010850834620389493,0.0044796057045460025,0.0053900554648621535,0.004587449589555037,-0.004550467690366211,0.0013660145923495002,0.35059396084094957,-0.02750177509575158,0.08077537910081534,0.08574686829593269,0.32,0.05502118062665062,0.0021802474975032293,RBM19,1.0,1.0,1.0,0.0,0.0,0.0,0,2,0,0.48949427347992597,1
RBM28+ctrl,esm3,20260613,-0.264626283335271,0.06420070739189954,0.05020146695810057,0.0035465294236425027,0.03132910340521711,0.21178326319333957,0.002135517075657803,-0.0011406593944539578,0.003636679058078074,0.025323956329981495,-0.00024285051040350003,-0.07619389536634813,0.05551783986007741,0.11707350925888105,0.06553370194503733,-0.13999999999999996,0.0003249076847373078,0.03350668482759023,RBM28,1.0,1.0,0.0,0.0,1.0,1.0,1,2,0,0.481086671977071,1
RBM39+ctrl,esm3,20260613,0.10298164254391201,0.0685483054637433,0.06818156367469197,0.0024920040594310078,0.03401810676090439,0.5309043811245234,0.004099924117326695,0.0027813093338383554,0.010123932311143946,0.026108106328699504,0.0007289848290384002,0.2018412115381318,0.032622013659169724,0.07225498331983027,0.15446002243994497,0.13,0.021756510793619566,0.040947369424916724,RBM39,1.0,1.0,1.0,1.0,1.0,1.0,1,4,1,0.7466329603288437,1
RBM42+ctrl,esm3,20260613,-0.00044161212122661997,0.1320934850554987,0.09370875082533403,0.022791476876234285,-0.010223462935935401,-0.011087067467680622,0.0024707056581973995,0.0005166432478355132,-0.0006654394117071583,-0.007227830214354303,0.0003087588120251998,-0.0708984490202777,0.060378506177292346,-0.007016712494874788,-0.07886765254859901,0.04999999999999999,0.031583814891053386,-0.004826217989849169,RBM42,1.0,1.0,0.0,1.0,1.0,1.0,1,3,1,0.3324806375880308,0
RBX1+ctrl,esm3,20260613,-0.00703187205290709,0.012519390862008484,0.011464525708050066,0.02755345397153036,0.018963105957157722,0.12815483361220958,0.0012149363756180018,-0.0001461335345400716,0.00046139712029324986,0.0174151210227729,7.5263902545e-05,2.292517022256524e-05,0.02064603227601569,0.0445568939843034,0.016044108094814657,-0.010000000000000009,0.030950347752670193,0.02363332382298533,RBX1,1.0,1.0,0.0,1.0,1.0,1.0,1,3,1,0.24542061255063657,0
RCC1+ctrl,esm3,20260613,-0.02430957031733111,0.0023055963627625076,-0.0031577624598679854,-0.00012509369190838449,-0.0031098372197284063,-0.09455558109032308,0.002460844814777298,0.0006740837947871725,0.003003192312127534,-0.006449423614353494,0.0001837668241933,-0.11470856570291882,0.012830937914549367,-0.03373669811082547,0.013603625644789008,-0.02999999999999997,-0.013574909958807085,-0.0069053627352574365,RCC1,1.0,1.0,1.0,1.0,1.0,1.0,1,4,1,0.200743500985735,0
RFC3+ctrl,esm3,20260613,-0.005300288102042305,0.0017077188911209795,0.005547044145838509,-0.005242124908425377,-0.002813898656929298,-0.03565663274516012,-1.0638497769799651e-05,5.1592094478802863e-05,0.0003528338061133951,-0.0058270045442838925,2.0887237042999628e-06,0.007625149468225456,-0.003972964231648168,-0.005088930366812572,0.0037127281485982433,-0.030000000000000027,-0.008143278864838205,-0.0087588823896797,RFC3,1.0,1.0,1.0,1.0,1.0,1.0,1,4,1,0.6893661429844953,1
RFC4+ctrl,esm3,20260613,-0.028019137422436557,-0.010811275185893754,-0.011866563688517129,-0.0073584123238092936,-0.003465997913227825,-0.09401273907038638,0.0002452284097671023,-4.356422783002856e-05,0.00024429936977776734,-0.0026109010724207904,2.950488124000032e-06,-0.00968735457305725,0.011627023764190225,0.0074645248625730964,0.006376437050493733,-0.040000000000000036,-0.007020776419636304,-0.004243315876681586,RFC4,1.0,1.0,0.0,1.0,1.0,1.0,1,3,1,0.8209484857571958,1
RIOK1+ctrl,esm3,20260613,0.3481603579164606,0.017907330598018745,0.007569712490439029,0.028027785304869823,0.015548715191388285,0.0603601712025712,0.005643184296786799,0.0034174113893987723,0.0035229934774028138,0.006456034751216977,0.0008414137701039001,0.16726718091869153,0.014720332493346033,0.05827386801309875,0.09116338971491844,0.29000000000000004,0.05419938207310049,0.01095887171362453,RIOK1,1.0,1.0,0.0,1.0,0.0,0.0,0,2,0,0.6476035985716702,1
RNF40+ctrl,esm3,20260613,0.1819125563298502,-0.017227586382569382,-0.00577088931610481,0.02700592127168258,0.015164468041771018,0.11562116702448139,0.003754673525691001,0.0007793362432290118,0.0012611508984460285,0.011779491091805289,0.0003557568415999999,0.21860824647425559,0.07093890851214424,0.03439196163022018,0.14915833154149294,0.12,0.041863262808157276,0.020676305464667477,RNF40,1.0,1.0,1.0,1.0,1.0,1.0,1,4,1,0.941805307384212,1
RNGTT+ctrl,esm3,20260613,-0.1489236194929934,-0.0916232423318466,-0.1208471722507809,-0.013707832058287406,-0.005895114709716931,-0.14369230614146342,0.0027618203312159,0.0024440396210454463,0.004865774306630932,-0.025595585827612205,0.0006215511239134,-0.3353214714140169,-0.032721307694481006,-0.11824478159880913,-0.21748089577492685,-0.13,-0.004538165825808488,-0.02186175671695134,RNGTT,1.0,1.0,0.0,0.0,0.0,0.0,0,1,0,0.2391798373654894,0
RNMT+ctrl,esm3,20260613,-0.22356880981751848,0.04584938344896994,0.06379641313691753,0.022338308316593003,-0.006213419532357767,-0.13022619753818404,0.009607393294572799,0.008299452696967191,0.020916133317147367,-0.03225740075955549,0.0019638799130917,-0.29397013247599896,0.0004092405467188698,-0.2389199122552499,-0.1242724074019089,-0.24,0.06084931678426719,-0.01721678933786308,RNMT,1.0,1.0,0.0,1.0,0.0,0.0,0,2,0,0.303087075004319,0
RPF1+ctrl,esm3,20260613,0.262202376288463,0.11901417686036453,0.14738795497528384,0.011415167969705098,0.0399940702600278,0.26340275460369567,0.0043508317321538995,0.002489180431855975,0.005896855435874149,0.016704863911113088,0.0006766290171072002,0.511247925739261,0.02132597811545167,0.10316049860757426,0.34309444823358853,0.21999999999999997,0.03468555285720337,0.042903547539128284,RPF1,1.0,1.0,1.0,1.0,0.0,0.0,0,3,1,0.3256615676601911,0
RPL10+ctrl,esm3,20260613,-0.34747198936506374,-0.3479963499750023,-0.33046271442341335,0.010030297520149584,-0.054308555479759296,-0.05848996036596227,-0.009450538083910904,-0.00760826857489183,-0.018448892681542595,0.0028477823461370844,-0.0019432766130194,-0.308204512063014,0.02209856817559286,-0.09037570547136664,-0.3357138048901209,-0.20000000000000007,-0.009438126804391267,-0.04967813753635386,RPL10,1.0,0.0,1.0,1.0,1.0,1.0,1,3,1,0.6414682591282669,1
RPL10A+ctrl,esm3,20260613,0.13224256891390718,0.055392069684676914,0.05108914121433694,-0.024000133597460116,0.002547400981508574,-0.29615516256163815,0.004268350079655699,0.00476987277410279,0.01149898997299681,-0.017784999422111675,0.0009881817968562,0.12298284243498392,-0.05139530670176229,-0.07704366349304648,0.13315588547280088,0.06999999999999995,-0.022224970833642,-0.006442541049374806,RPL10A,1.0,1.0,0.0,1.0,1.0,1.0,1,3,1,0.47263705761987823,1
RPL11+ctrl,esm3,20260613,-0.17868102413425035,-0.0539348163164326,-0.04393102607306465,-0.010965526678452103,-0.009597788974388705,-0.025418790016711518,-0.0038186758756637,-0.001672504014552323,-0.0045442068141460235,0.0034530094331060024,-0.00041567900916560004,-0.06612831615944692,0.02577119938393324,-0.013754430827135122,-0.07094673547786945,-0.13,-0.029552335108364025,-0.007519155227534213,RPL11,1.0,1.0,1.0,1.0,1.0,1.0,1,4,1,0.2815817502243316,0
RPL13+ctrl,esm3,20260613,0.10560291859081572,0.009166552890922386,0.004594308671795555,0.04653337837405322,0.023310350296909088,-0.0433703253524137,0.006190339103341099,0.002004256242105429,0.002507323636352976,0.0022027644757637854,0.0006700505036860999,0.038700979087471055,0.02208771666689069,0.04734204995955871,0.03358633555225932,0.13,0.07250306726912648,0.030994261435419723,RPL13,1.0,1.0,1.0,1.0,1.0,1.0,1,4,1,0.30100383330480673,0
RPL18+ctrl,esm3,20260613,0.055496598881149994,0.012919951834040044,0.004326112304881113,0.00900380384465821,-0.0011154369061183167,0.051737218743809044,-0.0017461273819208006,-0.0011123699378687846,-0.0016394993220115728,0.014023719800267898,-0.0003190577263012999,0.014527547700256771,0.017080528681115204,0.0014598755223198534,0.020305000892687275,0.06000000000000005,0.009448731683238287,0.005270897901038185,RPL18,1.0,1.0,0.0,1.0,1.0,1.0,1,3,1,0.4707930323896838,1
RPL35A+ctrl,esm3,20260613,0.01578693251620855,0.004326995106530895,0.0018028380029170288,0.0251449678844691,0.006221741127860808,0.026482541239173818,-0.00019954890012740048,0.0003755440797718057,-0.0008660181232024167,0.004632587115023706,9.99530311674001e-05,0.013681806012025066,0.027227049546269755,0.02230798207477125,-0.010945322741812924,0.0,0.0332760658892898,0.009742610378373429,RPL35A,1.0,0.0,0.0,1.0,1.0,1.0,1,2,0,0.20305529728283908,0
RPL8+ctrl,esm3,20260613,-0.03783719135468777,-0.005724644002825241,-0.005167894692923225,-0.0015143514716759177,-0.0018925942644816007,0.06296090381139796,-0.0033287825062870997,-0.0012291403837472181,-0.0027361118535758067,0.006493387604579681,-0.00031037858570929995,-0.019803170255804803,0.02597838303630906,0.02083784021115953,-0.02898959043482563,-0.06999999999999995,-0.004127106428455207,-0.00584643681673902,RPL8,1.0,1.0,0.0,1.0,1.0,1.0,1,3,1,0.6412681070638131,1
RPL9+ctrl,esm3,20260613,-0.08539069744583594,-0.058884574499903586,-0.03324350845712809,0.006969134119282322,0.006551169711292687,0.18946348986343747,-0.0038730166852474004,-0.002908808272157448,-0.006638207689528164,0.036982535832020685,-0.0006305989227258,-0.055102683869993396,0.06887082179561688,0.06249255444638202,-0.07712024898614123,-0.1100000000000001,0.021514230681351276,0.027404000309111498,RPL9,1.0,1.0,1.0,1.0,1.0,1.0,1,4,1,0.24689277560090636,0
RPP14+ctrl,esm3,20260613,-0.2734568546757459,-0.006910228464730328,-0.015403511043481477,-0.06617563780046981,-0.010257465020282908,-0.18120402080487008,-0.002654243260622101,-0.001377889752484207,-0.0018633287550988697,-0.0034256776895719987,-0.0004514866741374998,-0.10453347607422081,-0.020105373380448155,-0.0729023848606245,-0.06488123616324948,-0.25,-0.08662923605259065,-0.00616657486359351,RPP14,1.0,1.0,0.0,0.0,1.0,1.0,1,2,0,0.485861933568664,1
RPS14+ctrl,esm3,20260613,0.007699906263297196,-0.04362839440342581,-0.05261627509417666,0.00235583279571,0.00062258693523351,0.02607707178455898,-0.0014807898551225003,-0.0007851170902833937,-0.002905732052229104,0.010641514448553102,-0.00010696775279939999,-0.01700066204497952,0.023321674712475926,0.04469744767633854,-0.04492054376643084,-0.020000000000000018,0.0005911471974354154,-0.0003040799501293767,RPS14,1.0,1.0,1.0,1.0,1.0,1.0,1,4,1,0.41208764703172934,1
RPS19+ctrl,esm3,20260613,0.23802733339923726,0.01645201903322735,0.025254168168848068,-0.004952634251790405,0.0241870097222302,0.030306588447436333,0.005886750295758299,0.004659668364322522,0.007224225529785633,0.01715554202846259,0.0011052935151382999,0.13547144626227625,-0.013847738984274827,0.03631420192604595,0.13617231632580717,0.21000000000000002,0.010957647542238103,0.03037346176613759,RPS19,1.0,1.0,1.0,1.0,1.0,1.0,1,4,1,0.2063862569414467,0
RPS21+ctrl,esm3,20260613,0.08328237062343458,-0.025230080984383174,-0.030622497878129318,0.002212282694235179,-0.005297913938270671,-0.12785042779933226,0.0008477233350276982,0.00028201531004923286,0.0012609812184996017,-0.007561430234380717,5.7799974456499955e-05,0.03887689536503891,0.0038048015779594824,-0.03600876990823132,0.015640754270312418,0.04999999999999993,-0.0015838947577714035,-0.009130435305185092,RPS21,1.0,1.0,0.0,1.0,1.0,1.0,1,3,1,0.19331825649390655,0
RPS23+ctrl,esm3,20260613,0.16964191719365063,0.005138093136184296,0.003820662809400188,0.04207248962884508,0.04455520799522128,0.17536447361586505,0.0053225327283144,0.002659482582231587,0.003386600967463793,0.012900187985181777,0.0009196950122713999,0.052140220867743725,0.03377155019542444,0.12023248481058091,0.0434809140900948,0.17999999999999994,0.08663087908271988,0.035743634894251475,RPS23,1.0,1.0,1.0,1.0,1.0,1.0,1,4,1,0.27669441227368036,0
RPS26+ctrl,esm3,20260613,-0.30020834712869704,-0.009025561914545621,-0.013843956574438099,-0.028851364805557722,-0.0297685973889118,-0.09456811770984297,-0.009988961741328295,-0.00693798631757081,-0.008929437982215682,0.004877354176297005,-0.0020148085895926,-0.15819592888341505,-0.02013891114291,-0.11022642445979358,-0.1514090434504326,-0.24000000000000005,-0.07451423195955087,-0.021219247388353568,RPS26,1.0,1.0,0.0,1.0,1.0,1.0,1,3,1,0.40876770544792485,0
RPS5+ctrl,esm3,20260613,0.023177718177133433,-0.005525737022220478,-0.0032215662672783196,-0.036136292554894395,-0.015682047731160886,-0.008718125472431004,-0.003620946779847197,-0.0004920267047936466,-0.0028484164980050464,0.0014024108054419004,-0.00026180804707110015,0.0005909001632412592,-0.016145843132400195,-0.024398381022522342,-0.035691815219672574,0.020000000000000018,-0.053074066173869006,-0.01765030921863342,RPS5,1.0,1.0,0.0,1.0,1.0,1.0,1,3,1,0.7047560626934194,1
RPS6+ctrl,esm3,20260613,-0.06283917329775768,-0.0174500391009611,-0.019681365067244272,0.06415062077674089,0.02606539182409509,-0.10989754624741038,0.0033998191356659005,0.00013455030395881362,0.0017391946295676197,0.018318693289718496,0.00033129891380669985,-0.02457152111926597,0.04794969033566876,0.09273211262458758,-0.011002684664107365,-0.050000000000000044,0.06903189289816924,0.030784625480318795,RPS6,1.0,1.0,1.0,1.0,1.0,1.0,1,4,1,0.22261362277080676,0
RRN3+ctrl,esm3,20260613,0.37019126556643256,0.06536638126828631,0.0893132287024968,0.0886397815519061,0.044149826203614406,0.38695498445214427,0.007402673363685601,0.00428877914607062,0.008133378916734602,0.021551661081899404,0.0015322137624024998,0.26256251355755367,0.0702261825775905,0.11658222282007968,0.1828312738938579,0.21000000000000002,0.15319426700021566,0.03597753946549287,RRN3,1.0,1.0,1.0,1.0,1.0,1.0,1,4,1,0.3987369819232302,0
RRP7A+ctrl,esm3,20260613,0.2619060430246956,-0.015848047373238527,-0.018091937380581347,0.04482524165144308,0.0026409118362982764,-0.033098597230633686,0.002725005149841298,0.0019274928746504383,0.0012815149050430241,-0.0005021408789463999,0.0006192532600835,0.11602429506207945,0.01562622708572725,0.052432129071417255,0.04405785003748619,0.22000000000000003,0.045755426403379484,-0.00022366479325808264,RRP7A,1.0,1.0,0.0,0.0,0.0,0.0,0,1,0,0.46232637556318545,1
SAP18+ctrl,esm3,20260613,0.14615696646825632,-0.03668560858648273,-0.047519432905147596,-0.08839051624284572,-0.06872363250809782,-0.6597347026615454,-0.007457677274942405,-0.0060922584631577514,-0.004500989365801011,-0.03830379840404968,-0.0019440313335509002,-0.1303642759332004,-0.04452734453670093,-0.10250271539591288,-0.0732979318136763,0.16000000000000003,-0.14631116807657407,-0.054490179735738,SAP18,1.0,1.0,0.0,1.0,1.0,1.0,1,3,1,0.26969579863930426,0
SART3+ctrl,esm3,20260613,-0.21416712799654908,-0.022772377239145825,-0.027262192614424086,-0.027707694505900715,0.011607856612122713,0.0006632145190619831,0.0018109772354364985,0.0008508730178684587,0.0018802128752087865,-0.0006873616749555056,0.00020778900943689994,-0.12692958560541712,0.004233467945173763,0.019422108171401553,-0.08094338512613208,-0.17000000000000004,-0.026933888110157594,0.025119759243300233,SART3,1.0,1.0,1.0,0.0,1.0,1.0,1,3,1,0.6013617084568506,1
SCAF1+ctrl,esm3,20260613,0.27175888015634375,0.15203236247745933,0.11228649715453187,0.07133596942995138,0.04530905666109861,0.653218188094688,0.005545286461710999,0.002361646722908728,0.006766476029296364,0.028815364959321216,0.0007251041242853,0.5107437129071785,0.046811189405173925,0.15610343067665788,0.363218611490179,0.24000000000000002,0.1299580404368108,0.0540193808747258,SCAF1,1.0,1.0,1.0,0.0,0.0,0.0,0,2,0,0.269109781969321,0
SCFD1+ctrl,esm3,20260613,-0.07085720187718281,-0.03192698473196198,-0.036957614120515014,-0.0181283716676425,0.006796231488541193,-0.0865769946304783,-0.00038156472146510037,-0.00025979810146159465,-0.0015775358071014045,-0.001257716544486004,-4.366895882410005e-05,-0.021566533768703322,0.012775919905732569,0.001173414317716004,-0.037841708330576596,-0.040000000000000036,-0.025276946813570594,0.003785165982207128,SCFD1,1.0,1.0,0.0,0.0,0.0,0.0,0,1,0,0.2138316415513398,0
SDC1+ctrl,esm3,20260613,-0.00924670986543949,-0.11614117249841294,-0.0946589899283582,-0.019050254588384496,-0.00393121308563521,0.018993529741920923,-0.009754175320267702,-0.004598034085225633,-0.01334063074162517,0.010880690604782112,-0.001283316523768,0.07714699034883457,-0.004855925093942837,0.011696342757303357,0.0509578518038466,-0.03999999999999998,-0.056099486475656796,-0.008516570587149386,SDC1,1.0,1.0,0.0,0.0,1.0,0.0,1,2,0,0.15192865317328375,0
SEC13+ctrl,esm3,20260613,-0.13633872591640955,-0.050977706398432465,-0.06004089039937088,-0.04208587155350582,-0.011821782006928183,-0.08940291702097841,-0.0022180676460265975,-0.001671322631637162,-0.0028025811658919375,-0.006632600336479999,-0.00042369670700279994,-0.09885269125991691,-0.01844093429236926,-0.06393634279188853,-0.07231998325088401,-0.09000000000000002,-0.0546997662362772,-0.014126162247685814,SEC13,1.0,1.0,0.0,1.0,1.0,1.0,1,3,1,0.41469896924458305,1
SF3A2+ctrl,esm3,20260613,-0.11833375457607431,-0.04567665461129644,-0.024123930156897733,0.0287973005663911,-0.0230667197056334,-0.0601468431327743,-0.00042005628347399973,-0.00233254371840641,-0.008611505265337716,-0.011025031247756195,-0.00034536665771159976,-0.17774857533812805,0.06241335985246044,-0.1147072731578016,-0.13966091809434422,-0.14,0.016977589314130404,-0.025953999544434225,SF3A2,1.0,1.0,0.0,1.0,1.0,1.0,1,3,1,0.36016715960139584,0
SF3B2+ctrl,esm3,20260613,-0.05835408869169556,-0.02309270865565438,-0.014079257941664092,0.027391339664210423,0.014381487237670576,-0.07116933249728774,0.0035684667527676045,0.0035688566236385943,0.005524090684963623,0.006726143910270488,0.0009021051228046998,-0.03855125932826953,0.023614963272533762,0.012301945400063241,-0.035306780698430185,0.0,0.04078043788369301,0.023781470613276512,SF3B2,1.0,1.0,0.0,1.0,1.0,1.0,1,3,1,0.31822583169843616,0
SF3B3+ctrl,esm3,20260613,-0.09519133673108421,-0.01349927157351205,-0.000556641800149249,-0.007219722307641174,-0.02836204119120561,-0.16189432614636634,-0.0025025084614754,-0.0030831078800204192,-0.006346352029854119,-0.02007368385550551,-0.0007956931367516995,-0.26887653611495055,-0.016885282871348717,-0.063942775590068,-0.19905521174298593,-0.07999999999999999,-0.008581842969388354,-0.036857935048366874,SF3B3,1.0,1.0,0.0,1.0,1.0,1.0,1,3,1,0.9999999999999996,1
SFPQ+ctrl,esm3,20260613,0.0879056505582948,0.0847946532938949,0.1091399598700426,-0.050038885323239024,0.010993603869962787,-0.5071934203654455,0.0027783438563347,0.00598868233290939,0.014763800921133607,-0.013613569774565515,0.0015291422605514995,0.19775112896320668,-0.0027184605488996816,-0.005566532267024749,0.1502552441724856,0.08999999999999997,-0.07802417621241209,0.001208452908295632,SFPQ,1.0,1.0,1.0,1.0,1.0,1.0,1,4,1,0.5496692192875822,1
SFSWAP+ctrl,esm3,20260613,-0.07943984414069188,-0.044911292513761025,-0.035931344893824324,0.03221606791168871,0.021471644485291375,0.06109004213612251,-0.0018043108284473003,-9.154056135562971e-05,-0.0015337777805766173,0.014930808197360812,-0.00013904355000699995,0.2606678721090291,-0.00328681910337969,0.07407727093150485,0.1586586323320525,-0.12999999999999998,0.03128019816214869,0.02564054717737907,SFSWAP,1.0,1.0,0.0,1.0,1.0,1.0,1,3,1,0.3659372464690601,0
SIN3A+ctrl,esm3,20260613,0.017381885513285178,0.007078941433207642,0.007044759055050198,0.005725269671443101,0.008972273054457802,0.0017914511550300993,-0.0002519860863685018,0.0015562816342239438,0.005099567459151633,0.005291671850988611,0.0001538672950118997,0.1410049125657949,0.03593280898009077,0.037659450161613206,0.0772898657494496,0.010000000000000009,-0.003516233454058798,0.009662811755349221,SIN3A,1.0,1.0,1.0,1.0,1.0,1.0,1,4,1,0.25354281791386835,0
SLU7+ctrl,esm3,20260613,0.2133722125119572,0.1943764273425882,0.12732170360058037,-0.015243922500048024,0.03473545425787028,-0.1667305831560667,0.0116580426692963,0.012167195639161466,0.030274019674960795,-0.009666962390227296,0.0029271100647748002,0.3287198794474994,-0.0006593581756744182,0.10149412866506968,0.32576504853257515,0.10000000000000003,-0.006070252069417803,0.01593730776257929,SLU7,1.0,1.0,0.0,1.0,1.0,1.0,1,3,1,0.38871378318914046,0
SMC4+ctrl,esm3,20260613,-0.0166424712332483,-0.007711695323157408,-0.007080476690166426,-0.007539159109406918,0.005841837698915109,0.08626885265643036,0.00017832405865189985,-0.0006740890303614799,-0.0017613725024971938,0.012246869039978209,-0.00010288535850120001,-0.11141712210735055,0.0347672113949542,0.0479919050408083,-0.06750501920661889,-0.07,-0.00022538302163180313,0.011736603683399904,SMC4,1.0,1.0,0.0,1.0,1.0,1.0,1,3,1,0.8460675681672183,1
SMG5+ctrl,esm3,20260613,0.0604707981838245,-0.007967363954444528,0.006871298335980325,0.0003945583026161992,0.01902125624517509,0.20133024526569931,-0.0006358977407217026,-0.0004800409265007799,-0.0036382122964569996,0.019582047479906994,-6.520794704560021e-05,0.023918800111597804,0.018680283350212434,0.0554442443612716,0.04370142674984989,0.07,-0.004746845364192787,0.03329061976584968,SMG5,1.0,1.0,0.0,0.0,1.0,0.0,1,2,0,0.2561412517892711,0
SNAPC3+ctrl,esm3,20260613,-0.1230495798715518,-0.059742291083278554,-0.061600333067820534,-0.006588413295674805,-0.009698716050763695,0.04687373933278011,-0.003152858465909899,-0.002627865883395364,-0.004315369612821751,0.005748339085930088,-0.0005886537837796,-0.38530127798899594,0.035542770345663666,-0.002447884118392585,-0.23409958625277622,-0.07999999999999999,-0.022961587426114705,-0.007893333195511887,SNAPC3,1.0,1.0,0.0,0.0,1.0,1.0,1,2,0,0.22341894852785749,0
SNRNP200+ctrl,esm3,20260613,0.22389745538050115,0.04616735134356065,0.009241956912231508,0.062155614481126,0.07278251623680132,0.34486170937937144,0.011481765657663297,0.009069819378556221,0.037591854015674,0.04118395281309953,0.002188574988395,0.2913711083703817,0.03425578496584425,0.15847536298452292,0.36817153803980396,0.12999999999999995,0.12312678479599687,0.06390812396386925,SNRNP200,1.0,1.0,0.0,1.0,1.0,1.0,1,3,1,0.40187792133100547,0
SNRNP27+ctrl,esm3,20260613,-0.0021922669959930086,0.020231705612533846,0.0262271167945074,0.0028373378520654136,-0.004348078526421495,-0.028177949518585543,-3.972649574279785e-05,-0.0010081361895728502,-0.0006973409820087983,-0.002654451704793115,-0.0001518453937024004,-0.022617223688023103,0.01600450880227111,-0.009081413419055773,0.018979296228420095,0.03,-0.00471926694313235,-0.005358729273428953,SNRNP27,1.0,1.0,0.0,1.0,0.0,0.0,0,2,0,0.37565656213214427,0
SNRNP48+ctrl,esm3,20260613,-0.21649772424490876,-0.07139773839215424,-0.09604167264868047,0.041375166774893,0.014043501229112298,0.29361219458962334,-0.005817931145429601,-0.0034483657319682726,-0.009353599213695052,0.026910805670813,-0.0009340998949483,-0.19273146903257227,0.00488201747270256,0.10047009379428129,-0.10662866793682402,-0.16999999999999998,0.0514257884002442,0.02289211113138878,SNRNP48,1.0,1.0,0.0,0.0,1.0,1.0,1,2,0,0.2656074809201809,0
SNRPD1+ctrl,esm3,20260613,0.09103452015406299,-0.0056370950221852345,-0.008748957055978446,0.029391226996947295,0.013468440570587104,0.2044889533192682,0.0005911402404308042,0.00012163892515471009,0.0035506743597399915,0.013581299126453394,6.670365110099993e-06,0.006030489881426626,0.003741650203058944,0.041898905445896584,0.016323858779008438,0.04999999999999993,0.048207724918750805,0.01611227084078659,SNRPD1,1.0,1.0,0.0,1.0,1.0,1.0,1,3,1,0.5156500616603079,1
SNRPE+ctrl,esm3,20260613,-0.026296054984901396,-0.009527318972962995,-0.01577085544200907,-0.03401967580497728,-0.012449183841374223,-0.009190925437836395,-0.006158534437417998,-0.0038677405727731706,-0.01568330789133221,0.0013464749450519953,-0.0008591917576269,-0.024006071153064412,-0.0062006133998377955,0.018157327070428497,-0.039997054701568,-0.030000000000000027,-0.04434825475695958,-0.013932030701068077,SNRPE,1.0,1.0,0.0,1.0,1.0,1.0,1,3,1,0.5700105396635738,1
SNRPG+ctrl,esm3,20260613,-0.10990367244439148,-0.011306171793378339,-0.035895512733149504,-0.04081882248392779,0.0001593681634916022,-0.19652459101506997,0.0017939005047083005,0.002163134641440023,0.003923855364378892,-0.012617468170347979,0.0004765887279063999,-0.05574218139020792,-0.04937331804539924,-0.046253775269704867,-0.05714943780597759,-0.07000000000000006,-0.038643607724883705,-0.013344546623096698,SNRPG,1.0,1.0,0.0,1.0,1.0,1.0,1,3,1,0.645857989942773,1
SON+ctrl,esm3,20260613,0.24726089731893613,0.17359192288816838,0.1352952385498608,-0.05948514645579989,0.0652746193314474,-0.02919040803476447,0.006387535482645097,0.011866381045703145,0.018718450781187168,0.02195300187372959,0.0026544006541371,0.57395166428801,-0.05089860235618282,0.07014236813290936,0.39188330460265075,0.28,-0.07440334056605113,0.06330590272702219,SON,1.0,1.0,0.0,1.0,0.0,0.0,0,2,0,0.409644360875869,1
SPC25+ctrl,esm3,20260613,0.2940380450795091,0.029835958290899245,0.0077308472235275705,0.038648418364289616,0.04871519204134611,0.3344087943789491,0.005120538175106,0.003934703277988394,0.00938904051760181,0.0253198493935268,0.0011976340319961002,0.22447260950802983,0.005763540886125518,0.07053506645671848,0.2071648705644441,0.23000000000000004,0.07653522492446474,0.047757852708743,SPC25,1.0,1.0,0.0,1.0,1.0,1.0,1,3,1,0.356294670424564,0
SPCS3+ctrl,esm3,20260613,-0.007891800191183795,-0.03172206330134464,-0.014745393746907809,0.03237463255104531,0.010229000848620218,0.18153675949504616,-0.0006691720336675991,3.3420667091332845e-05,-0.0007990610240391494,0.02235205269941129,-3.080978058279992e-05,0.03974191231341681,0.002571113150377835,0.014856229825551348,-0.011176858476082213,0.0,0.03277149155896508,0.0086201613810315,SPCS3,1.0,1.0,0.0,0.0,0.0,0.0,0,1,0,0.2417228495302478,0
SRBD1+ctrl,esm3,20260613,0.05383839895655543,0.14776629112151984,0.14455944100999163,0.008903317573329211,0.08488949595290471,-0.11331842058981434,0.015577882528305002,0.014530656316184998,0.0225465945984048,0.028929688918790303,0.0036096683470532003,0.05776539301810146,-0.04653582431610159,0.02329281578254705,0.02684422744888751,0.050000000000000044,0.04578765958592029,0.07989264271944407,SRBD1,1.0,1.0,0.0,0.0,0.0,0.0,0,1,0,0.5756183016076782,1
SRFBP1+ctrl,esm3,20260613,0.1845068734851833,0.01227752668295079,0.028454233609309876,-0.0031205868212496046,0.02101816427363218,0.04447578313059031,0.005491150543093699,0.0029922452538218014,0.0035763725751407627,0.013641329816151793,0.0009909131331369001,0.36566196754035124,0.013850618214756194,0.07432511396137942,0.24176175323400909,0.15000000000000002,0.017570892342042455,0.015260092417626936,SRFBP1,1.0,1.0,0.0,0.0,0.0,0.0,0,1,0,0.4063697637131852,0
SRP68+ctrl,esm3,20260613,0.08398378362200701,0.02432991747310087,0.031221688510839285,0.04953697056615611,0.018657863768581,-0.015957844044120706,0.002781745046377102,0.0009970734855405672,0.0028606708272179704,0.01792140524107741,0.0002835770137607999,0.2523134518719613,0.05680867686976854,0.08355070718730906,0.23416527443222993,0.07999999999999999,0.05490852949563879,0.025302132155981538,SRP68,1.0,1.0,1.0,1.0,0.0,0.0,0,3,1,0.31262356025591626,0
SRRM1+ctrl,esm3,20260613,-0.013908886512312424,0.02803453351810148,-0.007716960204629308,0.014023794841420995,-0.02934988851598419,-0.4175996880793528,-0.0006040744483470986,0.00045496907301323386,0.0015009843960751557,-0.02622039569427989,4.567857831720007e-05,-0.14508898035305193,-0.05847832287951482,-0.11028567424018076,-0.12414957976496191,0.01999999999999999,0.010221753794713906,-0.04144713491030261,SRRM1,1.0,1.0,0.0,1.0,1.0,1.0,1,3,1,0.6113009975947442,1
SSRP1+ctrl,esm3,20260613,-0.1863496576159394,-0.1217200142022743,-0.10760848139933754,-0.005978242015507812,-0.016812620588106703,0.07093613367764534,-0.0017197411507367984,-0.002836356648560745,-0.006457123627176209,0.0014643227452161844,-0.0005402574315667998,-0.12748489591766476,0.02497212326463616,-0.07877351150912149,-0.1307293331181787,-0.16999999999999998,-0.011427860733224715,-0.0027184535400480714,SSRP1,1.0,1.0,1.0,1.0,1.0,1.0,1,4,1,0.3813281949620255,0
SUGT1+ctrl,esm3,20260613,0.03484309014989148,-0.0060237622875103924,-0.010556695486695522,-0.011941877018589009,0.016436490904556122,0.05099334447391368,0.002867996692657502,0.0007323722615572015,0.0008437395217494315,-0.0014791565738896117,0.00024825311265889993,-0.1045017300310618,-0.018623287565751157,-0.028411834069557385,0.019828255897606104,0.04000000000000001,-0.011774353171295104,0.015448855856584731,SUGT1,1.0,1.0,0.0,1.0,0.0,0.0,0,2,0,0.5245924615043881,1
SURF6+ctrl,esm3,20260613,-0.0815456235361477,-0.04435460296514582,-0.06284953244790648,0.009224281886298397,0.004455170019786292,0.11484475132707339,-0.002265000715851801,-0.0028496615079072196,9.22734043186102e-05,0.02210187159082011,-0.0007213443168439,-0.08140117541962916,0.06154082352146939,0.054990359064729044,0.04430104450101202,-0.03999999999999998,-0.0024744524946274937,-0.0007330736614414857,SURF6,1.0,1.0,1.0,0.0,0.0,0.0,0,2,0,0.4369064449610569,1
TAF10+ctrl,esm3,20260613,0.3271650605054732,-0.060547932976813934,-0.074995801164212,0.07266334012680697,-0.02136462997831634,-0.18282992882593652,0.002482384443283095,0.006002266822557778,0.004235146575884974,-0.025753037379133925,0.0012378226965666,0.13865903836981708,-0.019849986098502304,0.0192036474191859,0.04274764249926827,0.19,0.0760948923613452,-0.02724286669788123,TAF10,1.0,1.0,1.0,1.0,1.0,1.0,1,4,1,0.44414410929423925,1
TAF6+ctrl,esm3,20260613,-0.2963666160570766,-0.04054064324236051,-0.0822208972285321,-0.0459047309595714,-0.014635839946030793,-0.20509305728264038,-0.0024154167622328013,-0.0026973803136850494,-0.0013797799503192376,-0.00045762297709858735,-0.0007558504585177001,-0.24555840952210972,-0.028896875568463765,-0.09507089795546908,-0.0639869807088016,-0.2,-0.08511821846953499,-0.016933045474624042,TAF6,1.0,1.0,1.0,1.0,1.0,1.0,1,4,1,0.3496521614283542,0
TBL3+ctrl,esm3,20260613,-0.02164390288100393,0.002452666640569534,0.00641528033528338,0.02057361744097791,0.0071445113974181185,0.1688201579101759,0.001230981200933498,0.00017202582587638737,9.312453894871897e-05,0.009798187596060909,0.00015140068717300003,-0.0031324802610296354,0.01255421066558593,0.057348941718318946,0.024847682553449157,0.010000000000000009,0.04039480971105247,0.01741094085185657,TBL3,1.0,1.0,0.0,0.0,1.0,1.0,1,2,0,0.5424007548958424,1
TCP1+ctrl,esm3,20260613,-0.046772319410435026,0.0005759877558816906,0.0051594626525584,-0.01725994949907858,-0.003571292733673792,-0.06399838474986741,-0.000771524384617802,-0.00038836668442321365,-0.0020551440092354545,-0.0017063784382435887,-8.817750494930009e-05,-0.01226119996566899,-0.007709154659906514,-0.01890412547979048,-0.024684375387967417,-0.029999999999999916,-0.016580695790084088,-0.003982336927649266,TCP1,1.0,1.0,1.0,1.0,1.0,1.0,1,4,1,0.9150011412432962,1
TEX10+ctrl,esm3,20260613,-0.05066559110823632,0.03793602329133783,0.04623311704828248,-0.006084046241046692,0.004387984612233609,0.08779839526680866,-6.6831707954996544e-06,-0.0005056327486916423,4.672646586922902e-05,0.006652116807956104,-0.00012259010691190002,-0.06805069923911677,0.011033722324292339,0.032104636080570015,0.005198030272170695,-0.03999999999999998,-0.008755782050872213,0.017099541846672284,TEX10,1.0,1.0,0.0,1.0,1.0,1.0,1,3,1,0.5472084677774889,1
THOC7+ctrl,esm3,20260613,-0.05854784897590448,-0.07159281445593879,-0.06268636641115793,0.011755713184674416,0.026981818793007484,0.3908627682215911,-0.0012346282601356992,-0.0016574711611749837,-0.002919584468783376,0.03250810471667401,-0.0003823213046417,-0.1305897572456668,0.06769119417017955,0.09065271782971485,-0.04692147759768672,-0.04999999999999999,0.026391390395312964,0.03729913029735754,THOC7,1.0,1.0,0.0,0.0,1.0,1.0,1,2,0,0.3623114019185135,0
TRMT10C+ctrl,esm3,20260613,0.0833389976611931,0.014832184789651315,0.0220492799989101,0.04321833627979499,0.005841824917280303,-0.14236106026799078,0.0025498829782008986,0.00125771570654154,0.002930778956432012,0.0029200332827191144,0.0003675887128338001,0.2772903520189317,0.02192270660050255,0.05167856348005084,0.1638957443831988,0.06,0.042147949631159476,0.008460934139762344,TRMT10C,1.0,1.0,0.0,0.0,1.0,1.0,1,2,0,0.20298931797199302,0
TRMT5+ctrl,esm3,20260613,-0.0934519038276079,-0.011406664712487857,-0.016542603068834594,0.007444556748357201,0.0009475729267411914,-0.0437124984747263,0.0013705603778361997,0.0012776074218243672,0.001773175919923542,-0.001308417706124193,0.00031525583472099997,0.1964798558533576,-0.02718980719624675,0.004274690055084074,0.1141191841151526,-0.12999999999999998,0.010976038544728894,0.0003013616363339855,TRMT5,1.0,1.0,0.0,0.0,0.0,0.0,0,1,0,0.3015406880658885,0
TSEN2+ctrl,esm3,20260613,-0.054970635122839895,-0.020435175447761078,-0.03398556807935338,0.0009964239104729156,-0.0036950692751455128,0.04935523600314318,-0.000525021925568598,-7.822456641803921e-05,-0.0011917705436708115,0.0032446890345745882,2.904795110299837e-06,0.017175552641811503,0.008132334229972726,-0.008821609869949287,-0.0797034886823181,-0.07999999999999999,0.003435093150472107,0.0017750420312434567,TSEN2,1.0,1.0,0.0,0.0,1.0,1.0,1,2,0,0.21439894004183485,0
TSR1+ctrl,esm3,20260613,0.3069622032108568,0.029382217578409087,0.03558092258263135,-0.012442472077597605,-0.0019500457702895102,-0.2527842860861124,0.0035476349294185985,0.0024167349332198107,0.005018096241568348,-0.009003543275805576,0.0005309480475261999,0.18394544096567156,-0.019334830094903666,-0.03462746350086876,0.1125888779828656,0.22000000000000003,-0.015203846671472704,-0.018051978133017954,TSR1,1.0,1.0,0.0,0.0,0.0,0.0,0,1,0,0.4128817226216927,1
TSR2+ctrl,esm3,20260613,-0.06317058716253793,0.06351091922663077,0.09931937720336437,-0.009841927720199012,0.003328752798958695,0.1864032970414108,0.00032772868871689537,-0.0002165903044005768,0.0028521426901542135,0.0014902490752775055,-2.466607838899886e-06,0.05109572047476474,-0.00947748196769338,-0.019994817624737427,0.0982836588876333,0.0,-0.006667529742206302,0.003080865396843935,TSR2,1.0,1.0,0.0,0.0,0.0,0.0,0,1,0,0.22843338042327205,0
TTC27+ctrl,esm3,20260613,0.0648943584053327,0.12438510706115341,0.14728626986169863,-0.022213180413744593,0.04786888880869483,0.3744044524217472,-0.0028929747641086995,-0.0024809937097117762,0.001050216451174646,0.047912355419837765,-0.0007121204398573,0.48188289866809153,0.05323276996705173,0.14042529045935093,0.3894436041299411,0.04000000000000001,-0.04997732039292213,0.0519134491348342,TTC27,1.0,1.0,0.0,0.0,0.0,0.0,0,1,0,0.41068156010206375,1
TXN+ctrl,esm3,20260613,0.013283862722346829,-0.04462913901124721,-0.06238875293347168,-0.034450689976758986,-0.009483967442235952,-0.004050191662485381,-0.0062249880284071,-0.004542440623918953,-0.009958572782343023,0.005305891243408911,-0.0011493550846353002,-0.12715000598090798,-0.0030113363261720094,0.0287989383534506,-0.10260098611452673,-0.04999999999999999,-0.0645877953452769,-0.003906371242033746,TXN,1.0,1.0,1.0,1.0,1.0,0.0,1,4,1,0.3289616304149065,0
U2AF1+ctrl,esm3,20260613,0.3501272504297162,0.165981276402984,0.12796890655310234,0.0872558444504287,0.07616321388985975,0.2464579766786662,0.011264782398939202,0.009350957268633331,0.026201998384058012,0.034062459691678704,0.0024888315238058996,0.6081230678451415,0.07449745727288504,0.21388506584184275,0.5086540043535949,0.34,0.12665739353758732,0.06516733056108936,U2AF1,1.0,1.0,1.0,1.0,1.0,1.0,1,4,1,0.3417682317764551,0
UQCRB+ctrl,esm3,20260613,-0.11440144173610661,0.0020927154452797803,-0.0018065479028003817,-0.0009297751677367905,0.009220844988941101,0.06837710534390029,-0.0007371716201305979,-0.0005367196007378672,-0.0013337244780562418,0.0304934357968277,-0.00012442690785969992,-0.1133670324328892,0.018160086531287867,0.01860058855647173,-0.04817620623682939,-0.09000000000000002,0.0017716221358154982,0.006104850259010974,UQCRB,1.0,1.0,0.0,0.0,0.0,0.0,0,1,0,0.32176513248147914,0
USP36+ctrl,esm3,20260613,-0.0483266101303311,-0.0012853333287526914,-0.013861730296459651,0.04879426675596349,0.027794490978758885,0.06433686313017678,0.009013732895255103,0.005136754845188163,0.010633760443106377,-0.0037621653026694013,0.0013628182350658002,0.1916030237513916,0.013167177785059603,0.05433281689589364,0.0776650521513079,-0.07,0.07138444498251259,0.02532841886014159,USP36,1.0,1.0,0.0,1.0,0.0,0.0,0,2,0,0.4078980133925427,0
UTP3+ctrl,esm3,20260613,0.0912042356044856,-0.012358358460728525,0.005533267344516868,0.05035983031302821,0.021253238067789115,0.03449075161378601,0.005226574838161503,0.0036347149810731505,0.007046736876379356,0.006378423360921814,0.0010739143472165,0.18516564181193695,0.028655877613450453,0.05797404512026749,0.2089651529396787,0.0,0.06555872580133415,0.015081866118319187,UTP3,1.0,1.0,0.0,1.0,0.0,0.0,0,2,0,0.5405138736578827,1
VPS29+ctrl,esm3,20260613,0.027588196406920007,0.002709950092368185,0.009168724124620387,0.021836719409781796,0.021619759120487025,0.10830105343347401,-0.0006389860063791032,-0.000145840605081049,-0.0023908749829602005,0.019135715393545527,-2.7402420528300055e-05,0.07014217644578888,0.024018505373548993,0.059691273406334844,0.004821435259107193,0.05000000000000002,0.028012746844382597,0.021672135516966673,VPS29,1.0,1.0,0.0,0.0,1.0,1.0,1,2,0,0.22582902049845377,0
VPS54+ctrl,esm3,20260613,0.08069468814402714,0.006753700257748241,0.006929598586015273,0.006800384484206307,-0.0014666636181766002,0.05455642320020143,-0.0031387070193887017,-0.0013288283224355268,-0.0030149690402471174,0.005853843591873298,-0.0003420009161346,0.08605172914580761,0.005953301654944454,0.02438247388299819,0.06982676899631751,0.019999999999999962,0.002496075196737696,-0.0018906750028749864,VPS54,1.0,1.0,0.0,0.0,1.0,0.0,1,2,0,0.5640945945394885,1
VPS72+ctrl,esm3,20260613,-0.3083648626825205,0.00242097235069072,0.007156805985999715,0.009832156978673484,-0.019384748102905303,0.08326256136200527,-0.006743362173437999,-0.002777772067490414,-0.008407384055638789,0.0032564857602151998,-0.0009409667691215999,-0.43349405131011726,0.0406727308265874,0.008993213585376858,-0.3211351744084888,-0.29000000000000004,-0.007399446008808125,-0.003920258694552259,VPS72,1.0,1.0,1.0,1.0,1.0,1.0,1,4,1,0.4252737889858132,1
WBP11+ctrl,esm3,20260613,0.04793276884011352,0.12097104553289983,0.11660575182865052,0.07096608477966276,0.024425518546590086,0.2739812883511741,0.002616047859191898,0.00032646212753661974,0.002475613635024798,0.019953813898166722,0.0002447324804961998,0.224987352511717,0.07496930199459362,0.10493348980532469,0.1758936670978357,0.020000000000000018,0.1011649639144081,0.026323644856050876,WBP11,1.0,1.0,0.0,0.0,1.0,1.0,1,2,0,0.42102504191650636,1
WDHD1+ctrl,esm3,20260613,-0.04206389292574479,-0.050401275189486616,-0.044588499740497,-0.008977058461945103,-0.006486841477047006,-0.04565690413017581,0.0004138443619013006,-0.0002616733414195771,0.00013745021349786946,-0.003583157078228899,-5.67603274248999e-05,-0.21970936326902452,0.008901758898763323,-0.0018792111573403547,-0.07991707563451522,0.010000000000000009,-0.01612093661930991,-0.005942583444572547,WDHD1,1.0,1.0,0.0,1.0,1.0,1.0,1,3,1,0.3280301452685464,0
WDR12+ctrl,esm3,20260613,0.035936712513253255,0.01287517618607803,0.018022072299027525,0.023341704496844612,0.0149343019351445,0.05407927355263348,0.000573331490159,-0.00030139477055102226,-0.0005993043599866743,0.01948936454846531,-2.003449480980006e-05,-0.0034090067386093326,0.03166357324274993,0.03150116239004863,0.0006340340173915937,0.039999999999999925,0.024403732201846884,0.026580963665848945,WDR12,1.0,1.0,0.0,0.0,1.0,1.0,1,2,0,0.5140451056698891,1
WDR3+ctrl,esm3,20260613,-0.15433278126264383,-0.0071543148877497575,-0.011451339668981597,-0.032880841119109494,-0.014563097449012713,-0.093515466949044,-0.0038389619439840005,-0.001357299550037161,-0.0019342368773695995,-0.005618572569670716,-0.0004583766567521001,-0.08108977732166978,-0.03132023472686041,-0.054241291925754775,-0.08861582997326745,-0.10999999999999999,-0.051104815028547884,-0.011124905077436797,WDR3,1.0,1.0,0.0,0.0,0.0,0.0,0,1,0,0.6438446096605795,1
WDR43+ctrl,esm3,20260613,0.03291432188570287,-0.00970741329112379,-0.010993975927519939,0.025090220984079814,0.019048084482864602,0.032477294288994374,0.0034523457288741996,0.0032588441393115453,0.004695320326249641,0.004824338952703011,0.0008426157291979001,0.04251545238289911,0.004389102985952964,0.04067589767944246,0.056542202681902465,0.020000000000000018,0.03500146854438252,0.012442219880511196,WDR43,1.0,1.0,0.0,0.0,1.0,1.0,1,2,0,0.5092539631373229,1
WDR5+ctrl,esm3,20260613,0.004131142757719697,-0.005486654314531436,0.006302330767703923,0.04556481621590841,0.0482926967709455,0.1522779248654057,0.0035200528800488004,0.003669349261121835,-0.002497671678116764,0.024137823158776772,0.0014409953728319004,0.4863017041225727,0.07409642303012687,0.10280762247609526,0.185966559695356,-0.019999999999999962,0.06786357380050001,0.04910876320123592,WDR5,1.0,1.0,1.0,1.0,1.0,1.0,1,4,1,0.6053603977036652,1
WDR70+ctrl,esm3,20260613,0.18399267453489265,0.05098376789176817,0.046454152461854026,0.0423079119527279,0.03876619214636834,0.18817683229641208,0.002975195646285997,0.00207112946566379,0.007900448130479965,0.01974011759957628,0.0004797027213499,0.15090468760178488,-0.02479290312531457,0.05239053413991024,0.1277093391681956,0.14,0.051743124719385886,0.04727386556164692,WDR70,1.0,1.0,0.0,0.0,0.0,0.0,0,1,0,0.5656390988822039,1
WDR82+ctrl,esm3,20260613,0.0205486882380298,0.03015839068738635,0.042856074642043884,-0.01869473939270011,0.009342982772144126,-0.3157562936629976,0.0030792653560638983,0.0013820756989731953,0.003964463006673857,-0.003926803086609143,0.000736887101084,0.17200256981084583,0.007732904035104071,-0.01107142744868772,0.11775544661291998,0.07999999999999996,-0.03672792879501802,0.0005513499652720633,WDR82,1.0,1.0,1.0,0.0,1.0,1.0,1,3,1,0.5730442773818926,1
WDTC1+ctrl,esm3,20260613,0.056859635578757894,0.017145907446506237,0.037947323238212094,0.08643451574867142,0.024812172537808375,0.45166490930721603,0.002359569072723399,-0.0013306765602359993,-0.0012601623635833947,0.024271608620126284,-5.3394120186500086e-05,0.1866220901357652,0.080327715120866,0.12186502558102108,0.1979475852962205,0.09000000000000002,0.12074652065796782,0.0371512266694376,WDTC1,1.0,1.0,1.0,0.0,1.0,1.0,1,3,1,0.4719341344251521,1
XPO1+ctrl,esm3,20260613,0.09861475575251172,0.08885875573087809,0.08966931359395902,0.024090940780077064,0.02771589678200309,0.27752312464505347,0.0013396218419075012,0.0017507112596155672,-0.0022110569204423225,0.016650532211530678,0.0005186628550291001,0.259880991946862,0.014808029471063855,0.07182201886149714,0.1469045892342864,0.15999999999999998,0.04408746029741151,0.02663047442155797,XPO1,1.0,1.0,1.0,1.0,1.0,1.0,1,4,1,0.7068059810139609,1
XRCC6+ctrl,esm3,20260613,0.01726073154605562,-0.04569180842283849,-0.04813086880846251,-0.009583292722329939,-0.006346854215700248,0.12464142147892421,-0.0008713677525519978,-0.0027974096216080158,-0.0012303169328248265,0.004397133847674262,-0.0006030732765794004,-0.2940427343134633,0.05279849371903578,0.009994706777027962,-0.0634893080610961,-0.020000000000000018,-0.014800897086703568,-0.0052022634575117355,XRCC6,1.0,1.0,0.0,1.0,1.0,1.0,1,3,1,0.7934984411636616,1
YEATS2+ctrl,esm3,20260613,-0.023009526554266413,0.009224571436881823,-0.007879948453049845,0.02957145802521552,0.02485303019648749,0.06587780240157781,0.0024615488946437974,0.0009140521074441077,-0.0001728919033198162,0.012889766132246211,0.0003910572268069001,0.41165828944375926,0.03369229004882146,0.0713784676619309,0.1491093913590446,-0.04999999999999999,0.043724299489423246,0.021365991186554245,YEATS2,1.0,1.0,0.0,0.0,1.0,1.0,1,2,0,0.46734752460625756,1
ZBTB17+ctrl,esm3,20260613,-0.015903427313926605,-0.03481342085327421,-0.052142110471955105,-0.013930776752621388,-0.005401092574156802,-0.0874480101362885,0.0011227354407311006,0.0008226578742184243,0.0007407092456461761,-3.156370406987019e-07,0.00023665442131459995,0.020452194264563905,-0.010471984460543315,-0.015491213008727245,-0.033080191949589485,0.03,-0.009130441528257788,-0.008169398433859554,ZBTB17,1.0,1.0,1.0,1.0,1.0,1.0,1,4,1,0.7242755891408792,1
ZCRB1+ctrl,esm3,20260613,-0.0051480996168492,0.002430062295697588,0.0142140373434394,0.026967938479393716,0.0059376186788507035,0.031065087426330684,-0.0012479461729527005,-0.0005191259544458093,-0.0012400243696010227,0.014111512992905084,-0.00014959834516039996,0.1091699855671581,0.013194092841040783,0.03611762090891424,0.0487576874698172,0.0,0.020984085863629043,0.0010783935423813729,ZCRB1,1.0,1.0,0.0,0.0,1.0,1.0,1,2,0,0.2678040058800341,0
ZNF335+ctrl,esm3,20260613,0.0033053703796439987,-0.03457833086891843,-0.0354164474852508,-0.03528555104819281,-0.008626596929480201,-0.1227330212226811,-0.0038864947855473016,-0.0026420071076962426,-0.00455418747827685,-0.009602052880732515,-0.0006925641209819,-0.125544875247085,0.001459393209517379,-0.011237601433298772,-0.0442961600617762,0.0,-0.059082033682678364,-0.005700911795369246,ZNF335,1.0,1.0,1.0,1.0,1.0,1.0,1,4,1,0.5138099604104251,1
ZNHIT6+ctrl,esm3,20260613,0.059123013445238015,0.0346844194510918,0.0388463081527588,0.014500010066812397,0.00503605030624471,-0.075462851973017,0.0020023006945848014,0.0012112024018979817,0.0037343560621854177,0.002392209974699383,0.0003153451252727998,0.2563355193333845,0.01047959639614382,0.02286182955204208,0.1760229946502071,0.08000000000000002,0.013125498599139751,0.0013478564003288618,ZNHIT6,1.0,1.0,0.0,0.0,1.0,0.0,1,2,0,0.32028276024241287,0
ACTR8+ctrl,esm3,20260713,0.04869798549417312,0.0001001513354983441,0.014656510131823064,-0.04150708320601548,-0.011894714182425187,0.0812663142903221,-0.004051851108670301,-0.0016128679185205552,-0.0034604570344182184,-0.008566542978003605,-0.0004781915340572999,0.010336000559231728,-0.04455070493466029,-0.025713773599957968,0.04577378020239811,-0.010000000000000009,-0.051754917853718885,-0.00957897534537655,ACTR8,1.0,1.0,0.0,0.0,1.0,1.0,1,2,0,0.6566927135966314,1
ALG13+ctrl,esm3,20260713,-0.009106018551906805,0.030672080143078484,0.012876734216894614,0.013257375344281314,0.021602999129740896,0.02089356927543662,0.0078829377889633,0.003933650412877077,0.004868275803609601,0.003671446509262488,0.0010977874626406001,-0.09198295756985311,0.0020720464246518633,-0.033683176100854695,-0.07415888053394849,-0.009999999999999995,0.046217585868685684,0.015319812114144238,ALG13,1.0,1.0,0.0,0.0,0.0,0.0,0,1,0,0.23444576227320837,0
ANKRD11+ctrl,esm3,20260713,0.08898370489923191,0.05847605481886187,0.0666597559395149,0.008258125405527783,0.0037583895003412138,0.04733107563431549,0.003612596541643101,0.001894541451472831,0.00463246321800781,-0.005463679621671602,0.0005439495434983999,0.17273126930866947,-0.0037269098935829303,0.008008013577202822,0.0462895326046923,0.06,0.023569230545963882,0.01647337186430664,ANKRD11,1.0,1.0,1.0,0.0,1.0,1.0,1,3,1,0.48289262866118055,1
AP2S1+ctrl,esm3,20260713,-0.01083463193536488,-0.031587387294769065,-0.0416679494486244,-0.0013597346250240894,-0.015789074103187917,-0.03916101712442549,0.000997515395283699,0.0005043960787114443,0.0004966656446804274,-0.023988094357336065,0.0001251443754882,-0.05411197819486324,-0.013735008192680143,-0.05247411894059417,-0.03270981318117758,-0.010000000000000009,0.008852131582296724,-0.018275582813905955,AP2S1,1.0,1.0,0.0,1.0,0.0,0.0,0,2,0,0.6367654607463599,1
ARGLU1+ctrl,esm3,20260713,0.07842025409985282,0.09631264066483813,0.11194287763353145,0.0027678705515339075,0.01342979630850441,-0.2102899132285841,0.0074143111705781,0.0036976177776844033,0.00911228100449124,-0.009079042617970323,0.0010621216497384,0.2508643675357709,0.003392246282350242,0.00047236534480588066,0.1604693074504747,0.04999999999999999,0.015148062286012898,0.014147941464653424,ARGLU1,1.0,1.0,0.0,0.0,0.0,0.0,0,1,0,0.3030444499073842,0
ARIH1+ctrl,esm3,20260713,-0.0662754355289088,0.015606326085745081,0.019310116407977418,-0.0389896602731285,-0.021198916813251367,-0.20143860550042614,-0.0005602017045020988,-0.0001245395776395819,-0.0013418376308548252,-0.019240097685428198,-3.0658673495000035e-05,-0.15697796297767652,-0.04102797379531509,-0.08839300203757694,-0.1118985693266284,-0.04999999999999999,-0.04597723219613892,-0.0325504154840639,ARIH1,1.0,1.0,0.0,1.0,0.0,0.0,0,2,0,0.2872784534549865,0
ARPC4+ctrl,esm3,20260713,0.011887604800976087,0.06628818721871133,0.0662127393865442,0.030013202986256204,0.005910297064627923,0.0542989418131056,4.3444335460701006e-05,-9.996434093639817e-05,0.0010361613769069855,0.012558171196081103,-1.5813100617399984e-05,0.0893035636176019,0.022921128851228212,0.04922200900186424,0.04114359706787081,0.0,0.030005754473538676,0.0018764312026593455,ARPC4,1.0,1.0,0.0,1.0,1.0,1.0,1,3,1,0.4253802065822827,1
ATP6AP1+ctrl,esm3,20260713,-0.0598152550924074,-0.010490433400838661,-0.014015575136135161,0.0009982232140061942,0.011916136164020874,-0.08592997964305649,0.0002164114266634022,-0.00015311930697115006,-0.0010131438878030474,0.014631145883331614,-2.506596501920008e-05,-0.20893475528751979,0.017363727073327673,-0.04186496360776404,-0.15037379421777866,-0.010000000000000009,-0.004760201077724097,0.008959790213196483,ATP6AP1,1.0,1.0,0.0,0.0,0.0,0.0,0,1,0,0.2770145243501594,0
BGLAP+ctrl,esm3,20260713,0.19373867934709538,0.06237506985564378,0.06691384021810598,0.02538199694650281,0.009043679660078602,0.1027585915661775,0.002078945748507999,0.0009914283398709811,0.0023292501572258484,0.0019014760056417224,0.0002663562772795999,0.13803715416205925,0.01032408083906644,0.02929413931551783,0.08125754673556612,0.06999999999999995,0.041988837258165324,0.011222357399024552,BGLAP,1.0,1.0,1.0,0.0,0.0,0.0,0,2,0,0.22603557976901004,0
BMS1+ctrl,esm3,20260713,0.015076284888106861,-0.017954354882315893,-0.013754400440147085,0.023155553757517877,0.02643879456625453,-0.013216036063969261,-0.00020286813378329882,-0.00012710333012821984,-0.0015345310001679824,0.013879051012386068,-7.139914669100026e-05,-0.0119730450257296,0.031037338012003812,-0.01729194393547273,-0.02435378022273571,0.050000000000000044,0.011163562209486166,0.0228324087800571,BMS1,1.0,1.0,0.0,0.0,0.0,0.0,0,1,0,0.4094956656115338,1
BRIX1+ctrl,esm3,20260713,-0.014957835655324714,0.039037618587378864,0.04521349454390278,-0.0190161693797275,-0.007682350195609533,-0.2912274813812845,-0.0015501584857703019,0.00014706156191079955,0.001510227324445168,-0.010643536854823499,-0.00013577216304840002,0.0233781006624732,-0.03510264876449798,-0.004872967844149367,0.027136158552481193,-0.010000000000000009,-0.03675099524256348,-0.020986048588516826,BRIX1,1.0,1.0,0.0,0.0,1.0,1.0,1,2,0,0.708155646016739,1
BYSL+ctrl,esm3,20260713,-0.030142306113889794,-0.03580955408605979,-0.08640838906540393,-0.012594992939631289,-0.030575500895898833,-0.07929362162381481,-0.004403801634907702,-0.0016815136666503694,-0.0028339788654949682,-0.0072308784739472665,-0.0006054703844711,-0.09745350327234659,-0.0005715703304154385,-0.04125867524656235,-0.1719348565519071,0.039999999999999925,-0.015690366136812406,-0.03291366935092521,BYSL,1.0,1.0,0.0,0.0,0.0,0.0,0,1,0,0.23304440545276975,0
C1QBP+ctrl,esm3,20260713,-0.017308367847040707,-0.01594865703980397,-0.02310474219075548,-0.03337869813499281,-0.008772467745303991,-0.11331925140749832,-0.0020683184266090983,-0.00041843771141358843,-0.0003519344535150015,-0.003817772743908987,-0.0002322412328794,-0.0797284276906385,-0.0341091793206586,-0.023487788336331028,-0.0324603513628696,0.03,-0.052892718681281314,-0.003333189513005985,C1QBP,1.0,1.0,1.0,0.0,1.0,1.0,1,3,1,0.26397617216017966,0
CCDC86+ctrl,esm3,20260713,-0.19265475531309162,0.002931563532020065,0.009744942806219403,0.002254978439275107,-0.014892432117061788,-0.09454586479256771,-0.0031576175242662013,-0.0013956314314830243,-0.004469810146899622,-0.008041588168711006,-0.0004261605208739001,-0.2304370446272344,-0.00560813711704633,-0.0025706763370532126,-0.21872933586795798,-0.18,-0.012929685341003389,-0.015727181248593625,CCDC86,1.0,1.0,0.0,0.0,0.0,0.0,0,1,0,0.4931652481961014,1
CDC123+ctrl,esm3,20260713,0.05728814445055272,-0.0075354126900391005,-0.008304132966068911,0.0116132342778274,0.01278450441582768,0.08333303800586322,-0.0012014675885438988,-0.0009755258602307526,0.00026930497077881643,0.018219345710484502,-0.0002776453620753999,-0.04574946492946541,0.06707018041809276,0.0394248402775782,-0.03607857061727421,0.04999999999999999,-0.0015421500106782005,0.012026364437506265,CDC123,1.0,1.0,0.0,0.0,0.0,0.0,0,1,0,0.31292809537488786,0
CDC23+ctrl,esm3,20260713,0.08549621750233019,0.024537000718203528,0.024570477361092746,0.015735268013751497,0.0044306126935405865,0.005297077784487347,0.0011854972690343996,0.0006009060508752606,0.0017936944792296128,0.0037017159685331924,0.00012852414511150005,0.1584397306651415,0.016461998429623925,0.04057945147951991,0.15512444219201563,0.040000000000000036,0.019124566586987413,0.0079629762292166,CDC23,1.0,1.0,0.0,1.0,1.0,1.0,1,3,1,0.7904466040253506,1
CDC40+ctrl,esm3,20260713,0.10025179643475152,0.044061537889119484,0.03338111564886548,0.04577745877128159,-0.00206264054837757,0.2605830594900059,-0.0033635366708039995,-0.0020036778670343702,-0.0006819691223459712,0.004654409577725588,-0.00048452417831870004,0.09746875327781312,0.021760321417121697,0.09115874233902199,0.09620093288908105,0.13,0.0588577528207212,0.004051911544427189,CDC40,1.0,1.0,0.0,0.0,1.0,1.0,1,2,0,0.5481621911202976,1
CENPC+ctrl,esm3,20260713,-0.19654686167331725,-0.024794252492784663,-0.024320669008762064,-0.09129895532797669,-0.01038308442213176,-0.39448777019089515,-0.00042676925659180034,-0.00042354040430958584,0.0008294089291960294,-0.0186421753231531,-0.00012150575639679995,-0.11288359838539819,-0.03979700102029826,-0.0980591140218956,-0.049038870577925386,-0.12,-0.13725941943151612,-0.022517605679538866,CENPC,1.0,1.0,0.0,1.0,1.0,1.0,1,3,1,0.2646113918751577,0
CENPE+ctrl,esm3,20260713,-0.07454242293595809,0.014639748794669338,0.010084431370887437,0.03297134294707871,0.024027246929683804,0.1232677664108604,0.0022545251995324984,0.0005231070343767463,0.0003863640154732062,0.017282139042999994,0.0002299560583197,0.08341076812550224,0.06439470070814868,0.057306370653792404,0.027972286567069682,-0.04999999999999999,0.047149720709685095,0.022263511263977964,CENPE,1.0,1.0,0.0,1.0,0.0,0.0,0,2,0,0.5586735532992282,1
CHERP+ctrl,esm3,20260713,0.04665566550568667,0.05321764196410195,0.061334609670679496,-0.0021916755186265346,-0.005210579618020517,-0.05206803970905094,0.0028422307223081,0.0022566264898074007,0.007244467775891716,-0.009488011666824503,0.0005941019626334,0.2321705565436236,-0.005842965655659005,0.008324672335707994,0.1644394091338386,0.04999999999999999,0.014251299556103936,-0.01028270662004327,CHERP,1.0,1.0,0.0,0.0,1.0,1.0,1,2,0,0.4241300090912932,1
CHMP6+ctrl,esm3,20260713,0.31256610360472753,0.06548791997500347,0.03787498578051651,0.0160726244463808,0.009242382505426305,-0.00940682123620723,0.0011209733784199004,0.0012735893155035871,0.005197204768012997,0.004029247449085907,0.0003260776866228,0.18688543933341528,0.04067571422269767,0.16086121900797423,0.1703061582931623,0.21000000000000002,0.027208244733547715,0.02090221960968147,CHMP6,1.0,1.0,0.0,0.0,1.0,1.0,1,2,0,0.6867550015191156,1
CNIH4+ctrl,esm3,20260713,-0.027675779731049788,-0.017636706514454592,-0.00501874102595401,0.0369485462801786,0.016766236642559773,0.15995865325131553,-0.001127991825342102,-0.0006945578934155483,-0.002201266794264578,0.020333425446832643,-0.00014776387251910013,0.012727909816225902,0.02456285131724667,0.06496201484638664,-0.005008461037334017,0.02999999999999997,0.03320335998684859,0.015867003168481775,CNIH4,1.0,1.0,1.0,0.0,1.0,0.0,1,3,1,0.19010964496895616,0
COG2+ctrl,esm3,20260713,0.0632437020544146,-0.00946754793706861,0.0005719141020192886,-0.014768819057066312,-0.0064110843733369005,-0.008403200936836913,0.00038049742579459797,0.0003148097022347418,-0.00029807012392313315,-0.01740939999241331,9.149836841969999e-05,0.0885409959279444,-0.01523117895375492,-0.019340431026653948,0.07387909198270992,0.12000000000000002,-0.010701086171224311,-0.010605126694720024,COG2,1.0,1.0,0.0,0.0,1.0,1.0,1,2,0,0.5673653870177205,1
CPSF3+ctrl,esm3,20260713,-0.0060042134041213,-0.0316818837845958,-0.06073162790951292,0.0825224666578396,0.03185843783909681,0.5055027952130893,-0.005876973271369903,-0.004947429900714395,-0.022075990963039582,0.05489540997107989,-0.0011198044521733997,-0.13867894059483582,0.09354275592974215,0.12233708429084,-0.26533344658133795,0.0,0.08444015830185203,0.04650877893015498,CPSF3,1.0,1.0,0.0,1.0,1.0,1.0,1,3,1,0.60570893428095,1
CPSF4+ctrl,esm3,20260713,-0.021499077979193315,0.0403084656216976,0.03652239053558401,0.011372870936400492,0.00706828690301331,-0.03405778270169901,0.00024340674281119606,-0.00025969559063321324,-0.0007138183522189534,0.007481888495497135,3.1199306250008843e-07,-0.017221657018772596,0.04282395212823886,0.014419116481665828,-0.02568602987667412,0.0,0.004585874716289073,0.006021857765657668,CPSF4,1.0,1.0,0.0,0.0,1.0,1.0,1,2,0,0.4123701936169123,1
CSTF1+ctrl,esm3,20260713,-0.008109436020824368,-0.0012974926422598676,-0.00791405911105414,0.015253121705407019,0.017512368105332105,0.24877726534132089,-0.005297357216477398,-0.004438476061118135,-0.003902286204278793,0.047674396444652795,-0.0010931175202131,0.0450727044490884,0.046035248079848934,0.11229401471807743,0.07601180998500523,-0.010000000000000009,0.017049995794839012,0.04203292171427364,CSTF1,1.0,1.0,0.0,1.0,1.0,1.0,1,3,1,0.44643072922817745,1
CSTF3+ctrl,esm3,20260713,-0.00816030678707011,-0.06552441929716812,-0.0534824744351029,0.011079803907285524,0.020875094962155394,0.017426678994251654,-0.0032097063958644034,-0.002412450750635231,-0.0031306584356879386,0.021146951079083404,-0.0007512073498219,-0.12329828945061458,-0.014202923452837912,0.025440681353121497,-0.0632763609950544,-0.07,-0.011373471821228498,0.019361533032776768,CSTF3,1.0,1.0,0.0,0.0,1.0,1.0,1,2,0,0.6824054723626845,1
CTR9+ctrl,esm3,20260713,-0.19639263462713652,-0.10004613646295424,-0.08499829160901162,-0.042862205671457404,-0.04439513982222418,-0.0056601529726106325,-0.0073176864534617025,-0.005435883002705921,-0.014663891338907664,-0.01299383040854779,-0.0014913612976669996,-0.15190654465869569,-0.005682681097861075,-0.07625250775939352,-0.1678439967527814,-0.15999999999999998,-0.0707538034707545,-0.04044176501494878,CTR9,1.0,1.0,0.0,1.0,1.0,1.0,1,3,1,0.6233993345430592,1
CUL1+ctrl,esm3,20260713,0.026689562989605092,0.03081678205523819,0.01809486823809653,0.04720130288977831,0.021613742611962306,0.12866419812313992,0.0006609894335269997,-0.00032380224953398873,-0.0013650337506013743,0.027877619162920392,-5.791662260899982e-06,0.015823521273745367,0.06068178569368099,0.05616838582464878,-0.0074748080795728755,0.03,0.044589589258937606,0.03647382829138013,CUL1,1.0,1.0,1.0,1.0,1.0,1.0,1,4,1,0.9133993792441149,1
CWC15+ctrl,esm3,20260713,0.29501000545967004,0.1522842443847553,0.12318045674369038,0.04013484528297409,0.0727992342424729,0.24696032568355947,0.010548582300543799,0.0075184577650290185,0.023526505325624836,0.0289581656826019,0.0019875445868820004,0.2933643599759139,0.03575666877201744,0.16235577569865556,0.33731720689094497,0.17000000000000004,0.08646849516591759,0.050305357494735525,CWC15,1.0,1.0,0.0,0.0,1.0,1.0,1,2,0,0.6531893421116421,1
CWC22+ctrl,esm3,20260713,-0.007415392840773027,0.05999124596889038,0.04637130020777458,-0.007936324297006303,-0.0025099116371410934,0.06955617828194494,0.0010987520217895994,0.0010941339680548001,0.003907461695166425,-0.005945805744919402,0.00019844947382809987,0.05426549892486843,-0.025400322118738883,-0.026913490332186152,0.051970668448074075,0.030000000000000027,-0.010512349202338622,-0.003493909127033845,CWC22,1.0,1.0,0.0,0.0,1.0,1.0,1,2,0,0.5408070291688098,1
DAD1+ctrl,esm3,20260713,-0.014190141847033003,-0.036842114483001814,-0.024664165764059304,0.011423971351555012,0.024265292203301814,0.09128974506535048,0.0011434368789196014,-4.1976322936232435e-05,0.0014780193941854591,0.007535593365748716,2.2040912881399893e-05,-0.0991951460434505,0.010382059225192752,0.009869653478805529,-0.039133683152164894,-0.04999999999999999,0.008207273517784941,0.01951592503341626,DAD1,1.0,1.0,0.0,0.0,1.0,1.0,1,2,0,0.1691843451194338,0
DBR1+ctrl,esm3,20260713,0.017155941406649,-0.012171741711871575,-0.011854913099420439,-0.022601017068618917,-0.014399591414808843,0.06086154613680861,-0.003422670066356697,-0.0025381388785638004,-0.008916127653501027,-0.00417000613112789,-0.0006777693051845,0.0631356289052967,0.015759522578788765,0.008676805020227829,-0.001401023243098501,-0.03,-0.03303313500600219,-0.01664293238329495,DBR1,1.0,1.0,0.0,0.0,0.0,0.0,0,1,0,0.27925464191821814,0
DDOST+ctrl,esm3,20260713,0.013660893175534206,0.027236083901257258,0.0231146427764429,-0.020807576718516713,-0.0022850483201645178,-0.03365726202415065,-0.0013477820903062994,-0.0011789154419445946,0.000655257626209993,-0.0014519873158481134,-0.0003592439461500001,-0.05635181472878349,-0.020670971423541573,-0.012117456627234624,0.003227379047751111,0.01999999999999999,-0.034835018289888275,0.0022142153520505747,DDOST,1.0,1.0,0.0,0.0,1.0,1.0,1,2,0,0.2679471985189293,0
DDX41+ctrl,esm3,20260713,0.0614394997683341,0.01213312273148126,0.004695483064438011,-0.010062288630862226,0.0068150195164158045,-0.0022883127564808925,0.0025095157325268,0.0016640158772531777,-0.0004627718807923564,-0.0048392731779765,0.0005304655060172003,0.12003693569780849,-0.013946482677781535,0.010514778190673923,0.06878475060245026,0.0,-0.0057528105229213145,-0.00016483080923646032,DDX41,1.0,1.0,0.0,0.0,1.0,1.0,1,2,0,0.6636205651969963,1
DDX49+ctrl,esm3,20260713,-0.05158521361348628,0.015499709826855224,0.022798260254633995,0.01800437759226442,0.012087532647968302,0.024431456233802717,0.0016255062073469023,0.0012197953869860223,0.0018779841659819496,0.00816833373109671,0.00032732356339690034,-0.044716667113000375,0.00024713049588354075,0.011325024278968643,-0.016403552240929514,-0.009999999999999953,0.01952227213296981,0.011870168369830125,DDX49,1.0,1.0,0.0,0.0,0.0,0.0,0,1,0,0.7429643407329919,1
DDX5+ctrl,esm3,20260713,0.012285714112496182,0.011588964016283232,0.0034446010316471765,0.00552754705686942,-0.01984526929952568,-0.034514887329803706,-0.0052271187305450995,-0.0035536520796043414,-0.006291634331816454,-0.002686898109570207,-0.0009311579633504,-0.0009278365636556096,0.022819752667147752,-0.021660352615246792,-0.013241101682279703,-0.04000000000000001,-0.005689406947056996,-0.01996726910529134,DDX5,1.0,1.0,1.0,1.0,1.0,1.0,1,4,1,0.5836969832086772,1
DDX52+ctrl,esm3,20260713,0.05779145503925509,0.020962428376961384,0.0343243262532924,0.026763457499641707,0.01485149294375393,0.11896775176396529,-0.00020516291260719993,-0.0009213627006922076,-0.0019991686166072054,0.014153261948299217,-6.090960232539989e-05,0.022079720713119144,0.039558286160443545,0.07275638424144204,0.03296692962357306,0.019999999999999907,0.03240413249601998,0.016282456530593903,DDX52,1.0,1.0,0.0,0.0,0.0,0.0,0,1,0,0.6127731106876021,1
DDX54+ctrl,esm3,20260713,0.2666664892683336,-0.07648885980114462,-0.08245988752066269,0.07248099287961318,0.0029815823249131346,0.0602314826977447,0.003316124901175499,0.002422784046496429,0.0018225583449897886,0.0036650317553632017,0.0006926272762939001,0.1716625065042644,-0.01953170627992551,-0.008231897284867173,0.06324263648322342,0.19,0.07451066055628627,0.0048723669655893476,DDX54,1.0,1.0,0.0,0.0,0.0,0.0,0,1,0,0.7092284389812483,1
DERL2+ctrl,esm3,20260713,0.1705141655981152,0.044245374133312865,0.06357866614451213,0.024717877079632022,-0.0024433124238403825,0.1255165551630788,-0.0025522094219922985,-0.0037088012831849593,-0.007011011896440378,0.009498258038743379,-0.0007497997721658,0.14338904841205707,0.06493382470752129,0.10804359124229934,0.11713295625806569,0.16000000000000003,0.023903881305981978,-0.008434565533720906,DERL2,1.0,1.0,0.0,0.0,1.0,1.0,1,2,0,0.3173222912462554,0
DHX37+ctrl,esm3,20260713,0.05055436537466329,-0.0007303705164369845,-0.006545813761751784,0.050731785328251205,0.011199284318487018,0.17288179116540142,0.0031439736485481,0.001542632807462918,0.003139075421562998,0.0030282934837506936,0.00033698676270430006,0.02358463762557783,0.005446803541632517,0.04124508282894668,0.009566006768517155,0.06000000000000005,0.06773192641551382,0.011412543495332828,DHX37,1.0,1.0,0.0,0.0,0.0,0.0,0,1,0,0.8140257550206905,1
DLD+ctrl,esm3,20260713,-0.007054803615569538,-0.034136822070883865,-0.02413406206098201,-0.012048149962364585,-0.014865364726692615,0.1350691806613028,-0.0037151053547858984,-0.0028800278718276173,-0.007845104377992351,-0.00034619506171790215,-0.0008478986565023006,-0.10784345701427678,-0.01725920550808968,0.014013689561265474,-0.06966878102842322,-0.04999999999999999,-0.03058483681559998,-0.006795197583963408,DLD,1.0,1.0,1.0,0.0,1.0,1.0,1,3,1,0.3562267117635941,0
DNAJC8+ctrl,esm3,20260713,-0.008074089439757196,0.022718833899917357,0.016702686579524784,0.023689327808414318,0.009368315664365606,0.06827485949518947,0.0017627812922001006,0.00043700532570123407,0.0011693184712089355,0.012127821398198901,0.00015368568710979991,-0.028549998995210796,0.025682080658164796,0.022243902900134782,-0.060773319255207,-0.04000000000000001,0.030882307410356108,0.012831513414994,DNAJC8,1.0,1.0,0.0,0.0,1.0,1.0,1,2,0,0.6049272075377098,1
DNTTIP2+ctrl,esm3,20260713,0.3290211369922445,0.012452922432723224,0.015732547908437478,0.04420441363654337,0.033699920778013676,0.08598239888475434,0.007320912554860098,0.0032501366942397913,0.003032944176984631,0.013143823895136714,0.0011716892477124999,0.1839366749212299,0.053497004003147164,0.10755154290584756,0.1247677649641461,0.24,0.07549770796375799,0.032781258108042,DNTTIP2,1.0,1.0,1.0,0.0,1.0,1.0,1,3,1,0.5084353830963247,1
DONSON+ctrl,esm3,20260713,-0.21400415619239666,-0.029255742545826857,-0.029961417998443873,-0.014124491966041014,-0.015601085825943203,-0.1413005528840227,-0.003738919273018799,-0.0009582475950049574,-0.002821666169329773,-0.008976305176480293,-0.0003289008163846999,-0.09368493555613289,-0.011657863459379247,-0.07797370566141526,-0.1158708097470259,-0.19,-0.03435329014677749,-0.0282903320397202,DONSON,1.0,1.0,1.0,0.0,1.0,1.0,1,3,1,0.5098475125756874,1
DPH2+ctrl,esm3,20260713,0.07635049268850788,-0.01537335384908578,-0.02549017813417409,-0.0035756104090279017,-0.008831551108017394,-0.0265018211930641,0.001516556367278099,0.00016899804399184148,0.003967593111339984,-0.003934678169712408,1.7771264538099952e-05,-0.0492055155234487,0.0400801692102839,-0.014452100366818432,0.057832579836079,0.14,-0.006792584513239802,-0.006693380692182949,DPH2,1.0,1.0,0.0,0.0,0.0,0.0,0,1,0,0.24773313253560908,0
DYNC1H1+ctrl,esm3,20260713,-0.17770184889778345,-0.02332550158452662,-0.019005340946875227,0.010911481697438608,0.005487164274949774,-0.004878530557179794,0.0006174929440022001,-0.0003623983920297835,-0.002330546877221784,0.007893349661516696,-1.826666994019996e-05,-0.08263565989660138,0.04114502190467206,0.009993100450624626,-0.07861452847635458,-0.12,0.006778074036567494,0.0009733077953277824,DYNC1H1,1.0,1.0,0.0,1.0,1.0,1.0,1,3,1,0.34089075469674274,0
DYNLRB1+ctrl,esm3,20260713,0.09514829899073521,0.10139155110832787,0.0961238923366926,0.042015705004462306,0.031337076035072686,0.4536918751215442,0.0019447859376669,-0.00030717094736920636,0.001442960985718389,0.029193524712556623,7.088040001689997e-05,0.21444792424287656,0.0435323556709627,0.09947867369958507,0.1564452784085299,0.08000000000000002,0.0852909556514666,0.051133951754912976,DYNLRB1,1.0,1.0,0.0,0.0,1.0,1.0,1,2,0,0.37186370402828745,0
E4F1+ctrl,esm3,20260713,-0.012146390245242805,-0.002647104290267266,0.011496637015256939,0.028587730891466295,0.012953049916573589,0.15660587236652002,0.00013842061161990077,-1.0702752058167064e-05,0.0012666002656954722,0.018085309244195324,1.2612435967003337e-06,-0.25486419969631613,0.01762960038701067,0.011924323535428494,-0.1090197463671118,0.010000000000000009,0.03469312629945076,0.013241133363361524,E4F1,1.0,1.0,1.0,0.0,0.0,0.0,0,2,0,0.5905356331533801,1
EBNA1BP2+ctrl,esm3,20260713,0.11781304986686436,0.05552336218115772,0.05968728352354946,0.01572528576943691,0.005219495184526801,0.024144066227858918,0.0014633256942033976,0.0008695220083225763,0.0012861332922946556,0.008452755249772514,0.0002193119144066999,0.062369768045164475,0.0009828788560366508,0.0260219913839147,0.03832555773208135,0.05999999999999994,0.022322272133335486,0.011174815912264657,EBNA1BP2,1.0,1.0,1.0,0.0,1.0,1.0,1,3,1,0.4785714492750178,1
ECD+ctrl,esm3,20260713,0.041983599183002096,0.012061364473382574,-0.002942134039619071,0.043094493081618696,0.04556207769565118,0.7628783707442457,-0.000958012416958802,-0.0011818018239589945,-0.0003071790614316283,0.03475564275790441,-0.00020224566105750017,0.0844661136256627,0.02099782868991129,0.1138371385533824,0.05878179616042939,-0.020000000000000018,0.08669581492657108,0.043701249948497,ECD,1.0,1.0,0.0,0.0,0.0,0.0,0,1,0,0.3536610604497916,0
EIF2B3+ctrl,esm3,20260713,-0.05273752624735972,-0.002036952520548363,0.0021448765843693485,-0.03416944651418169,0.010326500997107135,0.054323168442661995,-0.002340719103813199,-0.000983038441194295,-0.0036032260321293696,0.01267389998162341,-0.00025055732112380007,-0.025817454262792028,0.0004837006347955253,0.004422725343033562,-0.05240910940652077,-0.07000000000000006,-0.02958850857764339,0.017648176374398195,EIF2B3,1.0,1.0,0.0,1.0,1.0,1.0,1,3,1,0.7169773594364061,1
EIF2S1+ctrl,esm3,20260713,-0.002449749507533183,-0.005268714234937355,-0.0012389401463486216,0.08418332702881015,0.05172843464417809,0.46157421662940357,0.006447695195674903,0.00596141211863932,0.011997427990455223,0.041106881252294614,0.0016095163300632997,0.01702253597867509,0.07909888826829259,0.09219432552102347,0.044866860931751296,0.019999999999999907,0.13420170176750224,0.05108392702369646,EIF2S1,1.0,1.0,1.0,1.0,1.0,1.0,1,4,1,0.33367386319370723,0
EIF3E+ctrl,esm3,20260713,-0.03558131016054261,0.0539863656543621,0.0516121441945635,0.016053298858053316,0.012781488365549931,0.32210925420333925,-7.343292236330207e-05,-0.00020219104629704,0.00024182701084318747,0.01788397433214242,-2.2918684408100316e-05,-0.02232992816260032,0.03593446229791075,0.03757826850688639,-0.0352041403905706,-0.03999999999999998,0.029441130855817788,0.02692378785733951,EIF3E,1.0,1.0,0.0,1.0,1.0,1.0,1,3,1,0.5226165755263349,1
EIF3F+ctrl,esm3,20260713,-0.08059696434164812,0.036176654943187,0.026705752888381618,-0.07636632267475099,-0.00504249888806324,-0.20672127872024093,0.0001327730715273978,0.0003649492687711753,0.00035137008979402307,-0.012677955528526186,5.289237014949972e-05,-0.10788179337306197,-0.02172679120004395,-0.0956763348041273,-0.09471240220547861,-0.010000000000000009,-0.06646224244434162,-0.005924312587957115,EIF3F,1.0,1.0,0.0,1.0,1.0,1.0,1,3,1,0.7831224346710105,1
EIF3G+ctrl,esm3,20260713,0.01703166645385923,0.03571431638328082,0.04865743634780051,-0.028876811005334818,0.008213499306916283,0.0157895991762812,0.004226166754961104,0.0020382284120168404,0.0040667397768295865,0.00023138611468959125,0.0006861770525573999,0.11784131328337943,0.018506182715770536,-0.03387081311387652,0.1268311256708773,0.030000000000000027,-0.02190593602253421,0.0017952205047182535,EIF3G,1.0,1.0,0.0,1.0,1.0,1.0,1,3,1,0.3046157550487529,0
EIF3J+ctrl,esm3,20260713,-0.010101870407879021,0.054905895489677614,0.05994958740553552,0.004313084564394387,-0.006453256708894239,-0.022762810952386858,0.001047195866704001,0.0013257681814760058,0.0034354551758017937,-0.007582167283812502,0.00027403770945969995,0.07562265967685455,-0.023626822631829247,-0.0009354994526082905,0.0005018146135248869,-0.040000000000000036,0.010881521247422588,0.005940055359027641,EIF3J,1.0,1.0,0.0,1.0,1.0,1.0,1,3,1,0.2960572400395116,0
EIF3M+ctrl,esm3,20260713,-0.3042686588551686,-0.011223588193101541,-0.024597663901609224,0.005228621938572209,-0.046388115779076616,-0.018549706457495374,-0.0068696569651365,-0.005541903866886355,-0.012912273899708171,-0.016110449283106593,-0.0014386774273588998,-0.5174349154321622,0.021559008513239997,-0.07236409116883924,-0.3889813635883035,-0.31,-0.020570204000223136,-0.048196536612784446,EIF3M,1.0,1.0,0.0,1.0,1.0,1.0,1,3,1,0.664131624522618,1
EIF5A+ctrl,esm3,20260713,-0.02824442597263721,0.001346099231988529,0.01613590387188063,0.021275213658650205,0.020123596958201317,0.13489766239590983,-0.0012587532401085004,-0.0010913439805771974,-0.0028473436751214054,0.020834153534085187,-0.00027479627169669976,0.14672785953135678,0.06458262983278829,0.10513514359880005,0.144857818505266,-0.03,0.02153423222018358,0.024421229910897013,EIF5A,1.0,1.0,0.0,1.0,0.0,0.0,0,2,0,0.21732101033867016,0
ELP5+ctrl,esm3,20260713,-0.09149019760394028,-0.005234938947802359,-0.018025901123082444,-0.0009835391052410991,-0.0074023838846414,-0.0627042917233595,-0.0011192634701728994,-0.000987925934482381,-0.0011967791273783668,-0.007693999642256116,-0.00024831900373110006,-0.22115714505834932,0.0051125175719271,-0.023310696726349667,-0.10080879908684189,-0.09999999999999998,-0.011623750119677284,-0.012718260891562028,ELP5,1.0,1.0,1.0,1.0,1.0,1.0,1,4,1,0.26928611818610937,0
EXOC7+ctrl,esm3,20260713,0.042041800703199406,0.020283548295894516,0.03056584060213119,-0.036074846510468994,-0.010253329680638301,-0.5477310152074635,0.00045702978968619606,-0.0002092885207477524,-0.0016027383320285082,-0.010197514539654812,1.614214852499983e-06,0.0276203178889525,0.0059019219521567745,0.00446968513199042,0.014865137764986214,0.030000000000000027,-0.0653334989545854,-0.009237231150389658,EXOC7,1.0,1.0,0.0,0.0,1.0,1.0,1,2,0,0.6055215390791784,1
EXOSC10+ctrl,esm3,20260713,-0.4287411649027102,0.003282614869937195,-4.6154154366595534e-05,-0.09453393403867028,-0.028856000017207006,-0.11455352660260093,-0.006540760397910999,-0.0034526970034526316,-0.0009328563253142574,-0.023578175433845106,-0.0011890034656972,-0.5088548796205429,-0.07624669689715391,-0.1575815146530556,-0.09118520865978529,-0.36,-0.1251912750981763,-0.02781922088119837,EXOSC10,1.0,1.0,0.0,0.0,1.0,1.0,1,2,0,0.4050002095579269,0
EXOSC2+ctrl,esm3,20260713,-0.09976559043146971,-0.045249204259905196,-0.061286578057844654,0.03309825456387208,0.019414526358867507,0.0843824527170991,0.0006325896829366996,-0.0022701341209420134,-0.008498752756153971,0.021933536564563316,-0.00028576166369019985,-0.0677274789169402,0.0272700914915478,0.022139109335257423,-0.024348650816259587,-0.09999999999999998,0.036744227337247914,0.022304182735348066,EXOSC2,1.0,1.0,0.0,0.0,1.0,1.0,1,2,0,0.7118852605461615,1
FAM50A+ctrl,esm3,20260713,-0.0750458766473946,-0.07258432558305417,-0.07222205979393315,0.05021796240515969,-0.03267044337497316,-0.14736287686391458,-0.0006274729967117032,-0.0005837578908931551,-0.0027193967320028323,-0.013664679661022083,-7.220497354860043e-05,-0.09284732648308136,0.008822114738960218,-0.05187833536377928,-0.0667889794980212,-0.030000000000000027,0.031478094212918806,-0.032012795795158366,FAM50A,1.0,1.0,0.0,0.0,0.0,0.0,0,1,0,0.24916021351100925,0
FASTKD5+ctrl,esm3,20260713,-0.05682964148364689,0.0034342442030779186,-0.006120877315535456,0.0018354487106372053,0.008408777792947686,-0.07159739889496591,0.003805210813879901,0.002103092167678011,0.002377548167593835,-0.002321384921037395,0.0006336291553452999,0.162651336410983,0.008348554116619278,0.0033729195168815673,-0.02737948952093211,-0.04999999999999999,0.011463493253491108,0.00854994319469915,FASTKD5,1.0,1.0,0.0,0.0,1.0,1.0,1,2,0,0.38333396280880566,0
FCF1+ctrl,esm3,20260713,-0.4754077348826525,-0.003648462511174677,-0.012705698106610153,-0.0171423025091845,-0.033014462570039094,-0.03857305269167144,-0.004045274108648297,-0.0030576321388395833,-0.0021494672071400434,-0.011906007636728194,-0.0009721509413794002,-0.3025509165667189,-0.011312120071857001,-0.0988225831003281,-0.1644849890379092,-0.43,-0.026186529768348787,-0.0287036454592986,FCF1,1.0,1.0,0.0,0.0,0.0,0.0,0,1,0,0.5714700992769537,1
FTSJ3+ctrl,esm3,20260713,-0.0218863461176641,-0.16364851501425925,-0.16479556349321633,0.0037628265727011057,-0.03508109342113319,-0.2773358416488647,-0.002913311123847899,-0.0036187349472251995,-0.0029283291572737014,-0.010906378159207197,-0.0008693900890647992,-0.1889000386105974,0.00419899720876693,-0.045647047498156734,-0.1664181548066851,0.0,-0.01936308712377549,-0.026834154030843993,FTSJ3,1.0,1.0,0.0,0.0,0.0,0.0,0,1,0,0.34744171967685405,0
GFER+ctrl,esm3,20260713,-0.1547857581210272,-0.024612085730189026,-0.027052814045249396,0.02243425542394259,0.004619973622236512,0.23572506784610608,-0.001330284401774403,-0.0015141490422859727,-0.005285109091531237,0.0200203346828062,-0.0003100822214037,-0.30967507383784065,0.0323743533209121,0.011971766202730771,-0.20012450830502887,-0.14,0.025467720885405803,0.021249899975935627,GFER,1.0,1.0,1.0,0.0,1.0,1.0,1,3,1,0.19088081812579477,0
GFM1+ctrl,esm3,20260713,0.22695219997282653,-0.03201148650887642,-0.025267796562301714,-0.009744998471579808,0.002716526886964582,0.02935707843647442,-0.004471354186534901,-0.0017600224410871945,-0.00427923012316922,0.017410871286236307,-0.0005103748408146,0.07291495484053734,0.020432230686956987,0.06241539366895654,0.0778606218020772,0.15999999999999998,-0.029594664967902307,0.007378452022345772,GFM1,1.0,1.0,0.0,0.0,0.0,0.0,0,1,0,0.6268323558589625,1
GNL3+ctrl,esm3,20260713,-0.01935802599931269,-0.004025091319813823,-0.01159801917891451,0.015609942600604415,-0.010573746132803818,-0.060748594359114616,-0.0002825446426868994,-0.0002665709232307911,-0.00039075478466077396,-0.0024307353526041298,-5.980522837489995e-05,-0.0029026273488523824,0.025074352878267314,-0.012432040139445544,-0.008319241389169008,-0.029999999999999916,0.0136848060572759,-0.009591958988057314,GNL3,1.0,1.0,1.0,0.0,1.0,1.0,1,3,1,0.6456221858685385,1
GNL3L+ctrl,esm3,20260713,-0.003789844085308136,-0.02808152556792537,-0.03397389411858215,0.0146536871974417,0.005713973620428192,0.057878397077523736,0.0005752015858889008,2.5777183723540986e-05,0.0010545713933484135,-0.0057901288336021095,3.472703974690002e-05,-0.00465064724420039,0.024385366457893687,0.0015967371515210882,0.0032013321705139375,-0.030000000000000027,0.014852385179813493,-0.005062369166386027,GNL3L,1.0,1.0,0.0,0.0,0.0,0.0,0,1,0,0.5930652611844432,1
GPKOW+ctrl,esm3,20260713,0.10923140593791641,0.0646270005627042,0.048480563652884556,0.054476002560170406,0.04097443463025652,0.26783357200378555,-0.0016829781234264998,-0.0005438691072892077,-0.002269775610791225,0.0485593623495395,-0.00016492616850880015,0.021007441252771097,0.06609549679726046,0.10300753685395514,0.0009603691829410677,0.10000000000000003,0.05083079670978058,0.06157624057209732,GPKOW,1.0,1.0,0.0,1.0,0.0,0.0,0,2,0,0.5390318696463544,1
GRPEL1+ctrl,esm3,20260713,0.5553603757010569,0.08980705806196776,0.05616645407672427,0.1288285250764259,0.0476015465518046,0.37125796077756557,0.0093378070741892,0.006103868803795209,0.013762981053867196,0.0225040772174053,0.0015852176584303002,0.3358759974668907,0.06082658393243756,0.23255065900156546,0.2971208837861413,0.38,0.1916023804202222,0.046039277733266326,GRPEL1,1.0,1.0,0.0,1.0,1.0,1.0,1,3,1,0.19261461227278462,0
GTF2E1+ctrl,esm3,20260713,-0.017049425364139614,-0.07402260853260023,-0.09205023962014747,-0.0156507871136361,-0.009160782303083703,-0.07517890851436249,0.000453725457191502,-0.00021953079694991828,-0.00017849513570700193,-0.011443476365576716,-2.0256848074499912e-05,-0.051777843458977235,0.002382712757164729,-0.02570843898123598,-0.028514468533263115,-0.019999999999999962,-0.02760777662725289,-0.019768850154426976,GTF2E1,1.0,1.0,0.0,1.0,1.0,1.0,1,3,1,0.25808895012999383,0
GTF2E2+ctrl,esm3,20260713,-0.1521684551800922,-0.05605937391167132,-0.07755960278569823,-0.06251302661564861,-0.010993361562700865,-0.18149415979819383,-0.002019064500927901,-0.0010171241287436628,-0.0018670914257351567,-0.009061129378892196,-0.00027279602363699997,-0.17871200725023473,-0.00030058234355656577,-0.05106771462864934,-0.14351934335189248,-0.16000000000000003,-0.0765366980042489,-0.016066267163585612,GTF2E2,1.0,1.0,0.0,1.0,1.0,1.0,1,3,1,0.31300364494440297,0
HAUS5+ctrl,esm3,20260713,-0.030006103188025046,0.009163534620265756,0.003033272300721257,0.0025057324156678995,0.0029868308988520165,0.040517770158178035,0.0006662299856544009,-0.00010889738259056703,-0.001281016611271335,0.009631388092556675,3.267964348190001e-05,-0.06577139877011262,0.02186117994707726,0.02163018005905748,-0.046175616126782115,-0.07,0.013112099201085498,0.004759392284935715,HAUS5,1.0,1.0,0.0,1.0,1.0,1.0,1,3,1,0.48491939951818785,1
HEATR1+ctrl,esm3,20260713,0.07396564881309975,-0.006983898533394872,-0.006394493636726284,0.07234403450527943,0.021492727305774506,0.1593143701519546,0.0043226014822722,0.00034327882884443994,0.0002464464824155632,0.0274159311398732,0.00032703462056820004,0.014458310507190597,0.08484310962700292,0.07155517908249298,0.011438044983726026,0.019999999999999907,0.09413470007366881,0.03158742971117323,HEATR1,1.0,1.0,0.0,0.0,0.0,0.0,0,1,0,0.512404816692505,1
HGS+ctrl,esm3,20260713,-0.07191641481743583,-0.06330320414811219,-0.07956958670982417,0.0069190100744949135,0.0011973441350691116,0.02478900388338867,-0.0022323802113532985,-0.001421661818427622,-0.005570677857336226,0.006024463256935314,-0.00036185083445169994,-0.0928822803216276,0.004466420608594812,-0.040259889494837386,-0.0812510373577402,-0.030000000000000027,0.013693240007147778,-0.0038138398270294305,HGS,1.0,1.0,1.0,0.0,1.0,0.0,1,3,1,0.26491280796351085,0
HIRA+ctrl,esm3,20260713,-0.02871562798708721,-0.03849684134529363,-0.033895211828776806,-0.009956336344187106,-0.0022274655668015064,0.05048366243078359,-0.0033467635512352024,-0.00140407860082703,-0.0037139261091028164,0.006247403852966182,-0.0004031325806863,-0.1361737284726306,-0.002216116128324508,0.005178543938124225,-0.01224288145059671,-0.03,-0.013370197314886811,-0.02008516057779597,HIRA,1.0,1.0,0.0,1.0,1.0,1.0,1,3,1,0.6788419909083688,1
HNRNPH1+ctrl,esm3,20260713,0.04903417354903389,0.0030001021143424844,0.021110738133281903,0.042410463469179704,0.02407961333440911,0.2979573862222192,0.004339499399065999,0.0016894043326975972,0.006014817385899152,0.013790364824720819,0.0005987191107124001,0.19362912599819324,0.049258643116529166,0.09612284491854128,0.14453244660693398,0.11000000000000001,0.08168803329825969,0.028498528237097087,HNRNPH1,1.0,1.0,1.0,1.0,1.0,1.0,1,4,1,0.5404250112725081,1
HNRNPM+ctrl,esm3,20260713,0.035549970249253604,0.0016172779512009239,-0.0007483233247005394,-0.025015855911246387,0.02836850585823547,0.1158248820330095,-0.0017087217420338995,-0.0025079564697659817,-0.0076642052829359875,0.030546494049760287,-0.0004173594061285999,0.0898797334895649,0.06257883961790511,0.0686266937694826,0.041075252323334505,0.07,-0.0251185953280319,0.037905859608387105,HNRNPM,1.0,1.0,0.0,1.0,1.0,1.0,1,3,1,0.3128943602929758,0
HNRNPU+ctrl,esm3,20260713,-0.0210718125440979,0.009729473974483982,-0.0054772692962682945,-0.026701738287348675,-0.012595777581276058,-0.36853045008835794,-1.3990327715898004e-05,0.0018812000280309382,-0.0013315294132931754,-0.030205294152792994,0.00045974692329759986,-0.0343180404028471,-0.045327251701978155,-0.08629696588716707,-0.049484535281696204,-0.019999999999999962,-0.03661434591153667,-0.030124433381985116,HNRNPU,1.0,1.0,1.0,1.0,1.0,1.0,1,4,1,0.2744810627011528,0
HSCB+ctrl,esm3,20260713,-0.0948767239091407,-0.061652761844668835,-0.056473225705004015,-0.017765931170940497,0.008459935479960101,-0.01233515999844742,-0.0010358560830355003,-0.0003730356184471484,-0.002957142262285606,0.004532449621144574,-9.979336755349994e-05,-0.04054956650452868,-0.010803501204256438,-0.010655907841024548,-0.045388696987905236,-0.05999999999999997,-0.020503913121091816,0.0011801388059701212,HSCB,1.0,1.0,0.0,0.0,0.0,0.0,0,1,0,0.32806798272017845,0
HSD17B12+ctrl,esm3,20260713,0.0014858718378341906,-0.005137786048047488,-0.0040108720462326275,0.010854200695080807,-0.00040960439093656875,0.23232461144285488,0.001304902136325798,0.0005981527669370879,0.003203803760228996,0.006056902784540796,0.00015479931607839995,0.060170599689085,0.003269625370346696,0.02668914542293077,0.0682799611168371,0.0,0.021497123812637187,0.011057219641237737,HSD17B12,1.0,1.0,0.0,0.0,0.0,0.0,0,1,0,0.19325995099081583,0
HSPA8+ctrl,esm3,20260713,-0.020490837940635498,-0.048471479053585564,-0.05146136882535196,0.017300364713423083,-0.08238037312669994,0.0002235013453297796,-0.009448260068893398,-0.013512713129655185,-0.023813100041667257,-0.01400739127373371,-0.003419515211135201,-0.0634737708933244,-0.019602910438820453,-0.03387470917591662,-0.030346291982580098,0.0,-0.0071226363265859405,-0.058864916494092756,HSPA8,1.0,1.0,1.0,1.0,1.0,1.0,1,4,1,0.8345682910957747,1
HSPE1+ctrl,esm3,20260713,-0.09600727213025861,-0.020959299870095927,-0.026681281675626667,0.0433491215102525,0.07241732347111418,0.4164388475029548,-0.001195691525936196,-0.0005322375396223933,-0.0060750733134419255,0.03734605068566044,-0.00011087162420150062,-0.059547493241263905,0.03466053053130469,0.1224832440725272,-0.030311001634530488,-0.06,0.02488314084473242,0.06901779249879936,HSPE1,1.0,1.0,1.0,0.0,0.0,0.0,0,2,0,0.17045447271958392,0
IGBP1+ctrl,esm3,20260713,0.1259137257593012,0.052602188221608004,0.0360860301381436,-0.006940894272855408,0.0145355301325778,0.15606435720432543,0.0005409605801105985,0.0011566381630689904,0.002409004320360064,0.0027317535987995134,0.0002454821951687,0.1804139527715053,-0.04072583589425105,0.025071910995861146,0.11184220441774081,0.14,0.013157405640675524,0.018190187304245042,IGBP1,1.0,1.0,0.0,1.0,1.0,1.0,1,3,1,0.22693208355801625,0
ISCU+ctrl,esm3,20260713,-0.023076987045669822,-0.08845495836664208,-0.07195410709940964,0.0024179115794003003,-0.00452062384468449,-0.11689875485187828,0.00016260519623750164,0.0001296782637153493,-0.0025316055417328176,0.0016501759442329178,4.166085273030022e-05,0.007277738668911293,0.0035566918842465656,-0.03575029244769323,-0.02190371698164509,0.009999999999999981,-0.002527645531614886,-0.0039137696907098896,ISCU,1.0,1.0,1.0,1.0,1.0,1.0,1,4,1,0.19037325196316937,0
KRI1+ctrl,esm3,20260713,-0.015417107844383382,0.012539903686376364,0.007748329571435009,0.030012249548682646,-0.020656006885800215,-0.1345707018831439,5.950592458249873e-05,-0.00032392362254840545,0.001269037922974836,-0.010244935727314913,-0.00019299052655699991,-0.16081890602318058,0.013233974818427474,-0.04105891304743925,-0.05770129354282147,0.0,0.013070483935677724,-0.01613076365050592,KRI1,1.0,1.0,0.0,0.0,0.0,0.0,0,1,0,0.5176944361201087,1
LSM4+ctrl,esm3,20260713,-0.047529261515322996,0.09461998791536885,0.06059548624865252,0.024905325966392777,0.03271960110970712,0.09765956917607915,0.0002875328063964011,-0.0001929429829772289,0.0014422623688097325,0.03349470992810502,-6.157346069809999e-05,-0.005950439668626295,0.03948620382222867,0.11321265488349352,0.023441810026043508,-0.029999999999999916,0.02757537419241357,0.047929017687247,LSM4,1.0,1.0,0.0,1.0,1.0,1.0,1,3,1,0.7870338738934104,1
MAGOH+ctrl,esm3,20260713,0.014118585892754915,0.0669142890792579,0.03401587454900867,0.009331037470533682,-0.005251770272161699,-0.18779283072429598,0.0005963556468487029,0.001122272815991976,0.003780314455212763,-0.018074779555620507,0.00019685132428999986,0.02687274432696629,0.024062753751751265,-0.015554674619889908,-0.0013329454747245117,-0.030000000000000027,0.0033231617292978632,-0.0137168300985816,MAGOH,1.0,1.0,0.0,1.0,1.0,1.0,1,3,1,0.2756515358576982,0
MCM10+ctrl,esm3,20260713,0.132379781096988,0.04210933475554346,0.030952258644672992,0.03747631609511129,0.034363666834172524,0.22980952824721423,0.002931965515017499,0.0021665810112732053,0.0046444985217800605,0.015380391016988182,0.0005789102287963999,0.15802616569673889,0.020678948838248057,0.08594997581087704,0.09802171409922111,0.050000000000000044,0.05543541643304911,0.04419962680791445,MCM10,1.0,1.0,1.0,1.0,0.0,0.0,0,3,1,0.3260343523367522,0
MCM3AP+ctrl,esm3,20260713,0.05456684178593818,-0.0010530794848288005,0.001317426933522714,-0.002970282797177204,0.01536957461393329,-0.06193548184995368,0.0004108827561139991,-0.0003422981367572353,-0.001104827900219596,0.012053318866320495,8.44418536870002e-06,0.009744361176756478,-0.00011500051947033185,0.02101619385155118,-0.0004924177195994028,0.06999999999999998,-0.0048957320483418165,0.016917923095857157,MCM3AP,1.0,1.0,1.0,1.0,1.0,1.0,1,4,1,0.4265587920768491,1
MDN1+ctrl,esm3,20260713,-0.1281780806321498,-0.05780605557449131,-0.07648575811360675,0.001364542547490688,-0.007943272240750754,-0.014961444689592707,-0.0002967137843370993,9.824405798042335e-05,-0.0010205811288234168,-0.006766995993951391,2.252717968080002e-05,-0.06458572299050802,0.004410232100624856,-0.03481843237010562,-0.07408173080035818,-0.12000000000000005,0.005015890752105484,-0.0056358439041380715,MDN1,1.0,1.0,0.0,1.0,1.0,1.0,1,3,1,0.29489711930746704,0
MED20+ctrl,esm3,20260713,-0.2824656273354499,-0.013633030892105324,0.002929105906522289,-0.1469073314215703,-0.05633616894099247,-0.6182209270179208,-0.0030153524130582983,-0.000732778365257647,-0.004791139967875613,-0.04449378764495038,-0.0003405520692468002,-0.14684249626316492,-0.08537174671751291,-0.20574922078600655,-0.14453904999326317,-0.1499999999999999,-0.18497873064768608,-0.06804467770635636,MED20,1.0,1.0,0.0,1.0,1.0,1.0,1,3,1,0.24094523738303747,0
MED26+ctrl,esm3,20260713,0.045800495695780374,0.05651919519951204,0.03408942707138868,0.12401050072179398,0.05579991074357127,0.1189734193277063,0.0242994744330645,0.019971261865145196,0.03778899079155962,-0.007415772163244405,0.005279196659103,-0.00694916653528177,0.05032474292419575,0.039316724984919116,-0.002300206587939113,0.04999999999999999,0.20687209151580932,0.04174554727062374,MED26,1.0,1.0,0.0,1.0,1.0,1.0,1,3,1,0.3466594499169088,0
MED31+ctrl,esm3,20260713,0.05257760786557669,0.06511396163085137,0.06791890549365559,0.1377464352834629,0.03689690690905095,0.18235782581584525,0.020475847646594,0.020512890882207202,0.033187880284643034,-0.00407367668232983,0.0052133455174043,0.04860647709315069,0.024842602070882736,0.059821361283277086,0.02342940053605569,0.040000000000000036,0.2163059636955728,0.021828326704303347,MED31,1.0,1.0,0.0,1.0,1.0,1.0,1,3,1,0.24485061166143257,0
MED8+ctrl,esm3,20260713,0.10413050819058822,0.034305315054508845,0.033386636682934734,0.02639203963596981,0.008506604748427793,0.012932749302559943,0.0030679870396853014,0.00254532366303728,0.005115552780622146,-0.0009345693737640992,0.0005808633286506,0.0482738438222563,0.019137604746082504,0.014672272527741614,0.04421555229929408,0.09000000000000008,0.02895467801333812,0.005359944156071994,MED8,1.0,1.0,0.0,1.0,1.0,1.0,1,3,1,0.39191157602474547,0
MFAP1+ctrl,esm3,20260713,-0.0829280739606093,-0.16622263959922967,-0.15208750342591848,0.026071912035555034,-0.005084701036747796,0.09964619566445287,-0.003603134304284994,-0.0018258037686416095,-0.006701030236201944,0.014114349429452,-0.0006636802572757001,-0.09482308812164175,-0.008952017623353847,0.010012704307520326,-0.07905413620596008,-0.09000000000000002,0.03474254829498319,0.009294118621682501,MFAP1,1.0,1.0,1.0,0.0,1.0,1.0,1,3,1,0.45084885936067004,1
MRPL18+ctrl,esm3,20260713,0.12133903450069011,0.03750759875803167,0.025184568044807787,0.011317290316487705,-0.004770162009297307,-0.06259618175192982,0.0028821751475335,0.0016344387440814234,0.0038198966967959436,-0.012947467191365386,0.0004368874942884,0.3444805108556027,-0.014986962717008834,0.021289370971308563,0.23193265359438417,0.14,0.013962014394815786,-0.015555941114109184,MRPL18,1.0,1.0,0.0,0.0,1.0,1.0,1,2,0,0.3823933350066144,0
MRPL3+ctrl,esm3,20260713,-0.06529748020446341,-0.045376245274173055,-0.02595629420196177,0.005378751585595809,0.009597324436084215,0.16976692970144985,-0.0005999943241477013,-0.0006549920730579695,-0.0009327772458427308,0.0247071227263998,-0.00015018071280790003,-0.01865896869606598,0.017784518081672696,0.06166842809969708,0.024289593191644976,-0.020000000000000018,0.01463781554372151,0.021169880500987115,MRPL3,1.0,1.0,0.0,0.0,1.0,1.0,1,2,0,0.41297443721195454,1
MRPL32+ctrl,esm3,20260713,0.03323957418859497,-0.008577991156343279,-0.0026017471387986824,0.007766054849871501,0.00770898201789999,-0.048674367689547526,-0.000513805076480002,-0.00030719617906715957,-0.0014458347689771944,0.008823776757847596,-6.046477938070004e-05,-0.01759555880170849,0.018030826698931968,0.01856229118227659,-0.0211219891421508,0.009999999999999953,0.004272383305835098,0.011431608763134316,MRPL32,1.0,1.0,0.0,0.0,1.0,1.0,1,2,0,0.19261764454378918,0
MRPL38+ctrl,esm3,20260713,0.05445620886728991,0.0030393525523948473,0.012038400629827195,0.0458377322549455,0.014222956191131814,0.27622283056749347,0.0008905138820410018,-0.00010343095499953936,-0.0004053964962157375,0.017290061520725403,2.0210689399399978e-05,0.025199438623170478,0.03825540135183958,0.05957191401657913,0.026178738506215105,0.08000000000000002,0.0664699514576772,0.013146096929600892,MRPL38,1.0,1.0,0.0,0.0,1.0,1.0,1,2,0,0.24988272554631724,0
MRPL4+ctrl,esm3,20260713,0.07981454020758,-0.013491464751038906,-0.010653271609956882,-0.019825571078675497,-0.00729508275783769,-0.08567477476986374,-0.0028900820761918987,-0.0014469774598315777,-0.0018255612004342003,-0.007271302117769801,-0.00043738423846660006,0.07951001120441659,0.008106512922484987,0.01488820975360483,0.06720329606059366,0.1,-0.03780070839480951,-0.021049091889219107,MRPL4,1.0,1.0,0.0,0.0,1.0,1.0,1,2,0,0.42037965382714365,1
MRPL49+ctrl,esm3,20260713,0.022676745174352697,0.017534780170850195,0.03770379681012792,0.03147837502789391,0.0012061607431320676,0.17090929274330602,0.0016416274011134963,0.0007878646459710259,6.0555698926600954e-05,-0.0005860216428645315,0.0003040563315152996,0.0313049958402876,0.01768580070724224,0.017498033271245217,0.017830445470417004,0.02999999999999997,0.03800696307545259,-0.002329499645701283,MRPL49,1.0,1.0,1.0,0.0,1.0,1.0,1,3,1,0.4386315548878312,1
MRPL50+ctrl,esm3,20260713,0.030637479533131506,0.007853533707249394,0.014076006130564922,0.023424478236815288,3.284171708392569e-05,0.06505887884366807,0.0005973484367131996,4.8923006735424046e-05,-0.00023050618522024724,0.007429007241536195,3.4841126762300066e-05,-0.004206790201174315,0.009119672202571705,0.0037399114567115976,-0.0170464657079043,0.020000000000000018,0.025112842123108603,0.0042574401199093614,MRPL50,1.0,1.0,0.0,0.0,1.0,1.0,1,2,0,0.28649695647188517,0
MRPL54+ctrl,esm3,20260713,0.03071766671968823,0.00955710589763814,0.02941760081084077,0.013794841412684694,-0.0007992285570063984,-0.0310575522309684,0.0005257446318864996,3.298262575979205e-05,-0.00018379944735635867,0.010440445116026403,3.763480344790005e-05,0.02283950909516752,0.02120539614633299,0.013855327529790129,0.00903116166715967,0.010000000000000009,0.019823821514488915,0.013251617352722844,MRPL54,1.0,1.0,0.0,0.0,1.0,1.0,1,2,0,0.45632056720647746,1
MRPS11+ctrl,esm3,20260713,-0.08447270215540831,-0.01810454194262212,-0.009859318751742174,0.008566330064697592,0.0033015982328161164,0.08195432029287447,-0.000300262123346301,-0.0004989969187371157,-0.001944643615343189,0.015511067595585598,-8.470070315520003e-05,-0.034337714340546444,0.02552294334824623,0.04434072499438557,-0.020864622107400976,-0.04999999999999999,0.013235543182828213,0.01770407411377073,MRPS11,1.0,1.0,0.0,0.0,1.0,1.0,1,2,0,0.34861809487498874,0
MRPS14+ctrl,esm3,20260713,-0.29604934335576616,-0.020687234762972073,-0.026092034864762914,0.001242669307345512,-0.011189397271733292,0.18593371071051434,-0.0024171788245440015,-0.0037363301164872187,-0.0075394613186009485,-0.0012669545901760615,-0.0009004198946058997,-0.384904964703932,0.0076930762431746125,-0.045906889770499504,-0.16325679858920752,-0.25,0.0026707498074018954,-0.0055888475531687964,MRPS14,1.0,1.0,0.0,0.0,1.0,1.0,1,2,0,0.3098167488588997,0
MRPS18A+ctrl,esm3,20260713,-0.12098558134323134,-0.011892335329946824,-0.023133146467297694,0.00886688882576811,0.0018420146062081144,0.13322162047744157,-0.00030942633748049994,-0.00023602800359223686,-0.0007149991017704194,0.014637941252441306,-4.514807369560003e-05,-0.053410024953065904,0.009436656891777417,0.010380604263668824,-0.030502639375491802,-0.09999999999999998,0.011774064835985198,0.013491423003538894,MRPS18A,1.0,1.0,0.0,0.0,1.0,1.0,1,2,0,0.27432657940443206,0
MRPS24+ctrl,esm3,20260713,0.0846845770284978,-0.004884964618687926,-0.019810262643253695,-0.008497376466806011,-0.0013032953276050085,-0.0989214211735241,0.0003112163394690011,0.00013511928856468902,-0.0006899492190813872,-0.010325943012162914,3.6460231058299975e-05,0.11705863069290212,-0.0053463511456948165,-0.014337878676161875,0.054640141334824394,0.04999999999999999,-0.009013517933200377,-0.017526072691173455,MRPS24,1.0,1.0,1.0,0.0,1.0,1.0,1,3,1,0.20944732822544496,0
MRPS26+ctrl,esm3,20260713,0.09785093185596727,-0.012615084249187225,-0.012294429431401521,-0.01461724315672669,-0.0012893517637845853,0.08986538540368322,-0.0022255238145588996,-0.0008893695718336092,-0.0013819749438628293,0.007764956215705582,-0.0002819682122207999,0.017391748614351,0.0013706302261583536,0.00929459858827586,0.01863596565878048,0.11000000000000004,-0.0178876215751482,0.007490626445191384,MRPS26,1.0,1.0,0.0,0.0,1.0,1.0,1,2,0,0.4646844604098582,1
MRPS27+ctrl,esm3,20260713,-0.08430094931114651,-0.002343400814472152,0.005557620482018133,0.006385617498016888,0.0102999145726545,0.09158859068689873,-0.0008755791932345026,-0.0012910571562320117,-0.0013910602156423924,0.014189399252986512,-0.000284519395791,-0.17972762481880283,0.02538952913899395,0.0294794543112612,-0.07241013673988111,-0.06,0.009211978119598008,0.01633389146699038,MRPS27,1.0,1.0,0.0,0.0,1.0,1.0,1,2,0,0.5149034379386356,1
MTPAP+ctrl,esm3,20260713,-0.08822873943545181,-0.005143999312993253,-0.008378846235853388,0.01625492564536679,0.015697152330759634,0.017812844585100684,0.0033853184431792,9.255720732592732e-05,0.003008207928400397,0.01915836958757311,0.0002387240529060997,-0.032535259689452894,0.033718649918849763,0.021902787102154875,0.13453405244085728,-0.09,0.019806289353258455,0.018566664641766373,MTPAP,1.0,1.0,0.0,0.0,0.0,0.0,0,1,0,0.6037724452138512,1
MZT1+ctrl,esm3,20260713,0.0015814901199363018,-0.006609533715693838,-0.009067432821295518,-0.003776577410081916,0.0020808867520273056,-0.027813052420048,0.001512719318270699,-0.0004471302851768444,-0.0011218291892546306,0.0068709128006641945,-3.5783043131299916e-05,-0.2117840947745141,0.032222174122121916,0.0008090140268230961,-0.040002870786244094,-0.010000000000000009,-0.005712307335444006,-0.00828841181088752,MZT1,1.0,1.0,0.0,0.0,0.0,0.0,0,1,0,0.2536214392719283,0
NAA15+ctrl,esm3,20260713,0.0186309098596579,-0.010596298584868657,0.001704248974273126,0.016619131489135297,0.006583324895743203,0.21566758303272004,-0.0003482755273579996,-0.00032842600223703666,1.1527008460965327e-05,0.007897334167415199,-8.38837586343e-05,-0.0815581032379036,0.006204147084751255,0.00102874799816699,-0.005474719218806309,0.07999999999999999,0.021474830753171692,0.004709368462872732,NAA15,1.0,1.0,0.0,1.0,1.0,1.0,1,3,1,0.5425003193229043,1
NARS+ctrl,esm3,20260713,0.15235928185300712,0.017535956037572187,0.0016705473283531447,0.04174233620491008,0.03264034087216877,0.2818663167495087,0.0019447989761828995,0.0012450530698836504,0.0008113381764536243,0.024518566786312007,0.0003865966573358003,0.07105118369488062,0.0295975868309174,0.06995398108394646,0.04748289378573156,0.10999999999999999,0.0709103161907389,0.03577030616770016,NARS,1.0,0.0,1.0,0.0,0.0,0.0,0,1,0,0.5998231806649107,1
NBAS+ctrl,esm3,20260713,0.16323396356488273,0.003416475637813332,-0.00137860749462837,0.045347583007118,0.0003660798341650895,0.16298605004419098,0.002275628969073299,0.0004913251791344164,0.0017179693647599859,-0.002911018847981006,0.00017843011301010001,0.21191982214637467,0.041254886793671064,0.041964533540033266,0.16891818647550572,0.12999999999999998,0.055797951381768435,0.0050820674938758525,NBAS,1.0,1.0,0.0,0.0,1.0,1.0,1,2,0,0.6721823327012071,1
NCAPH+ctrl,esm3,20260713,0.03294244341658201,-0.01427416801276049,-0.0180120219203318,0.010771565162709995,0.020921317158345942,-0.043758449026625845,0.0009706635028123994,0.001028436994374382,0.001901654115003204,0.017026795498643915,0.0002560628345236,0.1267065352729922,0.011923161343540989,0.028020412839805164,0.046272187186880004,0.06,0.017172838257327405,0.029911708567929574,NCAPH,1.0,1.0,0.0,0.0,1.0,1.0,1,2,0,0.5645618565088076,1
NDC80+ctrl,esm3,20260713,0.19035968570226136,0.06545435100765074,0.04817383937777031,0.051716065772268616,0.029274474755440094,0.33621468194322646,0.0021711457520722996,0.0006155038888860931,0.002437248865490016,0.0167251771451096,0.00031625048723070003,0.19746829102192964,-0.006773143082380861,0.09983519099912586,0.13257969069260905,0.12000000000000005,0.09012157531412934,0.04439415161775573,NDC80,1.0,1.0,1.0,1.0,1.0,1.0,1,4,1,0.5366250783763342,1
NDUFA8+ctrl,esm3,20260713,-0.061344355508070075,0.0024945874198463724,0.005872686823915507,0.012567361658864712,0.015258215140861286,0.0707946031893747,0.0004996564239263014,-0.00017696611058659606,-0.0008411636991567661,0.02230222545695859,-1.8822611309000318e-06,0.018258058861592597,0.04513569281131036,0.05498397936568433,0.02087625045727831,-0.10000000000000003,0.016171240865764408,0.010075649096283779,NDUFA8,1.0,1.0,0.0,0.0,1.0,1.0,1,2,0,0.24666935548962787,0
NEDD1+ctrl,esm3,20260713,0.0396861175771166,-0.07314147583670838,-0.06017843223899638,0.005597573644480408,0.011300160922643687,0.01954540779437358,-0.0005652364343404007,-0.0008430701943515917,-0.001984127215365117,0.009965363728162702,-0.00014145101886240004,0.05196819209523823,0.034124373603475866,0.04959449580307296,0.01723292227905629,0.1,0.006188193129231995,0.014583261001890113,NEDD1,1.0,1.0,0.0,1.0,0.0,0.0,0,2,0,0.4811699786249136,1
NELFA+ctrl,esm3,20260713,0.06922878993785547,0.017522157434132435,-0.01677644004615797,0.009115461567198585,-0.024430712012651457,-0.1762981972810227,0.0030624214559794027,0.0016104041202313901,0.0038958531731519974,-0.014010478610830768,0.00041705858893699996,-0.05322857552992011,-0.024452301812831534,-0.1182696540665833,-0.016627126518541202,0.07,0.02097778022055602,-0.030266932592100892,NELFA,1.0,1.0,0.0,1.0,1.0,1.0,1,3,1,0.3766572670241666,0
NFRKB+ctrl,esm3,20260713,0.0016846984505554108,0.03382186007804233,0.04497117961871411,-0.049252136551545006,-0.0176543022560898,-0.23087402985356947,-0.0011057760566473007,-0.0012396889085111162,-0.0016735729629834273,-0.015072722762575097,-0.0003094780258834,-0.3554786886857056,-0.030892535449048797,-0.05131866423448006,-0.059708593763430004,0.010000000000000009,-0.06762556567432498,-0.01611299368674257,NFRKB,1.0,1.0,0.0,1.0,1.0,1.0,1,3,1,0.3930709025295937,0
NOL6+ctrl,esm3,20260713,-0.1882325260848512,-0.03485763494235816,-0.027931726597776874,-0.10302954888598378,-0.03611842177552921,-0.27120444456688053,-0.008817322552204198,-0.004121014452937,-0.006507880820471268,-0.013642161057567992,-0.0012949338997715002,-0.08726564006818283,-0.052469987761924686,-0.16595710361432814,-0.10733315855355874,-0.12,-0.1317653919872809,-0.031710118040646385,NOL6,1.0,1.0,0.0,0.0,0.0,0.0,0,1,0,0.46913698901924206,1
NOP10+ctrl,esm3,20260713,-0.33538907012474894,-0.021877424177562,-0.02369860389268119,-0.04667291568484308,-0.02573456987311168,0.007437749450136089,-0.0030985958874226033,-0.0016158213430684798,-0.001852064330082559,-0.002024362692065601,-0.00043760315747930006,-0.20753880705856204,-0.016457721604048126,-0.05785699136636868,-0.054435714364169,-0.25,-0.053552850862849916,-0.019301092336239112,NOP10,1.0,1.0,0.0,0.0,1.0,1.0,1,2,0,0.21523627459549166,0
NRBP1+ctrl,esm3,20260713,0.014994998837341816,0.0028244389625668997,0.008466408856723284,0.0260534946838073,0.0010964550740634182,0.06667776393215985,0.002506829798221602,0.002930358919634446,0.005416964665198698,-0.003259964077588995,0.0006859048735350999,0.13305063370126718,0.012219197960553596,-0.0009922042127712416,0.05588157340254271,0.06,0.041517148549902405,-0.0012922519358156137,NRBP1,1.0,1.0,0.0,0.0,0.0,0.0,0,1,0,0.39456094140037035,0
NSA2+ctrl,esm3,20260713,-0.009882328960165165,0.009470019538350471,0.014070598936199885,-0.014920970349285995,-0.005610841439463887,-0.05939173760128863,0.0007912665605545009,0.00040874125982959253,0.0006210993121630315,-0.015348533024078792,8.442386751990002e-05,-0.033337273465153916,-0.03157306587078712,-0.029723269616774184,-0.033272579444241446,0.0,-0.011547803061021489,-0.011798657908343557,NSA2,1.0,1.0,0.0,0.0,0.0,0.0,0,1,0,0.248515610657371,0
NUBP1+ctrl,esm3,20260713,0.010721057616726093,-0.012758144934533977,-0.0270362621157354,-0.019759540633491196,-0.004582423489203291,-0.04565848095538061,0.0005960315465926985,0.00036562568671361095,-0.0012160230259455895,-0.009654200947019909,0.00012891564983870006,-0.006782187351296709,0.013048126045769659,-0.007150049419719862,-0.013961712702803608,0.07,-0.010518847512306806,-0.012007446654985654,NUBP1,1.0,1.0,0.0,0.0,1.0,1.0,1,2,0,0.2713715614389949,0
NUDC+ctrl,esm3,20260713,-0.04402815518246311,0.04147045282591455,0.05349929053062191,-0.007047564180596794,0.01117436129461391,0.1156562891388127,-0.0033628214150667017,-0.00185205904947916,-0.002458388955184021,0.015988194577288894,-0.0004903282970189999,-0.0684372804966411,0.012353170820507353,0.037783017752074044,-0.014222748051433809,-0.06,-0.02386814237533802,0.012121185798876444,NUDC,1.0,1.0,0.0,1.0,1.0,1.0,1,3,1,0.8414881547158479,1
NUP54+ctrl,esm3,20260713,0.21650378198069614,0.0066866279694759445,0.0165172463973301,-0.003180228657072598,0.02465170839706579,0.1237458647072136,0.0006361510604620015,0.0020107674247116236,0.003172219734352222,0.012090484239251409,0.00035804521758110003,0.16422369076290988,0.030049202862409308,0.09385693199728318,0.1308889378026714,0.15999999999999998,-0.0008171620485148967,0.021387005181585983,NUP54,1.0,1.0,0.0,0.0,1.0,1.0,1,2,0,0.6072345394642318,1
NUTF2+ctrl,esm3,20260713,-0.13772315943332264,-0.050863789138012705,-0.07314252278982458,0.020015306405585964,0.0044311080204649245,-0.022550368145488386,-0.0034885071218013,-0.0037044508171290014,-0.01416845209367723,0.02458526719427659,-0.0010054933372885002,-0.1808390631924255,-0.0014102538485931682,-0.010044996115131433,-0.1689475873455133,-0.08999999999999997,-0.009823386949622648,0.01252156445770658,NUTF2,1.0,1.0,1.0,1.0,0.0,0.0,0,3,1,0.182500108142927,0
OGFOD1+ctrl,esm3,20260713,-0.040461410319236,-0.036928327568095776,-0.04324736979487337,-0.011362358953286605,-0.04947081924803892,0.04294217274055112,-0.004686087369918799,-0.003211857939945717,-0.002622400712958939,-0.027921997149166794,-0.0010611058678477998,-0.15523752098138457,-0.044272722104582884,-0.07035641861427067,-0.09174206489435331,-0.03,-0.0216199130982756,-0.04684520425284,OGFOD1,1.0,1.0,0.0,0.0,0.0,0.0,0,1,0,0.2013665529745279,0
OPA1+ctrl,esm3,20260713,-0.0187178763702964,0.0727586599628477,0.04984303264206669,0.008335208195347582,-0.013456440237076983,-0.06174914551933308,0.004795445129275301,0.0036582255294708155,0.007027077354769595,-0.026930573584696887,0.0009287860011681999,-0.02828971394349833,-0.02587163270334314,-0.05316604633003241,-0.029165564271322497,-0.020000000000000018,0.03489261074658781,-0.02381715363299075,OPA1,1.0,1.0,0.0,0.0,1.0,1.0,1,2,0,0.3461184620083676,0
ORC5+ctrl,esm3,20260713,-0.020912215176793203,0.05448476676374314,0.05261172203972608,0.0269625536653684,-0.00040957150588721847,0.09560128538530854,0.0010394323617219994,0.00045942852651503774,0.0009337491253724739,0.0006686019551689903,0.00012182124191899995,0.063724245842945,-0.0036186170137982865,0.006087149035086559,0.048823657440053486,-0.10000000000000003,0.02695143788542642,0.009185189358079882,ORC5,1.0,1.0,0.0,0.0,1.0,1.0,1,2,0,0.28873145928018085,0
OXA1L+ctrl,esm3,20260713,0.3182014121585805,0.025390188703671046,0.03259585592770453,0.0267942658492627,0.024808588487145206,0.060382017331430005,0.0050483383238316,0.00247376882046646,0.004835419032960808,0.013271593024060113,0.0006746723665855,0.2817697632357075,0.042193088255986666,0.08499156629438942,0.21904826847903475,0.22999999999999993,0.04835281348510792,0.024935232645612704,OXA1L,1.0,1.0,0.0,0.0,0.0,0.0,0,1,0,0.3096906849944455,0
PAM16+ctrl,esm3,20260713,-0.11003960558198478,-0.003474032291183149,-0.005001871749440667,-0.0193136243112782,0.005204501548567997,0.062336708633472626,-0.001425687223672898,-0.001461686232174353,-0.0016253762652848058,0.00948387776741047,-0.0003464319743216001,-0.03541072364078346,0.021514062067475637,-0.026089276385534377,-0.018158793876495993,-0.12,-0.02184771343325939,0.005744502883654912,PAM16,1.0,1.0,0.0,0.0,1.0,1.0,1,2,0,0.6104597216725507,1
PCF11+ctrl,esm3,20260713,0.0011172301969234189,-0.005467385000859637,0.030409399713090646,-0.03104021327526771,0.0012849674028712066,-0.20494770051915479,0.0019189305603504007,0.001547000577625024,0.002388608351544419,-0.011966671825395694,0.0002615049015729999,-0.1203643874727302,-0.010707277844865137,-0.07718220020969124,-0.06759166206032619,0.019999999999999962,-0.046602077988130874,0.0008875720957246536,PCF11,1.0,1.0,0.0,1.0,1.0,1.0,1,3,1,0.29365857001091883,0
PDCD2+ctrl,esm3,20260713,-0.0698291005976106,0.0005056706197524852,-0.0019706043910544535,0.05207254888800228,0.013288957863842599,0.2541492263748646,0.0014209821820259025,0.0006367939038706139,0.0009035574122070456,0.008964150064156295,0.00028985086828470013,0.12276515529142819,0.029748889373413023,0.060941043877427936,0.012338863453026198,-0.08999999999999997,0.07230130244999222,0.01208117474546988,PDCD2,1.0,1.0,0.0,0.0,1.0,1.0,1,2,0,0.23858657700463945,0
PET117+ctrl,esm3,20260713,-0.0009845292244436976,0.021976587968784878,0.0749018156486938,-0.005581042506398987,0.005960829797495015,-0.0034492330705568897,-0.0022856574505568,-0.0020716142188995645,-0.00430927150037097,0.013120644263556303,-0.0004372363910078998,-0.09797426985648211,0.031166288328895453,0.021183015136429728,-0.0625455293368234,0.01999999999999999,-0.014998951851718512,0.020636124500902464,PET117,1.0,1.0,0.0,0.0,1.0,1.0,1,2,0,0.23482859540575993,0
PGPEP1+ctrl,esm3,20260713,0.028096243456554093,-0.02741491166858434,-0.031641632219561844,0.033183259269864096,0.013483318306830805,0.07228978046996382,-0.0012586656957865004,-0.0007465612032947488,-0.0005148324208896771,0.017039645113606117,-0.0002667424269019998,0.03349181215537872,0.021765311670036813,0.06772488721199865,0.0274903307929934,0.020000000000000018,0.040276701158888595,0.01771415745129623,PGPEP1,1.0,1.0,0.0,0.0,0.0,0.0,0,1,0,0.19633411725507985,0
PHF5A+ctrl,esm3,20260713,-0.2886711755785893,-0.20679512679194922,-0.2215035069267708,0.007010646034134815,-0.1070497349687701,-0.06720719278353804,-0.013015745207667403,-0.01549192480886108,-0.028104382749892243,-0.008533134822002186,-0.0038060967344791,-0.9110669512356131,0.021695471081690898,-0.2290253784879439,-0.6060882873449919,-0.24999999999999997,-0.026430258323804523,-0.0858003729503527,PHF5A,1.0,1.0,1.0,1.0,1.0,1.0,1,4,1,0.40067550541545843,0
PIAS4+ctrl,esm3,20260713,-0.1722937977644637,0.003604995523913357,-0.008669494734419025,0.010181547138725211,-0.010281779858989593,-0.08168172305616572,-0.0011177975684403992,-0.0008375227217756187,-0.001520081508010418,0.0029642139292223035,-0.0002574909012765,-0.24899514491934951,0.01662702147765116,-0.04687932985140719,-0.16301199523143892,-0.17999999999999997,0.009725756643331807,-0.0049859310481848995,PIAS4,1.0,1.0,1.0,1.0,0.0,0.0,0,3,1,0.29473499487295646,0
POLA1+ctrl,esm3,20260713,-0.0562684524307131,-0.008999043354652958,-0.006827012438794466,-0.01690519495670742,0.008176927915439114,-0.18827805803645942,0.006408212706446599,0.004049704125052567,0.006084822963685177,-0.017613547775825217,0.0009690315346232999,-0.01890371229177734,-0.05721117475182802,-0.06540075536391798,-0.04158453659256389,-0.04999999999999993,-0.0169715079607137,0.006965536078016421,POLA1,1.0,1.0,1.0,1.0,1.0,1.0,1,4,1,0.5191450699456405,1
POLD2+ctrl,esm3,20260713,-0.07222720976983321,-0.0605063170639894,-0.047183682205664323,0.01140882051401898,0.011752926718331391,0.09678731795110462,-0.0019979644566773987,-0.0009888035253934335,-0.0032526820181856264,0.026957286253706803,-0.0002512031933293,-0.049611054382497466,0.0271817948895392,0.0726662923065472,-0.04259991306250005,0.010000000000000009,0.0147330188316884,0.02384972790396156,POLD2,1.0,1.0,1.0,1.0,1.0,1.0,1,4,1,0.66582718730439,1
POLE+ctrl,esm3,20260713,-0.008374777693204383,-0.028697630389456386,-0.020752619856151178,0.020070492979132604,0.01762518875535482,0.012487922743366464,0.0016439128667116998,-5.667098961992245e-06,-0.0014455345538213482,0.022438059357484913,0.0001356939319521,0.04764402484836172,0.033283428029510786,0.03075399461010031,0.003448428345095067,0.050000000000000044,0.02265960221140928,0.02506634577602873,POLE,1.0,1.0,0.0,1.0,1.0,1.0,1,3,1,0.5168363531937439,1
POLR1E+ctrl,esm3,20260713,-0.1476700227752158,0.014307165466769689,0.026174366998734322,0.002601641909728114,0.01611766180819621,0.028033629134223415,0.002019302919506999,0.0010951855103445984,0.0012576165858861899,0.016516437075818097,0.00028321048012000007,-0.10224401322224097,0.020551883046809882,0.051946416917026395,-0.07907054518618417,-0.1399999999999999,0.008888231473725694,0.0240070012839948,POLR1E,1.0,1.0,1.0,1.0,1.0,1.0,1,4,1,0.38888077882314764,0
POLR2E+ctrl,esm3,20260713,-0.08098357707563775,0.004660164398819777,0.004301284559018237,0.09234392901378739,0.06231258609035012,0.1300849954411587,0.0139917451888322,0.010854553535926348,0.019225365025014374,0.0260691627956115,0.0027027517789975,-0.04136784055257681,0.006155044965467149,0.06358595465735051,-0.02453309998415354,-0.08999999999999997,0.12589958717481212,0.06956941683468187,POLR2E,1.0,1.0,0.0,1.0,1.0,1.0,1,3,1,0.1804290856156837,0
POLR2F+ctrl,esm3,20260713,-0.30567445222382206,-0.05242007140361127,-0.049682264703372336,-0.0516958257775989,-0.023191077721694403,-0.18000565592065548,-0.0024689640849828998,-0.001225327419148714,-0.008491845340498738,-0.023666236866394713,-0.00023223459720620007,-0.19702174588826138,-0.04083400387053837,-0.07227926608569568,-0.24596887812336932,-0.20000000000000007,-0.07472204202169819,-0.02727621765832655,POLR2F,1.0,1.0,1.0,1.0,1.0,1.0,1,4,1,0.18886517813918152,0
POLR3B+ctrl,esm3,20260713,-0.01694472870497782,-0.002428042657199314,0.010022668275343594,0.010152444088399909,-0.0132008253575982,0.1665350968763643,-0.003607392311096202,-0.0034355370106186056,-0.0018979506768131982,0.0028987452510240153,-0.0009543143678456003,0.020748956524327594,0.020416925821681975,0.024931670832390562,0.03427331312212911,0.010000000000000009,-0.0013840195682898737,-0.018149991056621406,POLR3B,1.0,1.0,0.0,1.0,1.0,1.0,1,3,1,0.9657356094115339,1
POLR3C+ctrl,esm3,20260713,-0.0070542027306603056,0.02481406652002749,0.03881781090573419,-0.04881173733799199,-0.019841627342460005,-0.22613364553907622,8.19973647595007e-05,0.0005316326085019751,0.0005925273837011913,-0.021564415464292108,0.00010901055065920008,-0.1927272646388799,-0.07667783855373056,-0.09108915125579808,-0.0949883970846709,0.009999999999999981,-0.054204936612154114,-0.013771517732307559,POLR3C,1.0,1.0,0.0,1.0,1.0,1.0,1,3,1,0.2827661684995906,0
POLR3D+ctrl,esm3,20260713,0.07861870159439702,0.03553804046097353,0.04315193779733545,0.04301641959598429,0.02856205514818083,0.30130823871462836,-0.0023616086691618,-0.0004977538173426277,-0.000834943041397751,0.031668778345274706,-0.0002379495417699001,0.05823931496868623,0.014288572390600218,0.051977544670401166,0.037336056012201996,0.040000000000000036,0.031687892242066196,0.043396936089343696,POLR3D,1.0,1.0,1.0,1.0,1.0,1.0,1,4,1,0.3583332079272889,0
POLR3F+ctrl,esm3,20260713,-0.0734579913974312,0.026425564478426367,0.044781299666741325,-0.029130826151704592,-0.006828677682154727,-0.1437224223314093,0.0011709500104189023,0.0009636291519261597,0.0012930622597224772,-0.014037007919635913,0.00023947225417939998,-0.2278333847540493,-0.05895122596362368,-0.05614193802338452,-0.16729293093974718,-0.06,-0.030201233670524213,-0.006451309048784326,POLR3F,1.0,1.0,0.0,1.0,1.0,1.0,1,3,1,0.2654685132272808,0
POP4+ctrl,esm3,20260713,-0.1005836050575149,-0.002704033123566374,-0.004238934357205126,-0.0187306871939123,-0.01066408682488168,-0.0782007271434782,0.0007900502532720982,-0.0002964166845266236,0.0008784421791375729,-0.016091598026091808,-5.431822501099966e-06,0.0018662804625855234,0.0055997715274715976,-0.012309688562624821,0.11126259239613473,-0.04999999999999999,-0.020976344091550886,-0.006523777254872742,POP4,1.0,1.0,0.0,0.0,1.0,1.0,1,2,0,0.2992725434398552,0
PPP1R11+ctrl,esm3,20260713,-0.011872268462557511,-0.011343863474627014,-0.011235869946212895,-0.015227549134554097,-0.013359800682445633,-0.041853128128354455,0.0018621366471051996,0.0019763296057248025,0.0014749886997076356,-0.018712249925700503,0.00048749009147289993,0.2945005829508502,-0.059188711906579594,-0.035373220070539446,0.1028116032782004,0.010000000000000009,-0.011180482724403806,-0.018514985253163863,PPP1R11,1.0,1.0,0.0,0.0,0.0,0.0,0,1,0,0.3664741797659978,0
PPP4R2+ctrl,esm3,20260713,-0.016200037430174785,-0.0550617939757615,-0.052521067292486845,0.005613164362198497,0.011431308300019705,0.0797912907964678,0.0006151311099529995,-0.0009829547315227671,-0.0034948671072460025,0.01823873159567499,-0.00014297047164289994,-0.1122730959111117,0.025946047715418086,0.025459715655655968,0.0008475531144898074,0.03,-0.0030393279202214074,0.01691880721009853,PPP4R2,1.0,1.0,0.0,1.0,1.0,1.0,1,3,1,0.3382547700499941,0
PRELID1+ctrl,esm3,20260713,0.04564919105574461,0.09936534033987698,0.07217497482541879,-0.003316032775412786,0.01858177222970786,-0.11940595076087263,0.013477111235260901,0.009415854706157134,0.017012648145516396,-0.0166281705672372,0.0024323946563526997,0.016037729295614755,-0.02416403031743175,-0.029763865162231284,0.011747465462462525,0.06,0.024707446409101802,0.0252146401343446,PRELID1,1.0,1.0,0.0,0.0,0.0,0.0,0,1,0,0.8267778368246455,1
PRPF3+ctrl,esm3,20260713,-0.2757425633761397,0.02661273822521293,0.018484881740578385,-0.02660273642202418,-0.021708495573612874,-0.15788725242757895,-0.008336635306477502,-0.004082742411204765,-0.012518280597331954,-0.008699818805456422,-0.0012666196562349998,-0.16228066828319998,-0.05573692344964887,-0.07442587332764139,-0.14357252041626034,-0.17000000000000004,-0.05860965969298709,-0.029708628000223558,PRPF3,1.0,1.0,0.0,1.0,1.0,1.0,1,3,1,0.2757004471829877,0
PRPF31+ctrl,esm3,20260713,-0.1469533161402259,0.0032889076311591325,-0.0007780160783524837,-0.037028200366015174,-0.0395594943961326,-0.1604759474657771,-0.005462456494569799,-0.005468508008219075,-0.016264518346653878,-0.02165766825804799,-0.0014433912001549998,-0.17533309583868362,-0.015374782488146721,-0.08965910520506182,-0.15685007350600289,-0.10999999999999999,-0.042010995320132694,-0.035999157839732066,PRPF31,1.0,1.0,1.0,1.0,1.0,1.0,1,4,1,0.5558206178966875,1
PRPF4B+ctrl,esm3,20260713,0.08080716832580169,0.004151722272641989,0.011715683911617203,0.0064115947475962,0.006441381337194407,0.07792673058541777,-0.0007314570248127018,-0.00022845364163504023,-0.0020233364969819423,0.010566357100531915,-3.779039252549995e-05,0.0507685699592981,0.00625335778510816,0.007803404182444962,-0.038272726988947896,0.15000000000000002,0.0031711769989705707,0.007753842206271178,PRPF4B,1.0,1.0,0.0,0.0,0.0,0.0,0,1,0,0.31030206121583254,0
PRPF8+ctrl,esm3,20260713,0.1029274717038037,0.06585703592511427,0.04399139987783085,0.015172680361698776,0.00793713247673078,0.24563638447816183,0.0022547580301761974,0.0013913610613456306,0.002400619968024764,0.0023309075750876096,0.0003977394662798002,0.1372312301892652,-0.0007403833019912209,0.04672371889973759,0.09256133933352972,0.10999999999999999,0.04845438732190771,0.019741899508180838,PRPF8,1.0,1.0,0.0,1.0,1.0,1.0,1,3,1,0.33767594403437845,0
PSMA2+ctrl,esm3,20260713,0.04192604121878124,0.00014875685227949687,-0.004286414387464077,0.0019373720695039787,0.001568788879796723,-0.032528337357139225,0.0035856757313013007,0.0028288688408409923,0.00530602808378644,-0.004508947368466798,0.0007190011674537999,0.047726718013763825,0.006426576101346115,0.014863973783681539,0.030230734130347103,0.04999999999999999,0.01815804937106752,-0.0017245436397250735,PSMA2,1.0,1.0,0.0,1.0,1.0,1.0,1,3,1,0.8492605232695278,1
PSMA3+ctrl,esm3,20260713,-0.08515408970004257,-0.01185215530775563,-0.008278140713135262,6.147339575268695e-05,-0.012236115025563904,0.014527635539734018,-0.0022503696382046023,-0.002205105706612809,-0.004803142343251854,0.008255463200448815,-0.0005570659413934001,-0.04125567902599925,0.0013696406662443428,-0.024124498517883786,-0.052088544152148586,-0.030000000000000027,-0.012043619422340002,-0.009808660948209869,PSMA3,1.0,1.0,0.0,1.0,1.0,1.0,1,3,1,0.8290067011788567,1
PSMA6+ctrl,esm3,20260713,0.11497141790125981,0.04325975486471634,0.04563435729308224,0.05107558703742121,-0.009434022850186907,0.06297567713428132,0.0035375319421292045,0.0025219464818804216,0.00945741231269881,-0.0032729173557947966,0.0007053401786833997,0.1358625087829738,0.03230157001386336,0.027267065415204184,0.116812475110106,0.13,0.06530688907225982,-0.007182299393283964,PSMA6,1.0,1.0,0.0,1.0,1.0,1.0,1,3,1,0.8205586608883654,1
PSMB1+ctrl,esm3,20260713,0.02993544876184706,0.007094991528329819,0.019364779523472042,-0.005437780217347893,2.5171371447307855e-05,0.01628476380070959,-0.00021237321197990072,0.0004222275614478299,-0.0006841347867539982,-0.007965905069862,6.622896762569993e-05,-0.01709299176969903,-0.02025755898647774,-0.009128949787051699,-0.05581635693799386,0.06000000000000005,-0.0038599613066127025,0.004086235345604816,PSMB1,1.0,1.0,1.0,1.0,1.0,1.0,1,4,1,0.7438153831621768,1
PSMD1+ctrl,esm3,20260713,-0.007986036625760695,0.006505363979566137,-0.0009034563446699284,-0.028849265944653396,-0.008874293583689075,0.07252320227115028,-0.006728297099471099,-0.004111457850651368,-0.0055132799806636434,0.001554719278136607,-0.0010092507000082,-0.0074202960762739245,-0.006792681821146229,0.024657156338262376,-0.005565451230885143,-0.010000000000000009,-0.047722567666177995,-0.008064505089349971,PSMD1,1.0,1.0,0.0,1.0,1.0,1.0,1,3,1,0.6933988680136911,1
PSMD4+ctrl,esm3,20260713,-0.0016323241090178964,-0.04787620657623626,-0.08749663051993939,-0.050788255412301586,-0.03440821224178581,-0.4114841726618631,-0.006843408569693597,-0.0034078638885437496,-0.0077484815244663885,-0.0124848354199176,-0.0010972307063639,-0.6493828194727275,-0.05653837264221251,-0.08484344657278708,-0.44105109934890996,0.0,-0.08245783727774719,-0.03375940885326745,PSMD4,1.0,1.0,1.0,1.0,1.0,1.0,1,4,1,0.20336773302060204,0
PSMD7+ctrl,esm3,20260713,-0.12665402991727448,-0.06359714225369884,-0.027706784000796292,-0.0005236449632318174,-0.009097629823156095,0.06466582293804923,-0.0009212866425514013,-0.0017632285625656108,-0.004667811546712364,6.27059620955106e-05,-0.0004805601201951998,-0.027728140923347855,0.012676096593740693,-0.028127012987012145,-0.012537859156181108,-0.09999999999999998,0.0009429021671141236,0.0003012211118291752,PSMD7,1.0,1.0,0.0,1.0,1.0,1.0,1,3,1,0.8143376286557976,1
PTCD1+ctrl,esm3,20260713,0.0916594390042273,-0.0038555529324750815,-0.001504894861886874,-0.007831971253638714,-0.006000366125450407,-0.013005569231610614,-0.0007508238777517995,1.2436158713935441e-05,0.0006334572253535731,-0.015094549809559682,-4.078727215530006e-05,0.05976877296926281,-0.026534375494642326,-0.0323159746740197,0.03918862645821014,-0.019999999999999962,-0.0033809866907481,-0.004259730113334248,PTCD1,1.0,1.0,0.0,0.0,0.0,0.0,0,1,0,0.517333544115189,1
PUF60+ctrl,esm3,20260713,-0.013709896491843787,-0.02626778848948108,-0.036991194863491894,-0.03937142048470399,-0.017991109562275898,-0.222736213417853,-0.005668092519044897,-0.0032797852151812412,-0.013103481192694666,-0.006127053222049372,-0.0010868229437619,-0.0648994919182822,-0.036653056016824004,-0.028339775507388754,-0.0634046800303186,-0.07,-0.06876223525179287,-0.014536039015568658,PUF60,1.0,1.0,1.0,1.0,1.0,1.0,1,4,1,0.6359689975822066,1
PWP2+ctrl,esm3,20260713,-0.17050975773919358,0.008774727314802111,0.013958383393935292,-0.0573900511621821,0.010638694191415388,-0.05450750211304345,-0.0009217243641614983,-0.000642466374373929,0.0010234107040947293,0.005238870974108301,-0.00019438588060430003,-0.046153365559115755,-0.020927970579001642,-0.003824565417151815,0.04743100220442131,-0.12,-0.06734625961435459,0.007468565763122603,PWP2,1.0,1.0,0.0,0.0,0.0,0.0,0,1,0,0.6465936972327302,1
QARS+ctrl,esm3,20260713,0.12448809513352643,0.01648609576809168,0.001898950499998886,0.0029007209154940927,0.016386084766127712,0.010268935706226778,0.0021285992115735973,0.002509287827785478,0.004090704163628445,0.005791334284378891,0.0005749580450356002,0.09561066589304568,-0.009311501331771277,0.047113183620839494,0.10968994551553218,0.07,0.0047959766813496785,0.010338556052425396,QARS,1.0,0.0,1.0,0.0,0.0,0.0,0,1,0,1.0000000000000007,1
RARS2+ctrl,esm3,20260713,0.1506320034995893,0.053892170863633626,0.07167587719395752,0.063397347129,0.03454165407856488,0.1706109352586313,0.002207474783062999,0.0005118794796500348,0.0018075185992727505,0.03308441338491219,0.00018418987747290008,0.13765482996908895,0.06178441268855117,0.12337732372747123,0.0854712127956469,0.12,0.0747824817201071,0.04037944845725516,RARS2,1.0,1.0,0.0,0.0,0.0,0.0,0,1,0,0.771055439042763,1
RBM19+ctrl,esm3,20260713,0.03906088560114611,0.031028070555833787,0.05137676367647481,0.023017523840699217,0.0026773649839215707,0.1236886135311327,0.002145513892173802,0.0018733153625333232,0.004987710088187991,-0.00012200324099620463,0.00042975763790309993,-0.008340529957202698,-0.00589883939383995,-0.0024532325884637496,0.009282091955283706,0.010000000000000009,0.031285822254672746,0.0007889613539759921,RBM19,1.0,1.0,1.0,0.0,0.0,0.0,0,2,0,0.48949427347992597,1
RBM28+ctrl,esm3,20260713,0.040822796945450435,0.07989878310786602,0.08981197085491593,0.029130425803797017,0.03058325850667859,0.24250585125993684,0.003353742882609402,0.0008688851634057748,0.003317281262244398,0.019151378643105788,0.00038630259223280017,0.05857321291616302,0.03111069944328837,0.05794223562219869,0.09270646290183249,0.06999999999999995,0.041233278224232284,0.029734325948449714,RBM28,1.0,1.0,0.0,0.0,1.0,1.0,1,2,0,0.481086671977071,1
RBM39+ctrl,esm3,20260713,0.039115757692061076,0.05647889682063301,0.04745125070835843,-1.2546070366492579e-05,0.012735413707876009,0.2580703903864352,0.0023461282253266005,0.0017577346886276102,0.006132511398624807,0.014706852981586305,0.0004230951890349002,0.2330600313616138,0.013696514370707402,0.09234616124314377,0.1586436472512477,0.05999999999999997,0.018582452587673104,0.018864751344255026,RBM39,1.0,1.0,1.0,1.0,1.0,1.0,1,4,1,0.7466329603288437,1
RBM42+ctrl,esm3,20260713,0.000269033099144389,0.08815336837667648,0.04572582962771732,0.007247667491793119,-0.007073536443478579,-0.13697339772891126,0.0012959036976099014,0.0006306755868930036,-0.0008207552968499954,-0.01683677473831921,0.0002645417116581999,-0.0526507410102896,0.022809737712095046,-0.030748270793492183,-0.038984817903245095,0.030000000000000027,0.013142726857866882,-0.01998656480027039,RBM42,1.0,1.0,0.0,1.0,1.0,1.0,1,3,1,0.3324806375880308,0
RBX1+ctrl,esm3,20260713,0.04514502857490241,0.02062464729864666,0.027893481395509845,0.03305659677281808,0.02934400306044771,0.29309666739086027,0.003312356770038598,0.000606422629019554,0.0017186937967522686,0.02306393406851101,0.00040098140016200023,0.1229434589032069,0.058518704448349834,0.09186167146014268,0.0787706241484964,0.07999999999999999,0.05813608962491551,0.039446523876882855,RBX1,1.0,1.0,0.0,1.0,1.0,1.0,1,3,1,0.24542061255063657,0
RCC1+ctrl,esm3,20260713,-0.06531715583310621,0.04861174246691102,0.0497644458570729,-0.05450118847707841,-0.019844786476544113,-0.2462811075904155,0.00016089715063569848,-0.0001367795962867735,0.000836799704932889,-0.0218561974384556,-3.7814723327800055e-05,-0.1776774362928114,-0.02853382964063067,-0.07494854751113245,-0.022271887371944493,-0.07,-0.07104729998693618,-0.03088059244563135,RCC1,1.0,1.0,1.0,1.0,1.0,1.0,1,4,1,0.200743500985735,0
RFC3+ctrl,esm3,20260713,-0.1842168120058466,-0.0267371722131704,-0.023224857384893216,-0.026175441492301804,-0.005068307773498121,-0.039033278058226095,-0.0005749389529229008,-0.0004865315431912265,-0.0013587334623493819,-0.00015467400190730118,-9.954813867800005e-05,-0.08045798955171013,0.00446048949268496,-0.033616937493197496,-0.055554624127433616,-0.13,-0.029894136051591108,-0.010624562877688648,RFC3,1.0,1.0,1.0,1.0,1.0,1.0,1,4,1,0.6893661429844953,1
RFC4+ctrl,esm3,20260713,0.027724729525209435,-0.0015124358461051646,-0.0014032603555773626,0.008401115040723994,0.004126746028003503,0.09871199570585976,0.0005772281438111981,0.00014376842506436116,0.0013294426363115175,0.0033314588657485933,6.077642319730003e-05,0.016109256245494752,0.0024699052796817167,0.01650870233829882,0.022276414011056567,0.030000000000000027,0.01004164010173672,0.005609567038528662,RFC4,1.0,1.0,0.0,1.0,1.0,1.0,1,3,1,0.8209484857571958,1
RIOK1+ctrl,esm3,20260713,-0.06254159350570687,0.005748998026451235,-0.02156964395321226,-0.006406667693088508,-0.012109487658410717,0.01969910301513461,-0.002395536750555099,-0.0005136569860731965,-4.098355432335943e-05,-0.00012107477774750408,-0.00025232540792779996,-0.0283951837606069,-0.0035321754056254484,-0.03513849253984869,-0.04828277290846994,-0.050000000000000044,-0.014613627310904292,-0.022073452317498354,RIOK1,1.0,1.0,0.0,1.0,0.0,0.0,0,2,0,0.6476035985716702,1
RNF40+ctrl,esm3,20260713,0.22121376876092913,0.02250271018054073,0.03161908936123392,-0.016209985833080087,0.0016107544834202125,0.04016240577059399,0.000379212200641698,-0.00023569222732156003,-0.00023638109745538483,0.007718630739789706,-2.1664600353700036e-05,0.23371833290192162,0.027514671050375084,0.03913684159832331,0.171869257107932,0.16000000000000003,-0.016809275613319796,-0.0008801781262418595,RNF40,1.0,1.0,1.0,1.0,1.0,1.0,1,4,1,0.941805307384212,1
RNGTT+ctrl,esm3,20260713,-0.0700773603822055,-0.012070051979330976,-0.03171732925776938,0.035269148087953284,0.01027255230525878,-0.033473507860713014,0.0078201331198216,0.004657625014140354,0.01254268770904099,-0.0307887636588898,0.0013009456451982002,-0.09795961184940799,-0.029674852644164695,-0.08570556318227707,-0.0683589837578884,0.010000000000000009,0.06164823944228648,0.011430864468525148,RNGTT,1.0,1.0,0.0,0.0,0.0,0.0,0,1,0,0.2391798373654894,0
RNMT+ctrl,esm3,20260713,0.023826717359023197,0.02263784528432522,0.034879882499356696,0.05385011952664512,0.014367179047419076,-0.055235496848251686,0.012753669172525402,0.0108637576189764,0.019236029017095202,-0.019390286798251694,0.0026490471791476,0.04325698195033931,0.01810787861667229,-0.15609948028537146,0.0352987919247988,0.01999999999999999,0.1022196805884425,0.012553803700317001,RNMT,1.0,1.0,0.0,1.0,0.0,0.0,0,2,0,0.303087075004319,0
RPF1+ctrl,esm3,20260713,-0.006963294936795927,0.058960125184839396,0.08035008733376359,-0.023071403008258412,0.00539793801926719,-0.024365232094438194,0.0004979688674211988,0.0016325857045116354,0.0025108776044350245,-0.006630079432575403,0.0002542563015596,0.20521103106891236,-0.058474075961160166,-0.021326811020583758,0.1455415995051571,0.040000000000000036,-0.02992475715979767,0.01112821451845536,RPF1,1.0,1.0,1.0,1.0,0.0,0.0,0,3,1,0.3256615676601911,0
RPL10+ctrl,esm3,20260713,-0.34230722541989067,-0.22452716220220148,-0.16876946880422516,-0.02051427102747519,-0.05618290947776158,-0.0940020229485451,-0.0117486026138067,-0.007857419860252568,-0.0158827085393084,-0.0038271974636178985,-0.0021289578871801,-0.2925806561467257,-0.0354718349042189,-0.12032082553383594,-0.2807790598383173,-0.21000000000000008,-0.04840987228395288,-0.04276110135824196,RPL10,1.0,0.0,1.0,1.0,1.0,1.0,1,3,1,0.6414682591282669,1
RPL10A+ctrl,esm3,20260713,-0.006577013386247943,-0.02170014935216036,-0.014966913300631934,-0.022668149123460185,-0.016423409209115586,-0.23470921482611384,-0.00018024817109110053,0.0008663926024308211,0.0029754837350908225,-0.018318734923116503,0.00010209297761320027,0.02331825886144856,-0.04205721076079627,-0.09491034869890269,0.028868997349423275,-0.010000000000000009,-0.0373753400260875,-0.028683215495956316,RPL10A,1.0,1.0,0.0,1.0,1.0,1.0,1,3,1,0.47263705761987823,1
RPL11+ctrl,esm3,20260713,-0.3625625202263675,-0.03825201393028366,-0.03991868500408646,-0.032708181183415896,-0.028941359304712602,-0.08718822048732905,-0.009854416362941201,-0.005400056384324059,-0.011405171880207177,-0.011381431673754605,-0.0013135889894329,-0.20770927647463366,-0.006830995735861101,-0.07482182201896848,-0.22573706226800916,-0.29000000000000004,-0.0736307375115422,-0.03845005660872841,RPL11,1.0,1.0,1.0,1.0,1.0,1.0,1,4,1,0.2815817502243316,0
RPL13+ctrl,esm3,20260713,0.001457086257594109,0.028413938953570472,0.015541690047553347,0.011399088057444606,0.007255705026432996,-0.11223063171883679,0.0008632866665721009,0.0007293904773776339,0.000953648989892697,-0.007568755323464099,0.0001797365257517,0.014296276231609673,-0.011213449916025464,-0.0005929146855783163,0.009048886030871062,0.029999999999999916,0.012714764787693511,0.0013791324803330562,RPL13,1.0,1.0,1.0,1.0,1.0,1.0,1,4,1,0.30100383330480673,0
RPL18+ctrl,esm3,20260713,0.08988468091155566,0.014057613881778286,0.008154321555428834,0.012356396619190108,0.009832727315714385,-0.006982427578498762,0.0047078635543585,0.0016902681404710185,0.002113679988547168,0.0009724406876849001,0.0005213873228058,0.025192509251632855,0.01981405744450604,0.03160915779196394,0.028762815338967407,0.040000000000000036,0.022246087765458,0.016397325263404094,RPL18,1.0,1.0,0.0,1.0,1.0,1.0,1,3,1,0.4707930323896838,1
RPL35A+ctrl,esm3,20260713,0.03380008917225863,0.0011042770894574838,0.0037287413505097122,0.004163888620186906,0.00335661853700131,0.13197556549535422,-0.0024817027151584972,0.00021254685792004846,-0.0017592532544122852,0.022227283755847788,-6.502482574440006e-05,0.023991664785315225,0.01904661301438304,0.0154239013842149,-0.012533612584400777,0.010000000000000009,0.016132283190462393,0.007296318881431341,RPL35A,1.0,0.0,0.0,1.0,1.0,1.0,1,2,0,0.20305529728283908,0
RPL8+ctrl,esm3,20260713,0.0007176295448487746,0.006804530408237919,0.0009193649755455668,-0.0062829600498206795,-0.005433749560581111,0.02342790502721359,-0.004977636039257001,-0.0012726098001389907,-0.0029031060919945118,0.013376622748891398,-0.00041256099939349994,-0.0040926623692143504,-0.012605451883636265,0.02650797459525933,-0.008912628938376965,0.0,-0.005460762280624087,0.00019195788476711328,RPL8,1.0,1.0,0.0,1.0,1.0,1.0,1,3,1,0.6412681070638131,1
RPL9+ctrl,esm3,20260713,-0.044580948081349714,-0.010376370349800879,-0.006420745801305916,0.025950761013035895,0.026480425287417286,0.195929112504362,-3.597885370250006e-05,-0.0008022097867651512,-0.002341890429675586,0.036392230670566406,-0.00010194687638429999,-0.02685725171947162,0.06055969489034707,0.0906744346319952,-0.040423304885311206,-0.07999999999999996,0.05125554969032001,0.05102391936598871,RPL9,1.0,1.0,1.0,1.0,1.0,1.0,1,4,1,0.24689277560090636,0
RPP14+ctrl,esm3,20260713,-0.1454434155031754,0.006914339146444348,0.008232005456037084,0.002359220586752586,0.012143487462855096,-0.02266037443884439,-0.0005897171795368993,-0.0010999517420061666,-0.001663048771918807,0.01321561447683059,-0.00011374929454180003,-0.06169236534749334,0.010827928374497753,0.03009466179440312,-0.026396858593774775,-0.08999999999999997,-0.004632594788473998,0.016858647352410827,RPP14,1.0,1.0,0.0,0.0,1.0,1.0,1,2,0,0.485861933568664,1
RPS14+ctrl,esm3,20260713,-0.06213240454288249,0.030753650179634606,0.042727643660371406,-0.0007848853828689162,-0.010628574993200496,0.20703748306271136,-0.00453463755548,-0.004296611906324355,-0.005842229513689179,0.0074316333625956965,-0.0008938042446971,-0.03978521785191558,0.017701670797093727,0.05722955790705775,-0.05651778659789508,-0.020000000000000018,0.0017003152514655784,-0.007780719271530012,RPS14,1.0,1.0,1.0,1.0,1.0,1.0,1,4,1,0.41208764703172934,1
RPS19+ctrl,esm3,20260713,0.04834272538529494,0.008439036015753909,0.011333419031456682,-0.0144308254763236,0.005563040963809995,-0.051032502529938406,0.0009895563125610005,0.0006191716182324392,0.0020718189469721704,0.006657054155203707,9.561947081240005e-05,0.013136422645076418,-0.01631992601919996,0.012119935287887351,0.03463622426416202,0.019999999999999907,-0.021134311245272985,0.014697272551669305,RPS19,1.0,1.0,1.0,1.0,1.0,1.0,1,4,1,0.2063862569414467,0
RPS21+ctrl,esm3,20260713,0.047906038346381186,0.004412225726234564,0.010487531483909907,0.014706812034256417,-0.001491304324216125,-0.1099904309814097,0.0007926542311906017,0.0008148600498080194,0.00026766591471938384,-0.005036220282094828,0.0002050185576081998,0.040215534512608064,0.005391827286441608,-0.008357514208120476,0.01612278837329839,0.029999999999999916,0.013534423813569396,-0.006475234248807471,RPS21,1.0,1.0,0.0,1.0,1.0,1.0,1,3,1,0.19331825649390655,0
RPS23+ctrl,esm3,20260713,-0.17769082982993223,-0.016396035125720076,-0.019965421783007753,-0.026082287127196846,0.017867232735837957,0.09190072968720009,-0.0012890081852675005,-0.0024184530565521944,-0.002438997601559856,0.023814117674275104,-0.0004106152337044998,-0.07858794808570302,0.039721535238184336,0.058924398216799956,-0.07768508813336594,-0.09999999999999998,-0.03723275177691199,0.023456741109704193,RPS23,1.0,1.0,1.0,1.0,1.0,1.0,1,4,1,0.27669441227368036,0
RPS26+ctrl,esm3,20260713,-0.3007162018402417,-0.042901280982892365,-0.03209912143692312,-0.02610127996704903,-0.019575863327892795,-0.13748894922689237,-0.008678857237100698,-0.007779749140829795,-0.009336138229445567,0.012640132883638022,-0.0017966596642508999,-0.1529846186099707,-0.010803779876890296,-0.028213977947596613,-0.14281640142686325,-0.25,-0.06528897353346519,-0.014736285313325603,RPS26,1.0,1.0,0.0,1.0,1.0,1.0,1,3,1,0.40876770544792485,0
RPS5+ctrl,esm3,20260713,-0.18424381769367315,-0.03491469676812975,-0.027179996026305275,-0.056909489973248795,-0.04742276708289811,0.01785833373858159,-0.009644178673625,-0.00413968509797924,-0.006015708048772828,-0.0042832838281665064,-0.0014256197027861998,-0.08673559151285759,-0.04118717386884985,-0.14235206166282954,-0.0919071204762848,-0.16999999999999993,-0.0953390083659102,-0.03544587663260179,RPS5,1.0,1.0,0.0,1.0,1.0,1.0,1,3,1,0.7047560626934194,1
RPS6+ctrl,esm3,20260713,-0.048054572205630475,0.014747765886182429,0.011254850521016824,0.019608235178382116,0.0327251806707852,0.11295580510952019,0.004910659044980999,0.00121305324165899,0.002408385312335448,0.017953829015196487,0.0004978061188011997,-0.011058181766427144,0.043562915902285115,0.05964039478428318,0.00824159612494646,-0.020000000000000018,0.04141514208586772,0.03218241597824745,RPS6,1.0,1.0,1.0,1.0,1.0,1.0,1,4,1,0.22261362277080676,0
RRN3+ctrl,esm3,20260713,-0.03634796562459652,0.03860011840118882,0.07042965595245831,-0.002551316117849589,0.0009216368728596214,-0.08463703589239624,0.0008196644484997004,-0.00016570965594497888,-0.00022936950365404218,0.0009583855322350954,0.00010698102414609997,-0.011015164743912065,0.026183522656802127,0.01464268000407598,-0.008125111920047445,-0.030000000000000027,-0.008440271636923513,0.0015494823242541145,RRN3,1.0,1.0,1.0,1.0,1.0,1.0,1,4,1,0.3987369819232302,0
RRP7A+ctrl,esm3,20260713,-0.37882540621102184,-0.012284808203067987,-0.024644439687065367,-0.08286701428398618,-0.04734659591126439,-0.38377333146671044,-0.005820697173476202,-0.0035072976123265986,-0.002388406138312371,-0.027081694995929106,-0.0013204924762249002,-0.25730953158903386,-0.04121029717255109,-0.1683388284196623,-0.15118974990210426,-0.28,-0.13539753359697582,-0.04317823894282502,RRP7A,1.0,1.0,0.0,0.0,0.0,0.0,0,1,0,0.46232637556318545,1
SAP18+ctrl,esm3,20260713,-0.05611642806699829,0.0025080694336310216,-0.0019932355270074753,0.020396852939824184,0.0183174604248727,0.46923148539420545,-0.0009150877594948023,-0.0017441572641644365,-0.0022832374529215826,0.02063792452493851,-0.0001429056283086998,0.2004211088775962,0.028627831949387006,0.07082109287377913,0.08218151225082139,-0.12,0.04538642224384032,0.017813770150956865,SAP18,1.0,1.0,0.0,1.0,1.0,1.0,1,3,1,0.26969579863930426,0
SART3+ctrl,esm3,20260713,0.06743478583862089,0.13631677196775627,0.1375476903582179,0.04397176946163178,0.01718202650149131,0.053961211634595885,0.006339091807603801,0.003876233185410194,0.010368207056520196,0.009891203689751299,0.0010399761958979,0.10351610199392591,0.02598191613842371,0.04758435525935012,0.07704886753180384,0.08000000000000002,0.06150773104591051,0.012817406602622095,SART3,1.0,1.0,1.0,0.0,1.0,1.0,1,3,1,0.6013617084568506,1
SCAF1+ctrl,esm3,20260713,0.29364338082007263,0.13235292407317278,0.10679478055019465,0.04882374951080448,0.028920668057565102,0.4139685277656409,0.005461797118186999,0.0026044319293476725,0.008016984992679443,0.031265391696409794,0.0006837466498837,0.39347015904540616,0.03963218142191294,0.1520913432942157,0.31797540579787653,0.2,0.08823524589172238,0.040658760218785894,SCAF1,1.0,1.0,1.0,0.0,0.0,0.0,0,2,0,0.269109781969321,0
SCFD1+ctrl,esm3,20260713,-0.013736002712549211,-0.021729175777809417,-0.022527162217085284,0.0002666422736217755,0.0011401328962136192,0.05684825286032169,-0.00014397874474529962,-0.00045179112443560765,-0.0012499307059974374,-0.008601932366019888,-0.000152989057824,-0.05232314531602189,0.01508829280773083,-0.0043901231953947795,-0.012746954478184191,0.0,-0.00040290725079489276,-0.012805911776297751,SCFD1,1.0,1.0,0.0,0.0,0.0,0.0,0,1,0,0.2138316415513398,0
SDC1+ctrl,esm3,20260713,-0.04169964065522072,-0.02975803794844889,-0.03411985513655719,-0.009401975587274097,-0.004676995372107612,0.024640761114876425,-0.004743665456771802,-0.002021058765897421,-0.0026462719778508337,0.006926937954678497,-0.0006450338987633,-0.061728406938968416,0.015629754391857875,0.006833140326699683,-0.0032824317953759896,-0.06,-0.03221680032883209,-0.0019681859998220697,SDC1,1.0,1.0,0.0,0.0,1.0,0.0,1,2,0,0.15192865317328375,0
SEC13+ctrl,esm3,20260713,-0.06287367520017029,0.0352167227004635,0.044201586775192814,-0.010279036716762502,0.0019864804236867095,-0.0635368151565101,-0.0017283558845519985,-0.001292227323566597,-0.002341623417185912,0.0023539343527580747,-0.0003662793897092,-0.06918818035372254,0.019389258981199142,0.005559389339077292,-0.049825186827399115,-0.09000000000000002,-0.017264623991165073,0.006915340551220561,SEC13,1.0,1.0,0.0,1.0,1.0,1.0,1,3,1,0.41469896924458305,1
SF3A2+ctrl,esm3,20260713,-0.3027849472458445,-0.1583762220201107,-0.1196001837126156,-0.024487246703095294,-0.05855634951467051,-0.06251448739553761,-0.009391244500875404,-0.006502988602634985,-0.018277811387112597,-0.026612971428925908,-0.0016802636673674,-0.6324853823357393,-0.051461438653220726,-0.21571546082650195,-0.4591317592463279,-0.27,-0.058032446807807725,-0.06074694699625349,SF3A2,1.0,1.0,0.0,1.0,1.0,1.0,1,3,1,0.36016715960139584,0
SF3B2+ctrl,esm3,20260713,-0.14017136365820348,-0.06729557997997904,-0.03685219941826923,0.038666688995745685,0.010849725032083979,0.037149046517123474,-0.0013591498136520039,-0.0008141967705261877,-0.0027245064166843136,0.021648566539507086,-0.00025202939286830036,-0.07679626083068736,0.03169969895293678,0.0030186926497111077,-0.08314009940759937,-0.08999999999999997,0.04225321824338879,0.0282006035424891,SF3B2,1.0,1.0,0.0,1.0,1.0,1.0,1,3,1,0.31822583169843616,0
SF3B3+ctrl,esm3,20260713,-0.26409019113463117,-0.11574780002819574,-0.0812624944537661,-0.0288974198902347,-0.04013772887301437,-0.27641536059310956,-0.007656432688236195,-0.007386075579900009,-0.0199105568225022,-0.017118305807504897,-0.0019012216944248005,-0.42323112228292425,-0.0309726394774823,-0.11408702298067774,-0.4000374571114963,-0.19,-0.05847450020013495,-0.03948329048623511,SF3B3,1.0,1.0,0.0,1.0,1.0,1.0,1,3,1,0.9999999999999996,1
SFPQ+ctrl,esm3,20260713,-0.10785699003793336,0.001189530780613679,-0.0019934607857383657,-0.05708746109470614,-0.01928320121436411,-0.6759771051989732,-0.0005380697548388949,-0.00011321176776524222,-0.001452035098081561,-0.02051500443431431,-5.970243364580158e-05,-0.07658268357320269,-0.015766897948406577,-0.019131467109348987,-0.039983251473110326,-0.06999999999999995,-0.09778522796390055,-0.01697777011289514,SFPQ,1.0,1.0,1.0,1.0,1.0,1.0,1,4,1,0.5496692192875822,1
SFSWAP+ctrl,esm3,20260713,-0.024469249463094117,-0.024417966208454933,-0.01959624885255057,0.006229894938121899,0.030242136432534122,0.24040791611426698,-0.002933174371719402,7.221467297879869e-05,-0.0001262842610512127,0.019876956310015903,-0.00019665481522680023,0.3678391748395819,-0.030928622842605447,0.10612278094956729,0.21649082696322036,-0.05000000000000002,0.00940332206684169,0.025111626544395804,SFSWAP,1.0,1.0,0.0,1.0,1.0,1.0,1,3,1,0.3659372464690601,0
SIN3A+ctrl,esm3,20260713,0.027166385792059294,0.0032208638047630522,0.011461581474827731,0.02509344647745229,0.007659027809594404,-0.062082113599478905,0.0056445207446814,0.0035905766525822225,0.008522483572899642,-0.0142146791926141,0.0010077403858304,-0.02580453935762328,-0.015052009460662319,-0.030383532046739048,-0.004864124454940999,-0.030000000000000027,0.0460310253111072,0.0004457730858872244,SIN3A,1.0,1.0,1.0,1.0,1.0,1.0,1,4,1,0.25354281791386835,0
SLU7+ctrl,esm3,20260713,0.15096273507786728,0.18903028458135052,0.14800437952113055,-0.010216572390222611,0.024971116573641233,-0.032701271423767886,0.006999902427196503,0.006076242388081132,0.027544823470453728,-0.004329466025125406,0.0014520324766635999,0.20162410622704552,-0.002386524302238069,0.024374573285163237,0.2665060638243481,0.07,-0.006284653973582077,0.018891100461740917,SLU7,1.0,1.0,0.0,1.0,1.0,1.0,1,3,1,0.38871378318914046,0
SMC4+ctrl,esm3,20260713,-0.012455928914124892,-0.012571802717994962,-0.009198034034203828,-0.001283278771914198,0.0005979539744959961,0.07211637369625179,-0.0008979998528956985,0.00010330122723178903,0.00026143644998422033,0.009191744193283002,-2.7328962460099974e-05,0.06024544076753807,0.006158452362961753,0.09083674114932772,0.030720994062314377,0.010000000000000009,0.0032723890263471056,0.018599271126383488,SMC4,1.0,1.0,0.0,1.0,1.0,1.0,1,3,1,0.8460675681672183,1
SMG5+ctrl,esm3,20260713,0.0002750106165992916,-0.0649492955262363,-0.08535561649768003,0.0059308983517764036,0.00582441877129114,0.031457667688537416,-0.0039048977196217,-0.0032140428731598503,-0.010746429645857147,0.01418293790644548,-0.0008546500466763002,-0.13095395265420412,0.0035144628718822846,0.041183415176509475,-0.06916726932835071,-0.009999999999999981,0.0018028761320914022,0.013294866677592054,SMG5,1.0,1.0,0.0,0.0,1.0,0.0,1,2,0,0.2561412517892711,0
SNAPC3+ctrl,esm3,20260713,-0.05776873609364122,-0.18175442229219174,-0.20658769658927073,0.013813441869878595,-0.004440087624653505,0.06803939646099538,-0.0005550049245357999,-0.0014297118554896793,-0.003045513601476091,0.0003692733030455919,-0.00023890426382429993,-0.1542326523495525,0.049100064634116314,0.016818576993935408,-0.1514683135975181,-0.12999999999999998,0.013800062168959404,-0.007377570378386933,SNAPC3,1.0,1.0,0.0,0.0,1.0,1.0,1,2,0,0.22341894852785749,0
SNRNP200+ctrl,esm3,20260713,0.3069022936345758,0.09265289384210273,0.04816653458304587,0.10368577288671843,0.0738103524000911,0.763496015292108,0.011531811207532897,0.00939770165404763,0.03346319778652784,0.03920325754133372,0.0025087504182010997,0.4628188423620028,0.057338641450616845,0.18699836212701004,0.4330778861968546,0.28,0.20545817641000608,0.07317547646917144,SNRNP200,1.0,1.0,0.0,1.0,1.0,1.0,1,3,1,0.40187792133100547,0
SNRNP27+ctrl,esm3,20260713,0.008606200781705486,0.0032521549791102444,0.0029644021455143,0.04508398308534228,0.0064300900315659715,0.24315218086269175,0.002985674887895605,0.0005423940805999727,0.002132779120897599,0.006849726427052005,0.00038691586814819986,0.1528542057932027,0.060343289336187045,0.06521663148329981,0.10534148356641579,0.020000000000000018,0.058060846275313494,0.004284426004713238,SNRNP27,1.0,1.0,0.0,1.0,0.0,0.0,0,2,0,0.37565656213214427,0
SNRNP48+ctrl,esm3,20260713,-0.19376668734022295,-0.03921312903178753,-0.055272700488022464,0.04729247661647251,0.0166822365856312,0.2704457772020084,-0.0019447021186351984,-0.0011976771426306376,-0.004265143658708226,0.021498838630351708,-0.00030018074903630015,-0.16743504514192242,0.011964116205698594,0.08153756455407213,-0.09762869871546742,-0.14,0.07466022506810588,0.030650289360773852,SNRNP48,1.0,1.0,0.0,0.0,1.0,1.0,1,2,0,0.2656074809201809,0
SNRPD1+ctrl,esm3,20260713,0.009124030551203255,0.006027836881741688,-0.0016087877898545155,-0.02593843353042191,-0.005840888209964035,0.10901958223140751,-0.0034512281417847027,-0.0028618959942171562,-0.004121392196954621,-0.0037061563335877845,-0.0007787323556839999,-0.017620179571157135,-0.030424431589424206,0.00489413315238274,-0.010833024739212771,0.06000000000000005,-0.023167287531641767,-0.011801913713408219,SNRPD1,1.0,1.0,0.0,1.0,1.0,1.0,1,3,1,0.5156500616603079,1
SNRPE+ctrl,esm3,20260713,-0.06949015337625875,-0.004486622674973795,-0.007673155940444154,-0.050074462628401206,-0.036114789569517525,-0.1100281081590394,-0.009297482669353499,-0.005223825468628429,-0.021858921635630857,-0.008085324221447893,-0.0012678385246545,-0.02747110516542106,-0.03843048362752832,-0.02458495047111442,-0.05409588485313377,-0.010000000000000009,-0.08171445874468869,-0.034674727503276714,SNRPE,1.0,1.0,0.0,1.0,1.0,1.0,1,3,1,0.5700105396635738,1
SNRPG+ctrl,esm3,20260713,-0.06579753537347599,0.009875823592641608,-0.008598287254229953,-0.0026519445179767065,0.030085598088545218,0.0030132743125979577,0.007081273943185799,0.005072759217191192,0.013783159198980655,0.0137075463142447,0.0013125068508089,-0.031399962548835925,-0.005862548874113749,0.0320272573726017,-0.034030421346033624,-0.10999999999999999,0.018852399133362452,0.028454004382759135,SNRPG,1.0,1.0,0.0,1.0,1.0,1.0,1,3,1,0.645857989942773,1
SON+ctrl,esm3,20260713,0.05669796251424419,-0.013829584001513684,-0.018931314472837912,0.035038509143225094,0.023346284713490095,0.22917609590869015,0.001652937382459696,0.0003286620702012133,0.0007790567831807982,0.017778772833134587,0.00021722586825489998,0.09181681512586728,0.04497923679957283,0.04701189848271925,0.10076183614957349,0.08999999999999997,0.05886166010341981,0.023739732600775332,SON,1.0,1.0,0.0,1.0,0.0,0.0,0,2,0,0.409644360875869,1
SPC25+ctrl,esm3,20260713,0.1086566959975796,0.0355362927900531,0.031522218598885265,0.04504504720872654,0.03978937692022322,0.7117723233449975,0.004468373954296202,0.0028469047054756613,0.009526654726330408,0.021776576142828602,0.0009655021131038002,0.2120994116235677,0.01809614651536129,0.09106014871886792,0.17086002445087467,0.04999999999999999,0.10364697974429349,0.035521495683623616,SPC25,1.0,1.0,0.0,1.0,1.0,1.0,1,3,1,0.356294670424564,0
SPCS3+ctrl,esm3,20260713,-0.0027979458446713984,0.01186048797444239,0.034285077886174076,0.028687287886398793,0.02646332620000319,0.2514526960928211,-0.0003461800515652015,-0.0004670065862070194,-0.0009720074309736981,0.029811812154904305,-8.136266842480007e-05,0.024117398036251347,0.02690237960429409,0.04081656328518313,0.02737680450504329,-0.04000000000000001,0.029110154516423292,0.037957510903658065,SPCS3,1.0,1.0,0.0,0.0,0.0,0.0,0,1,0,0.2417228495302478,0
SRBD1+ctrl,esm3,20260713,-0.036282798735071314,0.0634750094710057,0.057063171220110065,0.1148160594808533,0.05353348952312442,0.36744209384964394,0.006966691464185697,0.004301073723571358,0.012541251166928169,0.0455126116007622,0.0010658040409908002,0.019658492614210377,0.077166939070618,0.13324735585756986,0.07552851427882618,-0.030000000000000027,0.15821768225568708,0.07009053645924224,SRBD1,1.0,1.0,0.0,0.0,0.0,0.0,0,1,0,0.5756183016076782,1
SRFBP1+ctrl,esm3,20260713,0.3990462529565249,0.03414346000946644,0.06181072194150927,0.0992209010456094,0.04598511573731756,0.3871296733842805,0.007933907210826902,0.004387764621702761,0.0031554203807629966,0.018771800214281154,0.0015313935000449,0.506188815474081,0.047290617389191714,0.18538084133942456,0.25204516624353646,0.29999999999999993,0.14056663538024508,0.03455257409682111,SRFBP1,1.0,1.0,0.0,0.0,0.0,0.0,0,1,0,0.4063697637131852,0
SRP68+ctrl,esm3,20260713,-0.032570609758586194,-0.04421463804807502,-0.031264445114415285,0.0338298524660193,0.013242959245265085,0.20793497380254777,0.0005390699952841013,-8.268445184744788e-05,0.0002886846835543633,0.015413022564144396,2.064497675749997e-05,-0.0024815462578915426,0.04051345652830318,0.033271195336730175,0.002907611348444139,-0.03999999999999998,0.04726360443750294,0.008691626577623013,SRP68,1.0,1.0,1.0,1.0,0.0,0.0,0,3,1,0.31262356025591626,0
SRRM1+ctrl,esm3,20260713,0.028586626734421805,0.03662227809475388,0.024639573788829194,0.08194417768574391,-0.010793467095981696,-0.09359020938414597,0.0036563854664563994,0.00221201497887058,0.004858212699378361,-0.03607562954663068,0.0006665885448455999,-0.13070327441416138,-0.04631455785867111,-0.11088079699868991,-0.0898238519894323,0.08000000000000002,0.1036965512620242,-0.01912354869377808,SRRM1,1.0,1.0,0.0,1.0,1.0,1.0,1,3,1,0.6113009975947442,1
SSRP1+ctrl,esm3,20260713,-0.24240632631632397,0.01018174085953949,0.03075098970702761,-0.06393086521892849,-0.04721405452687599,-0.33506262741523585,-0.003348544239997902,-0.0014506500354617424,-0.0025554708774147006,-0.040161241313193485,-0.0006137010641395998,-0.13332428616417114,-0.05342154701065249,-0.16299680067765543,-0.0543460254871454,-0.16999999999999998,-0.08963061651741472,-0.06819357810747007,SSRP1,1.0,1.0,1.0,1.0,1.0,1.0,1,4,1,0.3813281949620255,0
SUGT1+ctrl,esm3,20260713,-0.00017509914404212346,0.003907324681685309,0.008916248143184091,0.010239668821770687,-0.014794978359430777,0.01610569844321058,0.0002413131296634015,-0.0001898470117688289,-0.0006568571319286454,-0.006829805476943784,-7.138669025149994e-05,-0.23613797209294352,-0.03265633824648939,-0.04445538233168855,-0.0617068049040688,0.010000000000000009,-0.003492789388000378,-0.0097160930800686,SUGT1,1.0,1.0,0.0,1.0,0.0,0.0,0,2,0,0.5245924615043881,1
SURF6+ctrl,esm3,20260713,-0.1475086321486968,-0.05990829980872325,-0.06871468669119801,0.004685362684406308,0.0009867007318053178,-0.015456210848535212,-0.0014414880424738,-0.0007258592686315568,-0.0023745705589828248,0.0042936846050470046,-0.00018225447274749997,-0.09918005033710064,0.011178958341477307,0.021525228736833157,-0.03000618312967307,-0.08000000000000002,0.0034596854020818024,0.005939117834105612,SURF6,1.0,1.0,1.0,0.0,0.0,0.0,0,2,0,0.4369064449610569,1
TAF10+ctrl,esm3,20260713,0.5181631539856177,-0.05382185609160112,-0.051199950740460465,0.056040752602158295,0.006731748106067248,-0.23700841278944718,0.004562277346849504,0.0074539665173787295,0.004620564035121455,-0.01575749648467431,0.0017692204564810003,0.18280940089393227,0.01957432797055969,0.046320981834131025,0.0550153207909273,0.37999999999999995,0.07279757345535687,-0.012201124307120503,TAF10,1.0,1.0,1.0,1.0,1.0,1.0,1,4,1,0.44414410929423925,1
TAF6+ctrl,esm3,20260713,-0.25521933259131446,-0.03219177015776953,-0.06863834775680344,-0.026535216162242803,-0.00255504360703801,-0.07225918898488926,0.0001784544438123009,-0.0005522129174874157,0.00019454415178632445,-0.002169256251553009,-0.00011642090976239985,-0.05205251898107449,-0.0018213496978418675,-0.03423836393349311,0.1043980186016095,-0.26,-0.04396957367938131,0.0020508019884994955,TAF6,1.0,1.0,1.0,1.0,1.0,1.0,1,4,1,0.3496521614283542,0
TBL3+ctrl,esm3,20260713,-0.32784423643194016,-0.0036789989109754506,-0.006333571217541634,-0.05757059526656291,0.0007867649941554755,0.02462572639964955,-0.001683242619037701,-0.0010877971992885316,-0.00040620817624836825,0.011577151891330906,-0.0003472371026872999,-0.12378467871097776,-0.02387115431962783,-0.03585805814691967,-0.004306984576627482,-0.31,-0.05905890093091504,0.01104000022689422,TBL3,1.0,1.0,0.0,0.0,1.0,1.0,1,2,0,0.5424007548958424,1
TCP1+ctrl,esm3,20260713,0.002162979746780924,0.008620633529591581,0.014688891046656882,0.006442805464091483,0.018023965764323302,0.08067242953084386,0.0006661526858806992,2.553851947639796e-05,0.0010774041551220304,0.020437542529971098,4.311942029739985e-05,0.00942949104905444,0.030010591532656172,0.025477872504129473,0.02202958860916382,0.009999999999999898,0.011180884284941739,0.021136968076491236,TCP1,1.0,1.0,1.0,1.0,1.0,1.0,1,4,1,0.9150011412432962,1
TEX10+ctrl,esm3,20260713,0.35874583991143083,0.04521747018452149,0.06071028270267953,0.041830091427167315,0.03005995011428611,0.10218403659282593,0.0050353407859802,0.0035106534699109737,0.005845651145825803,0.004166808293827096,0.0008948584436439,0.3841735059871089,-0.007782854773685011,0.08572494116226448,0.22481495025598042,0.19000000000000006,0.06441036775365891,0.030546390347163443,TEX10,1.0,1.0,0.0,1.0,1.0,1.0,1,3,1,0.5472084677774889,1
THOC7+ctrl,esm3,20260713,-0.08243790058622569,-0.10061512193909072,-0.10247791949710922,0.013327821835544984,0.03689887639006731,0.27100335810750553,-0.0029132440686225995,-0.002131723661234264,-0.007382343319470852,0.0405923337012222,-0.0005067622987553,-0.14107926898639,0.0757078342575046,0.07782186488402643,-0.1145100166791489,-0.10999999999999999,0.010080231077551904,0.030202942780081732,THOC7,1.0,1.0,0.0,0.0,1.0,1.0,1,2,0,0.3623114019185135,0
TRMT10C+ctrl,esm3,20260713,-0.0340805441725435,-0.0004139639168077025,-0.004052485890502389,-0.05572826456295579,0.0032495392915394827,-0.009217619804807953,-8.551403880098507e-06,0.00042702010285100567,0.00010016597200901423,-0.0029541071110397166,9.154877625409995e-05,0.014861911066481603,-0.01295301043637409,-0.012094517105364133,-0.03691318102344819,-0.010000000000000009,-0.033949543546045235,-0.0030646482601670577,TRMT10C,1.0,1.0,0.0,0.0,1.0,1.0,1,2,0,0.20298931797199302,0
TRMT5+ctrl,esm3,20260713,-0.04604410957606292,-0.04176195369285984,-0.055576093316403785,0.018095306956125906,-0.005916115265282962,-0.05100912118628076,-0.00012675859034060044,-6.24441842261847e-05,-0.0013513772201909635,0.005019096380215304,2.849905285980006e-05,-0.052738390709286515,0.03083491366065405,0.018892208799588528,-0.0569325971321267,-0.05000000000000002,0.019871866623322437,0.004883917381677816,TRMT5,1.0,1.0,0.0,0.0,0.0,0.0,0,1,0,0.3015406880658885,0
TSEN2+ctrl,esm3,20260713,-0.04889960008889052,0.0016238783726993944,0.015349337323684487,-0.02502924505894652,-0.0028791875938167233,-0.07113301481106538,-0.0013498160988092006,7.527739008639234e-05,-0.0009143825645754333,-0.011102021015094887,-6.836373359000048e-06,0.06940603539117958,-0.03221739140282964,-0.015998516662015017,-0.03200963979125469,-0.04000000000000001,-0.024562079233493406,-0.009959805014151724,TSEN2,1.0,1.0,0.0,0.0,1.0,1.0,1,2,0,0.21439894004183485,0
TSR1+ctrl,esm3,20260713,-0.570663842201327,-0.06928835618523943,-0.1445720606256975,-0.0660551473819796,-0.01302012880652298,-0.2796473345771057,-0.0020997654646634986,-0.00020208676875077547,0.000783620863344825,-0.009439742186464761,-0.000323208514601,-0.38214218219471846,-0.05094449514129262,-0.10170555795823988,-0.20367368341583542,-0.42,-0.0863844773182417,-0.013858917597782017,TSR1,1.0,1.0,0.0,0.0,0.0,0.0,0,1,0,0.4128817226216927,1
TSR2+ctrl,esm3,20260713,0.07219870527317387,0.05107162323657177,0.10512882654429356,0.0324371414849593,0.031371106257661985,0.27957321519764544,0.004185006022453301,0.0008685630583171733,0.0017701154380258544,0.024135664773094506,0.0005376874469219996,0.148369747233378,0.0419597872199764,0.04730909314629733,0.17674493163225052,0.07,0.05135363135411403,0.032499938277295026,TSR2,1.0,1.0,0.0,0.0,0.0,0.0,0,1,0,0.22843338042327205,0
TTC27+ctrl,esm3,20260713,0.04566854923614591,0.12926788149636903,0.14883709537570278,-0.0176808329142637,0.03794022685683107,0.33705618118821945,0.0016891509294509992,0.0003399343032973734,0.007284873603569553,0.04068757039539067,9.875628165900013e-05,0.44539846866930455,0.04134883303200998,0.12565510162353455,0.3573130123342469,0.03999999999999998,-0.012746501128449717,0.04886856241041293,TTC27,1.0,1.0,0.0,0.0,0.0,0.0,0,1,0,0.41068156010206375,1
TXN+ctrl,esm3,20260713,0.1339536245802634,0.055950602644564196,0.04707497334344246,0.010096099455435076,0.019456216960273,0.2829359904851036,-0.0013849344104527976,-0.002657738390995812,-0.005023596441064426,0.028672591184222607,-0.0005410113371907999,-0.01973670987198911,0.02987581551699181,0.08644197187111102,-0.04711000245537578,0.07999999999999996,-0.010271104537014575,0.03883866233277655,TXN,1.0,1.0,1.0,1.0,1.0,0.0,1,4,1,0.3289616304149065,0
U2AF1+ctrl,esm3,20260713,0.14531444219489573,0.12674476553479308,0.11622369081124295,0.08587024773265009,0.07817648440820013,0.282523034751389,0.008724842220544898,0.006026713606064327,0.021934344616336143,0.04139148747310889,0.0016705547459424006,0.38548239992256433,0.0804191197847105,0.16491755192030855,0.3786410720946869,0.15,0.1269531292866643,0.07768346950284544,U2AF1,1.0,1.0,1.0,1.0,1.0,1.0,1,4,1,0.3417682317764551,0
UQCRB+ctrl,esm3,20260713,-0.08856362383139352,0.0074308865300183324,0.022049925255181124,-0.010775155222320282,0.0003581015063273685,0.038030743764513375,-0.00039853528141979913,-0.0003860560333721619,-0.0015699689907987535,0.0004366129427879062,-8.371088188140001e-05,-0.10218883160999931,0.000639570853260385,-0.00039631507098525365,-0.08528448649692738,-0.06,-0.010811712655217298,0.011495826658604824,UQCRB,1.0,1.0,0.0,0.0,0.0,0.0,0,1,0,0.32176513248147914,0
USP36+ctrl,esm3,20260713,0.09356049408395559,-0.0034866324147787564,0.01212305267559044,-0.03169394182585569,-0.014825409513435694,-0.13354210457466997,0.0010132230818271984,0.0006321963396895836,0.0032328418169104145,-0.01722420210717099,0.00010633375495669992,0.04651145638216869,-0.03837270172409912,-0.05448943419604246,0.11775798701714549,0.1,-0.03723558066442381,-0.01743961937159655,USP36,1.0,1.0,0.0,1.0,0.0,0.0,0,2,0,0.4078980133925427,0
UTP3+ctrl,esm3,20260713,-0.24355411488123424,-0.005465771263559016,-0.017670107012102587,-0.07275195177180369,-0.021131761238389668,-0.12087079983668758,-0.0024958215653895985,-0.0016822000760715605,0.00035837655996484585,-0.010516030352717809,-0.0007027457468211998,-0.08851980317329455,-0.020930471905853842,-0.08800402616821734,-0.02077618518354607,-0.21000000000000008,-0.10251238721603356,-0.01754951148775752,UTP3,1.0,1.0,0.0,1.0,0.0,0.0,0,2,0,0.5405138736578827,1
VPS29+ctrl,esm3,20260713,-0.03985779089659028,-0.04242255530959632,-0.0200825082437997,-0.014494160868444295,0.010722338217191901,0.08064769934212773,-0.0060060825198888015,-0.0032548615224239352,-0.010001385280295372,0.02568518914445289,-0.0008638941217213999,-0.23598006167565166,0.012860407195814272,0.04351469098903993,-0.1726642196276283,-0.05000000000000002,-0.03300243733920871,0.013719408477306905,VPS29,1.0,1.0,0.0,0.0,1.0,1.0,1,2,0,0.22582902049845377,0
VPS54+ctrl,esm3,20260713,0.18815669912596245,-0.007765942733510167,-0.005800749275954975,0.007759033694325207,-0.005488086575653001,0.12362875982878058,-0.005896789953112599,-0.0032779719381451633,-0.009004213704168373,0.010857240341651697,-0.0008095187367871,0.10308030451028882,0.02032038390208546,0.03423812797255188,0.056089948947354584,0.12,0.006274144057510006,-0.012267183922944458,VPS54,1.0,1.0,0.0,0.0,1.0,0.0,1,2,0,0.5640945945394885,1
VPS72+ctrl,esm3,20260713,0.01584786545903699,0.012180473671274061,0.04230536094471121,0.024671193218045617,0.00402710674207718,0.1134469982894516,-2.3782253265398207e-05,0.0006191254670215862,-0.001089298123597926,0.021580487453775193,0.00017706514336170002,0.2514737811333165,0.016614908233241188,0.07278846057830102,0.02951330843812619,0.01999999999999999,0.027369560712392882,0.013478731574429692,VPS72,1.0,1.0,1.0,1.0,1.0,1.0,1,4,1,0.4252737889858132,1
WBP11+ctrl,esm3,20260713,0.16529566727199538,0.056842574988304806,0.03360833081234749,0.0798774391395326,0.037394547579874204,0.5474410763726729,0.0031764637678860994,-0.000159353371581461,0.0004603922104156055,0.04127584538396009,0.00016734283417470025,0.218553413260501,0.09530880825796906,0.16512416310964273,0.17238051712278288,0.16,0.11540938422949237,0.05298542088510927,WBP11,1.0,1.0,0.0,0.0,1.0,1.0,1,2,0,0.42102504191650636,1
WDHD1+ctrl,esm3,20260713,0.1538078948654013,0.009894810456008374,0.004704545739303012,0.035398648870423904,-0.0011018519359337065,-0.007302984566240178,0.001201661303639398,0.0006586188875752352,0.0005103020364124466,-0.0005282919050193791,0.00018291169544689995,0.33560336311823025,0.033276154834333105,0.04068143986962702,0.17905913511975968,0.15,0.025105857739886384,0.008786347366039227,WDHD1,1.0,1.0,0.0,1.0,1.0,1.0,1,3,1,0.3280301452685464,0
WDR12+ctrl,esm3,20260713,0.06596043375891247,0.03649708793300466,0.040270163018511274,0.05235871384175769,0.02643635741778,0.20561798313180052,0.004084894433617599,0.0009789129994983714,0.0028796027478183994,0.026886962228824474,0.00036962924059479995,0.04097666496780228,0.058560561956213286,0.11058177792576018,0.04416236218374614,0.050000000000000044,0.08199809522455351,0.044398438334072865,WDR12,1.0,1.0,0.0,0.0,1.0,1.0,1,2,0,0.5140451056698891,1
WDR3+ctrl,esm3,20260713,-0.373735373617204,-0.007836937293396518,-0.007912958320428154,-0.02867091642085179,-0.019347743279125,-0.048373974068093295,-0.003057451918721199,-0.0016359156845554557,-0.0004318666489580014,-0.004399501908068593,-0.0005781070212834,-0.15911482201107663,-0.025875519458153695,-0.07330982840980127,-0.06541236659288996,-0.31999999999999995,-0.040573194594742096,-0.02121946683428355,WDR3,1.0,1.0,0.0,0.0,0.0,0.0,0,1,0,0.6438446096605795,1
WDR43+ctrl,esm3,20260713,0.07316199018699976,0.00713497997405943,0.009690238410520635,0.04378113769038128,0.015317939307895767,0.050168274246047306,0.003043666481971699,0.0024993638712975663,0.004212967223080066,0.0022627514108713997,0.0006959778256714001,0.06086187640540153,0.007911736991084162,0.03480394140048293,0.048804720801360224,0.040000000000000036,0.05803708385776196,0.007959003709914203,WDR43,1.0,1.0,0.0,0.0,1.0,1.0,1,2,0,0.5092539631373229,1
WDR5+ctrl,esm3,20260713,0.033306399403772086,0.02502117039275298,0.03680200866883254,0.060421298183629735,0.04046886728421051,0.17886530646131626,0.0014082118868827959,0.002787807069364434,-0.003700844793451785,0.013313207324871623,0.0011450359597801997,0.457363956000986,0.030932251732852523,0.11216811139809502,0.09066244077943089,0.030000000000000027,0.07568670511587111,0.03622844453392249,WDR5,1.0,1.0,1.0,1.0,1.0,1.0,1,4,1,0.6053603977036652,1
WDR70+ctrl,esm3,20260713,0.14703383173076684,0.05014321066410021,0.04266101990559246,0.060292410534724505,0.030563212946372653,0.22008353050619844,0.002047147601842901,0.001352806672441198,0.0044848949358939905,0.018367130482871807,0.0003711364697665,0.11348166965665418,0.011282497796145763,0.07863746075880973,0.08875025033286082,0.10999999999999999,0.0731171781791391,0.038169433867577096,WDR70,1.0,1.0,0.0,0.0,0.0,0.0,0,1,0,0.5656390988822039,1
WDR82+ctrl,esm3,20260713,0.025265560247638208,0.0028813285890572082,0.010331750020496022,-0.0633706199810955,-0.039119986434146825,-0.4159527243254333,0.0003389567136765012,0.00025599399811881973,0.004925736245147472,-0.028530424253951303,-6.823241710660066e-05,-0.027267794103212895,-0.021538701468199473,-0.08828774953568486,0.024564868487773894,0.030000000000000027,-0.1036868711616174,-0.038547264729960506,WDR82,1.0,1.0,1.0,0.0,1.0,1.0,1,3,1,0.5730442773818926,1
WDTC1+ctrl,esm3,20260713,0.06387692456563561,0.12061041766943836,0.14199280499610434,0.023782377665124727,0.020074888319131845,0.009032969279246461,0.004922926425933803,0.001660726028099413,0.00835396958255985,0.006589455664205601,0.0006147585809231,0.1789893013346387,0.021178373199456924,0.021735389775067837,0.1824025050394826,0.1,0.034818381110767516,0.03395584295518994,WDTC1,1.0,1.0,1.0,0.0,1.0,1.0,1,3,1,0.4719341344251521,1
XPO1+ctrl,esm3,20260713,-0.0578876354216476,-0.0012129826520181908,-0.0003497244270571631,-0.0392813974167846,-0.0026065307905163704,-0.00047372324899142004,-0.0016367323696614006,-0.001497426063465146,-0.008716679484667145,-0.006927073022656688,-0.0004032053984701998,-0.14018870687475493,-0.015431575726608027,0.019493666864012882,-0.06822034233608809,-0.03999999999999998,-0.056882404520785135,-0.0036157329659323167,XPO1,1.0,1.0,1.0,1.0,1.0,1.0,1,4,1,0.7068059810139609,1
XRCC6+ctrl,esm3,20260713,-0.04212568580558701,-0.028402585049307094,-0.03317966269976019,-0.0078068087050287005,-0.002678645649891176,0.1628095377325659,-0.002669028937816599,-0.0042424917694645625,-0.005449302442890991,0.012311185755156384,-0.0009904748294502002,-0.47698035515815174,0.03619703513343575,0.02109734578730804,-0.21360890217635597,-0.04999999999999999,-0.018736734007762934,0.00726541322892138,XRCC6,1.0,1.0,0.0,1.0,1.0,1.0,1,3,1,0.7934984411636616,1
YEATS2+ctrl,esm3,20260713,-0.10920935023386841,0.01058720614614228,0.011198859497407287,0.023625890575101893,0.010174997040992978,0.16439949903885542,0.0016322024166584015,-0.0006844007059977342,-0.0009083038923540787,0.01814591149083289,4.2801490053599994e-05,0.32417221026284293,0.056039341427740696,0.07001258248175679,0.147325834940105,-0.12,0.038245458711096025,0.01418190131451691,YEATS2,1.0,1.0,0.0,0.0,1.0,1.0,1,2,0,0.46734752460625756,1
ZBTB17+ctrl,esm3,20260713,0.08926118984080811,-0.015135143025742592,-0.028624765419258125,0.01421250906466609,0.0025752897582825007,0.09928321623061542,-0.00018482282757760135,-0.0005862297741974221,3.2724024609409597e-05,0.005513149414745205,-0.00013133219908920005,0.040534447410109004,0.02353956064891316,0.027991410942745154,0.007221193487975602,0.10000000000000003,0.01903206703192256,0.0042552068130014,ZBTB17,1.0,1.0,1.0,1.0,1.0,1.0,1,4,1,0.7242755891408792,1
ZCRB1+ctrl,esm3,20260713,-0.01751454662542161,-0.05959384813845431,-0.050232523036620125,0.0122427161581605,0.0020915272471437873,0.061926461442329606,-0.003926441073417601,-0.002090779732348391,-0.00574859194917654,0.013840909710784915,-0.0005580245051532999,0.013765391297816398,0.01123332821333034,0.011604411077015708,-0.006636846599903504,-0.04000000000000001,-0.0033390934091656055,0.019032278446575845,ZCRB1,1.0,1.0,0.0,0.0,1.0,1.0,1,2,0,0.2678040058800341,0
ZNF335+ctrl,esm3,20260713,-0.013773171746515794,-0.0752300831286341,-0.07653876719540592,0.015983518607776415,0.010511779925703013,-0.09633562915119476,-7.684901356700205e-05,-0.00014140919165017696,-0.003170339216262197,0.01582727516040011,6.673112511629991e-05,0.1916570182622555,0.0616773438215682,0.032741750286260696,0.0218768112598985,-0.06,0.007303780313076297,0.023187178361326777,ZNF335,1.0,1.0,1.0,1.0,1.0,1.0,1,4,1,0.5138099604104251,1
ZNHIT6+ctrl,esm3,20260713,-0.08365100800468722,0.00018776232317285757,0.007764130161382776,0.018390167254312695,-0.0007129834188523976,0.0820880173400736,0.001321386545896499,0.0003241303405775442,0.004103008004120556,-0.0009166565854486775,-3.0219089239800177e-05,-0.186135168742679,0.024248494822153077,-0.03778074748407256,-0.066029975220397,-0.10000000000000003,0.018057867503413705,-0.009423061587995885,ZNHIT6,1.0,1.0,0.0,0.0,1.0,0.0,1,2,0,0.32028276024241287,0
ACTR8+ctrl,esm3,20260813,-0.09749843115025822,-0.03667195231049569,-0.016244104882378152,0.042707569730445205,0.004616367452693809,0.14131740805709392,-0.0025540478527546,-0.001595573614423751,-0.002503884364766007,0.03070264177417159,-0.00041350250830879994,-0.19996805341945723,0.033040502170463504,0.024778446249017483,-0.098287285402552,-0.15,0.033008426126012985,0.008875276618261374,ACTR8,1.0,1.0,0.0,0.0,1.0,1.0,1,2,0,0.6566927135966314,1
ALG13+ctrl,esm3,20260813,-0.012759098055063103,-0.0007124005660398836,0.000990706715385703,-0.036763536255275286,-0.0013911273090867204,-0.014750055308375976,0.0017262697219848008,0.0013080584374680626,0.002182745056125812,-0.011204223019322918,0.0003192352596670001,-0.0165452444376952,-0.025178977110933087,-0.020183060089600913,-0.005184986027746308,0.01999999999999999,-0.0254602438424332,-0.005391282268205955,ALG13,1.0,1.0,0.0,0.0,0.0,0.0,0,1,0,0.23444576227320837,0
ANKRD11+ctrl,esm3,20260813,-0.029316027413671203,0.008170534364656201,0.00924140559844594,-0.0172081877466517,-0.0008575903516920003,0.00958371965107313,-0.0021178666502237008,-0.0002043989126144785,-0.0008151686726067808,0.0010244290982888982,-0.00012694322504109993,-0.0122718283051328,0.01611590092547799,0.004764388992968938,-0.0208222588013901,-0.020000000000000018,-0.019956354422880213,0.0005669420855283214,ANKRD11,1.0,1.0,1.0,0.0,1.0,1.0,1,3,1,0.48289262866118055,1
AP2S1+ctrl,esm3,20260813,-0.07497104163782703,0.014813352468354357,0.01093804998371306,-0.019304981569569196,-0.01484432740905911,-0.07220636822580428,-0.001136558130383502,-8.714934186337953e-05,0.0006470964971444504,-0.0149244678866651,-9.964825585480016e-05,-0.0452428148817729,-0.013714916936599875,-0.036502540017456786,-0.022028117305469497,-0.04999999999999999,-0.021305617156314294,-0.02320557913466681,AP2S1,1.0,1.0,0.0,1.0,0.0,0.0,0,2,0,0.6367654607463599,1
ARGLU1+ctrl,esm3,20260813,0.0473207351413476,0.0038712092038135637,0.0027865826084007006,-0.007153033456903407,-0.011307321492230502,-0.24259287978907842,0.0014767851680516988,0.0006305302169168359,0.00048363160233988456,-0.03042487373511832,0.0002273782156408,0.0904585391474561,0.00699543855833995,-0.030547487192167044,0.0691656424676975,0.0,-0.014128399802947417,-0.022231126977810378,ARGLU1,1.0,1.0,0.0,0.0,0.0,0.0,0,1,0,0.3030444499073842,0
ARIH1+ctrl,esm3,20260813,-0.046519050320821986,-0.005410810362997509,-0.009152140629035133,-0.0328437722674548,-0.003122510514767529,-0.057645270042877894,-0.002284049987793,-0.0013203035759900006,-0.0017099903015961315,0.001261885773087501,-0.00032036530319599996,-0.05632840964832869,-0.00010252192616155842,0.007362905367307437,-0.0518963073875357,-0.07999999999999996,-0.035550724426336194,-0.0018723518857697297,ARIH1,1.0,1.0,0.0,1.0,0.0,0.0,0,2,0,0.2872784534549865,0
ARPC4+ctrl,esm3,20260813,0.008028603965895081,0.011736308660886874,0.025141064553901527,0.01640094458940089,0.009114189512644782,0.0681179357061838,4.719942808099203e-06,-0.0001967001450712269,2.840608966037106e-05,0.007008200394062997,-3.784801810979995e-05,0.06895084161180169,0.0348353656860646,0.039667804023465814,0.04579376084304759,-0.01999999999999999,0.02049602085927038,0.006933959628475761,ARPC4,1.0,1.0,0.0,1.0,1.0,1.0,1,3,1,0.4253802065822827,1
ATP6AP1+ctrl,esm3,20260813,-0.024387041168480394,-0.02862013908171923,-0.025220849118411603,0.015564062157383207,0.004253763460577209,-0.100067043531817,-0.0011174064129590988,-0.0005855042193227966,-0.003066817825996382,0.0035446815860845082,-0.00015657034236939995,-0.17965974375974425,0.02184122033945246,0.00045345361536108797,-0.14238377593289492,-0.040000000000000036,-0.0007250091698237926,0.003751824357311806,ATP6AP1,1.0,1.0,0.0,0.0,0.0,0.0,0,1,0,0.2770145243501594,0
BGLAP+ctrl,esm3,20260813,-0.08838183938340152,0.019257096179562838,0.03543935018318911,-0.013621580649315485,-0.005158320859190602,0.031592874345744204,-0.000830132514238302,0.00012400268766166178,0.00048515562691342495,-0.005255029947723394,-5.77156897634e-05,-0.17487222526778298,-0.017837835549975534,-0.02428118039405336,-0.07980560336413348,-0.08000000000000002,-0.011080146589888817,-0.010821784534445822,BGLAP,1.0,1.0,1.0,0.0,0.0,0.0,0,2,0,0.22603557976901004,0
BMS1+ctrl,esm3,20260813,-0.05399180433353046,-0.01835289980385338,-0.0243961180028901,-0.03162130516104111,-0.0008356405960687763,-0.16499762641134808,-0.001221477985382101,-0.00047615238336784493,-0.0007418421882527948,-0.0012288931035562278,-0.00027124164626000013,-0.028783373759265096,0.00022032550891892821,-0.050088981625825424,-0.04088616628338332,-0.030000000000000027,-0.025023893605480407,-0.0010485442441885429,BMS1,1.0,1.0,0.0,0.0,0.0,0.0,0,1,0,0.4094956656115338,1
BRIX1+ctrl,esm3,20260813,0.17209121149771647,0.021932341177669068,0.01669822019526923,0.03021765800704257,0.01176317747910366,-0.04704158093700883,0.003139916807413101,0.0033795477614986247,0.0042437768898530015,0.0085708900850269,0.0006567360833287001,0.23275290791928832,0.014508073070628957,0.05609294540637122,0.13181612861903202,0.16999999999999998,0.04741996446548197,0.015354244082556145,BRIX1,1.0,1.0,0.0,0.0,1.0,1.0,1,2,0,0.708155646016739,1
BYSL+ctrl,esm3,20260813,0.07725625129704583,-0.01579635932131207,-0.04866752521360318,0.016012412567263712,-0.017343312975216074,-0.15437410396395002,-0.0014204848557710995,0.0002948946391854168,0.0008602657784519963,-0.009047065130195875,-8.218013681470003e-05,0.008948797144574416,-0.024099561287504456,-0.032019127287885696,-0.048891830435920935,0.020000000000000018,0.0019462830467129044,-0.012169237822631462,BYSL,1.0,1.0,0.0,0.0,0.0,0.0,0,1,0,0.23304440545276975,0
C1QBP+ctrl,esm3,20260813,-0.12554475205730561,-0.0024779783516494236,-0.012426995254152529,-0.0006507913710371849,-0.006134443552576002,-0.09150909770055127,-0.0026241131126881027,-0.0005488573046967815,-0.0003390398770199976,-0.008989258927480703,-0.00028309202752999996,-0.022120023795595495,-0.0333524605644292,-0.02100429759255662,0.0047082881251413015,-0.11000000000000001,-0.0035514742127120136,-0.00810398663599543,C1QBP,1.0,1.0,1.0,0.0,1.0,1.0,1,3,1,0.26397617216017966,0
CCDC86+ctrl,esm3,20260813,0.0935670157796008,0.03708193760080447,0.048431734877759536,0.022008631974786502,0.020175070046962507,0.08257118194550198,0.0029205698519945977,0.001259587243122473,0.003430835201836402,0.011271195042902499,0.00033163535408679997,0.09497254711342007,0.02481029959466463,0.05715624698528021,0.11930344203421495,0.07000000000000006,0.025686590263539588,0.018110895182838593,CCDC86,1.0,1.0,0.0,0.0,0.0,0.0,0,1,0,0.4931652481961014,1
CDC123+ctrl,esm3,20260813,0.0979906330865575,0.051077674117106175,0.05818559041300597,0.041937155259273606,0.021441273114951115,0.022709939277915814,0.003633167594671298,0.002087962940959587,0.006114363508868181,-0.0035319290701613937,0.000595205463469,0.3808951490192717,0.012655911502229,0.08919096336356369,0.2087293859591945,0.13999999999999999,0.053795141502312294,0.006459434507082418,CDC123,1.0,1.0,0.0,0.0,0.0,0.0,0,1,0,0.31292809537488786,0
CDC23+ctrl,esm3,20260813,0.06734543285124961,0.02544199792189228,0.0272329982143924,-0.006456689528121423,-0.005385222381627197,-0.044189574487819294,-0.00033327378332620103,4.41988254119563e-05,0.00011934480477393539,-0.008963703100107911,-9.944662451699953e-06,0.04072452522820391,-0.014070036148333576,-0.010112814968695538,0.020648116284402385,0.06,-0.013609070909439996,-0.010061700477209334,CDC23,1.0,1.0,0.0,1.0,1.0,1.0,1,3,1,0.7904466040253506,1
CDC40+ctrl,esm3,20260813,0.2858831141875907,0.20483109885970774,0.16868803023341428,0.05866127848553529,0.0281928504539094,0.4592672716244834,0.0006797872483729969,0.00017357446175347846,0.00616769400670758,0.02928641644150129,5.453522317109996e-05,0.4133745606205858,-0.0015838958902391065,0.15890282167122893,0.38189666589463306,0.23000000000000004,0.10354253924751758,0.044903220413931355,CDC40,1.0,1.0,0.0,0.0,1.0,1.0,1,2,0,0.5481621911202976,1
CENPC+ctrl,esm3,20260813,-0.0885447382804222,0.006711758495804188,0.01120291291864095,-0.041536877381197296,-0.002857863340866129,-0.1718654130680965,-0.00011542811989790139,-0.0001747916354659651,-0.00014766984591052523,-0.02046272318332998,-4.303723108029997e-05,-0.016010480697396745,-0.012919823893327576,-0.059992373198120674,-0.007394209351768377,-0.050000000000000044,-0.061616034619026094,-0.015584722052702005,CENPC,1.0,1.0,0.0,1.0,1.0,1.0,1,3,1,0.2646113918751577,0
CENPE+ctrl,esm3,20260813,-0.044824497706896504,-0.006806843860319045,-0.004524061208579844,0.013865719657653292,0.009538937910505002,0.06019160241245791,-0.0005515757948159998,-0.0003872893542705702,-0.001155711262283976,0.0135246614307033,-6.15891767665e-05,0.0007418060213117972,0.04192757008542247,0.04852865177454979,-0.0303378015665835,-0.08000000000000002,0.024345514550603103,0.011527097865532188,CENPE,1.0,1.0,0.0,1.0,0.0,0.0,0,2,0,0.5586735532992282,1
CHERP+ctrl,esm3,20260813,0.004900658552828896,0.05386278602714534,0.07540676609798425,0.05827608359116121,0.008715961131726069,-0.09241179411669564,0.004360517486929904,0.003352907376840797,0.00511973722928083,0.0016937594831187008,0.0009095442946999998,0.2933648722682044,0.012137430243619018,0.06925640713522285,0.2012558185377136,-0.02999999999999997,0.06365959702086099,0.007563339048527684,CHERP,1.0,1.0,0.0,0.0,1.0,1.0,1,2,0,0.4241300090912932,1
CHMP6+ctrl,esm3,20260813,0.13501439208557786,-0.016460640976563412,-0.021708586466295587,0.0382059416926708,0.009497747739019805,0.0783359236483484,0.0016484279185533003,0.0006023505887740033,0.0017623460149723824,0.0161621010650754,0.0001706349430605999,0.0671900228913258,0.05964417351886331,0.10543520872889178,0.07501060639602475,0.09000000000000002,0.04976060897322121,0.024872908069194122,CHMP6,1.0,1.0,0.0,0.0,1.0,1.0,1,2,0,0.6867550015191156,1
CNIH4+ctrl,esm3,20260813,-0.057832405964507394,-0.0021541434900695933,0.013031734263414307,0.001959146561650721,0.005404619447155812,0.12962391706026677,-0.0012331027537583993,-0.0009168278804986274,-0.0031732676470829224,0.002187147065709716,-0.00015788432210679985,-0.03646764930777202,0.011503585394401883,0.030221295695671446,-0.058839341056000194,-0.030000000000000027,0.0034401976018065827,0.021854434193582684,CNIH4,1.0,1.0,1.0,0.0,1.0,0.0,1,3,1,0.19010964496895616,0
COG2+ctrl,esm3,20260813,-0.05674968646915382,-0.02211915316590085,-0.021274322381789612,-0.014146431134216708,-0.0102869750162565,-0.1068569041633298,-0.001372123137116401,-0.00046425795709326145,-0.0012201540016345547,-0.012948341676468522,-0.00014072546036920008,-0.004819236341891797,-0.0027640226936684886,-0.017439744336646856,0.0315265044702856,-0.1,-0.024431315844563012,-0.018056415941373083,COG2,1.0,1.0,0.0,0.0,1.0,1.0,1,2,0,0.5673653870177205,1
CPSF3+ctrl,esm3,20260813,-0.10847191601206391,-0.05369283298972216,-0.07868196746343747,0.0043714953297493975,-0.008018348511054596,0.10859054299912319,-0.011556232348084502,-0.0064558850178287885,-0.024910316676412747,0.023376958106273507,-0.0016911764396354,-0.23805098764881888,-0.02609131594915759,0.048941548982921024,-0.2598353294111606,-0.12,-0.01716686297892797,0.013627683644699295,CPSF3,1.0,1.0,0.0,1.0,1.0,1.0,1,3,1,0.60570893428095,1
CPSF4+ctrl,esm3,20260813,-0.009415427823913691,-0.010145515566738317,-0.010874252805187223,-0.05378393189554104,-0.0001518372556830183,-0.3380520930748696,-0.0002943947911262998,-0.00037617047334559395,-0.0010002014851447916,0.0006103404066243878,-6.840261630720011e-05,-0.02081554454775042,0.002245859864861588,-0.011268520573496699,-0.04259604057741598,-0.009999999999999953,-0.08461703816823285,-0.0003885951104465324,CPSF4,1.0,1.0,0.0,0.0,1.0,1.0,1,2,0,0.4123701936169123,1
CSTF1+ctrl,esm3,20260813,0.006579894128222741,0.014673464677540826,0.017333037719701072,0.032625591705434887,0.03180981687433712,0.3323589878101963,-0.004832807928323801,-0.003255597469627891,-0.0046294516005286335,0.03986630435698202,-0.0007337055867537999,0.09410561782742377,0.043664078795807026,0.12794532740611197,0.07759331776384257,0.030000000000000027,0.04661933661304207,0.04237003498373426,CSTF1,1.0,1.0,0.0,1.0,1.0,1.0,1,3,1,0.44643072922817745,1
CSTF3+ctrl,esm3,20260813,-0.1441950583892388,-0.022489580016930577,-0.01962848170438991,0.01677996337175741,0.020693683631408,0.23187875116933088,-0.002977348864078501,-0.002237686313980025,-0.0027292871228047355,0.017276640084519512,-0.0006240496877580998,-0.142206039246737,-0.008374746123606336,0.020287372874586374,-0.05270248953589421,-0.15999999999999998,-0.0008787480513631762,0.023538355626083085,CSTF3,1.0,1.0,0.0,0.0,1.0,1.0,1,2,0,0.6824054723626845,1
CTR9+ctrl,esm3,20260813,-0.2064094520324672,-0.08096401764185013,-0.07383896895701558,-0.06863905282571661,-0.06583032362402252,-0.22253418874522152,-0.007250519469380403,-0.0067596935184044415,-0.014092659418712072,-0.029188903739563316,-0.0017561623826622998,-0.14937390804111028,-0.026883663191257456,-0.13619272997636067,-0.13098903781864324,-0.16999999999999993,-0.11955019538771922,-0.07019017509060621,CTR9,1.0,1.0,0.0,1.0,1.0,1.0,1,3,1,0.6233993345430592,1
CUL1+ctrl,esm3,20260813,0.0709656185751851,0.029346774903912243,0.027852716821276435,0.005676899789955003,0.004003947878052805,0.023404829723747606,0.0039169490337372,0.0015616286707416105,0.005292575443702985,-0.00902394989792199,0.0004193807835691,-0.011062291888984277,-0.03732540226149672,-0.023834441426119235,0.004951516278179413,0.06,0.01893760331670752,0.005630294638076072,CUL1,1.0,1.0,1.0,1.0,1.0,1.0,1,4,1,0.9133993792441149,1
CWC15+ctrl,esm3,20260813,0.22172354921154663,0.11677070371203413,0.09573016487383224,0.03823539995025471,0.05685745086404442,0.19562469160514417,0.007772218436002704,0.005973300123099823,0.018925200661008,0.026439756977457207,0.0016017409507184995,0.303780337354287,0.028849577934172976,0.13837115651575016,0.3077498049967641,0.11000000000000004,0.07617483869411651,0.042898311069041406,CWC15,1.0,1.0,0.0,0.0,1.0,1.0,1,2,0,0.6531893421116421,1
CWC22+ctrl,esm3,20260813,0.0710827136911627,0.09083557041082058,0.09421726944272213,0.0316496511275155,-0.009220866816527395,0.06625954676207535,0.001496445387601901,0.0009448621677116131,0.003776597838172857,-0.006083758982388915,0.0002521674614400001,0.04356070549786817,0.00959013156674171,-0.0022031405760841727,0.038372742635088275,0.020000000000000018,0.051115856337513255,-0.012386026753398172,CWC22,1.0,1.0,0.0,0.0,1.0,1.0,1,2,0,0.5408070291688098,1
DAD1+ctrl,esm3,20260813,-0.02866971333652231,0.0214024359036539,0.02651262117955369,-0.011596744547043403,0.00039975796316127354,0.12785966028657647,-0.001773431897163398,-0.0011049136257308412,-0.0015324134053336103,0.01023314076238202,-0.00030923762824380005,-0.0930194420334209,0.008706255947631303,0.011030586063587755,-0.0725532600241286,-0.04000000000000001,-0.022787234020843233,0.016198422396594414,DAD1,1.0,1.0,0.0,0.0,1.0,1.0,1,2,0,0.1691843451194338,0
DBR1+ctrl,esm3,20260813,-0.007840572385647199,-0.020184094915362105,-0.01623194839815889,0.005486560114423805,0.019654159693324014,0.13026342483448694,-0.0008960254490376005,-8.602476715680041e-05,-0.002621722473120758,0.020464323580284882,-3.545649815350012e-05,-0.012780619656020398,0.023274215383219277,0.035732486679073694,-0.047078855485414,0.010000000000000009,0.009761217160897506,0.03218588105857356,DBR1,1.0,1.0,0.0,0.0,0.0,0.0,0,1,0,0.27925464191821814,0
DDOST+ctrl,esm3,20260813,-0.016278549897866396,0.015305587637659601,-0.0018017329579322061,-0.03391563683676191,-0.017183313332302108,-0.2863013462105284,0.0017954725772142029,0.0016928746790544347,0.004828673640221548,-0.033280811936834076,0.0003819458652287999,-0.11300809174772351,-0.05508270422348949,-0.09903576675980275,-0.07871496334815521,0.03999999999999998,-0.043148275163709726,-0.03776343195753751,DDOST,1.0,1.0,0.0,0.0,1.0,1.0,1,2,0,0.2679471985189293,0
DDX41+ctrl,esm3,20260813,-0.2458865881177278,-0.14393450120486173,-0.0671605724540153,-0.05980524775101401,-0.0629248713778548,-0.35234468491807114,-0.007678616791963598,-0.005950092103291005,-0.023189671359586828,-0.0338979712820249,-0.0015571869444102001,-0.3136734375145478,-0.0394324439507473,-0.1596671965462092,-0.3520670491012332,-0.22999999999999998,-0.09467255129392843,-0.05450982742855848,DDX41,1.0,1.0,0.0,0.0,1.0,1.0,1,2,0,0.6636205651969963,1
DDX49+ctrl,esm3,20260813,-0.1722825549862234,0.037955532866149166,0.0495767000102415,-0.004876966275257993,0.0182141513869431,-0.01424639584782239,0.0025843642652035037,0.0016571313320755676,0.0015737509334610156,0.010814492592570668,0.00047692283988000003,-0.17839368951823031,-0.01998675913888759,-0.009375313611912683,-0.061981160962221504,-0.15000000000000002,-0.0004508896845821786,0.016601533589282846,DDX49,1.0,1.0,0.0,0.0,0.0,0.0,0,1,0,0.7429643407329919,1
DDX5+ctrl,esm3,20260813,-0.018725679820937285,-0.0010378558910431046,0.000193503478476853,-0.013646151361040193,-0.00862958775399622,-0.0396809978694031,-0.0020778141915798014,-0.001838012118949739,-0.002188263831583215,-0.0076146309239066845,-0.00045731896534559986,0.017433460508191806,-0.008647037208058816,-0.008266616706983476,0.0157379436053234,-0.009999999999999981,-0.02297528530912679,-0.01506859196109589,DDX5,1.0,1.0,1.0,1.0,1.0,1.0,1,4,1,0.5836969832086772,1
DDX52+ctrl,esm3,20260813,-0.04049005604120948,-0.005707627932683201,-0.00795882654230251,0.0031661424944536,0.0029228036358717735,0.045704680498595385,-0.002130795270204499,-0.0011933228674115837,-0.0025522441020898734,0.012971487750225191,-0.00026433658786120004,-0.06058684036735562,0.022585405899228528,0.02790356908854641,-0.0457944276752591,-0.08000000000000007,-0.0032964051184435073,0.007389580527198736,DDX52,1.0,1.0,0.0,0.0,0.0,0.0,0,1,0,0.6127731106876021,1
DDX54+ctrl,esm3,20260813,0.3965597637346213,0.10569878442320718,0.11678033518379516,0.030944424366515705,0.011090732639033207,0.14946100538507495,0.0021084789186715976,0.002076647316283209,0.0018519623301673782,0.007326425145504412,0.0005370792932808,0.29068871625027154,-0.008519461346498058,0.026906190529804697,0.13874255968488963,0.32,0.04546613153751808,0.013871289758404792,DDX54,1.0,1.0,0.0,0.0,0.0,0.0,0,1,0,0.7092284389812483,1
DERL2+ctrl,esm3,20260813,0.09449434004393209,0.0921652755278638,0.10075264936392603,0.039105858211718414,0.018268386625666988,0.15293784770261543,0.0008043628185987993,-0.00014959888281618205,0.00023658257676706373,0.02734932954846858,2.5138491764699995e-05,0.2235988464849849,0.030490237354407812,0.1037380170653931,0.1798336489232289,0.08000000000000002,0.05296496131019532,0.03881412261933592,DERL2,1.0,1.0,0.0,0.0,1.0,1.0,1,2,0,0.3173222912462554,0
DHX37+ctrl,esm3,20260813,-0.480395768023979,-0.00836523017244506,-0.014930320372628203,-0.015640932397058882,0.005536554365127816,0.048734778200837325,-0.001352170482277898,-0.000786626773065846,0.00024610414536796466,0.0046282743685713,-0.0003313014749438,-0.25551109953787243,-0.011412030303285747,-0.05532534802856126,-0.12464318460900703,-0.35,-0.020084066146697277,0.015128992458789292,DHX37,1.0,1.0,0.0,0.0,0.0,0.0,0,1,0,0.8140257550206905,1
DLD+ctrl,esm3,20260813,0.02826688185633,-0.015177163849998176,0.0021966466903369786,0.020467630970547407,0.0014608527765879176,0.16061975313147298,-0.0030578859150409976,-0.002778543877919981,-0.00730167586024244,0.00877886420695298,-0.0006393461953848002,-0.025492303894174617,-0.0038025946160196167,0.048506648384804674,-0.031326798107292914,-0.04000000000000001,0.02070114535254064,0.004425488443202563,DLD,1.0,1.0,1.0,0.0,1.0,1.0,1,3,1,0.3562267117635941,0
DNAJC8+ctrl,esm3,20260813,-0.005897899339863399,-0.02419209652940091,-0.03474849562870863,0.015971241891889282,-0.0006571918099065044,0.004715534888407202,0.0008627837523817981,-3.848776674020282e-05,-0.00068835257153399,0.0009761357529422254,1.776975113900001e-05,-0.10498835661178349,0.03741754701087441,0.008997932830193456,-0.0772026525318118,-0.07999999999999999,0.011008615291485724,-0.004086836465444721,DNAJC8,1.0,1.0,0.0,0.0,1.0,1.0,1,2,0,0.6049272075377098,1
DNTTIP2+ctrl,esm3,20260813,0.1063442088699671,-0.0037513791386756257,0.000933650617977233,0.026527369242062393,-0.002805791796832907,0.16093781479714736,-0.0016876589506863993,-0.001039176390937424,-0.0025999187846665883,0.0109481519754136,-0.00021878420375279987,0.0029689878583454288,0.013717342031500324,0.02085441762586726,-0.04503675481169933,0.08999999999999997,0.03415105820002917,0.0011146280734729563,DNTTIP2,1.0,1.0,1.0,0.0,1.0,1.0,1,3,1,0.5084353830963247,1
DONSON+ctrl,esm3,20260813,-0.12515774389104284,-0.0011527587865796107,-0.002367743449970261,0.011939725311488514,-0.007540556162740797,-0.024791685149486486,-0.002895021811127602,-0.001454431992676808,-0.0015955835435419452,0.007293606328876809,-0.0004177433438599001,-0.09845255520101603,0.006231424022798082,-0.04823855405162558,-0.09564435539667171,-0.06000000000000005,-0.007856072949698423,-0.017089123023267705,DONSON,1.0,1.0,1.0,0.0,1.0,1.0,1,3,1,0.5098475125756874,1
DPH2+ctrl,esm3,20260813,0.07233393982654221,-0.08128484647547185,-0.11477376958756141,0.0003286369408929124,-0.001963400957821021,0.03761993342323844,-0.0006430447101593018,-0.0012057587551641546,0.0030022565040903615,0.0094961839161955,-0.00035731878597289996,-0.0838230151818756,0.056972338743748185,0.002476163873486481,0.06321141209674169,0.11999999999999997,-0.012643519740750703,-0.0004141774468842119,DPH2,1.0,1.0,0.0,0.0,0.0,0.0,0,1,0,0.24773313253560908,0
DYNC1H1+ctrl,esm3,20260813,-0.13481136812786387,-0.010338478583732491,-0.007452697572715494,-0.050539095951514706,0.0013683594451887882,-0.1473858776604653,0.004183165729045899,0.002193816939205173,0.0012369645849416022,-0.019965668632992997,0.0005806417320855,-0.12360305143163508,-0.04725526682715586,-0.062413491020743894,-0.1652461583042219,-0.10000000000000009,-0.05871129241665149,0.006339545526335311,DYNC1H1,1.0,1.0,0.0,1.0,1.0,1.0,1,3,1,0.34089075469674274,0
DYNLRB1+ctrl,esm3,20260813,0.21433057973560637,0.046221014148092876,0.03945317458854525,0.048219211379818994,0.013771333652977807,0.3578964831139437,0.0009054355323315014,-0.0011323511843446266,-0.0007403197736127742,0.02040126449110749,-0.00015770591562610007,0.2297532527943657,0.06262843270867313,0.14125004539871033,0.1926334185999144,0.19999999999999998,0.07948078872636782,0.03613321025857141,DYNLRB1,1.0,1.0,0.0,0.0,1.0,1.0,1,2,0,0.37186370402828745,0
E4F1+ctrl,esm3,20260813,0.0508109249644869,-0.02260949234885634,-0.030126715275412885,0.018235920726748484,0.005934387852244483,0.07460224151629669,-0.0003843531012535026,-0.0007390637809677747,-0.000417233920709581,0.007720151510982792,-0.00020605535246430006,-0.21521357306622652,0.0347169104435453,-0.0013038044096527202,-0.1067816952017711,0.04000000000000001,0.014440205330443767,0.0003129605094207566,E4F1,1.0,1.0,1.0,0.0,0.0,0.0,0,2,0,0.5905356331533801,1
EBNA1BP2+ctrl,esm3,20260813,0.39433991767316473,0.0073940884259952044,0.014358651484339013,0.08684855016254928,0.025746958461135894,0.1630566389278822,0.0076393205672502,0.007050249429059519,0.005859658723330385,0.014755017985961405,0.0018713813042267999,0.25862991895423554,-0.017308144147622384,0.012785795088036456,0.1374711697506194,0.29,0.11202246486121922,0.02237353382334273,EBNA1BP2,1.0,1.0,1.0,0.0,1.0,1.0,1,3,1,0.4785714492750178,1
ECD+ctrl,esm3,20260813,0.11133422811510399,0.009040875330941889,0.01007245832353676,0.06402797405390179,0.039626199762063885,0.4757957150933824,0.0008188784122466972,-0.00026465786747065234,0.006012319537070043,0.034025553360515604,-3.9159785956199844e-05,0.1529204348281636,0.0821410308368824,0.15614661608674751,0.12644258515887208,0.05000000000000002,0.07353163869745377,0.0506615617769135,ECD,1.0,1.0,0.0,0.0,0.0,0.0,0,1,0,0.3536610604497916,0
EIF2B3+ctrl,esm3,20260813,-0.03371885626753868,-0.0038418199234305783,-0.004731083935313629,-0.016648002461728206,0.010833280215685692,0.052924437746453,-0.0016203876584768018,-0.0007581695873897232,-0.0032043513921740097,0.008826903189386587,-0.00018990744138139997,-0.021384962293538035,0.013605536058138523,0.021339314471998327,-0.03639429587264531,0.010000000000000009,-0.021353701261962593,0.012750073215362145,EIF2B3,1.0,1.0,0.0,1.0,1.0,1.0,1,3,1,0.7169773594364061,1
EIF2S1+ctrl,esm3,20260813,-0.06101945130322295,-0.0017786154762039486,0.010486011391587446,0.017572189695332086,0.020784270588820708,-0.08777813728527695,0.0031876415014267037,0.005700019147155566,0.012664542074581564,-0.0027758232919785075,0.0012179119512439008,-0.0209280636607031,0.001301864457257107,0.04716969796715398,0.011278951634230205,-0.07000000000000006,0.02740325699755569,0.02665356486279935,EIF2S1,1.0,1.0,1.0,1.0,1.0,1.0,1,4,1,0.33367386319370723,0
EIF3E+ctrl,esm3,20260813,0.020950383879957207,0.10751116745305633,0.1203300470773132,0.027939472077939204,0.006904347770684716,0.06325240270821941,0.002412732690572704,0.002024467192909052,0.004476996446982184,0.003518864335577687,0.0005480467807500999,0.0966247265243988,0.021300153217334583,0.06638863093715486,0.0631004952748489,0.04999999999999999,0.050430308963592796,0.021082451151756998,EIF3E,1.0,1.0,0.0,1.0,1.0,1.0,1,3,1,0.5226165755263349,1
EIF3F+ctrl,esm3,20260813,-0.12024235145187531,0.1166305840913052,0.09092973037426041,-0.07488960549695145,0.03435498276332655,-0.07113763099254788,0.0012768432497978002,0.0016042780134375434,9.450648864761657e-05,0.008570321739670705,0.0003744100686163001,-0.2946045522395155,-0.013160608217977487,-0.11861645859408032,-0.2570584632625062,-0.09999999999999998,-0.057522736410420716,0.031102229304393658,EIF3F,1.0,1.0,0.0,1.0,1.0,1.0,1,3,1,0.7831224346710105,1
EIF3G+ctrl,esm3,20260813,0.13652427619159951,0.04086397977097889,0.03684712060421169,0.014862438167578929,0.01580434923814017,0.28323081830948627,0.004162292927503596,0.001678128982852578,0.005152165166705247,0.009908383311143604,0.0006258320063353001,0.14945544051621507,0.03306502384993737,0.009232175885949379,0.13092280352572788,0.08000000000000002,0.033573078600413975,0.011145659201944769,EIF3G,1.0,1.0,0.0,1.0,1.0,1.0,1,3,1,0.3046157550487529,0
EIF3J+ctrl,esm3,20260813,-0.01266058180275531,0.1055979545770126,0.10219438715581258,0.0330933951725422,0.01060684577124582,0.0004781094328507596,0.006110439077019698,0.004270564254476028,0.006116390260949234,0.0017148547501730227,0.0011251232353970998,0.04119606740916687,0.02132371625113405,0.007352809726729581,-0.056441575540372185,0.0,0.05561261550432389,-4.013373579514479e-05,EIF3J,1.0,1.0,0.0,1.0,1.0,1.0,1,3,1,0.2960572400395116,0
EIF3M+ctrl,esm3,20260813,-0.2845380698842365,-0.00792680974813953,-0.03140601998732173,-0.045272258972958,-0.04968807134684208,0.010669015698434536,-0.007394148036837599,-0.0053465587622840705,-0.014040469809618816,-0.0214180911710318,-0.0013762534363195,-0.4438069805522507,-0.009520236076528965,-0.12398963322077339,-0.41147399629895975,-0.14,-0.07719896707708729,-0.047621922810397566,EIF3M,1.0,1.0,0.0,1.0,1.0,1.0,1,3,1,0.664131624522618,1
EIF5A+ctrl,esm3,20260813,0.0396434325283172,-0.08365402339246591,-0.08387252987517474,0.0005836942797012856,0.021242516229601993,0.21593875099509152,-0.0030132122337817972,-0.0016913580130284434,-0.004151353510054023,0.037622221696507585,-0.0005276454612612,0.0400721370128721,0.06753186590974725,0.11207712718651508,0.07036344521317578,0.07000000000000003,-0.017721361129763413,0.034324127330892074,EIF5A,1.0,1.0,0.0,1.0,0.0,0.0,0,2,0,0.21732101033867016,0
ELP5+ctrl,esm3,20260813,-0.039005639361296474,-0.005633488247327789,-0.021228680735171146,0.0267552493074725,-0.0020801335796004905,-0.028519397418283576,-0.0002810712903738022,-0.0007783955800806375,-0.002286956322993916,-0.006098967325701199,-0.00017076975200320003,-0.21474324266083317,0.04455157720603209,0.010153030161885068,-0.0884908449560474,-0.05999999999999997,0.015047629241873695,-0.004069172163390422,ELP5,1.0,1.0,1.0,1.0,1.0,1.0,1,4,1,0.26928611818610937,0
EXOC7+ctrl,esm3,20260813,0.009274581697693407,0.021363428444487242,0.023404446636362708,-0.000425312512711995,0.015943625615878698,-0.372816264671503,0.0010456219315529008,0.00036119388742805736,0.0009913833070690492,0.005813605953660067,0.0002093864604831002,0.14520308377821428,0.016455441017573125,0.02285443397216802,0.07164009282760231,-0.03999999999999998,-0.025544388844692234,0.011328453711564768,EXOC7,1.0,1.0,0.0,0.0,1.0,1.0,1,2,0,0.6055215390791784,1
EXOSC10+ctrl,esm3,20260813,-0.35846042990768234,-0.012409742249845257,-0.012650754842548406,-0.0518996476379929,-0.006468882354703609,-0.0028361149245955675,-0.0016740392893552988,-0.0007978814621918406,0.0027746937749878464,-0.011165975197356959,-0.0004361318424344,-0.34446327164006907,-0.028305907667334096,-0.10221249432988389,-0.030632720471853392,-0.31999999999999995,-0.06087070731179342,-0.017340086976667557,EXOSC10,1.0,1.0,0.0,0.0,1.0,1.0,1,2,0,0.4050002095579269,0
EXOSC2+ctrl,esm3,20260813,-0.13284701610985694,-0.01076892857646683,-0.026208334195799488,0.0327073940923793,0.0027940215002265067,-0.03722277155326015,-0.001046909019351002,-0.0023976353308975407,-0.004329084749267409,0.015565160252513505,-0.0004842068301513999,-0.05096150870358063,-0.00099994878923515,-0.005140402099311214,-0.008240114985692881,-0.12,0.03285851341582452,0.01153398264339045,EXOSC2,1.0,1.0,0.0,0.0,1.0,1.0,1,2,0,0.7118852605461615,1
FAM50A+ctrl,esm3,20260813,-0.051205264027795905,-0.06839127884579366,-0.06495865728436578,-0.016583332182022736,-0.04112782820199484,-0.1493055579101089,-0.003861092031002003,-0.0036595098134716286,-0.014197164467423806,-0.015366412318375794,-0.0008008850272744998,-0.17239546074014517,0.006616422022598711,-0.0868398358617708,-0.1904188808444921,-0.07,-0.035656786084799996,-0.03914235382405762,FAM50A,1.0,1.0,0.0,0.0,0.0,0.0,0,1,0,0.24916021351100925,0
FASTKD5+ctrl,esm3,20260813,0.12992305589049008,0.0010481340943859774,-0.014450037784457637,0.007809069706041616,-0.006765239139790297,-0.12633331359236066,0.0031093619763850992,0.0017806839529741492,0.0027093399004384233,-0.019951839251851095,0.0004952570889144999,0.28995429800317046,-0.005031194505742298,-0.017785570537012907,0.1791563633465543,0.12,0.024911305133772293,-0.011070472806222753,FASTKD5,1.0,1.0,0.0,0.0,1.0,1.0,1,2,0,0.38333396280880566,0
FCF1+ctrl,esm3,20260813,-0.21427214001430028,-0.006144166503110449,-0.02595620555299527,-0.03655390621780899,-0.0277076142356788,-0.06259401176083695,-0.0049481019377709025,-0.002554368500712445,-0.003327370381662864,-0.0155175583767245,-0.0007863058708608998,-0.1540510856784808,-0.034438642812506526,-0.07086829336926803,-0.14314899233037792,-0.17000000000000004,-0.053335662362604175,-0.029103173936127824,FCF1,1.0,1.0,0.0,0.0,0.0,0.0,0,1,0,0.5714700992769537,1
FTSJ3+ctrl,esm3,20260813,0.019727801581707297,-3.795691798036405e-05,0.001984461332624976,-0.011620865747954623,0.0313704203529786,0.013210990246950272,0.0065100826323033,0.0068919084361344085,0.007593196720092177,0.020981221081235707,0.0016629528254270996,0.0462419677643402,-0.0012377601450244136,0.028935680784630824,0.0164031487094985,0.06,-0.003451859854265049,0.029703118744060397,FTSJ3,1.0,1.0,0.0,0.0,0.0,0.0,0,1,0,0.34744171967685405,0
GFER+ctrl,esm3,20260813,-0.12306628617226581,-0.047502334735886165,-0.06281538973810075,0.0024017070725080025,0.002110341680766986,0.07467481855457969,-0.0008535347878933022,-0.001035898278655245,-0.0030133568886789863,0.0045199811149913005,-0.00020724686328319993,-0.2581443526225936,0.009239962660002488,-0.026610492956513965,-0.1324152408922588,-0.11000000000000004,0.002303071076160207,0.0091465774903835,GFER,1.0,1.0,1.0,0.0,1.0,1.0,1,3,1,0.19088081812579477,0
GFM1+ctrl,esm3,20260813,0.19877058972698114,-0.030850089272160597,-0.02920045111490166,-0.011498366714454977,-0.00048064666622801844,0.044224001695666315,-0.0029959874227643013,-0.001454704269422069,-0.0028529829301192633,0.011097022901724096,-0.0004350364906713,0.041430462266018486,0.01650012854823535,0.03726656935338757,0.10912581788116571,0.12,-0.022465896429455706,-0.0006845399866344248,GFM1,1.0,1.0,0.0,0.0,0.0,0.0,0,1,0,0.6268323558589625,1
GNL3+ctrl,esm3,20260813,-0.0180491130790712,0.017496768499571103,0.02798413436288366,0.028106781514152412,-0.002156037031592617,0.08004748994110378,0.0002348069101572002,-0.00012414353783640752,0.0001562075170564725,0.0003403775486928162,-2.7645961381499986e-05,0.009416675189783952,0.008894866802926504,-0.0010031818614247845,0.018314981414655207,0.020000000000000018,0.020519074305653612,6.544815983455798e-05,GNL3,1.0,1.0,1.0,0.0,1.0,1.0,1,3,1,0.6456221858685385,1
GNL3L+ctrl,esm3,20260813,0.23930023931223876,0.02988933556065909,0.04394543993989419,0.04607609028599971,-0.001581469973971461,0.017040819059673584,0.0026965085417033005,0.002063512055835992,0.0029160964277750168,-0.009534403098283406,0.0005104863666929,0.26638062361789083,0.0002221116736492723,0.05870767215287109,0.1404265538401508,0.12,0.0542227188871679,0.012651090756495398,GNL3L,1.0,1.0,0.0,0.0,0.0,0.0,0,1,0,0.5930652611844432,1
GPKOW+ctrl,esm3,20260813,0.11447029707179049,0.13750437489055167,0.11723348376783438,0.07675076071285569,0.0443920535964856,0.34498708246075804,0.0011039897799491986,0.0009693026887304113,0.002739533894449031,0.051201872933946596,0.00022048386745159997,0.1652062246844641,0.07331185699088594,0.15117969494887906,0.1186511667978628,0.16999999999999998,0.09419672262199857,0.05191397029660916,GPKOW,1.0,1.0,0.0,1.0,0.0,0.0,0,2,0,0.5390318696463544,1
GRPEL1+ctrl,esm3,20260813,0.32477006119115087,0.02576129375142233,0.013731998173539317,0.06503361893251092,0.015422917648133305,0.1309631156683912,0.0062328763306141,0.004712701660153251,0.009004550351521146,0.0005414253235833943,0.0011222491157242,0.19630910773567278,-0.013566840376289746,0.09301504832452834,0.17200234357586586,0.24,0.09097185129210872,0.02223369235514694,GRPEL1,1.0,1.0,0.0,1.0,1.0,1.0,1,3,1,0.19261461227278462,0
GTF2E1+ctrl,esm3,20260813,-0.027833426142908124,-0.02822006102182051,-0.03687160819924129,-0.01959088396141978,-0.015854303872075898,-0.2111769690361906,0.0014066509902477993,0.00037451770580543275,0.001232193361287992,-0.025780451333580423,0.00014404574176300007,-0.12186091835540436,-0.023901851952382702,-0.07419877475376158,-0.1227755783729163,0.0,-0.024911754396770014,-0.02837021046477961,GTF2E1,1.0,1.0,0.0,1.0,1.0,1.0,1,3,1,0.25808895012999383,0
GTF2E2+ctrl,esm3,20260813,-0.0664680891542167,-0.06038473076687295,-0.08453459092874444,-0.09319024219820568,-0.056087773077497904,-0.4926342049485478,0.0004167407751083027,0.0001979469410954282,0.000746765814887862,-0.06212634872736522,8.888926822689987e-05,-0.16556824793133607,-0.08725397685825886,-0.15212850969244196,-0.1630999779839135,-0.03999999999999998,-0.1117673666160208,-0.06407771735062207,GTF2E2,1.0,1.0,0.0,1.0,1.0,1.0,1,3,1,0.31300364494440297,0
HAUS5+ctrl,esm3,20260813,-0.12071153799237022,-0.019762240120368535,-0.01870918351238493,-0.007786894823626406,-0.004607905486935904,0.017302066122882653,0.0008863713592291,-7.799635310568043e-05,0.00011669774867084648,-0.0009733703541278116,2.35107727348e-05,-0.10916826276964109,0.004201649554745779,-0.02852103501085501,-0.06936330946425989,-0.09000000000000002,-0.006860541934781694,-0.00594951368723573,HAUS5,1.0,1.0,0.0,1.0,1.0,1.0,1,3,1,0.48491939951818785,1
HEATR1+ctrl,esm3,20260813,-0.06767083815106723,-0.010902876549890084,-0.011717536784036975,-0.018503203776751687,-0.002190126301507389,0.0451446737974906,-0.0014858935028314,-0.0005335294679306157,-0.0006013380720536476,-0.004390978172831184,-0.0001656716922298,-0.02373545246025477,-0.03515790944971653,-0.015032275209226675,-0.007683527779894228,-0.020000000000000018,-0.019898754834876686,-0.0038329208232412704,HEATR1,1.0,1.0,0.0,0.0,0.0,0.0,0,1,0,0.512404816692505,1
HGS+ctrl,esm3,20260813,-0.14950375871674088,0.000498157857479975,-0.005786331352643503,-0.026583751322957705,0.011402797590744584,0.06553635124057888,-0.00214490480721,-0.0005048747533382691,-0.006125477813166191,0.016379628720613187,-0.0001516770571470998,-0.06277490969814492,-0.03279503954578089,-0.05748437400515172,-0.13313059281961398,-0.08000000000000002,-0.020127522332838266,0.007891527427909661,HGS,1.0,1.0,1.0,0.0,1.0,0.0,1,3,1,0.26491280796351085,0
HIRA+ctrl,esm3,20260813,0.014195961077152403,-0.011522158594354126,0.011117089631378363,-0.005538949874587612,0.009694951859581608,0.11874666279276377,-0.003750877454876903,-0.0013970042899570378,-0.00562484314465439,0.01932950450969398,-0.0003939000307582001,-0.008936002120351116,0.03548405321562054,0.03732154165406032,-0.04789328879242172,0.0,-0.010309706217311004,0.011971014978165884,HIRA,1.0,1.0,0.0,1.0,1.0,1.0,1,3,1,0.6788419909083688,1
HNRNPH1+ctrl,esm3,20260813,0.07492906401867111,-0.002871491272670945,0.0027537465761052204,0.05876913726281399,0.038956392724198985,0.16615345698849326,0.006686205044388799,0.0037082483304435865,0.006193551441068923,0.0195525508387194,0.0011633606627583998,0.23456291310231997,0.04502080032301481,0.07885361428221926,0.1000820989741357,0.08000000000000002,0.09659618333930531,0.02696147261308013,HNRNPH1,1.0,1.0,1.0,1.0,1.0,1.0,1,4,1,0.5404250112725081,1
HNRNPM+ctrl,esm3,20260813,0.016703612530315493,0.02518688093723387,0.02235536625851675,0.014446563331778906,0.02178438835759139,0.01997328275658644,0.006795460358262097,0.004791271281704201,0.010677396043352383,0.018666323316108513,0.0012785075232386,0.02837783708526681,0.03884053719011793,0.037413279430907664,0.02416598338911241,0.040000000000000036,0.02998319288952117,0.02679871161891978,HNRNPM,1.0,1.0,0.0,1.0,1.0,1.0,1,3,1,0.3128943602929758,0
HNRNPU+ctrl,esm3,20260813,-0.04279134722854139,0.049860260700918035,0.0229094847291563,0.03815954388908882,-0.015989856398524405,-0.3408845657086123,0.0034987386316060985,0.0031663232616424564,0.0026347467909312305,-0.022063237091736493,0.0008385921828448998,-0.0345823787528522,-0.022881141019345685,-0.07079384034403025,0.005797630648183505,-0.009999999999999953,0.035631192156980684,-0.022265800375161127,HNRNPU,1.0,1.0,1.0,1.0,1.0,1.0,1,4,1,0.2744810627011528,0
HSCB+ctrl,esm3,20260813,-0.21154207000484102,0.020282072444171573,0.006422104030113673,-0.0015349575357525014,0.018561888503971724,0.06724055594028838,-0.0006685350090264996,-0.00014237354893487097,-0.0005608925038673718,0.00469819303410518,-4.422449273979996e-05,-0.2579919645602443,-0.006388992376686664,-0.01955069736501558,-0.1768757609449684,-0.13,-0.0034686652515520944,0.015159629834306187,HSCB,1.0,1.0,0.0,0.0,0.0,0.0,0,1,0,0.32806798272017845,0
HSD17B12+ctrl,esm3,20260813,-0.04092430090010407,-0.026650820031471456,-0.0265471722986107,-0.05322852257106389,-0.023464254793823247,-0.1726047309045451,-0.0027105659246445014,-0.0011788319635127609,-0.004756722574382977,-0.021118280114089588,-0.00035599130205810005,-0.240882022915323,-0.05365970606058856,-0.08734952701960752,-0.1843656404924267,-0.06,-0.06614222614260179,-0.019357738480800468,HSD17B12,1.0,1.0,0.0,0.0,0.0,0.0,0,1,0,0.19325995099081583,0
HSPA8+ctrl,esm3,20260813,0.008780200004277205,-0.06638117049644043,-0.07370268522035611,-0.0030209131427189895,-0.06838621701293979,-0.03750626207567842,-0.010302916169166502,-0.012722201605492867,-0.021791686856190595,-0.014596514142153405,-0.0032635279931128,-0.06857405812588202,0.03012881334935158,0.0032704265761727136,0.015425427057163321,-0.030000000000000027,-0.03334399077322203,-0.04801604847327512,HSPA8,1.0,1.0,1.0,1.0,1.0,1.0,1,4,1,0.8345682910957747,1
HSPE1+ctrl,esm3,20260813,0.032942187016898994,0.01279893902557283,0.00842157414724154,0.0567880412723239,0.07965867079825695,0.23059496571617355,-0.0025254152715206007,-0.0007418630625382061,-0.006475124531646115,0.041042846508140496,-0.00022604968398809953,0.11702925381753204,0.051310429705455185,0.18192052300718642,0.0872182119602131,0.020000000000000018,0.03746111365813132,0.0771696427732338,HSPE1,1.0,1.0,1.0,0.0,0.0,0.0,0,2,0,0.17045447271958392,0
IGBP1+ctrl,esm3,20260813,0.0028633374467736117,-0.02115878090346268,-0.02482097912213732,-0.004041068525795222,-0.0020307455058586887,-0.20029608717204728,0.0013636555522680005,0.00018585334540244247,0.0022522966980917936,-0.001309198356590685,3.369874320899996e-06,0.05573983796533161,0.02367618978588304,0.028069278891768357,0.1118970594864625,-0.010000000000000009,-0.028156604367206017,-0.0014603656502777396,IGBP1,1.0,1.0,0.0,1.0,1.0,1.0,1,3,1,0.22693208355801625,0
ISCU+ctrl,esm3,20260813,-0.006922074344569817,0.0166135172981281,0.012599424117283653,-0.010112162934010904,-0.008598908925888882,-0.09069603635670487,-0.00029065832495690086,-0.00018163622676359292,-0.003937882357544331,-0.003961663805923221,-0.0001009216066450002,-0.0005719614687395014,-0.007084965061267323,-0.004990199271000195,-0.009352991170673494,0.0,-0.022844137684047416,-0.005958140147068747,ISCU,1.0,1.0,1.0,1.0,1.0,1.0,1,4,1,0.19037325196316937,0
KRI1+ctrl,esm3,20260813,0.007740910591495093,-0.0072120462724371,-0.018722152381273394,0.008601353486118457,-0.019825769996937304,-0.031530408798901344,0.00034234672784800094,0.0006725206263037409,0.001596356509976804,-0.006272041085857577,9.592855349199996e-06,-0.07440109446702681,0.008394313819356403,-0.022073947291634477,-0.05114551630427572,-0.05999999999999997,0.0007735106780615286,-0.01365049393801332,KRI1,1.0,1.0,0.0,0.0,0.0,0.0,0,1,0,0.5176944361201087,1
LSM4+ctrl,esm3,20260813,-0.07916515350770248,0.050996179656676466,0.03015705835234228,-0.010311314386893394,0.024199124108122194,0.08737980759346553,-0.0016079451888799008,-0.0010315986469985328,-0.0006345631204963675,0.021373609133591986,-0.00029584171716120003,-0.03762939913512198,0.024800131646767865,0.07336285886367688,-0.017505951373491424,-0.07999999999999996,-0.01520590791511739,0.03927734872672495,LSM4,1.0,1.0,0.0,1.0,1.0,1.0,1,3,1,0.7870338738934104,1
MAGOH+ctrl,esm3,20260813,0.052630779258733607,0.06949038449019085,0.060905130657501694,-0.028429325434203012,-0.0005458012336440887,0.016834779757240126,-0.00024384073913090096,0.001341637016066044,0.002628701577148007,-0.004501094976742309,0.00019513897132130017,0.062188407128869305,-0.034223093432374285,-0.016040860105255628,0.010870346651743634,0.03999999999999998,-0.027342094806236505,-0.0105263211623009,MAGOH,1.0,1.0,0.0,1.0,1.0,1.0,1,3,1,0.2756515358576982,0
MCM10+ctrl,esm3,20260813,0.16255803332040286,0.046996460534448725,0.047572642171896384,0.0014452089432100135,0.0236682361029322,0.07964523695886033,0.002893885597586597,0.0016891558646136007,0.004769056295332197,0.0020557536762977058,0.0004161351826042,0.09905353681773887,-0.012287880120592898,0.07256247874945743,0.13857543159569574,0.13,0.028560965923126264,0.01893792326647592,MCM10,1.0,1.0,1.0,1.0,0.0,0.0,0,3,1,0.3260343523367522,0
MCM3AP+ctrl,esm3,20260813,-0.047596029916123495,-0.018273939138128026,-0.02191264866988507,0.01018485101057462,-0.003936012842175984,-0.09281229458609008,-0.0001738946884871015,-8.973864400696474e-05,0.0003680948787326832,0.0017590754803956943,-1.0985648259500148e-05,0.05256315938796191,-0.019996816344852064,-0.011277771501327694,0.04803670282952452,0.0,-0.0036169092927296753,-0.00015822889686534225,MCM3AP,1.0,1.0,1.0,1.0,1.0,1.0,1,4,1,0.4265587920768491,1
MDN1+ctrl,esm3,20260813,-0.014264163440079913,-0.05517538047495202,-0.07298402945682597,0.01876818895726101,-0.00037494966115808603,0.029271140629296588,0.00019679591059679896,0.00017961244243314134,-0.0007987246399490111,-0.008997274343721717,3.7918100133499974e-05,-0.006898191236477946,0.01760033937448624,-0.0038471219749335317,-0.023862194521605373,-0.040000000000000036,0.020904451599637996,-0.0017439362566915584,MDN1,1.0,1.0,0.0,1.0,1.0,1.0,1,3,1,0.29489711930746704,0
MED20+ctrl,esm3,20260813,-0.09876337364991106,0.04266558865536141,0.040069029693665104,-0.045565117338232985,-0.033668852924662096,-0.16965613693176118,0.0032836664468050003,0.0027758034772515927,0.001461608385495583,-0.03490638756838893,0.0007035037269816,-0.04215813500826149,-0.0356939150168788,-0.0780190730452831,-0.04838758816315658,-0.009999999999999898,-0.025069266941308788,-0.04010469716045395,MED20,1.0,1.0,0.0,1.0,1.0,1.0,1,3,1,0.24094523738303747,0
MED26+ctrl,esm3,20260813,0.03423859814282987,0.1015685497661109,0.07035234772163329,0.12063190648490243,0.060059590369076654,0.08298870264319358,0.027814539149403596,0.024773508490442575,0.046909517070208184,-0.04002545727934237,0.0064355270005763,0.03242179639037529,0.02761896983646628,-0.021594444118259948,0.022851457353054494,0.020000000000000018,0.2231626397655998,0.03289798092226481,MED26,1.0,1.0,0.0,1.0,1.0,1.0,1,3,1,0.3466594499169088,0
MED31+ctrl,esm3,20260813,-0.04469630941795649,0.06512050629313515,0.052411579584745016,0.1429917371436559,0.03516083112940638,0.19961889124969356,0.0181746184825897,0.01881345221399877,0.029539701298972987,-0.0007130022102502243,0.0047455288004129995,-0.004136688207115324,0.02883255572478316,0.04939823243705521,-0.004071225146009938,-0.03999999999999998,0.2152347284025762,0.02510674371238686,MED31,1.0,1.0,0.0,1.0,1.0,1.0,1,3,1,0.24485061166143257,0
MED8+ctrl,esm3,20260813,0.08523694714299268,0.02316814372252285,0.01342715769442926,2.468123866980476e-05,-0.01134316080345743,-0.05026187017560618,-0.0005259215831756973,-0.00031878881238878165,-0.00025187031407469807,-0.006076020076928784,-8.581625297660002e-05,0.031238626691612814,0.002284340458109657,-0.02730472026751385,0.025335239910017626,0.08000000000000007,-0.0037968036859263865,-0.0011031061808598475,MED8,1.0,1.0,0.0,1.0,1.0,1.0,1,3,1,0.39191157602474547,0
MFAP1+ctrl,esm3,20260813,0.053643043612684016,-0.013773684304578149,-0.01737109711531737,0.0006039548621523672,0.010353275429171221,0.1342790636525939,-0.0017809383571147988,-3.3073295500063438e-06,-0.003553940158243063,0.013438263566933895,-6.216904148459998e-05,0.026908124362525654,-0.027356749322445584,0.02284063546913284,-0.0074723275375411236,0.10999999999999999,-0.002335683352476914,0.014285964296651743,MFAP1,1.0,1.0,1.0,0.0,1.0,1.0,1,3,1,0.45084885936067004,1
MRPL18+ctrl,esm3,20260813,0.14307966539811212,-0.005394098076986098,-0.015431506703694142,-0.015068357828986578,-0.02348257920771002,-0.20783340690661578,0.0004220828413964012,-0.0006845749717859784,0.0014492516739699202,-0.017789158004238526,-0.00017426116392009992,0.08482205770534079,-0.033110359392709454,-0.042440084712476955,0.15565912840607538,0.08000000000000002,-0.030898197392968396,-0.023914951551301522,MRPL18,1.0,1.0,0.0,0.0,1.0,1.0,1,2,0,0.3823933350066144,0
MRPL3+ctrl,esm3,20260813,-0.0757112303726033,-0.014854947058149603,0.0013134388183562162,-0.008176615918105201,0.02134218558705281,0.12430146773208034,-0.0007039494812488001,-0.000654776577903804,-0.001669450338778078,0.023707910441803093,-0.0001524834660813,-0.11189030052487081,0.030371016516236193,0.07052530579539962,-0.05406406125829988,-0.050000000000000044,-0.0006331415997123946,0.028323403708808037,MRPL3,1.0,1.0,0.0,0.0,1.0,1.0,1,2,0,0.41297443721195454,1
MRPL32+ctrl,esm3,20260813,0.0346059334952622,0.0024060819127599276,0.0028367692024171,0.005971826777610795,0.003894483188805309,-0.027281917428052305,0.0003043301403522006,-1.726338575858133e-05,-0.00022727566597458004,0.006281599737239796,4.912377335100052e-06,0.04603317794605877,0.02423100238212117,0.03523073178282066,0.052327848984347225,-0.009999999999999953,0.004536292056797286,0.005687809030111679,MRPL32,1.0,1.0,0.0,0.0,1.0,1.0,1,2,0,0.19261764454378918,0
MRPL38+ctrl,esm3,20260813,0.10965108488980418,-0.006194909780625424,-0.005222905136279765,0.04824804987572309,0.018935387030989792,0.26454974469661013,0.0012597516179084986,-0.00012569478189550232,-0.00018777091951116542,0.021288324986739188,3.463710891089995e-05,0.028066940171597443,0.058416254464908834,0.0761303513210797,0.03432848983129311,0.13,0.07411805382372239,0.02546917872792931,MRPL38,1.0,1.0,0.0,0.0,1.0,1.0,1,2,0,0.24988272554631724,0
MRPL4+ctrl,esm3,20260813,0.12145037460948588,-0.006035273521068585,-0.010061352468084095,0.012097975613177103,-0.012396032030400406,-0.02525188521657673,-0.0022231452167035017,-0.0010314345342201658,-0.0009957910478315402,-0.008020033174649277,-0.00031487364321950003,0.11627091885704588,0.006414364584290233,0.02342929844455477,0.07380448489491359,0.09000000000000002,-0.01071731440034071,-0.026871861320511337,MRPL4,1.0,1.0,0.0,0.0,1.0,1.0,1,2,0,0.42037965382714365,1
MRPL49+ctrl,esm3,20260813,-0.2408295032855358,-0.0015794165862048626,-0.001596406319307464,0.0053794226221409724,0.01537531805088943,0.20461920142929513,0.0012461096048354964,0.0007799538995075794,-0.0012372815412348137,0.006152420898135391,0.0003813167568295999,-0.026066167506900093,0.015665716147475472,0.03305273926294783,-0.047852081612002405,-0.26,0.02581348633939151,0.010847857033641661,MRPL49,1.0,1.0,1.0,0.0,1.0,1.0,1,3,1,0.4386315548878312,1
MRPL50+ctrl,esm3,20260813,-0.19003326800564213,0.0004907555499815697,-0.001857992320179691,0.034491018067351914,0.015664530865829113,0.19506513158635252,1.5469267964397793e-05,-0.0004529564070112624,-0.0005323986453088514,0.027330183098378286,-8.96804849617e-05,-0.1524449221114199,0.05624915237373451,0.05053562991775917,-0.05602202030074582,-0.18999999999999995,0.0456647490691964,0.025636057594403128,MRPL50,1.0,1.0,0.0,0.0,1.0,1.0,1,2,0,0.28649695647188517,0
MRPL54+ctrl,esm3,20260813,0.12652607866845703,-0.01394528174744003,-0.01355921648578401,0.019901696089279497,0.0032366384083623023,0.04307823522497667,0.0004100054502487009,0.00011967465932338772,-0.0002556154182309367,0.016497493157495796,4.5785622205599986e-05,0.08446485325194886,0.02920145136968455,0.03149500073915501,0.037527331309993917,0.08000000000000002,0.025838457657519687,0.004097631930203405,MRPL54,1.0,1.0,0.0,0.0,1.0,1.0,1,2,0,0.45632056720647746,1
MRPS11+ctrl,esm3,20260813,-0.3802190743142003,-0.026062543674592042,-0.024480711509402953,-0.03315608095148409,-0.003479989761833391,0.0758518387185968,-0.0042119566351175,-0.002262620362201595,-0.007294607139784137,0.007888696243569193,-0.0005723449285142,-0.3565575043446798,0.030609127715664486,-0.01498318597717474,-0.23191886619570942,-0.30000000000000004,-0.0379077478717742,0.0001557216427807706,MRPS11,1.0,1.0,0.0,0.0,1.0,1.0,1,2,0,0.34861809487498874,0
MRPS14+ctrl,esm3,20260813,-0.20988397608257503,0.004214326326759721,0.018728677776289282,0.004129136579490933,0.005946400559691534,0.24055673774530661,-0.0018959771841764,-0.0035063183747612303,-0.0046044155211384385,0.014942033533998311,-0.0008750329725444,-0.41621337366751004,0.03452118747140831,-0.0009434924686426704,-0.1726774177819404,-0.2,0.007611878693012053,0.01661647944578548,MRPS14,1.0,1.0,0.0,0.0,1.0,1.0,1,2,0,0.3098167488588997,0
MRPS18A+ctrl,esm3,20260813,-0.09383118348725039,0.025398858951156567,0.02855813602498003,-0.0014124350168580047,0.00140596002549212,0.08589458316481047,-0.0003254637122153993,-0.00014198174849044953,-0.001167329806693207,0.006068577932526298,-4.028010880570009e-05,-0.021196735841176317,0.008956620737407106,0.029985130318816777,0.000507228913912805,-0.07,0.0008392027060179219,0.0009434991813366267,MRPS18A,1.0,1.0,0.0,0.0,1.0,1.0,1,2,0,0.27432657940443206,0
MRPS24+ctrl,esm3,20260813,-0.08849566157292571,0.004959365246404612,0.007350731140698896,-0.009144799894815814,0.002096140988284312,-0.06389518604799582,-0.0006570629775524001,-0.00019728171689559204,-0.0006378484095291848,-0.0007292514393470173,-6.409460911520001e-05,-0.07213650968529428,0.003634935166167974,-0.0025098361248546697,-0.02888301573116711,-0.09000000000000002,-0.007708186152236979,0.002826635924048748,MRPS24,1.0,1.0,1.0,0.0,1.0,1.0,1,3,1,0.20944732822544496,0
MRPS26+ctrl,esm3,20260813,0.10088951233022297,-0.010193499018475105,-0.017216543776480298,0.03311523744267561,0.006877149695765916,0.14103113991227811,0.0005735959857702984,-0.00031295159815158957,-0.000526743309642308,0.006881203517152296,-3.486563218760004e-05,0.07654175699267252,0.04020155430442196,0.0536311896164855,0.0459206672842386,0.02999999999999997,0.0435211655197994,0.005577158027368023,MRPS26,1.0,1.0,0.0,0.0,1.0,1.0,1,2,0,0.4646844604098582,1
MRPS27+ctrl,esm3,20260813,-0.029263150747157574,-0.001799195320971947,0.003298294124401302,0.011746315934255291,0.0027363870067211304,0.06703384182836236,-7.668323814869968e-05,-0.0007448615066075748,7.120257720361067e-05,0.010685953543149884,-0.00015435146633530007,-0.07491058558104396,0.023091204924631015,0.0414859951803449,-0.007043248052517492,0.020000000000000018,0.024949331526981477,0.010826622621570747,MRPS27,1.0,1.0,0.0,0.0,1.0,1.0,1,2,0,0.5149034379386356,1
MTPAP+ctrl,esm3,20260813,0.0462069706380778,-0.004190575767801352,0.002926628781328766,-0.011882237821304098,-0.020840821384548736,-0.2407780853746846,0.0014312863349915002,-0.0018387356562208357,0.00602783265740281,-0.01870069552419401,-0.0005848458968103001,-0.13836031724728998,-0.016212083040728076,0.018656017705011796,0.15972363307950418,0.12,-0.035153161217681306,-0.022805926954065248,MTPAP,1.0,1.0,0.0,0.0,0.0,0.0,0,1,0,0.6037724452138512,1
MZT1+ctrl,esm3,20260813,0.025928357284012715,0.00420119600245783,0.010542185847321917,-0.008559761270599597,-0.0023535129220353945,-0.05914006642938721,0.0021848119795321985,0.00067347059834999,0.00204759512195285,-0.004455882410147008,0.00018990790704269997,0.08923728336763301,0.0077019593775811135,-0.0045434840712033076,0.054795801348094295,0.03999999999999998,-0.0083106294729349,-0.0031900774509646124,MZT1,1.0,1.0,0.0,0.0,0.0,0.0,0,1,0,0.2536214392719283,0
NAA15+ctrl,esm3,20260813,0.08451383692266269,-0.04004277228844111,-0.02128758124556268,0.06213654844525279,0.02022828758357781,0.5339716229609839,0.0022008921951056012,-0.00016365513836946732,0.0027616164624647555,0.02738463139452052,8.873757906299956e-06,0.1110211556545129,0.060305896789151436,0.06122314561906883,0.1464639011710831,0.09,0.08954557241078581,0.02794616311309428,NAA15,1.0,1.0,0.0,1.0,1.0,1.0,1,3,1,0.5425003193229043,1
NARS+ctrl,esm3,20260813,0.1853210587625232,0.013256642759344905,0.001451917210566811,0.042266174802346096,0.03521558678867498,0.18615323501686976,0.0035660155117512027,0.002477921362668445,0.0029672470306899568,0.0161061212234756,0.0007370884995906999,0.13795354687301886,0.03954346606246684,0.08830848857688978,0.09747853624449937,0.12999999999999995,0.05703274060878072,0.038439721796709736,NARS,1.0,0.0,1.0,0.0,0.0,0.0,0,1,0,0.5998231806649107,1
NBAS+ctrl,esm3,20260813,0.09976041144605038,0.021342275979655878,0.04326146144508092,0.10919133583227159,0.031026284101288104,0.3837936462888177,0.0037907864898443985,0.0012409054272833897,0.003125112676317432,0.033672184307840414,0.00036899995757260005,0.4852229643978518,0.09363846862983172,0.1581824494930988,0.3111899547594231,0.09000000000000002,0.1298503834053263,0.04521383249956801,NBAS,1.0,1.0,0.0,0.0,1.0,1.0,1,2,0,0.6721823327012071,1
NCAPH+ctrl,esm3,20260813,0.007689815054193805,0.002571584933012794,-0.0035129889602218967,-0.02019995453183221,0.003954079805422228,0.017335685694523484,0.0002362709492444992,-6.346782281518859e-05,-1.3783968551894787e-05,0.0024771957701254232,1.1544558219600152e-05,0.053985614456417974,-0.010862358997939747,0.006602739181922668,0.055598886546624204,0.04999999999999999,-0.02050628194957399,0.003630008866631007,NCAPH,1.0,1.0,0.0,0.0,1.0,1.0,1,2,0,0.5645618565088076,1
NDC80+ctrl,esm3,20260813,0.3021476257133253,0.09120235491247752,0.06187283092049445,0.0704064178720947,0.030035534246866197,0.41141283214851454,0.005474917590618099,0.0016995995473306769,0.007508249651806964,0.018713225433602404,0.0006291263853199,0.388658971254379,0.027825592919817566,0.14565537371893844,0.31892435580081957,0.21000000000000002,0.12401705140841252,0.043387760683588183,NDC80,1.0,1.0,1.0,1.0,1.0,1.0,1,4,1,0.5366250783763342,1
NDUFA8+ctrl,esm3,20260813,0.005373120829592626,-3.4803880356482075e-05,0.009939753591021117,-0.009070676698384406,0.003317567575239988,-0.011601500654225105,-0.0010928586125373008,-0.0006275321460356142,-0.0022327937213117988,0.0024005963225063875,-0.00013256078818820003,-0.11991770436245608,0.012131544839893094,0.01703576460969025,-0.09241138109801819,0.010000000000000009,-0.012602651866186199,0.0043396512344183735,NDUFA8,1.0,1.0,0.0,0.0,1.0,1.0,1,2,0,0.24666935548962787,0
NEDD1+ctrl,esm3,20260813,-0.1104636339380014,-0.0888001636634137,-0.07327995876517057,0.0207660370261967,0.020338614741337885,0.06393862876982442,0.0005052275955677032,-0.0008377470613988303,-0.00017981309635639597,0.030011942104755607,-0.00012069731019440002,-0.12920286990115593,0.08251801549595561,0.05110744291961189,-0.06988375929696791,-0.08000000000000002,0.0182049667547855,0.03274188014368362,NEDD1,1.0,1.0,0.0,1.0,0.0,0.0,0,2,0,0.4811699786249136,1
NELFA+ctrl,esm3,20260813,0.1022625212428242,0.018697261470389526,0.0204787368954909,-0.01008948536464141,-0.04540964068703868,-0.19655087480421568,0.0005224253982305978,0.0001450148255823791,0.0002792650671840091,-0.0431768588322895,-2.5609275326100248e-05,-0.08093458884801197,-0.03973640470938922,-0.10772119390938073,-0.049273756510409605,0.12,-0.007056426601042609,-0.04072027286001567,NELFA,1.0,1.0,0.0,1.0,1.0,1.0,1,3,1,0.3766572670241666,0
NFRKB+ctrl,esm3,20260813,-0.15825980003442439,-0.014645734854756065,-0.007703242766454899,-0.006070412733067104,-0.005295103463142992,-0.10499445067455526,-0.0019996594637632023,-0.0013490230692938532,-0.003135875261510268,0.003610463801638486,-0.0003324727877042999,-0.2927073794799633,-0.0066747912364677475,-0.019297689378404925,-0.14937130554483072,-0.10000000000000003,-0.018768146698952493,-0.0003977890745153756,NFRKB,1.0,1.0,0.0,1.0,1.0,1.0,1,3,1,0.3930709025295937,0
NOL6+ctrl,esm3,20260813,-0.24706136576081583,-0.03288700031690406,-0.0389389292063389,-0.0842247356862611,-0.011327762534038499,-0.2810527898675809,-0.007422182708978601,-0.0035286570449941657,-0.005470785100393449,-0.013351033910264987,-0.001071940176189,-0.10950305791472159,-0.050351039234267536,-0.12191090805519289,-0.1187890394744544,-0.21000000000000008,-0.1174799066710937,-0.019929572334298484,NOL6,1.0,1.0,0.0,0.0,0.0,0.0,0,1,0,0.46913698901924206,1
NOP10+ctrl,esm3,20260813,0.15231986715538326,0.006258833275919695,-0.008505365427370792,-0.047283293156082706,-0.004678156577547499,-0.1826054337343288,-4.8056244850200325e-05,0.0003683049619176426,0.001347662309971076,-0.004126029099474904,7.250066846610005e-05,0.07988133787185703,-0.047213254779216896,-0.002118444489083604,0.06233660279654302,0.11000000000000004,-0.050202698713391364,-0.0047583696877517845,NOP10,1.0,1.0,0.0,0.0,1.0,1.0,1,2,0,0.21523627459549166,0
NRBP1+ctrl,esm3,20260813,0.038876453236058484,0.014848153358447025,0.0071294321547539785,-0.02338934878127369,-0.030411560499980783,-0.28476374101927726,-0.0008264780044555005,9.297619202652818e-05,0.002015894192829437,-0.026752480115382005,-0.00017312192358079998,-0.2176869252288391,-0.031356812889508534,-0.09927543995825316,-0.0841055257102655,0.020000000000000018,-0.0481184306216908,-0.038383170434576286,NRBP1,1.0,1.0,0.0,0.0,0.0,0.0,0,1,0,0.39456094140037035,0
NSA2+ctrl,esm3,20260813,-0.14011637447283876,0.008809907179263221,0.007324606409008283,-0.00933294420490488,0.0046362966153769,-0.0033940921577489958,0.000491827726364101,-3.1409028314000054e-05,0.0008037361281687527,0.0023893106914131823,-5.8583100326299966e-05,-0.11340296688205398,0.01944711190499404,0.010655992714795559,-0.055340168080500185,-0.10999999999999999,-0.01570206257230869,0.0051124251265391996,NSA2,1.0,1.0,0.0,0.0,0.0,0.0,0,1,0,0.248515610657371,0
NUBP1+ctrl,esm3,20260813,-0.17360139411353587,-0.027399312416390487,-0.031491471159985185,0.005231701867910693,-0.0017718786534496045,0.006027108522787095,0.0003326106816529985,0.0004066585840951653,0.0013788239591530083,-0.017233257923278705,7.832719711589999e-05,-0.15701827296035176,-0.05706416997406516,-0.07069979381572356,-0.09259064008162526,-0.16,0.013050937306113397,-0.006377711774713024,NUBP1,1.0,1.0,0.0,0.0,1.0,1.0,1,2,0,0.2713715614389949,0
NUDC+ctrl,esm3,20260813,0.0002985746541432077,-0.0020020223648937185,-0.004403701719146891,-0.014069836344403508,0.0021993138338913254,-0.0040511822287874755,-0.0025801733136176994,-0.0011837291967063956,-0.0011155985958392067,0.00011529540762139634,-0.0003393214428797,0.0225097751351013,-0.00663656586132122,0.01211974864518528,0.017403077013452603,0.06,-0.030344792665686182,0.0040315092388968354,NUDC,1.0,1.0,0.0,1.0,1.0,1.0,1,3,1,0.8414881547158479,1
NUP54+ctrl,esm3,20260813,0.12364029835442475,-0.09102781781261526,-0.11234650241309285,-0.004001238826204401,0.011319508034020292,0.16252358340421902,-8.489191532129806e-05,7.230559299165051e-05,0.0037679506147182407,0.021076521130383802,-0.00010114652104670002,-0.006452562779740378,0.04514739091395692,0.0818012591523708,0.01870868234969425,0.08000000000000002,-0.01727836463226351,0.015028092313509434,NUP54,1.0,1.0,0.0,0.0,1.0,1.0,1,2,0,0.6072345394642318,1
NUTF2+ctrl,esm3,20260813,-0.00800131862405723,0.008637059225609534,-0.0024294802325958154,-0.01114976035515991,0.0020092539712991964,0.04811355648093185,0.0005873925983906,0.0007175563677181973,-0.005254696731772368,0.015338679896180929,0.00019001401960850022,-0.0427068441495288,0.013125966475897033,0.007043084310683234,-0.0819823847057769,-0.09000000000000002,-0.017178825803464803,0.008624773570120814,NUTF2,1.0,1.0,1.0,1.0,0.0,0.0,0,3,1,0.182500108142927,0
OGFOD1+ctrl,esm3,20260813,-0.08114683827131841,-0.04508653591356249,-0.066125093459391,-0.004940994763257683,-0.02895694414581368,-0.05203312044288366,-0.0012162216007709017,-0.0003412033650411761,0.001491717371704615,-0.027039990397498798,-0.00026121968403460026,-0.0387748798239384,-0.033674553545336994,-0.0506072444353276,-0.003306732849939001,-0.03999999999999998,-0.0017615685239310008,-0.034709203874855654,OGFOD1,1.0,1.0,0.0,0.0,0.0,0.0,0,1,0,0.2013665529745279,0
OPA1+ctrl,esm3,20260813,0.09176120514042369,0.03878519184011198,0.04498357016431337,-0.013130834554562099,-0.03399515746054871,-0.1737579033446865,0.004362296313047399,0.004548762485351188,0.009743236472067762,-0.04800596959142342,0.0009635369060561002,0.0775118250552263,-0.09011745854782383,-0.10505690477214369,0.01391600859640918,0.10999999999999999,0.013282062386779592,-0.048509218504073415,OPA1,1.0,1.0,0.0,0.0,1.0,1.0,1,2,0,0.3461184620083676,0
ORC5+ctrl,esm3,20260813,-0.0427131346116026,0.030755098126061198,0.028108507774507574,0.03161091314584549,0.01184660403554666,0.012977319496174922,0.00024349056184289758,-0.00029874993314682463,0.0002534232333836206,0.0016344275190340873,-7.097341585900001e-05,-0.09270876993707394,0.028881432627723025,0.018211191068902455,-0.009222129532991508,0.04000000000000001,0.02233768251151,0.006664464765298139,ORC5,1.0,1.0,0.0,0.0,1.0,1.0,1,2,0,0.28873145928018085,0
OXA1L+ctrl,esm3,20260813,-0.3900509459718949,-0.0002756359532885,0.002130812861169784,0.013885892384541493,-0.00842488789298712,0.0919764680412134,-0.0039555225521326,-0.002852162823769988,-0.003509750252389976,0.011884398477897296,-0.0007509496645071001,-0.28302863763117203,0.038391385904213204,-0.036681152476930046,-0.18292883950193428,-0.26000000000000006,0.005022553197701618,-0.004715009822309102,OXA1L,1.0,1.0,0.0,0.0,0.0,0.0,0,1,0,0.3096906849944455,0
PAM16+ctrl,esm3,20260813,-0.010494520473882218,0.005171458038614851,0.011499506430318607,0.003003741287360695,-0.0025308422275889253,0.05196333467445802,-0.0005425419658421984,-0.0002791682281769736,-0.0009507022988650693,0.0001146707612247333,-5.5988319218100175e-05,-0.0021276225269620808,-0.0001979869164214776,-0.024870527661698172,-0.008164635542781351,0.020000000000000018,0.00474821489871502,-0.0042262823101728575,PAM16,1.0,1.0,0.0,0.0,1.0,1.0,1,2,0,0.6104597216725507,1
PCF11+ctrl,esm3,20260813,0.04484735695839509,-0.0075113732317254045,0.0003477812733725383,-0.05880425621654731,-0.025243320220831478,-0.16149971944637487,-0.0021973717957736,-0.0014745147554031668,-0.002522245828889824,-0.0239287981106268,-0.0004801151808351001,-0.10536277757270612,-0.06232668490815252,-0.09212650989060922,-0.07541665670415848,0.06,-0.08160439653862309,-0.04409384892414603,PCF11,1.0,1.0,0.0,1.0,1.0,1.0,1,3,1,0.29365857001091883,0
PDCD2+ctrl,esm3,20260813,-0.026069456751037293,0.01277273318920491,0.022881215701650803,0.0002185751892082033,0.0035061852499441715,0.2655800632085674,-0.0011453088372945994,-0.00021563654192535697,9.26200606452543e-05,0.0033455215126104165,-3.07657755910999e-05,-0.001994726497993697,-0.027165523111813528,0.0250242313552147,-0.0594303826365956,-0.04000000000000001,0.006964030459788884,0.0063540079638091385,PDCD2,1.0,1.0,0.0,0.0,1.0,1.0,1,2,0,0.23858657700463945,0
PET117+ctrl,esm3,20260813,-0.038775253810207314,-0.002071940977434239,0.013400652972605231,0.021127490036389113,0.007837584983865997,0.2398514801779753,-0.0011507701128720994,-0.0009678300547150132,-0.0022801710688452603,0.012554878590837787,-0.00013608986046169998,-0.024497943913862397,0.016646739837065216,0.038244127206077394,-0.0686433417283735,-0.08,0.015046347689521511,0.018878145647011957,PET117,1.0,1.0,0.0,0.0,1.0,1.0,1,2,0,0.23482859540575993,0
PGPEP1+ctrl,esm3,20260813,-0.0781754950871704,-0.09397611793398963,-0.10714193326677712,-0.002943699808849287,-0.0023410034079922593,0.06365062536400556,-0.0011056475341320003,-0.0002596956954253882,-0.0010189084267163695,0.00046469923144060177,-0.00013436528388409983,-0.10919224198059929,-0.011410621202201043,-0.029168902922496187,-0.06539888171995528,-0.1,-0.014950599604157733,-0.0045677632121765566,PGPEP1,1.0,1.0,0.0,0.0,0.0,0.0,0,1,0,0.19633411725507985,0
PHF5A+ctrl,esm3,20260813,-0.1852573251327876,-0.05561092627510755,-0.04619655489017671,-0.026092405215640907,-0.07656690801378488,-0.24523045866460208,-0.007522929459810198,-0.008642888318568631,-0.016957315590292565,-0.0274689743763801,-0.0020777818281204003,-0.5718574576186546,0.028899003032234583,-0.20763754786379862,-0.3715726911412489,-0.18,-0.05642559013817161,-0.08277739324993194,PHF5A,1.0,1.0,1.0,1.0,1.0,1.0,1,4,1,0.40067550541545843,0
PIAS4+ctrl,esm3,20260813,-0.08533058719061501,-0.015310061972964584,-0.009910547714114593,-0.053038269471906124,-0.022768401180380093,-0.0791459657872523,-0.0025639589875936994,9.49492728565815e-05,-0.0008324988813198653,-0.022572564953892482,-0.0002065477892755998,-0.1356822457176747,-0.09998793984729526,-0.08164147336659977,-0.10558021329612752,-0.04999999999999999,-0.06589052830313308,-0.026167321240971764,PIAS4,1.0,1.0,1.0,1.0,0.0,0.0,0,3,1,0.29473499487295646,0
POLA1+ctrl,esm3,20260813,-0.10709120466195388,-0.036906135574719445,-0.0365721433828714,-0.032774344372357406,0.0024437996885524893,-0.1804181140535543,0.0022094044834375,0.0016077938941343461,0.0010723490114011858,-0.013792952167644507,0.0003766961162908999,-0.03710557337737519,-0.0636782914190207,-0.10706816439262101,-0.0758012996775097,-0.09999999999999998,-0.036635811007468794,-0.008589967211650507,POLA1,1.0,1.0,1.0,1.0,1.0,1.0,1,4,1,0.5191450699456405,1
POLD2+ctrl,esm3,20260813,-0.1335265106279494,-0.02088134367349237,-0.010156439367859815,0.03281517975122769,0.018387426974212612,0.2368242368003587,-0.0042836647480726,-0.0016259130407096922,-0.005218892225006266,0.032949504440187016,-0.0005157188861631,-0.10973838408392611,0.026881145653280925,0.09435714825155073,-0.11696458538539067,-0.12,0.03313007508790222,0.029457079149089793,POLD2,1.0,1.0,1.0,1.0,1.0,1.0,1,4,1,0.66582718730439,1
POLE+ctrl,esm3,20260813,-0.0036901768529767898,0.028068395711055016,0.01567512385845471,-0.001797799440163006,-0.001183197262181801,-0.13119664903826667,0.0009568445384503001,-4.1830968676714875e-05,0.0011416732050579803,0.0017108683140266145,2.7999165467900138e-05,-0.0008488424277942608,0.013621585017562943,0.023289151307433142,0.015329062933898352,-0.029999999999999916,-0.02115784675349941,-0.006454504087279878,POLE,1.0,1.0,0.0,1.0,1.0,1.0,1,3,1,0.5168363531937439,1
POLR1E+ctrl,esm3,20260813,-0.002998786181902524,-0.005562440969573368,-0.009812484544016176,0.03713641334101131,0.012114857065899293,0.025055421768877206,0.0009759133681655,0.00038733253456602057,0.0010427661781670094,0.01515068593945712,8.106953464440006e-05,0.0020092570131314824,0.042136565928137526,0.05139465450089331,-0.007070320512798323,-0.010000000000000009,0.03809319967657018,0.021294467495563518,POLR1E,1.0,1.0,1.0,1.0,1.0,1.0,1,4,1,0.38888077882314764,0
POLR2E+ctrl,esm3,20260813,0.05442807972247998,0.00447383378260946,0.007561130854943587,0.08938669236968558,0.07005669891522198,0.06778514968371624,0.016403321176767398,0.012764695131526782,0.021262383756353587,0.016432736592476488,0.0031675782520324,0.007265727072579886,0.02411624186390804,0.07607798113547948,-0.010708892732612663,0.030000000000000027,0.13276867331842748,0.057529466293839926,POLR2E,1.0,1.0,0.0,1.0,1.0,1.0,1,3,1,0.1804290856156837,0
POLR2F+ctrl,esm3,20260813,-0.14919231526192023,-0.014102731814640057,-0.011750032863376392,-0.0378800521205401,-0.015104252400251594,-0.2304779600876819,0.00041852518916130066,0.0012841138698944654,-0.002791803543008009,-0.027858345741082896,0.0003457691054791002,-0.11085413579852788,-0.05404941414617159,-0.07115474993022153,-0.158013418164329,-0.10999999999999999,-0.0554598001659313,-0.021140114864583004,POLR2F,1.0,1.0,1.0,1.0,1.0,1.0,1,4,1,0.18886517813918152,0
POLR3B+ctrl,esm3,20260813,0.03069337119697868,0.03188468851461013,0.055237429529868765,0.0310113916167781,0.009934659581470495,0.2222268779780524,-4.142336547369868e-05,-0.0004213433935118527,-0.0008146648396724077,0.014114574502587796,-0.00017959717661149982,0.0837403133894806,0.005756206338980663,0.028695358127329262,0.07252385939529099,0.0,0.03574139930572379,0.007793054254503273,POLR3B,1.0,1.0,0.0,1.0,1.0,1.0,1,3,1,0.9657356094115339,1
POLR3C+ctrl,esm3,20260813,0.03274750968549131,0.02058197450880961,0.03248456693008664,0.037375597094250895,0.018513431854194518,0.265976735862264,0.0008362121880053988,-6.071105428062662e-05,0.0025033801001351774,0.017734740095429885,7.86414602769992e-06,-0.23030924030147182,0.010371223192796486,-0.0020686216326647466,-0.1217119145097928,0.03,0.05099096554645749,0.018448784219039838,POLR3C,1.0,1.0,0.0,1.0,1.0,1.0,1,3,1,0.2827661684995906,0
POLR3D+ctrl,esm3,20260813,0.0380535562088693,0.0350117813079216,0.03291956920455952,0.06141686909971611,0.01515061584059002,0.2148019691007812,0.0008403994143008978,0.000763800001183812,0.0005224319481788031,0.011409119253781824,0.00013884773943570006,0.08573582292937781,0.02880876902635554,0.05929539537490314,0.07510334282362491,0.03999999999999998,0.06920681777880608,0.027476165031346644,POLR3D,1.0,1.0,1.0,1.0,1.0,1.0,1,4,1,0.3583332079272889,0
POLR3F+ctrl,esm3,20260813,-0.1286408893904021,0.023422120440757865,0.043559582748162684,0.019477165921079315,0.006702398022673917,0.13918953652274024,-0.0012603085488081013,-0.0008471809726776636,-0.00021961949678461767,0.008230262273218797,-0.00023860955843699996,-0.3126767693890471,0.024196260444036555,0.025678294347430408,-0.13509431748214917,-0.16999999999999998,0.02274418638928119,0.008568454108288104,POLR3F,1.0,1.0,0.0,1.0,1.0,1.0,1,3,1,0.2654685132272808,0
POP4+ctrl,esm3,20260813,-0.1602673108429296,-0.0056170948760699835,-0.008037544548934683,-0.040409419812268504,-0.00831844437526491,-0.014101108618848668,-0.002907020971178998,-0.0018717427806451692,-0.002776202679711237,-0.011056893773415233,-0.00043754570651800004,-0.1096312142360627,-0.020149754880349424,-0.034421996874064,-0.0027420986631699895,-0.13999999999999996,-0.053495358122188696,-0.006678734847223589,POP4,1.0,1.0,0.0,0.0,1.0,1.0,1,2,0,0.2992725434398552,0
PPP1R11+ctrl,esm3,20260813,0.009152873819974386,-0.008994592266087897,-0.011641686413168373,0.017414614193480116,0.01481907286010642,-0.035720733911354885,0.0021686796098947005,0.0017827247331865248,0.0008734076513554623,0.008362918019104909,0.0005404353141784,0.2453074861088612,0.007180500623431563,0.02414623976863506,0.0645524661006633,0.09000000000000001,0.032078754566369216,0.006357797899216755,PPP1R11,1.0,1.0,0.0,0.0,0.0,0.0,0,1,0,0.3664741797659978,0
PPP4R2+ctrl,esm3,20260813,0.010963140257385401,-0.03247662890510672,-0.0273383180530955,0.009276055375556702,-0.003979728788531589,0.03648915422184709,-0.0015533789992333014,-0.0008398511841190004,-0.0018631002985239897,0.006281033274364106,-0.00021873868536209987,0.02709624855955972,0.027612897613513154,0.015004698129754357,0.0677941807982754,0.030000000000000027,-0.008370967357055809,-0.00707632820422488,PPP4R2,1.0,1.0,0.0,1.0,1.0,1.0,1,3,1,0.3382547700499941,0
PRELID1+ctrl,esm3,20260813,0.28271210774282485,0.1485042571724986,0.1357336771439046,-0.006966176137753077,-0.028387383693997015,-0.12854844765703893,0.0044055320322513025,0.0019425462451414521,0.008605984760239216,-0.038120617495967596,0.0004838233580812,0.21729256417411635,-0.037049156262297434,-0.05145507308413999,0.16768984478090931,0.20999999999999996,0.001953085126238624,-0.0433387623337973,PRELID1,1.0,1.0,0.0,0.0,0.0,0.0,0,1,0,0.8267778368246455,1
PRPF3+ctrl,esm3,20260813,-0.1202146062994684,0.021719020091957253,0.012190634353687835,0.006108840916118602,0.006886735943356204,0.018549672228821756,-0.0047427657991648,-0.0035194627356687214,-0.008818646945168984,0.020936800134465,-0.0008021723479033002,-0.0865431466976051,0.011554627948478613,-0.011097545491142946,-0.09282626832103236,-0.07999999999999996,-0.003407204277482867,0.007991371499504352,PRPF3,1.0,1.0,0.0,1.0,1.0,1.0,1,3,1,0.2757004471829877,0
PRPF31+ctrl,esm3,20260813,-0.0424405440863444,0.009554790050183004,0.00479259553373429,-0.005493904478568901,0.011331243626354515,-0.18774315202901648,-0.00038113445043569394,-0.0004388608617406087,0.002470071057970702,0.0044014970526304875,-0.00014493288472300012,0.017671991334234805,-0.007506726706977274,-0.02185609671215616,0.02226741708323099,-0.07,-0.026899969502031107,0.007634803510293997,PRPF31,1.0,1.0,1.0,1.0,1.0,1.0,1,4,1,0.5558206178966875,1
PRPF4B+ctrl,esm3,20260813,-0.003080151596017794,-0.014861249391585285,-0.021792747176033578,-0.007334065512915794,-0.01152637348696292,0.01658182069123071,-0.0017095357179642001,-0.0009966452020185868,-0.0020896451644440983,-0.008172433748148494,-0.00026877247728409985,-0.20605372298721658,-0.01697931212495185,-0.02109510414038751,-0.1188993116237404,-0.010000000000000009,-0.012278690604004994,-0.013241790826963418,PRPF4B,1.0,1.0,0.0,0.0,0.0,0.0,0,1,0,0.31030206121583254,0
PRPF8+ctrl,esm3,20260813,-0.266041416226517,-0.19896265948327851,-0.1506360891201466,-0.027222001159379394,-0.027479307344517256,-0.11837647165441323,-0.006421891972422603,-0.006158457664310446,-0.01464694052187765,0.0014898008847464006,-0.0014682065229863002,-0.49393286105871864,0.05283252258177751,-0.039579982161348615,-0.35837086823652786,-0.21999999999999997,-0.05369976173689478,-0.020034789719071577,PRPF8,1.0,1.0,0.0,1.0,1.0,1.0,1,3,1,0.33767594403437845,0
PSMA2+ctrl,esm3,20260813,0.08515336487637792,0.011818988337063852,0.008206291814140898,0.021384564944222806,0.009771554838647334,0.0075253284554878674,0.004464581608772302,0.0032881820794191663,0.005536944479788364,-0.0010560302218585726,0.0008368599228561,0.055662139373345076,0.002602615960592858,0.008110546760918491,0.0296115369451721,0.07999999999999996,0.032623073223564086,0.0059979387494348835,PSMA2,1.0,1.0,0.0,1.0,1.0,1.0,1,3,1,0.8492605232695278,1
PSMA3+ctrl,esm3,20260813,-0.1349384735165623,-0.02933233013362513,-0.011738529670591968,-0.024229270965676508,-0.0176551300066575,-0.09581794881166084,-0.0028345938771963015,-0.001502595976993204,-0.005739746556780667,-0.011860903331325418,-0.00042305933311580007,-0.05071923123213351,-0.02001196011998485,-0.04893050564443158,-0.07698945996189399,-0.08000000000000007,-0.0335417028792977,-0.016932298590489947,PSMA3,1.0,1.0,0.0,1.0,1.0,1.0,1,3,1,0.8290067011788567,1
PSMA6+ctrl,esm3,20260813,-0.04952305440782567,-0.0313505399626256,-0.03316970740103864,0.006078182125033305,-0.06163640488335875,-0.11388252731994208,0.001149173825979198,0.00070767683790951,0.006227549983334857,-0.02895596047926599,0.00018484168685979976,0.0070375799245767645,-0.0016934317875453297,-0.08679684694462153,0.015791216360406646,0.0,0.016873765030524596,-0.0743781491494162,PSMA6,1.0,1.0,0.0,1.0,1.0,1.0,1,3,1,0.8205586608883654,1
PSMB1+ctrl,esm3,20260813,-0.053642479572679314,0.008270126278889456,0.0065430884986033,-0.00017423576800190688,0.006568038685640598,-0.021654906925064943,-4.0665268897999846e-05,9.480363356106913e-05,-0.0007977440713001771,0.007320477215401799,-2.6615452953000643e-06,-0.050310507805237825,-0.002518884073723915,-0.004841448149123795,-0.04910625164670329,-0.050000000000000044,-0.000815786451137307,0.01569291254822547,PSMB1,1.0,1.0,1.0,1.0,1.0,1.0,1,4,1,0.7438153831621768,1
PSMD1+ctrl,esm3,20260813,-0.008660398097693922,0.030820446937388946,0.024469624024137993,-0.021209334258888712,-0.029208294149504488,0.06261905903660014,-0.010842269286513297,-0.007948356143370527,-0.01162210928144225,-0.006467409053792811,-0.0019163676188327,0.00956512320402203,-0.003208801193742006,0.03221311195487364,0.018595552517479907,0.010000000000000009,-0.041487990151108184,-0.03574026042828027,PSMD1,1.0,1.0,0.0,1.0,1.0,1.0,1,3,1,0.6933988680136911,1
PSMD4+ctrl,esm3,20260813,-0.1493438983262284,-0.03141424790448455,-0.07990917418692922,-0.05996044674806561,-0.0471780627250393,-0.4856684743513806,-0.006360078230500197,-0.0019162387340380116,-0.006858063945559878,-0.032790070101501784,-0.0008016489446163,-0.42938494837106145,-0.05672655491578216,-0.10926484952760318,-0.3685695467603048,-0.14,-0.09496923614007469,-0.0510707686020172,PSMD4,1.0,1.0,1.0,1.0,1.0,1.0,1,4,1,0.20336773302060204,0
PSMD7+ctrl,esm3,20260813,-0.13608585525414063,0.006931858019397996,0.007045818172557561,-0.008476548350207891,0.006737890097790189,0.022479820832578046,-0.0005298294126987943,0.0011036875563046333,0.004590780878683587,0.004172238346859619,-4.160031676300052e-05,-0.025969596615707635,-0.029548849728808113,0.0019462134129176745,-0.00041800065431252253,-0.07000000000000006,-0.02055926350180648,0.00221781534650356,PSMD7,1.0,1.0,0.0,1.0,1.0,1.0,1,3,1,0.8143376286557976,1
PTCD1+ctrl,esm3,20260813,0.1019891101709755,0.02734712953944285,0.03270508777925307,0.03176489747255448,0.012399304237221298,0.10760547850917629,0.0018131379038095995,0.00037213057351714873,0.0010207654008550504,0.014523713971681979,8.340505883100001e-05,0.08116945011290383,0.04669590652642075,0.040998058600915654,0.1018708158212775,0.050000000000000044,0.03411333100016439,0.01720132018616294,PTCD1,1.0,1.0,0.0,0.0,0.0,0.0,0,1,0,0.517333544115189,1
PUF60+ctrl,esm3,20260813,-0.048634810978927884,0.06506328526174515,0.03922597713215059,0.007268653919394241,-0.022834643261130994,-0.008018819373305286,0.0036592707037925998,0.0024628479216540766,0.008441893731499173,-0.022751119130674013,0.0006777029484509997,-0.10468731102685147,-0.01636210517245662,-0.018370167851583852,-0.0428879015885453,-0.09000000000000002,0.017668873099303928,-0.02832054896713787,PUF60,1.0,1.0,1.0,1.0,1.0,1.0,1,4,1,0.6359689975822066,1
PWP2+ctrl,esm3,20260813,-0.27800391629420323,0.030647749423843962,0.04873568350573698,0.00421435448444149,0.015851656511326306,0.12218309012848283,-0.0009041838347911973,-0.001473496337398017,-0.001957695608048704,0.011042188918136492,-0.00023137929383669985,-0.09572349180647088,0.02634484540639026,0.03347420624254993,-0.00880685380830809,-0.27,0.017086424398145728,0.01760888241824854,PWP2,1.0,1.0,0.0,0.0,0.0,0.0,0,1,0,0.6465936972327302,1
QARS+ctrl,esm3,20260813,0.2929689323457477,0.1224375466803922,0.10909766115420849,-0.02977278437997377,0.040189224816205404,-0.009616346501186257,0.0043744705617427965,0.007670333240210381,0.008273744756038814,0.011903452155796496,0.0019896600861102,0.515527745963302,-0.0314910641758378,0.0726153039715548,0.2635630546697212,0.26999999999999996,-0.01888299523281739,0.02368872569937419,QARS,1.0,0.0,1.0,0.0,0.0,0.0,0,1,0,1.0000000000000007,1
RARS2+ctrl,esm3,20260813,0.03216609889688188,0.044761950839535714,0.050483789427291925,0.03670463924067521,0.010102497824235002,0.20176717113112186,0.0009629735723138012,0.00035835011601637046,-0.00011197426048159542,-0.0012288629836411102,0.0001295747933909,0.04470310389485321,0.01709612403666605,0.04887180195576357,-0.004827283603882071,0.020000000000000018,0.0517516209719564,0.018706047022054806,RARS2,1.0,1.0,0.0,0.0,0.0,0.0,0,1,0,0.771055439042763,1
RBM19+ctrl,esm3,20260813,0.092199747154953,0.021258886640551422,0.004618059273353015,-0.039218404619274505,-0.037964007194091653,-0.2798759396054875,0.0003207139670848985,0.0015290749801896153,0.0035380427472927467,-0.02572016765071547,0.0002269570250065002,0.0761129458591604,-0.04838829353242691,-0.06324248570625246,-0.008196119512434902,0.09,-0.036032802423715704,-0.03934077181153084,RBM19,1.0,1.0,1.0,0.0,0.0,0.0,0,2,0,0.48949427347992597,1
RBM28+ctrl,esm3,20260813,0.01970216920384238,0.07920004948227055,0.06395839775239642,0.034208591534646005,0.029080083908072818,0.30713713121889485,0.0004138741642237022,0.00018012994889282652,0.0017613656157156043,0.02455847180345999,1.773843541740005e-05,0.021693226787297126,0.05855799846974674,0.13256030180657152,0.02597670524000817,0.0,0.02749224721293428,0.03012443761388528,RBM28,1.0,1.0,0.0,0.0,1.0,1.0,1,2,0,0.481086671977071,1
RBM39+ctrl,esm3,20260813,-0.001169674698343004,0.037340366957084425,0.03186667899886575,0.0027017280094960294,0.0214299444615193,0.09128172535146761,0.0011982545256614963,0.0007790308595908568,0.00044480406588820465,0.022112601471911797,0.00020831241272389975,0.05968249230334982,0.036980474459017754,0.046852579038958675,0.03417913351796628,0.010000000000000009,0.010936472333532676,0.0246741033412341,RBM39,1.0,1.0,1.0,1.0,1.0,1.0,1,4,1,0.7466329603288437,1
RBM42+ctrl,esm3,20260813,-0.1241277075539715,0.08573411247508622,0.0552584855676668,0.00468752233882791,-0.01638664792785499,-0.08849353256024473,0.000819995999336201,-0.0004096630641561294,-0.000370233975877432,-0.014611023683147095,-3.94533853978001e-05,-0.2366078132076996,0.055855958944791895,-0.04091419004335428,-0.12110743939120411,-0.11999999999999997,0.011343614291397797,-0.009163520572610384,RBM42,1.0,1.0,0.0,1.0,1.0,1.0,1,3,1,0.3324806375880308,0
RBX1+ctrl,esm3,20260813,0.083166188338378,0.013357822559838639,0.021231240770893556,-0.020917429625430806,0.015118298088425297,0.16619696250109972,-0.0006513409316540042,0.00012750015588280927,0.0019841735538436156,0.01082815628649389,-0.00011170143261550036,0.027848543797476533,-0.04650521798035623,0.034548687949293555,0.03231345628531382,0.10999999999999999,-0.00695051600692298,0.022362561738033415,RBX1,1.0,1.0,0.0,1.0,1.0,1.0,1,3,1,0.24542061255063657,0
RCC1+ctrl,esm3,20260813,0.06917247660685119,0.0676616184413319,0.06496938094008914,-0.04670550331297199,-0.009176839137719106,-0.2031968021068892,0.0011036042124032003,0.00042105778316925413,0.0009560758708035966,-0.010179070293088982,0.00013309705536809996,0.047335234341176424,-0.014237415663736486,-0.05219414839339698,0.003350239974054481,0.06,-0.046471989498665794,-0.018597995983817284,RCC1,1.0,1.0,1.0,1.0,1.0,1.0,1,4,1,0.200743500985735,0
RFC3+ctrl,esm3,20260813,0.07551879501816205,-0.005441723052245884,-0.0050259030907232605,0.02234643470846831,0.005635002695777103,0.04552368242503091,0.0019217524677514995,0.0005311906728278082,0.0012979319323561667,0.010864802086882897,0.0001480183564127,0.07674072353839279,0.019497573688469605,0.04332359721229384,0.1044775213066233,0.07000000000000006,0.027661631886988197,0.010511416278796593,RFC3,1.0,1.0,1.0,1.0,1.0,1.0,1,4,1,0.6893661429844953,1
RFC4+ctrl,esm3,20260813,0.02489351205493351,-0.0208883937238431,-0.0182051182469819,0.0004741797950985893,-0.0013265198504204267,-0.01625078821591175,-0.0004383437335491007,-6.661252979522914e-05,-0.0002576126503045506,-0.0027301825053197004,-1.728476490830001e-05,-0.01307080374597469,-0.015417891488743951,-0.018542609634769835,-0.021053965392118512,0.019999999999999907,-0.0032747164528937056,-0.0031622654758377555,RFC4,1.0,1.0,0.0,1.0,1.0,1.0,1,3,1,0.8209484857571958,1
RIOK1+ctrl,esm3,20260813,-0.10489743675777385,-0.0050754214819784815,-0.018686539835645388,-0.012520344817396584,-0.015287204883442207,-0.0403464445462815,-0.0025257207453251024,-0.0007083094542803536,-0.0004051745198320189,-0.008922882400811294,-0.00033016293309630004,-0.05238267112552819,-0.02740041184818609,-0.07874570753583687,-0.03440573968038119,-0.07999999999999996,-0.02297028759286851,-0.02602364716597161,RIOK1,1.0,1.0,0.0,1.0,0.0,0.0,0,2,0,0.6476035985716702,1
RNF40+ctrl,esm3,20260813,0.1559117191606076,0.024970248030443787,0.02709771049240417,-0.012572489145550786,-0.0019046426172122932,0.01825296332109011,-0.0011735912412405014,-0.0006204170473956827,-0.001967177454687108,-0.009360592238145699,-0.0001355445128865,0.21386003352919392,0.018360446064307534,0.038954688143739036,0.13606658196813776,0.12,-0.02162699750888669,-0.01373846925177713,RNF40,1.0,1.0,1.0,1.0,1.0,1.0,1,4,1,0.941805307384212,1
RNGTT+ctrl,esm3,20260813,0.04162449161371659,-0.03633567134033633,-0.03950351995224244,0.03426218789383939,-0.021511736198935705,-0.07562331617993628,0.005335547029972,0.0026487315861868366,0.0054237581297683635,-0.03487136955558631,0.0007653679931536,0.02243428145945031,0.026649360060972183,-0.06782507678421801,-0.026199900989766017,-0.02999999999999997,0.06067180821402671,-0.0261300408945927,RNGTT,1.0,1.0,0.0,0.0,0.0,0.0,0,1,0,0.2391798373654894,0
RNMT+ctrl,esm3,20260813,0.18564528253077728,0.01759216134563879,0.03460935098410922,0.03465344548906327,-0.01003537710049135,-0.19207035877123851,0.007998518645763397,0.007386519483769338,0.009952744718348616,-0.0307255110578937,0.0017463099211454999,0.21801859591397568,0.006403849274990714,-0.07554981907554514,0.047266220176178084,0.25,0.0752641280610894,-0.006105126268896477,RNMT,1.0,1.0,0.0,1.0,0.0,0.0,0,2,0,0.303087075004319,0
RPF1+ctrl,esm3,20260813,0.015363992427648299,0.055789414044131735,0.0719946874633382,-0.025447259734437094,-0.01996893278724088,0.005406556714270594,-0.0010264944285153996,3.133050183112829e-05,-0.00014826300513581803,-0.03028288977413829,-0.00010141427628699998,-0.03626625913229742,-0.05857361145699769,-0.05694521742231973,0.009902922917218338,0.07,-0.03649952069034229,-0.017088627185349092,RPF1,1.0,1.0,1.0,1.0,0.0,0.0,0,3,1,0.3256615676601911,0
RPL10+ctrl,esm3,20260813,-0.5104852254328309,-0.3869631954534865,-0.3928184529383322,-0.00691595908243392,-0.09753862654777992,-0.08252649317230304,-0.0204023979604244,-0.01414217828341946,-0.03031964031678558,-0.00899389378160631,-0.0038213897496462,-0.7059503950525392,-0.008555993908485271,-0.1585651883134468,-0.6888683711167046,-0.37,-0.056903268010485675,-0.08356839575744879,RPL10,1.0,0.0,1.0,1.0,1.0,1.0,1,3,1,0.6414682591282669,1
RPL10A+ctrl,esm3,20260813,0.23465350859484846,0.10702997138207415,0.12401669105199631,-0.006462044028274688,0.021495314603136306,-0.11814404469912809,0.007675152271986001,0.006019762326542888,0.011994674496075053,-4.284537145740619e-05,0.0014240567106752998,0.19276830303827464,0.00015039409216044408,-0.011133708019836597,0.18947579279957916,0.15000000000000002,0.0067679875619180985,0.015608897079281703,RPL10A,1.0,1.0,0.0,1.0,1.0,1.0,1,3,1,0.47263705761987823,1
RPL11+ctrl,esm3,20260813,-0.5261529258835858,-0.07900139511374238,-0.08276424188158893,-0.01979780396259309,-0.05093218233374351,-0.18152744099648183,-0.0140942623838782,-0.009127886292900622,-0.01627300910664864,-0.019875088602741092,-0.0022588082356378002,-0.3406308549988949,-0.02660993255121713,-0.09563920104954604,-0.3289157885197652,-0.38,-0.07091408236111033,-0.058021077856211856,RPL11,1.0,1.0,1.0,1.0,1.0,1.0,1,4,1,0.2815817502243316,0
RPL13+ctrl,esm3,20260813,-0.002336093098887826,0.011048799431460865,0.007384278640313435,0.054235539711891295,0.031273322661826,0.037378002570011004,0.005828518420457902,0.0016103828073146254,0.0022298470249285662,0.0279747493935244,0.0005993391387164998,0.02616912362225121,0.053146124772070924,0.10231634153914726,0.02825079881070991,0.010000000000000009,0.07902172117344061,0.032330885879418236,RPL13,1.0,1.0,1.0,1.0,1.0,1.0,1,4,1,0.30100383330480673,0
RPL18+ctrl,esm3,20260813,0.18798694526475523,0.051108504225560014,0.026473710912160997,0.03376401418729311,0.04934953968994868,0.23430223369032,0.01249841414392,0.005402039339697962,0.00893413418136535,0.012652579382742307,0.0016455659642815,0.07729170663608398,0.060006675554218014,0.12515058164375126,0.10331492715655066,0.14,0.0799265236928241,0.04373475497363455,RPL18,1.0,1.0,0.0,1.0,1.0,1.0,1,3,1,0.4707930323896838,1
RPL35A+ctrl,esm3,20260813,-0.10382376278559036,-0.0300992028871373,-0.021076292370311722,-0.0052791317643083036,-0.0044408006685663914,0.04554329834534654,-0.003115490078926097,0.0005780742757851565,-0.00430418441227054,0.007908694146050887,3.837037365880011e-05,-0.00561804397251775,0.011481749219005799,0.023863491732621145,-0.044282605963304134,-0.1100000000000001,0.0006581732946229768,0.009524680364019211,RPL35A,1.0,0.0,0.0,1.0,1.0,1.0,1,2,0,0.20305529728283908,0
RPL8+ctrl,esm3,20260813,-0.00212473801864721,0.010891044905622982,0.0012235423353545993,0.01845952555146449,0.01126927807954091,0.07574986097182462,-2.346374094490053e-05,-9.157404973125782e-05,-0.0008598437147755433,0.013768190940544392,-1.493928721179997e-05,0.004614598381735058,0.03392523371295786,0.07515786139278569,0.003228186753204909,-0.030000000000000027,0.025688157287882624,0.014794813470503265,RPL8,1.0,1.0,0.0,1.0,1.0,1.0,1,3,1,0.6412681070638131,1
RPL9+ctrl,esm3,20260813,-0.31439453175342824,-0.22671191835063131,-0.2291712512237789,0.0103967710669228,-0.016562976748994485,0.1308187610173367,-0.0092529803514481,-0.0067290756465075985,-0.013216101168644023,0.02788053530723672,-0.0016485298401676001,-0.1637415507555593,0.040442469096581335,0.008487251302566001,-0.18641540629265896,-0.24,-0.008491401581216695,7.160843579212539e-06,RPL9,1.0,1.0,1.0,1.0,1.0,1.0,1,4,1,0.24689277560090636,0
RPP14+ctrl,esm3,20260813,-0.2982481289608777,-0.004769897035682313,-0.011087601482706932,-0.05694229095641598,-0.004568171685789102,-0.06519768197629561,-0.0027762018144130984,-0.00191139867193435,-0.0025989720352239676,0.003577188650436214,-0.0005501788109541,-0.14470531105944806,-0.003183455842709293,-0.06073988133718988,-0.0629976638669304,-0.30000000000000004,-0.06840247484067169,0.001978264862731338,RPP14,1.0,1.0,0.0,0.0,1.0,1.0,1,2,0,0.485861933568664,1
RPS14+ctrl,esm3,20260813,-0.06665322677132057,-0.025511708449937998,-0.038083309268688414,-0.007683331488394618,-0.021131640728075607,-0.02517713801313648,-0.004850272089243001,-0.005324444539883566,-0.004550946998038041,-0.006435358530135216,-0.0011848995927721002,-0.08112959092277106,-0.02121326372444987,-0.01378494185019763,-0.07157883048443692,-0.020000000000000018,-0.018144006048066097,-0.026092637387918338,RPS14,1.0,1.0,1.0,1.0,1.0,1.0,1,4,1,0.41208764703172934,1
RPS19+ctrl,esm3,20260813,0.09287861620709592,0.011778372032835827,0.004874385682171689,0.015787271698512323,0.00964388822644921,-0.04984665289645629,0.0021702125668525973,0.0007862650134603522,0.0012760996831359117,0.006312790731584195,0.00029749050736429996,0.02806744988483323,0.0013876746099625858,0.032204363881718545,0.02915654042291549,0.1100000000000001,0.0340638318034574,0.009206470150190993,RPS19,1.0,1.0,1.0,1.0,1.0,1.0,1,4,1,0.2063862569414467,0
RPS21+ctrl,esm3,20260813,0.20045321979282926,0.000373179788921818,-0.004420809287718597,-0.0004422832289037171,-0.01832783745458849,-0.0735124278415713,0.0007090512663126027,0.0008325936580607651,0.0027800495424536997,-0.01583560140223972,0.00018449372146280008,0.12290392761835256,0.005352147542678876,-0.038329568046504,0.07689305036844302,0.1399999999999999,0.003710614475896601,-0.018386432327068603,RPS21,1.0,1.0,0.0,1.0,1.0,1.0,1,3,1,0.19331825649390655,0
RPS23+ctrl,esm3,20260813,-0.0020744678115003357,0.006804058530735513,-0.003719443201827488,-0.00047504469789988457,0.027096193710150485,0.2177331164313951,0.0016219578683376,-3.89435937165894e-05,0.0009627451585095814,0.02426789918516839,0.00021339161321520025,-0.009080293877319567,0.02889367410160204,0.10775404604228811,-0.005973818987793367,0.05999999999999994,0.0155715861097116,0.04060852783900193,RPS23,1.0,1.0,1.0,1.0,1.0,1.0,1,4,1,0.27669441227368036,0
RPS26+ctrl,esm3,20260813,-0.2631966486768896,-0.0287093011010936,-0.02816991202457031,-0.003623382294505262,-0.0074720494434225015,0.01119701810653273,-0.005594737827777901,-0.004532641564895634,-0.005366968511654746,0.003752513392472012,-0.0011703555937855998,-0.12107353744622651,-0.005405212059527931,-0.015428887285590998,-0.10171633698475513,-0.19,-0.026919279604825985,0.0007155389049056105,RPS26,1.0,1.0,0.0,1.0,1.0,1.0,1,3,1,0.40876770544792485,0
RPS5+ctrl,esm3,20260813,-0.13442101049750688,0.0019148932034303012,-0.001191753073221058,-0.03966621360837361,-0.0214601828502691,-0.011289364886088227,-0.004637330770492498,-0.0017320971866169321,-0.0022808211312872473,0.001892930925965014,-0.0005723978392780003,-0.039427009321710726,-0.008068759791103552,-0.058993775555858385,-0.03814630578185241,-0.12,-0.05060644906880063,-0.01686323227336728,RPS5,1.0,1.0,0.0,1.0,1.0,1.0,1,3,1,0.7047560626934194,1
RPS6+ctrl,esm3,20260813,-0.021192352987441265,0.02123791133163566,0.008901793810476066,0.0021985725877904927,0.0172344214844114,0.024177520360999627,0.0032671503722668006,0.0010149123045679609,0.0018401385376052293,0.0032233594894348905,0.00039324874524019997,0.007907437453255284,0.016294169928650182,0.023941282967723243,0.015080763483230508,0.010000000000000009,0.015862656553702503,0.02401981441593759,RPS6,1.0,1.0,1.0,1.0,1.0,1.0,1,4,1,0.22261362277080676,0
RRN3+ctrl,esm3,20260813,0.05025087583183052,0.06800649602718589,0.09832266788441257,0.025187716022334328,0.021571409920901174,-0.01846871235156522,0.004912272095680202,0.0033023956191692294,0.006085851391347208,0.008019448267711587,0.0010452729184180997,0.16476911333893496,0.020287256777498097,0.06731538484762489,0.14512554416818513,0.030000000000000027,0.04626622841533162,0.016772979457856163,RRN3,1.0,1.0,1.0,1.0,1.0,1.0,1,4,1,0.3987369819232302,0
RRP7A+ctrl,esm3,20260813,-0.032138533183878826,-0.01598962029972606,-0.038825020033485425,-0.0352179907073161,-0.02399191200916556,-0.36324133751329635,-0.001501364633440902,-0.00022296951270539545,0.0008879655529048236,-0.01828134638727122,-0.00025621114764359993,-0.02077759229499676,-0.030503719426248743,-0.09617677201797248,-0.01153863347550721,0.0,-0.06550188673234592,-0.024023499266769388,RRP7A,1.0,1.0,0.0,0.0,0.0,0.0,0,1,0,0.46232637556318545,1
SAP18+ctrl,esm3,20260813,-0.12327359022159928,0.007949460760576121,0.0063642196247610805,0.018854643855143405,0.025931317148798705,0.34507294481113227,-0.0039157792925835,-0.0045092104639936625,-0.011452527346849872,0.03310906728259619,-0.0007442072965205002,0.3674739246343261,0.05018004650867014,0.12005748071665934,0.1025614882862347,-0.2,0.05118984704938956,0.027453266470860216,SAP18,1.0,1.0,0.0,1.0,1.0,1.0,1,3,1,0.26969579863930426,0
SART3+ctrl,esm3,20260813,0.2375605141592504,0.14867406015259388,0.15923396934106404,0.022403807245464508,0.003705256243316496,-0.03266288128695638,0.006679952144622799,0.0026895395599380034,0.009004149480166035,-0.02001907987703469,0.0008188853971660001,0.22009619900526645,-0.029264452844256827,-0.004075548530387607,0.1755369430363367,0.2,0.04636432366465179,-0.006142886274462689,SART3,1.0,1.0,1.0,0.0,1.0,1.0,1,3,1,0.6013617084568506,1
SCAF1+ctrl,esm3,20260813,0.42474158313749133,0.1832828935804358,0.1382578694969402,0.10792492488366981,0.04278455578663751,0.7040642593874606,0.008229237049817997,0.003748245030744335,0.0110787733074168,0.04451126057206009,0.0010227648890578,0.5307560267127456,0.07766538936537182,0.23631524999731357,0.3841798003604546,0.36000000000000004,0.1663929877980166,0.06552559809998626,SCAF1,1.0,1.0,1.0,0.0,0.0,0.0,0,2,0,0.269109781969321,0
SCFD1+ctrl,esm3,20260813,0.039314888745965504,-0.04974698885419904,-0.051390897052433826,0.008550972381488109,0.011404862712714015,-0.041333212398362185,0.0002838820219040021,4.460605189626765e-05,0.0006979917413320047,0.012934566852987384,2.2090331185599995e-05,0.04603236306882874,-0.00011276187140729643,0.012867980923976785,0.038510584517347624,0.010000000000000009,0.008074265526316904,0.01927659131732129,SCFD1,1.0,1.0,0.0,0.0,0.0,0.0,0,1,0,0.2138316415513398,0
SDC1+ctrl,esm3,20260813,0.080561216574185,-0.008275681965071335,-0.004876677891161807,0.027039315499840205,0.021194970001789604,0.23153720896304297,0.0007150974124669994,-2.397948247578885e-05,0.0006663173793202137,0.027369621062070387,-1.4182412996900087e-05,0.16472044345692788,0.0458394463252807,0.09239883566110829,0.1602917471393639,0.07,0.020227438790113877,0.01600759809804586,SDC1,1.0,1.0,0.0,0.0,1.0,0.0,1,2,0,0.15192865317328375,0
SEC13+ctrl,esm3,20260813,-0.09723587804266298,-0.002696044093897121,-0.0032898676245969316,-0.016273012421081506,-0.00519149884207698,-0.009947281102008043,-0.0008412767201661994,-0.0009849775764619872,-0.002802168317873499,-0.0027752480011565273,-0.0002623342443256998,-0.07215854437504321,-0.0005972257632517186,-0.003873784956983539,-0.043947581319806195,-0.030000000000000027,-0.019245400314575722,-0.0017963015597799448,SEC13,1.0,1.0,0.0,1.0,1.0,1.0,1,3,1,0.41469896924458305,1
SF3A2+ctrl,esm3,20260813,-0.15462869707913318,-0.09135547800834509,-0.0733419180606596,0.03512230872110858,-0.018071906928511183,-0.004704705706408685,-0.0008819419890641993,-0.00309541072950803,-0.011895807284826532,0.0024674998879166132,-0.0005497172242030998,-0.23222550190631963,0.06590041766602572,-0.05515635244295802,-0.21814427184547724,-0.11000000000000004,0.027659533147290305,-0.007179244036179311,SF3A2,1.0,1.0,0.0,1.0,1.0,1.0,1,3,1,0.36016715960139584,0
SF3B2+ctrl,esm3,20260813,-0.08011882087724687,-0.08287911716938001,-0.049123573291628087,0.05120064707148278,0.021384963401432505,0.19505042081904284,0.0019566155970096033,0.0022509677219839652,0.005493317595732794,0.017401083472365186,0.0005506481975317001,-0.06344335671820744,0.05316714622595087,0.0597533765284185,-0.06420576120908172,-0.07000000000000006,0.07486052188872333,0.03383205181168125,SF3B2,1.0,1.0,0.0,1.0,1.0,1.0,1,3,1,0.31822583169843616,0
SF3B3+ctrl,esm3,20260813,-0.27851011743073006,-0.23170113605577747,-0.14154662000604568,-0.004167164073729246,-0.03491488588844946,-0.41084230252754395,-0.008143879473209298,-0.007166212937435801,-0.023234200503892466,0.0006060149685861993,-0.0018678545020520002,-0.47668486750027617,0.008946440897753982,-0.08863452641490477,-0.46103894565025133,-0.27,-0.0395495961979202,-0.02388114957859211,SF3B3,1.0,1.0,0.0,1.0,1.0,1.0,1,3,1,0.9999999999999996,1
SFPQ+ctrl,esm3,20260813,-0.11872096021622941,-0.015910979597204555,-0.014408577770954833,-0.0252241738461913,-0.04078661349546531,-0.5163530322670407,0.0005178563296794961,0.0009432721790180176,-0.009195404815816044,-0.02538268244484329,7.710326462989983e-05,0.012969089591814698,-0.010616250368351121,-0.06224900095224167,0.022897630003024805,-0.08999999999999997,-0.048433208403111716,-0.03421330091965902,SFPQ,1.0,1.0,1.0,1.0,1.0,1.0,1,4,1,0.5496692192875822,1
SFSWAP+ctrl,esm3,20260813,0.0018435769920655265,0.04605614687112458,0.07128663425307419,0.031765618210536695,0.03510711531459029,0.15547898694562745,0.0027517098933458987,0.002127401931374173,0.002482505836121862,0.023867181689739586,0.0005987989716231999,0.4016323869882362,0.020481582534222054,0.10947067317797576,0.22851575956914028,-0.05999999999999997,0.05024817236845788,0.05256270631511406,SFSWAP,1.0,1.0,0.0,1.0,1.0,1.0,1,3,1,0.3659372464690601,0
SIN3A+ctrl,esm3,20260813,0.0052799377749309095,0.07723824290503178,0.07000493199131663,-0.0043018901268390974,-0.01651605171313761,-0.0370572067369688,-0.0014476850628853018,-0.0008409396092505794,-0.0019115611981116443,-0.013593593588316688,-0.00022792920935899995,0.09487800757777631,-0.035684559286474404,-0.03791848995551661,0.04977292937354591,-0.010000000000000009,0.00047470864107471145,-0.029481622816833086,SIN3A,1.0,1.0,1.0,1.0,1.0,1.0,1,4,1,0.25354281791386835,0
SLU7+ctrl,esm3,20260813,0.049106106448861986,0.06309878269490665,0.04016898931843893,-0.021225548502333658,0.014128662255644964,-0.0001091344365934388,0.0066503025591374,0.0060334877064219805,0.015756269046250493,-0.008494667124694821,0.0015753018669784,0.0936260716362507,-0.015401795114211025,0.0365488322490799,0.11956334059029372,0.0,-0.015370859638327128,0.012242202025953497,SLU7,1.0,1.0,0.0,1.0,1.0,1.0,1,3,1,0.38871378318914046,0
SMC4+ctrl,esm3,20260813,-0.13790663011667692,0.011905801193193954,0.007171302488843234,-0.026518952348218605,-0.013625752953641518,-0.1046368834815084,-0.0016226302832365001,-0.0001656591942124086,0.0004358706169571569,-0.007001184207223704,-0.00013016781304029995,-0.06341127436209565,-0.020154853775173454,-0.01363869586130717,-0.011108558301431704,-0.10999999999999999,-0.04088338400353181,-0.012259072347654998,SMC4,1.0,1.0,0.0,1.0,1.0,1.0,1,3,1,0.8460675681672183,1
SMG5+ctrl,esm3,20260813,-0.0038800792936271866,0.009175429088449538,0.027693049743063525,0.016003490679541488,0.014198355154559417,-0.03169862125297329,0.0015345383435486984,0.00305753377725404,0.002955676943370178,0.0004116662302764973,0.0006753690540790003,0.2675006760451748,-0.007732140486098049,0.043847416770456116,0.1652118432371979,-0.04000000000000001,0.025960901728640795,0.009519515158309844,SMG5,1.0,1.0,0.0,0.0,1.0,0.0,1,2,0,0.2561412517892711,0
SNAPC3+ctrl,esm3,20260813,-0.1332774006175028,-0.07679145837447787,-0.08592623970413149,-0.018023864863366795,-0.003226224793696303,0.013517731937709998,-0.002988116815686198,-0.0021608395914312073,-0.0037510075262203735,0.008670918266058203,-0.0005150587530807001,-0.20300712640503787,0.049121830074941863,0.03477321269511857,-0.1207053179126776,-0.14999999999999997,-0.0373224675180551,0.00055149410449018,SNAPC3,1.0,1.0,0.0,0.0,1.0,1.0,1,2,0,0.22341894852785749,0
SNRNP200+ctrl,esm3,20260813,0.2108565825801235,0.03897452880577856,0.01335982339572539,0.06995956738244818,0.08366823107991206,0.5313008618049265,0.009005054831504801,0.008406861821835254,0.028056029826241002,0.03526168979630978,0.0020839371718466004,0.29295368173229436,0.008927029058516833,0.1678122814803047,0.2838795157813034,0.15000000000000002,0.12516937711439635,0.0864620315116269,SNRNP200,1.0,1.0,0.0,1.0,1.0,1.0,1,3,1,0.40187792133100547,0
SNRNP27+ctrl,esm3,20260813,0.02587221677887591,-0.012442826135070695,-0.008793234642323705,-0.02669855216067557,-0.02957650135617723,-0.2082609818477854,-0.004298072308301995,-0.0031569639190868193,-0.003652376165864224,-0.013305817500163297,-0.0009472307283431001,-0.05729754617047651,-0.004441576213063403,-0.01376316391359611,-0.0077683729324938,0.03,-0.059837046444653263,-0.02661825726308753,SNRNP27,1.0,1.0,0.0,1.0,0.0,0.0,0,2,0,0.37565656213214427,0
SNRNP48+ctrl,esm3,20260813,-0.19318514818315585,-0.04140288369576128,-0.05915278759318576,0.043880895237044776,0.010384155360657121,0.4102739700271211,-0.008390527218580301,-0.005595232484591817,-0.018010945201302198,0.039328385948318806,-0.0014075180515647002,-0.1861970137462281,0.01703709660038122,0.13039626710793606,-0.10545355209773472,-0.08999999999999997,0.05294270493744818,0.029685612891914848,SNRNP48,1.0,1.0,0.0,0.0,1.0,1.0,1,2,0,0.2656074809201809,0
SNRPD1+ctrl,esm3,20260813,0.09861574920953187,-6.57640964270012e-05,-0.0017021652288684574,0.017099077667553086,0.0056499209620415325,0.2483063855511104,0.0009224228560924044,0.0001895600183697832,0.0014291278651994421,0.013348766233832493,0.00012163422070439987,0.026287355600174367,0.01739280190125192,0.07514997281709457,0.017984936831829113,0.04999999999999993,0.03236510286633587,0.013488885395497752,SNRPD1,1.0,1.0,0.0,1.0,1.0,1.0,1,3,1,0.5156500616603079,1
SNRPE+ctrl,esm3,20260813,-0.07212444427467724,-0.01931664586724835,-0.029310733496277885,-0.030789425432218187,-0.019425017366797637,-0.01771490054267988,-0.006399102509021801,-0.004187967808611193,-0.015096704835197983,-0.006782182862634989,-0.0009486535564065,-0.027828421139686754,-0.003289440667818777,-0.02588604041692677,-0.037833955850266276,-0.06000000000000005,-0.04606507204160393,-0.02765837882073463,SNRPE,1.0,1.0,0.0,1.0,1.0,1.0,1,3,1,0.5700105396635738,1
SNRPG+ctrl,esm3,20260813,0.04089858212210007,0.04804485400490455,0.032233920303394226,-0.0216124628721536,0.016239806151895908,-0.11587912306073722,0.008958097547292699,0.0054817098484217786,0.01351405935721084,-0.01737125863531369,0.0014589087804778998,0.017808191467974188,-0.00848854503495966,-0.018881268229506754,0.035039348379100166,-0.020000000000000018,-0.001011053801748596,0.011833774795083851,SNRPG,1.0,1.0,0.0,1.0,1.0,1.0,1,3,1,0.645857989942773,1
SON+ctrl,esm3,20260813,-0.03960168503597128,-0.016690635821485444,-0.014175595326135215,0.0044151127023833725,-0.017312814533603893,-0.045583384850612196,-0.0008153021335601043,-0.002908285020360446,-0.0007346461954592653,-2.4141541921096632e-05,-0.0003773607313633,-0.10018715526941901,0.0053038845655438704,-0.012424485044361555,-0.07000429855176879,-0.030000000000000027,0.0017462724738226965,-0.02343365837818412,SON,1.0,1.0,0.0,1.0,0.0,0.0,0,2,0,0.409644360875869,1
SPC25+ctrl,esm3,20260813,0.13910598036820737,0.020232359379941056,0.020490054479501918,0.01976327543687184,0.046645954915401466,0.2938408794708196,0.005734149366617203,0.004184094867723531,0.010408824416352824,0.013468171961810299,0.0011886225547641004,0.15049612740390161,0.02412866045379569,0.10538310676382523,0.1719659807853649,0.02999999999999997,0.05543736127753873,0.038778954333646865,SPC25,1.0,1.0,0.0,1.0,1.0,1.0,1,3,1,0.356294670424564,0
SPCS3+ctrl,esm3,20260813,0.021702124023528988,0.06197373875413109,0.11047908034400711,0.0010309050810423936,0.02697099190168456,0.1619867989081487,-0.0024837478995323008,-0.001257858694293179,-0.004374569551402585,0.0286920613206956,-0.00028018851298840003,0.170308673225389,0.029328761697336336,0.0813389721160157,0.08411221954654491,-0.009999999999999981,-0.004703633053364298,0.02701559331187653,SPCS3,1.0,1.0,0.0,0.0,0.0,0.0,0,1,0,0.2417228495302478,0
SRBD1+ctrl,esm3,20260813,-0.006243785676539992,-0.04056381204119397,-0.03725521384573882,0.011844221854662301,0.024776731483678288,-0.042809646523859324,0.0054929349571465995,0.005272703390938771,0.007559560478563765,0.005956724056227686,0.0012793893693014999,-0.10674155757467968,-0.030660934661075112,-0.010551728650910808,-0.09943624238221041,0.010000000000000009,0.02420751499696222,0.014188266456611975,SRBD1,1.0,1.0,0.0,0.0,0.0,0.0,0,1,0,0.5756183016076782,1
SRFBP1+ctrl,esm3,20260813,0.6490523590113624,0.026063915454980657,0.07029192621379377,0.14710423746336287,0.03577553671698447,0.4221858554973773,0.01021608710289,0.004741919167565833,0.007107783020652403,0.033016986771686685,0.0016564420657232,0.5849368307586609,0.10186324136597447,0.23117699577494577,0.3406753494393635,0.5,0.1957818185271878,0.04653204254846288,SRFBP1,1.0,1.0,0.0,0.0,0.0,0.0,0,1,0,0.4063697637131852,0
SRP68+ctrl,esm3,20260813,0.05540009898542636,0.03588230110834423,0.030266178106481356,0.021311927858314123,0.016577191387791096,0.26715795231726974,0.0019920077174901997,0.0007927987832390126,0.0026532480814728254,0.012941977932923815,0.00020105519797660007,0.08270781236317293,0.03289345616708328,0.08513598516090626,0.08449158060654222,0.040000000000000036,0.04396424223088019,0.019750199212522968,SRP68,1.0,1.0,1.0,1.0,0.0,0.0,0,3,1,0.31262356025591626,0
SRRM1+ctrl,esm3,20260813,-0.004295253226812595,0.03461559646233009,0.0167995966204893,0.03305709691653899,-0.029912164261932578,-0.16234551260652824,0.0012749433517455985,-0.0002090246192503198,0.0023573904943520185,-0.024664535263909104,-3.1609786674400035e-05,-0.3105855078746963,-0.0019379727653940915,-0.09369975375992157,-0.18831811694072467,0.010000000000000009,0.03517062618285341,-0.026034173051519782,SRRM1,1.0,1.0,0.0,1.0,1.0,1.0,1,3,1,0.6113009975947442,1
SSRP1+ctrl,esm3,20260813,-0.19661811435736698,-0.03052488537649667,-0.024071012858110974,-0.05178289204481401,-0.0374309144199205,-0.15474794986319312,-0.005592999979853599,-0.003702313885533548,-0.008321545772862038,-0.016968924252488415,-0.0009719163645059003,-0.17363025735500515,-0.030459620328097903,-0.14634778228234147,-0.1729055014283048,-0.14999999999999997,-0.0768695097531091,-0.03732323544918259,SSRP1,1.0,1.0,1.0,1.0,1.0,1.0,1,4,1,0.3813281949620255,0
SUGT1+ctrl,esm3,20260813,0.03790163891248449,-0.007816556298964383,-0.010064074565198367,-0.0443990985935179,-0.009990570828450118,-0.0653984802774164,-0.0026315767318009983,-0.0009890413781862284,-0.0023547370541896484,-0.0004932049986119125,-0.0003397781401872999,-0.1412841175853792,-0.028132495060575802,-0.04029313470976126,-0.070041765187476,0.04000000000000001,-0.05145643978067521,-0.004235599100320675,SUGT1,1.0,1.0,0.0,1.0,0.0,0.0,0,2,0,0.5245924615043881,1
SURF6+ctrl,esm3,20260813,-0.13640435361280312,0.013465879131691394,0.013559470877407387,-0.021937701904248902,-0.0040907550904051015,0.027545053134496122,-0.0007403194904328017,-0.000869428029980579,0.0007459505824736201,-0.002420146269089707,-0.00019602710381149996,-0.1461893937055454,0.014547257281597448,-0.0037500316856576843,-0.014005850281552212,-0.07,-0.025374112703108798,-0.0024126087912872407,SURF6,1.0,1.0,1.0,0.0,0.0,0.0,0,2,0,0.4369064449610569,1
TAF10+ctrl,esm3,20260813,0.03275057637025269,-0.06676915101320324,-0.08559009578425586,-0.006902866476263314,-0.03774841108611349,-0.5589303371001101,-0.002685464918613399,-0.003015234135545053,-0.004993090524706534,-0.021472967698759365,-0.0008853580802679001,-0.029422395227521547,-0.009707175946105595,-0.14185565773929742,-0.0809306181085766,-0.02999999999999997,-0.029283018146849304,-0.03654147845832956,TAF10,1.0,1.0,1.0,1.0,1.0,1.0,1,4,1,0.44414410929423925,1
TAF6+ctrl,esm3,20260813,-0.16264517359677372,0.017909250374958163,0.029593817052181892,-0.06651919024608358,-0.01829447352063951,-0.1646514788032637,-0.0011831540614365976,-0.001258098734780777,0.0001399228606752123,-0.015466463841655287,-0.0003094442654400999,-0.12150724333554608,-0.03975890562161266,-0.05377169981255869,-0.029126630167536416,-0.09000000000000002,-0.09430766248132527,-0.012825232317814739,TAF6,1.0,1.0,1.0,1.0,1.0,1.0,1,4,1,0.3496521614283542,0
TBL3+ctrl,esm3,20260813,-0.1446220999263257,0.010202537443343984,0.016586665562709935,-0.013859622475153294,0.0077567644697291716,0.09181785975115886,-0.0005965549498795977,-0.0006001346168466037,-9.501725180305343e-05,0.0056658594048586974,-0.00013853388372810007,-0.04883643745744737,0.015145580253323021,-0.0006166471533923801,-0.0005142169165687216,-0.08999999999999997,-0.007046017550613903,0.010187452775763939,TBL3,1.0,1.0,0.0,0.0,1.0,1.0,1,2,0,0.5424007548958424,1
TCP1+ctrl,esm3,20260813,0.019573615104752196,0.010696155495408755,0.013373239664866532,0.032508368809811394,-0.0009882650689228,0.034043085072831825,0.0014721956104040007,0.0008959424931186399,0.0022869342195324105,-0.007943092979337901,0.00022494432050729988,0.03704710023260904,-0.0017097896766820053,0.006667381609088419,0.04261231705188895,-0.010000000000000009,0.03396717525486223,-0.0037999376492023895,TCP1,1.0,1.0,1.0,1.0,1.0,1.0,1,4,1,0.9150011412432962,1
TEX10+ctrl,esm3,20260813,0.12437827802871027,0.025571184391272705,0.0335831753819118,-0.010246242189027699,0.006217461749259218,0.0782228198472506,0.0001707356423139017,0.000717495858406747,-1.36280645453013e-05,0.007166786922520985,0.00018135795835399994,0.077533236984621,-0.015378593753362702,-0.003801616737438507,-0.01737334173618449,0.03999999999999998,-0.004587309196971423,0.008219895798620258,TEX10,1.0,1.0,0.0,1.0,1.0,1.0,1,3,1,0.5472084677774889,1
THOC7+ctrl,esm3,20260813,0.05475049393010639,0.05218443022503794,0.07005127119581717,-0.007340423958412695,0.013166083195719769,0.12670264809082382,-0.0021143984049558015,-0.0008662080055348298,-0.002278034683176222,0.019792074275772287,-0.00026589364279060016,0.0859338809734444,0.002528239714010061,0.05769949657775664,0.010991074801188827,0.08999999999999997,-0.0026539214283807233,0.031038706890928247,THOC7,1.0,1.0,0.0,0.0,1.0,1.0,1,2,0,0.3623114019185135,0
TRMT10C+ctrl,esm3,20260813,-0.02102659144854052,0.0019849100236509765,0.004281179334546914,0.024263998751851784,0.01031385053203443,0.062127654936005805,0.0011408906430005993,0.0007854491352228266,-0.0006264342490722719,0.009492808587598489,0.0002450805623083999,0.21890372168024902,0.038137726162399854,0.053912170829500505,0.06358484237373149,-0.020000000000000018,0.028946819682857894,0.006902874037272522,TRMT10C,1.0,1.0,0.0,0.0,1.0,1.0,1,2,0,0.20298931797199302,0
TRMT5+ctrl,esm3,20260813,-0.10898328999649831,0.032873329996167655,0.04028261523014198,0.012436587386803116,0.022921610291193995,0.0989168237310808,0.004823848605156,0.00443391235015278,0.005979460440260986,0.0058386090270154956,0.0011400552466512,0.4481674746422019,0.014974463013272321,0.09553801256999128,0.2401427571590004,-0.10000000000000003,0.03878725013686901,0.01677868230035018,TRMT5,1.0,1.0,0.0,0.0,0.0,0.0,0,1,0,0.3015406880658885,0
TSEN2+ctrl,esm3,20260813,-0.0006954926861799937,-0.006835919928303347,-0.02079045891555298,-0.014615661695677407,-0.004573446461190983,-0.03515072877763825,0.0007013604044914003,0.0005014912580588726,0.001010285992411486,-0.004589493551494989,0.00014328840188679998,0.1511171362956108,-0.005161917367653035,0.01592842280909934,0.08383142256166709,0.04999999999999999,-0.01856409814936419,0.002160869007442612,TSEN2,1.0,1.0,0.0,0.0,1.0,1.0,1,2,0,0.21439894004183485,0
TSR1+ctrl,esm3,20260813,-0.31445171713245135,-0.03401147073302935,-0.15382421009136227,0.003360186598402287,0.03738873301069212,-0.19485665284163722,0.0070482362061739,0.006183649692478865,0.008001391207428155,0.013605052256622785,0.0014279385213739999,-0.1376815292647532,-0.03805694983237251,0.06293164663228679,-0.12836382978111083,-0.20999999999999996,0.00559749466357401,0.045417017716073205,TSR1,1.0,1.0,0.0,0.0,0.0,0.0,0,1,0,0.4128817226216927,1
TSR2+ctrl,esm3,20260813,0.23337648836688962,0.04064925046042178,0.059695075728126046,0.0285289561886157,0.060387275754285485,0.37078566780097816,0.011505745351314604,0.0050873155386665925,0.009468846594432367,0.02336469247881931,0.0018676226027310003,0.2435228185093672,0.08270831713457238,0.1545222440908841,0.29302547639107984,0.16999999999999993,0.05970855313933027,0.049445281812780906,TSR2,1.0,1.0,0.0,0.0,0.0,0.0,0,1,0,0.22843338042327205,0
TTC27+ctrl,esm3,20260813,0.09755421833761649,0.1587563831193302,0.1726531072061942,0.0214023320943158,0.04135100504322897,0.3696284851108075,-0.002332873642444701,-0.003378592443663675,0.005170974542838991,0.04132611834322539,-0.0008963861037045002,0.4014251146847621,0.04149531715304444,0.12756102787358758,0.4081292619157255,0.09000000000000002,-0.00013218707357776083,0.03631481511978085,TTC27,1.0,1.0,0.0,0.0,0.0,0.0,0,1,0,0.41068156010206375,1
TXN+ctrl,esm3,20260813,0.0923378696896544,0.024744671307166066,0.016997154008287385,-0.0126126667499874,0.002999029794969188,0.0562818625312449,-0.004756150767207201,-0.00453060197433619,-0.005451916442076321,0.01115923888062062,-0.0011086207814514,-0.03403865393098432,0.006211874688775265,0.08405079057904552,0.013648047426576992,0.04999999999999999,-0.04326373003601483,0.013913855197179026,TXN,1.0,1.0,1.0,1.0,1.0,0.0,1,4,1,0.3289616304149065,0
U2AF1+ctrl,esm3,20260813,0.22203612049114438,0.12266207133892226,0.0992024237893846,0.08049058382444582,0.060144622885308585,0.23460537532430603,0.007695734500884996,0.006403238039903947,0.022240204897344795,0.023260220359346495,0.0016862680204212995,0.4462487754044222,0.05001647558750211,0.1595302480046088,0.38295761309887466,0.16999999999999998,0.1213438223085948,0.04799454148557003,U2AF1,1.0,1.0,1.0,1.0,1.0,1.0,1,4,1,0.3417682317764551,0
UQCRB+ctrl,esm3,20260813,-0.11167211613051448,-0.023165892597505122,-0.026539548896748477,0.013243042237390312,0.0022880473275995183,0.0598697615861673,-0.0008364934474230021,-0.000700134514181161,-0.0015538695749025555,0.014628849781806813,-0.0001516102347523,-0.12217750018228779,0.020162635216060543,0.015761780946516035,-0.042474421546151,-0.13,0.009541376766707077,0.003951060536487416,UQCRB,1.0,1.0,0.0,0.0,0.0,0.0,0,1,0,0.32176513248147914,0
USP36+ctrl,esm3,20260813,-0.020118633290777788,0.0013462941009670937,-0.008081869724736568,0.024865840877349804,0.010032138686098285,-0.04860865863023109,0.0042656902223825,0.002473756860633225,0.004531396789473563,-0.002366692799003395,0.0006646747933701,0.09308486106796379,0.017365782355388326,0.021384610682612437,0.0275040559636371,-0.04000000000000001,0.04125090572638018,0.014516255309793058,USP36,1.0,1.0,0.0,1.0,0.0,0.0,0,2,0,0.4078980133925427,0
UTP3+ctrl,esm3,20260813,-0.32467950666622025,0.008377902056436515,-0.001911744841234686,-0.03426883966749378,-0.014050582858691096,-0.021778909664949886,-0.0016626566648482999,-0.0023363250892898257,-0.0013103211757375943,-0.004433392069950026,-0.000656550982967,-0.14471131905997636,0.006032436645931782,-0.04776753085672358,-0.030538240669044203,-0.26999999999999996,-0.03964870918037561,-0.011547967454631047,UTP3,1.0,1.0,0.0,1.0,0.0,0.0,0,2,0,0.5405138736578827,1
VPS29+ctrl,esm3,20260813,-0.056639843130437406,-0.018241650704396983,-0.01649747904996951,-0.003586615470066584,0.009902125504027193,0.14136566671517609,-0.0057246685028076,-0.0031203855810123526,-0.009856177738483796,0.04092207501473899,-0.0008102401043289,-0.21131120001055936,0.040997682954793,0.06509821407169913,-0.14105936091441507,-0.04999999999999999,-0.023468702925935808,0.020027438651998297,VPS29,1.0,1.0,0.0,0.0,1.0,1.0,1,2,0,0.22582902049845377,0
VPS54+ctrl,esm3,20260813,-0.001581940583524788,-0.001543051710648724,-0.005722389624854607,-0.009777798405282201,-0.0021853458473454213,-0.008275302508485405,-0.004675230942666499,-0.002007257333408785,-0.0017975789519030227,0.009994731890843406,-0.0005487208836712001,0.003936147711853466,-0.0061614108417331614,0.019982421451141708,0.023053220455850676,-0.030000000000000027,-0.019195919246075804,-0.005134061315825,VPS54,1.0,1.0,0.0,0.0,1.0,0.0,1,2,0,0.5640945945394885,1
VPS72+ctrl,esm3,20260813,0.03616081039722849,0.008632693678377601,0.011692023195946921,0.012179639258020597,-0.00520142417255709,-0.03217896893272121,-0.0031722132116555994,-0.0015353806041855655,-0.005863050138662951,-0.006796106599495588,-0.0004204649012535999,-0.1687672529994282,0.022952775772998257,0.008890032463378938,-0.17398108316254302,-0.009999999999999981,0.0016053588541309338,-0.019492050250991766,VPS72,1.0,1.0,1.0,1.0,1.0,1.0,1,4,1,0.4252737889858132,1
WBP11+ctrl,esm3,20260813,0.1273306329397885,0.16800689248099343,0.155128680028626,0.08294247931663873,0.04233401423445998,0.38867956983709073,0.004042137414216999,0.0027220405743877407,0.0047202087328083175,0.036647627940263494,0.0007386840879917002,0.441020491479099,0.06159527249175267,0.1534859891812499,0.2533454620979789,0.16,0.12432138481459071,0.05436281114611885,WBP11,1.0,1.0,0.0,0.0,1.0,1.0,1,2,0,0.42102504191650636,1
WDHD1+ctrl,esm3,20260813,-0.06549411955639559,-0.00855046729406339,-0.00759043329590281,0.014402194696139181,0.0038533129598395943,0.019722097473693995,0.00028908811509609916,-0.0004393709666724588,0.000666631322665201,0.013475348164702222,-0.00014206155901770004,-0.4796667027762522,0.00638514461305939,-0.027824871636823456,-0.18704340192547603,-0.07,0.00314894110301861,0.00701891793067555,WDHD1,1.0,1.0,0.0,1.0,1.0,1.0,1,3,1,0.3280301452685464,0
WDR12+ctrl,esm3,20260813,-0.09805989958828154,-0.02443322262440506,-0.029382204944594648,0.0246173446769688,0.018246843441529104,0.11660373860988832,-0.0008585844188928014,-0.0009999310249826365,-0.0021726489029584295,0.0280821620492257,-0.00020599400158970009,-0.08657956163922154,0.047012595130182966,0.05396076755481383,-0.07426039890998049,-0.10999999999999999,0.037231646883341796,0.04067214071501568,WDR12,1.0,1.0,0.0,0.0,1.0,1.0,1,2,0,0.5140451056698891,1
WDR3+ctrl,esm3,20260813,-0.28001129765758037,0.0042086559192122674,0.004027436820491892,-0.02897503932132911,-0.009313825182376112,-0.04704559692709026,-0.0021411031484603986,-0.0013858542932101425,-0.0009553186942126146,0.0017974271261343988,-0.0004237060202286001,-0.1223681387844252,-0.007082677732368592,-0.0517882164131126,-0.05294714447736493,-0.20000000000000007,-0.04133667003036498,-0.008352975269241836,WDR3,1.0,1.0,0.0,0.0,0.0,0.0,0,1,0,0.6438446096605795,1
WDR43+ctrl,esm3,20260813,0.1911782552598339,-0.0004626068093390723,-0.0031993184070520098,0.0702398663527663,0.03466165639992269,0.18806234524501597,0.005591202527284598,0.004565422334713021,0.006718625671669587,0.012960285337440008,0.0013111219741404,0.07933713978505008,0.04225018060185315,0.1238253367727623,0.06471879167675176,0.13,0.1095628102298496,0.024695906553172442,WDR43,1.0,1.0,0.0,0.0,1.0,1.0,1,2,0,0.5092539631373229,1
WDR5+ctrl,esm3,20260813,0.12414900862491068,0.017707338922962723,0.0397407057801068,0.08691432691964529,0.061671011324789804,0.12839912322670055,0.00021244212985040145,0.0023742038742631255,-2.8030785994559437e-06,0.025100540825036988,0.0008295020088553004,0.3186450611334867,0.055434654515383985,0.15495538448340496,0.10353392358743319,0.23,0.09909676467802153,0.042287378623636185,WDR5,1.0,1.0,1.0,1.0,1.0,1.0,1,4,1,0.6053603977036652,1
WDR70+ctrl,esm3,20260813,0.23111507823506008,0.012681629329631794,0.013295757994713053,0.038447306228194006,0.029050537321775982,0.034953234102951924,0.0014858152717351983,0.001073413946041657,0.00431150470393471,0.023302490119940233,0.0002718906616793,0.10561475373091123,0.01066042676879142,0.0855813020395031,0.0804584844062014,0.19,0.0427856690698471,0.04035302430757337,WDR70,1.0,1.0,0.0,0.0,0.0,0.0,0,1,0,0.5656390988822039,1
WDR82+ctrl,esm3,20260813,0.15260517205597118,0.10223031185043119,0.12327451745252843,0.008160848521015507,0.040238805928258625,0.16391448256363506,0.007494669407606097,0.0054634092384517885,0.019399774856922458,0.006176028185277571,0.0016423100605606998,0.24600237305135242,0.013694829646770379,0.04055794780662347,0.24403508192791198,0.10000000000000003,0.028890139348459687,0.03772297778343492,WDR82,1.0,1.0,1.0,0.0,1.0,1.0,1,3,1,0.5730442773818926,1
WDTC1+ctrl,esm3,20260813,-0.0072942326308554906,0.005969477429078496,0.026712935095091483,0.0012619287669784762,-0.0005765655456171914,0.010663026972835832,-0.0006045848131180018,-0.0012295747582986571,-0.001393274311764392,0.0021513108058608954,-0.00029299058951430014,-0.0861815740487748,0.01336668477145786,0.005397075234518822,0.020475946842715392,-0.03999999999999998,-0.006292726069107357,-0.007654783605943072,WDTC1,1.0,1.0,1.0,0.0,1.0,1.0,1,3,1,0.4719341344251521,1
XPO1+ctrl,esm3,20260813,-0.058506819778697594,0.08090480725066362,0.08276578077224117,0.07498910883429571,0.03253005804267939,0.5109087365330119,-0.0010095573961734008,-0.0013967758927584395,-0.01696643743696047,0.01910323541292322,-0.00015196250751609974,0.0258558437632459,0.046930481891936715,0.08593795784174185,0.030097834319963684,-0.07999999999999999,0.10662820397876682,0.028690002895772393,XPO1,1.0,1.0,1.0,1.0,1.0,1.0,1,4,1,0.7068059810139609,1
XRCC6+ctrl,esm3,20260813,-0.0246541678672742,-0.027151649161754277,-0.028021847869229177,0.06481846380664924,0.008924692814260116,0.34887873935030034,0.0007867738604544969,3.919756394676899e-05,0.0023538433535343906,0.01681658667715269,8.091051131490015e-05,-0.0372548159259066,0.08601331548268298,0.09985560981797692,-0.018932156337806004,-0.07999999999999999,0.06312667625442908,0.011496661757964377,XRCC6,1.0,1.0,0.0,1.0,1.0,1.0,1,3,1,0.7934984411636616,1
YEATS2+ctrl,esm3,20260813,-0.062102353282249,0.01544148480802432,0.02238943674745797,0.012122472508045073,0.004298068387637688,0.07465403405949644,0.0011508893221616016,-0.0006717632491175518,0.0007142309085865772,0.007183106150171981,1.4104880393000282e-06,0.3018627313056651,0.03377072815764559,0.05452107211465396,0.1299123325190992,-0.16,0.02193618674049841,0.00818125338446174,YEATS2,1.0,1.0,0.0,0.0,1.0,1.0,1,2,0,0.46734752460625756,1
ZBTB17+ctrl,esm3,20260813,0.04553017271573781,-0.0022229083000417926,-0.0029373833058885523,0.03506657868928831,0.0127693357801561,0.07317546394998686,0.0015500783920287982,0.0009440572246371959,0.0011171599167132396,0.008687725762798498,0.00025743339210749995,0.06436693140331459,0.0016891248680436233,0.005800471580047262,0.009384496217126594,0.03999999999999998,0.04787748345963899,0.010109692626562583,ZBTB17,1.0,1.0,1.0,1.0,1.0,1.0,1,4,1,0.7242755891408792,1
ZCRB1+ctrl,esm3,20260813,0.019800288680653408,-0.02324097789394186,-0.03568915471271761,-0.005681330476715596,0.0136279067497998,0.052319619791916294,-0.0011733882129192005,-3.448988071241832e-05,-0.002564814223444789,0.012841424617974911,2.179748844359985e-05,-0.0283781134935635,-0.006188952017506799,0.011183157912916797,-0.0292798760338408,0.020000000000000018,-0.003946768456148886,0.00947881391415395,ZCRB1,1.0,1.0,0.0,0.0,1.0,1.0,1,2,0,0.2678040058800341,0
ZNF335+ctrl,esm3,20260813,-0.011084111898962495,-0.06979636131372252,-0.08236774750645193,-0.02124257298378529,-0.00693420186163618,-0.19348784127534419,0.00043839029967790086,0.0006703310822742115,-0.0006858839314516363,-0.009251841110532205,0.00019798718858510006,0.051841116337627,0.005356008335198781,-0.01212250471110965,-0.0445403357336134,-0.04000000000000001,-0.019746425214195784,-0.014185242376915208,ZNF335,1.0,1.0,1.0,1.0,1.0,1.0,1,4,1,0.5138099604104251,1
ZNHIT6+ctrl,esm3,20260813,-0.023984066148513783,-0.012984527906084398,-0.04024893159104326,0.06062107508483511,0.011216954969164639,0.2142493933565109,0.003794545307755401,0.002734375034729619,0.00437011704618806,0.02137285897831981,0.0006212795851752002,-0.09620191135525752,0.054472595317051176,0.02714967285111214,-0.10779173700915701,0.06,0.080560145645523,0.019329596914235414,ZNHIT6,1.0,1.0,0.0,0.0,1.0,0.0,1,2,0,0.32028276024241287,0
ACTR8+ctrl,network,20260613,0.00022659070490066435,-0.010112151363465105,-0.01116109671964971,-0.0156429942038524,-0.011001745510733796,0.056425466888186504,-0.0010737702250480027,2.5977732395210396e-05,-0.00041161595247452,-0.008824899425059402,-4.131061723449997e-05,0.018587487257592072,-0.01679845398578328,-0.003026986829867573,0.01713175412568141,0.010000000000000009,-0.011215705954814498,-0.01578359388587658,ACTR8,1.0,1.0,0.0,0.0,1.0,1.0,1,2,0,0.6566927135966314,1
ALG13+ctrl,network,20260613,0.005025874658954613,-0.004829568996045197,-0.008858179508361763,-0.0025293913913636,-0.0182712209609516,0.020217387471595016,-0.0035991407930851017,-0.0027529243550036275,-0.004473607091051601,-0.0029236477667831107,-0.0006985337240621001,-0.009825750220433194,0.027614849978182643,0.009476826280675699,-0.012515295333512894,-0.03,-0.01041958742728441,-0.0166240321607809,ALG13,1.0,1.0,0.0,0.0,0.0,0.0,0,1,0,0.23444576227320837,0
ANKRD11+ctrl,network,20260613,-0.03249467870527761,0.010710888347108649,0.012578646523769776,0.004884338267481386,-0.024705800773910214,-0.1490368786155205,-0.004016004502773302,-0.002434626389483552,-0.005818312168732409,-0.01926391732069349,-0.0006201401120052,-0.14974715713018638,-0.056493050766664,-0.04505761192632518,-0.0666671929738566,-0.03999999999999998,0.001962204330688222,-0.028898840860098862,ANKRD11,1.0,1.0,1.0,0.0,1.0,1.0,1,3,1,0.48289262866118055,1
AP2S1+ctrl,network,20260613,-0.0944333845653555,-0.01630699057320495,-0.016780164490012406,-0.028171853494668497,-0.002648322225766331,-0.05691697298511128,0.00022369064390660026,-0.00025340303384679963,-0.0016593332591630094,-0.02343820240415298,-5.315174348700068e-06,-0.137579042576002,-0.009357622057328374,-0.04882437528307071,-0.1185971780107335,-0.03999999999999998,-0.028577484560800004,-0.023579108344338073,AP2S1,1.0,1.0,0.0,1.0,0.0,0.0,0,2,0,0.6367654607463599,1
ARGLU1+ctrl,network,20260613,-0.03546870209525149,0.00046943699459622845,0.02021958529555895,0.0013662836493265051,0.010418733009407197,0.07322083807333982,0.0021001584827900002,0.0010462513837667942,0.0012099558009039946,0.009808221663030497,0.00029523047851399997,-0.028455717172880802,0.020729620356452427,0.009507489638841737,-0.0309963435309569,-0.03,0.006620985527338918,0.018434415756914513,ARGLU1,1.0,1.0,0.0,0.0,0.0,0.0,0,1,0,0.3030444499073842,0
ARIH1+ctrl,network,20260613,-0.1357857725737062,-0.025125932031272225,-0.029744086284340443,-0.0018266375067628737,-0.01784662929208858,-0.05679677209595124,0.001428002491593302,0.00023625027237794693,-3.9819169593613424e-05,-0.013454991178251108,0.00014411436859520003,-0.08479035899047788,0.024849518518542335,-0.06449333518864653,-0.0490781723014827,-0.12,-0.01011493515136963,-0.030240399980668187,ARIH1,1.0,1.0,0.0,1.0,0.0,0.0,0,2,0,0.2872784534549865,0
ARPC4+ctrl,network,20260613,0.008421930425177887,-0.037170096956480714,-0.04388590444170487,0.01882836852947742,-0.013418912630534297,-0.010510371681817898,-0.0005502272397278976,-0.0008378183374792014,-0.0013365231894612029,-0.013627994304739599,-0.00016217509983110006,0.0601638856355953,0.014671158864075773,-0.01719127830477918,0.04151100665640961,0.010000000000000009,0.008395591773182998,-0.013074040642163443,ARPC4,1.0,1.0,0.0,1.0,1.0,1.0,1,3,1,0.4253802065822827,1
ATP6AP1+ctrl,network,20260613,-0.012138221403019012,0.008693629881323828,0.01260101851800366,0.011583567313716903,0.012615350071798703,-0.03104710125073451,0.0005452297627925977,0.00011617807539798797,0.000410528368421037,-0.0036684279899940053,1.4690333046099959e-05,0.03498594980969916,0.007728330479697232,0.021906621202897325,0.04643228708808134,-0.020000000000000018,0.007270891845003596,0.009081336885922053,ATP6AP1,1.0,1.0,0.0,0.0,0.0,0.0,0,1,0,0.2770145243501594,0
BGLAP+ctrl,network,20260613,0.004943949669895198,-0.015097670071849367,-0.02200693664063824,-0.025395765305557094,-0.001566233820767593,-0.03779678012434495,-3.77502292394985e-05,0.0005361194660735702,0.001697342851934569,-0.007023157541478808,0.00010420370381319997,-0.08493749214375118,-0.024372665414831185,-0.0280603882315692,-0.019722216838782003,0.04999999999999999,-0.026098463360204494,-0.0037429299571408725,BGLAP,1.0,1.0,1.0,0.0,0.0,0.0,0,2,0,0.22603557976901004,0
BMS1+ctrl,network,20260613,0.06408144751443223,0.019717661354931887,0.01894133526889849,0.0274482705729317,0.014418966439720515,0.013422198161318066,0.0021289102733135015,0.0007127872316472494,0.001401511704348768,0.009071978510735823,0.00035959528759119987,0.036352777181851814,0.027756514560104417,0.06749473043728438,0.0301049448424629,0.030000000000000027,0.03684098678944547,0.01287260352775288,BMS1,1.0,1.0,0.0,0.0,0.0,0.0,0,1,0,0.4094956656115338,1
BRIX1+ctrl,network,20260613,-0.0765483142336078,-0.06648729769386785,-0.08230649651224753,-0.04553624718020882,-0.015541555649912497,-0.3146631330529557,-0.0019293669611216008,-0.0005684424437315538,-0.002014973840647416,-0.0013807211631654825,-0.0002762286458165,-0.08729775110676302,-0.030954398820407514,-0.031079500068342814,-0.06945251023118401,-0.02999999999999997,-0.07279047480943962,-0.0032814080134848655,BRIX1,1.0,1.0,0.0,0.0,1.0,1.0,1,2,0,0.708155646016739,1
BYSL+ctrl,network,20260613,0.11302280677738497,0.0011634976607711733,0.005441740452677868,0.0004761809524074234,0.0012138151003401876,0.07805805157389306,-0.0002425052225589995,-0.00012370341686285258,-0.0007561324622815668,-0.002408931485679583,-9.563518688100042e-06,0.03348040651894291,0.00021655815386145694,-0.005725544095279811,0.015220358976354875,0.09000000000000008,0.0011263067247961056,0.006908434533029029,BYSL,1.0,1.0,0.0,0.0,0.0,0.0,0,1,0,0.23304440545276975,0
C1QBP+ctrl,network,20260613,0.03510759602795352,0.006999570675350619,-0.013490116896140991,0.049316739394317605,0.0149960137604776,0.24235097776611603,0.002081064507365199,0.00044981181855863195,0.0010767171065281245,0.012667649487633603,0.00018283992540090018,0.0959584986518804,0.039787014470150095,0.05047016032298579,0.0754048440420034,0.03999999999999998,0.06749369633066732,0.021900238114413773,C1QBP,1.0,1.0,1.0,0.0,1.0,1.0,1,3,1,0.26397617216017966,0
CCDC86+ctrl,network,20260613,0.17361106561291845,0.05454570143397275,0.06023056816313965,-0.017480966557366806,0.007354227606952007,0.03469757624932879,0.0030831955373288,0.0013263072145908161,0.005211471496088471,-0.0015132083407747021,0.00036444875877349983,0.2102489773857733,0.011133620998408533,-0.0027949102823366934,0.23283926434315877,0.14000000000000007,-0.0225769203465985,0.0019446402078485692,CCDC86,1.0,1.0,0.0,0.0,0.0,0.0,0,1,0,0.4931652481961014,1
CDC123+ctrl,network,20260613,-0.08538663722369991,0.06262232528689249,0.07935877273975067,-0.009284292711765313,0.005388350139760578,-0.05456738523779536,0.003753025084734001,0.002313530688715537,0.00924189603389769,-0.002575783441922691,0.0005688819801435,-0.2303290200153955,-0.04953223046719524,-0.03678613086713012,-0.08712897583998941,-0.09999999999999998,-0.005265606393913269,0.0010934048501061167,CDC123,1.0,1.0,0.0,0.0,0.0,0.0,0,1,0,0.31292809537488786,0
CDC23+ctrl,network,20260613,-0.21688367809074638,0.0049541839940829835,-0.0019026358631146767,-0.0144078478814271,-0.009155509475226975,-0.08349876767614972,-0.0005783736705779995,-0.00029942582923914163,6.256368250256994e-05,-0.013267024842965908,-8.399959187950002e-05,-0.10675141789611087,-0.0009378650296631985,-0.04897813793934924,-0.05780718433522419,-0.10000000000000003,-0.026605132366805506,-0.020437166571002363,CDC23,1.0,1.0,0.0,1.0,1.0,1.0,1,3,1,0.7904466040253506,1
CDC40+ctrl,network,20260613,0.14754727733273898,0.07269259133731742,0.050796937000813225,-0.009294960174982214,-0.013258641538765437,-0.04667326799589133,-0.002463845536112702,-9.910160724524442e-05,0.002814988025541809,-0.00716918760409721,-0.000210365629755,0.14345708771222737,-0.032435841813758914,0.04120555958413341,0.1304204450245115,0.08000000000000002,-0.009120483523814948,-0.01649527142592233,CDC40,1.0,1.0,0.0,0.0,1.0,1.0,1,2,0,0.5481621911202976,1
CENPC+ctrl,network,20260613,-0.2507552191330477,-0.022658830033601696,-0.021905085360557353,-0.0828201971803803,-0.021597629794028073,-0.7250580317911868,0.0012646075338124986,0.0008353048256831697,0.0004975037231980117,-0.030632626735705826,0.00016504758968950012,-0.14298426659215302,-0.024948303162420582,-0.14092739606489324,-0.07979326482087479,-0.16999999999999993,-0.14337440804032736,-0.036549189353353606,CENPC,1.0,1.0,0.0,1.0,1.0,1.0,1,3,1,0.2646113918751577,0
CENPE+ctrl,network,20260613,0.1189415434110378,-0.00638481108130351,-0.0013356336012587677,0.05861262436824988,0.017826840941088107,0.1355864231303712,-0.002571092918515202,-0.0019157463630465887,-0.0033920379279256396,0.0415604411628456,-0.0004254049272275999,0.2566162590571874,0.05705031053619036,0.10152691270232772,0.1328451511180732,0.10999999999999999,0.053830138834797814,0.01875209548124246,CENPE,1.0,1.0,0.0,1.0,0.0,0.0,0,2,0,0.5586735532992282,1
CHERP+ctrl,network,20260613,0.07798894978384491,-0.002724793033692996,0.02358292995240019,-0.027641853825988327,-0.025289741051348014,-0.3221177685512538,0.00013130903244019942,4.5882888047965587e-05,0.001959777150579156,-0.022519107285824597,-1.5815021470200153e-05,5.272072068479572e-05,-0.023986934820964256,-0.0496117587054572,0.034666159710783295,0.07,-0.03562189886345585,-0.03611179778785645,CHERP,1.0,1.0,0.0,0.0,1.0,1.0,1,2,0,0.4241300090912932,1
CHMP6+ctrl,network,20260613,0.16041246827065342,0.026428176991079577,0.013090472217721194,-0.026395829263694992,-0.005553497908126606,-0.06766968131755108,0.0004518758505583,0.0007318032363755611,0.0022080535123751854,-0.01244238838660991,0.00016779603902249997,0.08200531174100956,-0.051197866001608916,0.044332567968501824,0.029165531714079318,0.17000000000000004,-0.021561453335305986,-0.005962737834586007,CHMP6,1.0,1.0,0.0,0.0,1.0,1.0,1,2,0,0.6867550015191156,1
CNIH4+ctrl,network,20260613,-0.022020442024940523,-0.02079774463737799,-0.021117932946720708,0.001651078263952166,-0.01961059740992771,-0.09028521355609043,-0.002061150968074802,-0.0007786543804632062,-7.937618819719994e-05,-0.012193830118479299,-0.00031400413718080003,-0.2195414099028805,-0.028495905267007404,-0.02734367447913899,-0.09046268018956201,0.04999999999999999,-0.013119359106275097,-0.012100014715205276,CNIH4,1.0,1.0,1.0,0.0,1.0,0.0,1,3,1,0.19010964496895616,0
COG2+ctrl,network,20260613,0.0704836463644101,-0.012858453911212986,-0.016784557158609936,0.006006684364172593,3.920846999019845e-05,-0.06590426311782743,0.0028123771771788007,0.0005159697503249738,0.0003148882685953813,-0.00715803652869712,0.00020517042139539998,0.0915719561792509,0.0245026094987697,-0.005449725448276932,0.053808429782132516,0.07,0.005828531510348983,-3.9843265590477905e-05,COG2,1.0,1.0,0.0,0.0,1.0,1.0,1,2,0,0.5673653870177205,1
CPSF3+ctrl,network,20260613,-0.09589383800892129,-0.04678580668154653,-0.06222911524001673,0.04994845744648449,0.010261551671792407,0.20962647582930993,-0.000680154189467503,-0.0010021361842088572,-0.004902281860091229,0.02932793417170798,-0.00014984316658230002,-0.17983722390952228,0.06651965203615062,-0.0005711881836725219,-0.2363265761560301,-0.03999999999999998,0.055929982946788415,0.01832726545291752,CPSF3,1.0,1.0,0.0,1.0,1.0,1.0,1,3,1,0.60570893428095,1
CPSF4+ctrl,network,20260613,-0.05375735794973949,0.013166857123187048,0.013562910163868291,-0.02785035919151363,0.000431669306500293,0.20752095998421427,-0.000529602169990602,-0.0015838895216240267,-0.0004182580988786322,0.002519246994518609,-0.00027516251429910007,-0.12486736735505952,0.005597275924211553,-0.030709320882172486,-0.082727258274856,-0.03999999999999998,-0.025605162057354247,0.00166824182261327,CPSF4,1.0,1.0,0.0,0.0,1.0,1.0,1,2,0,0.4123701936169123,1
CSTF1+ctrl,network,20260613,-0.2340424223934718,-0.08177033180424831,-0.08971395309762509,-0.044012344378351,-0.02239576866114451,-0.48695116258717763,0.0001709181815385992,0.00010948994035064885,-0.0009046732682304048,-0.027653699185028496,2.0656734704999503e-06,-0.3794598083901426,-0.012967477201796473,-0.13976690733545782,-0.2699671596946864,-0.24,-0.09313130470649522,-0.02828946934257015,CSTF1,1.0,1.0,0.0,1.0,1.0,1.0,1,3,1,0.44643072922817745,1
CSTF3+ctrl,network,20260613,-0.0530413336123835,-0.013942729486740357,-0.002956128307936734,-0.012850443831150471,-0.000524113636718615,-0.030416074035371055,0.002386275678872996,0.0017301981889940032,0.005021566076826134,-0.003914436937132226,0.0004595173522830001,0.022273752057020924,-0.0010813438496615202,-0.05858106612462444,0.004035456911909402,-0.030000000000000027,-0.005307462027566101,-0.0018041858476822714,CSTF3,1.0,1.0,0.0,0.0,1.0,1.0,1,2,0,0.6824054723626845,1
CTR9+ctrl,network,20260613,-0.3328957267406678,-0.15774216049560208,-0.140714928957271,-0.05297146323665561,-0.05523324587582909,-0.028226398895239924,-0.0098290871828794,-0.00808554832409103,-0.021414635609099397,-0.018658665800477203,-0.0021255023311823997,-0.2299013023763954,-0.020044189226433695,-0.08451071627820039,-0.21646820084305562,-0.22000000000000003,-0.0993674026644735,-0.04915889442607202,CTR9,1.0,1.0,0.0,1.0,1.0,1.0,1,3,1,0.6233993345430592,1
CUL1+ctrl,network,20260613,-0.01572117070047671,-0.008318409368775814,0.0033890078400623525,-0.015293826036953617,-0.006998205344990099,-0.019570644963423783,-0.0021841060370206,-0.0007704878180129215,-0.0033172144686886007,-0.004137169778214489,-0.00021001958521080005,-0.06389919444769901,0.012178245078705019,-0.006535290477792999,-0.06986921520935649,0.01999999999999999,-0.018683220099503794,-0.004820557279837767,CUL1,1.0,1.0,1.0,1.0,1.0,1.0,1,4,1,0.9133993792441149,1
CWC15+ctrl,network,20260613,0.2384624112531175,0.06115391075447729,0.057216629506758876,0.022633395715234816,0.046186138364801566,0.05508934655880038,0.008351529017090801,0.006531097015775478,0.018052626457047638,0.015099612320107786,0.0017532389611005002,0.26246838732570443,0.011590236508797092,0.08840107750885584,0.24815853963029344,0.16000000000000003,0.04592516156946291,0.03502496961905355,CWC15,1.0,1.0,0.0,0.0,1.0,1.0,1,2,0,0.6531893421116421,1
CWC22+ctrl,network,20260613,0.04800228419730879,0.06137422096942602,0.05839186518002992,0.002395199818422622,-0.03525612499731906,-0.01803861717724109,0.00030272081494339687,8.420240555961911e-05,0.003481855275767276,-0.019119352266396217,-3.0482653528500058e-05,0.04892693957232519,-0.010684089422977161,0.019534045296933256,0.07575335096279318,-0.010000000000000009,-0.0007977806887088934,-0.029964551229178182,CWC22,1.0,1.0,0.0,0.0,1.0,1.0,1,2,0,0.5408070291688098,1
DAD1+ctrl,network,20260613,0.09555866079994181,-0.09528853558366102,-0.04613390836732048,0.038240260791049974,0.047918343551487885,0.43949631630596747,-0.002681303769350097,-0.0024122392696581674,-0.007755733750229421,0.06425618974475919,-0.0005247470689937999,0.20395602006148608,0.0870495758218931,0.13608084252889774,0.1276763241814414,0.1,0.033036108829779365,0.05588726620781881,DAD1,1.0,1.0,0.0,0.0,1.0,1.0,1,2,0,0.1691843451194338,0
DBR1+ctrl,network,20260613,-0.006959808886294411,-0.035933691563675985,-0.0359466080780107,-0.013426341780286177,-0.0023112150967163902,-0.03357049721705663,0.0005766358226538017,-0.00034783060315357606,0.002146259027968056,-0.010673284045220222,-7.39478273317001e-05,-0.10104552656270219,-0.011289846304014861,-0.026162045461466943,0.024857804055919003,-0.04999999999999999,-0.013631833627880618,-0.012890331506270503,DBR1,1.0,1.0,0.0,0.0,0.0,0.0,0,1,0,0.27925464191821814,0
DDOST+ctrl,network,20260613,-0.03201788522979099,-0.01692584834873162,-0.010073941907523393,0.03101584778760849,0.02588409621232679,0.2160431864905642,-0.0009997505694628005,-0.0005107689473806687,-0.0026363980166244083,0.022802145105871585,-0.00011948170140380012,-0.0035549022673238007,0.027853679699813227,0.06024315395551261,-0.016960468654266203,-0.04000000000000001,0.03672249204286929,0.01966868669855648,DDOST,1.0,1.0,0.0,0.0,1.0,1.0,1,2,0,0.2679471985189293,0
DDX41+ctrl,network,20260613,0.11639997485721609,0.03364477268767618,0.022898186537106735,-0.00329884253166729,0.02070735474039359,-0.026663716673848314,0.0041735246777534,0.0027053237954446363,0.005767836496003542,0.002401220932899517,0.0007963918615132002,0.13659269795172602,-0.007488663084110891,0.02807278529332935,0.12787125663678434,0.08999999999999997,0.001799825150566814,0.008562125273661514,DDX41,1.0,1.0,0.0,0.0,1.0,1.0,1,2,0,0.6636205651969963,1
DDX49+ctrl,network,20260613,0.12334820224996929,-0.006860095272610223,-0.01362754020734902,0.023528509294817868,-0.01178413958413621,0.08997515813332391,0.0007955692708492001,0.0008805241559878274,0.0022781070292398065,-0.011539795681479281,0.00015884614549569994,0.14768640197655403,0.019525876891591465,0.048929018865521146,0.06490751419673581,0.15000000000000002,0.018805954266151115,-0.014428394110413079,DDX49,1.0,1.0,0.0,0.0,0.0,0.0,0,1,0,0.7429643407329919,1
DDX5+ctrl,network,20260613,0.030573701527366604,-0.03428708765234528,-0.03784573884409981,0.002955426908291703,0.02543990664322257,0.0229162514078185,0.0050885062664746995,0.003015762204291006,0.00604537675381478,0.0022303220839396953,0.0008594749961048,-0.0933866036399136,0.016349530875499063,0.008782999470085318,-0.0606388843987233,0.03,0.017531165323019293,0.018767383271189986,DDX5,1.0,1.0,1.0,1.0,1.0,1.0,1,4,1,0.5836969832086772,1
DDX52+ctrl,network,20260613,0.057196950378049616,0.005191904569250894,0.007642981355914014,0.05176730786103659,0.022085868893768623,0.04501997681601033,0.0033617280423640997,0.0008397362829779542,0.0005252540370102032,0.0023792346183229007,0.00034697738010440004,0.04534004274806791,0.037821109946885256,0.06998178143609646,0.05834538166741643,0.050000000000000044,0.0656684619690324,0.014178199779975365,DDX52,1.0,1.0,0.0,0.0,0.0,0.0,0,1,0,0.6127731106876021,1
DDX54+ctrl,network,20260613,0.013124037643272746,0.0990572633433825,0.11563901060941506,-0.005717918336887479,0.001982414834976798,-0.03815721188219412,0.0006358101963997026,0.0003943050852404095,0.002551560269418829,-0.0030783773276917004,7.830082904550001e-05,0.06908948213229182,-0.01820477566373624,-0.001812865601048097,0.07954219975975291,0.019999999999999907,-0.013686363708844212,-0.006757788207258808,DDX54,1.0,1.0,0.0,0.0,0.0,0.0,0,1,0,0.7092284389812483,1
DERL2+ctrl,network,20260613,0.22137389364371057,0.032924657748499175,0.0423391985687297,0.04067642546597458,0.019721281816103386,0.15033571108206611,0.0007561836391687983,-7.968937087443617e-05,0.0007743425096687906,0.02440403731065441,1.7784535884900112e-05,0.19730520625285441,0.027736121806758107,0.09278652329120862,0.1602871612855975,0.18,0.052588835628387676,0.03210449384899661,DERL2,1.0,1.0,0.0,0.0,1.0,1.0,1,2,0,0.3173222912462554,0
DHX37+ctrl,network,20260613,0.17689496039502262,0.014562415047133959,0.019696436677744678,0.0481602663802671,0.013048473295534824,0.062367161230295065,0.0032322378829122006,0.0016316649262130278,0.0020264971050599767,0.005014835947845103,0.0003887068596669,0.0808347624760839,0.03343278209177003,0.04511000050320102,0.0347757129415005,0.14,0.0472170370787158,0.007289565215325311,DHX37,1.0,1.0,0.0,0.0,0.0,0.0,0,1,0,0.8140257550206905,1
DLD+ctrl,network,20260613,-0.06190085680067721,-0.0016533402629422822,-0.0008389648151991835,0.029186824729799582,-0.008563302041980886,0.05119831034283251,0.0002895556390285006,-0.0011388934689897656,-0.0003584235728579799,-0.0029735810370701,-0.0001772926189005002,-0.2027326132835032,0.028386683540743474,-0.036568477604872585,-0.11987049946322301,-0.09,0.03783424386732953,-0.004972507171436602,DLD,1.0,1.0,1.0,0.0,1.0,1.0,1,3,1,0.3562267117635941,0
DNAJC8+ctrl,network,20260613,-0.01721463597536381,-0.07818035267258727,-0.08458223450447383,-0.06685555552833669,-0.02167377707281329,-0.35256115224351126,-0.004094570875167802,-0.0006747167299175905,-0.0012430860977233893,-0.031128963227072287,-0.00031746667809790007,-0.2396128739302404,-0.06911938746873003,-0.09735569735800809,-0.1558661731271325,0.009999999999999981,-0.09256325233934082,-0.044554035672107806,DNAJC8,1.0,1.0,0.0,0.0,1.0,1.0,1,2,0,0.6049272075377098,1
DNTTIP2+ctrl,network,20260613,-0.08887270072562131,-0.01615831396989631,-0.022178721320208927,-0.006878400241534688,-0.025675545078713502,-0.07255586392160529,-0.004185687750577899,-0.002303407025653237,-0.003074220747116385,-0.011536660606929094,-0.0007961583323777,-0.1561384730911317,-0.017696851107259493,-0.057515122016250086,-0.13251914758354727,-0.09999999999999998,-0.014271444423858581,-0.01819124987926024,DNTTIP2,1.0,1.0,1.0,0.0,1.0,1.0,1,3,1,0.5084353830963247,1
DONSON+ctrl,network,20260613,-0.39054401023073493,-0.05990409177038192,-0.069919546252046,-0.02257203684078049,-0.02691209690038439,-0.1631073365435547,-0.006642130203545099,-0.002865998637950562,-0.005560925719027554,-0.0068955741550484895,-0.0008710869005881,-0.3973892328658595,-0.03798840695991512,-0.0683594224199382,-0.25837128032883366,-0.35,-0.0462610402060562,-0.03567004676866964,DONSON,1.0,1.0,1.0,0.0,1.0,1.0,1,3,1,0.5098475125756874,1
DPH2+ctrl,network,20260613,-0.030044860643765298,0.010771181898798776,0.0026545033655793193,-0.0036027998841245967,0.0073798914123724135,-0.02983240612175231,0.0010672248899936988,0.0005692896204163578,0.0027384685575385648,-0.0007171603177283103,0.0001518002245575001,-0.0765403988822255,0.00575663428226747,0.003571803935027762,-0.0057945176571262,0.04999999999999999,0.002965565107985707,0.01042113810357459,DPH2,1.0,1.0,0.0,0.0,0.0,0.0,0,1,0,0.24773313253560908,0
DYNC1H1+ctrl,network,20260613,-0.17440959060947125,0.0017548115964891586,0.0008845470055458549,-0.07934099298543593,-0.024838834851502622,-0.4482738843446629,-0.00021062046289450215,0.000799803998486226,-0.00046932969128477,-0.038277365742746206,5.9399520978300016e-05,-0.22554692347215066,-0.05605635171627166,-0.16506057662938367,-0.22706524625520508,-0.12,-0.13871912270659129,-0.053939079482836605,DYNC1H1,1.0,1.0,0.0,1.0,1.0,1.0,1,3,1,0.34089075469674274,0
DYNLRB1+ctrl,network,20260613,0.0021817373117282157,0.07253967901372482,0.06216560603493049,-0.008217884149988197,-0.007031707735504794,0.07622043205836915,-0.0009652208536863986,-0.00030778859095836886,-0.000779043007161806,-0.0026805815761125895,-0.00011258659651510003,-0.14556254412577319,-0.007049270848868305,-0.020576799076171604,-0.0753411976323786,0.03,-0.0027614236056179853,-0.007642293023780722,DYNLRB1,1.0,1.0,0.0,0.0,1.0,1.0,1,2,0,0.37186370402828745,0
E4F1+ctrl,network,20260613,0.05811263885326631,0.026383916174690603,0.03787476227826747,0.042421683354591094,0.026403312434689297,0.3266866743107618,0.0021626632660626983,0.000985674330782671,0.003977279992252614,0.029071845767004112,0.00021373422350730005,0.23245558426029483,0.05240215488530631,0.1183290163020082,0.2659938852867123,0.07,0.058053010444619996,0.043826575305270676,E4F1,1.0,1.0,1.0,0.0,0.0,0.0,0,2,0,0.5905356331533801,1
EBNA1BP2+ctrl,network,20260613,0.4536327030394406,0.061060916508740126,0.06116937047065596,0.08114404613892548,0.008118425313711375,0.18560780900370666,0.0065342374145985,0.0055927868960363725,0.005506925717180033,-0.003794212704008315,0.0014093546196818,0.28612501219055386,-0.03230226620832244,0.027911483518960112,0.16698645775031945,0.32000000000000006,0.1033332790480215,0.007072373547087452,EBNA1BP2,1.0,1.0,1.0,0.0,1.0,1.0,1,3,1,0.4785714492750178,1
ECD+ctrl,network,20260613,0.09817941355686907,0.22231107076076118,0.18690909121580057,0.03315855829882136,0.023885281784502388,0.1356843804950003,0.005098430439829802,0.003935365642327215,0.014673607548353007,0.004351841673802009,0.0008817375637590998,0.5468086001872422,-0.0023818830105037936,0.08837692838207611,0.4059421446856858,0.12,0.05685235856383741,0.026396635665624668,ECD,1.0,1.0,0.0,0.0,0.0,0.0,0,1,0,0.3536610604497916,0
EIF2B3+ctrl,network,20260613,0.0076236861450880156,0.00253684290706635,0.0030835435861609195,0.011422738368906893,0.0009611323037814201,0.028678590845072183,0.00024115294218069946,0.00011692241489302813,0.0001627926305156624,0.006744330783909708,3.0603609047799964e-05,0.0022157739504303775,-0.0018967215960430384,0.006557348777505134,0.0009998186319928326,0.010000000000000009,0.012276666894165011,0.0003317121088037833,EIF2B3,1.0,1.0,0.0,1.0,1.0,1.0,1,3,1,0.7169773594364061,1
EIF2S1+ctrl,network,20260613,0.09914043193029543,0.06346034963647462,0.03729102426852404,-0.010304591771039262,0.04490018115971289,0.023202865123944205,0.003960546106100096,0.007076979391962168,0.01530458144418323,0.004336094268411306,0.0016045919619501001,0.05564281275193672,-0.010839752452774132,0.062065186365206415,0.09710921516577986,0.10999999999999999,-0.009203950948143635,0.034879836928377705,EIF2S1,1.0,1.0,1.0,1.0,1.0,1.0,1,4,1,0.33367386319370723,0
EIF3E+ctrl,network,20260613,0.09148468204061483,0.05994726566493269,0.05923734114308954,0.03769957418836942,0.03303061409376842,0.07939223857540612,0.002400424331426603,0.0025709103437567826,0.004002165184086803,0.008505730946713613,0.0007134943734854004,0.20853722752661752,0.036274772645392805,0.0810090508441117,0.1432094074064182,0.08999999999999997,0.0598466471335008,0.034469927612963525,EIF3E,1.0,1.0,0.0,1.0,1.0,1.0,1,3,1,0.5226165755263349,1
EIF3F+ctrl,network,20260613,-0.0315424658304897,-0.0026020289502549088,-0.010850444914918322,-0.019451287907145787,-0.010456425297745986,-0.0036040478411758503,-0.0027292538434266975,-0.0018426346678346306,-0.006639223183515619,-0.0013910405400139048,-0.0004624191205948999,-0.06721322147486597,-0.004337023606313384,0.0021588617262039422,-0.07697071325667582,-0.02999999999999997,-0.027568424179942763,-0.009982938783162254,EIF3F,1.0,1.0,0.0,1.0,1.0,1.0,1,3,1,0.7831224346710105,1
EIF3G+ctrl,network,20260613,-0.08024307272024966,-0.1052596810490814,-0.1302764281679632,-0.03159555050515339,-0.014001873640732798,0.08351666242057254,-0.0024028196930885037,-0.004129415248410817,-0.004523647454864443,-0.0003218647281487963,-0.0008890365716069,-0.11853364873916844,0.016639553838375565,-0.0016602207913041234,-0.0676677230155811,-0.13,-0.032976580817802414,-0.011354519500201499,EIF3G,1.0,1.0,0.0,1.0,1.0,1.0,1,3,1,0.3046157550487529,0
EIF3J+ctrl,network,20260613,-0.032891545731199734,-0.042530084754815234,-0.026896782860863166,0.004320752785174797,-0.014088072987912925,-0.007795566226311834,-0.003991929814219499,-0.004104314341190962,-0.006757277982453402,-0.013451145781804785,-0.0009977947920561002,-0.07299014179827151,0.017567698621871464,0.007679036728810873,-0.0141197726771298,0.0,-0.01249755084272497,-0.011368081416436193,EIF3J,1.0,1.0,0.0,1.0,1.0,1.0,1,3,1,0.2960572400395116,0
EIF3M+ctrl,network,20260613,-0.2327206155986155,-0.050189116957651714,-0.049597111830524065,-0.013219150673391022,-0.01863631030480531,0.026348219314068,-0.005667427554726601,-0.0042908191649456695,-0.00697597487103907,-0.0068200553417362975,-0.0011292311828584,-0.1918783501068263,0.008018186252488402,-0.0018917670145759402,-0.10862865826358914,-0.19,-0.02815112533954331,-0.02012335565903356,EIF3M,1.0,1.0,0.0,1.0,1.0,1.0,1,3,1,0.664131624522618,1
EIF5A+ctrl,network,20260613,0.020619855267122483,0.025305881038995504,0.03135156557877722,-0.010581283077003512,0.001171348451218357,0.19615992582210173,-0.0015788115561008037,-0.001408471402240652,-0.0011918565823944016,0.004847361359132718,-0.0003933662083000001,-0.020324271518271694,0.005994605783901541,0.004020468613994632,-0.017846874234303298,0.010000000000000009,-0.001546335860441117,-0.0003583490060172778,EIF5A,1.0,1.0,0.0,1.0,0.0,0.0,0,2,0,0.21732101033867016,0
ELP5+ctrl,network,20260613,0.1178471049747798,0.00020500328474337692,0.00504674519488435,0.011684981715645804,-0.004723338918054709,-0.03749914308373631,0.00034571252763269944,0.0003719407460506252,0.000715534780621141,-0.0049319551308626974,6.555957952509997e-05,0.189636783909852,-0.02345213125169998,-0.013082473676975348,0.0834442627944188,0.15,0.004874206401078496,-0.005992293714848329,ELP5,1.0,1.0,1.0,1.0,1.0,1.0,1,4,1,0.26928611818610937,0
EXOC7+ctrl,network,20260613,-0.01959111678897041,0.04404719764532816,0.04712198044729543,0.013917544610317523,-0.006082755424470787,0.11182834583010748,0.0006247200071811954,0.000677536002211987,0.0011467804858281694,-0.0033217956739473864,0.00016087410040199973,0.002783440769462714,-0.01184239394725739,-0.007487898348998656,-0.02566773074055731,0.0,0.02175342001464098,-0.006064602535818864,EXOC7,1.0,1.0,0.0,0.0,1.0,1.0,1,2,0,0.6055215390791784,1
EXOSC10+ctrl,network,20260613,-0.3705282926698724,0.009108505283085266,0.00369736584951208,-0.05699555224765959,-0.0027675324713262728,0.05345862657298295,-0.0050979331135750025,-0.002692772512188024,-0.006053012018120363,0.0044697651365626645,-0.0006989170215093001,-0.21139613072320862,0.005560339700832584,0.03111876691631954,-0.018765649188844602,-0.29000000000000004,-0.06135868714908199,0.005094256558244581,EXOSC10,1.0,1.0,0.0,0.0,1.0,1.0,1,2,0,0.4050002095579269,0
EXOSC2+ctrl,network,20260613,-0.03648382436394182,0.0012899994692546768,0.004475206608703153,0.005628270562708815,0.006049031179313991,0.013603112452250876,-3.368221223359891e-05,-0.0013491198271256,-0.0019597642616979716,0.010202273844016008,-0.00024297996424139977,0.002842407329391672,0.018450849109710843,-0.007558771948795173,0.018162756280599823,-0.020000000000000018,0.005570271638215218,0.011723149433730762,EXOSC2,1.0,1.0,0.0,0.0,1.0,1.0,1,2,0,0.7118852605461615,1
FAM50A+ctrl,network,20260613,-0.000870198972892755,-0.011024917276666768,-0.005103712544387906,0.01649367423563758,-0.0022269690406538367,0.17024827702853051,-0.0011154301464556954,-0.0010980756362676258,-0.0020227048006800086,0.0063908604164817084,-0.0002831434831022995,-0.04496368235656356,0.0025048065648849427,-0.00655769424941588,-0.03327541894781544,0.0,0.005424612070568158,-0.0013170664238493224,FAM50A,1.0,1.0,0.0,0.0,0.0,0.0,0,1,0,0.24916021351100925,0
FASTKD5+ctrl,network,20260613,0.04173255033962381,-0.02508482580457161,-0.011661899465846282,-0.0056894936411907016,-0.0206280334301204,0.029348449649600594,-0.010001212358474797,-0.0068362424289724055,-0.011850698513560354,0.02265665452496568,-0.0017804647795856,-0.049539386530294605,0.021570955710843,0.00802152917752963,0.0072228268372930005,-0.009999999999999981,-0.03295907163597292,-0.017996739386305527,FASTKD5,1.0,1.0,0.0,0.0,1.0,1.0,1,2,0,0.38333396280880566,0
FCF1+ctrl,network,20260613,0.13061850510742767,0.007211738170924242,0.02177737984516548,0.010952881420743604,0.020980950378124585,0.03501216352107439,0.002595793455839098,0.00118824166242959,0.002346826101391808,0.010314930104527886,0.00038630922790610007,0.07556121081403644,0.016085898211788074,0.04514333326863096,0.0821068462458816,0.12,0.017334380771038715,0.01726074670224198,FCF1,1.0,1.0,0.0,0.0,0.0,0.0,0,1,0,0.5714700992769537,1
FTSJ3+ctrl,network,20260613,0.0154097133733134,-0.028405634279983993,-0.030996925685256027,-0.0038585388166921253,-0.00460037689984738,0.16453655319534533,0.0006515420973301003,0.0007163509002470203,0.0013685070788057585,0.004829817091023092,0.00017344625666739985,0.1308549264731382,0.0008779634735082142,0.03039291336882677,0.0882053197276303,0.03999999999999998,0.005274389763422482,0.005607028735610364,FTSJ3,1.0,1.0,0.0,0.0,0.0,0.0,0,1,0,0.34744171967685405,0
GFER+ctrl,network,20260613,0.0076270574026223725,-0.013352969688992689,-0.0101354440078405,-0.0018894621504988995,-0.0018899650580154193,0.031418205068008576,-0.001768171787262001,-0.0006783121315567797,-0.0011876062555328248,0.0005080205563210982,-0.0001880678464658,-0.023379367010006202,-0.005405658762596355,-0.0022088352543996326,-0.012638256806278836,-0.009999999999999898,-0.006670991261486209,-0.00702270161574059,GFER,1.0,1.0,1.0,0.0,1.0,1.0,1,3,1,0.19088081812579477,0
GFM1+ctrl,network,20260613,0.22379840759143016,-0.019494219484615383,-0.012958147508286166,0.03550127209447518,0.00837316939045421,0.10109997698799039,0.0016367854550480999,0.0002668707715105523,0.0005013618440542489,0.004786046242714975,0.00010849200771190004,0.14899541394650395,0.03147559074896744,0.05551372149954614,0.11049229190091953,0.2,0.0396423015080056,0.011338944728485512,GFM1,1.0,1.0,0.0,0.0,0.0,0.0,0,1,0,0.6268323558589625,1
GNL3+ctrl,network,20260613,-0.04300402174217011,-0.016091201832637514,-0.04650515134160088,-0.01733495393652329,-0.008575205188338542,-0.13176432552461992,-0.0008344314992427999,-0.0005276891447059118,-0.001569310115207001,-0.006935160613679381,-0.00013720314018430017,-0.043954923466154705,0.004258199543283103,0.011790893293780247,-0.03974818057806634,-0.020000000000000018,-0.01883244724646091,-0.010218296711560715,GNL3,1.0,1.0,1.0,0.0,1.0,1.0,1,3,1,0.6456221858685385,1
GNL3L+ctrl,network,20260613,0.08731463943077766,0.008046473913673913,0.009508793071566712,0.0621762600155564,0.024704930176958684,0.29748069040050096,-8.571334183219911e-05,0.0001211694781583228,0.00131813794072555,0.026931761835960494,1.832167617979983e-05,0.04279511960697491,0.04245738396552656,0.06576019170111846,0.04628042473203592,0.08999999999999997,0.0617330399226039,0.027690487181422974,GNL3L,1.0,1.0,0.0,0.0,0.0,0.0,0,1,0,0.5930652611844432,1
GPKOW+ctrl,network,20260613,0.013222801825054392,0.012779651562275562,0.0013241080578612063,0.034599805611021106,0.02256517311632794,0.32443974868416725,-0.0009519010782241995,0.00023882568628175171,-0.004163208308759825,0.03601292839599102,5.54149737582001e-05,-0.09962175147765906,0.04503138334933343,0.057635652098422474,-0.12645002486426754,0.020000000000000018,0.040344885875994996,0.03962874704769559,GPKOW,1.0,1.0,0.0,1.0,0.0,0.0,0,2,0,0.5390318696463544,1
GRPEL1+ctrl,network,20260613,-0.21827826075679527,-0.08460349791155564,-0.06952660664110089,-0.004127935319314047,-0.027179068361053826,-0.14966227144641708,-0.0027168057858944043,-0.0031448189694159856,-0.009954254631356796,-0.02099207607812298,-0.0007678791880608,-0.3668275805935008,0.022618413250096836,-0.05390579638640269,-0.22170068587598987,-0.16,-0.017692386113710434,-0.024104814813016184,GRPEL1,1.0,1.0,0.0,1.0,1.0,1.0,1,3,1,0.19261461227278462,0
GTF2E1+ctrl,network,20260613,-0.2407235255600091,-0.01908827609769337,-0.015693191032300824,-0.030020701429518293,-0.015288642415934306,-0.05849838929006382,-0.004753232002258297,-0.0019721477983184466,-0.006175826957417141,-0.007601261867558107,-0.0005445915157907,-0.2151676927787881,-0.027310857668176314,-0.020636492961226716,-0.1757446674457866,-0.18000000000000005,-0.047491843664068195,-0.010935701258416142,GTF2E1,1.0,1.0,0.0,1.0,1.0,1.0,1,3,1,0.25808895012999383,0
GTF2E2+ctrl,network,20260613,-0.16713231023200958,-0.015078000015744664,-0.011173733847483991,-0.0476606228032011,-0.013117237784551317,-0.08475197071210389,4.918500781059959e-05,0.00031356530627180135,0.00043395371335819277,-0.020465592694058093,4.622980486600008e-05,-0.15797709424338124,-0.03459224328766519,-0.058361452753260545,-0.12885697881093172,-0.15999999999999998,-0.04679184684123627,-0.033997473420519175,GTF2E2,1.0,1.0,0.0,1.0,1.0,1.0,1,3,1,0.31300364494440297,0
HAUS5+ctrl,network,20260613,0.005614428941385974,0.000544977483431186,-0.0038956110583089343,-0.007447001495146294,-0.0019938342899005757,-0.032317715415233705,-0.0001877248287199991,-9.768271372778692e-05,-0.00027841018714303,-0.004851324289311204,-2.414500340820004e-05,-0.016009308878879747,-0.000330630686194211,-0.008971544532373033,-0.013558556031643909,-0.06000000000000005,-0.011234815671107401,-0.005886524372429647,HAUS5,1.0,1.0,0.0,1.0,1.0,1.0,1,3,1,0.48491939951818785,1
HEATR1+ctrl,network,20260613,0.11454406200619305,0.012125483171193108,0.014715063664619388,0.028926305367920985,0.019107374033991403,0.09874691825647164,0.0053039509803056994,0.002583943539451572,0.004958515206340608,0.0024554515973938817,0.0007083837408572,0.06283449423896137,0.025056186384944223,0.04484746001996143,0.07313237807108164,0.09999999999999998,0.05414050774926632,0.019977576557210885,HEATR1,1.0,1.0,0.0,0.0,0.0,0.0,0,1,0,0.512404816692505,1
HGS+ctrl,network,20260613,0.1109219966019977,0.024678088822037036,0.03152745007516988,0.08419472291798583,0.03513398782851673,0.21130456965926925,0.004631431773305002,0.0028118551310938322,0.008848145179218392,0.024926743532102807,0.0007285689935088002,0.20601195782702764,0.04527811469547505,0.05434316744386647,0.20324419152504064,0.12,0.12303414048083033,0.03805073317771501,HGS,1.0,1.0,1.0,0.0,1.0,0.0,1,3,1,0.26491280796351085,0
HIRA+ctrl,network,20260613,0.052900753169637604,-0.01628079708916197,0.0005529477304384578,-0.015256613878004893,-0.031227987284991487,-0.0333897823008501,-0.0083615668118,-0.004857864687954017,-0.01068333930733345,-0.005752399401465408,-0.0012865194585174001,0.052295828809769795,-0.0029207320385450375,-0.013906975526732479,0.003128040662651904,0.09,-0.034719005137139575,-0.03567247744325308,HIRA,1.0,1.0,0.0,1.0,1.0,1.0,1,3,1,0.6788419909083688,1
HNRNPH1+ctrl,network,20260613,-0.008096349957504384,0.009292267291264533,0.002914120570462364,0.05977848159875199,0.0327239751067091,0.07103769464863474,0.006313681602478097,0.0027312947953940236,0.004027625032125615,0.019838430256041706,0.0008777705952525,0.05799308235471612,0.07807124087544037,0.0629153552635654,0.05651621550864061,-0.009999999999999981,0.08650045373501292,0.04026907855391526,HNRNPH1,1.0,1.0,1.0,1.0,1.0,1.0,1,4,1,0.5404250112725081,1
HNRNPM+ctrl,network,20260613,-0.06645333276652379,-0.0015535505062154176,-0.013508136381591873,0.04555788922486481,-0.0160651230947145,-0.16224599755980834,0.0043032448738814025,0.0017866528931694825,0.0019935067997881584,-0.024470180578509304,0.0005469237221405001,-0.1474035974510623,0.034074266844777656,-0.09084957997122634,-0.0994578109818785,-0.030000000000000027,0.05276953847476709,-0.033955661587179664,HNRNPM,1.0,1.0,0.0,1.0,1.0,1.0,1,3,1,0.3128943602929758,0
HNRNPU+ctrl,network,20260613,-0.02840942660828122,0.019765921600834124,0.020773565252188403,-0.021178702821336104,-0.010309533400001403,-0.39007487014050224,0.002658940851688399,0.0034314952523086806,0.00452790198249764,-0.0218301695049129,0.0008448688313365,0.005866001827472406,-0.043447440834130324,-0.09271098200659866,-0.03556850422444752,-0.020000000000000018,-0.027294647208410294,-0.020564364941808133,HNRNPU,1.0,1.0,1.0,1.0,1.0,1.0,1,4,1,0.2744810627011528,0
HSCB+ctrl,network,20260613,0.13082465180358752,0.05273006374997735,0.06000284673498857,0.01343722433186939,-0.0015373340868062857,0.06160348796369014,0.0016069728881120994,0.000989296495792047,0.0033601687104067857,0.0036273353630497107,0.0002150278887712,0.36071996549825336,0.008460503737994673,0.05587666917382894,0.2321386927638331,0.10999999999999999,0.023311076880414783,0.0012732833690557444,HSCB,1.0,1.0,0.0,0.0,0.0,0.0,0,1,0,0.32806798272017845,0
HSD17B12+ctrl,network,20260613,-0.09005875230234722,-0.010116676608238784,-0.0057171425742637005,0.01109386464988682,-0.012358183403725298,-0.10319273118850969,0.0006914548575878005,3.085550830617123e-05,0.0015744542069782153,-0.006554249664529305,-5.193869583300023e-06,-0.02301661908171798,0.020128909063673484,-0.006508394543110807,0.008437239708714794,-0.07999999999999999,0.008947048200956875,-0.010352206050986301,HSD17B12,1.0,1.0,0.0,0.0,0.0,0.0,0,1,0,0.19325995099081583,0
HSPA8+ctrl,network,20260613,0.005504894583255648,-0.05405795421402909,-0.051015836137342285,-0.008115917222319802,0.007474108499413656,-0.018536673298221173,-0.0013966523110867032,-0.0015764595329907927,-0.002130981321116776,0.00577831159425371,-0.00040693627670409984,-0.09507055751681309,-0.016869349387728105,-0.019610243150158357,-0.07272870294871259,0.0,-0.013304560068181981,0.004540092823038355,HSPA8,1.0,1.0,1.0,1.0,1.0,1.0,1,4,1,0.8345682910957747,1
HSPE1+ctrl,network,20260613,0.2299196483468341,0.10789689062748342,0.08065990993099292,0.09176122233563733,0.10815849960230395,0.34590156662176674,0.0044960305094719,0.004799652977213964,0.010383212787921425,0.050836070027161895,0.0012696334160863998,0.1923658746686181,0.049254923177385224,0.23447476112577914,0.18690893753856314,0.16000000000000003,0.1141004929079219,0.10560004421591351,HSPE1,1.0,1.0,1.0,0.0,0.0,0.0,0,2,0,0.17045447271958392,0
IGBP1+ctrl,network,20260613,0.03415916733489931,0.05207155242147332,0.04184977473490359,0.00680808422409146,0.011458611387653084,0.28218094024797324,0.001649755984544702,0.0005567484415626156,0.0023278286371130053,0.004267900344233383,0.00026441772934049997,0.24449062714185538,-0.0006483378102126736,0.013844218800572183,0.1654401718279551,0.010000000000000009,0.0216378017317731,0.007645777557398814,IGBP1,1.0,1.0,0.0,1.0,1.0,1.0,1,3,1,0.22693208355801625,0
ISCU+ctrl,network,20260613,0.1330484879792984,0.044730318786507905,0.03224057424767213,0.07662638524698887,0.04922026961645931,0.6464245000166273,0.0040794424712658,0.0027670769884395874,0.00592331152023895,0.03282384691030499,0.0008731780108064001,0.3022978945346492,0.053800435009486725,0.15083279931876314,0.1897047748958795,0.04999999999999999,0.1281046128662937,0.05748946151822398,ISCU,1.0,1.0,1.0,1.0,1.0,1.0,1,4,1,0.19037325196316937,0
KRI1+ctrl,network,20260613,0.20878443617578268,0.024634178939250906,0.028602051001434814,0.07446367207590257,0.0033972836876130508,0.07993418760462745,0.004264574497938201,0.0035004313370468054,0.00520529228908595,0.0021726384645077146,0.0008989544585347,0.26674762120729606,0.014809581168420682,0.0673062894060047,0.13938031663838518,0.2,0.0876951660538714,0.0014115833395971222,KRI1,1.0,1.0,0.0,0.0,0.0,0.0,0,1,0,0.5176944361201087,1
LSM4+ctrl,network,20260613,0.03349752122785732,0.0198159656555712,0.017860703180446302,0.004208228430858191,0.00921724660591533,0.0574912892023558,0.000681001693010299,0.00037270888274321123,0.0010823370193194792,0.006171365371766768,9.150861296800005e-05,0.019882813233407126,-0.005591927607037528,0.011083423246810886,0.024695744972504374,-0.020000000000000018,0.010991105103667298,0.005436777977164353,LSM4,1.0,1.0,0.0,1.0,1.0,1.0,1,3,1,0.7870338738934104,1
MAGOH+ctrl,network,20260613,0.021343340609436212,-0.00702669524726951,-0.03136625014155803,0.012657500664944421,-0.026928804069198564,-0.12042859258056177,-0.0023340247571468978,-7.83406858555491e-05,-0.0017802590152103948,-0.018503272146809885,-0.00014026742428540013,0.05237651056393039,-0.011578895920952403,-0.02472275785670497,-0.03039069610536499,0.020000000000000018,0.009398351213608602,-0.038234012339737,MAGOH,1.0,1.0,0.0,1.0,1.0,1.0,1,3,1,0.2756515358576982,0
MCM10+ctrl,network,20260613,-0.009585636855166446,-2.70082799477267e-05,-0.004638281891115814,0.02117998286910669,0.005987425577164085,-0.006753557571641089,-0.00047728419303890227,-9.39940742445966e-05,-0.00027471161948677825,0.006969101465001987,-2.40101944655e-05,0.021870035197285254,0.03291217776462585,0.01481362879188386,-0.031338188741527606,-0.019999999999999907,0.017591888882646567,0.007942910634180955,MCM10,1.0,1.0,1.0,1.0,0.0,0.0,0,3,1,0.3260343523367522,0
MCM3AP+ctrl,network,20260613,0.0690861770412841,-0.04919416690030026,-0.0378341139568637,-0.00432091222808309,0.013511154799681124,0.2945040166192409,-0.0009518228471279006,-0.0010261703056849703,-0.004922184078040792,0.020582551244094416,-0.00021223106887189994,0.0352015485337869,0.03676609425174027,0.07636782734772685,0.030903242338709794,0.07999999999999999,0.0022128893931999682,0.0200847255161567,MCM3AP,1.0,1.0,1.0,1.0,1.0,1.0,1,4,1,0.4265587920768491,1
MDN1+ctrl,network,20260613,-0.14569215269767688,-0.03263354131850066,-0.04448294037948086,-0.015211776141029199,-1.4167151003718903e-05,-0.08396649450830951,-0.0016625430434942003,-0.0004231202080540175,-0.00291404315656163,0.005402634082817187,-0.00011671532411130006,-0.08736687851139269,0.013140178253234214,-0.014352614434366862,-0.12252675101098504,-0.15000000000000008,-0.012295806276507504,0.007760557706804949,MDN1,1.0,1.0,0.0,1.0,1.0,1.0,1,3,1,0.29489711930746704,0
MED20+ctrl,network,20260613,-0.015169188607365935,-0.019317237075495153,-0.021852876213800054,0.001555668621018802,-0.0014618952252515305,0.010140462476609047,-0.00022784434258929856,-0.00018461126281121842,-0.0008143508966130808,-0.008330390005146876,-4.9379887059399896e-05,0.00040469539191811954,8.176087072908622e-05,-0.007678695661768042,0.0025491492539658767,-0.030000000000000027,-0.0008425211073997962,-0.007444827924375952,MED20,1.0,1.0,0.0,1.0,1.0,1.0,1,3,1,0.24094523738303747,0
MED26+ctrl,network,20260613,0.05740398918039702,0.043932373086983445,0.026508269860864908,0.042639948208577694,0.024442877799393692,0.061733848865543006,0.009335905313491794,0.009986106043821774,0.01897918316935121,0.022257061698389202,0.0024981354363261994,0.04201752593607,-0.008677410376347505,0.02048973586324887,0.019423323369865297,0.02999999999999997,0.0653408800875156,0.030727450572020754,MED26,1.0,1.0,0.0,1.0,1.0,1.0,1,3,1,0.3466594499169088,0
MED31+ctrl,network,20260613,0.003808039691817866,0.016613178112361293,0.00979227920854725,0.0418779542522566,0.011156281560603443,0.08266763955682732,0.004489842802286204,0.005582253236424806,0.008671251400352742,0.0009626974706216929,0.0013356059789658,0.00965725506701659,0.0005515826444871808,0.02505972004226764,0.004351959342078382,-0.010000000000000009,0.056310818947778396,0.007516679954415961,MED31,1.0,1.0,0.0,1.0,1.0,1.0,1,3,1,0.24485061166143257,0
MED8+ctrl,network,20260613,0.09449471285624356,0.027811561859684808,0.017849977133924888,0.029106096027032208,0.008211862002242942,0.002564855647997577,0.0047754291445017,0.0036726828816712187,0.007072365977085604,-0.009313022931205894,0.0008590649813413002,0.03745128718660984,0.0017790320995003661,0.019659777203301032,0.03754897728038897,0.06000000000000005,0.049868032604172274,-0.00845315950579606,MED8,1.0,1.0,0.0,1.0,1.0,1.0,1,3,1,0.39191157602474547,0
MFAP1+ctrl,network,20260613,0.08017960146119518,0.0026055407094348615,-0.0030907756994439373,-0.011813922939156452,0.008826778403197788,-0.083441830862938,0.0010293908417225023,-0.0006845250607715458,-0.0007246861959895323,0.0013291750779496903,-2.080993726850033e-05,0.0034299654550109526,0.017011930774169626,0.05510042720841757,-0.016407321120331386,0.04999999999999993,-0.020059736730996203,0.022276809682394094,MFAP1,1.0,1.0,1.0,0.0,1.0,1.0,1,3,1,0.45084885936067004,1
MRPL18+ctrl,network,20260613,0.08633962878223972,0.03683411982184015,0.04927364045849386,0.012744088437527196,0.0044800111092273,0.024361945739547364,0.0020185820758342014,0.001110151444614016,0.002179472871231214,-0.0006759715899556096,0.00028692680643869995,0.20261853382447126,-0.002631622649252874,0.016967358097473517,0.13115791821101414,0.020000000000000018,0.027674896762566292,0.0017748883909362023,MRPL18,1.0,1.0,0.0,0.0,1.0,1.0,1,2,0,0.3823933350066144,0
MRPL3+ctrl,network,20260613,-0.017221291343104905,-0.0014841250385999594,-0.005336641265559328,0.002563357197620908,-0.0005723170966404068,0.0242132938452162,-8.014217019079901e-05,-1.3352013904843751e-05,2.767680110760118e-06,0.000279023993132399,-7.167633157200044e-06,-0.004775092853896101,-0.0003338984125349498,0.004226634667838347,0.002910162319116616,0.020000000000000018,0.0002942233384566062,-0.0002687687663370797,MRPL3,1.0,1.0,0.0,0.0,1.0,1.0,1,2,0,0.41297443721195454,1
MRPL32+ctrl,network,20260613,-0.0008904039875433645,-0.0031787888142262855,-0.0057165348355247,0.0020304896351505952,-0.007536732125329293,-0.03358441937869161,-7.415190339089828e-05,0.00010447324414719628,-6.237168249456637e-05,-0.009130588925045036,8.356699254299916e-06,0.01929014010454866,-0.01871106504902975,-0.01863235475995184,0.01303281051321592,-0.010000000000000009,0.0019410429330476153,-0.008228449049353381,MRPL32,1.0,1.0,0.0,0.0,1.0,1.0,1,2,0,0.19261764454378918,0
MRPL38+ctrl,network,20260613,0.0375770916647693,0.0017348690156604452,0.004718960496579716,0.027671206980645013,0.0018270970279608834,0.07253445567497585,0.0003222618252037984,0.0002241361296920763,9.010409213161541e-05,0.0025228992081861856,4.8250134568600085e-05,0.05058417522589742,0.005597143382840675,0.021360988097346767,0.021277160419995,0.02999999999999997,0.0319502216449683,0.003784803969756223,MRPL38,1.0,1.0,0.0,0.0,1.0,1.0,1,2,0,0.24988272554631724,0
MRPL4+ctrl,network,20260613,-0.05069442992141118,0.019497322942132578,0.022239482469510297,-0.017540431108897303,-0.0016036342660886715,-0.015125731959789779,-0.0004846751689910993,0.00012368105768845172,0.0003683909193192836,0.0035214360039461934,-3.7689460440006473e-07,-0.019290121678402772,-0.028517559694893446,-0.029536177265557906,-0.0275939715370834,-0.030000000000000027,-0.012541682668118392,0.0017434732644783235,MRPL4,1.0,1.0,0.0,0.0,1.0,1.0,1,2,0,0.42037965382714365,1
MRPL49+ctrl,network,20260613,0.057604203032242896,-0.007026794001802283,-0.008086378652580994,-0.013331625329976504,-0.002730856147504679,-0.08209727352826302,-3.8016587495796894e-05,-0.0006916488531897302,-0.0007083223288359974,-0.0006331528929716113,-0.00019917008467019992,-0.0806549851143239,0.011397716863650542,-0.01890603474632435,-0.017009953162578702,0.04999999999999999,-0.01242290780824512,-0.002127159342452334,MRPL49,1.0,1.0,1.0,0.0,1.0,1.0,1,3,1,0.4386315548878312,1
MRPL50+ctrl,network,20260613,0.07984319418449598,0.004762239541812097,0.006747706692366018,0.0405438802557532,0.0015701674552235922,0.15427492362592538,0.0007033329457043994,0.00015444310519041604,0.0002783902191356713,0.009218007094064784,5.4738367907699995e-05,0.04287692406800869,0.012826402298585782,0.027985791634726254,0.032607585301431874,0.0,0.048405217457617195,0.002802962094948236,MRPL50,1.0,1.0,0.0,0.0,1.0,1.0,1,2,0,0.28649695647188517,0
MRPL54+ctrl,network,20260613,0.03624881923321388,0.006535180086614467,0.00490547656126239,-0.006077538151380096,0.008639070083441475,-0.03504824844549281,5.365163087849706e-05,5.954945426822622e-05,0.00047386225896595136,-0.006579014357137203,7.717404514499988e-06,0.017936405262891253,0.0006318141606330707,0.005484637420288485,0.0066678928181488906,0.010000000000000009,-0.010093044930343603,0.0049054739442772055,MRPL54,1.0,1.0,0.0,0.0,1.0,1.0,1,2,0,0.45632056720647746,1
MRPS11+ctrl,network,20260613,0.004868563641731605,0.004578583856105101,0.005337747532576043,0.00996765763652152,-0.0038847726024854867,0.02325775556958587,-0.0003713909536600009,-0.0001906387665714382,-0.00015815290232634727,-0.001065038059531509,-4.114053444939994e-05,-0.030737388667474996,0.0027859163055856673,0.005173954048517393,-0.023553011340750718,-0.019999999999999907,0.011869369218758613,-0.004557507443646358,MRPS11,1.0,1.0,0.0,0.0,1.0,1.0,1,2,0,0.34861809487498874,0
MRPS14+ctrl,network,20260613,-0.02997480930315899,0.00852860864643279,0.006933725610946295,0.007765148514788378,0.0019236249090363033,-0.006611280783232032,-0.0004364363849163992,-0.0002245586497799934,-0.0006936878677475944,0.0009416496526636897,-5.319900810720011e-05,-0.009610422518689599,0.00047092484763266995,0.0020967188835907535,-0.016541582323875426,-0.020000000000000018,0.007151339706371884,-0.005096977648276435,MRPS14,1.0,1.0,0.0,0.0,1.0,1.0,1,2,0,0.3098167488588997,0
MRPS18A+ctrl,network,20260613,0.0007265588556110703,-0.00378271302464106,-0.002781149198477495,-0.002600086515836625,-0.0039304443394049815,0.028062376704642067,-0.0001840032637119987,3.9866538912303184e-06,-0.00020284512811896693,-0.0019670329092527084,-1.84751115699989e-07,0.0015885614564896677,-0.0018616734314907957,-0.0013032926228379038,-0.009747086310819109,0.030000000000000027,0.00013626132608299257,-0.0007804190230800145,MRPS18A,1.0,1.0,0.0,0.0,1.0,1.0,1,2,0,0.27432657940443206,0
MRPS24+ctrl,network,20260613,-0.021212717169553308,0.00877337467729078,0.005047776431689688,0.020763283251101994,0.001424308144560904,-0.04190099230116934,0.0007544504478574007,-1.73591061590761e-05,-0.00029605280333422357,-0.0022031888378812037,4.001497291029996e-05,0.08024967304649938,0.02748355555992632,0.0284880360393458,0.05275221000315258,0.04999999999999999,0.02099853382183109,-0.0010671752621514985,MRPS24,1.0,1.0,1.0,0.0,1.0,1.0,1,3,1,0.20944732822544496,0
MRPS26+ctrl,network,20260613,-0.01956081512774649,0.009414705907839549,0.007556281380511287,0.02456662792419459,0.0027952075543971056,0.15001376221861729,0.0011523254215717003,0.00014093513825819137,7.146787485878825e-05,0.008292563173372097,9.371823398399994e-05,-0.03419477751377692,0.019593615335340098,0.02137821910330784,-0.0149090865810792,0.010000000000000009,0.033003251126691696,0.007454683296261866,MRPS26,1.0,1.0,0.0,0.0,1.0,1.0,1,2,0,0.4646844604098582,1
MRPS27+ctrl,network,20260613,-0.08220471991811812,0.01412703691569217,0.016434799197791672,0.0021723349959431038,-0.0029300430337658168,0.07897489099840982,-0.00044253654777999876,-0.00037832868111842277,-0.0009086186283447928,0.002004256641974206,-8.371088188149998e-05,-0.0727357058499602,0.008246889465124863,-0.0012091345211436844,-0.057137811160596796,-0.04999999999999999,0.016134436636553506,0.01062853714058154,MRPS27,1.0,1.0,0.0,0.0,1.0,1.0,1,2,0,0.5149034379386356,1
MTPAP+ctrl,network,20260613,0.031546852790838575,0.02149130875754124,0.030477275535582438,0.07237683536637174,0.027929603265493264,0.23052052236164156,0.004736138507723798,0.0014571342812977894,0.005073366610245156,0.014886154123013584,0.0006308858282863998,0.0984651935495098,0.058423229502470586,0.069314960294933,0.16954307676215008,0.040000000000000036,0.10992709963354469,0.0160612061107146,MTPAP,1.0,1.0,0.0,0.0,0.0,0.0,0,1,0,0.6037724452138512,1
MZT1+ctrl,network,20260613,0.00836758864519302,-0.054495567713824355,-0.04406540563783956,0.003138696818477088,0.0067190842507728055,0.04155162960458689,-0.0005565397441387003,-0.0009133051816042626,-0.0022352650974641897,0.012354095931864192,-0.00016539124771950005,0.16180824720624498,0.03303254580535264,0.03181511551967642,0.12494539678635429,0.010000000000000009,0.005336314327805791,0.004877926960469403,MZT1,1.0,1.0,0.0,0.0,0.0,0.0,0,1,0,0.2536214392719283,0
NAA15+ctrl,network,20260613,-0.0032748127966260032,0.015501983431220001,0.03548133625311445,-0.017343564360823016,-0.00932712522565371,-0.05354545514030207,0.0008496176451444001,0.0007278955131726494,0.002279188987167613,-0.010139729333388497,0.00017696025315670012,0.03411127959310169,-0.01687213332631432,-0.008276591441401582,0.013060954072997191,0.04000000000000001,-0.015967131094642206,-0.014833487190824113,NAA15,1.0,1.0,0.0,1.0,1.0,1.0,1,3,1,0.5425003193229043,1
NARS+ctrl,network,20260613,0.3083530739868334,0.03730189235250991,0.019859212208221177,0.0004099040381222996,0.04760036159544573,0.03037797091036032,0.009328940883278902,0.008031249027198317,0.016921421694001015,0.009946166787148325,0.0019953228766099,0.31802621175440227,0.03202194713987894,0.12826263774240199,0.3088175059515235,0.18999999999999995,0.009887292414689552,0.02581056672170723,NARS,1.0,0.0,1.0,0.0,0.0,0.0,0,1,0,0.5998231806649107,1
NBAS+ctrl,network,20260613,0.05112059502751881,-0.048284203564588624,-0.0513737236485034,0.015389093835848994,0.005097208824215882,0.021324930775990847,-0.001176174730062502,-0.0009890790802143945,-0.0026986109400092273,-0.0017780656822480312,-0.00025136570911849995,-0.16895711679302172,0.01773093098131695,0.006244065684560707,-0.10013916618705598,0.12,0.010322857389558793,0.01084614502919945,NBAS,1.0,1.0,0.0,0.0,1.0,1.0,1,2,0,0.6721823327012071,1
NCAPH+ctrl,network,20260613,-0.030889328383472303,-0.01885862761792767,-0.017181569582561784,-0.008643794805776817,-0.01289979576473771,-0.002958586483593706,-0.0001457016915083001,0.0004412059205533003,-0.0019996848799875844,-0.015854373048922205,8.745538070800002e-05,-0.045182900753651306,-0.009760268083320756,-0.04012351005272485,-0.05541608165505468,0.020000000000000018,0.00020853264326792242,-0.0219702743035598,NCAPH,1.0,1.0,0.0,0.0,1.0,1.0,1,2,0,0.5645618565088076,1
NDC80+ctrl,network,20260613,0.37454229670233563,0.08991743469054314,0.05461736559109531,0.07428345574594131,0.04177534714626799,0.5231125546573215,0.007795935496687903,0.0018267090218904158,0.006322603644904223,0.028960430143135096,0.0008078945684246999,0.4212911834257499,0.06750497125812738,0.14501053306509692,0.28982549325902063,0.32999999999999996,0.1564818846162203,0.061814098983807075,NDC80,1.0,1.0,1.0,1.0,1.0,1.0,1,4,1,0.5366250783763342,1
NDUFA8+ctrl,network,20260613,0.06490184816173417,-0.006822710480631822,-0.007819988805174038,-0.01709634509650529,-0.008097091816635482,-0.0897045457785236,-0.00042351894080639926,-6.013726587816848e-07,-0.00015999977370118046,-0.011171644654330293,-3.837799886240005e-05,0.04442195876943128,-0.01174233421753712,-0.010978650888626373,0.0231051094270647,0.08000000000000002,-0.02171063552806618,-0.01794320029832719,NDUFA8,1.0,1.0,0.0,0.0,1.0,1.0,1,2,0,0.24666935548962787,0
NEDD1+ctrl,network,20260613,-0.018061852079335916,-0.05709679441481463,-0.04153795959070672,0.025074452409824005,0.031109785172680704,0.1700036372309742,-0.0008238814771176009,-0.0007571123955310011,-0.0016667084826684775,0.0327998299752392,-0.00015822437126190002,-0.05962257604876209,0.02819174773405886,0.08498377152716974,-0.03141831887556429,-0.03999999999999998,0.024914067521061622,0.04749783887263703,NEDD1,1.0,1.0,0.0,1.0,0.0,0.0,0,2,0,0.4811699786249136,1
NELFA+ctrl,network,20260613,0.10348052385978229,0.04912436349042937,0.024226430326493853,0.03310559050849457,-0.005643888612566594,-0.029302264147707924,0.0031270943582057988,0.001318822580501644,0.0033113904366144364,-0.014298422412890366,0.0004508747952059,0.022132262474173214,0.013768349838135574,-0.0427568920692184,-0.028840428632600723,0.10000000000000003,0.050753768609378414,-0.013631659336265978,NELFA,1.0,1.0,0.0,1.0,1.0,1.0,1,3,1,0.3766572670241666,0
NFRKB+ctrl,network,20260613,-0.1666452565191847,-0.041401437436114186,-0.01678610268456393,-0.03859194559305201,-0.01385321906960249,0.1694963355191431,-0.008503843098878902,-0.00598753454664358,-0.00938844459976318,0.024989574929332403,-0.0016519669443368998,-0.18157276808357858,0.00555091150635012,0.052449325064134356,-0.07541781706331283,-0.12000000000000002,-0.0678981831675666,-0.002507797171753423,NFRKB,1.0,1.0,0.0,1.0,1.0,1.0,1,3,1,0.3930709025295937,0
NOL6+ctrl,network,20260613,0.025025347301217193,0.0036782249062058403,0.006114698106606364,0.030819660499312396,0.009590940026296901,0.06528311614974541,0.0034276414662600015,0.0006935986987175458,0.0017891279276510685,-0.006011711428508787,0.0003066557692364,0.013975767580751253,0.026107268737137757,0.048452348505083065,0.025504351806424186,0.020000000000000018,0.04473669295885388,0.013203548855390101,NOL6,1.0,1.0,0.0,0.0,0.0,0.0,0,1,0,0.46913698901924206,1
NOP10+ctrl,network,20260613,-0.06564297404684699,-0.008590512740465073,-0.009267251747124394,0.008780873881777895,0.01491973216461595,0.1349585132745975,-0.000237541273236299,-0.0006512794631809982,-0.0007495135254071972,0.012631706703093992,-9.904301259669999e-05,-0.14404652023027648,0.014703418238304788,0.007591340321964957,-0.13299058669496838,-0.10999999999999999,0.015502285522097703,0.007860681317025664,NOP10,1.0,1.0,0.0,0.0,1.0,1.0,1,2,0,0.21523627459549166,0
NRBP1+ctrl,network,20260613,0.07450569007894331,0.005885158861096418,-0.0006246371404438622,-0.012017595834026507,0.0027236100908987204,-0.2192274432776098,0.002446485683321998,0.0034115787060551295,0.004286651858620982,-0.004898828855100706,0.0008345704991369997,0.022460202346802294,-0.026277508579567233,-0.05402107931492339,-0.08176377605015492,0.10999999999999999,-0.01771358620664698,-0.0033204065000567162,NRBP1,1.0,1.0,0.0,0.0,0.0,0.0,0,1,0,0.39456094140037035,0
NSA2+ctrl,network,20260613,0.04097728134742884,0.002453855623850143,0.0015176093596893647,0.003444812920969112,0.0007693240887117203,-0.007670984302948991,6.34398311376988e-05,4.7464237766692285e-05,-0.00022682566438358975,-0.0055650501287178855,1.2986769434000008e-05,0.013281910299509092,-0.0032001948079216636,-0.01014085300405565,0.00401722905021018,0.030000000000000027,0.003215733269471277,0.006428784720586056,NSA2,1.0,1.0,0.0,0.0,0.0,0.0,0,1,0,0.248515610657371,0
NUBP1+ctrl,network,20260613,-0.014909584537590614,-0.022793613487422593,-0.017014871731073522,-0.01119966436113859,0.0034428291301096814,0.005124464830546627,0.0031069312244654014,0.0017138007585122406,0.0032446226257850652,-0.019386874197997006,0.00042962760198859994,-0.033177075461401084,-0.049156450435216215,-0.04104359240407174,-0.050158941783561534,-0.020000000000000018,-0.0061258153787636105,0.0029765411406548203,NUBP1,1.0,1.0,0.0,0.0,1.0,1.0,1,2,0,0.2713715614389949,0
NUDC+ctrl,network,20260613,-0.0459184335767899,0.00949817479762649,0.022428555874190126,0.038663484606767606,0.017699794908981326,0.26009616140538805,-4.9941241741201237e-05,-0.0006208598073460525,0.00014431958977279002,0.03268388411716949,-0.00012003327719870005,0.13358800927411077,0.03770944921534203,0.07226563484367932,0.1223717860338084,-0.030000000000000027,0.03926669236022651,0.01501417233161273,NUDC,1.0,1.0,0.0,1.0,1.0,1.0,1,3,1,0.8414881547158479,1
NUP54+ctrl,network,20260613,0.11539507921258618,0.03872624048133855,0.0688790496863444,0.0236701011327608,0.0228901854820871,0.033412285309270595,0.0016059447079896996,0.0012715053173939506,0.0032024386154559936,0.015135344942869,0.0003168035764247001,0.09649279376382769,0.023359251945406112,0.08202545003091222,0.11184750973678653,0.10999999999999999,0.034496622548228495,0.025143564579361954,NUP54,1.0,1.0,0.0,0.0,1.0,1.0,1,2,0,0.6072345394642318,1
NUTF2+ctrl,network,20260613,-0.07571836957532752,0.026101387920473673,0.01842851356310704,-0.011357219139752128,-0.010915209308206997,0.03676431194278218,-0.0039477683603764,-0.003243521186088394,-0.009388677535112189,0.012167156358872333,-0.0008518735412508002,-0.15821798656157082,0.003662367121480936,-0.04166209393245235,-0.2154314589315982,0.020000000000000018,-0.03451665386282893,-0.0024008606729604143,NUTF2,1.0,1.0,1.0,1.0,0.0,0.0,0,3,1,0.182500108142927,0
OGFOD1+ctrl,network,20260613,-0.02723945383773929,0.03674245928816633,0.028899005449248782,0.007826093295715486,-0.005614448681275475,0.023926304207552984,0.001393571496009903,0.0007095013511891901,0.0007512628140685651,0.006660043027824525,0.0002571372315288002,0.03779675861323639,0.02362085994130847,0.015559753143127741,-0.018425515658415104,-0.03,0.014569237388102618,0.008851511443795923,OGFOD1,1.0,1.0,0.0,0.0,0.0,0.0,0,1,0,0.2013665529745279,0
OPA1+ctrl,network,20260613,0.0706597566552592,0.025469079656210147,0.02273625227853282,0.013320794103496625,-0.015920484368770915,-0.05236448476418282,0.005213802680373202,0.003277398902978401,0.007229892892307355,-0.02307770731394379,0.0008994936943054002,0.10005923148510087,-0.01770386201753338,-0.029783000233343238,0.0260692137000198,0.12,0.048605820166758296,-0.027481153842623174,OPA1,1.0,1.0,0.0,0.0,1.0,1.0,1,2,0,0.3461184620083676,0
ORC5+ctrl,network,20260613,-0.02069414507052003,-0.025144382564170786,-0.029885625803459215,-0.008019562711735012,-0.0013702523603783545,-0.011803671348609934,-0.0009696017950774002,-0.0005004799622370104,-0.002942249205760805,-0.019751920062290984,-0.00012591818813229992,-0.049596558763394305,0.012464460157073365,-0.0011105174410462881,-0.01855847354819351,-0.019999999999999962,-0.015210603837615522,-0.005270452094940481,ORC5,1.0,1.0,0.0,0.0,1.0,1.0,1,2,0,0.28873145928018085,0
OXA1L+ctrl,network,20260613,0.12961440211743902,0.025990995255870564,0.028506941741540226,-0.02850031233283598,-0.007183183973749396,-0.0589391585899493,-0.0006252024322748011,-0.00028841138682689227,0.002000746135542242,-0.010473754289928805,-7.97901302576e-05,-0.0012353314309766494,-0.029686270444836182,-0.02112056812833918,0.025627765964016003,0.15999999999999998,-0.0348051480564702,-0.011131326082743032,OXA1L,1.0,1.0,0.0,0.0,0.0,0.0,0,1,0,0.3096906849944455,0
PAM16+ctrl,network,20260613,0.01411952221844337,0.019670381199369147,0.02306077977749743,0.02342682397770529,-0.0008262440555933392,0.026768226385622373,0.0005712360143662019,0.0003084944473451534,0.0007241644872508779,-0.0006938743010794779,0.00011633895337580008,0.008999471498328249,-0.0008044458385971787,-0.005115021798914765,0.006813488750567309,0.050000000000000044,0.028684801939955096,-0.0026156280002029852,PAM16,1.0,1.0,0.0,0.0,1.0,1.0,1,2,0,0.6104597216725507,1
PCF11+ctrl,network,20260613,0.0220464490274358,-0.04896672191043494,-0.035454721577582726,0.014868296741292086,0.015989308143118386,0.13134150590593016,4.5906752347901064e-05,-0.00040443607451534636,9.825430085441678e-05,0.02625004353647159,-6.467709317809975e-05,0.008555222093689585,0.03734575091138226,0.0708715556329409,0.03156199988723751,-0.019999999999999962,0.01038609443399574,0.029203884724562146,PCF11,1.0,1.0,0.0,1.0,1.0,1.0,1,3,1,0.29365857001091883,0
PDCD2+ctrl,network,20260613,0.15658433226842788,0.0003907222492743889,0.005004977482402029,0.0505981395561213,0.025322042148644197,0.2208333046848353,0.0025668852031230996,0.0017389290107620026,-0.0011518840550995835,0.015654623637782417,0.0006649118149653001,0.44143144008457863,0.03609441954686099,0.14751612559780625,0.10396268071990361,0.13999999999999999,0.06182855469179491,0.025467366881677833,PDCD2,1.0,1.0,0.0,0.0,1.0,1.0,1,2,0,0.23858657700463945,0
PET117+ctrl,network,20260613,0.08917719038051361,0.008020675831311608,0.022363490500963368,0.025306327900890407,0.0363978600158118,0.07326462221998081,0.00043174624443050036,-0.00037247093142955823,-0.002425131193779184,0.021485439871299916,6.426463369280013e-05,0.17649970145643182,0.04523101212787184,0.10393106942961206,0.0495716033971371,0.12,0.02885578778321582,0.03518679499595434,PET117,1.0,1.0,0.0,0.0,1.0,1.0,1,2,0,0.23482859540575993,0
PGPEP1+ctrl,network,20260613,-0.05106634139446639,-0.055885603062144185,-0.06106733818159826,0.043530757962585626,0.008922536782251134,0.37759323382928434,0.0004867166280745974,-0.00028951364340656927,0.0004784110048128287,0.013283844319380816,3.9732549339599856e-05,-0.0772615289336318,0.039006484842215916,0.012499339268938425,-0.0540635982737068,-0.060000000000000026,0.056426559183473,0.010071079687366424,PGPEP1,1.0,1.0,0.0,0.0,0.0,0.0,0,1,0,0.19633411725507985,0
PHF5A+ctrl,network,20260613,-0.07510712272620002,-0.06364540681251041,-0.05859817724689809,0.010247386771716105,-0.035780245934379895,-0.01769873929787169,-0.003732671961188299,-0.005193700741358831,-0.009109975564399075,0.005506976994237994,-0.0011658857110888,-0.2983871417985742,0.061489153615102765,-0.10325993068176587,-0.22735183229835232,-0.09999999999999998,-0.008473813525414375,-0.04155725866867488,PHF5A,1.0,1.0,1.0,1.0,1.0,1.0,1,4,1,0.40067550541545843,0
PIAS4+ctrl,network,20260613,0.050063342584347775,0.0038886484730760174,-0.0005957178885998005,0.05440216635658951,0.021305682641618806,0.23942020139829434,0.0009354185312985992,0.001091439475247813,0.0014136285685789618,0.023100924300424902,0.00024890934582799977,0.16074381293401374,0.0263861131434584,0.07882475867860594,0.1224292435330881,0.030000000000000027,0.0765369657892534,0.029180711000948434,PIAS4,1.0,1.0,1.0,1.0,0.0,0.0,0,3,1,0.29473499487295646,0
POLA1+ctrl,network,20260613,0.11931977051081044,0.08051102660111442,0.0782173236017002,0.0036127222641001155,-0.0064940488201540025,0.010909653357948412,0.0022815763950348004,0.0010826294894484834,0.002926189269117585,-0.0186268889428626,0.00028444215422500005,0.07236672494263652,-0.015302922015394627,-0.01617050381795071,0.049933435855734176,0.08000000000000007,0.018525940856811113,-0.01644055367116737,POLA1,1.0,1.0,1.0,1.0,1.0,1.0,1,4,1,0.5191450699456405,1
POLD2+ctrl,network,20260613,0.028555981077668546,-0.007268446390197414,-0.006156349170504505,-0.0007011914078842996,0.004562970428791613,0.06159534189536808,0.0005602613091468985,-4.760299808348467e-05,-0.0004387709455614397,0.0032532559750229895,2.9069371521500036e-05,0.0065061162054174115,0.020544973097765262,0.037401784816009975,0.015103814848093755,-0.009999999999999898,0.004654729727921109,0.005866797730369577,POLD2,1.0,1.0,1.0,1.0,1.0,1.0,1,4,1,0.66582718730439,1
POLE+ctrl,network,20260613,-0.046016218077775894,0.07857498629866244,0.06490817189584186,-0.0079449999711243,-0.008255495725551287,-0.041425177663239166,0.0018565692007542003,0.000250315298261361,0.0011083943483357617,-0.007396006357619694,0.00014094903599469986,0.0032194585602233206,0.012874713001360893,-0.006436147827542982,0.029668568148166763,-0.029999999999999916,-0.019506287313912185,-0.013241501498104102,POLE,1.0,1.0,0.0,1.0,1.0,1.0,1,3,1,0.5168363531937439,1
POLR1E+ctrl,network,20260613,-0.07830867263231589,-0.00904329219811606,-0.0005619527241123023,-0.01949149330131139,0.004486316486471215,-0.02184258689031468,0.0011126361787319981,0.0008378877561300291,0.0009993544239983443,0.009527960999685198,0.0001633465290069,-0.07719220711615293,-0.023729986913597956,0.0016128372165968852,-0.07780543929008488,-0.010000000000000009,-0.010191971492387708,0.014243059699916572,POLR1E,1.0,1.0,1.0,1.0,1.0,1.0,1,4,1,0.38888077882314764,0
POLR2E+ctrl,network,20260613,0.01131289509341904,0.008727652259029828,0.010381370586904026,0.017347770749304603,0.016960762382040917,0.043087436366050114,0.0033821985125542034,0.0034746613562663953,0.005376429072392996,0.009733071045663705,0.0008336703758686998,0.002064910835326117,0.002893919948923185,0.036709987911870745,-0.0021040766281630874,-0.030000000000000027,0.027091985684441988,0.017108745850746954,POLR2E,1.0,1.0,0.0,1.0,1.0,1.0,1,3,1,0.1804290856156837,0
POLR2F+ctrl,network,20260613,0.015613023215054755,0.04173649737516916,0.043485187071215514,0.01922235085478388,0.011765331612409696,-0.04097274080639973,0.006313664838671698,0.004302604110506647,0.005433157681951406,-0.005442812260120389,0.0009886560146696,-0.0016921776141282097,-0.03141513586845235,0.020690842418581434,0.00023037111322599113,0.020000000000000018,0.03465682053084029,0.01264903780206017,POLR2F,1.0,1.0,1.0,1.0,1.0,1.0,1,4,1,0.18886517813918152,0
POLR3B+ctrl,network,20260613,0.016579027391082385,0.03651932230266919,0.04944577181884402,0.0417979543886359,0.020980304818725815,0.3388200146314614,0.0015327949076891015,0.0007239799974370076,0.001997726575909242,0.012710482630093195,0.00018202711362389997,0.0700568477123113,0.012902480188778709,0.028381725571928085,0.0434732069974999,0.020000000000000018,0.05427268614051131,0.021988084339733316,POLR3B,1.0,1.0,0.0,1.0,1.0,1.0,1,3,1,0.9657356094115339,1
POLR3C+ctrl,network,20260613,0.0843552506489767,0.04985640198369318,0.0592093558805675,0.023530549653370397,0.021355144852288788,0.2708373515421455,-0.0006633028388024001,-0.000522833146123225,0.0011348678853948524,0.020656337013748693,-0.00019234087085350004,0.1570994512354404,0.030393073972795892,0.032492433075275384,0.0921113618895887,0.07999999999999999,0.023373723245444095,0.02758475369452662,POLR3C,1.0,1.0,0.0,1.0,1.0,1.0,1,3,1,0.2827661684995906,0
POLR3D+ctrl,network,20260613,-0.12402085725077297,0.022358970647376686,0.01902529652550583,-0.025266467170769108,-0.0049928289471461995,0.0027217520390112604,0.0005664788186550002,0.0004628167666121952,0.0018672451946898372,-0.006909972826757704,0.00010090530849989998,-0.11563263146023411,-0.03566470246603781,-0.03605072145092336,-0.08098187319338818,-0.08999999999999997,-0.026100915253172985,-0.0061565806013974544,POLR3D,1.0,1.0,1.0,1.0,1.0,1.0,1,4,1,0.3583332079272889,0
POLR3F+ctrl,network,20260613,0.08456369542178332,0.043994206441600014,0.06946845034669785,-0.012671090665605483,0.009180434706104496,0.16375504457602974,-0.0006465222686529021,-0.00017248054277962943,0.0009190720687628495,0.012202616265575589,-8.878047810870009e-05,0.09566551326127481,-0.0009922425278168223,0.008763099030133947,0.018767024484065586,0.06,-0.0065048580525182975,0.015350902264559374,POLR3F,1.0,1.0,0.0,1.0,1.0,1.0,1,3,1,0.2654685132272808,0
POP4+ctrl,network,20260613,-0.3724933175271037,-0.030301139558655543,-0.05644551756030092,-0.047323108992049695,-0.027449834740901236,-0.21304998743372783,-0.004993064329028098,-0.002417412438975197,-0.0019324331332976064,-0.009938201734152607,-0.0008076649392024,-0.5305231991050616,-0.026170917523841486,-0.11842669206166889,-0.3696963846818392,-0.38999999999999996,-0.07293787730823609,-0.029609812825888704,POP4,1.0,1.0,0.0,0.0,1.0,1.0,1,2,0,0.2992725434398552,0
PPP1R11+ctrl,network,20260613,0.017943856417588916,0.04171460945899991,0.04513544912172823,0.007493759809907796,0.014906254888874593,0.19052056312709725,0.0006448589265346978,0.0003971461569529655,0.0006092178486611921,0.009419663786702503,8.703686762610006e-05,0.2096512768678893,0.009443752415890017,0.05615164454385668,0.12039334585399522,-0.009999999999999981,0.013947433510998475,0.010580706653832816,PPP1R11,1.0,1.0,0.0,0.0,0.0,0.0,0,1,0,0.3664741797659978,0
PPP4R2+ctrl,network,20260613,0.06166242254014259,0.025870527665899923,0.004347131834574636,0.0202341481967101,0.004026674268060221,0.1202121689160553,0.0027488544583321,-0.0023614743964643914,-0.004167887810130444,0.015567853418910205,-0.00036492524668569996,-0.3529840777644273,0.0856334091003158,0.0197877050972336,0.004667760477207999,0.04000000000000001,0.017018463358291408,0.0015903514208642777,PPP4R2,1.0,1.0,0.0,1.0,1.0,1.0,1,3,1,0.3382547700499941,0
PRELID1+ctrl,network,20260613,0.2662493123442535,0.08465644726409749,0.08845537255509162,0.032081397566184,-0.012903588413148231,-0.021644384585910115,0.0047035496681927975,0.002736993690634737,0.010669509450780268,-0.027644446166773,0.0006972659612075,0.3070565475064013,-0.02420123393714202,0.002548887710675629,0.22515158599806342,0.2,0.043423791568072606,-0.026794975798951404,PRELID1,1.0,1.0,0.0,0.0,0.0,0.0,0,1,0,0.8267778368246455,1
PRPF3+ctrl,network,20260613,-0.16614918291808217,0.04148876167078763,0.013272291544753512,-0.008473503686174999,-0.029114641160789212,0.023370961943968926,-0.010177426040172598,-0.006692508240538575,-0.019467540059636024,0.021934256010435416,-0.0017183888703584998,-0.1271861316171523,-0.024288481378881732,-0.07686401011890276,-0.12477687608268051,-0.13,-0.03341871339004093,-0.024644858360152067,PRPF3,1.0,1.0,0.0,1.0,1.0,1.0,1,3,1,0.2757004471829877,0
PRPF31+ctrl,network,20260613,0.04998888499396004,-0.024716776445816102,-0.018852898624624803,0.023698885024007688,0.030398619523254844,0.10550323248542659,0.002402421087026596,0.0014320849074311859,0.008422392115335575,0.018466829470444174,0.00036959862336520023,-0.0014161409341583164,0.0019619980531101477,0.038756793902366415,0.02045873992082481,0.019999999999999907,0.029719739416187885,0.0366110795254877,PRPF31,1.0,1.0,1.0,1.0,1.0,1.0,1,4,1,0.5558206178966875,1
PRPF4B+ctrl,network,20260613,0.008069874840238384,-0.031118615512831793,0.0012237357665325077,-0.014438439262354191,0.0055829715248177925,0.08501033821047049,6.94487243889999e-05,0.00013624126164824002,0.00027176093887715247,0.005086439933484899,1.516600605100003e-05,0.2287982262076004,0.00023672253679596356,0.0353314143713902,0.1759018928540598,0.020000000000000018,-0.018781495073294102,-0.00199160483231664,PRPF4B,1.0,1.0,0.0,0.0,0.0,0.0,0,1,0,0.31030206121583254,0
PRPF8+ctrl,network,20260613,0.45644592515239757,0.07755364886304106,0.04601207896336934,0.08164043425804993,0.02582072552061493,0.45115136568838443,0.0093420036137104,0.0053006813521420115,0.021848035667200394,0.01443182707652918,0.0013783099129796,0.37623208019158144,0.023228299670279173,0.15251092716332038,0.3951699987909164,0.34,0.14163210012751876,0.037725452315644614,PRPF8,1.0,1.0,0.0,1.0,1.0,1.0,1,3,1,0.33767594403437845,0
PSMA2+ctrl,network,20260613,0.020862763124507577,0.001280321447759858,0.00740918375614491,-0.0069466810251820055,0.0010715951949015756,-0.009415831511897899,0.0003734063357115,0.00039556510568272696,0.001137813636615026,-6.871096814664579e-05,0.00010934262536460007,0.017275841557627514,-0.0023721182287910203,-0.007087210807896982,0.0032635975948577256,0.0,-0.0017230127844889143,0.0021226266950296058,PSMA2,1.0,1.0,0.0,1.0,1.0,1.0,1,3,1,0.8492605232695278,1
PSMA3+ctrl,network,20260613,0.018074361020133267,0.00824399302991774,0.003110264323849088,0.006865058469410018,0.008965880419337102,-0.004857453753520258,0.0021877828985453,0.0017615113429622076,0.003155122974204838,7.979271861019432e-05,0.00047243013978010007,0.016770331280770767,0.007009456845229689,0.02335038281433821,0.02474684207177902,0.040000000000000036,0.012762434599841554,0.01161035338177585,PSMA3,1.0,1.0,0.0,1.0,1.0,1.0,1,3,1,0.8290067011788567,1
PSMA6+ctrl,network,20260613,0.03397535852206024,0.00967157506439642,0.0113618445797935,0.004000790329995202,-0.02979632053575998,-0.00012000331849815193,0.0009009987115859985,0.000617604683036177,0.0029993346873644633,-0.017149109609990387,0.00014940719120199982,0.03185592356810596,-0.0026754421645658333,-0.01131773559894611,0.03800099897695208,-0.010000000000000009,0.009020446520421888,-0.02594478441433945,PSMA6,1.0,1.0,0.0,1.0,1.0,1.0,1,3,1,0.8205586608883654,1
PSMB1+ctrl,network,20260613,-0.03390462821325707,-0.01805928888328656,-0.02494658415589912,-0.006358859937936612,0.005891053028743265,-0.06415907108811653,0.0004909988492727002,6.67948981496469e-05,-0.0009186875887916557,-0.0035998071112630092,3.5646720789299954e-05,-0.04588191253812979,0.0026742930236217655,-0.017237208581773245,-0.05355332085148279,-0.050000000000000044,-0.006782367850033305,0.002759427296029404,PSMB1,1.0,1.0,1.0,1.0,1.0,1.0,1,4,1,0.7438153831621768,1
PSMD1+ctrl,network,20260613,-0.034382011509674126,-0.007042371912352907,-0.00858412360306593,0.017857912686423782,0.012119677072700508,0.13248654528168752,-0.001781713217496799,-0.001387722084130183,-0.0018025904881467936,0.025507644495375098,-0.00031279597897090005,-0.018331749269986153,0.013731535611955947,0.036989988636624616,0.004433696208160143,-0.09000000000000008,0.022277907934635632,0.007759480777207561,PSMD1,1.0,1.0,0.0,1.0,1.0,1.0,1,3,1,0.6933988680136911,1
PSMD4+ctrl,network,20260613,0.0739815262294487,-0.018398245471931696,0.004779971762608248,0.0628194522395602,0.041964586639137796,0.2700442495038735,0.0048933867365122015,0.0016840935080055797,0.0024637884505513963,0.03430674952927232,0.0006961604813114002,0.26748304167992654,0.07150324757330695,0.14538857610015576,0.18240135490804021,-0.030000000000000027,0.08726995695356948,0.06719347483766114,PSMD4,1.0,1.0,1.0,1.0,1.0,1.0,1,4,1,0.20336773302060204,0
PSMD7+ctrl,network,20260613,0.01778956274246224,0.029825710145906403,0.018889565558685262,0.021367324155063788,0.016389105723899955,0.00421883751092067,0.0043804496526718,0.005076739030473121,0.012027240765444147,0.0025333299569865186,0.0011268248781562003,0.05121826680652308,0.007951083905494705,0.04795380288598927,0.07304029223536468,-0.029999999999999916,0.03851767316502569,0.017952420028106264,PSMD7,1.0,1.0,0.0,1.0,1.0,1.0,1,3,1,0.8143376286557976,1
PTCD1+ctrl,network,20260613,-0.01691516617763561,0.015439383648194638,0.019421933767950428,-0.033273807683007806,-0.011940856433010294,-0.1151142522212984,-0.0007511600852012999,-0.00012623258316601937,0.0006994195235998646,-0.019631111225652115,-2.071721246469998e-05,-0.05801577739932262,-0.033387986198959,-0.04372725639303654,-0.08767715112729452,-0.07,-0.030732902711059606,-0.024701181431214025,PTCD1,1.0,1.0,0.0,0.0,0.0,0.0,0,1,0,0.517333544115189,1
PUF60+ctrl,network,20260613,-0.018592904137118282,0.03660875946523379,0.02156111218276019,-0.03308674849004789,-0.0065970028618935195,-0.23236694918418388,0.002947349101305001,0.0024875081716851932,0.008647880651783235,-0.010446407214454806,0.0005737259052694,0.009410572757017621,-0.02041464698353701,-0.04622173811535457,0.0462438597755552,-0.03999999999999998,-0.025690176490245076,-0.008897316715893,PUF60,1.0,1.0,1.0,1.0,1.0,1.0,1,4,1,0.6359689975822066,1
PWP2+ctrl,network,20260613,-0.13089730523704862,-0.004773837518503687,-0.006100396238247874,-0.0222516245275865,-0.01833324887615312,-0.25907551135707474,-0.0005175564438104976,-0.00022241238380016348,0.0018284233445760023,-0.012563248108005493,-0.00024302327074109988,-0.06313949256420076,-0.01744551881322076,-0.05816412135389648,0.03398275483416918,-0.13,-0.049283373527523155,-0.01679845027853788,PWP2,1.0,1.0,0.0,0.0,0.0,0.0,0,1,0,0.6465936972327302,1
QARS+ctrl,network,20260613,0.4896957738443829,0.128770845548963,0.08776703578956024,0.030500431820777607,0.059579866883132104,0.06832497779198365,0.0094581358134747,0.009582949043966282,0.012371469230858745,0.022960892915455194,0.0025198019575328,0.38254910746083315,0.016038493849418578,0.14782582509425624,0.23650364370503696,0.32,0.06373266945359618,0.057286925830501434,QARS,1.0,0.0,1.0,0.0,0.0,0.0,0,1,0,1.0000000000000007,1
RARS2+ctrl,network,20260613,0.0332251215746151,0.05097568072380976,0.05295814332210669,0.002200362616113005,0.008076822060691408,-0.037403012062139696,0.001139074563980099,0.0007260654835765656,0.0006897206676054202,-0.004879728798211996,0.0001801804464776,0.06930818884996182,-0.00793251885389723,0.009336481725671364,0.035557572858201436,0.0,0.0037397432638393013,0.00901079091601098,RARS2,1.0,1.0,0.0,0.0,0.0,0.0,0,1,0,0.771055439042763,1
RBM19+ctrl,network,20260613,0.4946370684673952,0.052053015626602805,0.0671103396556828,0.0343194413767306,-0.008795644378180922,-0.11591357202765196,0.0056842528283596,0.005080779336483432,0.004876388531005804,-0.0173935327494274,0.0014313780702650998,0.48794095880683236,-0.014954010943113105,0.08816302540895493,0.20912766741665606,0.45999999999999996,0.05467488509274382,-0.016853070657133262,RBM19,1.0,1.0,1.0,0.0,0.0,0.0,0,2,0,0.48949427347992597,1
RBM28+ctrl,network,20260613,-0.2407018945431273,-0.025315298038949996,-0.00802982526209034,0.0034794089360241087,0.0015372976126890037,-0.06126659232818554,-0.0023208856582641983,-0.0016023000130429566,-0.0031566496147963363,0.0031248738162160117,-0.00043832440860560023,-0.19649757195273054,-0.01773571127825979,-0.012650926497588366,-0.12111670278142356,-0.10999999999999993,-0.008434869056385297,0.004259809091336386,RBM28,1.0,1.0,0.0,0.0,1.0,1.0,1,2,0,0.481086671977071,1
RBM39+ctrl,network,20260613,-0.010569493547349013,0.03994699713406341,0.027319589159481517,-0.023974577812768516,-0.0002075368081314033,0.15972335072993737,0.0022052116692065984,0.0014127272271887703,0.007416171034248742,-0.0019877479998522962,0.0003989839460701002,-0.04888428344626161,-0.012645756177490197,-0.047706454477730476,-0.006877284892472912,0.0,-0.030512646312792824,-0.0018949807016463982,RBM39,1.0,1.0,1.0,1.0,1.0,1.0,1,4,1,0.7466329603288437,1
RBM42+ctrl,network,20260613,0.032255073104095894,0.03557954204210531,0.030623719116495612,0.028138210663008978,-0.005629574657524505,0.02486648191813623,-0.00014591030776500008,-0.0011989419497774323,-0.0038328854013155444,0.0027882830414149296,-0.00018472550436850026,-0.02532482100865313,0.04562472037567733,0.0025097480896439928,-0.0053680070198676155,0.020000000000000018,0.0202112673582569,-0.0005170158188153584,RBM42,1.0,1.0,0.0,1.0,1.0,1.0,1,3,1,0.3324806375880308,0
RBX1+ctrl,network,20260613,-0.0812917050534803,0.03207758794376281,0.0389644324058786,-0.03459689081441253,-0.02902772424556488,-0.1681035815509867,-0.0018530078232288014,-0.00052863863835928,-0.00022425300951778304,-0.024614810978261986,-0.0002387596759944998,-0.1252090958996882,-0.03350717498692346,-0.09051620948466421,-0.06455686804936772,0.0,-0.05799523818549218,-0.03437823297789078,RBX1,1.0,1.0,0.0,1.0,1.0,1.0,1,3,1,0.24542061255063657,0
RCC1+ctrl,network,20260613,0.020929989944828004,0.006975153223322428,-0.011326899671694202,-0.033529803568962485,-0.018078704837304505,-0.1883705953106321,0.0008390489965676984,0.0003102356082551605,0.0016311002327021873,-0.01983734595828579,9.367492748430005e-05,0.09281690389130648,-0.0009263065778389867,-0.051854046921397834,0.0006078673800229972,0.020000000000000018,-0.0571821634500157,-0.022086377427403714,RCC1,1.0,1.0,1.0,1.0,1.0,1.0,1,4,1,0.200743500985735,0
RFC3+ctrl,network,20260613,0.08516519471410688,0.00960389346212176,0.015036959340846145,-0.01638528151491178,-0.004557878267251486,-0.09490164015951963,3.632809966799995e-05,0.0002854027029232098,0.0006560036415261816,-0.009081359676922612,4.063299275009998e-05,0.03629044437092621,-0.017881804844812277,-0.02854713119130836,0.026680210567912366,0.04999999999999993,-0.028061667927072487,-0.01034299629409896,RFC3,1.0,1.0,1.0,1.0,1.0,1.0,1,4,1,0.6893661429844953,1
RFC4+ctrl,network,20260613,-0.11825083482682902,-0.0017294383788410972,-0.0052319319702976985,-0.0346950568479569,-0.00889480766197609,-0.13756958257517238,-0.0013720262795687,-0.0006854584944642195,-0.0014602376495502778,-0.006671985028534805,-0.00019477942259980006,-0.07654419155959047,-0.007739775742970245,-0.03560456416798485,-0.052322617442858876,-0.10000000000000003,-0.0329038065901166,-0.010248778476002918,RFC4,1.0,1.0,0.0,1.0,1.0,1.0,1,3,1,0.8209484857571958,1
RIOK1+ctrl,network,20260613,0.22839354236020382,0.0032291507163252353,-0.007651407558902812,0.0023716889111343176,-0.019020368174165303,-0.11074333853380391,-0.0010502822697162004,0.0009074179311867603,-0.0009596085260087373,-0.0074551612428244984,8.81591113285e-05,0.07496446187227945,-0.011156120035444417,-0.04338236988490218,-0.06456350941451916,0.18999999999999995,-0.005339027699657495,-0.032661111136402354,RIOK1,1.0,1.0,0.0,1.0,0.0,0.0,0,2,0,0.6476035985716702,1
RNF40+ctrl,network,20260613,0.011769211936906387,-0.030864821040236468,-0.017622078367425242,0.04206601010695929,0.0167956489015951,0.14767951837194948,0.003916708752512901,0.0007659462892322111,0.0013423378136934172,0.01514038727758571,0.0003477711579762999,0.009270712755099497,0.05176823777868644,0.022278126443048052,-0.01677269932771308,0.0,0.05678087841880558,0.040881512773016215,RNF40,1.0,1.0,1.0,1.0,1.0,1.0,1,4,1,0.941805307384212,1
RNGTT+ctrl,network,20260613,0.0539994005069207,0.024630722603192323,0.02604136480328023,0.006996770335550517,0.005417243405205691,-0.038522446203536204,0.0028997138142585997,0.001423123602864007,0.0032101636164065805,-0.012284874171059695,0.000441258889623,0.05647992676955965,0.01751754144408657,0.0018429211189812111,0.012685924402793924,0.04999999999999999,0.01836594124791549,-0.0030712693238654776,RNGTT,1.0,1.0,0.0,0.0,0.0,0.0,0,1,0,0.2391798373654894,0
RNMT+ctrl,network,20260613,-0.2047283564314755,0.028885946620549663,0.03371006816550237,0.003434494716987202,-0.010024344657190487,-0.08244585125776432,0.0097828190773726,0.008372715999117597,0.021958789766099995,-0.03299277749987159,0.0019033674616366998,-0.3548011904725561,-0.015213444444332702,-0.2635742007472135,-0.11812743035596229,-0.21999999999999997,0.036524082534246605,-0.006897615265926471,RNMT,1.0,1.0,0.0,1.0,0.0,0.0,0,2,0,0.303087075004319,0
RPF1+ctrl,network,20260613,0.11866411223368539,-0.009635475991378095,-0.004748889713434845,-0.02759515891471409,-0.03307505622344242,0.32149054656385884,-0.0167133118957281,-0.016520823808554796,-0.029416083768643242,0.01771679575471069,-0.0041010139975697,0.2515143089892336,0.0015871503923386987,0.12893480697578874,0.12899769784571852,0.08000000000000002,-0.05553948970822703,-0.027579201577640933,RPF1,1.0,1.0,1.0,1.0,0.0,0.0,0,3,1,0.3256615676601911,0
RPL10+ctrl,network,20260613,-0.29104061936345244,-0.2481541298606198,-0.20790708181408035,-0.0708757407123447,-0.0543690431115868,-0.4204124921618226,-0.011674759909510602,-0.0057010105805087585,-0.011535395861002606,-0.0173248647691579,-0.0018874885281548002,-0.23509175658283943,-0.06314769245470186,-0.1405475015947507,-0.24813128607780954,-0.19000000000000006,-0.11082632080950966,-0.0506691209674085,RPL10,1.0,0.0,1.0,1.0,1.0,1.0,1,3,1,0.6414682591282669,1
RPL10A+ctrl,network,20260613,0.20915926054889578,0.07423328231791937,0.06673726819753045,-0.017739103522837113,0.014742570694760287,-0.22282670340581462,0.009243194013834,0.0060034971146814,0.014400479161125967,-0.0175462534622004,0.0014773508301004,0.16160012379967226,-0.026401499767131797,-0.04606309247050688,0.18856885516456268,0.1499999999999999,-0.001910010706882903,0.009189640802020227,RPL10A,1.0,1.0,0.0,1.0,1.0,1.0,1,3,1,0.47263705761987823,1
RPL11+ctrl,network,20260613,-0.5368295087584887,-0.26859853146506885,-0.29793460530229376,-0.03313898283049341,-0.0725037838345923,-0.030122389758905604,-0.022829651832580504,-0.014820982806284966,-0.03211410243656421,-0.0005459348787101026,-0.0037527023814617998,-0.4230461014950708,-0.014803313294535214,-0.024634311293499134,-0.4455992312319692,-0.42000000000000004,-0.10795753400361702,-0.08669060295453718,RPL11,1.0,1.0,1.0,1.0,1.0,1.0,1,4,1,0.2815817502243316,0
RPL13+ctrl,network,20260613,0.09129893716946491,0.005844025865701985,0.004056527928647191,0.018996069710382424,0.015687297461312005,0.05907513912275225,0.0060015674680471,0.0019953876679793536,0.002718818748818186,-0.004606843274430422,0.0006254359614104,0.03666750750555092,0.018125282317871694,0.030810958876397065,0.035622924225771735,0.08999999999999997,0.03972090014113849,0.017686359212917946,RPL13,1.0,1.0,1.0,1.0,1.0,1.0,1,4,1,0.30100383330480673,0
RPL18+ctrl,network,20260613,-0.025252739787523848,-0.0045603890905326905,-0.006500880212630289,-0.02950933499873748,-0.023938394316633194,-0.007805305339423807,-0.005927974358200999,-0.003637872077052018,-0.006054824570730366,0.0061009732512735115,-0.0010234961519017998,-0.01545901833950225,-0.012110101353693947,-0.05841177481970017,-0.013000639864337638,-0.029999999999999916,-0.046689638493283836,-0.01786817969632437,RPL18,1.0,1.0,0.0,1.0,1.0,1.0,1,3,1,0.4707930323896838,1
RPL35A+ctrl,network,20260613,0.0070104890708564405,-0.007857218585650472,-0.0037578052505558013,-0.03976281280161992,-0.011101094559551494,-0.046033582134583195,-0.0005264654755593005,-0.0005822558572999847,0.0003399522856063486,-0.01972381666581799,-3.697036299849985e-05,0.01861070006351162,-0.01460165276968528,-0.06450960570760189,0.008253387402135437,0.020000000000000018,-0.03667530092465121,-0.019596948561288685,RPL35A,1.0,0.0,0.0,1.0,1.0,1.0,1,2,0,0.20305529728283908,0
RPL8+ctrl,network,20260613,-0.011773962667377846,0.005153539641353677,0.0028576045787545024,-0.001759379641369907,0.001956244249512698,-0.019505579634585657,-0.00028956122696400036,-5.3428071587813264e-05,-0.0001869611114874159,9.331631825079678e-05,-1.694375532679997e-05,-0.00011475509728520183,0.007858412244833635,-0.0011721618614704,0.00012678002652810605,-0.039999999999999925,-0.007269798207433398,0.0006286864010652815,RPL8,1.0,1.0,0.0,1.0,1.0,1.0,1,3,1,0.6412681070638131,1
RPL9+ctrl,network,20260613,-0.026562043075410546,-0.0028248443159909487,-0.006598433947986981,-0.01328508789907229,-0.008690822988755703,0.0182098246807888,-0.004310049116611498,-0.0012302295673266572,-0.002450854946034031,0.003289657707841981,-0.000429505656939,-0.009951482849868798,-0.015283640548176769,-0.014517099227365327,-0.018588815495552802,-0.040000000000000036,-0.01723105112997181,-0.005039277315908031,RPL9,1.0,1.0,1.0,1.0,1.0,1.0,1,4,1,0.24689277560090636,0
RPP14+ctrl,network,20260613,-0.0345437201273151,-0.015230696000513189,-0.02022478738708533,-0.030155178299944796,-0.00899999743473201,-0.13488547870307133,-0.0015187393873930012,-0.0006197647403283213,-0.0008782543788684594,-0.0037625144759949047,-0.0002574418904259998,-0.019130600397727515,-0.0034721076501172954,-0.03709372207128081,-0.033551816350072594,0.0,-0.047786915666381546,-0.008408311610531793,RPP14,1.0,1.0,0.0,0.0,1.0,1.0,1,2,0,0.485861933568664,1
RPS14+ctrl,network,20260613,0.23138753804031242,0.026831176767847853,0.031605175431042354,0.019779474672510677,0.024885918215584613,0.031078740165472407,0.006179464980959899,0.004030944293755057,0.005222169016444234,0.015934192522441493,0.0009911262895912,0.09473585315356214,0.03701971123326542,0.05940629442093992,0.07009955531934697,0.15000000000000002,0.03756021901006751,0.02003601655814702,RPS14,1.0,1.0,1.0,1.0,1.0,1.0,1,4,1,0.41208764703172934,1
RPS19+ctrl,network,20260613,0.4353748396763693,0.08531373361903816,0.09457539335935172,0.03171072155473409,0.04792730417050829,0.017784141323801073,0.0114275757223368,0.006740257924769177,0.009257378002961558,0.02534879309003979,0.001767804264091,0.1982232951022198,0.03145603964849564,0.09833447978884602,0.18256842606350032,0.33,0.0681582619985327,0.04770764780194858,RPS19,1.0,1.0,1.0,1.0,1.0,1.0,1,4,1,0.2063862569414467,0
RPS21+ctrl,network,20260613,-0.023012557407250833,-0.022378764348160884,-0.024941370092804616,-0.031898842090354707,-0.011880984400481076,-0.10836110425175466,-0.000869380310177803,-0.0016937570646263778,-0.0003890548955807205,-0.0022006868712753924,-0.0003982027992605998,-0.0254895314816056,-0.0045195082673159526,-0.010900140284599402,-0.0023765953910638293,0.030000000000000027,-0.037290398556149934,-0.013404395037633687,RPS21,1.0,1.0,0.0,1.0,1.0,1.0,1,3,1,0.19331825649390655,0
RPS23+ctrl,network,20260613,0.19635100448830978,0.016646881343850506,0.016038419492466982,0.01730449374145987,0.0239975527576215,-0.06134822291779085,0.006068704649805998,0.0035924811242593613,0.004624787704991418,0.004798225640376685,0.0010397424921394,0.08006889442251797,0.02444365342227528,0.0694988698708664,0.07565868010016297,0.20999999999999996,0.046331395115140894,0.010016504879311827,RPS23,1.0,1.0,1.0,1.0,1.0,1.0,1,4,1,0.27669441227368036,0
RPS26+ctrl,network,20260613,0.17156714264171025,-0.011195530966466638,-0.001387686582128178,0.039521090352171384,0.01642662479216961,0.06380239337012439,0.0037994571030140027,0.0016334134106044118,0.002097124691884944,0.01575596796461351,0.0005478066159412,0.04188512352882934,0.022010178292566462,0.07878343979497382,0.043375207118819925,0.13,0.04757169724319632,0.021418678075641018,RPS26,1.0,1.0,0.0,1.0,1.0,1.0,1,3,1,0.40876770544792485,0
RPS5+ctrl,network,20260613,0.0629306358431787,-0.005297454128597834,-0.0026718241467877935,-0.010995099448526197,0.014527424513089277,0.08051418005672872,0.0018524639308452016,0.00043796200713441813,0.0004363387130081886,0.009746696889917084,0.0002127193147317,0.021474943824489223,0.018380683737941772,0.016722256657807577,0.008361915809963816,0.05999999999999994,-0.004351438834091725,0.0036817216408132625,RPS5,1.0,1.0,0.0,1.0,1.0,1.0,1,3,1,0.7047560626934194,1
RPS6+ctrl,network,20260613,-0.01411345235323258,-0.018444981481120504,-0.028157114715177123,-0.0369356883647739,-0.0146256926427685,-0.2646659951497034,-0.0007265713065861996,0.00013671247562041522,0.0008467506087580512,-0.016786262017331494,-4.440150223670005e-05,0.004278556214780571,-0.03201860062059814,-0.052070801253821686,0.011672660914906485,-0.010000000000000009,-0.06913266920252148,-0.019983570516690863,RPS6,1.0,1.0,1.0,1.0,1.0,1.0,1,4,1,0.22261362277080676,0
RRN3+ctrl,network,20260613,-0.034524908287743405,-0.05929251547650105,-0.09237412782040932,0.06861932281137001,0.027764262331212375,0.6483096759802318,0.0014134310185908994,-0.0017324339922819565,-0.0013342798254140087,0.026780386943075024,-2.4974346160899948e-05,-0.1035601242477332,0.07399921869787318,0.07903096300500478,-0.05243523544137213,-0.08000000000000002,0.12567164238961942,0.031088720988752483,RRN3,1.0,1.0,1.0,1.0,1.0,1.0,1,4,1,0.3987369819232302,0
RRP7A+ctrl,network,20260613,0.2604546543477792,-0.013894498851899417,-0.015455777227482148,0.04843757577119617,0.00967537030117599,0.05940420387951262,0.002976585179567299,0.0019843519667755993,0.0015750616541092555,0.004244767279143691,0.0006752568297088001,0.119035290709538,0.02246178169735824,0.08109119239962659,0.04700010641753499,0.23999999999999994,0.05660054506117035,0.0061960181027576056,RRP7A,1.0,1.0,0.0,0.0,0.0,0.0,0,1,0,0.46232637556318545,1
SAP18+ctrl,network,20260613,-0.06307283600519278,0.0014971563290177015,0.0003253113825739673,0.00394346976688309,0.011816555292264885,0.24865919909158252,0.001260779798030895,0.0008467160319651779,-0.0014269594480718073,0.004841398518609208,0.0004735449329018003,0.2339740036670143,0.015936498706214386,0.06275107934254487,0.0705668071634031,-0.04999999999999999,0.024258577020828176,0.006680147731198627,SAP18,1.0,1.0,0.0,1.0,1.0,1.0,1,3,1,0.26969579863930426,0
SART3+ctrl,network,20260613,-0.2895539936417342,-0.14899388191878793,-0.13539731971457647,-0.0745939617414843,-0.03451425870352251,-0.06945901865546777,-0.0162241924554109,-0.01272583354172796,-0.02576457683858302,0.0011875345678677984,-0.0033798968652264004,-0.23989969760949498,5.894569447995046e-06,-0.0058864722646373435,-0.15173441618137656,-0.25,-0.11843777225219321,-0.04515925919113417,SART3,1.0,1.0,1.0,0.0,1.0,1.0,1,3,1,0.6013617084568506,1
SCAF1+ctrl,network,20260613,0.04803053492654191,0.13781114920588255,0.11060041745871785,0.060736812708664684,0.02410541089465651,0.5305563854695751,0.004544030874967599,0.001321837882084731,0.00607361889754876,0.021486829817180808,0.0004979108925908999,0.33012734538400823,0.05175046504956282,0.0794848911715259,0.2713419840110652,0.04000000000000001,0.10296305578225073,0.023645479709370032,SCAF1,1.0,1.0,1.0,0.0,0.0,0.0,0,2,0,0.269109781969321,0
SCFD1+ctrl,network,20260613,0.002130960137093907,-0.007942006579610195,-0.008402687959841781,-0.01315474753575091,0.0021039903079024813,0.025309528127232306,-0.0015737600624560998,-0.0014566230158199467,-0.0014306963146275553,0.008247336504270397,-0.0003278949880041001,0.015324064717724517,0.01800223076351759,0.060418080930683016,0.024045684194404393,0.010000000000000009,-0.016183064123731078,0.00019522325861820455,SCFD1,1.0,1.0,0.0,0.0,0.0,0.0,0,1,0,0.2138316415513398,0
SDC1+ctrl,network,20260613,-0.004986550248891997,-0.009063615818159287,-0.005650361152339967,-0.005136716624764892,-0.009738285925058099,-0.14117082104017808,0.0006317067891358982,0.0007338395883875748,0.0007206123168246314,-0.0238561625654152,0.00018606311641629998,0.0857883878956868,-0.02550303540375165,-0.05093678339090002,-0.008156897750471695,-0.03999999999999998,-0.0024372804141621074,-0.021589377382894015,SDC1,1.0,1.0,0.0,0.0,1.0,0.0,1,2,0,0.15192865317328375,0
SEC13+ctrl,network,20260613,-0.039884515829803124,-0.07991297675171283,-0.09064430866517914,-0.012733988564249704,-0.0013779348755272869,-0.03353313991622625,-0.00012771598994729821,-0.00010711967538257205,-0.0016787706034103733,-0.00013985217016102003,-3.272551111870004e-05,0.019406252482157327,-0.02415065861668897,-0.019811179530170975,0.018231107893332876,-0.030000000000000027,-0.018784910791133314,-0.0016036496702662717,SEC13,1.0,1.0,0.0,1.0,1.0,1.0,1,3,1,0.41469896924458305,1
SF3A2+ctrl,network,20260613,-0.008807681558920033,0.0001333093693205445,0.002745413474319114,0.007772440779821005,-0.023967990884003282,0.019811831568077087,-0.004390198737382896,-0.0024221978325729143,-0.008196591376731344,-0.003939743408908791,-0.0006896177073940999,-0.004021175141820654,-0.003343087551124113,0.002539697155486742,-0.0011146055825163037,-0.030000000000000027,-0.007192866166311596,-0.024406397525905343,SF3A2,1.0,1.0,0.0,1.0,1.0,1.0,1,3,1,0.36016715960139584,0
SF3B2+ctrl,network,20260613,0.06937517055891007,-0.0021209027984862017,-0.0031385089135257394,0.03891154785929152,0.03927942663933598,0.10412155272336998,0.0116610787808895,0.01021254072396427,0.026973484221847754,0.012446166705702089,0.0026128634344786,0.03427415780348564,0.04279327809324718,0.06291149908880833,0.05113732258929171,0.07000000000000006,0.08401007437298169,0.04642854488273729,SF3B2,1.0,1.0,0.0,1.0,1.0,1.0,1,3,1,0.31822583169843616,0
SF3B3+ctrl,network,20260613,0.5155236732430909,0.1716533441484348,0.11346935871662922,0.0844419434074343,0.0594602001399023,0.31440979497727206,0.0189447272568941,0.01435987528400473,0.04598491868568422,0.0114251031258161,0.0036235655425116003,0.4869172057806896,0.04505040143588812,0.21012615231947562,0.5401566526562471,0.35000000000000003,0.16921322152445434,0.06302491143884403,SF3B3,1.0,1.0,0.0,1.0,1.0,1.0,1,3,1,0.9999999999999996,1
SFPQ+ctrl,network,20260613,0.08089804703465192,0.1444742297992122,0.18308410597777663,-0.054161501747657215,0.005286686138146812,-0.28991287854807724,0.0016397126019001007,0.004084995216947607,0.017724956463579966,-0.007562134476506804,0.0010129725560546008,0.13245908564067843,0.0006036463902315825,-0.004070030002285563,0.14533218380426333,0.09999999999999998,-0.08509090174930356,0.0018763274370520167,SFPQ,1.0,1.0,1.0,1.0,1.0,1.0,1,4,1,0.5496692192875822,1
SFSWAP+ctrl,network,20260613,-0.05900062219966498,-0.01730174800594564,-0.011023951880626104,0.0009470322797732189,0.007719179695488798,0.001568238710041192,0.0001194532960653999,-0.00017169649685466748,0.0011890024315883707,0.006153226817754709,-5.914282519370014e-05,0.14746981513042548,0.0027520889492702594,0.02487120039992885,0.07990710085126151,-0.07999999999999996,-0.00042673769186341026,0.004388920929853435,SFSWAP,1.0,1.0,0.0,1.0,1.0,1.0,1,3,1,0.3659372464690601,0
SIN3A+ctrl,network,20260613,-0.028677798732307108,-0.020562693919669195,-0.03150439474406502,0.012540144042899104,0.006079076010807399,-0.14476823241512463,0.0095507018268109,0.005853504814399724,0.017106230988249038,-0.024057601170006687,0.0014683121116831998,-0.03366403117352132,-0.025840519828550512,-0.04573614095181533,0.004571122745704495,-0.04999999999999999,0.03624441716206539,-0.002692749977741271,SIN3A,1.0,1.0,1.0,1.0,1.0,1.0,1,4,1,0.25354281791386835,0
SLU7+ctrl,network,20260613,0.23235688604147953,0.14220240594727807,0.09054581758572822,-0.009736842762339382,0.05206638752874748,0.05214909197503714,0.013624988496303496,0.014019401957426014,0.027486509323460417,0.002604354783437207,0.0034340261481702996,0.30371285432657363,-0.008389662223797223,0.14802667106488,0.28311589048894537,0.16999999999999998,0.006314011021114396,0.047354390661547674,SLU7,1.0,1.0,0.0,1.0,1.0,1.0,1,3,1,0.38871378318914046,0
SMC4+ctrl,network,20260613,0.10858167765531301,-0.04644532061354101,-0.0395091113119298,0.015400401874253178,0.011982284942261612,0.03315377428105071,0.0010532494634390016,-8.799744678622545e-05,-0.000312941772525166,0.017353396190731812,2.5303685106400063e-05,0.039928497221611514,0.039324034312060996,0.06832701290532583,0.03822489621829872,0.08000000000000002,0.020532004335810705,0.018964297529070473,SMC4,1.0,1.0,0.0,1.0,1.0,1.0,1,3,1,0.8460675681672183,1
SMG5+ctrl,network,20260613,0.020203304234341607,-0.0824682368470257,-0.06214825679617417,-0.023466067700806392,0.0014571388047954215,0.08986838721807144,-0.004745027050375904,-0.0035771539405503594,-0.009587984086447787,0.019434990587739287,-0.0011083297431468998,-0.12209848484049801,-0.036610657469263175,0.008638697991436906,-0.01482165269788241,0.01999999999999999,-0.04212927839590069,0.02485585380256128,SMG5,1.0,1.0,0.0,0.0,1.0,0.0,1,2,0,0.2561412517892711,0
SNAPC3+ctrl,network,20260613,-0.12252901930634708,-0.07253421312841313,-0.08884295345474025,-0.010347593964498691,-0.006968403666279377,-0.06489151186297698,-0.0014579407870769015,-0.000605582948349559,-0.0015486595820205507,-0.0038568280697998114,-0.00017176620895049998,-0.20225044155010974,-0.01864416541015923,-0.02754595816353156,-0.11270006520496342,-0.05999999999999997,-0.020199738146451707,-0.011950341549818999,SNAPC3,1.0,1.0,0.0,0.0,1.0,1.0,1,2,0,0.22341894852785749,0
SNRNP200+ctrl,network,20260613,0.29073849016534975,0.09563316332929284,0.052424944603702395,0.0830235027853462,0.07785025388769201,0.38861173313041586,0.013471309095621099,0.010147546135249264,0.04062624431304951,0.03912168941594413,0.0025810687802732,0.34951356774764,0.04972320482337045,0.17467497370349416,0.43218906058604134,0.18,0.1564325768576897,0.06728772602092437,SNRNP200,1.0,1.0,0.0,1.0,1.0,1.0,1,3,1,0.40187792133100547,0
SNRNP27+ctrl,network,20260613,0.01843172744749469,-0.07066233801996927,-0.03812165914797158,-0.0006231228486152096,-0.015640514573614372,0.1682315052309633,-0.006700292229652495,-0.0035991069524063946,-0.005845439446488188,0.002153352075021292,-0.0012481629382819002,0.032000852388707396,-0.025259389813201638,0.0205499348024466,0.0008596571795875946,0.04999999999999999,-0.012979880330279803,-0.014085619974506969,SNRNP27,1.0,1.0,0.0,1.0,0.0,0.0,0,2,0,0.37565656213214427,0
SNRNP48+ctrl,network,20260613,0.048620292524283626,0.01526713041644956,0.014497825705860445,0.004327562882205621,0.0038456550237621068,0.01720696397540733,0.0007229149341582974,0.00040545031042260593,0.0010308474886341346,-0.004050901742090801,9.073573164649989e-05,0.04806752841557327,0.004368596953149839,0.0005250195992013706,0.03758312218318777,0.030000000000000027,0.006451206812253807,-0.0005226829373933262,SNRNP48,1.0,1.0,0.0,0.0,1.0,1.0,1,2,0,0.2656074809201809,0
SNRPD1+ctrl,network,20260613,0.060444063770716316,-0.015195448287132707,-0.009756430397593663,0.03691537446593279,0.023854577138603894,0.1343004946762706,0.00011417269706730238,0.00013071225686756005,0.0012043501698305592,0.02047253334537988,3.160093910999995e-05,-0.018773589337912844,-0.0012393253198482723,0.046496253348088934,-0.01957271134571592,0.05999999999999994,0.048446712623197496,0.02839637770346115,SNRPD1,1.0,1.0,0.0,1.0,1.0,1.0,1,3,1,0.5156500616603079,1
SNRPE+ctrl,network,20260613,0.008614405636795941,-0.007896141981693527,-0.005267057763200356,-0.002577650954223687,0.004088900996059797,-0.04468569598170086,-0.0004040524363518004,-0.00016632545528283416,-0.0007256422370256477,-0.0037371105145398986,-4.417193122210005e-05,-0.0019366272624512515,-0.005520686161996857,0.006541903102610491,-0.004213139325821347,0.010000000000000009,-0.0021228772416678754,0.010748146109266665,SNRPE,1.0,1.0,0.0,1.0,1.0,1.0,1,3,1,0.5700105396635738,1
SNRPG+ctrl,network,20260613,-0.01765433468220956,-0.018193234457221985,-0.016074416711288952,-0.0021139204257903943,-0.022486824217895385,-0.0365965514526268,-0.005590388551354401,-0.0032712601609772296,-0.0069629883266867365,-0.001546523214196599,-0.0009641929063946,-0.021849068189327525,-0.02920721270070148,-0.016506476755444366,-0.024980649796690346,0.0,-0.013654234746030974,-0.02984890735885115,SNRPG,1.0,1.0,0.0,1.0,1.0,1.0,1,3,1,0.645857989942773,1
SON+ctrl,network,20260613,0.116601879777892,0.07176176933768452,0.0668202134538739,-0.03440674753584949,0.023345470903427923,-0.26810684255967376,0.0033938996493817,0.0053893198969935385,0.008590185223813607,0.005056848495958999,0.0011165500618517,0.2906103690105144,-0.014312763577602916,0.006376018354941115,0.2336614918480676,0.12999999999999998,-0.046638923551173384,0.024348404316143157,SON,1.0,1.0,0.0,1.0,0.0,0.0,0,2,0,0.409644360875869,1
SPC25+ctrl,network,20260613,0.2831546291628651,0.04079094027631114,0.029875424741308443,0.03847856821149437,0.05889713680505082,0.3734406424420962,0.006107073277235003,0.0055629240393858526,0.014473732610949419,0.030814906335022596,0.0014455597847699998,0.20725220936519073,-0.002836616172481876,0.10396653602165307,0.2285390518674113,0.2,0.07794254007397516,0.05705041467082428,SPC25,1.0,1.0,0.0,1.0,1.0,1.0,1,3,1,0.356294670424564,0
SPCS3+ctrl,network,20260613,0.018569828233566607,0.022979851460804,0.05310210743119087,0.0323654098052199,0.019233358246948606,0.31737393773019584,-0.002597337588667901,-0.001254672763615794,-0.003081271803546781,0.03075051468690368,-0.0003058188012800999,0.12249059623428074,0.037919994983765526,0.07409377499703973,0.03375653376435839,0.03,0.0251834105126873,0.03596282925303318,SPCS3,1.0,1.0,0.0,0.0,0.0,0.0,0,1,0,0.2417228495302478,0
SRBD1+ctrl,network,20260613,-0.02965795321874759,-0.02157833594126657,-0.025837151277236403,-0.0618883931175582,0.017565321459665828,-0.3586946691992924,0.004782576113939299,0.006930139159817883,0.0060001416481496594,-0.004802458513557817,0.0017197767738253,-0.12859569384415823,-0.06781864785565994,-0.06313033420422798,-0.11757602352232088,-0.03999999999999998,-0.07133257777304552,0.009372595263264838,SRBD1,1.0,1.0,0.0,0.0,0.0,0.0,0,1,0,0.5756183016076782,1
SRFBP1+ctrl,network,20260613,0.08646280985128763,-0.0032090614525870365,0.003404733125395576,0.008761113455657388,0.007427776615741677,-0.04250925022198182,0.0023672301322222,0.0014178335462923242,0.00014687129300283708,0.0062688338319669135,0.0005075021181256,0.19290325157251914,0.0363884507187906,0.0648795446836643,0.03934906449771769,0.07,0.020290167659965663,-0.0010525346042538075,SRFBP1,1.0,1.0,0.0,0.0,0.0,0.0,0,1,0,0.4063697637131852,0
SRP68+ctrl,network,20260613,0.1258039943468871,0.03824818736294089,0.035733187175328696,0.035939101106371635,0.019120756036423797,0.067750325176609,0.004109263420104901,0.001918950626788929,0.004461596459255146,0.008526458146969201,0.0005191813688726001,0.3001684030918731,0.05117650176877797,0.056160411936251875,0.25089083358165365,0.13999999999999999,0.038019890885963525,0.0218593550742191,SRP68,1.0,1.0,1.0,1.0,0.0,0.0,0,3,1,0.31262356025591626,0
SRRM1+ctrl,network,20260613,0.010894758168395191,0.010280431065140372,0.011548348549585807,-0.008943521236300295,0.004778728003302896,0.05621419355056323,0.0010132305324077988,0.0006162194667062026,0.0017048258834577723,0.013908229730369093,0.00015822704881429998,0.030258263262400276,0.006784089489863754,0.030853637370687914,0.007036139740505987,0.010000000000000009,-0.012315891608175922,0.0049395897477919615,SRRM1,1.0,1.0,0.0,1.0,1.0,1.0,1,3,1,0.6113009975947442,1
SSRP1+ctrl,network,20260613,-0.1610474951644888,-0.08174113865065724,-0.07580506956503186,-0.032460364690792,-0.02796699735621272,-0.0416740876076217,-0.0045490302145481006,-0.004382329427233378,-0.010773963406958798,-0.006798827304037608,-0.0010396942961960996,-0.2435963622320393,-0.013715370375917302,-0.08097175866154416,-0.21369719337988768,-0.13,-0.05475789115214302,-0.022292429767387434,SSRP1,1.0,1.0,1.0,1.0,1.0,1.0,1,4,1,0.3813281949620255,0
SUGT1+ctrl,network,20260613,0.004440138242216091,0.005524610336132718,0.010777383427978793,0.033790327394559894,0.02029647227027004,0.1736560482624395,0.0005579479038715016,-0.0007953964046172324,-0.0016669755546789844,0.019107623116552896,-0.0001393269049004,0.0419516933358006,0.04453401152022873,0.05126556185279718,0.06981089242611101,0.020000000000000018,0.0291449497063635,0.035775481758240746,SUGT1,1.0,1.0,0.0,1.0,0.0,0.0,0,2,0,0.5245924615043881,1
SURF6+ctrl,network,20260613,0.21630184999817487,-0.009903710150424239,-0.0194319896530728,0.043860248541672114,-0.003405269486627005,0.24333921631368882,-0.0016041137278080021,-0.0017748294945384435,-0.0010587197937210746,0.009732036746396416,-0.0003867127816192,0.18482130877154535,0.0467433839531366,0.05132520224888326,0.1787316854137722,0.2,0.0385061247868263,0.002537394261846737,SURF6,1.0,1.0,1.0,0.0,0.0,0.0,0,2,0,0.4369064449610569,1
TAF10+ctrl,network,20260613,0.3303639142142901,-0.015267316870471337,-0.018620509019768305,0.10087945142783489,0.022690832567366148,0.22136327215628127,0.005144365131854997,0.006678869358405004,0.007716579971943638,0.007794016310639473,0.0016699987463653,0.16164436822344974,0.03479193773234168,0.12307691955073663,0.08905954609251926,0.21000000000000002,0.1315777650043572,0.022377036924819294,TAF10,1.0,1.0,1.0,1.0,1.0,1.0,1,4,1,0.44414410929423925,1
TAF6+ctrl,network,20260613,0.059127301944231214,0.0027777552004589756,0.010846343419415372,0.0156432964189247,0.013457071438682022,-0.07181882742702206,0.0017696768045426005,0.0013852079939215,0.0019224361498485498,0.009926887847208521,0.00035436521284279996,0.08704705079120545,0.013872792232596742,0.06851847956921675,0.10271079339089689,0.05999999999999994,0.018182851958065294,0.0006830106368093114,TAF6,1.0,1.0,1.0,1.0,1.0,1.0,1,4,1,0.3496521614283542,0
TBL3+ctrl,network,20260613,-0.6027274452716397,-0.030486182094028647,-0.04490555187860634,-0.062152806708098474,-0.04131362792275728,-0.05295504948905394,-0.0092643778771162,-0.005019314821054777,-0.0069794381671776096,-0.02089667377384491,-0.0016116721089930001,-0.5892276042433722,-0.039498089778121415,-0.14457217254119714,-0.40609408698325594,-0.4600000000000001,-0.0893094244340153,-0.029769384632226892,TBL3,1.0,1.0,0.0,0.0,1.0,1.0,1,2,0,0.5424007548958424,1
TCP1+ctrl,network,20260613,-0.027777763654785903,-0.019843455985343483,-0.023668889669357596,0.039045363090420615,0.0036010198027788265,0.12680022039444516,-0.00012483634054660103,-0.000301296558435582,0.00016281936652040585,0.003347372590331077,-5.462532863030004e-05,-0.017463681432004274,0.026411775839106144,0.014216237710823143,-0.018418919489198937,0.010000000000000009,0.03387855430290429,0.0009649807082605655,TCP1,1.0,1.0,1.0,1.0,1.0,1.0,1,4,1,0.9150011412432962,1
TEX10+ctrl,network,20260613,0.1660935254612192,0.048160588612662036,0.05548366054293874,0.017039618110430393,0.023895615593742203,0.18210542526387918,0.001228762790560698,0.00020765844638515052,0.0009715394308615899,0.014636901828774695,7.383036427199992e-05,0.08066744875314025,0.033725875218353685,0.10740232216135914,0.07787071841787563,0.10000000000000003,0.02322986884304759,0.03191393051082647,TEX10,1.0,1.0,0.0,1.0,1.0,1.0,1,3,1,0.5472084677774889,1
THOC7+ctrl,network,20260613,-0.05560040908489988,-0.0717479100220838,-0.07640208859487924,0.0044338917727637095,0.007979582142441377,-0.0033941044734844272,-0.0005682986229657988,-0.0005474582799237515,-0.0014010307760412566,0.0008134828148848028,-0.00010468589607629994,-0.0119799984590932,0.027722605148637336,0.019923857486343843,0.011743425534317398,-0.04999999999999999,0.00989110444664748,0.00490656733339867,THOC7,1.0,1.0,0.0,0.0,1.0,1.0,1,2,0,0.3623114019185135,0
TRMT10C+ctrl,network,20260613,0.2334370937420334,0.009535610518334958,0.012682465742528182,0.05500518987477229,-0.0006482244030719952,-0.014249452048146538,0.003440955653786701,0.0013585824771695787,0.0045291298452737605,-0.0035301500509352657,0.0004008917603642,0.2786368271532812,0.03386307829745783,0.0541906854317008,0.2114326900991741,0.15999999999999998,0.057532166105769,0.004549208815626926,TRMT10C,1.0,1.0,0.0,0.0,1.0,1.0,1,2,0,0.20298931797199302,0
TRMT5+ctrl,network,20260613,-0.030209342153413116,-0.05680303353001659,-0.05410231928761333,0.012545635994700294,-0.002278833453668583,-0.07111564989627783,0.0013591907918452974,0.0007823914918841934,0.0028360382344380097,-0.018258935988919284,0.0002054614014923,0.11203935734081488,-0.018539725637810145,-0.022620028962235694,0.0709168791029261,-0.009999999999999953,0.01653017462028389,-0.007098699314139867,TRMT5,1.0,1.0,0.0,0.0,0.0,0.0,0,1,0,0.3015406880658885,0
TSEN2+ctrl,network,20260613,-0.013198709282089799,-0.017260979959902834,-0.025778506226254883,-0.004794110623882991,0.003178913207083689,0.005995033713160902,0.0007214117795229028,3.0551009424173436e-05,-0.0008960242449640443,0.0053453859694835015,6.77489442750998e-05,0.042663360038355205,0.025530564405410905,0.00943656585271313,0.0157514690951929,-0.03,-0.0015314449069188107,0.0017861947338065898,TSEN2,1.0,1.0,0.0,0.0,1.0,1.0,1,2,0,0.21439894004183485,0
TSR1+ctrl,network,20260613,0.44587184954421594,0.02550646327099182,0.07093558688306312,-0.005357478339071103,-0.036322277504871714,-0.08873310139973833,-0.0020207539200782013,-0.001532825975982921,-0.00136430914112462,-0.017599766894303787,-0.0003609905252233,0.24413717685133163,0.026384136343963527,-0.04163665870311739,0.1855921950469982,0.35000000000000003,-0.017781300873207617,-0.04093017187447401,TSR1,1.0,1.0,0.0,0.0,0.0,0.0,0,1,0,0.4128817226216927,1
TSR2+ctrl,network,20260613,-0.192091940377407,-0.010486738607094037,-0.04188176937059407,-0.028216529695774817,-0.02104804351859882,-0.1868312051994948,-0.005028478801250506,-0.0017949054562313993,-0.0019038181241983754,-0.010886581010372098,-0.0007724082097411004,-0.13009206083325875,-0.05899742290279675,-0.07400729076080736,-0.11900390138598271,-0.10000000000000003,-0.043521731705855604,-0.015369103394686556,TSR2,1.0,1.0,0.0,0.0,0.0,0.0,0,1,0,0.22843338042327205,0
TTC27+ctrl,network,20260613,-0.020860100783137894,0.019124142948088285,0.021086572286509897,-0.013394086780376319,-0.004984781189972809,-0.04174279140691384,0.0011728182435035012,0.0009874116258274945,0.003118818869918605,-0.006763221093705307,0.0002272131387144002,0.1781241932427334,-0.020039756994009394,-0.00015468095001014426,0.1109296159977774,-0.04999999999999999,-0.01194145609275249,-0.008402616706082222,TTC27,1.0,1.0,0.0,0.0,0.0,0.0,0,1,0,0.41068156010206375,1
TXN+ctrl,network,20260613,-0.005027031301519991,0.009191374306079636,0.005175727165501409,-0.01132149561046808,0.004781857167229786,0.030602883876068854,-0.0010148696601391012,-0.0004769387160361571,-0.0019030504121220204,-0.005021453264917097,-0.0001363753108308001,-0.07007826677492374,-0.007736650323142857,-0.02287192463818699,-0.06664977019388951,-0.020000000000000018,-0.01786106686752509,0.004928322170266508,TXN,1.0,1.0,1.0,1.0,1.0,0.0,1,4,1,0.3289616304149065,0
U2AF1+ctrl,network,20260613,0.1819228861315365,0.04304017305776353,0.03144422056828988,0.05878387122756201,0.04174782013469708,0.2232497873015028,0.005545120686292697,0.004442094934234531,0.011221973153417553,0.021874105029102114,0.0012268954887985992,0.40730329883641875,0.05494214466075886,0.10203215524531628,0.3072238211465928,0.22999999999999998,0.08035944638264109,0.030453023723382544,U2AF1,1.0,1.0,1.0,1.0,1.0,1.0,1,4,1,0.3417682317764551,0
UQCRB+ctrl,network,20260613,-0.05822360587204689,-0.0194376248176924,-0.030904188774600272,-0.009501735453410903,-0.009191501163899274,-0.21213486903925194,-0.0009131915867328991,-0.0001799439243934664,-0.0002574926502998398,0.0020367989652901874,-7.257499964909999e-05,-0.053234865465599024,-0.010990618874391567,-0.010707804441501545,-0.014078823788098715,-0.08000000000000002,-0.022518757569024106,-0.009643246561153451,UQCRB,1.0,1.0,0.0,0.0,0.0,0.0,0,1,0,0.32176513248147914,0
USP36+ctrl,network,20260613,-0.0783825902920263,0.0023094535193439736,-0.0001827073007756308,0.03884173243967798,0.02331029061493159,0.08149867104223718,0.004931595176458303,0.0032342735851356164,0.0069372549265739325,0.0056932732321616775,0.0008598121348769,0.16454820781301518,0.00472935909665384,0.0775141179565868,0.043150305604548106,-0.09,0.048163411168182874,0.03454652733908936,USP36,1.0,1.0,0.0,1.0,0.0,0.0,0,2,0,0.4078980133925427,0
UTP3+ctrl,network,20260613,0.0979257557357418,-0.0008936447545320192,0.004912725073965674,0.028878809026193608,0.0194330476570147,-0.19748197586776883,0.004418797791004202,0.0028987269702035467,0.004979027591203833,0.008018364344534235,0.0009229497518391003,0.16118651320828659,0.026103003970063487,0.047915967908596424,0.17732599006338018,0.07,0.03803297401018607,0.013382519295428441,UTP3,1.0,1.0,0.0,1.0,0.0,0.0,0,2,0,0.5405138736578827,1
VPS29+ctrl,network,20260613,0.006959840143481194,-0.029625839647079932,-0.04601273933330802,0.009627776345754402,0.0045809310197365005,-0.004698283637319556,0.00010503269731999831,0.0003861733183904148,0.000985819143480171,-0.00965527110066658,0.00010219542309639995,0.0456108282269648,0.004331919027808384,0.0036386553525018517,-0.012400468912316387,0.020000000000000018,0.01106531754264567,-0.002300226959922713,VPS29,1.0,1.0,0.0,0.0,1.0,1.0,1,2,0,0.22582902049845377,0
VPS54+ctrl,network,20260613,-0.13382988865051126,-0.04164570093532516,-0.03136341119798236,0.003461989310649616,-0.008738192785335108,-0.11388319324035207,-0.00032027531415230147,-0.00011203155021355382,-0.0001376303331536155,-0.008062747523170877,-5.6855904404099974e-05,-0.0741812654725511,0.0006889444896110986,-0.03668442855601883,-0.003558005528357222,-0.11000000000000004,-0.011051793619323708,-0.018575750268909452,VPS54,1.0,1.0,0.0,0.0,1.0,0.0,1,2,0,0.5640945945394885,1
VPS72+ctrl,network,20260613,-0.14452794450376477,-0.000314745889988588,0.005264246522426741,-0.01732518958766041,-0.01596384016410901,-0.028519832211654328,-0.0010465141385792992,-0.0005215972561648519,-0.0011686511739158467,-0.00871423462216897,-0.0001736803678795999,-0.11797143799174725,-0.02212160334136004,-0.027223258026781827,-0.06281571354265231,-0.09000000000000002,-0.015720561443752223,-0.007144327493565528,VPS72,1.0,1.0,1.0,1.0,1.0,1.0,1,4,1,0.4252737889858132,1
WBP11+ctrl,network,20260613,-0.04897825221444478,0.06500723569611955,0.06852509365627868,-0.029032578540259923,-0.0038035385026133073,-0.2060562323059505,-0.0012509170919656996,-0.0004983620881457984,0.0005562846212038286,-0.0075017257339722865,-0.00015744334086770012,-0.013564369079168498,-0.02124775278590374,-0.01122572108395059,0.006953789318793299,-0.07999999999999999,-0.049096862280600784,-0.005450240557819064,WBP11,1.0,1.0,0.0,0.0,1.0,1.0,1,2,0,0.42102504191650636,1
WDHD1+ctrl,network,20260613,-0.0735167733777535,-0.01447365674831802,-0.004113970678021106,-0.02603495871400341,-0.007354372571670209,-0.11854428291451391,-0.0003355965018272018,-0.00022018207771712373,-0.00014809805392401731,-0.007135338457244678,-7.522775558759995e-05,-0.22391973063799092,-0.030091049481160925,-0.03660415073469947,-0.08273929147212022,-0.04999999999999999,-0.03423712568264692,-0.002898152399719023,WDHD1,1.0,1.0,0.0,1.0,1.0,1.0,1,3,1,0.3280301452685464,0
WDR12+ctrl,network,20260613,-0.020330405873458024,-0.01624207430068758,-0.018677082692667435,-0.012886571764004984,-0.005427947545470907,-0.12830993528024592,0.00013698078691960075,0.00013214146229556523,0.0006988943799723923,-0.012090724912512313,1.372408587489997e-05,0.0007281906553450179,-0.005418594063792415,-0.019157956513455976,0.01833891108737351,0.009999999999999898,-0.023924299350686795,-0.011591539944599938,WDR12,1.0,1.0,0.0,0.0,1.0,1.0,1,2,0,0.5140451056698891,1
WDR3+ctrl,network,20260613,-0.0031952213041359645,-0.016761787300292874,-0.01691964087566611,-0.00373600979461311,-0.013080124410904309,-0.050225147743841625,-0.003286050632596002,-0.0010012625526235608,-0.00111780657271221,-0.004192142530025117,-0.0003247071872466,-0.030328829059913187,-0.008848777982802036,-0.0119520093087081,-0.05943809923325638,0.020000000000000018,-0.01646232670213002,-0.013308576808577222,WDR3,1.0,1.0,0.0,0.0,0.0,0.0,0,1,0,0.6438446096605795,1
WDR43+ctrl,network,20260613,-0.020841824757767857,0.0074053867910296445,0.003789609675842187,0.0651730123623096,0.038274512277404804,0.30356202002104327,0.0051663517951964985,0.003997741837354352,0.007147448735784878,0.0166854787538831,0.0010894488077611,0.04207113474793467,0.02176072930382278,0.08032364597685093,0.07317531937742416,0.0,0.09235478475333503,0.029800614248519652,WDR43,1.0,1.0,0.0,0.0,1.0,1.0,1,2,0,0.5092539631373229,1
WDR5+ctrl,network,20260613,-0.07377004715758012,0.002800350214010261,0.026099500967784517,0.0457437195583984,0.05080385753173672,0.2882764364106306,0.003121651709079798,0.0019989115288594483,0.00040629378629319923,0.02237037348664267,0.0008619143627583998,0.27574687800435993,0.05686809349504307,0.07785537553939464,0.1302205588206297,-0.09999999999999998,0.058448706375955284,0.04396683157887016,WDR5,1.0,1.0,1.0,1.0,1.0,1.0,1,4,1,0.6053603977036652,1
WDR70+ctrl,network,20260613,0.08968129143290937,0.04167537467860527,0.038036866015795034,0.027783392157651216,0.020122300079493338,0.09462872146011825,0.002986310049891399,0.0019657214375707888,0.007782846993135806,0.009474725513551274,0.0004758201539516,0.13093419316283372,-0.025449874484663848,0.0049655681785332195,0.1230391855092775,0.050000000000000044,0.040126981845863774,0.015681431819039915,WDR70,1.0,1.0,0.0,0.0,0.0,0.0,0,1,0,0.5656390988822039,1
WDR82+ctrl,network,20260613,-0.12995226203554772,0.011953323696560658,0.008471012270910405,-0.051974256786532225,-0.05116541120230467,-0.5807361504339876,-0.004394784569740205,-0.0020463199117704,-0.002244270041824592,-0.027289518220996234,-0.0009934320114553,-0.28377920724266337,-0.05205993365066852,-0.09351460224584773,-0.1533807018705904,-0.09000000000000002,-0.09986621565156167,-0.045763876913129,WDR82,1.0,1.0,1.0,0.0,1.0,1.0,1,3,1,0.5730442773818926,1
WDTC1+ctrl,network,20260613,0.042211764954406206,0.07066066414208083,0.09834435205481634,0.027947283270053136,0.0118435244042569,0.24538365768470938,0.0024111978709698,0.0004903573241084036,0.0011504365900449898,-0.010627559695676803,0.00024594110436739966,0.09787662491851548,0.030841671971023943,0.040727389626813104,0.0887521806697836,0.010000000000000009,0.051035068640205905,0.018779061330813307,WDTC1,1.0,1.0,1.0,0.0,1.0,1.0,1,3,1,0.4719341344251521,1
XPO1+ctrl,network,20260613,0.11133428447978522,0.046845105233693785,0.05089695025504426,-0.002310227042731927,0.02655764302691932,0.04350887881990584,0.0023900531232357025,0.003155427151277368,0.007223418263321291,0.005087084315050672,0.0008590854704380001,0.33692016516571,-0.003642467605243116,0.027624102605599832,0.21444081460718667,0.2,0.010015297035761983,0.01889574145431483,XPO1,1.0,1.0,1.0,1.0,1.0,1.0,1,4,1,0.7068059810139609,1
XRCC6+ctrl,network,20260613,-0.0738320526820451,-0.010060346376059515,-0.011394980692797985,0.011255465932115183,-0.004015546831392158,-0.16652959398864486,-0.0013527907431125988,-0.002107345499785973,-0.0058076430929572265,0.006213213105912163,-0.0005077859386802002,-0.25603775969339443,0.024462597645567907,-0.0240933631017054,-0.12665214094043378,-0.12,-0.00014135556921618386,-0.004693523043187708,XRCC6,1.0,1.0,0.0,1.0,1.0,1.0,1,3,1,0.7934984411636616,1
YEATS2+ctrl,network,20260613,-0.11170639267898033,0.006317327642286208,0.002243162959901346,0.018492197512015113,-0.0033029477137228036,0.07401947319752644,-0.004156593233346901,-0.0011498187455998288,-0.0031929881117960246,0.003823302268493811,-0.00039330730214709995,0.029023076600752505,-0.030148444348892744,0.007707132773767111,-0.0372555117640087,-0.09999999999999998,0.020459462521398852,-0.0037622869243919554,YEATS2,1.0,1.0,0.0,0.0,1.0,1.0,1,2,0,0.46734752460625756,1
ZBTB17+ctrl,network,20260613,-0.012802345335071796,0.02222085701769816,0.014641767096342406,-0.06777022110748121,-0.02383421655605672,-0.38201513887067506,-0.0006442256271839003,0.0006387627914776761,0.0002242942169770057,-0.024133225409829206,0.00012319744564589998,-0.154510549435383,-0.06867096160302544,-0.08573548787065743,-0.1629765396501548,0.060000000000000026,-0.09138601653693262,-0.032754008332146034,ZBTB17,1.0,1.0,1.0,1.0,1.0,1.0,1,4,1,0.7242755891408792,1
ZCRB1+ctrl,network,20260613,0.0615817257852813,0.08210391689579138,0.07881953036184258,0.044119147221146515,0.018746791049161604,0.1268965318937892,0.005401164293289098,0.0026994193046971926,0.007178562646497744,0.011089807865512502,0.0007525680121035001,0.20616597220099708,0.03362860228328601,0.04635215294982431,0.14868206083490962,0.07,0.06221647454583262,0.012171716504405738,ZCRB1,1.0,1.0,0.0,0.0,1.0,1.0,1,2,0,0.2678040058800341,0
ZNF335+ctrl,network,20260613,0.0410978563055583,0.05194679381746298,0.04878876385530129,-0.0031983833563093977,-0.008110973660074794,-0.010609524394339986,-0.0004662480205297019,-0.0009782900764869762,-0.0007926283997242711,-0.009002016263882112,-0.00023815705208109997,-0.2623423095348109,0.007642564179250133,-0.016070700946625438,-0.0748357637010226,0.020000000000000018,-0.007534329888930186,-0.002790811244499314,ZNF335,1.0,1.0,1.0,1.0,1.0,1.0,1,4,1,0.5138099604104251,1
ZNHIT6+ctrl,network,20260613,0.0732367315818116,0.002665666359879415,-0.01302894795516274,0.006821452353137802,-0.0203203941585412,-0.38822577873590863,0.0004165638238191015,0.0008102869590224104,0.0026093618498170823,-0.014767564261756988,1.814309507599957e-05,-0.19017291731644262,-0.015374754314790517,-0.06328921671527432,-0.0185148142765924,0.13,-0.01239286614072549,-0.02472685651275819,ZNHIT6,1.0,1.0,0.0,0.0,1.0,0.0,1,2,0,0.32028276024241287,0
ACTR8+ctrl,network,20260713,0.1045104520133828,0.02721961973899545,0.044581538026349454,0.0020008365484096013,0.007942979542950007,0.15635124797083588,0.0006344728171824993,0.00041330907097425484,0.002472727874909375,-2.6719275893011263e-05,0.00010530545841900012,0.1706001484592951,-0.021938344388531927,0.03593634824427694,0.1440258263108523,0.09999999999999998,0.015439023003682023,0.012269111731987414,ACTR8,1.0,1.0,0.0,0.0,1.0,1.0,1,2,0,0.6566927135966314,1
ALG13+ctrl,network,20260713,0.005092307054597192,0.03153461436339888,0.030040965605058034,-0.0050105154650592065,0.0036209920639400095,0.0659233232334232,0.0012533962726593018,0.0008800158242476819,0.001982446952107253,-0.00038125873647240627,0.00020547211170200003,-0.030513396424353606,-0.017105055918846923,-0.007230383808602747,-0.019263215234990888,0.03,0.00244289384380339,0.0025374127011142944,ALG13,1.0,1.0,0.0,0.0,0.0,0.0,0,1,0,0.23444576227320837,0
ANKRD11+ctrl,network,20260713,0.04578815835451752,0.03776771182982075,0.0540311795934062,0.005686326926325397,-0.016767610623364487,-0.07744883875424474,0.002376239746808999,0.00025500129766720114,0.003460315267121983,-0.017444174641556898,4.428660031400005e-05,-0.2595930194241865,-0.03863558831167491,-0.06818270657409509,-0.0777212837683261,0.0,0.012320272889083578,-0.010908251260983493,ANKRD11,1.0,1.0,1.0,0.0,1.0,1.0,1,3,1,0.48289262866118055,1
AP2S1+ctrl,network,20260713,-0.026350405789584697,0.01888434857723098,0.009635932410095194,0.013255964141424409,-0.005780554331250798,-0.061624976210122695,0.0008885674178601005,0.0009598868999796117,0.0025083164451465967,-0.016055069286531276,0.00018659839406610012,-0.011522098207579434,-0.007712611611135123,-0.026421563343277166,-0.0037775309290412618,0.010000000000000009,0.020131149748329913,-0.014586393395910502,AP2S1,1.0,1.0,0.0,1.0,0.0,0.0,0,2,0,0.6367654607463599,1
ARGLU1+ctrl,network,20260713,0.0060068802881778904,0.030203322992571002,0.07221239003194957,-0.014792261548408486,0.013977868175450908,-0.05391138624057151,0.0028188861906528993,0.0026075963359920573,0.007449606633984418,-0.0017532282040111091,0.0006086673820391,0.1986311272931977,-0.04346318724064124,-0.0038566580343764034,0.1235240374588905,-0.010000000000000009,-0.0018849193427954991,0.01643822668543382,ARGLU1,1.0,1.0,0.0,0.0,0.0,0.0,0,1,0,0.3030444499073842,0
ARIH1+ctrl,network,20260713,-0.01330942263936119,0.030686050191156222,0.034441765045399864,-0.009938410863069819,-0.01387951192711967,-0.08430460707149912,0.0012791026383638,0.0008299034370355951,0.0013555291742536335,-0.013697671808848205,0.00021993252448740007,-0.009922204027354609,-0.012386591080698617,-0.05444669195776464,-0.009985828077336195,-0.010000000000000009,-0.0067971903326720096,-0.022925409375482708,ARIH1,1.0,1.0,0.0,1.0,0.0,0.0,0,2,0,0.2872784534549865,0
ARPC4+ctrl,network,20260713,0.042337094620352095,-0.03446712069885777,-0.05948760687139659,-0.008572564018953122,-0.009096190781268998,-0.07221391955469242,0.0007649753242731025,0.0006369293651208308,0.0011572373252159984,-0.015733553271372297,0.00013650406617670004,0.0405932005649107,-0.037436487720069356,-0.03423467892719956,0.014238909780126208,0.01999999999999999,-0.004455919985299123,-0.018782404806895858,ARPC4,1.0,1.0,0.0,1.0,1.0,1.0,1,3,1,0.4253802065822827,1
ATP6AP1+ctrl,network,20260713,0.045804693052121315,0.03510527402916985,0.039337167373924786,0.033258163645081995,0.023944336555321577,0.029173310380372297,0.002620756626129102,0.0008286507254025022,0.0020023256728155525,0.01712731934424791,0.0002625194028951,0.13059196632735148,0.04485878312838354,0.04840899032266688,0.07803451552058754,0.03999999999999998,0.039419749745728205,0.02824332538286456,ATP6AP1,1.0,1.0,0.0,0.0,0.0,0.0,0,1,0,0.2770145243501594,0
BGLAP+ctrl,network,20260713,0.054270377737355324,0.039719802073927335,0.054770067924314714,-0.020815952720015102,-0.0021498948061358936,-0.29863247744107,0.0009146649390458991,0.0006426631301265084,0.0014601954824428054,-0.007262904276415488,0.0001505584805273,-0.05235966582500612,7.140125832094668e-05,-0.04439924945283402,-0.06468035831245761,0.019999999999999962,-0.040540205459991374,-0.011166608561969715,BGLAP,1.0,1.0,1.0,0.0,0.0,0.0,0,2,0,0.22603557976901004,0
BMS1+ctrl,network,20260713,0.022886234551437012,-0.009133241479256399,-0.010754670395295596,0.03894806981734639,0.006317734731510316,0.14642629310325783,0.0007132850587368011,0.0003540438150229086,-0.00027993609702381406,0.004027863365921203,0.00015092431567610004,0.009394838487728152,0.01964831596533989,0.005542076200603208,0.002355279454267778,0.030000000000000027,0.04475671786085328,0.005446614576229525,BMS1,1.0,1.0,0.0,0.0,0.0,0.0,0,1,0,0.4094956656115338,1
BRIX1+ctrl,network,20260713,-0.03044330520161903,-1.0325768895369514e-05,-0.010239977266289335,0.03666809395633802,0.017629606639986306,-0.04172384378957039,0.0013415403664111987,-0.000281007538584066,0.0002092493843748322,0.0137699120898854,0.00012351362965999993,0.0474868406680205,0.03687659677654731,0.04648590476479797,0.05112307482034201,0.0,0.049363419407479625,0.0072173159112607355,BRIX1,1.0,1.0,0.0,0.0,1.0,1.0,1,2,0,0.708155646016739,1
BYSL+ctrl,network,20260713,0.2024157166392455,0.0013500496951743823,0.011594456202820402,0.0493060871884968,0.003219362658825109,0.11338479798138662,0.0015506204217672,0.0004471118671236507,-0.0018526571301953343,0.002340968994402226,0.0002477663801983,0.08092794089739119,0.03915729971954429,0.034539628574930425,0.04142856687160534,0.20999999999999996,0.06021201947595378,0.005015931847276778,BYSL,1.0,1.0,0.0,0.0,0.0,0.0,0,1,0,0.23304440545276975,0
C1QBP+ctrl,network,20260713,-0.01246987637555369,-0.03994141055567746,-0.04092621731309448,0.00968424272891738,0.00514392571035141,0.10849331354345948,0.0014784224331379006,0.0006733018440103766,0.0013935800237765417,-0.0043032013722685,0.000170360901393,0.15889076662591742,0.007544294032431953,0.018221537193267245,0.1095881796230939,-0.01999999999999999,0.014353908904715496,0.008691645728858388,C1QBP,1.0,1.0,1.0,0.0,1.0,1.0,1,3,1,0.26397617216017966,0
CCDC86+ctrl,network,20260713,0.2502811339442037,0.052973070132420585,0.056260094242530534,-0.040338565259799786,0.005068569031101505,-0.13183703249544415,0.003036729991436001,0.0023429027683965487,0.004967146086805152,-0.02068471299915159,0.0005525496089831,0.22337835507984505,-0.04020299128397997,0.011811503232127207,0.18462345272893804,0.15999999999999998,-0.04492377675562509,-0.004716138162875083,CCDC86,1.0,1.0,0.0,0.0,0.0,0.0,0,1,0,0.4931652481961014,1
CDC123+ctrl,network,20260713,-0.050580888170011884,-0.03055270196974036,-0.03149945302981705,0.005115289058968686,-0.005118778323597417,-0.19472393552108946,3.094971179970138e-05,-0.00010516582988273626,0.0006755905462916267,-0.012603335543256516,-4.878122126680004e-05,-0.08385798854433929,0.006168805265019839,-0.036449287560218924,-0.056006069553587,-0.03,-0.0070127307719053955,-0.014087082089049185,CDC123,1.0,1.0,0.0,0.0,0.0,0.0,0,1,0,0.31292809537488786,0
CDC23+ctrl,network,20260713,0.0069124480990682136,0.02183740034966697,0.02259523809338293,0.012241666126750789,0.006274448298802693,-0.015410720627089258,0.001124937087297398,0.0002916390132574609,0.0012455519538223658,0.009555802641117106,8.649076335129997e-05,0.09519251756713742,0.017049551732965407,0.028754296415612557,0.09878527398104028,0.030000000000000027,0.01707587583604711,0.014406665418634779,CDC23,1.0,1.0,0.0,1.0,1.0,1.0,1,3,1,0.7904466040253506,1
CDC40+ctrl,network,20260713,0.06061056753028349,0.04274514910318572,0.030292477045242405,0.03635017712864799,0.0018681729017989146,0.18389710363523776,-0.0006470438092946972,-0.00044271947817076107,0.0022020419690148563,0.006773738908193189,-0.00012317451182749996,0.06015829799671346,0.011427711905542925,0.07661881259269154,0.06875355642920977,0.04999999999999999,0.050551326435914506,0.009038333669068921,CDC40,1.0,1.0,0.0,0.0,1.0,1.0,1,2,0,0.5481621911202976,1
CENPC+ctrl,network,20260713,-0.25281990931578274,-0.03645512024174402,-0.03740831017646851,-0.07009275501999171,-0.014265395208393872,-0.41587189567732114,-0.0011521652340888977,-0.0007452067849860189,-0.00010125662805282598,-0.00790427025221771,-0.00023518479429180002,-0.13098273211674016,-0.009465581436301607,-0.07946393198403479,-0.059372626150904995,-0.14999999999999997,-0.1205528341614581,-0.02989141844293086,CENPC,1.0,1.0,0.0,1.0,1.0,1.0,1,3,1,0.2646113918751577,0
CENPE+ctrl,network,20260713,-0.011187463481864779,-0.007643565420950349,-0.013881898173792484,0.0523227753700751,0.03634949761593392,0.16488138340212408,0.0026450492441655003,0.0005123831085531716,3.964775635578732e-06,0.03426189254851958,0.0002509522018954999,0.13824311376955029,0.07260590549520884,0.08224185732056044,0.02231097242048119,-0.020000000000000018,0.0715496251249888,0.04679564548032,CENPE,1.0,1.0,0.0,1.0,0.0,0.0,0,2,0,0.5586735532992282,1
CHERP+ctrl,network,20260713,-0.0732821338832867,0.03211357566970974,0.028449485536519825,0.024585931285137586,-0.010416069752675394,0.047505715222937894,0.0015011169016360994,0.0009562639239319992,0.005405865288753531,-0.0070088421460650085,0.0002623565960675001,0.03377942909683532,0.01975537706338948,-0.013574593525987222,0.0598984318110931,-0.04000000000000001,0.03325048977217754,-0.014956639757089718,CHERP,1.0,1.0,0.0,0.0,1.0,1.0,1,2,0,0.4241300090912932,1
CHMP6+ctrl,network,20260713,0.05233279550691328,0.03173378163549967,0.016323752812711034,-0.008403435100330203,-0.00028731749446259114,0.024098189968720707,0.00027254037559040073,0.0001474185541947559,0.003917496732793846,-0.0006776932108644995,3.885332262149998e-05,0.020222680262415027,-0.013091254879320502,0.05732664628177786,0.019495233503622922,0.030000000000000027,7.530383026940757e-05,0.011997007495895495,CHMP6,1.0,1.0,0.0,0.0,1.0,1.0,1,2,0,0.6867550015191156,1
CNIH4+ctrl,network,20260713,-0.09220927104981957,-0.027416570048947597,-0.021895836235093613,0.008346806050179512,-0.0010936931637781089,0.06378591841985365,-0.0009957980364561012,-0.0005159753779964138,-0.0007315714372803095,0.010411409432851015,-0.00016099982894950018,-0.1289261732445689,0.0001690362461043149,0.012660148686013839,-0.0866916516659079,-0.040000000000000036,0.007594918216883628,-0.010981731177875487,CNIH4,1.0,1.0,1.0,0.0,1.0,0.0,1,3,1,0.19010964496895616,0
COG2+ctrl,network,20260713,0.04484616356885232,-0.009073777483898704,-0.011239126196940785,-0.03463693371127849,-0.0077868522611971025,-0.1557405608533385,0.0010534320026635985,0.0006739805180262515,-0.00014835782993438684,-0.02540869091750919,0.00018656690372149997,0.06667944392312658,-0.03028623598757385,-0.03756008100976138,0.06778846745079259,0.09,-0.03204766041186041,-0.014439940646248539,COG2,1.0,1.0,0.0,0.0,1.0,1.0,1,2,0,0.5673653870177205,1
CPSF3+ctrl,network,20260713,-0.10102709816810279,-0.05144186483857682,-0.06801774414433348,0.0603244133416084,0.009827756895490591,0.26509549144033806,-0.00043953023850909836,-0.0018204232795497877,-0.009385776592351847,0.028839398547852196,-0.0003055065171792999,-0.3373875327122927,0.07756277681848911,0.00042232190554458704,-0.3824461963044825,-0.07000000000000003,0.07023784633899433,0.012858426394413092,CPSF3,1.0,1.0,0.0,1.0,1.0,1.0,1,3,1,0.60570893428095,1
CPSF4+ctrl,network,20260713,-0.061861673381116616,0.02768500950499514,0.019492872926714006,0.07923804304896276,0.007491599993511511,0.3974723702896349,-3.3251941204001656e-05,-0.000454585850043987,-0.0017918623565528202,0.00830137293026273,-4.823110066359999e-05,-0.02795927941408549,0.06322886319441556,0.03834093170533004,-0.044519871942931805,-0.1,0.10405478690783432,0.005599526314163716,CPSF4,1.0,1.0,0.0,0.0,1.0,1.0,1,2,0,0.4123701936169123,1
CSTF1+ctrl,network,20260713,-0.22185108878139978,-0.07536504529932986,-0.10127460367007934,-0.019109139062400388,-0.012195725641206578,-0.4312301306334335,-0.0008553043007850994,-0.000760084289976759,-0.0027777222392419976,-0.0019803770654999997,-0.00012241548392919995,-0.2165725923395295,0.01946001764483285,-0.06252605517432841,-0.1688146063021937,-0.21,-0.060525911174102165,-0.01342559452559311,CSTF1,1.0,1.0,0.0,1.0,1.0,1.0,1,3,1,0.44643072922817745,1
CSTF3+ctrl,network,20260713,-0.0049413554564760875,-0.029861437325405304,-0.026950291713411567,0.01171302406016661,0.008172922714637432,0.026924261205035216,0.0004098005592822994,0.0003025776454320672,-0.0005673696238656101,0.010815063616817,0.0001057351473719003,-0.03931771972278081,0.01583243046594962,-0.0054764231308574995,-0.061790165635089905,-0.04999999999999999,0.00789117317267729,0.008275026426125542,CSTF3,1.0,1.0,0.0,0.0,1.0,1.0,1,2,0,0.6824054723626845,1
CTR9+ctrl,network,20260713,-0.1648880962663074,-0.11048902032562691,-0.09437453023576381,-0.0116308175552777,-0.03287740999667357,-0.14254193922204872,-0.004628213122487103,-0.0038553619858867627,-0.011010872456699183,-0.010241366473156599,-0.0010307782795279997,-0.12583465903405777,-0.01126342646117029,-0.045726747647584,-0.12864556152982243,-0.10999999999999999,-0.029153065385802313,-0.024307728717892885,CTR9,1.0,1.0,0.0,1.0,1.0,1.0,1,3,1,0.6233993345430592,1
CUL1+ctrl,network,20260713,-0.014599835630483005,0.06630106444431016,0.03895835352066823,0.0436041920917577,0.019920532697771415,0.07976312963981841,0.0029228702187537974,0.0004941330018494172,0.0017471425658858175,0.01792908272295471,0.00021791795734320003,-0.09713923518490741,0.05752247096916474,0.038261372485680845,-0.06520262604090749,-0.04999999999999999,0.04717101769707932,0.026138718599053812,CUL1,1.0,1.0,1.0,1.0,1.0,1.0,1,4,1,0.9133993792441149,1
CWC15+ctrl,network,20260713,0.25833236008474214,0.03210969039386802,0.03413569451042775,0.0428666951521616,0.056415072930670884,0.043637517596183506,0.006944654509425201,0.006088973241506923,0.016182499488781366,0.018641040030140305,0.0015783489216119003,0.2480750890214195,0.04013563485478444,0.09720468914586655,0.2297353699254036,0.14,0.06461084027479891,0.03815051729947838,CWC15,1.0,1.0,0.0,0.0,1.0,1.0,1,2,0,0.6531893421116421,1
CWC22+ctrl,network,20260713,0.0190789867888555,0.01567079899105106,0.018657768299099264,-0.011092596102668884,-0.03214667501226648,-0.07901057526850108,0.00011484697461129623,0.00017454415286399794,0.0014642889934174397,-0.017806305859737,-8.439878001800013e-06,0.04843278337856394,-0.01610849055789365,-0.005668717148192837,0.049859269360386815,0.030000000000000027,-0.02159533166003541,-0.029002928475912793,CWC22,1.0,1.0,0.0,0.0,1.0,1.0,1,2,0,0.5408070291688098,1
DAD1+ctrl,network,20260713,0.04881255981987949,-0.025619226849838223,0.0045410610170947,0.019257706763341792,0.025427744332204016,0.06268887075619312,0.0005716737359762018,0.0005449521147411485,0.0009788328622057918,0.011494152895382193,0.00014396489132189987,0.17360395323633182,0.007645433855207773,0.03550240965526896,0.0923116659831978,0.05000000000000002,0.020958086400714337,0.026871640739813407,DAD1,1.0,1.0,0.0,0.0,1.0,1.0,1,2,0,0.1691843451194338,0
DBR1+ctrl,network,20260713,0.028260993127996098,0.010421026350796725,0.004624150426947193,-0.011336619533259512,-0.000294029868116108,0.2073997061201353,-0.0011092722415923968,-0.0006790012561812553,0.0018038909272285464,0.013895966653503067,-0.0002649063244462,0.0176372545691348,0.021671589398133184,0.027038150620021906,0.0661761005352301,0.03,-0.012289071763276982,0.006469614922114619,DBR1,1.0,1.0,0.0,0.0,0.0,0.0,0,1,0,0.27925464191821814,0
DDOST+ctrl,network,20260713,0.03099322553255049,0.030552085833569165,0.0336828705438649,0.012814447475633789,0.022072030162692713,0.22180976711063904,0.0010486990213393992,0.0006460211227675705,0.002938889589555571,0.022037717738565166,0.00015116960275909984,0.1839753675547636,0.0018536369527997199,0.046337542129978426,0.0989242151225147,0.08000000000000002,0.01680266926225729,0.02753243961868157,DDOST,1.0,1.0,0.0,0.0,1.0,1.0,1,2,0,0.2679471985189293,0
DDX41+ctrl,network,20260713,0.13695729051249608,0.10421242029860545,0.07783778433078492,0.035462079296586096,0.03810811755657831,0.18094578178263726,0.0061823762953281056,0.004574347966329939,0.015040161385967643,0.01175149875909251,0.0012433247175068001,0.25080216698182717,0.016437098807306816,0.10138801419216059,0.25756839904367795,0.12,0.0647812138272712,0.03037962350608614,DDX41,1.0,1.0,0.0,0.0,1.0,1.0,1,2,0,0.6636205651969963,1
DDX49+ctrl,network,20260713,-0.012305349636832996,-0.00827613437584418,-0.0071489507575484,-0.04342274532176027,-0.008444783025707059,-0.08341964495954912,-0.0028967484831809998,-0.0027689253065351638,-0.00450451107008365,-0.005776277188224932,-0.0006916606798768,-0.05837979402403709,-0.01829035985399119,-0.02674105460736398,-0.03336251188010181,-0.009999999999999953,-0.05945863938591958,-0.006954486001955473,DDX49,1.0,1.0,0.0,0.0,0.0,0.0,0,1,0,0.7429643407329919,1
DDX5+ctrl,network,20260713,-0.004060225430671513,0.020317812709141236,0.004378450911921683,-0.013948419399241185,-0.013420357593869586,-0.06646121962783938,-0.0022963266819715986,-0.0013887266510566043,-0.0029210850680012612,-0.004201961095250201,-0.0003571964334696002,-0.02183126370381991,0.02261293034982681,-0.014715987590548707,-0.03249905064740401,0.009999999999999981,-0.019089385400151482,-0.008960915505893174,DDX5,1.0,1.0,1.0,1.0,1.0,1.0,1,4,1,0.5836969832086772,1
DDX52+ctrl,network,20260713,0.13156249251558905,0.008740524232755731,0.01749774077156685,0.02243529251875162,0.003342719388348847,-0.034840233554135125,0.0019940305501221986,0.0007044566849148115,0.0010376609449391783,0.0007883484346608016,0.00022235885262490002,0.05152310819677153,0.007360170396935373,0.0017382104122256603,0.05541174257205894,0.08999999999999997,0.018277412239631974,0.007168242577788364,DDX52,1.0,1.0,0.0,0.0,0.0,0.0,0,1,0,0.6127731106876021,1
DDX54+ctrl,network,20260713,0.14489294940951025,-0.0034311932684687463,-0.003341114840176296,0.0380997023556231,-0.002237952566031598,-0.009724863754344226,0.0013350378721951987,0.0011980766838762813,8.164337046256964e-05,0.0009894019875099913,0.00036899733822790015,0.08888028967051076,-0.0034511399631798056,-0.0051678009993431084,0.02316353809509747,0.09000000000000002,0.031045285447636878,-0.00037570998639502307,DDX54,1.0,1.0,0.0,0.0,0.0,0.0,0,1,0,0.7092284389812483,1
DERL2+ctrl,network,20260713,0.2338886976111881,0.0396647988483525,0.05914102912880281,0.07809651275180893,0.03317775863317962,0.38043790779516695,0.0028871465474367003,-5.288317772855766e-05,0.0009754055430162278,0.0203859569252261,0.00015029869973649996,0.24202852103602646,0.0641296396461758,0.14672069798714193,0.1950704615654677,0.22999999999999998,0.11589979452402857,0.04571719526400231,DERL2,1.0,1.0,0.0,0.0,1.0,1.0,1,2,0,0.3173222912462554,0
DHX37+ctrl,network,20260713,0.03113223619566996,0.002916352934507649,0.0028015730892666513,0.012726190633474188,0.006791354193898813,0.04154157458618235,0.0017891563475131989,0.0013624305244247514,0.0028278442731137776,0.004365382235825804,0.0002250413526781001,-0.0006505448054826557,-0.01838810250455536,-0.002456688657664463,-0.012941786515146214,0.0,0.01973204223492811,0.009416376588529562,DHX37,1.0,1.0,0.0,0.0,0.0,0.0,0,1,0,0.8140257550206905,1
DLD+ctrl,network,20260713,0.012547321427168967,-0.003321833256805129,0.00672770313729798,-0.033402021692764905,-0.015426623413521912,-0.08667570045882822,-7.882341742510013e-05,-0.00018937006904484743,-0.0010362080574733978,-0.019434338072719992,-4.776939749710036e-05,-0.012828636668848592,-0.015394031013787557,-0.047323122338189805,-0.018514851339288707,0.019999999999999962,-0.04280294892326547,-0.016130220942722873,DLD,1.0,1.0,1.0,0.0,1.0,1.0,1,3,1,0.3562267117635941,0
DNAJC8+ctrl,network,20260713,-0.007681687527607395,-0.05337775202393069,-0.06375606924952049,-0.035918593232919294,-0.018573368867546403,-0.22743572471925028,-0.0024908520281313982,-0.0008464626772411998,-0.003080859842798045,-0.0204203065597513,-0.00023844843963160005,-0.1013617962015423,-0.0493682726136202,-0.06214652034739576,-0.0841970516824049,-0.03,-0.05708895270007458,-0.026915973298396345,DNAJC8,1.0,1.0,0.0,0.0,1.0,1.0,1,2,0,0.6049272075377098,1
DNTTIP2+ctrl,network,20260713,0.07049899484260452,-0.07575819227112068,-0.12816648610314207,-0.07274134991384723,-0.09894696245445994,-0.5499455518151466,-0.014802083373069798,-0.00631403459391866,-0.010548421574443356,-0.05742267808159829,-0.0027727985288948003,-0.6518727035937569,-0.14627029660345536,-0.2241365216144972,-0.41556847103385663,0.10999999999999999,-0.1100855475880258,-0.08943717260218331,DNTTIP2,1.0,1.0,1.0,0.0,1.0,1.0,1,3,1,0.5084353830963247,1
DONSON+ctrl,network,20260713,-0.26917480657195647,-0.10504020707145634,-0.1289906261595949,-0.04509332068216032,-0.04212382162938179,-0.4091869799513475,-0.006617430597543699,-0.0034228475862745356,-0.007694744828486755,-0.02491129812730189,-0.0009580671903677001,-0.43214042801646,-0.059831495254547784,-0.14075030352652007,-0.30157901500826817,-0.25,-0.07433824364660527,-0.062027281198661466,DONSON,1.0,1.0,1.0,0.0,1.0,1.0,1,3,1,0.5098475125756874,1
DPH2+ctrl,network,20260713,-0.031815732129193613,-0.09735105666274224,-0.06454279142810049,-0.013252870579459813,-0.0138651578321414,0.032254995748488585,-0.0069942288100719,-0.00337390896547074,-0.010513571915906739,-0.004168563435585609,-0.0009485067566857002,0.0235018993609825,-0.021387106381622112,0.017553956602242793,-0.0188355376175922,-0.03,-0.03562242373551658,-0.024378501630613947,DPH2,1.0,1.0,0.0,0.0,0.0,0.0,0,1,0,0.24773313253560908,0
DYNC1H1+ctrl,network,20260713,-0.4535372726536063,-0.015156877597995222,-0.004854691793852339,-0.09280114647720378,-0.03131452496895121,-0.642279205539063,-0.004838068038225202,-0.0006993789125874228,-0.004577373135698282,-0.035087756863348,-0.0003912860993296,-0.43976106551646704,-0.057741833409511556,-0.17255601282183552,-0.3133756859818067,-0.39999999999999997,-0.15687773987441073,-0.0570501544834473,DYNC1H1,1.0,1.0,0.0,1.0,1.0,1.0,1,3,1,0.34089075469674274,0
DYNLRB1+ctrl,network,20260713,0.048871385226806396,0.08031968990991112,0.0827962053410709,0.001626641142872809,0.004847790579969785,0.17640151736731335,-0.0010283160954713995,-2.636080452544931e-05,0.0012326059447648197,0.008485572705856814,-6.110704271120005e-05,0.15560644813001928,-0.012239215976134976,0.02738008561479155,0.1138842648140425,0.02999999999999997,0.016637629766688977,0.017347684641185412,DYNLRB1,1.0,1.0,0.0,0.0,1.0,1.0,1,2,0,0.37186370402828745,0
E4F1+ctrl,network,20260713,-0.03738660757694151,0.04140091717930128,0.05381803798127627,0.07865119581473179,0.05056830874096649,0.4524389397155665,0.005849534645676599,0.004484375679843611,0.00969948612361804,0.047349456970529724,0.0011555820237846002,0.370747699829453,0.055846959683563124,0.15228251630774559,0.2802300862399289,-0.03,0.11298329348626698,0.06323158112318106,E4F1,1.0,1.0,1.0,0.0,0.0,0.0,0,2,0,0.5905356331533801,1
EBNA1BP2+ctrl,network,20260713,0.04027490238594089,0.025840522781540254,0.02145650096071161,-0.07583678777832067,-0.024473043151906515,-0.30314106863220924,-0.0017822254449129,0.0007305051496625525,-0.0015824120064471536,-0.020209563934147773,-2.2495165467299998e-05,0.045469679753004644,-0.09290562428096316,-0.07836324173032272,0.022339537732640524,0.039999999999999925,-0.09467312934879679,-0.0272979271553353,EBNA1BP2,1.0,1.0,1.0,0.0,1.0,1.0,1,3,1,0.4785714492750178,1
ECD+ctrl,network,20260713,0.2376930842711183,0.10050731028115623,0.07611411124005985,0.08251383181935049,0.04418615348852606,0.7565569059973575,0.002563957124948498,0.0017066193972837818,0.006515314725238031,0.030935912452850517,0.00043823046144099995,0.2860368901156812,0.0007018200708435174,0.11585338759260633,0.21142692659731938,0.13999999999999996,0.13211832988168587,0.049727011952473865,ECD,1.0,1.0,0.0,0.0,0.0,0.0,0,1,0,0.3536610604497916,0
EIF2B3+ctrl,network,20260713,-0.0017858859645413228,-0.005591194577651337,-0.00426939388484171,-0.0024780716128944835,-0.007651609768658196,-0.00010868197244301436,-0.00012076087296010105,-2.5353526768023826e-06,0.0004992969072580289,0.007910804677250916,-1.075002364820006e-05,0.0011405602277118065,-0.0035815611868967867,0.010842076254138355,-0.004100520932020846,-0.010000000000000009,0.004002301664576102,0.0016450248880800489,EIF2B3,1.0,1.0,0.0,1.0,1.0,1.0,1,3,1,0.7169773594364061,1
EIF2S1+ctrl,network,20260713,0.05954198081869444,0.029086235502268853,0.012736337702459744,0.050902231915531615,0.028483893794903015,0.2763332146019617,0.004493165761232404,0.003480580333571792,0.0069502652060103864,0.02014605138235362,0.0010592201724647999,0.030743800904223684,0.048147926341285174,0.0583204328557676,0.03863931364225204,0.029999999999999916,0.07669232162491174,0.027521397650741908,EIF2S1,1.0,1.0,1.0,1.0,1.0,1.0,1,4,1,0.33367386319370723,0
EIF3E+ctrl,network,20260713,0.08400908830239459,0.04519156738120145,0.04515117224276888,0.019571360415748112,0.03354944289506301,0.14423128957477271,0.003301119431853298,0.0024762179853903277,0.008064093179733556,0.014227125137303925,0.0006778533570468001,0.1653116775208478,0.027092727403169703,0.05532472826937129,0.1488044154757479,0.07,0.043216454807741334,0.042774052408902086,EIF3E,1.0,1.0,0.0,1.0,1.0,1.0,1,3,1,0.5226165755263349,1
EIF3F+ctrl,network,20260713,0.05603484097259448,-0.012737632529608467,-0.004416180343730092,0.002397270505300003,0.00896799354563299,0.026848106161006746,-0.0007918700575829038,-0.00024989387793317164,0.0006482939409637734,0.002155638844415414,-9.087938815360028e-05,0.09895348632881512,0.006544384753298327,-0.004233199494848461,0.052357934329737205,0.08999999999999997,-0.002275688567709322,0.010627608182500525,EIF3F,1.0,1.0,0.0,1.0,1.0,1.0,1,3,1,0.7831224346710105,1
EIF3G+ctrl,network,20260713,-0.036282626363804915,-0.013487689894683352,-0.01061206042697932,-0.027123894043896007,-0.004934794095853012,0.026160926338436807,0.0004404261708259999,-0.00032271357340851736,-0.0013159847087972354,-0.005505764103675009,1.607532612979976e-05,-0.00840274673368857,0.00040778466942614777,-0.019599049783345257,-0.00732673418575458,-0.010000000000000009,-0.028174383723859775,-0.007048771371788165,EIF3G,1.0,1.0,0.0,1.0,1.0,1.0,1,3,1,0.3046157550487529,0
EIF3J+ctrl,network,20260713,-0.013002493296285889,-0.03976248306024549,-0.030833287410373722,-0.007920104331000405,-0.015402485706181301,-0.08498995994217229,-0.0032605957239866985,-0.0018338070466765721,-0.002218641976798774,0.0028176619003620895,-0.000532002421096,0.007359822236411573,-0.012109540307645106,-0.008487962503351154,0.0201867971400721,0.019999999999999962,-0.025219948094559685,-0.012392379143815191,EIF3J,1.0,1.0,0.0,1.0,1.0,1.0,1,3,1,0.2960572400395116,0
EIF3M+ctrl,network,20260713,-0.04173247308012068,-0.038011496953912594,-0.03544235949899721,0.01622522110528049,0.0010989563330039975,-0.0820205633102763,-0.0011528525501489015,-0.0004024244788095599,0.00016508899860734338,-0.0038308629021779894,-0.00016070331912479982,-0.02497337217908213,-0.019714170216813764,0.040674420153487545,0.03328499739539992,-0.06,0.01547246111189099,-0.005875802074036263,EIF3M,1.0,1.0,0.0,1.0,1.0,1.0,1,3,1,0.664131624522618,1
EIF5A+ctrl,network,20260713,-0.021156550129530688,-0.05228818387824152,-0.05981486719523427,0.005974501251666042,0.012198572812141373,0.0244905559108608,-0.0039531942456961025,-0.0033019508244543916,-0.005910542444422018,0.012606579251055405,-0.0008089088369160999,0.007693533141394204,0.04611650183115845,0.059454159704581566,0.028666617208271003,0.0,-0.003800438284886909,0.007368983020540232,EIF5A,1.0,1.0,0.0,1.0,0.0,0.0,0,2,0,0.21732101033867016,0
ELP5+ctrl,network,20260713,-0.024291556879427106,-0.010541569313031962,-0.024705587983025135,-0.014519735797610123,-0.0020040036255979943,-0.019349848274504033,0.0006457595154643007,0.00022568045101978296,0.0009952700803036452,-0.0030785250275708054,6.39600912109e-05,-0.020198549134531618,-0.022764530959568097,-0.034415034709993186,-0.023401058583080586,-0.03999999999999998,-0.005363967844623785,0.0029087913613209393,ELP5,1.0,1.0,1.0,1.0,1.0,1.0,1,4,1,0.26928611818610937,0
EXOC7+ctrl,network,20260713,0.06374031563026639,-0.008028047766199142,-0.003856387452437826,-0.013978256802658462,-0.0022066001552540904,-0.07601234371202592,0.000137854367494597,-0.0002581893265359847,-0.0031916276527733656,-0.0012819303943867044,2.4166656658100236e-05,-0.024377296550157107,0.015104631463964124,0.011946208173618578,-0.04427157562100509,0.07,-0.011215177583804914,-0.0007371444338031274,EXOC7,1.0,1.0,0.0,0.0,1.0,1.0,1,2,0,0.6055215390791784,1
EXOSC10+ctrl,network,20260713,-0.343265968257113,0.008560616965239132,0.005300112845508909,-0.034352735339438,-0.006850316743991114,0.05257108357801721,-0.0044785719364880995,-0.002606237012564794,-0.007394536903781668,0.01064808113763338,-0.0006516932044178,-0.13821742524488378,0.014784381394739032,0.043125610376252066,0.041010944548829115,-0.27,-0.0422702959817271,0.004209207850505603,EXOSC10,1.0,1.0,0.0,0.0,1.0,1.0,1,2,0,0.4050002095579269,0
EXOSC2+ctrl,network,20260713,-0.10440108831008321,-0.0510636578318866,-0.04821527805895409,0.02021034402954769,-0.00223223475374551,0.03224525499263531,-0.0021693296730517994,-0.0032572703626324584,-0.007128721245320047,0.01647688081902071,-0.0008272812701762,-0.030890208512772466,0.00867627902709267,-0.032682041052464195,0.0002468814502030181,-0.09999999999999998,0.01733278309062708,0.003852564716688822,EXOSC2,1.0,1.0,0.0,0.0,1.0,1.0,1,2,0,0.7118852605461615,1
FAM50A+ctrl,network,20260713,0.06031958154451772,0.05101688086909539,0.05986082663847825,0.08876249531276642,0.026207201097044608,0.32008139079178466,0.003654118627309799,0.002461498628367198,0.0073168653275159645,0.02054230353803163,0.0008244419004769,0.1336416203846889,0.03948756963669242,0.07237328937576948,0.09263695632284252,0.07999999999999996,0.1042360886913486,0.024054398333629656,FAM50A,1.0,1.0,0.0,0.0,0.0,0.0,0,1,0,0.24916021351100925,0
FASTKD5+ctrl,network,20260713,-0.06091055445115198,-0.016865638783501447,3.435315646038717e-05,0.008315810184692712,-0.007518274788636592,0.057728880955273676,-0.004689294844865799,-0.0031314551653119915,-0.00790318968363557,0.00812092861928082,-0.0007504374952986999,0.0575768357237028,0.0363460140599835,0.03556545550750245,0.04654120453854599,-0.04999999999999999,-0.0046418462956011874,-0.004673479329034946,FASTKD5,1.0,1.0,0.0,0.0,1.0,1.0,1,2,0,0.38333396280880566,0
FCF1+ctrl,network,20260713,-0.0248960551812335,0.010547614566009944,0.021030919533900683,0.0026495289208104122,0.006814695788131514,0.033369593812132003,0.0010246895253658017,0.0005642856814059849,0.0009627901825115526,0.0022370300587258862,0.00014545687008640003,0.009864979010647978,0.006005037809219904,0.0163043119211973,0.020745852351327865,0.0,0.004969927434169519,0.0019646686650915957,FCF1,1.0,1.0,0.0,0.0,0.0,0.0,0,1,0,0.5714700992769537,1
FTSJ3+ctrl,network,20260713,0.0071479876366309925,0.07810774009537769,0.08112641423376288,0.020416262518487494,0.0073875386204773075,0.18256581378301173,0.0009623914957046995,0.00031831037343288404,0.0029308918773761627,0.013018400455370477,0.00010719546116890041,0.088985566129272,0.026022924603100517,0.04572446993776913,0.07487877429294809,0.06999999999999998,0.03142290674721143,0.012091771633859771,FTSJ3,1.0,1.0,0.0,0.0,0.0,0.0,0,1,0,0.34744171967685405,0
GFER+ctrl,network,20260713,0.14216692253565505,-0.005936557256609465,-0.0007198754162448529,0.034908091826819976,0.0031877500036839035,0.2055174109376411,0.0006145555526017969,-0.00012374420708682887,0.0013313134612843447,0.008626192127501792,-3.2495532650499994e-05,0.07937383635412032,0.028799058688932955,0.05798001036833056,0.07529915642496865,0.07,0.038463395824128804,0.007827005768365813,GFER,1.0,1.0,1.0,0.0,1.0,1.0,1,3,1,0.19088081812579477,0
GFM1+ctrl,network,20260713,0.28839123253309296,-0.026678901862109083,-0.016638483752826727,-0.011646363611300392,-0.01843054890601331,-0.08176353918325147,-0.0007892781868577003,4.7888271766383106e-05,0.0006024559920981831,-0.023561595873363816,-3.671337617559996e-05,0.2023991641833296,-0.04435814436935126,-0.036526018767477964,0.1565801247908572,0.23000000000000004,-0.023108679601524296,-0.031896728207749914,GFM1,1.0,1.0,0.0,0.0,0.0,0.0,0,1,0,0.6268323558589625,1
GNL3+ctrl,network,20260713,-0.22534608807189294,-0.07392729092231393,-0.09781275625903471,-0.04419579177347968,-0.026612431970739037,-0.11067937592981603,-0.0024523641914129014,-0.0025989089499236506,-0.004771976846860815,-0.007476585160135829,-0.0005650623934343,-0.16486278413524813,0.021803863830656467,-0.04445717721384923,-0.0944101888689392,-0.10999999999999993,-0.0489757944057608,-0.02299333460355424,GNL3,1.0,1.0,1.0,0.0,1.0,1.0,1,3,1,0.6456221858685385,1
GNL3L+ctrl,network,20260713,0.044073388438880756,-0.07504731184359165,-0.08735155668419897,0.0394857669680472,0.023942703189702763,0.24274903920725371,-0.001665936782956099,-0.0010170736784440582,-0.0010062741522509633,0.012406393841076585,-0.00024287035921590004,-0.04493285337121877,0.07310147837572412,0.06026552414970443,-0.023829308454955067,0.050000000000000044,0.03686254810519948,0.019947954800710543,GNL3L,1.0,1.0,0.0,0.0,0.0,0.0,0,1,0,0.5930652611844432,1
GPKOW+ctrl,network,20260713,0.2053448286442332,0.08313594127784052,0.06227555898760295,0.0604267044290242,0.03165694578722553,0.24624399322388246,-0.002500569447875099,-0.0010818450486808073,-0.003370608591666824,0.02991695735504199,-0.0002561579458415001,0.11219490696822354,0.03492229308989225,0.10158481622967108,0.057801479241446296,0.15000000000000002,0.05730298131911998,0.051378657136513795,GPKOW,1.0,1.0,0.0,1.0,0.0,0.0,0,2,0,0.5390318696463544,1
GRPEL1+ctrl,network,20260713,-0.08587409041277869,-0.1178331477718294,-0.12475758240748491,-0.004736694157235877,-0.020029747725638092,-0.027196902262340283,-0.002190979197621401,-0.002260849869701209,-0.0076407366896296125,-0.0025363485202758995,-0.0006011368241161,-0.2716454339663514,0.020379655275816755,-0.028135811032735547,-0.1963973610699549,-0.09999999999999998,-0.00017582721282261016,-0.029461152181501027,GRPEL1,1.0,1.0,0.0,1.0,1.0,1.0,1,3,1,0.19261461227278462,0
GTF2E1+ctrl,network,20260713,-0.0264855230635902,-0.0046456272714541225,-0.006703570632827005,0.015359865818459717,0.003571240167987294,0.01953928587549797,-0.0019878428429364985,-0.000592357026322321,-0.0015839404473575458,0.007131350136530185,-0.00020311388652769987,-0.07707297691196197,-0.010967980586716997,0.011056393091072536,-0.06829130735085032,-0.019999999999999962,0.0064115183969020995,0.005849975961930376,GTF2E1,1.0,1.0,0.0,1.0,1.0,1.0,1,3,1,0.25808895012999383,0
GTF2E2+ctrl,network,20260713,-0.10907470230168326,-0.010336653670198537,-0.00919180633185801,-0.0642434770821377,-0.009506205838051285,-0.1373021092843797,-0.003932211548089901,-0.0014381855436705893,-0.0021774236301483896,-0.01312951233798687,-0.0004965149564667998,-0.1716301326113,-0.02738642379534284,-0.025252971994759066,-0.11874277308805486,-0.16000000000000003,-0.0760442428835234,-0.02312313428368995,GTF2E2,1.0,1.0,0.0,1.0,1.0,1.0,1,3,1,0.31300364494440297,0
HAUS5+ctrl,network,20260713,-0.04861273487048556,0.020081316807096128,0.022524128067693994,-0.012040980239425708,-0.00585269905678229,-0.0010213621753142887,-0.0009463801980017991,-7.364837644596722e-05,-0.00030932547687179124,-0.0006036989684785055,-5.3598254453399944e-05,-0.031056358843940313,-0.012738199106287373,0.0003487480409166688,-0.015863872648479715,-0.07,-0.011251945081982101,-0.007433288497204038,HAUS5,1.0,1.0,0.0,1.0,1.0,1.0,1,3,1,0.48491939951818785,1
HEATR1+ctrl,network,20260713,0.1654777421979028,0.014418138959685689,0.01568175076445233,0.07560738074832743,0.025014646650687422,0.1531114702435964,0.006823217496275898,0.002210538235825399,0.0052336689539044245,0.024273545060784996,0.0007439086330124,0.06780439866696053,0.0832504481331523,0.08154316730481692,0.08522306319310391,0.13,0.10499604811477231,0.0283456989147699,HEATR1,1.0,1.0,0.0,0.0,0.0,0.0,0,1,0,0.512404816692505,1
HGS+ctrl,network,20260713,0.020165024487144467,0.0009626393402710764,0.0008554802363777148,0.009349645585807809,0.010635705149055819,0.19903785094994553,0.000670999288558901,0.0007244296720011478,0.0021633317665851193,0.0088543064543328,0.0001715963007881999,0.07993594129309589,0.01222348613750568,0.0038616792602554906,0.06009987335568873,0.019999999999999962,0.03194028594065651,0.01015600083110857,HGS,1.0,1.0,1.0,0.0,1.0,0.0,1,3,1,0.26491280796351085,0
HIRA+ctrl,network,20260713,0.03749571420607009,-0.03365826168376107,-0.03240024505750261,-0.033204547822849595,-0.024712844645179616,-0.020136089962094927,-0.006639067083597201,-0.0029293540893537973,-0.007870722291474563,-0.013541254361860905,-0.0008137859986164,-0.030821660883381702,-0.031845936899574045,-0.03807330930450736,-0.026713847925167095,0.009999999999999981,-0.0459055784895358,-0.04303559948089186,HIRA,1.0,1.0,0.0,1.0,1.0,1.0,1,3,1,0.6788419909083688,1
HNRNPH1+ctrl,network,20260713,-0.002938485519262124,-0.02208148610707983,-0.0010393714361853212,0.027882274916237904,0.012638165382345246,0.08039091005821608,0.0027445312589407,0.000785867086138814,0.002525622702247765,0.003236752411051508,0.00035918201319870037,0.02420361476765942,0.03457750592929243,0.03508191403869276,0.014924702763459807,0.01999999999999999,0.04473707205918742,0.011399313896143903,HNRNPH1,1.0,1.0,1.0,1.0,1.0,1.0,1,4,1,0.5404250112725081,1
HNRNPM+ctrl,network,20260713,0.06320151100797752,0.008250691969463375,-0.011548610538942072,0.03560267005299969,0.02382421971353299,0.023448352546517115,0.007113814353942899,0.002433400860473389,0.004447440586840767,0.014304704403621582,0.0008987940382211999,-0.03632676709190169,0.10167148067120702,0.013861573324653209,-0.03157434237309839,0.020000000000000018,0.06189254946349759,0.022100733395777783,HNRNPM,1.0,1.0,0.0,1.0,1.0,1.0,1,3,1,0.3128943602929758,0
HNRNPU+ctrl,network,20260713,-0.05588195498086612,0.01455443533872497,0.008947033277683009,-0.016189493556691303,-0.014981932801669484,-0.27713299917822987,0.0018303338438272997,0.004505089707663168,0.002787975183585978,-0.028821329481027003,0.0010841938201337999,0.25983589781583,-0.05858092034491513,-0.07513434104738848,0.07024814546535818,0.0,-0.01265731490060179,-0.015554454604410961,HNRNPU,1.0,1.0,1.0,1.0,1.0,1.0,1,4,1,0.2744810627011528,0
HSCB+ctrl,network,20260713,0.07057326781952039,-0.12688166656903643,-0.11192844655138923,-0.031144259318523992,-0.0009258103096991821,-0.04867241653397458,-0.0014403928071261007,-0.0006934169543806323,-0.0023225381729011785,-0.007554211898575525,-0.0001976184430531999,0.0846903858469894,0.002581056794364489,-0.011264179028066978,0.04643024733522799,0.07,-0.0313054939103736,-0.012473205068166071,HSCB,1.0,1.0,0.0,0.0,0.0,0.0,0,1,0,0.32806798272017845,0
HSD17B12+ctrl,network,20260713,0.05902417366326679,-0.0015058229200654027,0.0008120376139880703,-0.014253073135407301,-0.004381183763629115,-0.027495157400107773,0.001856524497270598,0.001472128422553065,0.006465245515493212,-0.006930130939642509,0.0003271725727245001,0.2141390974979533,-0.010284319731377556,0.02270929907575192,0.18406685378309168,0.06,-0.0158325800887002,0.0006042875338795328,HSD17B12,1.0,1.0,0.0,0.0,0.0,0.0,0,1,0,0.19325995099081583,0
HSPA8+ctrl,network,20260713,0.003593837817130907,0.012378337419449714,0.005307165187394602,0.017560016991461203,0.00032103610065520316,0.04593520359051528,-0.0007222108542918951,0.00027926273864098405,-0.0003665411186792866,0.007610289897742484,-9.732320904700525e-06,-0.04125287607321321,0.007335358478764098,0.001109225535489533,-0.0538862830613438,0.010000000000000009,0.012509080034002251,-0.005557821255202766,HSPA8,1.0,1.0,1.0,1.0,1.0,1.0,1,4,1,0.8345682910957747,1
HSPE1+ctrl,network,20260713,0.22571088562733477,0.08679050664173227,0.06652479502749331,0.09722567360043533,0.07658740731559388,0.4197716892443516,0.005208417773246703,0.005300758064755939,0.00863872920257247,0.03197479304637102,0.0013748065102845998,0.19417804711531494,0.032498468066350594,0.1719304032875253,0.1537376614504693,0.23000000000000004,0.11392392537840801,0.07158882389421328,HSPE1,1.0,1.0,1.0,0.0,0.0,0.0,0,2,0,0.17045447271958392,0
IGBP1+ctrl,network,20260713,-0.0027003989483702084,-0.020156234937905526,-0.019377511266460923,0.011148389324190905,0.0055704007004663825,0.12281862105307628,-0.0014964304864405996,-0.0005883394390896468,-0.0035462872547035174,0.0070248576444356114,-0.00019600125961010003,-0.08684247310960741,-0.015994112025404128,0.008330843410610522,-0.07695689458781671,-0.019999999999999962,0.019832590665253114,0.009973601175930047,IGBP1,1.0,1.0,0.0,1.0,1.0,1.0,1,3,1,0.22693208355801625,0
ISCU+ctrl,network,20260713,0.07658375646591067,-0.030186903324962877,-0.01937905222795111,-0.004307560186904702,0.0030520359368482186,0.1484074772226216,0.000703405588865301,0.0014487798384181794,0.0007131581849869617,0.004708895956353515,0.00028313114307820016,0.1454504748202221,0.0004440340065258175,0.036527371299291955,0.08304201544847453,0.05999999999999997,0.012644911375453816,0.008303973498213324,ISCU,1.0,1.0,1.0,1.0,1.0,1.0,1,4,1,0.19037325196316937,0
KRI1+ctrl,network,20260713,0.42597573480810214,0.038269006993761456,0.04458610008421071,0.10360116656066304,0.009007019212322276,-0.02490902911095183,0.0049701947718859,0.003925446696295576,0.005104021069018416,0.003304189053455475,0.0010733251692727,0.33944375280831757,0.016793012244819328,0.08407870791089822,0.16239813992206065,0.32999999999999996,0.10929342481507381,0.0044704233561700946,KRI1,1.0,1.0,0.0,0.0,0.0,0.0,0,1,0,0.5176944361201087,1
LSM4+ctrl,network,20260713,-0.0595463722555204,-0.058028220484347304,-0.053852436649482804,0.011878064721868281,0.012416518124761966,0.04284914322566147,0.0007136724889277996,-2.3920996036208564e-05,-0.0009608814144584921,0.013004532836643823,2.8388225473499965e-05,-0.0017620242296891853,0.019425526421146366,0.026086940773906497,0.008907509380671419,-0.009999999999999898,0.014911714385932973,0.013709934214161779,LSM4,1.0,1.0,0.0,1.0,1.0,1.0,1,3,1,0.7870338738934104,1
MAGOH+ctrl,network,20260713,-0.045230328135409004,0.03844260340768213,0.01983162318556675,-0.009293249360217415,-0.006441425759291491,-0.09755792891676573,-0.004267072305083202,-0.00014551696634979017,-0.0012138410405534428,-0.014119619233282504,-0.00034181540831930033,0.003949810899151418,-0.03413648040162098,-0.002067356175885604,-0.003804154341572774,-0.030000000000000027,-0.023442975134568722,-0.020996257443094968,MAGOH,1.0,1.0,0.0,1.0,1.0,1.0,1,3,1,0.2756515358576982,0
MCM10+ctrl,network,20260713,0.10492637878206434,0.02035679072680119,0.008990813030214317,0.008935910816899706,0.016674026361470418,-0.044427925632172016,-0.00031686574220650063,0.0013413521999786626,0.0019995220639810185,0.010239494196696092,0.0002836107742042,0.08768492271399864,0.007147785890644354,0.058013423388923346,0.032370419554505925,0.040000000000000036,-0.004485130620921263,0.010012533822829073,MCM10,1.0,1.0,1.0,1.0,0.0,0.0,0,3,1,0.3260343523367522,0
MCM3AP+ctrl,network,20260713,0.02095753308830678,-0.007333235771161517,-0.0006072181132267818,0.006328403801703852,0.03766189342219167,0.32720921420813254,-0.0023461077362299,-0.003205265943664437,-0.008485392819619464,0.0409931343980828,-0.0005899912212043998,-0.049283463306176334,0.08505132581522079,0.13235470230173585,0.0289010537828166,0.009999999999999981,0.014967081440003804,0.05194591681482974,MCM3AP,1.0,1.0,1.0,1.0,1.0,1.0,1,4,1,0.4265587920768491,1
MDN1+ctrl,network,20260713,-0.21355379061289642,-0.05342665647746758,-0.07109591727356812,-0.0202206816345345,-0.01791895644499425,-0.07859555241634564,-0.0012312624603510007,-0.00025748181405516046,-0.0034044890091191604,-0.016603106445173987,-5.7869357988199954e-05,-0.12714037531145517,0.0025724999793701464,-0.05047298648061904,-0.14927859136745147,-0.20000000000000007,-0.01651847220526012,-0.011100292334498829,MDN1,1.0,1.0,0.0,1.0,1.0,1.0,1,3,1,0.29489711930746704,0
MED20+ctrl,network,20260713,0.015144056807849582,-0.025568571020317177,-0.025059036656059464,-0.005967594133676313,-0.00515290416287667,-0.047464802509105286,-0.0018519815057515994,-0.001493820494621767,-0.0009960945998916948,-0.007855253492229097,-0.00041480432264509983,0.018759058035950016,0.01352932355525005,-0.03828064955916832,0.021047414154169553,0.010000000000000009,-0.018268376262753266,-0.008378165101100121,MED20,1.0,1.0,0.0,1.0,1.0,1.0,1,3,1,0.24094523738303747,0
MED26+ctrl,network,20260713,0.03806136042335567,0.027991961553751554,0.018813979551698667,-0.0019400950348646973,0.0127259686910689,0.006538706746731682,0.004450526088476202,0.005087475559987564,0.009327402850316968,0.0036536808426876066,0.0012675975449382999,0.0341398558580529,0.002936528012461914,0.015625276743506333,0.01612535171778809,0.0,0.009394304470625725,0.006912157211587111,MED26,1.0,1.0,0.0,1.0,1.0,1.0,1,3,1,0.3466594499169088,0
MED31+ctrl,network,20260713,-0.006296884065616126,0.011220307806346197,0.015240678425444909,0.03480433332004368,0.004802259525148012,0.08902091974896409,0.003136452287435497,0.003619429506502181,0.006912410603168162,-0.00041367373347700465,0.0008894512429833005,0.006579263181885897,0.0010899858174067134,0.01642375226888715,0.003991505446913679,0.010000000000000009,0.04541289874521931,0.0008380440858255511,MED31,1.0,1.0,0.0,1.0,1.0,1.0,1,3,1,0.24485061166143257,0
MED8+ctrl,network,20260713,0.08716687285039726,0.013000752891213718,0.01183521664865772,0.015095572832732995,-0.002362704007920602,-0.011052795972114393,0.0017800703644753023,0.001476750643103264,0.003244568001782744,0.0014652485432038176,0.0003423015587032002,0.0381380640731509,0.01684648335064154,0.006876933278796571,0.03993000875111696,0.07000000000000006,0.014886183385631413,0.001200272361495558,MED8,1.0,1.0,0.0,1.0,1.0,1.0,1,3,1,0.39191157602474547,0
MFAP1+ctrl,network,20260713,0.11612802010463175,-0.009790609511834858,-0.0181551171823765,0.013167892508634538,0.0037457560341586926,-0.04778921053723362,0.0021590106189251015,-0.00041756095159983797,-0.0016435885617829271,0.0036674143767188028,0.00012703542597599987,0.034991531832972655,0.023885345911668243,0.052694796318229487,0.018174333161586564,0.050000000000000044,0.021170703855250106,0.02046740368346045,MFAP1,1.0,1.0,1.0,0.0,1.0,1.0,1,3,1,0.45084885936067004,1
MRPL18+ctrl,network,20260713,0.193789161990016,0.057529383045788474,0.04563864776454529,0.026723239828988693,-0.009986460764503297,-0.1053630367876276,0.0036113150417804996,0.0022732691504477875,0.004113900644555968,-0.016349829905443092,0.0005914825596847,0.4132964662113283,-0.024038126631136025,0.012533158699793767,0.24496303183790738,0.2,0.030939119892352485,-0.02375819255715972,MRPL18,1.0,1.0,0.0,0.0,1.0,1.0,1,2,0,0.3823933350066144,0
MRPL3+ctrl,network,20260713,-0.0005970836654163314,-0.00977751284454298,-0.012164753406655238,0.008958314079104107,-0.0008406878829422815,0.05037116700158728,0.00037382263690239996,6.755996948026866e-05,0.000228957632654625,0.012617992405472317,1.4246907085200015e-05,0.0036927266454492846,0.000708388644850122,0.003714210176944177,0.01971976372330858,0.040000000000000036,0.014040931606637302,-0.0016922326560933065,MRPL3,1.0,1.0,0.0,0.0,1.0,1.0,1,2,0,0.41297443721195454,1
MRPL32+ctrl,network,20260713,0.19439520547002082,-0.013508147372452428,-0.008349626210730099,0.0482018582174734,-0.005368441153255299,-0.09000054489779613,0.001028537750244099,0.0004545418531192169,0.0010697613316463794,-0.005595236757940603,0.00014219526201490003,0.0792601575796239,0.0104853031888692,0.00124519186637706,0.03725218088552812,0.10000000000000003,0.044806832871711194,-0.006588035901000877,MRPL32,1.0,1.0,0.0,0.0,1.0,1.0,1,2,0,0.19261764454378918,0
MRPL38+ctrl,network,20260713,0.07208597665877159,0.019273365679172927,0.02908249594781276,0.01628109047123691,0.006196209288766408,0.15167131125568178,3.545545041560086e-05,0.0002032405917112845,0.00044523551328301547,-0.0002304265933538996,3.485259367159998e-05,0.07274201247213058,-0.004696726292182096,0.015524409872233913,0.05411105984045467,0.07,0.02270553084577931,-0.0002824137333243826,MRPL38,1.0,1.0,0.0,0.0,1.0,1.0,1,2,0,0.24988272554631724,0
MRPL4+ctrl,network,20260713,-0.027595895161711098,0.008162532210895468,0.012495093589507733,0.0177824232936159,0.005396521011605537,-0.0527167360167039,0.0008053407073021004,0.00024831548188963826,-0.001252187737499133,0.0007977475763953912,9.694200707599998e-05,-0.010732746216223943,0.035682583557463565,0.002188318088336305,-0.06232663688509141,0.01999999999999999,0.014671578031017207,-0.008315012768799868,MRPL4,1.0,1.0,0.0,0.0,1.0,1.0,1,2,0,0.42037965382714365,1
MRPL49+ctrl,network,20260713,-0.0545568602662696,0.01532267216416483,0.019547247788641364,0.02532000728659839,-0.0007517606365878837,-0.0036883698071030757,0.001154821366071701,0.0006809003544812064,-0.0002988581198656304,-0.0034325055531944093,0.00028002355247739967,-0.0230748957891993,0.008125006174189764,0.0008498078531616882,-0.012464335650314698,-0.04999999999999999,0.027399728366100495,-0.0037642859275202056,MRPL49,1.0,1.0,1.0,0.0,1.0,1.0,1,3,1,0.4386315548878312,1
MRPL50+ctrl,network,20260713,0.052752532453149314,-0.0004905047860379597,0.006504081721479982,-0.006060409491800506,0.0013400958509726113,-0.02624273760458462,0.00033993553370230065,0.00019948430846605802,0.00038224513528983817,0.002351740228696886,4.25173202529001e-05,0.024337979297730628,-0.01322726422499676,-0.013792082788974036,0.02240341174682481,0.010000000000000009,-0.003079129476502518,0.006089480908837208,MRPL50,1.0,1.0,0.0,0.0,1.0,1.0,1,2,0,0.28649695647188517,0
MRPL54+ctrl,network,20260713,0.06050483417469371,0.004845859039004363,0.01846757408474059,-0.010684607058633916,-0.012565917296289586,-0.060907228669096425,0.00014285556972030294,4.643986092067731e-05,-0.0001963717518596031,0.0004771406478276119,1.0363000910700005e-05,0.04568421051243038,-0.001181032276928784,-0.006005557713944398,0.036905106119597186,0.06,-0.012370890579945476,0.004086378404375646,MRPL54,1.0,1.0,0.0,0.0,1.0,1.0,1,2,0,0.45632056720647746,1
MRPS11+ctrl,network,20260713,-0.016402899244061908,-0.0134071356374027,-0.02782045020305779,0.008911512798306098,0.0021211179783967027,-0.014022670683453753,-4.7663226723698715e-05,-0.0001355157432223475,-0.0007870451369837994,0.000678064796167499,-1.7551938071800016e-05,-0.028503810179051126,0.004552211932425054,4.2438396417154856e-05,-0.023107208125397516,-0.06,0.0067739751379923,0.0002188988724558527,MRPS11,1.0,1.0,0.0,0.0,1.0,1.0,1,2,0,0.34861809487498874,0
MRPS14+ctrl,network,20260713,0.0028707417253633905,-0.007241809492063711,-0.008340421657943298,0.027062709823916398,0.005321607142677209,0.1436708632073087,0.0005395896732806986,-1.7335590885569907e-05,-0.0011899077595961538,-0.0019205188313204946,4.0183076635000054e-05,0.005791549218685743,0.015289412239753553,0.010547183907776647,-0.005271036345985303,-0.010000000000000009,0.03765288112724818,0.0018155528486784034,MRPS14,1.0,1.0,0.0,0.0,1.0,1.0,1,2,0,0.3098167488588997,0
MRPS18A+ctrl,network,20260713,0.00923249698127937,-0.005325906554150994,-0.013496569076608456,0.008744231222464205,-0.0038084822368471827,0.07050770945870588,-0.0001318976283073009,2.184016512163378e-05,-0.0002770910510836444,0.0006947975400418971,-1.9278377300004784e-07,-0.001700712953908723,0.0021841202776889945,0.0011160788886681594,-0.000947757589978615,0.010000000000000009,0.005397568541779196,0.00497375439989145,MRPS18A,1.0,1.0,0.0,0.0,1.0,1.0,1,2,0,0.27432657940443206,0
MRPS24+ctrl,network,20260713,0.04607665485018586,-0.012147418468313353,-0.0247626574371419,-0.04145250186785651,-0.015444239889561312,-0.2251418802568919,-0.0004245992749928977,-0.00011858824521837619,-0.0007320267887656051,-0.02518910866691021,-5.01771573909e-05,0.12093786564008013,-0.018731915207647942,-0.0500556019356343,0.050436154916215115,0.06,-0.051780065774062994,-0.0307077289618658,MRPS24,1.0,1.0,1.0,0.0,1.0,1.0,1,3,1,0.20944732822544496,0
MRPS26+ctrl,network,20260713,-0.049478932347263915,0.0022337458449792624,-0.0014235850602484224,-0.014015836770417983,-0.006715585263189661,0.0762355691672198,-0.000924604013562199,-5.147364183555325e-05,-0.0008707925148317974,-0.0016978750362925121,-4.710326902569999e-05,-0.06694732767803324,-0.016207271547005853,-0.0252775675644078,-0.0530642752851434,-0.03999999999999998,-0.014590563339683699,-0.002414267979988227,MRPS26,1.0,1.0,0.0,0.0,1.0,1.0,1,2,0,0.4646844604098582,1
MRPS27+ctrl,network,20260713,0.006058377737670706,0.008945070503661223,0.01215209193993072,-0.006668856258358835,0.0011811157770896807,-0.05223823269928507,-0.00021838210523130244,-0.0001953931457593372,-0.0011148248374239778,0.008150672429341616,-3.209756687280003e-05,-0.029027862025710616,-0.0011633963321064922,-0.004027567967733403,-0.04287218874801574,0.02999999999999997,-0.007676306091072782,0.007016101609188419,MRPS27,1.0,1.0,0.0,0.0,1.0,1.0,1,2,0,0.5149034379386356,1
MTPAP+ctrl,network,20260713,0.3200876407676493,-0.019400717911977283,-0.026274028422632156,0.060964100960202994,0.021081022493017243,0.10296193152940258,0.0033178534358740026,0.002920717070001966,0.003914245548663597,0.0109842298061551,0.0007276842370629996,0.25183140570146023,0.029756398812145313,0.083110206361236,0.21002901835846788,0.27999999999999997,0.08254663642030785,0.013650531860823767,MTPAP,1.0,1.0,0.0,0.0,0.0,0.0,0,1,0,0.6037724452138512,1
MZT1+ctrl,network,20260713,0.017942501165430613,-0.04500741859763824,-0.022409745869495845,-0.013681053332121607,0.0010329042738048966,0.03661807541743911,0.00010092929005619741,-0.00092337989781488,-0.0013238125489842822,0.012640142399746604,-0.00016929552657529994,-0.09665202774056139,0.023858567148286602,-0.0005236636758946256,0.0164265861470346,0.04000000000000001,-0.010167991856908393,0.002557744055730893,MZT1,1.0,1.0,0.0,0.0,0.0,0.0,0,1,0,0.2536214392719283,0
NAA15+ctrl,network,20260713,0.07782960812251441,-0.011361504274448153,-0.023817066713616997,0.010758709300523,-0.0031830856472376823,0.08669045547123044,0.0005941428244113992,0.00021129625786042716,-7.564070702559267e-05,-0.011782578930386312,0.00010519404895609989,0.1491893342046049,0.00363567577967272,0.008208077551462578,0.0637266538236693,0.13999999999999999,0.01661222206516838,-0.005335472565906829,NAA15,1.0,1.0,0.0,1.0,1.0,1.0,1,3,1,0.5425003193229043,1
NARS+ctrl,network,20260713,0.21564168989927174,0.004639536778410447,-0.010908522358548667,0.017992254359487897,0.02364181547048616,0.07633845202193301,0.005041783675551401,0.004092217945529608,0.0072458488338340565,-0.0010540763043558887,0.0010541600640863,0.13154947041509812,0.031482449443211546,0.09669107378446962,0.11745446026795292,0.14,0.03393217843565155,0.023703458659170673,NARS,1.0,0.0,1.0,0.0,0.0,0.0,0,1,0,0.5998231806649107,1
NBAS+ctrl,network,20260713,0.04190602055144489,-0.07095401588076755,-0.08908507837183072,0.0357519955387976,0.0014799878414629708,0.09130372166385403,0.0012348555028438984,-0.0001126229781759358,0.0003824551104597562,-0.008636794208860044,2.5648390874200054e-05,0.05917921428698761,0.05222569342886074,0.030537738064198905,0.0794770123815656,0.09,0.037430801821306314,0.000951471242310209,NBAS,1.0,1.0,0.0,0.0,1.0,1.0,1,2,0,0.6721823327012071,1
NCAPH+ctrl,network,20260713,0.0037942365648848952,0.028063735635908693,0.018088744236894216,0.019036597438600505,0.016140765092089948,-0.03257464030557966,0.0007204134017229011,0.001542424544331955,0.003738175637527208,0.010506454391128212,0.0002976082032546,0.1688288106412893,-0.007400938658661094,0.042866445248983975,0.08133604971473313,0.04999999999999999,0.02156989642413093,0.025185932950088752,NCAPH,1.0,1.0,0.0,0.0,1.0,1.0,1,2,0,0.5645618565088076,1
NDC80+ctrl,network,20260713,0.1557182712048366,0.06336795457718547,0.04456459651646305,0.06242440014736181,0.0240145919783388,0.38253889201543134,0.0031592361629009004,0.0007667915926724556,0.0024388080975523696,0.0122062792560384,0.00038457894697790007,0.2040462849058201,0.020866603556316754,0.07337308813995524,0.11155658976477567,0.10000000000000003,0.10048225856947335,0.029015884675931414,NDC80,1.0,1.0,1.0,1.0,1.0,1.0,1,4,1,0.5366250783763342,1
NDUFA8+ctrl,network,20260713,0.1219258572824029,0.02099045043989267,0.026893882278552994,0.0012616465279083056,0.0019662643843531002,-0.0791467936759499,0.00047633051872250295,0.0002555851632434214,0.0013559062622365836,0.003651137956788897,4.0535582229500036e-05,0.1307216419211717,0.002324874325726811,0.011915032819950766,0.0778946987072659,0.10999999999999999,-0.0038639138791574934,-0.0051319582753074355,NDUFA8,1.0,1.0,0.0,0.0,1.0,1.0,1,2,0,0.24666935548962787,0
NEDD1+ctrl,network,20260713,0.0651952762555682,-0.06894977620348708,-0.044021898090451705,0.017047657770495217,0.030230880678065397,0.1467267021975352,-0.0004727989435195992,-0.00038011269216320365,-0.0013024884286687577,0.02733021920025011,-9.901687735689997e-05,0.0337634107115482,0.004664261140312709,0.06916932526299924,0.0011198303373725071,0.09,0.02458195784504158,0.04569424778322195,NEDD1,1.0,1.0,0.0,1.0,0.0,0.0,0,2,0,0.4811699786249136,1
NELFA+ctrl,network,20260713,-0.013650287915178028,0.03175344021487492,0.01613022499534361,0.0018152146765477717,-0.004680235788318776,-0.1542328710785441,0.001631623134017001,0.0013972833702724508,0.0036719892281867894,-0.023171223087410486,0.0003038614522665999,-0.06904860574214738,-0.03989328776171819,-0.12111446072106014,-0.0475747206628587,-0.02999999999999997,0.016741791026251507,-0.013836616101810195,NELFA,1.0,1.0,0.0,1.0,1.0,1.0,1,3,1,0.3766572670241666,0
NFRKB+ctrl,network,20260713,0.061255551368444905,-0.027999520764048436,-0.020045070306972113,-0.006616108800580611,-0.0006825307688315962,0.1926869583764963,-0.0026709455996751993,-0.0028253759778271714,-0.0026528799941791803,0.02740065578083442,-0.0007083277450874001,0.12415923201266099,0.035385913042362827,0.08228704171873857,0.11137326868427669,0.06,-0.009099439856844693,0.0045473346108437784,NFRKB,1.0,1.0,0.0,1.0,1.0,1.0,1,3,1,0.3930709025295937,0
NOL6+ctrl,network,20260713,-0.06054257124058471,-0.001071229696735343,0.003483127417354681,-0.0368196523097675,-0.008907608833869707,-0.16047965779425188,-0.0008631013333797975,-0.00016164362151993572,-4.6379713856459226e-05,-0.004906797993807777,-0.00010440160986039998,-0.00628244215622642,-0.017431307799203433,-0.05181437931238608,0.011578007773741739,-0.039999999999999925,-0.046508765912271294,-0.008680011451697167,NOL6,1.0,1.0,0.0,0.0,0.0,0.0,0,1,0,0.46913698901924206,1
NOP10+ctrl,network,20260713,-0.39889041612339354,-0.0031339477467464683,-0.009888016332661786,-0.0440011212506555,-0.024509299178816668,-0.03881695599224766,-0.0032449848949909,-0.001119913624270441,-0.0004963804998551202,-0.00026026763064929126,-0.00042734219459809994,-0.2564523801653759,-0.03176632089604925,-0.0797593602014417,-0.11755354588517186,-0.26999999999999996,-0.05588457484713258,-0.020082215269483616,NOP10,1.0,1.0,0.0,0.0,1.0,1.0,1,2,0,0.21523627459549166,0
NRBP1+ctrl,network,20260713,-0.0671063890935068,0.004558105981919747,-0.005031831292478306,-0.04982517063098579,-0.041167752579982286,-0.3439983523832101,-0.0036616474390029977,0.000929299287282026,-0.0017738217351231933,-0.0368252775211807,-0.00022274185903370033,-0.2467797759823911,-0.07531054733905063,-0.14816733284937755,-0.1760095380803814,0.0,-0.07832650188008372,-0.046662886814733406,NRBP1,1.0,1.0,0.0,0.0,0.0,0.0,0,1,0,0.39456094140037035,0
NSA2+ctrl,network,20260713,0.02588344990603486,0.0014793403063085853,0.002064690724984497,-0.0121317889354082,-0.021889623882660803,-0.06164120764127823,0.0007482636719941989,0.00029705439519245314,0.0006800905712199823,-0.012626751423795712,7.825420470909997e-05,-0.0034056416605708906,-0.018681618958412805,-0.028257364382316408,-0.011033313284975033,0.06000000000000005,-0.009259208443197303,-0.008183167319398388,NSA2,1.0,1.0,0.0,0.0,0.0,0.0,0,1,0,0.248515610657371,0
NUBP1+ctrl,network,20260713,-0.020919547000820715,0.01062976763277712,0.0022430131668933484,-0.02222206322875589,-0.016987783463552703,-0.05489323100809329,0.0018338188529013998,0.0010323091997047618,0.0017211078202623575,-0.018497207914250996,0.0002728668623604001,-0.030734817752677224,-0.04595080008232033,-0.050619315304166634,-0.03603675579753918,0.010000000000000009,-0.00566817043673018,-0.027225389732952743,NUBP1,1.0,1.0,0.0,0.0,1.0,1.0,1,2,0,0.2713715614389949,0
NUDC+ctrl,network,20260713,-0.0019031859759804093,-0.0008868020806878096,0.024147114631908106,-0.011035857257960496,0.012379994372890724,0.1168547990323544,-0.006573203951120401,-0.0045264173350595405,-0.009307738068309646,0.026701813040153982,-0.0011293082498014,0.08385999184206583,0.06000641353374392,0.08539121344268985,0.06407646591758051,0.010000000000000009,-0.0351542169599901,0.011156020067284333,NUDC,1.0,1.0,0.0,1.0,1.0,1.0,1,3,1,0.8414881547158479,1
NUP54+ctrl,network,20260713,-0.1112390537165523,0.035243296233189114,0.04413180440629072,-0.0098518254697533,-0.015623130354184417,-0.1289963961005396,-0.0021016504615544995,-3.024040456223176e-05,-0.005681890428024583,-0.026084417191978293,-5.759485065939991e-05,0.0014052304652004688,-0.04390785832503519,-0.017498344254082143,-0.04069011585355786,-0.06,-0.01473107235910101,-0.02559174288181909,NUP54,1.0,1.0,0.0,0.0,1.0,1.0,1,2,0,0.6072345394642318,1
NUTF2+ctrl,network,20260713,-0.21540446294565802,-0.025083612291033286,-0.024539225533318443,-0.00074326792190893,-0.04035906975588749,-0.20826764493576144,-0.0051448084414005,-0.004216153959842206,-0.0117213780553308,-0.014862771955803489,-0.0012008778285236,-0.21579132645655363,-0.05884439542292952,-0.1547941009695949,-0.225034301496564,-0.14,-0.036781175802578336,-0.03238932515750759,NUTF2,1.0,1.0,1.0,1.0,0.0,0.0,0,3,1,0.182500108142927,0
OGFOD1+ctrl,network,20260713,-0.0410344264264276,-0.020138203319083392,-0.029758415525970083,-0.0033678355056014075,-0.028397968008528618,-0.0322711608993424,0.0005375053733587994,0.0005966515914463955,0.0023099832192956526,-0.012881769828437611,5.631917156279998e-05,-0.09692931577967237,-0.00370080326032185,-0.039476141518039576,-0.05208323345009641,-0.04999999999999999,0.002919817349966991,-0.03305278717216109,OGFOD1,1.0,1.0,0.0,0.0,0.0,0.0,0,1,0,0.2013665529745279,0
OPA1+ctrl,network,20260713,0.028515612638724097,0.06588335810407098,0.0501508460857778,0.0002660861224837996,-0.011435380908139003,-0.025423892523075475,0.0019462462514639005,0.0013789069817452537,0.0039468674777694,-0.013792037241034893,0.00037937890738249996,0.04191608987147594,-0.0012866305518239862,-0.00983651892144255,0.031095817868579012,0.0,0.010510126889093196,-0.016620091550996863,OPA1,1.0,1.0,0.0,0.0,1.0,1.0,1,2,0,0.3461184620083676,0
ORC5+ctrl,network,20260713,0.09975215616751562,0.07967286390227202,0.06552890185287691,0.04404416583232029,0.0032560723899681676,0.0720299798027439,0.0007720310240983998,0.0003158162156527977,-0.00014797925392251443,0.006376193366998184,0.00011478026863189991,0.11231533744443334,0.033630783882578785,0.037780580316629786,0.040985198305242276,0.02999999999999997,0.044653936225148405,0.00896355850305841,ORC5,1.0,1.0,0.0,0.0,1.0,1.0,1,2,0,0.28873145928018085,0
OXA1L+ctrl,network,20260713,0.47298357956734133,0.036037495554524734,0.04187670747503347,-0.007660314283429309,0.022211090688386503,-0.15155877956142866,0.005925469100475301,0.0036513982407856416,0.006514131164149672,-0.0016321424142443086,0.000924626365304,0.3556978345582676,0.0027262366903044732,0.06044257278712484,0.29952997841235,0.33,0.00512965066216059,0.020627863286870718,OXA1L,1.0,1.0,0.0,0.0,0.0,0.0,0,1,0,0.3096906849944455,0
PAM16+ctrl,network,20260713,-0.03902952723883912,0.0035022709139369557,0.0013302985253638155,-0.02806931788137751,-0.003028394934740719,-0.018928089479703702,-0.0006907973438501983,-0.0003395841612131578,-0.00027673726988119984,-0.002849378718314033,-0.00012750097084790013,-0.01022392102703562,-0.009296088342150788,-0.015646168018638607,-0.008479866561106553,-0.020000000000000018,-0.029991318266608585,-0.005680900657430099,PAM16,1.0,1.0,0.0,0.0,1.0,1.0,1,2,0,0.6104597216725507,1
PCF11+ctrl,network,20260713,0.07735494277947633,0.008604130800072718,0.010569370606943851,-0.019853627430830106,0.0041320507559336195,0.04487116125346713,-0.0024123415350914,-0.0018720471098555569,-0.004758822526352735,0.017013815016391,-0.0005544936284423,0.05512018883615144,0.026761660516624652,0.09440849291518039,0.04071771967629512,0.02999999999999997,-0.030105197111223003,0.02238239108622786,PCF11,1.0,1.0,0.0,1.0,1.0,1.0,1,3,1,0.29365857001091883,0
PDCD2+ctrl,network,20260713,-0.1060228070923751,-0.004465277656508171,-0.016154539843614812,0.03065738363773901,0.009140878174827227,0.2174744482973433,-0.00019888207316400008,-0.00046104526843404603,-0.0012843507644375585,0.008609605875332105,6.557209417200078e-06,0.1471949197694672,0.020462508433185977,0.04494853754196915,0.0416114254409678,-0.10999999999999999,0.056762063851394595,0.0074592815782363875,PDCD2,1.0,1.0,0.0,0.0,1.0,1.0,1,2,0,0.23858657700463945,0
PET117+ctrl,network,20260713,0.051785148500912814,0.007938629871016567,0.04075303868788932,-0.026208892598558603,0.007232790268750289,-0.04008403081558087,-0.0005913134664297,-0.00015479199036017022,-0.004135624510230418,0.010944346795896898,-1.2541422620399858e-05,0.1222960299094881,0.01182349038935171,0.054584549257328474,0.0539458955044251,0.07,-0.02149088967201082,0.01446543088953467,PET117,1.0,1.0,0.0,0.0,1.0,1.0,1,2,0,0.23482859540575993,0
PGPEP1+ctrl,network,20260713,-0.045535630498226495,-0.017115810898205686,-0.02465143701910133,0.008422325919852591,-0.0041472559599461944,0.0541009659211793,-0.0005051940679549997,-0.00011614988446684293,-0.0006903088120098211,-0.0017852201902787967,-0.00011884677223860003,-0.1072272517403,0.00047888448601440814,0.003528808918543347,-0.038583515339546195,-0.06,0.0010833238799053402,-0.005176089946062001,PGPEP1,1.0,1.0,0.0,0.0,0.0,0.0,0,1,0,0.19633411725507985,0
PHF5A+ctrl,network,20260713,-0.14502792212029259,-0.11518076639596087,-0.12787446314984208,0.012781698370889105,-0.04092326110116731,0.11196781966389086,-0.005463073030114198,-0.00656072131969565,-0.01401993080079722,0.010380683157460213,-0.0015787961892783997,-0.3756109693276922,0.05054809156098472,-0.0930607069064997,-0.28278322497290265,-0.08999999999999997,0.004957455721817994,-0.035076759663173585,PHF5A,1.0,1.0,1.0,1.0,1.0,1.0,1,4,1,0.40067550541545843,0
PIAS4+ctrl,network,20260713,-0.07617731581240092,0.061081500377833664,0.06307485378606403,-0.005421194059428286,-0.006180372379245291,-0.15890755059573958,-0.0022696685045956976,-3.0661976536339175e-05,-0.002447237593118823,-0.005195812990210297,-0.00015535857528450013,-0.07012803423468994,-0.019605322409853576,-0.033674802346238764,-0.09614310150464012,-0.06,-0.01449239372249067,-0.01112529641303106,PIAS4,1.0,1.0,1.0,1.0,0.0,0.0,0,3,1,0.29473499487295646,0
POLA1+ctrl,network,20260713,-0.11409128398186741,-0.05007755889815768,-0.0385471407457566,-0.009794226457206512,0.008062154080526601,-0.14485132814032542,0.005581349134445201,0.0036833007212091484,0.0048457734985439815,-0.012693491804678408,0.0008756226743571,-0.054014235086573104,-0.05089459524835005,-0.07132461643339794,-0.07784714236375412,-0.05999999999999994,-0.005344827417073206,0.005229870661154212,POLA1,1.0,1.0,1.0,1.0,1.0,1.0,1,4,1,0.5191450699456405,1
POLD2+ctrl,network,20260713,-0.04865363758861008,0.013715791678070577,0.011043379499842576,-0.005094072116575199,0.012060462139521111,0.05851228923683682,0.0005571357905864993,-0.00023438908254247437,7.697616307922317e-06,0.017207906180453286,2.130866050719998e-05,-0.011617076274786142,0.023169250684345055,0.03896623595726556,0.0015790725522700777,-0.06999999999999995,0.0024398906145066124,0.01648869387036711,POLD2,1.0,1.0,1.0,1.0,1.0,1.0,1,4,1,0.66582718730439,1
POLE+ctrl,network,20260713,-0.10988955029915326,-0.06529434663133116,-0.04299881243900383,0.009915656760857094,0.004123947434463204,-0.14895965349671897,-0.0009483154863118987,-0.0011975072611124515,-0.0054593508511063815,0.011378201243759517,-0.00022014323621989988,-0.055838200681689765,0.027536677406216792,-0.031042022593633645,-0.08183716605236602,-0.09999999999999998,-0.008011615076415513,0.005583803232703355,POLE,1.0,1.0,0.0,1.0,1.0,1.0,1,3,1,0.5168363531937439,1
POLR1E+ctrl,network,20260713,-0.29694583444692435,-0.028624816579211454,-0.04192415267891281,0.0005689281549738912,0.005838737006460287,0.05951087932539442,7.34236091375004e-05,0.00042437854978716327,0.00027990245920284096,0.012122528576546499,7.469026604670006e-05,-0.22365865318047262,0.010874116186795568,0.02654167107916905,-0.18782927412036404,-0.27999999999999997,-0.0006321122468531948,0.007351723503183805,POLR1E,1.0,1.0,1.0,1.0,1.0,1.0,1,4,1,0.38888077882314764,0
POLR2E+ctrl,network,20260713,0.034575884807776736,-0.005625566078573674,-0.007843019826449082,0.0024158182025586783,-0.00799382898964135,0.0636419395509022,-0.0006480962038040994,-0.0004245969404391703,0.0013638806945551751,0.008124027178262688,-0.00024214899167419998,0.012872127066224426,0.003420929309260523,-0.011150936821942015,-0.006668008357549826,-0.010000000000000009,0.0014320254861561188,0.001524158075689619,POLR2E,1.0,1.0,0.0,1.0,1.0,1.0,1,3,1,0.1804290856156837,0
POLR2F+ctrl,network,20260713,0.02866673324865543,0.060723219730762557,0.04460302204400879,0.018545316933956196,0.006932398808917994,-0.04305663336315718,0.005991933867335299,0.003858966663913277,0.005578780735151168,-0.01635831765372492,0.0008936002850531999,0.007321190901553809,-0.030609362660449446,0.02307749068534659,0.009647497892910972,0.039999999999999925,0.03788329668321461,0.010614695191359269,POLR2F,1.0,1.0,1.0,1.0,1.0,1.0,1,4,1,0.18886517813918152,0
POLR3B+ctrl,network,20260713,0.0756540557389096,0.012497114707837764,0.021222444933374995,-0.038494942991718795,-0.008212649588092424,-0.28194069893492657,0.001463366672396698,0.002204049610976977,0.0015612168376366586,-0.018819858627029673,0.00046778563410049983,0.0845513805288168,-0.044181495212527455,-0.03722249136762401,0.011956235999110304,0.12000000000000002,-0.044358661366316554,-0.020409498520289837,POLR3B,1.0,1.0,0.0,1.0,1.0,1.0,1,3,1,0.9657356094115339,1
POLR3C+ctrl,network,20260713,0.1327346799040423,0.011963690546351158,0.024260254677445997,-0.03088543445687139,-0.017487474114073503,-0.1256946752486856,-8.597038686269931e-05,0.0005856219299376075,-0.001362006198480259,-0.020151477188436823,0.00011891854228450005,0.05776415677075661,-0.06076275612417548,-0.05950486948618028,0.0009277050644952989,0.15999999999999998,-0.03241736917856472,-0.01069830795154203,POLR3C,1.0,1.0,0.0,1.0,1.0,1.0,1,3,1,0.2827661684995906,0
POLR3D+ctrl,network,20260713,-0.042834342868046396,0.018925648809684614,0.023530438089501726,-0.019002251791464198,-0.0007399242575404918,-0.06585072072474774,0.0009123608469963004,0.0006202188171147149,0.00187223277888926,-0.004619033643497111,0.00015842844732099986,-0.270485590119391,-0.046449094700441784,-0.08063503804227501,-0.13875231560306017,-0.07999999999999999,-0.01763881649308119,-0.006203098428108178,POLR3D,1.0,1.0,1.0,1.0,1.0,1.0,1,4,1,0.3583332079272889,0
POLR3F+ctrl,network,20260713,0.030411253029469593,-0.003474859676827702,0.002097119328213104,-0.04275671428210559,-0.011156360223192302,-0.17772424700384692,0.0013671480119228016,0.0013120191486495347,0.0010844416753775787,-0.022838664034333794,0.00031160819344229994,0.0285147313622251,-0.07777053046042148,-0.06053969683957794,-0.023240987298754984,0.06,-0.03926568574507089,-0.021742858874965854,POLR3F,1.0,1.0,0.0,1.0,1.0,1.0,1,3,1,0.2654685132272808,0
POP4+ctrl,network,20260713,-0.2035545441415705,-0.032025446659911694,-0.05970327457026103,-0.0323494686933232,-0.02815388068837349,-0.22975641774867656,-0.0032670721411705017,-0.0015955335943308446,-0.0015341657660088437,-0.024092815491233405,-0.0005260716425255,-0.39222463006456726,-0.0137682477036275,-0.07153355330306199,-0.20410899360229767,-0.21,-0.04617540041222348,-0.027687932021440043,POP4,1.0,1.0,0.0,0.0,1.0,1.0,1,2,0,0.2992725434398552,0
PPP1R11+ctrl,network,20260713,-0.0371709352091147,0.011006203974568862,0.01585793187870338,0.03445443506469492,0.001344758613987973,0.03097112442577593,0.002823088318109502,0.002092744591717821,0.0026728296351744563,-0.008269357545788697,0.0005696696462109999,0.24574764227282292,-0.004535318507521535,0.01350792383923427,0.0952676108049504,-0.06,0.041028243765478395,-0.008358667850346668,PPP1R11,1.0,1.0,0.0,0.0,0.0,0.0,0,1,0,0.3664741797659978,0
PPP4R2+ctrl,network,20260713,0.03400733283015972,-0.09276519608516587,-0.10616500554455477,-0.02897369591091231,-0.01445451849287871,-0.006683349838486674,-0.001634279265999801,-0.0032520360725638575,-0.00845540493766761,-0.005919549957005998,-0.0007148541044444,-0.388188899288499,0.030227724336921113,-0.02126818715142842,-0.1092554064138091,0.05000000000000002,-0.041488071356528516,-0.01908414275650616,PPP4R2,1.0,1.0,0.0,1.0,1.0,1.0,1,3,1,0.3382547700499941,0
PRELID1+ctrl,network,20260713,0.07070054223902622,0.07662933484984458,0.062088882666806566,0.01265131698291802,0.02981504866326537,-0.0355715392237716,0.011537726968526802,0.008407031759210315,0.014895367292825146,-0.009246301702479892,0.0021871730568819,0.03762107341336296,-0.0036891459693471074,0.024892183636827214,0.011495744936837804,0.09000000000000002,0.038856315742533815,0.039665518246830844,PRELID1,1.0,1.0,0.0,0.0,0.0,0.0,0,1,0,0.8267778368246455,1
PRPF3+ctrl,network,20260713,-0.22146844847386243,-0.006970689348055004,-0.00745966330729253,-0.016360928330693664,-0.03227173042308629,0.08273902213395745,-0.009269306436181003,-0.006726362585519174,-0.02215329779919517,-0.005440138677743012,-0.0016399626620114,-0.16183188280496774,-0.004657682822630349,-0.08066051417009179,-0.17763887773173237,-0.09000000000000008,-0.04515039848407426,-0.030486547862002,PRPF3,1.0,1.0,0.0,1.0,1.0,1.0,1,3,1,0.2757004471829877,0
PRPF31+ctrl,network,20260713,0.041307875040126785,0.0001275541769495958,0.005845301812610393,0.07031809016234702,0.012307704767689942,0.3241715960238154,0.0001791827380656988,0.0007170518966751471,0.0016894779543551453,0.008593058384881114,0.00017227651551370016,-0.020189796003689975,0.018975833898091432,0.03704703887853822,-0.03620778570770189,0.020000000000000018,0.08667627712047155,0.02450414873709983,PRPF31,1.0,1.0,1.0,1.0,1.0,1.0,1,4,1,0.5558206178966875,1
PRPF4B+ctrl,network,20260713,0.06329871027982499,-0.003660898929419898,0.04319385045883811,0.005321447723120487,0.014728479056747817,0.013901647677996898,9.655952453609812e-05,0.0010878125835691588,0.0029292273332391927,0.008453479586756102,0.0001810538815335001,0.3584062964895813,-0.013951896109489548,0.04623416284651771,0.202839808513794,0.1,0.0061224385618510735,0.019378621352906245,PRPF4B,1.0,1.0,0.0,0.0,0.0,0.0,0,1,0,0.31030206121583254,0
PRPF8+ctrl,network,20260713,0.5528020609100671,0.14980742539638991,0.09947087452738446,0.10601727312549589,0.027740327024545097,0.5026788620967271,0.009277401491999598,0.005974034244559223,0.022234392793376023,0.002411326243168116,0.0014850534498692001,0.45409159477310346,0.015021574449665898,0.16839069317315847,0.41337398192860597,0.38999999999999996,0.16723645170364487,0.03901167427390162,PRPF8,1.0,1.0,0.0,1.0,1.0,1.0,1,3,1,0.33767594403437845,0
PSMA2+ctrl,network,20260713,-0.00302694778973589,-0.00030551177980181476,-0.0008211563657364862,-0.0156584798438765,0.0014265611110870768,-0.030208002164688497,0.0005038641393185009,0.00038210989818332486,0.0015389820799902587,3.510505497406058e-07,9.532039985059998e-05,0.006840809791921032,-0.002560815209910805,0.0019073745342215176,0.010823856465738524,0.02999999999999997,-0.008664756249203681,0.00011723332719615343,PSMA2,1.0,1.0,0.0,1.0,1.0,1.0,1,3,1,0.8492605232695278,1
PSMA3+ctrl,network,20260713,0.05504496900739497,0.029893190207930354,0.015959229647753426,0.023383152622973996,0.014941127601216714,0.08709474633205072,0.0016907900571822981,0.0013686586182402039,0.0022064872243126032,0.014546290653611016,0.0003497414290904999,0.019484631597745383,0.013371884398047928,0.040319639072339486,0.015334486003444225,0.04999999999999993,0.03179800651171122,0.009059081768348576,PSMA3,1.0,1.0,0.0,1.0,1.0,1.0,1,3,1,0.8290067011788567,1
PSMA6+ctrl,network,20260713,0.1376081568991931,0.07083271948699077,0.080361010053907,0.05876100371203111,0.0011355379127597764,0.137339159056295,0.003991410136222902,0.0027924951013400534,0.009238418812650417,-0.00047572007121049475,0.0007917480543255997,0.14287048496152877,0.03333907738755093,0.04881449796191761,0.12208002459096329,0.12,0.07231752359603183,0.011634657751014466,PSMA6,1.0,1.0,0.0,1.0,1.0,1.0,1,3,1,0.8205586608883654,1
PSMB1+ctrl,network,20260713,-0.03180420225331537,0.054326359974963934,0.043824298159064634,0.016700076139134018,0.006021872635508074,0.06556132496399075,-0.002260908484458899,-0.0017458384801082305,-0.002810571687862584,0.011491162250582915,-0.0003619588678702,-0.029033654309867152,0.04542482889907662,0.07474907073331827,-0.021481072027758563,0.010000000000000009,0.0171832686306648,0.007512979683863108,PSMB1,1.0,1.0,1.0,1.0,1.0,1.0,1,4,1,0.7438153831621768,1
PSMD1+ctrl,network,20260713,-0.015649398498614575,0.022602487626272483,0.012722008131299312,0.0010808105956084946,0.005332014874657509,0.12580717676084047,-0.003435119986534098,-0.002229502915648718,-0.0019247540450364475,0.0038427744860352053,-0.0005248676170595001,0.003985010666964661,0.004285500069273862,0.05470334652460507,0.012785434909092563,-0.040000000000000036,-0.006295373991889092,0.008000473161931088,PSMD1,1.0,1.0,0.0,1.0,1.0,1.0,1,3,1,0.6933988680136911,1
PSMD4+ctrl,network,20260713,0.023958190130858287,-0.1221088205723373,-0.14123655639443894,0.02991050428013181,-0.012201371468389788,0.18428579917812815,-0.005442241206765199,-0.006665616217671366,-0.011886260057977438,0.0292434638465702,-0.0015814714133738999,-0.1839530402505065,0.03723381782169688,0.04914533852483194,-0.08389673824674249,-0.009999999999999953,0.010906216646024425,0.005740053494966868,PSMD4,1.0,1.0,1.0,1.0,1.0,1.0,1,4,1,0.20336773302060204,0
PSMD7+ctrl,network,20260713,0.019545237119352632,0.0010737687675808072,0.002234120468506351,0.0002829338782081581,0.018380983162637088,0.06633262261452333,0.0028334595263004025,0.0023184402742392196,0.004870230050809221,0.0006203793679581959,0.0005456076469272002,0.024327578074484713,0.0054823967604387125,0.033763954495475645,0.047862742872574304,0.020000000000000018,0.00997078809271651,0.0122603042489976,PSMD7,1.0,1.0,0.0,1.0,1.0,1.0,1,3,1,0.8143376286557976,1
PTCD1+ctrl,network,20260713,-0.13745949704598293,-0.008212468455774391,-0.008821768825220011,-0.02250045995457342,-0.007820394171847017,-0.02875425007642851,-0.0010543195530772,-0.00012116587040278404,-0.0007429209653168067,-0.01756753609735978,-4.8813817557000054e-05,-0.19337798185649363,-0.01997743614830083,-0.057787213721148256,-0.16809831316646778,-0.21999999999999997,-0.016306326880116295,-0.006044155945936658,PTCD1,1.0,1.0,0.0,0.0,0.0,0.0,0,1,0,0.517333544115189,1
PUF60+ctrl,network,20260713,-0.020409721494717897,0.013023008849536444,0.005931063850287521,-0.017951679685489663,-0.0016665153983004277,-0.23536615291198415,0.0008040163666010007,0.0005162695856802957,0.0021567361347349934,-0.0006862581142617064,8.732755668459978e-05,0.03551583595139102,-0.018750247281923094,-0.033651307916786055,0.04811485455666811,-0.05000000000000002,-0.02932002223895347,0.0012477477749186505,PUF60,1.0,1.0,1.0,1.0,1.0,1.0,1,4,1,0.6359689975822066,1
PWP2+ctrl,network,20260713,0.005069094254509687,-0.004411670807003443,-0.020258645949591148,-0.013297109724439815,-0.005377614710739442,-0.09328932498163467,0.00043528527021410163,0.0007672487730986388,0.0023862929281387446,-0.006078807675685,0.00010208901949230022,0.06714785628119391,-0.011534195396515123,-0.013358552395487888,0.055154259689839225,-0.009999999999999953,-0.018692338838366185,-0.007598480086194792,PWP2,1.0,1.0,0.0,0.0,0.0,0.0,0,1,0,0.6465936972327302,1
QARS+ctrl,network,20260713,0.3081292121638618,0.009544548562670618,0.0014489750740538376,0.0319384537710011,0.050322391497930996,0.11101756729305479,0.007759368047118197,0.006893167885459017,0.01216146070176316,0.01860195500399281,0.0017690767999739001,0.23269785703604207,0.02380086319168684,0.12015502419951618,0.21809535059041757,0.19999999999999996,0.04880415227840257,0.043915941880662945,QARS,1.0,0.0,1.0,0.0,0.0,0.0,0,1,0,1.0000000000000007,1
RARS2+ctrl,network,20260713,0.26596883943572747,0.04537437649583009,0.06395126461991685,0.0392751457247999,0.014739596221021195,0.029366797960497126,0.002444857731461598,0.0009284623326696329,0.00236013844646199,0.00498186457944319,0.00026293465634810004,0.1895098682324865,0.01819253445428004,0.039383432294968546,0.10236878774402208,0.15999999999999998,0.043927940221969886,0.011695930947042799,RARS2,1.0,1.0,0.0,0.0,0.0,0.0,0,1,0,0.771055439042763,1
RBM19+ctrl,network,20260713,0.28430612977823966,0.031165224594082552,0.04161539268201808,0.03913065168023233,-0.0007581040720163745,-0.07143319909590007,0.0046138763427735,0.0043128461564283516,0.004866249801074418,-0.010169135446315203,0.0011884174309670999,0.3518377888091106,-0.015251398637603053,0.04413767129427815,0.1266107097364284,0.29,0.06062603259471061,-0.006270040257914999,RBM19,1.0,1.0,1.0,0.0,0.0,0.0,0,2,0,0.48949427347992597,1
RBM28+ctrl,network,20260713,-0.24756497280667777,-0.043846043625334896,-0.03315001921752031,-0.05219045430924091,-0.008102644847615914,-0.19097534617725742,-0.004019690677523599,-0.0029453436125848054,-0.005609090840310138,-0.0009174251307609294,-0.0008083563297986997,-0.32062391543230195,-0.02657666151995053,-0.06647522648770221,-0.18964389310372398,-0.12,-0.0633045905634066,-0.003083760469567043,RBM28,1.0,1.0,0.0,0.0,1.0,1.0,1,2,0,0.481086671977071,1
RBM39+ctrl,network,20260713,0.01585790501167969,0.04506740379377716,0.026972910754444968,0.0196906702612627,0.01637009806165629,0.41811373046306244,0.002608325332403197,0.001947334595881256,0.007375554104615212,0.015564246418961286,0.0004872598219663,0.1806025837992944,0.0035815001494666765,0.04377387643612507,0.13464266723405638,0.01999999999999999,0.04253854320104483,0.018497379094303712,RBM39,1.0,1.0,1.0,1.0,1.0,1.0,1,4,1,0.7466329603288437,1
RBM42+ctrl,network,20260713,0.039935848101322474,0.05548464415350651,0.027259019558810715,-0.0044035529777904925,-0.009990269371275673,-0.03496993749302235,0.00015013106167319906,5.793573828838383e-05,-0.0015484161968374321,-0.018202199631961485,5.6067481636999737e-05,0.06784452172205507,-0.0068925909832413534,-0.022857999057700695,0.048320104812804215,0.04999999999999999,0.0014341542964962928,-0.02284273693487282,RBM42,1.0,1.0,0.0,1.0,1.0,1.0,1,3,1,0.3324806375880308,0
RBX1+ctrl,network,20260713,0.024335787192282188,-0.015829617094822668,-0.006817133421716859,-0.014821819305148087,0.00028334716188388454,0.002687849706500378,0.0009316317737102023,-5.045064437980695e-05,0.0001417163589884085,-0.001348317196377402,4.581431858239997e-05,0.002352286289912492,0.0031126339816819337,0.001114211040755153,0.011798558253119401,0.07999999999999999,0.0012306703007811115,-0.0012861119803129206,RBX1,1.0,1.0,0.0,1.0,1.0,1.0,1,3,1,0.24542061255063657,0
RCC1+ctrl,network,20260713,-0.0557631362696816,0.046551510113249206,0.04283226635929521,-0.04079324107562621,-0.011695149205681404,-0.2040404835844103,-0.00038640946149830213,-0.00017777756074000006,-0.00044799503448977873,-0.006398554356894126,-4.380603786560005e-05,-0.02432836944368849,0.01319254941193504,-0.024335789588478596,-0.01349176499260099,-0.07,-0.0544751622043515,-0.019719857933961138,RCC1,1.0,1.0,1.0,1.0,1.0,1.0,1,4,1,0.200743500985735,0
RFC3+ctrl,network,20260713,-0.0052328308469783424,0.016233281035378355,0.014715917405614398,-0.0234060159110209,-0.0013263927538194054,-0.1570138377590748,0.0004940740764140979,6.486041265030273e-05,0.0006360865214434241,-0.006968664047711293,2.5833491235999965e-05,0.04340965540862285,-0.012516060239482707,-0.009917029296525826,0.06103024681764213,0.050000000000000044,-0.027981391615782808,-0.005752096674323082,RFC3,1.0,1.0,1.0,1.0,1.0,1.0,1,4,1,0.6893661429844953,1
RFC4+ctrl,network,20260713,-0.13939064599392015,-0.010684994906400735,-0.007841063703462714,-0.008206278608294704,-0.002130329455423685,0.10994044901432865,-0.0008087940514088024,-0.0005559865246488327,-0.000477735475109653,-0.00021706459635950637,-0.0001404626527801001,-0.0655102392301169,0.00122044557560963,-0.0072621899546866375,-0.041919483424377235,-0.07,-0.008169906738098587,-0.0018748561069907854,RFC4,1.0,1.0,0.0,1.0,1.0,1.0,1,3,1,0.8209484857571958,1
RIOK1+ctrl,network,20260713,-0.5650643832567875,-0.03824157822457863,-0.11350911154495757,-0.1112609302717634,-0.08159210855527071,-0.43349325626418317,-0.014129612594842899,-0.004415488992365213,-0.0054686326593483825,-0.044868903756637185,-0.0016797933785709998,-0.3353707708874333,-0.12750886061044397,-0.2545582138352437,-0.30018133896322224,-0.44000000000000006,-0.1762296894929196,-0.09875479008856203,RIOK1,1.0,1.0,0.0,1.0,0.0,0.0,0,2,0,0.6476035985716702,1
RNF40+ctrl,network,20260713,0.009307625804257036,-0.007257792488018611,-0.006590007448182722,-0.0065641329437033935,0.000907107558136,0.04923148248924991,-0.0006387308239937002,-0.0009652244625903972,-0.002412910849728611,0.015619937613259,-0.00019697641255340015,0.027309067928895536,0.02919502284664921,0.028020381645277426,-0.002005303479106102,-0.010000000000000009,-0.009954573871785721,0.008145610144759674,RNF40,1.0,1.0,1.0,1.0,1.0,1.0,1,4,1,0.941805307384212,1
RNGTT+ctrl,network,20260713,0.0040402958250406185,0.036465312852961285,0.044449181875225396,0.049259417067058775,0.02135725502046598,0.04238462291465189,0.0089675281196833,0.0043342083100311735,0.012479729322521171,-0.009297440087466607,0.0013327266788110003,0.032047408495999796,0.019900752614273487,-0.003456077469436547,0.05422837185434928,0.030000000000000027,0.07737873561842248,0.015657028178389765,RNGTT,1.0,1.0,0.0,0.0,0.0,0.0,0,1,0,0.2391798373654894,0
RNMT+ctrl,network,20260713,-0.026805915549777,0.022377903755004147,0.02478652963421224,0.042843000883124704,0.009702682654554873,-0.02126578037889587,0.0097652226686478,0.009551345170936809,0.019228126177586624,-0.020598586064540292,0.0022075294982642,-0.0552237992305418,-0.028530117311742598,-0.17055372726978446,0.004893040659839004,-0.09,0.08200910199283817,0.004075270669006481,RNMT,1.0,1.0,0.0,1.0,0.0,0.0,0,2,0,0.303087075004319,0
RPF1+ctrl,network,20260713,0.007538365156482207,-0.03680391316306614,-0.040464722666315234,-0.050065286130868,-0.04643612065601471,0.13688117518503035,-0.015001691877841901,-0.014370526669175931,-0.025999599535983964,0.0034682505232757066,-0.0035736064892262,0.1034805454896024,-0.0036693166559911283,0.0735714186411226,0.04551063061415184,-0.010000000000000009,-0.08436534200913368,-0.022793744096393787,RPF1,1.0,1.0,1.0,1.0,0.0,0.0,0,3,1,0.3256615676601911,0
RPL10+ctrl,network,20260713,-0.2968771595507595,-0.24493508383117868,-0.18413444455752703,-0.0362977164881835,-0.049081326249851176,-0.10820664418725612,-0.0115258600562811,-0.006636087481274755,-0.013464743578589733,-0.010441591936585698,-0.0019803281174973,-0.2206104999165659,-0.046340884109102864,-0.1266044351841893,-0.24574447834177882,-0.22000000000000003,-0.06384062458164141,-0.039541388960034785,RPL10,1.0,0.0,1.0,1.0,1.0,1.0,1,3,1,0.6414682591282669,1
RPL10A+ctrl,network,20260713,0.13051760622573572,0.056482884727032334,0.049009261834513596,-0.023188133363443386,-0.004270111352565498,-0.20231104711334902,0.0046891830861568,0.0020185392772064104,0.007131184412571434,-0.0279014619104207,0.0005564725724980003,0.08030678738816122,-0.02053015037365058,-0.04937936463220993,0.11176779778271184,0.08999999999999997,-0.025953507139184206,-0.011905294061220983,RPL10A,1.0,1.0,0.0,1.0,1.0,1.0,1,3,1,0.47263705761987823,1
RPL11+ctrl,network,20260713,-0.46001112300442776,-0.1961669404262567,-0.214807434650942,-0.0361851820287106,-0.050867722920054495,-0.003932646574002774,-0.018072276376187794,-0.012118480546639221,-0.02576571443862874,0.008002620915079486,-0.0030145517666824,-0.3834836080377213,0.006625356447199082,-0.015100617604742905,-0.38189617616015614,-0.38,-0.10744565106887799,-0.06680126707503947,RPL11,1.0,1.0,1.0,1.0,1.0,1.0,1,4,1,0.2815817502243316,0
RPL13+ctrl,network,20260713,0.02263725586485954,0.008237745874160263,0.004452909810620409,-0.014270456609037502,-0.00523769275412489,-0.02045965425177826,0.00035450607538230205,0.0003916998047864828,0.0009599354304206109,-0.008972213348768215,6.655673496430009e-05,0.00470307869438491,-0.026927167774084992,-0.012238459428545068,0.00839050509252004,0.04999999999999993,-0.0170907358434938,-0.012208103764643097,RPL13,1.0,1.0,1.0,1.0,1.0,1.0,1,4,1,0.30100383330480673,0
RPL18+ctrl,network,20260713,-0.04531476695142467,0.007103284001811483,-0.004515342131453881,-0.0232112156244981,-0.017603828624821294,-0.11322436794703794,-0.004917107522487703,-0.0025597460848143516,-0.0041346108213844435,-0.006964973706210409,-0.0007701216964051002,-0.0244089053048,-0.02238799853293849,-0.04740222940820471,-0.028141349898564982,-0.08999999999999997,-0.04514986845309693,-0.021769754461813506,RPL18,1.0,1.0,0.0,1.0,1.0,1.0,1,3,1,0.4707930323896838,1
RPL35A+ctrl,network,20260713,0.000324291850637759,-0.013052586513053077,-0.014425645961972267,-0.03795080912538748,-4.57900109083198e-05,0.048470280319044656,-0.0007446035742759982,0.0001145421495536425,-0.00026623642665579705,-0.007697540317215701,3.087753430009994e-05,0.025543631858942262,-0.01243714915733618,-0.016160396555955914,0.003869801338884926,0.0,-0.024954272183692283,-0.004692391130958207,RPL35A,1.0,0.0,0.0,1.0,1.0,1.0,1,2,0,0.20305529728283908,0
RPL8+ctrl,network,20260713,-0.016923400704810132,0.011641400012169845,0.003691441308484422,-0.0026528907446410066,-0.000348127045442001,-0.02180195144946251,-0.00012440886348480049,1.7084697014002614e-05,-4.3145785458720276e-05,0.0005715564824635977,-1.7039594240499958e-05,0.0005464166158517525,-0.008358833949880573,0.02195166660798087,0.007175046671173968,0.0,-0.00228401568999001,0.004310813857528628,RPL8,1.0,1.0,0.0,1.0,1.0,1.0,1,3,1,0.6412681070638131,1
RPL9+ctrl,network,20260713,-0.02848029532955365,0.0066598313896479855,0.0006516529129739768,0.005545503152813602,0.0007792923990155853,0.031480274780555484,-0.001624468713998798,-0.00041249024042022686,-0.0008140287685614034,0.002202778747304013,-0.00016768579371269994,-0.006646213569696857,-0.0007163279891030383,0.020713510359672282,-0.011865064382981627,-0.05999999999999994,0.011948759742857418,0.0024712379955665886,RPL9,1.0,1.0,1.0,1.0,1.0,1.0,1,4,1,0.24689277560090636,0
RPP14+ctrl,network,20260713,-0.08827639137420429,-0.021018082168923646,-0.027197884319200893,-0.0352746881417072,-0.01799664215016661,-0.23916900263726903,-0.001909375190734898,-0.0009245416163720099,-0.0007387273261696414,-0.014220463960222918,-0.00032608699984849995,-0.06296325122649493,-0.02835510509776329,-0.06562259464047704,-0.05328327060764387,-0.05999999999999994,-0.05764954024072361,-0.018768846857357246,RPP14,1.0,1.0,0.0,0.0,1.0,1.0,1,2,0,0.485861933568664,1
RPS14+ctrl,network,20260713,0.16946471331682167,0.06932813686341799,0.08860934235419182,-0.010786429189277497,0.018680163968894298,0.1389215811901786,0.004893025383353202,0.003445700635091642,0.005082533387301469,0.007895075738503399,0.0008170873625204002,0.09944623942257147,0.005268079520669877,0.042689530179600976,0.08237372329709869,0.15999999999999992,0.03224343099731419,0.007051330715195703,RPS14,1.0,1.0,1.0,1.0,1.0,1.0,1,4,1,0.41208764703172934,1
RPS19+ctrl,network,20260713,0.18362565218957572,0.03553481277267356,0.03398483652750295,0.004509746702982598,0.019810946306637198,-0.12465794015187803,0.004507480189204199,0.002129260354347573,0.0030790225707487684,0.0015158091907336024,0.000573625206016,0.06364293510652241,0.005676245263614987,0.04023344723906608,0.06390454862733386,0.13,0.015584427314641103,0.012729892334113313,RPS19,1.0,1.0,1.0,1.0,1.0,1.0,1,4,1,0.2063862569414467,0
RPS21+ctrl,network,20260713,0.1114934969027831,-0.031145196026052036,-0.01984947190303099,-0.035587238576565594,-0.0294291724022136,-0.03932585329752375,-0.0042044650763274,-0.0036175191261471618,-0.00413762546170382,-0.014614991851124137,-0.0009557830635457999,0.03149147712877476,0.010152733818889481,-0.06421503521730498,0.014838862853345458,0.06999999999999995,-0.05614199212751761,-0.017433991501019985,RPS21,1.0,1.0,0.0,1.0,1.0,1.0,1,3,1,0.19331825649390655,0
RPS23+ctrl,network,20260713,0.0023977351001890357,-0.01069034026935467,-0.0007736936497287905,-0.019218176686926547,-0.01390902591977633,-0.1064502237209537,-0.0006839334964752024,0.00019153072897015733,0.0006971534678861246,-0.005689471462584,-0.00010459218174219999,0.018916894710687027,-0.019488830966186366,-0.056190954373994906,0.026012543793125897,-0.010000000000000009,-0.023598163748319634,-0.010088691063930733,RPS23,1.0,1.0,1.0,1.0,1.0,1.0,1,4,1,0.27669441227368036,0
RPS26+ctrl,network,20260713,0.037843298635229616,-0.0018824862386451757,-0.004748107603970431,-0.012960609452210836,0.003464857729003401,-0.0675702877783777,0.00010402128100389998,0.0003392039835692362,-0.00024878112995119217,0.004259236237787123,4.939327482129984e-05,0.011006170018697081,-0.011098200913668421,-0.004567218556875252,0.0077551502919988025,0.020000000000000018,-0.016145605673076158,-0.0014486645517116647,RPS26,1.0,1.0,0.0,1.0,1.0,1.0,1,3,1,0.40876770544792485,0
RPS5+ctrl,network,20260713,0.017856124425919995,-0.010617131272645741,-0.004314104030653021,-0.01239271177941692,0.00042719833319110334,0.09577810284425659,0.001105373725295001,-0.00020385610534845444,0.0005290467091744189,-0.0003505047652984927,1.9372673705200056e-05,-0.002532057255373976,-0.004204912654487525,-0.019909776526350953,0.010586585799463477,0.020000000000000018,-0.016563285580284914,0.0056791936114622965,RPS5,1.0,1.0,0.0,1.0,1.0,1.0,1,3,1,0.7047560626934194,1
RPS6+ctrl,network,20260713,0.04811583283235543,0.018892403429143556,0.016128483082728073,-0.018958342465896783,0.0094747942196578,0.03130253983168352,0.0030757505446672023,0.0017392077737780065,0.0021088959243560357,0.002187141115387786,0.0004912472795694997,0.01813961216845983,0.007902284557100736,0.026131963485895193,0.01886298142651932,0.06999999999999995,-0.005724733694609796,0.0022291862947707575,RPS6,1.0,1.0,1.0,1.0,1.0,1.0,1,4,1,0.22261362277080676,0
RRN3+ctrl,network,20260713,-0.3134345772033073,-0.021795393387897266,-0.009281564300849476,-0.050672833622260716,-0.03500015034629228,-0.1132167769904815,-0.005444627255201298,-0.0056508601206733955,-0.005782226890625242,-0.008600547562000294,-0.0016358958091586997,-0.44144159157333734,0.00046704084745963215,-0.08434047375830445,-0.24056960603510907,-0.31,-0.09058037417028542,-0.023898108914331306,RRN3,1.0,1.0,1.0,1.0,1.0,1.0,1,4,1,0.3987369819232302,0
RRP7A+ctrl,network,20260713,-0.14360798061875069,-0.007373184033955371,-0.022652777208932495,-0.052513738754929706,-0.025152261949171806,-0.317084859394658,-0.0015921983867883995,-0.0003307257077299619,-0.0003013747588059834,-0.019659036755904913,-0.00029994128271940016,-0.04201275741446486,-0.026768471199796418,-0.08511939101036625,-0.022205622822148774,-0.09999999999999998,-0.0870823873093266,-0.029001837358595406,RRP7A,1.0,1.0,0.0,0.0,0.0,0.0,0,1,0,0.46232637556318545,1
SAP18+ctrl,network,20260713,-0.0819459213774469,0.011008061685040205,0.0036569488593524158,-0.025286313795971294,-0.0009832985194070942,0.3923981921115658,-0.0004403591156005998,-0.0004027581115200185,0.0005772283556263469,-0.003108523742380076,-5.0330301746700015e-05,-0.0631521796459095,-0.02608050898645964,0.001539505705249966,-0.008435374369031301,-0.1,-0.014635926859271953,-0.0003171597991424857,SAP18,1.0,1.0,0.0,1.0,1.0,1.0,1,3,1,0.26969579863930426,0
SART3+ctrl,network,20260713,-0.09284271428249752,0.029165845548165814,0.024321666128830466,-0.022299174965218105,-0.006181764769254194,-0.017212591869684712,0.0015209671109915023,0.0009633715090254791,0.0025149836703913797,-0.004856847660050595,0.0002534562954678999,-0.1016694121274907,-0.008584315163853162,2.251866035241079e-05,-0.09988181507861094,-0.07,-0.022775143280467397,-0.0004989480931625323,SART3,1.0,1.0,1.0,0.0,1.0,1.0,1,3,1,0.6013617084568506,1
SCAF1+ctrl,network,20260713,0.2525698725607482,0.11775803874318391,0.09977826838038528,0.0396844909187411,0.021008779496841712,0.2982893904430952,0.004328245297074297,0.002059948019622393,0.005005072520202991,0.022103498676958405,0.0005439503584056999,0.3251020587203737,0.03523518411428617,0.09101936454169257,0.23544888796089333,0.18,0.06659964069585489,0.023631651204125026,SCAF1,1.0,1.0,1.0,0.0,0.0,0.0,0,2,0,0.269109781969321,0
SCFD1+ctrl,network,20260713,0.15971006446394032,-0.03663082905245019,-0.03958445940431199,0.02903496648117948,0.004880628986228819,0.10857298276982486,0.0013033356517553017,-0.0003902515889807612,0.0030541171214812923,-0.003812118499253697,6.8718800321000174e-06,0.20228566003340992,0.04664719704072762,0.10397086751700546,0.16629874908794118,0.14,0.037735159963782905,-0.004973095154762741,SCFD1,1.0,1.0,0.0,0.0,0.0,0.0,0,1,0,0.2138316415513398,0
SDC1+ctrl,network,20260713,-0.03494117121893983,0.03343936753738308,0.023308032277677304,-0.0318805367731857,-0.014641375066562823,-0.1279347305275827,0.001555902883410499,0.0016209252018212217,0.004602481816099457,-0.023053113659287916,0.0003505252534524001,-0.08631793377382382,-0.08051742860814481,-0.09556092040571162,-0.0810447690997358,-0.06,-0.0176489179278152,-0.02353090052488538,SDC1,1.0,1.0,0.0,0.0,1.0,0.0,1,2,0,0.15192865317328375,0
SEC13+ctrl,network,20260713,-0.09669721747970716,0.0015153965829948213,0.012174778753890614,-0.021092755517431616,-0.020978121496977975,0.01322174816729077,-0.0024386942386627995,-0.0017507523795724511,-0.0043247467222675695,-0.014056741402108802,-0.00042278226464980036,-0.10125847413771838,-0.009271726123672885,-0.04598382094477371,-0.0824488386619111,-0.08000000000000002,-0.03332756665653208,-0.02629654762385858,SEC13,1.0,1.0,0.0,1.0,1.0,1.0,1,3,1,0.41469896924458305,1
SF3A2+ctrl,network,20260713,-0.0864227287369353,-0.0413116831551823,-0.03197565717189854,-0.015413374340992603,-0.027852561916714896,0.019145881489404992,-0.0074534378945827,-0.00259572196091018,-0.004465812875402597,-0.015353090131164315,-0.0009735744679347002,-0.06698718903222545,-0.07135993238540772,-0.021488390019299808,-0.04864651164536293,-0.08000000000000002,-0.036155916191815185,-0.03942244129438488,SF3A2,1.0,1.0,0.0,1.0,1.0,1.0,1,3,1,0.36016715960139584,0
SF3B2+ctrl,network,20260713,0.06384507208638224,0.010264067866897264,0.005269632441832206,-0.00031400732169409307,0.03063580569506108,-0.1356276164132304,0.011874599382281296,0.009811422260424418,0.029540507261620275,0.0008426906924816069,0.0024758097715675996,0.05124523799333491,0.00768882095765655,0.043107187725645035,0.06697972650479656,0.05999999999999994,0.01282470457374879,0.024543450617085405,SF3B2,1.0,1.0,0.0,1.0,1.0,1.0,1,3,1,0.31822583169843616,0
SF3B3+ctrl,network,20260713,0.26005554227613287,0.11831101529137489,0.07260709995088221,-0.00040634418946708384,0.032312601438492294,0.01723945307774255,0.012535229325294502,0.008690364384104976,0.030435834785433213,-0.007474807986913495,0.0021312445169313996,0.20081401512333785,-0.003144570176221051,0.10509393676082823,0.25562669954427364,0.15000000000000002,0.03239672363831825,0.03645274416954447,SF3B3,1.0,1.0,0.0,1.0,1.0,1.0,1,3,1,0.9999999999999996,1
SFPQ+ctrl,network,20260713,-0.134564458278746,0.006967431798502455,0.02382863906446775,-0.07078781396558631,-0.030060193074765207,-0.6900861880277892,-0.0007270015776156963,-0.0007988646305984171,-0.0009562192486350929,-0.02796343852494812,-0.00016641616821290103,-0.13169653913276247,-0.030993945978071258,-0.026186608214137985,-0.06373655343988194,-0.10999999999999999,-0.11216121674329005,-0.028766937830135952,SFPQ,1.0,1.0,1.0,1.0,1.0,1.0,1,4,1,0.5496692192875822,1
SFSWAP+ctrl,network,20260713,-0.007266950877283906,-0.04743231430843575,-0.04198401708939847,-0.012757517125272205,0.007215718889523937,0.20483154882382437,0.0008470360189675973,0.0002970198908095467,0.0011250418050017252,0.005226870945691187,8.855003397909987e-05,0.28025275838924263,0.02125349556134093,0.05503914245560515,0.1617563417834263,-0.020000000000000018,-0.005501574804764597,0.0037047374632626084,SFSWAP,1.0,1.0,0.0,1.0,1.0,1.0,1,3,1,0.3659372464690601,0
SIN3A+ctrl,network,20260713,-0.018524777531761905,-0.0843394770961764,-0.09235337664434828,0.001995397062003801,0.0017728888336046023,-0.11727778060600719,0.0081129688769579,0.0052311889673741785,0.014093759699750685,-0.037145710094624806,0.0013884012587369,-0.14248647073594362,-0.055384163745654136,-0.08933607259270093,-0.07015695146564561,0.010000000000000009,0.034417437415417695,-0.010421100042536047,SIN3A,1.0,1.0,1.0,1.0,1.0,1.0,1,4,1,0.25354281791386835,0
SLU7+ctrl,network,20260713,0.12863269718455278,0.16278451989275522,0.1283784701208467,-0.002319300711044636,0.031945118413185425,0.05900404347190236,0.008300874382257503,0.0071736513924747225,0.02639290533812777,0.004636034270030093,0.0017183776944875995,0.1803490040846456,-0.003158189074263018,0.059344795183715826,0.2472262363964684,0.03999999999999998,-0.0025570096071320103,0.027123677112479316,SLU7,1.0,1.0,0.0,1.0,1.0,1.0,1,3,1,0.38871378318914046,0
SMC4+ctrl,network,20260713,-0.11444251763907717,-0.028912965103049082,-0.02347327095913543,0.0016999944253713872,-0.0017477621423800105,-0.044596358193961017,-0.001288533210754398,-8.787760453654592e-06,-0.0006099555124128297,0.009461676593488288,-6.988906534379999e-05,-0.06818530844435716,0.006388443250809228,0.011280097885544738,-0.05723880411629961,-0.12,-0.007273866245883803,0.0031675285333591097,SMC4,1.0,1.0,0.0,1.0,1.0,1.0,1,3,1,0.8460675681672183,1
SMG5+ctrl,network,20260713,-0.03312213144968082,-0.1404394474287316,-0.16865781790442902,-0.009872048869461192,-0.010199671916140907,0.0962706449765165,-0.0007013082504273016,-0.004590137447045062,-0.005525682966241896,0.010126301519985503,-0.0011028461158274997,-0.2784516959616993,0.024822515321871297,-0.00032920923813473113,-0.047476052239554006,-0.009999999999999981,-0.028281196021333388,0.005163767415520493,SMG5,1.0,1.0,0.0,0.0,1.0,0.0,1,2,0,0.2561412517892711,0
SNAPC3+ctrl,network,20260713,0.04906656887784869,-0.027271889056276866,-0.03404267433862129,0.009134567522237874,0.0031970808406069084,0.058036679387593104,0.0008058156818150988,0.00013974168681740728,-0.0006560224337818221,-0.0005151531026263978,5.324633093549999e-05,0.0820507150370941,0.018457940472485168,0.0230182263341302,0.05769902179725539,0.030000000000000027,0.01796642201842702,-2.8519236470514464e-05,SNAPC3,1.0,1.0,0.0,0.0,1.0,1.0,1,2,0,0.22341894852785749,0
SNRNP200+ctrl,network,20260713,0.44723868621861435,0.11680815797202637,0.07506961834728976,0.1491481399366839,0.09536720851462577,0.8036890256453537,0.0165574587881565,0.012271911980297201,0.04077588477383243,0.04661353274975891,0.0034154849126934997,0.5500338979339117,0.09649692836480561,0.23352830204669972,0.515301381729905,0.32999999999999996,0.27734640505185737,0.09197008426635134,SNRNP200,1.0,1.0,0.0,1.0,1.0,1.0,1,3,1,0.40187792133100547,0
SNRNP27+ctrl,network,20260713,-0.016153691899886705,-0.08158904112818927,-0.052768977885838814,0.005929062560089127,-0.02396611277988203,0.024462345305344524,-0.0065521672368049,-0.0034747082417068142,-0.005300000592084242,-0.0041562022670113,-0.0012459179852158005,0.0907066769205083,-0.031430538940192654,0.022679487077849503,0.06049263333334819,0.010000000000000009,-0.015850185598296707,-0.021601317296614964,SNRNP27,1.0,1.0,0.0,1.0,0.0,0.0,0,2,0,0.37565656213214427,0
SNRNP48+ctrl,network,20260713,0.03905446641675936,0.0057879448234492425,0.0006620919379000112,-0.014085775679948676,0.0019939669383372827,-0.11267794336446246,0.0005674362182617014,0.00020155049807857317,0.0011818067993007997,-0.0010210223254139839,7.640535477549987e-05,0.03322101350900397,-0.0005852840200636367,0.004293053950714665,0.02589515499941597,0.010000000000000009,-0.017858938276002434,-0.0019508423095395688,SNRNP48,1.0,1.0,0.0,0.0,1.0,1.0,1,2,0,0.2656074809201809,0
SNRPD1+ctrl,network,20260713,0.05100393258271041,0.02438685621050174,0.03311138508770073,-0.0014672558326278007,0.012981306276578508,0.0079919789809767,0.0020255260169506004,0.0018159835917430645,0.006399182678666904,-0.002532235554617568,0.0003862222656608001,0.015545199669669274,-0.011358699183621979,0.007656720786366478,0.0235484068034153,0.06000000000000005,0.010216812237430706,0.007239210277233954,SNRPD1,1.0,1.0,0.0,1.0,1.0,1.0,1,3,1,0.5156500616603079,1
SNRPE+ctrl,network,20260713,0.005025376669406056,0.0005014768916463685,-0.00016377936129541304,0.018016077231809008,-0.0008915270599629821,0.05819282404700199,0.001695560291409503,0.0007718203243671784,0.002034961016697978,-0.0005087497339796021,0.00021928979549559996,0.009367497729363738,0.014455337719417982,0.026486273140103656,0.011217908944985533,0.0,0.0206831986860872,0.007589417919720343,SNRPE,1.0,1.0,0.0,1.0,1.0,1.0,1,3,1,0.5700105396635738,1
SNRPG+ctrl,network,20260713,0.018950206981594442,-0.008756529815825864,-0.013143797044513517,0.01840597709434011,0.013439775060277714,0.09160371266926937,0.001406971365213401,0.0005177072474935596,0.005019885943142066,0.01752787323511759,0.00018150359392169997,0.008691834371267526,0.019690958174003903,0.043474275976459364,0.006352233645020355,-0.020000000000000018,0.026666548958119596,0.018718818767053613,SNRPG,1.0,1.0,0.0,1.0,1.0,1.0,1,3,1,0.645857989942773,1
SON+ctrl,network,20260713,0.12557703883294868,0.06131405567601733,0.04509623976301247,0.017488553528885675,0.03214318123653814,0.043235301030360995,0.0036321878433227955,0.00386430428274398,0.005738793637689477,0.011227343962986386,0.0010981555096805,0.391496057348427,0.03919273963732317,0.06550860251198964,0.23051379589965187,0.13,0.03174125498434721,0.027163624786852414,SON,1.0,1.0,0.0,1.0,0.0,0.0,0,2,0,0.409644360875869,1
SPC25+ctrl,network,20260713,0.2911324622006405,0.05918500478709732,0.033529064092357896,0.0984594486390209,0.057408203409544334,1.0826703793626138,0.006391271948814399,0.004249024490328823,0.01286788119597937,0.027056541742418422,0.0013845236971974,0.3100442049040876,0.01517752596054378,0.15036637122004215,0.23789315510745368,0.18,0.19474669765491948,0.056231808462665955,SPC25,1.0,1.0,0.0,1.0,1.0,1.0,1,3,1,0.356294670424564,0
SPCS3+ctrl,network,20260713,-0.017115159743121902,0.033409270129953206,0.07317659687259037,0.006637638080853492,0.016100972452201767,0.2667901999155227,-0.0022985786199570014,-0.0011050415596823848,-0.0011850878875172555,0.028233278160410297,-0.0003292770124971999,0.01717183308721465,0.0023535982759579355,0.04475411066856394,0.024737565167649606,-0.07,-0.001083964261332615,0.02770793097384472,SPCS3,1.0,1.0,0.0,0.0,0.0,0.0,0,1,0,0.2417228495302478,0
SRBD1+ctrl,network,20260713,0.035489650409237766,0.050108851518706476,0.04750568819840606,0.0486961044337991,0.02767426109454882,0.08480576110610871,0.0080125518143177,0.005591277999138833,0.012610315609017708,0.01567065730818798,0.0013591431779787,0.003911186570769609,0.027721975923039044,0.03940566922784339,0.027021792602168804,0.020000000000000018,0.07122680733942405,0.03633499018208086,SRBD1,1.0,1.0,0.0,0.0,0.0,0.0,0,1,0,0.5756183016076782,1
SRFBP1+ctrl,network,20260713,0.3552457350812333,0.027470509094478346,0.05542258025355351,-0.0013378914307852208,0.005086337032612687,-0.24337190135500275,0.0023519285023213023,0.0035406015283271364,0.0008209211600359589,-0.010611610998520038,0.0010344678303227002,0.4194184325685403,-0.03114166240934968,0.10329446568997724,0.10878225004214329,0.28,0.0014964274169343983,-0.006459418985231835,SRFBP1,1.0,1.0,0.0,0.0,0.0,0.0,0,1,0,0.4063697637131852,0
SRP68+ctrl,network,20260713,-0.028599990287550614,-0.03462134326816124,-0.02744922392684035,0.035416089228098,0.007166873213803604,0.20863329801606978,0.00027486123144630087,-0.0009448168486489994,-0.0028302962805326626,0.010834275668760995,-0.00016870221588760007,-0.0563516888703407,0.0547353356085134,0.04019647535717363,-0.0205022171781859,-0.04999999999999999,0.04660801512604812,0.013091289847564025,SRP68,1.0,1.0,1.0,1.0,0.0,0.0,0,3,1,0.31262356025591626,0
SRRM1+ctrl,network,20260713,0.0293020222461228,0.001227129940456817,0.022281007386720897,0.07521431362035402,0.007423004746743483,-0.022657974236620304,0.004807664081454298,0.0031966149776859742,0.005972755319986756,-0.022873716512211206,0.0008988870540633999,0.10197286170085224,-0.024620525649664993,-0.024970413799223823,0.05210272821903708,0.08000000000000002,0.0905058211585329,0.006391742696518876,SRRM1,1.0,1.0,0.0,1.0,1.0,1.0,1,3,1,0.6113009975947442,1
SSRP1+ctrl,network,20260713,-0.23195989274372178,-0.006132773005405601,0.010567586150739494,-0.047293586493601686,-0.045066205076840116,-0.1893525471994757,-0.0039723943918943995,-0.003275330154579148,-0.004761952245673995,-0.031504324772586606,-0.0009347631130367999,-0.2156213540384037,-0.038063899664893985,-0.1312214296320796,-0.10376742997084731,-0.14999999999999997,-0.0715694978455304,-0.058472892877957316,SSRP1,1.0,1.0,1.0,1.0,1.0,1.0,1,4,1,0.3813281949620255,0
SUGT1+ctrl,network,20260713,-0.025039148438823614,-0.016782150242469485,0.007025912818859115,0.018607432301056798,-0.008147534669475487,0.013754388443806609,-0.003277026116847999,-0.002660694928418472,-0.0034972070607833805,0.005914686467434205,-0.0007634095381944999,-0.1245170738372985,-0.026849581935842415,-0.030472452022659913,-0.023461416027019698,-0.009999999999999981,-0.004337831936223779,-0.016510148078531905,SUGT1,1.0,1.0,0.0,1.0,0.0,0.0,0,2,0,0.5245924615043881,1
SURF6+ctrl,network,20260713,0.10892161439892717,-0.007863486779431828,-0.012596118813229196,0.034984858033344,0.0011922577805979218,0.1585048281265693,-0.002026656642556201,-0.0016654544700875906,-0.0014940512277620277,0.007618561750476899,-0.0003800513222814,0.10739836698772598,0.05406914042215605,0.050716208032321686,0.12487030611221095,0.11000000000000004,0.0306363602696354,-0.005537887993556367,SURF6,1.0,1.0,1.0,0.0,0.0,0.0,0,2,0,0.4369064449610569,1
TAF10+ctrl,network,20260713,0.5808052448571769,-0.001492164035196697,0.014549040277421765,0.1324863591106466,0.03681827822967082,0.32368835937312923,0.008921474218368607,0.011141822162171744,0.01138060277880304,0.0036888600427487928,0.0027760891243816003,0.2528869824572736,0.03923959479233907,0.17006484085257856,0.14879464411913335,0.44,0.1843197933904323,0.025042520574741545,TAF10,1.0,1.0,1.0,1.0,1.0,1.0,1,4,1,0.44414410929423925,1
TAF6+ctrl,network,20260713,0.05208323379526958,0.010295783925728275,0.008506558131936237,0.0704051777696951,0.04305336150694167,0.2916795500967488,0.0029725600033998004,0.0019274099678843193,0.0021614039425079667,0.029981641091595096,0.0006360756233335001,0.1931076703716461,0.07428117054792449,0.14944386727613168,0.19277831078416818,0.08000000000000007,0.09959567722073032,0.04692843228004395,TAF6,1.0,1.0,1.0,1.0,1.0,1.0,1,4,1,0.3496521614283542,0
TBL3+ctrl,network,20260713,-0.3486537508275029,-0.019394593753195855,-0.039503285148526524,-0.04583701368822829,-0.0028368995458168955,0.08598294075210688,-0.005969604477286401,-0.003368191497157169,-0.0040671448986859815,0.006002359725985118,-0.0010371196549385999,-0.3281486198439161,-0.004021102838230761,-0.05403048013814915,-0.248287345621653,-0.19999999999999996,-0.048646582723063936,-0.00848803625489647,TBL3,1.0,1.0,0.0,0.0,1.0,1.0,1,2,0,0.5424007548958424,1
TCP1+ctrl,network,20260713,0.01645997284505274,0.001509218375211785,0.007394017956117882,0.011348898705164284,0.009275621578885285,0.10163860491222598,0.001061825081706099,0.0002917933484245516,0.0020001482240538104,0.009218812937752091,0.00010414258576919985,0.012456182053059983,0.02305963255873722,0.02920352680995386,0.022049922097430064,0.05999999999999994,0.016762028111695332,0.0069914837679381225,TCP1,1.0,1.0,1.0,1.0,1.0,1.0,1,4,1,0.9150011412432962,1
TEX10+ctrl,network,20260713,0.16715953356114258,0.003014462589579381,0.006453072003105964,0.019235678936199208,0.025015859304171217,0.09976377863311492,0.0021005384624004017,0.0016976390230417637,0.0015850742788098282,0.025397821295146894,0.0004506508121267,0.19201726656245338,0.015394900795622002,0.09071331989060538,0.0982810440836438,0.030000000000000027,0.02307377655534351,0.030618459848039792,TEX10,1.0,1.0,0.0,1.0,1.0,1.0,1,3,1,0.5472084677774889,1
THOC7+ctrl,network,20260713,-0.04870131760344709,-0.0922734898489792,-0.10720101483476763,-0.0037610150526330988,0.007475031096198792,-0.15104872158394667,0.00022329948842529992,-7.300239183083423e-05,-0.001534942669434436,-0.002220762410018312,1.1692871339600078e-05,-0.068807893903642,0.015430285091418972,-0.02270015625772981,-0.06330969063789349,-0.06999999999999995,-0.013193940257331394,-0.008191274284738093,THOC7,1.0,1.0,0.0,0.0,1.0,1.0,1,2,0,0.3623114019185135,0
TRMT10C+ctrl,network,20260713,0.04808267781498829,-0.00416305137507067,-0.011339694984548787,-0.0331450516926973,-0.002099981065626033,0.058785405116542844,0.0010136906057595998,0.0003901329204962778,0.0006741270509811326,-0.004724239812329223,0.00012526079081000003,-0.02368017047613491,0.011178858528668179,-0.011879020200249446,-0.011192532198230798,0.010000000000000009,-0.019877706210609414,-0.004978399796418009,TRMT10C,1.0,1.0,0.0,0.0,1.0,1.0,1,2,0,0.20298931797199302,0
TRMT5+ctrl,network,20260713,-0.05984807828831931,0.08181609494748832,0.12353036588907385,0.01798878104340601,0.00018283206549313258,-0.012259748215229682,0.002027539536356898,0.0019115540325538305,0.0036033706811535726,-0.00540659421912551,0.0004956786287947999,0.39643873515232364,-0.00982097820553196,0.03696586460953721,0.1815575379720974,-0.04000000000000001,0.025517222660283223,0.0022935814706314117,TRMT5,1.0,1.0,0.0,0.0,0.0,0.0,0,1,0,0.3015406880658885,0
TSEN2+ctrl,network,20260713,-0.03167511724255581,-0.0018094184086375753,0.0005051158745940088,0.02197864611188899,0.016058397802581476,0.07374372324790457,0.0020605791360139986,8.092633873213462e-05,0.00048506737940279265,0.016387401802658602,0.00014567316975440002,-0.035080589263449105,0.04598822094912092,0.036487123856788206,-0.02228888676195799,0.0,0.027851346889227385,0.02076767043500316,TSEN2,1.0,1.0,0.0,0.0,1.0,1.0,1,2,0,0.21439894004183485,0
TSR1+ctrl,network,20260713,-0.05848311571823461,-0.048961351132430386,-0.09089469707732367,0.01573444098954449,-0.004470569395575552,0.05577274758540701,-0.00023857876658439983,-8.97246996871548e-05,-0.0015910763196429478,-0.0016549169730721847,-7.344526238799989e-06,-0.024294316761643397,-0.007544861292510974,0.0007997321276440594,-0.007823352937121775,-0.06999999999999995,0.015940220668817395,0.0030122136173232894,TSR1,1.0,1.0,0.0,0.0,0.0,0.0,0,1,0,0.4128817226216927,1
TSR2+ctrl,network,20260713,0.059885374924462886,0.02134770296533639,0.03834936717716397,-0.020596666868845204,0.015194220743558084,-0.09657279070164793,4.053488373750164e-05,0.001839049518697622,-0.0016704855317634104,0.0023632657211455077,0.0004978962242602998,0.24550454876404332,-0.04014300833156237,0.0329676508891627,0.08089507394220029,0.09000000000000002,-0.02141366776388648,0.015416541555458796,TSR2,1.0,1.0,0.0,0.0,0.0,0.0,0,1,0,0.22843338042327205,0
TTC27+ctrl,network,20260713,0.011906572602396026,0.014512484710152818,0.019987256933682696,0.008834565393833982,0.002570075075064071,0.07005965119941593,0.0023688878864050016,0.0016858144024067823,0.005671618860041749,0.0015028163457803667,0.00042684795334940024,0.3219131857363367,0.005919503082745359,0.04406352598398289,0.2032053537405879,0.0,0.018720806362802656,0.0066705423801245445,TTC27,1.0,1.0,0.0,0.0,0.0,0.0,0,1,0,0.41068156010206375,1
TXN+ctrl,network,20260713,0.03890364977543137,0.06098974681209324,0.07915050653701594,0.032006963545629985,0.0127147800788322,0.10476575930221488,0.003204213455319401,0.0017356788387383748,0.003617635897643412,0.0023494616571362037,0.0005329282721505001,0.13655772997937116,0.00907021195229829,-0.019852282574983504,0.06345625612834205,0.019999999999999962,0.04546221791544422,0.011788098721687845,TXN,1.0,1.0,1.0,1.0,1.0,0.0,1,4,1,0.3289616304149065,0
U2AF1+ctrl,network,20260713,0.01341405245688479,-0.06368208519873908,-0.05672311962213239,-0.016154584881744594,0.002064590895767715,-0.1393907266819414,0.0007747262716294029,0.0009764093704039967,0.0010197872827497623,-0.00030073594939689086,0.00019858777523040078,0.0777719976994744,-0.015837879124867227,-0.0005204324128289528,0.0553311789625317,0.01999999999999999,-0.016042604363092572,-0.0007361747042858857,U2AF1,1.0,1.0,1.0,1.0,1.0,1.0,1,4,1,0.3417682317764551,0
UQCRB+ctrl,network,20260713,0.06810457720358376,0.012641027185598563,0.0238081022847606,-0.017543562313986405,0.004234499436493622,-0.059110586137968435,-0.0004159845411777982,-0.000187182064435798,-0.00018904282356180246,0.0025884376626938987,-4.9764639697900005e-05,0.03565004773737179,0.004317651266398381,0.013042370251435065,0.021969148336875022,0.08000000000000002,-0.022810121119276883,0.007056036262575449,UQCRB,1.0,1.0,0.0,0.0,0.0,0.0,0,1,0,0.32176513248147914,0
USP36+ctrl,network,20260713,0.012449097618064009,-0.029636429560991995,-0.0004992687035347831,-0.0036001572113713853,0.0007104626043857032,0.036918030813414826,-0.001706836745142902,-0.0014608410558032414,-0.0021672115107403966,0.0019388528095016233,-0.0003392071230337002,0.0650775356626429,0.02783815081920127,0.011466788807279582,0.03726919070630339,-0.009999999999999981,-0.012495398526792711,-0.006169146301461592,USP36,1.0,1.0,0.0,1.0,0.0,0.0,0,2,0,0.4078980133925427,0
UTP3+ctrl,network,20260713,-0.019295015316259656,-0.021269834353671024,-0.026857952535841834,-0.028173459334204093,0.0021854484439294275,0.145498411848771,0.0015445053577423026,0.0007712304745246534,0.0013742914637377979,-0.0033622033004784835,0.000298359664157,0.01239321237417046,-0.0017787259492564322,0.02366023856438182,0.03509945223682048,-0.040000000000000036,-0.030916562424688987,-0.00032072701741614473,UTP3,1.0,1.0,0.0,1.0,0.0,0.0,0,2,0,0.5405138736578827,1
VPS29+ctrl,network,20260713,-0.0891443745042915,-0.033753236024107514,-0.031657853126964786,0.0033604919250712073,-0.014462967119939496,-0.06701110505996427,-0.0022192429751156997,-0.0016104119002015027,-0.0031138916446303844,-0.0015008497668795029,-0.00041622843127700005,-0.40779535392914035,0.021231539307030367,-0.01688112898620686,-0.22838027311417308,-0.07000000000000003,-0.011244575739982915,-0.026609646590786684,VPS29,1.0,1.0,0.0,0.0,1.0,1.0,1,2,0,0.22582902049845377,0
VPS54+ctrl,network,20260713,-0.06731507952589039,-0.017194090307073195,-0.0140867757895623,-0.027624489728774987,-0.019367811486246306,-0.10616941014199371,-0.0036322828382252988,-0.0008716532913933817,-0.0026571464026897695,-0.014591908891507105,-0.00032080162782219994,-0.05656510398694026,-0.02178866350946751,-0.02848757548768266,-0.024517664988688292,-0.040000000000000036,-0.04311814549178941,-0.029615720493566866,VPS54,1.0,1.0,0.0,0.0,1.0,0.0,1,2,0,0.5640945945394885,1
VPS72+ctrl,network,20260713,0.1600248194709983,-0.021319348205294686,0.0005309663485443261,0.010905129046845513,0.007305396942648368,-0.045831030146482155,0.002692203968763303,0.0018798083799196341,0.0016941667378880254,0.0006622051136374041,0.0005794231547043001,0.4564105012862799,-0.02544039550811572,0.04547626134914995,0.1677299720132499,0.15,0.023668160524932785,0.019724257088607478,VPS72,1.0,1.0,1.0,1.0,1.0,1.0,1,4,1,0.4252737889858132,1
WBP11+ctrl,network,20260713,-0.0429793424603678,-0.046574776116107275,-0.054686164546775884,-0.004379643759692964,0.0008260995515461944,0.004286908312215121,-0.00010907091200360042,-0.001166922218950095,-0.0034380378905581876,0.0002029196575973058,-0.00017065485008059978,-0.20256338145162958,0.00796255988499106,-0.02496371650205942,-0.09546590753936461,-0.01999999999999999,-0.010277893641251035,0.003391179633352781,WBP11,1.0,1.0,0.0,0.0,1.0,1.0,1,2,0,0.42102504191650636,1
WDHD1+ctrl,network,20260713,0.014482143766046507,0.011309252342129095,0.015251518333998182,0.0003142539501397035,-0.00748642639639252,-0.07790654835457189,-9.300559759140015e-05,0.0002384989210244548,-0.00010175222806996231,-0.004939340813045673,5.7230412494399985e-05,0.12908645162471272,-0.0030673124238222993,-0.012123069877474357,0.08429172850624009,0.03,-0.004692238520221409,-0.0064798344199482605,WDHD1,1.0,1.0,0.0,1.0,1.0,1.0,1,3,1,0.3280301452685464,0
WDR12+ctrl,network,20260713,0.12369109317531979,0.03286181056075066,0.03035629146284713,0.004993548010489318,0.012190768418910897,-0.021774065685587485,0.0034073758870362993,0.0015929372169050104,0.003044327834837768,-0.0005394828825629194,0.00045476289233190004,0.08249507688747937,-0.003923856847839913,0.044710187849593686,0.0719539359864605,0.08000000000000007,0.014307506227990596,0.013649386069853664,WDR12,1.0,1.0,0.0,0.0,1.0,1.0,1,2,0,0.5140451056698891,1
WDR3+ctrl,network,20260713,-0.11576891519739385,-0.009276342850501607,-0.007829141415207075,-0.0006505482569846011,-0.02266651113025081,-0.0400679480167383,-0.0032961908727884015,-0.001275068737144558,-0.0016385997532272212,-0.0010620179543825992,-0.0004422893398441999,-0.058932277811729605,0.001733402427077313,-0.04743361804975199,-0.07842867186570024,-0.09999999999999998,-0.018688609981434207,-0.02241794069020453,WDR3,1.0,1.0,0.0,0.0,0.0,0.0,0,1,0,0.6438446096605795,1
WDR43+ctrl,network,20260713,0.19021771666285003,0.011443077844675464,0.017894539503253037,0.07207538388292078,0.01730567724141302,0.19319096989721896,0.004080779850482899,0.0038065798622971547,0.007108277950036879,0.002468482420090512,0.0009595023002475001,0.11343856835688981,0.00832431930172528,0.04382906889538618,0.10029097292686595,0.10999999999999999,0.09647648594709246,0.009219782542099653,WDR43,1.0,1.0,0.0,0.0,1.0,1.0,1,2,0,0.5092539631373229,1
WDR5+ctrl,network,20260713,-0.029673812200332994,0.012170381133013719,0.010731399151151899,0.01971961725479293,0.03663261836912246,0.1912253022064988,0.002525176852941499,0.0021967732260176343,0.0013733668889454043,0.012887078317957434,0.0008585797622799995,0.35548968065052017,0.037139619444894745,0.07719768989493392,0.1492905723537589,-0.05999999999999997,0.030706726367330295,0.027474792079733135,WDR5,1.0,1.0,1.0,1.0,1.0,1.0,1,4,1,0.6053603977036652,1
WDR70+ctrl,network,20260713,0.062155984008240905,0.02793592360079078,0.020406420412773962,0.04178649978797411,0.012916194105247802,0.154206592105529,0.0011770837008953025,0.0007844563038860164,0.002989211885336074,0.007210214526795267,0.00021264934912319984,0.07040504274230608,0.0018575982001763913,0.03643327676409869,0.05683046437229983,0.08000000000000002,0.0480573139746735,0.016324346450825145,WDR70,1.0,1.0,0.0,0.0,0.0,0.0,0,1,0,0.5656390988822039,1
WDR82+ctrl,network,20260713,-0.02636023341529739,0.004636358483501302,0.014474945274815076,-0.0672028627874941,-0.04841047289487149,-0.33991562743240467,-0.0016432404518126956,-0.00032159525473518524,0.0016884722338074143,-0.0376304852815027,-0.0002947621978819006,-0.037817333758709104,-0.04638247160911879,-0.1317539967745024,-0.059919444479653916,-0.009999999999999953,-0.10019993162755697,-0.051775084658718384,WDR82,1.0,1.0,1.0,0.0,1.0,1.0,1,3,1,0.5730442773818926,1
WDTC1+ctrl,network,20260713,0.024553828242082007,0.10299103702109569,0.09701678678620168,-0.01643381832401336,0.0063477100889650084,-0.1488068005966462,0.0030924919992685006,0.0017259919552474745,0.005528584278526205,-0.008199480621435079,0.0005680627655238,0.0668525443515263,-0.009840030290546586,-0.03069474259748839,0.025133328063655203,0.03,-0.016262580535449767,0.008766205519375014,WDTC1,1.0,1.0,1.0,0.0,1.0,1.0,1,3,1,0.4719341344251521,1
XPO1+ctrl,network,20260713,0.1092600852434556,0.02001083493122302,0.030006060272390278,0.015459702186553015,0.06194228334037272,0.1620302347331043,0.0046301335096358975,0.004561588384445203,0.009136086701443391,0.028784473901984187,0.0012761796824634006,0.1524066426980179,0.042869961372480225,0.10509883506275408,0.1464942178152846,0.09999999999999998,0.028332175872074317,0.0498256918024208,XPO1,1.0,1.0,1.0,1.0,1.0,1.0,1,4,1,0.7068059810139609,1
XRCC6+ctrl,network,20260713,-0.0319108762147787,0.005904915376086006,0.010795398955886604,0.0365315959805283,-6.211752351992228e-05,-0.05109656871238166,-5.89974224566997e-05,-0.0007295539753490177,-0.0013006161714629316,0.004708357807603314,-0.00010152230970559986,-0.07055376129207541,0.034458448859493895,0.024821590212520395,-0.015188053132008494,-0.04999999999999999,0.02960721708641001,0.0012187166574768593,XRCC6,1.0,1.0,0.0,1.0,1.0,1.0,1,3,1,0.7934984411636616,1
YEATS2+ctrl,network,20260713,0.05842726450882729,0.0029319715086046916,0.0013119214963140946,-0.0024263416325842058,-0.008581836128582015,-0.036169880759320594,-0.0020438954234122987,-0.0009723553930963691,-0.001453884202190281,0.00714140209526809,-0.0003138924948871001,-0.1924254163688877,-0.005338699405013192,-0.006438259609067742,-0.086997080524059,0.08000000000000002,-0.012756151757077283,-0.003565008739882858,YEATS2,1.0,1.0,0.0,0.0,1.0,1.0,1,2,0,0.46734752460625756,1
ZBTB17+ctrl,network,20260713,0.06641496564696969,-0.04231473979960132,-0.058862143692759494,-0.046474460363557485,-0.021604345296628996,-0.354792225975302,-0.002380516380071602,-0.0005588803405197629,-0.0011405408863773836,-0.021714246001869414,-0.00022913026623420018,-0.1622698208260783,-0.06138910363858041,-0.06598544728843181,-0.1298056639356758,0.05000000000000002,-0.07434965530667881,-0.030406430210918933,ZBTB17,1.0,1.0,1.0,1.0,1.0,1.0,1,4,1,0.7242755891408792,1
ZCRB1+ctrl,network,20260713,0.0306231674401157,0.016400365266086014,0.025866497052628556,0.027800660034450503,0.010059067779401298,0.11180347850002292,0.002917889505624799,0.0011184447666532371,0.0033057714123102544,0.008330328927430214,0.00033924356102939994,0.1526571132745754,0.042611167486649615,0.031672160148703665,0.10613442482836041,0.03999999999999998,0.0315717058061149,0.020568599032305457,ZCRB1,1.0,1.0,0.0,0.0,1.0,1.0,1,2,0,0.2678040058800341,0
ZNF335+ctrl,network,20260713,0.0019413225711698984,-0.0574455897956056,-0.05370144628673973,0.03272844286205712,0.018358088243942805,0.0619606878686354,0.0017167385667563005,0.00044260098883741605,-0.0010306434652506136,0.0113319551438541,0.00021940842270849997,0.1433044228887701,0.06938758217203511,0.04109313841932205,0.0159881360802101,-0.03,0.036750204834151895,0.024344172903971395,ZNF335,1.0,1.0,1.0,1.0,1.0,1.0,1,4,1,0.5138099604104251,1
ZNHIT6+ctrl,network,20260713,-0.18600812616695972,-0.015586389417231228,-0.041652467638776836,0.013094227081806992,-0.02611563579788062,-0.05284412686657192,-0.0009482745081186017,-7.330963956420078e-05,0.0015249347169975502,-0.0136260025473319,-0.0002821389352903002,-0.5081609984631879,0.005512584873548887,-0.08496889310237532,-0.3116665005456486,-0.18000000000000002,0.0020884111313956844,-0.033267049575263496,ZNHIT6,1.0,1.0,0.0,0.0,1.0,0.0,1,2,0,0.32028276024241287,0
ACTR8+ctrl,network,20260813,-0.039140195860045524,-0.007431388866651734,0.015585119829218397,0.0431432408210716,0.009333911518855514,0.14164568476643175,-0.0005251523107290025,-0.00030946597862258063,0.00045698440227914805,0.023704550228771104,-9.613169822850003e-05,-0.06840536462400709,0.013643849132576547,0.03303128758576024,-0.021590339961151894,-0.10999999999999999,0.04445841427552499,0.0196721863467596,ACTR8,1.0,1.0,0.0,0.0,1.0,1.0,1,2,0,0.6566927135966314,1
ALG13+ctrl,network,20260813,-0.00046279382867360497,-0.004944410465860194,0.006490335536795677,-0.017647280859905884,-0.0076587939294194,-0.01427528924938376,-0.001541107892990199,-0.0007247022870408015,-0.0004343362966200415,-0.008831878918911407,-0.00022548437118529992,-0.010125521046755792,-0.026535612353570937,-0.020761882776767493,-0.006131841269420818,0.04000000000000001,-0.0148339413692897,-0.013382597898487614,ALG13,1.0,1.0,0.0,0.0,0.0,0.0,0,1,0,0.23444576227320837,0
ANKRD11+ctrl,network,20260813,-0.030084513656814804,-0.022797291138879183,-0.018107964929718,-0.025565096267736315,-0.025754169509291103,-0.0723790117937464,-0.002781582996249199,-0.0021848485852368205,-0.00491704742868182,-0.021607021794164905,-0.000549829681404,-0.0869402661695708,-0.049271002421828136,-0.043574011924655154,-0.0165112691892709,-0.020000000000000018,-0.0343360706726632,-0.03180967703039228,ANKRD11,1.0,1.0,1.0,0.0,1.0,1.0,1,3,1,0.48289262866118055,1
AP2S1+ctrl,network,20260813,-0.051637012943694216,0.012033827470383729,0.0004918790800344519,-0.011616386525017092,-0.015937722733460002,-0.07005395096634526,-0.001665452495217299,4.606139186758007e-05,-0.0001293981171759384,-0.020543786525596408,-9.443529415870014e-05,-0.0402002500668559,-0.026448546218246993,-0.045453734781778166,-0.0505727110173359,-0.06,-0.013977864865022088,-0.021855672830538797,AP2S1,1.0,1.0,0.0,1.0,0.0,0.0,0,2,0,0.6367654607463599,1
ARGLU1+ctrl,network,20260813,-0.0003268717988418046,-0.021802453341484784,0.011848519886345665,0.019235630493468603,0.003963842754695898,0.004902710304589081,-0.0005620475858450005,-8.97536916103503e-05,-0.0018300464657600157,0.006497734263960289,1.0615331120799893e-05,0.1017326190912531,-0.0007602997319793303,0.01792732562137589,0.023284771987857802,-0.04999999999999999,0.021800869481948787,0.0007845021549112152,ARGLU1,1.0,1.0,0.0,0.0,0.0,0.0,0,1,0,0.3030444499073842,0
ARIH1+ctrl,network,20260813,-0.127274612606333,-0.06759477929681057,-0.08400409660917152,-0.06530799322447658,-0.02421580775509652,-0.15065190032306552,-0.0038777999579906013,-0.0007275637741840368,-0.0004335141064759629,-0.018178367160301606,-0.0004085231339559,-0.3553377708487056,-0.057278455381694515,-0.08961029890128991,-0.19774645368897528,-0.17999999999999997,-0.0899336420361305,-0.030508172146890278,ARIH1,1.0,1.0,0.0,1.0,0.0,0.0,0,2,0,0.2872784534549865,0
ARPC4+ctrl,network,20260813,-0.014557826183956818,-0.000948279185419787,0.0057568598256533265,0.00456491259051639,7.266638222599986e-05,-0.0014720609170936205,0.0007574241608380994,0.00020158806025838416,0.0003123837010196029,-0.007644701794007003,6.459484575320007e-05,0.008901701048277103,0.010721898876339675,-0.005677919528410236,0.011424987713468504,-0.03,0.012984086021622099,-0.0028138384822500306,ARPC4,1.0,1.0,0.0,1.0,1.0,1.0,1,3,1,0.4253802065822827,1
ATP6AP1+ctrl,network,20260813,0.25610712881918485,0.04058227995561936,0.0544158009302963,0.0534590174369991,0.01200694823696119,0.09778980393995812,0.0018347203731537004,0.00036548885066867154,0.000961499871136251,0.007930233118664892,0.00016853818669910006,0.16393935696371237,0.05109352370154818,0.09469817275855219,0.07472702249691776,0.18999999999999995,0.0530411970912244,0.028543828094071744,ATP6AP1,1.0,1.0,0.0,0.0,0.0,0.0,0,1,0,0.2770145243501594,0
BGLAP+ctrl,network,20260813,0.000897769252447167,0.033642457153112315,0.029326704458457975,0.023907191629199714,0.01237386982479241,0.17315592064804985,0.0012551676481961996,6.475539611228154e-05,0.000568052950735809,0.014406470261768611,1.0114163160300027e-05,0.03363174395079399,0.03812408365802544,0.03851188972724795,0.04270715743319792,0.010000000000000009,0.03208411924484378,0.01231977588710187,BGLAP,1.0,1.0,1.0,0.0,0.0,0.0,0,2,0,0.22603557976901004,0
BMS1+ctrl,network,20260813,0.0035132227377211445,-0.004315464217730602,-0.007077410843735199,0.01754297803681562,0.00272738447076748,-0.052282377255118195,0.0009198896586894989,0.0006508395471047645,0.0015821496514624167,0.006086407205196487,0.00016455422155560017,0.021610095886400504,0.02184596069979905,0.02997469133652364,0.02299193228022911,0.0,0.0338478758376311,0.003333194891919522,BMS1,1.0,1.0,0.0,0.0,0.0,0.0,0,1,0,0.4094956656115338,1
BRIX1+ctrl,network,20260813,0.05483341910006109,0.004009934108073487,-0.01641601966617956,-0.016793831434067485,-0.0033564132087048337,-0.28517189178842917,0.0008082333952188041,0.0014322790903986693,0.0003032174041359692,0.0018112494635350862,0.00023798807524139966,0.05181746710495999,-0.009275345238889843,0.006943414977444995,0.009728736490064394,0.09000000000000002,-0.02702374867947921,-0.0009306179517237778,BRIX1,1.0,1.0,0.0,0.0,1.0,1.0,1,2,0,0.708155646016739,1
BYSL+ctrl,network,20260813,0.17903912131866406,0.007972295604882662,0.028998523214330385,0.0378317454376742,0.0099489758084223,0.03818390256183918,-0.00016924925148490214,-0.00016842574123121512,-0.0008361879694875896,-0.0040002123531659994,5.6599965319000575e-06,0.06866091641301109,0.005349357521032938,-0.013357546592865921,0.050370243696018724,0.13,0.0386448095045239,-0.00058312626094148,BYSL,1.0,1.0,0.0,0.0,0.0,0.0,0,1,0,0.23304440545276975,0
C1QBP+ctrl,network,20260813,-0.093566320732168,0.05692967292847828,0.05400183291384675,0.040007149688002314,0.016375378023574,0.14754597489949006,0.002036862075328799,0.001173628970068341,0.001600286416050034,0.006030799838759787,0.00031782779842620006,0.32669813038878043,0.02334984041304833,0.046950481142080225,0.2030946482664086,-0.040000000000000036,0.059139740045200284,0.01976253754636048,C1QBP,1.0,1.0,1.0,0.0,1.0,1.0,1,3,1,0.26397617216017966,0
CCDC86+ctrl,network,20260813,0.13159137964758005,0.06661553842758727,0.07392313400472439,-0.032675355639624204,0.0007457027078563994,-0.11981842948418803,0.0018365625292063002,0.0014487411546488804,0.004043707818366049,-0.024452358436071797,0.0003283979604021,0.1132027860701712,-0.043624895595873125,-0.013436541348825437,0.14288829437048378,0.15000000000000002,-0.043565831001600414,-0.01314901355546838,CCDC86,1.0,1.0,0.0,0.0,0.0,0.0,0,1,0,0.4931652481961014,1
CDC123+ctrl,network,20260813,-0.09616994531717331,-0.00026391906547151844,0.008167735153228217,0.008033294560840204,-0.01344019605522967,-0.1577953173926236,0.0016761291772126978,0.0014176590028209812,0.0024839437242776263,-0.027658106345943095,0.00039921596180649997,-0.0992558166213296,-0.05547321928323101,-0.05998677771398031,-0.101464336400154,-0.06,0.01623360381478009,-0.0357550546557891,CDC123,1.0,1.0,0.0,0.0,0.0,0.0,0,1,0,0.31292809537488786,0
CDC23+ctrl,network,20260813,0.070254854125889,0.02866472359080008,0.0313610696186416,-0.0026586469160969073,-0.005631546402187215,-0.02774350253157787,0.000510882586240699,2.711749403916386e-07,-0.00014498861379941275,-0.008040271825017625,2.3119500838199953e-05,0.0012378483070458746,0.005207295418072744,-0.021087247410041643,-0.018457928075951036,0.06,-0.010620202054277411,-0.007170611131401161,CDC23,1.0,1.0,0.0,1.0,1.0,1.0,1,3,1,0.7904466040253506,1
CDC40+ctrl,network,20260813,0.2635923713370429,0.2125174177142447,0.17114575269769305,0.03622389117266761,0.017491833164633097,0.3425880508433309,0.0021107159554957997,0.0011846502338188625,0.007941092116757753,0.016173836658626484,0.00025693257339299983,0.38728292086591226,-0.02361895596179997,0.13600325113806366,0.3666586533960154,0.18,0.07762313560029749,0.038366953650319835,CDC40,1.0,1.0,0.0,0.0,1.0,1.0,1,2,0,0.5481621911202976,1
CENPC+ctrl,network,20260813,-0.2628045075864981,-0.03339446185387607,-0.028299875920485773,-0.10495014501720781,-0.027515131715991015,-0.6149305116750676,-0.003879137337207801,-0.0020807506802411613,-0.004651570722949194,-0.04047466197017638,-0.0006046942435204999,-0.16761425891948506,-0.03563385748079584,-0.11731589763989714,-0.08397777574304166,-0.22000000000000003,-0.1701942535263118,-0.050467191523341004,CENPC,1.0,1.0,0.0,1.0,1.0,1.0,1,3,1,0.2646113918751577,0
CENPE+ctrl,network,20260813,-0.07850360714856663,-0.03782724077986921,-0.033086364268926305,-0.012690853521495016,0.013068537958551202,0.04446511508562273,-0.001293018460273701,-0.0008910294928266005,-0.0027364635975899443,0.014314793659207403,-0.00014921609545119998,-0.02338808621655669,0.01944376294467043,0.03147107649872094,-0.05949250472672751,-0.07,0.0017920436225953018,0.01880326358799611,CENPE,1.0,1.0,0.0,1.0,0.0,0.0,0,2,0,0.5586735532992282,1
CHERP+ctrl,network,20260813,0.0755624077445699,0.031436239987261305,0.06034079757012589,0.024057860546280563,-0.003777481527922011,-0.10692310901346025,0.004806391894817304,0.003729143798099299,0.00735180984677819,-0.01069373608189128,0.0009763126727194,0.3044423618931805,-0.012816682566934023,0.029769926150256643,0.197689824768737,0.020000000000000018,0.03311627040659931,-0.011113982046869308,CHERP,1.0,1.0,0.0,0.0,1.0,1.0,1,2,0,0.4241300090912932,1
CHMP6+ctrl,network,20260813,0.1813165375447896,0.033198427737716196,0.012647560214782527,0.016976425658238703,0.002466238114154806,0.029234869468492297,0.0025505525991320003,0.0009444976072652267,0.004193143344262795,0.002294978137733411,0.00026907119899989996,0.09486702084682841,0.05739761264965526,0.14625226372293698,0.1019184094253548,0.10000000000000003,0.02323051954066882,0.008843881142185595,CHMP6,1.0,1.0,0.0,0.0,1.0,1.0,1,2,0,0.6867550015191156,1
CNIH4+ctrl,network,20260813,-0.06311579808700929,-0.017916975301074,-0.019375059835424258,-0.014218305329381786,-0.0026242351243125905,-0.020717504243239593,-0.0005516931414603979,-0.0004977173221863973,-0.0007971413599239252,-0.011702066211686013,-0.00010226946324109988,-0.10276765761900272,-0.00886099360467052,-0.013028696327011202,-0.0469636136734399,-0.09000000000000002,-0.011792055334180318,0.0062846020694316,CNIH4,1.0,1.0,1.0,0.0,1.0,0.0,1,3,1,0.19010964496895616,0
COG2+ctrl,network,20260813,-0.026463724550568418,-0.02678630624242262,-0.04094244191370677,0.002985674357847884,0.007829312076336692,-0.14860471282958757,0.0034396797418594013,0.0011921397853243976,0.002068899802420865,-0.0033016244472767187,0.0003340281255077,-0.04159290717378922,0.019961202905440012,-0.010456558820731265,-0.05128199557994059,-0.010000000000000009,0.001405728528592387,0.008036818964941128,COG2,1.0,1.0,0.0,0.0,1.0,1.0,1,2,0,0.5673653870177205,1
CPSF3+ctrl,network,20260813,-0.261593368771629,-0.09530820536775664,-0.10651146913874399,0.008007468171605081,-0.019210610550939783,0.034853983938474664,-0.004630545154213898,-0.002493287328111826,-0.009010013736400535,0.00702388125406142,-0.0007362632313743,-0.3862070666931664,-0.021715083257982326,-0.052795667589931594,-0.33264542956945853,-0.30000000000000004,0.0009559113437110078,-0.00985217693624868,CPSF3,1.0,1.0,0.0,1.0,1.0,1.0,1,3,1,0.60570893428095,1
CPSF4+ctrl,network,20260813,-0.042415282343398475,0.02122983784297411,0.03307265884606431,-0.028291779235658787,-0.011595632590347793,0.02363313067736117,-0.0017170198261738032,-0.0016759809114220703,-0.003129244029241418,-0.00705699888655098,-0.00041557708755140003,-0.1607668564531018,0.0001379170234727667,-0.034147969041299686,-0.12814700861681858,-0.04999999999999999,-0.04516768661373999,-0.01128127178451166,CPSF4,1.0,1.0,0.0,0.0,1.0,1.0,1,2,0,0.4123701936169123,1
CSTF1+ctrl,network,20260813,-0.1203351304523114,-0.026861295150336084,-0.03355371859676992,-0.07012442018233192,-0.011365127698129973,-0.4076974298707935,-0.0015841722488403008,0.0002127384613975769,-0.0009950363669776197,-0.022503344428668387,-9.614159353099963e-06,-0.12898053859183403,-0.06237487115894269,-0.10493270879050454,-0.1785598466836454,-0.15999999999999998,-0.1043377564641077,-0.020974636316286044,CSTF1,1.0,1.0,0.0,1.0,1.0,1.0,1,3,1,0.44643072922817745,1
CSTF3+ctrl,network,20260813,-0.0670006625190949,0.044212997239162,0.05631104716991103,-0.014071029273244773,-0.011782344962165903,0.09009470020424404,-2.242624759701828e-06,-0.00011964066071001866,0.0006242435782584099,-0.01040491500248747,3.333971835669993e-05,-0.015200710729683098,-0.0014499964676266686,-0.024839693498533544,-0.01675480276739849,-0.06,-0.008526582570110797,-0.013147058357958485,CSTF3,1.0,1.0,0.0,0.0,1.0,1.0,1,2,0,0.6824054723626845,1
CTR9+ctrl,network,20260813,-0.12532240073884138,-0.08152042150431693,-0.0680835648146697,-0.006598797071005302,-0.032902059448584486,-0.006101388014532194,-0.005949651822447801,-0.004692026746756839,-0.010051130488954008,-0.001999927800219098,-0.0012769086752085997,-0.11470005526050164,0.012796725143398247,-0.06295216416500593,-0.12295391424904545,-0.08999999999999997,-0.026825079285503983,-0.038222900355077805,CTR9,1.0,1.0,0.0,1.0,1.0,1.0,1,3,1,0.6233993345430592,1
CUL1+ctrl,network,20260813,0.00862537269977659,0.012716064534314175,0.015176910829554413,0.0021115803632602848,0.009525072479172086,0.007291312742125827,0.002890834584832202,0.0011004061786811237,0.00166232560249302,0.0097976680182853,0.00033709319541229995,-0.0711275919491334,-0.0006346977777003104,0.0045761646113282595,-0.02848055667840789,0.04000000000000001,0.0098251058737166,0.009035866027136352,CUL1,1.0,1.0,1.0,1.0,1.0,1.0,1,4,1,0.9133993792441149,1
CWC15+ctrl,network,20260813,0.3058801100305656,0.08986205223712884,0.08136676473347282,0.0444926099352711,0.05982037110082622,0.08537664376531118,0.006974836811423302,0.006361078060718839,0.014278601032735816,0.026541472946430417,0.0016807653009890998,0.315492610919767,0.03596828560369347,0.1254814273858943,0.25317208493903565,0.19000000000000006,0.07193307920440711,0.05312634341561262,CWC15,1.0,1.0,0.0,0.0,1.0,1.0,1,2,0,0.6531893421116421,1
CWC22+ctrl,network,20260813,0.0225969192481022,0.0734487355381922,0.08739781037077576,0.0318274745663219,-0.022046616919622897,-0.037990970829469894,0.001785662025213297,0.0013411387120123575,0.0030450403227407774,-0.011136904931224906,0.00034065917134279986,0.06065775995024436,0.007347114177091885,-0.00715168205535166,0.050471936212088786,0.03999999999999998,0.0480259071758633,-0.02051161920100908,CWC22,1.0,1.0,0.0,0.0,1.0,1.0,1,2,0,0.5408070291688098,1
DAD1+ctrl,network,20260813,0.015624646570552403,0.0010240598456913164,0.026071251925871897,-0.004516178639895119,0.022724087735110365,0.10932020308423995,-0.0009521543979644984,-0.0002466264339787694,-0.0018891117626808063,0.02085342161732673,-6.551737897099994e-05,0.05357227079612689,-0.007942443160970925,0.0157495318547779,0.02545726468871079,0.03999999999999998,-0.01288245832792459,0.01946270017842966,DAD1,1.0,1.0,0.0,0.0,1.0,1.0,1,2,0,0.1691843451194338,0
DBR1+ctrl,network,20260813,-0.017204974136435597,-0.01743680098769651,-0.012892903056232086,-0.014144087892726503,0.004009034930885225,0.18248119996614998,-0.0001577325165272002,-0.00024920878539247404,-0.00123992573198195,0.0057446217123445775,-5.3277122788099795e-05,-0.030455381887455613,-0.009463063040978326,0.0048668593850248465,-0.0062311239390497875,-0.01999999999999999,-0.005764034889097269,0.014714400302103248,DBR1,1.0,1.0,0.0,0.0,0.0,0.0,0,1,0,0.27925464191821814,0
DDOST+ctrl,network,20260813,-0.006497114046600194,0.01483585031146839,0.013548418531315998,0.005818926419832199,-0.0046401799886015005,0.10359061683929655,0.003542926162481301,0.0025282015697224436,0.005696403683856377,-0.0040616388743581755,0.0006726759020239,0.12308885360369418,-0.006508681825631912,-0.01893621552528091,0.05765270851964302,0.03,0.021238712509696778,-0.012029769797070822,DDOST,1.0,1.0,0.0,0.0,1.0,1.0,1,2,0,0.2679471985189293,0
DDX41+ctrl,network,20260813,0.05345751182793862,-0.000589127797701039,0.00830157312822366,-0.040011576683127215,-0.004599105347474097,-0.1374514530859357,0.0024090353399515013,0.0009415628365851969,0.0014008547120341053,-0.012461947724919792,0.0003415066748858001,0.028527186911303515,-0.021569576795935075,-0.029607855203294342,0.022488666309288696,0.030000000000000027,-0.047271223984204636,-0.009681442168164356,DDX41,1.0,1.0,0.0,0.0,1.0,1.0,1,2,0,0.6636205651969963,1
DDX49+ctrl,network,20260813,-0.10595582295473494,0.01565488470875165,0.026469921168844723,-0.001610789876683394,0.02891762069663789,0.11200802680105582,0.0004062987864017001,-0.00037650540501443786,-0.0006383547226649355,0.02009015355702598,-6.880355067549965e-05,-0.12094425605427878,-0.0022328411935009784,0.0359606421792219,-0.04815981034076902,-0.07,-0.009346499027019783,0.025948438941978402,DDX49,1.0,1.0,0.0,0.0,0.0,0.0,0,1,0,0.7429643407329919,1
DDX5+ctrl,network,20260813,0.014896814645386225,-0.00864465382211932,-0.028201207484257806,-0.0008613979363515933,-0.011609534314731412,-0.0714453304804693,0.004361459985375401,0.0016830742297988532,0.004574879919856389,-0.03126094046225519,0.0005387722048908002,0.0476039037376314,-0.04504433497804339,-0.03296582918199786,0.0379889484319129,-0.009999999999999981,0.008082167108133392,-0.009053268125900682,DDX5,1.0,1.0,1.0,1.0,1.0,1.0,1,4,1,0.5836969832086772,1
DDX52+ctrl,network,20260813,-0.007313255214252967,-0.021569213887879912,-0.022267090488371943,0.014314978123613181,-0.002376848593936609,-0.04827280623497776,0.000295560806989701,0.0005289585336012426,0.0008087198723487621,0.006206005538018811,3.050896339099941e-06,-0.016095899281496018,0.0026816840530795583,-0.03426733288103556,-0.014657049749296713,-0.030000000000000027,0.003197079163362898,0.0005225221695649429,DDX52,1.0,1.0,0.0,0.0,0.0,0.0,0,1,0,0.6127731106876021,1
DDX54+ctrl,network,20260813,0.3883038969818825,0.10196188397241907,0.11680958142764175,0.047744623540236286,0.0175921176002779,0.056907248613545236,0.0042405650019646,0.0034919029812822133,0.004108780123796452,0.0036770853000864245,0.0008673463016748001,0.31671483394846506,-0.032310633355649765,0.018473457248522007,0.16095280598129963,0.32,0.057670370522999975,0.01327706050196964,DDX54,1.0,1.0,0.0,0.0,0.0,0.0,0,1,0,0.7092284389812483,1
DERL2+ctrl,network,20260813,0.14358618621408548,0.10228415856317918,0.1108345507996078,0.022415191809405294,0.018712704345890174,0.12040772468327476,0.0014902260154486015,0.0010813185572434714,0.0034296698331868214,0.014724731151788795,0.0002541353460401999,0.2622567207853266,-0.013801018511355956,0.0488287826758983,0.1804600565550643,0.12,0.037180194810527145,0.024750005119035245,DERL2,1.0,1.0,0.0,0.0,1.0,1.0,1,2,0,0.3173222912462554,0
DHX37+ctrl,network,20260813,-0.058759436691541045,0.0034073092887245693,0.00775785132130502,0.01841832357540421,0.01895274250655271,0.07197880611711582,0.002741990610957201,0.0015300605320324179,0.0014232142649284185,0.014188180245405801,0.0003292908659205,-0.032598929280883926,0.019633358333430273,0.04335604957545158,-0.01361679630499879,-0.010000000000000009,0.026579375407936923,0.027607627946000357,DHX37,1.0,1.0,0.0,0.0,0.0,0.0,0,1,0,0.8140257550206905,1
DLD+ctrl,network,20260813,0.021012956650587306,0.0010890014276375148,0.006470848000714791,-0.015585235260393404,-0.002853402991703502,-0.030283066844152273,-0.0005957782268525003,-0.0005457258801452314,0.0015125529471191612,-0.0017954589120277031,-0.00010444712825120016,-0.04259846487707891,-0.013002467329704337,-0.026015210620727203,-0.027882902705454404,0.02999999999999997,-0.02380428871563589,-0.0010660749073487796,DLD,1.0,1.0,1.0,0.0,1.0,1.0,1,3,1,0.3562267117635941,0
DNAJC8+ctrl,network,20260813,-0.01760304618253651,-0.07715463222862834,-0.0744373136648781,-0.023266946554769602,-0.01146687822128381,-0.1619341189550374,-0.001723408699035603,-0.0001335818562665514,-0.0008621154584844692,-0.014949310904262075,-0.00010372704127800008,-0.05256277273905799,-0.03462639881634477,-0.03794686881456333,-0.0658473586990792,-0.04000000000000001,-0.04152118927291909,-0.021123986796698135,DNAJC8,1.0,1.0,0.0,0.0,1.0,1.0,1,2,0,0.6049272075377098,1
DNTTIP2+ctrl,network,20260813,-0.31965105471696453,-0.02742156483189262,-0.05021659070923179,0.01395527692454071,-0.07677290759548452,0.07378485875470486,-0.013299604877829496,-0.008290918071563791,-0.01271486225320484,-0.007402480670904987,-0.0027621135814115006,-0.677813184679225,-0.04127684836269707,-0.18620321464730782,-0.46661668287260016,-0.26000000000000006,-0.008372687653304733,-0.05723862850013195,DNTTIP2,1.0,1.0,1.0,0.0,1.0,1.0,1,3,1,0.5084353830963247,1
DONSON+ctrl,network,20260813,-0.2706264756724198,-0.0791231072049573,-0.07909103218286828,-0.02622122373617028,-0.0312940906676793,-0.34466123013157696,-0.0049350205808878,-0.0036325049305444557,-0.00490842386813517,-0.009864701956092597,-0.0009707721183077,-0.4292637581410502,-0.005394260336887502,-0.13256065061156264,-0.2582979928827209,-0.21000000000000002,-0.07307068170911218,-0.04439364090564041,DONSON,1.0,1.0,1.0,0.0,1.0,1.0,1,3,1,0.5098475125756874,1
DPH2+ctrl,network,20260813,-0.010895985966414501,-0.024838484563910357,-0.0371848277536298,0.011373849778858719,0.006180575242838299,0.07900802741378371,0.0009926874190567987,0.0001689555129164022,0.0034525531621020233,0.0124872898409836,4.683027509599989e-05,-0.142243730539266,0.016369130986604863,0.010217292864572958,-0.010105435172702498,0.0,0.0122543826774896,0.014509172843594542,DPH2,1.0,1.0,0.0,0.0,0.0,0.0,0,1,0,0.24773313253560908,0
DYNC1H1+ctrl,network,20260813,-0.32696539657873613,0.017334070806979573,0.026056516242219163,-0.0720338022763923,-0.009626334179838408,-0.31964959695547657,0.003461329266428899,0.002463855357384026,0.0028921499716858534,-0.031192924977746714,0.0005271123955026,-0.2251820594425783,-0.04530337211685753,-0.1307152873302697,-0.21046133817153112,-0.20000000000000007,-0.11312864180704449,-0.028362496346275967,DYNC1H1,1.0,1.0,0.0,1.0,1.0,1.0,1,3,1,0.34089075469674274,0
DYNLRB1+ctrl,network,20260813,0.008560081491356675,-0.06862440684246662,-0.06275451318202474,-0.005475092068634307,-0.004288566672411898,0.06661505728662331,-0.0008210260421037986,-0.00026843098297379964,0.00014215795768635076,-0.00935974958334801,-0.00015096733113749991,-0.0626805386270134,0.002174349742055659,-0.005459460569198438,0.007985891072393891,0.0,0.006313123370080609,-0.008081829313184907,DYNLRB1,1.0,1.0,0.0,0.0,1.0,1.0,1,2,0,0.37186370402828745,0
E4F1+ctrl,network,20260813,0.1502029739460154,0.007015741999243819,0.000332068244066952,0.052300234408417384,0.05458556761377428,0.27860897719418015,0.0039803441613913,0.002448022020107854,0.005090687819871764,0.0347312948166687,0.0006280037341639998,0.4228027591714667,0.0682334286043832,0.12315468373174732,0.2919292294010754,0.14,0.07338987857395288,0.05341022154287289,E4F1,1.0,1.0,1.0,0.0,0.0,0.0,0,2,0,0.5905356331533801,1
EBNA1BP2+ctrl,network,20260813,0.10825838909184476,0.03419172045199537,0.041684059518446226,0.049953041009379084,0.007350745529589531,0.11449202487655441,0.004337606951594297,0.004242751077707108,0.0031118575254179826,0.006662690818131811,0.001161067513749,0.0878538990100381,-0.016301413728928238,-0.0015019275699847956,0.05253531108455972,0.10999999999999999,0.06617179123155364,0.007499562632678369,EBNA1BP2,1.0,1.0,1.0,0.0,1.0,1.0,1,3,1,0.4785714492750178,1
ECD+ctrl,network,20260813,0.2471730131610503,0.0978479866045987,0.08592389485981766,0.07339983454438878,0.03524775645193029,0.18942284153085098,0.004853241145610799,0.0034119028191244016,0.013903287581466195,0.023586378413980008,0.0007850144756958001,0.3934665987792735,0.02949745509742785,0.11158699516874082,0.3066027114055814,0.22,0.08780044305723739,0.038952303007322,ECD,1.0,1.0,0.0,0.0,0.0,0.0,0,1,0,0.3536610604497916,0
EIF2B3+ctrl,network,20260813,0.011196562946371613,-5.814963490524683e-05,-0.001479085843200778,0.003230980844301512,0.004991370373563786,0.04292637724526621,0.0005168933421373992,9.9943146061654e-05,0.00034515814768720787,0.004921276262930402,3.394129453220007e-05,0.003472760097491201,0.010503347494047688,0.009071555077865945,0.0068022039384171284,0.040000000000000036,0.007888456002139915,0.005197258136557914,EIF2B3,1.0,1.0,0.0,1.0,1.0,1.0,1,3,1,0.7169773594364061,1
EIF2S1+ctrl,network,20260813,-0.12104669982270533,-0.03819953876411131,-0.020159841036968884,-0.005005876478292315,-0.022307790780009495,-0.23431617132109162,-0.001037240028381299,-0.000998111699060611,-0.0007134990045399858,-0.013308727226877398,-0.0002727685496211,-0.04791074052118138,-0.004889942266862901,-0.032422153013840105,-0.045741885510773184,-0.09000000000000008,-0.013195645038051762,-0.00790560611201463,EIF2S1,1.0,1.0,1.0,1.0,1.0,1.0,1,4,1,0.33367386319370723,0
EIF3E+ctrl,network,20260813,0.1464765288315379,0.1175118653081002,0.13199259746006842,0.002555905860772395,0.02183867300127798,0.026036375118892674,0.0037944223731756,0.0038001763626164253,0.008132822657302752,0.0036005269796673955,0.0010012751445174,0.2442972288087426,-0.00926579260479321,0.07917728348701536,0.1853564458743069,0.10999999999999999,0.0185821979195947,0.022393287495282244,EIF3E,1.0,1.0,0.0,1.0,1.0,1.0,1,3,1,0.5226165755263349,1
EIF3F+ctrl,network,20260813,0.03912515204268008,0.07053132875272508,0.05659913972426803,0.035037057156667384,0.04334606260867302,0.15124625669218872,0.0037487111985683996,0.003402925798050016,0.004763453283874841,0.02020456815589089,0.0009023018646985999,0.04092875532757578,0.03233990607536197,-0.0009121501658491127,0.008280024187399704,0.04999999999999999,0.05547953204233258,0.0399712927841227,EIF3F,1.0,1.0,0.0,1.0,1.0,1.0,1,3,1,0.7831224346710105,1
EIF3G+ctrl,network,20260813,-0.03886365608517389,-0.09517833543666204,-0.1171710196877172,0.002784322714525722,-0.027072851384040086,-0.04969016384464031,-0.0057385489344597,-0.006138857443794832,-0.008741834942722182,-0.009247261474471913,-0.0015617024619132003,-0.12621062537863925,0.006438088099241734,0.021385209409002015,-0.10413986633134492,-0.020000000000000018,-0.003588693150017419,-0.019701751662527744,EIF3G,1.0,1.0,0.0,1.0,1.0,1.0,1,3,1,0.3046157550487529,0
EIF3J+ctrl,network,20260813,-0.02913235646118123,-0.023366512573917864,-0.019664281936501604,0.0023051048373426974,-0.0039402843091623785,-0.16215625480659457,-0.003862136974930701,-0.0030461019983651916,-0.005330240348277782,-0.004691222686194985,-0.0008354429155588003,-0.03975910951539813,-0.010116810926743547,-0.013152853253239338,-0.018528902326045482,-0.02999999999999997,-0.011092047882738376,-0.017863591395960166,EIF3J,1.0,1.0,0.0,1.0,1.0,1.0,1,3,1,0.2960572400395116,0
EIF3M+ctrl,network,20260813,-0.05033803916699581,-0.01956721496627234,-0.02723760568506106,-0.023331562731631422,-0.010855719585660395,0.061177034655502005,-0.004416590556502398,-0.0027416920780624077,-0.007152790750111548,0.006965411565760693,-0.0007186018628999999,-0.07907826190397638,-0.010837374953921786,0.0333233492673618,-0.04986865811008323,-0.020000000000000018,-0.0410975652273336,-0.020043148381138187,EIF3M,1.0,1.0,0.0,1.0,1.0,1.0,1,3,1,0.664131624522618,1
EIF5A+ctrl,network,20260813,0.009209098163265678,-0.06389456997413645,-0.07593440167927862,0.006592140826387705,-0.0046339968542017385,0.04419013799788529,-0.0013428591191768993,-0.0012652172262116457,-0.002728934701157204,8.144884199740021e-05,-0.0003480834420769999,-0.012345862035357202,0.02873244653434226,0.02976699449997322,0.014998212406566395,0.07000000000000003,-0.009989613646159134,-0.01152470938292327,EIF5A,1.0,1.0,0.0,1.0,0.0,0.0,0,2,0,0.21732101033867016,0
ELP5+ctrl,network,20260813,0.021867957748455513,0.006812941313804832,0.0023333524989727072,0.019764292017891705,0.00592936681366521,0.008985608973874903,-0.00030009821057320335,-0.0005217196384564859,-0.0011544341976931216,0.005382904725774407,-0.00012011307990179995,-0.06357461779431517,0.022184911858302292,0.037982650051264444,0.024516764335944796,-0.02999999999999997,0.011991735120818192,0.010170364777406404,ELP5,1.0,1.0,1.0,1.0,1.0,1.0,1,4,1,0.26928611818610937,0
EXOC7+ctrl,network,20260813,-0.0056885195056569915,-0.019828303725918428,-0.0299210284014233,0.025173298255443288,0.0012603047319555971,0.09946118609694965,0.00046709179878230006,0.000432013597476244,0.000970773132102476,0.002501220020642292,0.00010195048525930015,0.0256655596735052,-0.0001546913754604251,0.013262009303009803,0.02886771533313471,-0.03999999999999998,0.028742874813096342,0.0003393241380973411,EXOC7,1.0,1.0,0.0,0.0,1.0,1.0,1,2,0,0.6055215390791784,1
EXOSC10+ctrl,network,20260813,-0.3398993360796042,-0.016133424494741644,-0.016154823797335793,-0.029526459594660798,0.0010767781383885233,0.08866751663819727,-0.003826651722192799,-0.0020079603433326154,-0.007013026072520967,-0.0018577606302365712,-0.0005497008096427001,-0.09580432367222697,0.01695381431635401,0.05869530881792351,0.06390698165895078,-0.27999999999999997,-0.03113859441592623,-0.011613082505852357,EXOSC10,1.0,1.0,0.0,0.0,1.0,1.0,1,2,0,0.4050002095579269,0
EXOSC2+ctrl,network,20260813,-0.5029927383554571,-0.08968250928456811,-0.10784142555492748,-0.0379823020315114,-0.07047076050772119,-0.137456208765668,-0.0110912024974823,-0.009483195513259601,-0.016514360100970737,-0.00618120379685641,-0.0028720343252644004,-0.2078372390452382,-0.05717351910461621,-0.17801371192617743,-0.12194563178225393,-0.42000000000000004,-0.08155117190183925,-0.048464981258205975,EXOSC2,1.0,1.0,0.0,0.0,1.0,1.0,1,2,0,0.7118852605461615,1
FAM50A+ctrl,network,20260813,-0.005999460756340724,0.006711715266457752,0.015073381302985855,-0.02211234789123112,-0.006804941261081887,-0.13921992241314085,-0.0017840974032879015,-0.000574875869897018,-0.0026831804185594166,0.0021758721780821833,-0.00022001028992239997,-0.009932565969269391,-0.024594490962170923,-0.02485503978024084,-0.020440226845371168,-0.010000000000000009,-0.03380078731682923,-0.00715727924097731,FAM50A,1.0,1.0,0.0,0.0,0.0,0.0,0,1,0,0.24916021351100925,0
FASTKD5+ctrl,network,20260813,0.010939206584682393,-0.026609521894766508,-0.018397632359248184,-0.04792859557807469,-0.024041542366168706,0.01607004968491199,-0.012082681059837303,-0.0065591223016122635,-0.014493077835200818,0.018657963540102407,-0.0017691166140139,0.10267116480445039,0.034008944021346466,0.03840959124211407,0.056488829185685985,-0.04000000000000001,-0.07179724315283223,-0.012998906645798392,FASTKD5,1.0,1.0,0.0,0.0,1.0,1.0,1,2,0,0.38333396280880566,0
FCF1+ctrl,network,20260813,0.009027500993005644,0.004860107661374791,0.015278885140605047,0.00798446698730429,0.004345966345801894,0.008602217690378389,0.0010888781398534983,0.00026579904506429664,0.0004300852012035783,-0.004691543198440007,7.63654243201e-05,0.0015968718346218713,0.015370722736810172,0.007120549441926749,0.013135477584420796,-0.020000000000000018,0.012079015223815631,-0.0010082179201414965,FCF1,1.0,1.0,0.0,0.0,0.0,0.0,0,1,0,0.5714700992769537,1
FTSJ3+ctrl,network,20260813,0.0495984302428657,0.11054627638436643,0.12256453114509591,-0.03854462211605664,0.004852819731082425,-0.07117909639672881,0.001873176544904702,0.00178015735133763,0.0011869293821782367,-0.0034699554261470034,0.0004149614833295996,0.1542525113770415,-0.017564870952181955,0.02044475444439331,0.1287405203730664,0.1,-0.042175043630387654,0.014036082972021968,FTSJ3,1.0,1.0,0.0,0.0,0.0,0.0,0,1,0,0.34744171967685405,0
GFER+ctrl,network,20260813,0.2716980211060117,-0.007080725002235333,-0.002994142884376827,0.0415706029950611,-0.004417417059411011,0.11321441304860927,-0.0012310519814490994,-0.0009608960783280551,0.00032719556510341086,0.008424221003364513,-0.0002052286290563,0.1675266097415936,0.023597651000465736,0.050396532486694734,0.138261212053912,0.16999999999999993,0.038418687625116105,-0.0004259823332101176,GFER,1.0,1.0,1.0,0.0,1.0,1.0,1,3,1,0.19088081812579477,0
GFM1+ctrl,network,20260813,0.13505391029347913,0.012401870690584849,0.011473773793811426,-0.016452917722186183,-0.013690592269726215,-0.0443990407221852,0.0010420195758341997,0.0006238299531111657,0.0010631176745246051,-0.020941604439152578,0.0001556236529723,0.17991073207313163,-0.05738617743111929,-0.07202536119987923,0.11474816705668062,0.08000000000000002,-0.0073160763425342,-0.018189036607716758,GFM1,1.0,1.0,0.0,0.0,0.0,0.0,0,1,0,0.6268323558589625,1
GNL3+ctrl,network,20260813,-0.23635619139190028,0.01935657284792408,0.019183832241071785,-0.052523251724784004,-0.00021583841563133088,-0.11949324363404035,-0.003530617803335103,-0.0038013047538639766,-0.004012421087374318,0.004217544099371806,-0.0009046208579093001,-0.1719850277688063,0.0007034059606759735,-0.007402090618861656,-0.09426860914831997,-0.10999999999999999,-0.06940891532384846,0.0009342150654307879,GNL3,1.0,1.0,1.0,0.0,1.0,1.0,1,3,1,0.6456221858685385,1
GNL3L+ctrl,network,20260813,0.27537837943405197,-0.037992090200388684,-0.03492648623062472,0.022830889412442407,0.009372470536275823,0.1371242200769463,-0.0011169016361236017,-0.00032745604410977514,0.0023468953898757583,-0.00023794696836640372,-0.00010664062574499995,0.26780141105863897,0.016872553349263963,0.05821348110115354,0.1458939936753732,0.16000000000000003,0.017164472705079592,0.01898987087727322,GNL3L,1.0,1.0,0.0,0.0,0.0,0.0,0,1,0,0.5930652611844432,1
GPKOW+ctrl,network,20260813,0.10378727649805461,0.15155317161532778,0.12279384445272679,0.07315412540463748,0.047182332503545504,0.3703465686533047,0.0009534955024718995,0.0006456122462571434,0.0019424090929217597,0.047832869662861016,0.00017725257202989993,0.14196887316119933,0.06825134996113791,0.14945623182746315,0.11003217142214283,0.14999999999999997,0.08902003660117958,0.06105678294242489,GPKOW,1.0,1.0,0.0,1.0,0.0,0.0,0,2,0,0.5390318696463544,1
GRPEL1+ctrl,network,20260813,-0.31432210379655623,-0.13709592871726073,-0.11589517841969244,-0.0578459827938472,-0.04631596624824341,-0.34918204793780633,-0.005243849009275398,-0.003929434772395379,-0.010806130608245201,-0.02770030204372581,-0.0010714846430346001,-0.41413091852716644,-0.03318163403737284,-0.13624918835791122,-0.2870933873910684,-0.27,-0.09719456693999678,-0.039614944590261825,GRPEL1,1.0,1.0,0.0,1.0,1.0,1.0,1,3,1,0.19261461227278462,0
GTF2E1+ctrl,network,20260813,-0.08831017851975409,-0.01936841538526557,-0.02863125015051804,-0.0015280468184712959,-0.009326564947365279,-0.020937666329763238,-0.0011215861886739002,0.00010201349979643837,0.0005588821663553567,-0.006828813838132913,-8.027686271820005e-05,-0.14874635529722446,-0.034249478409116074,-0.025577043987212944,-0.12496763592633298,-0.04999999999999999,-0.005679097999878202,-0.007924624665169522,GTF2E1,1.0,1.0,0.0,1.0,1.0,1.0,1,3,1,0.25808895012999383,0
GTF2E2+ctrl,network,20260813,-0.04505633906913192,-0.003195660459075267,-0.01358489975766436,-0.027101897684909088,-0.011818425562063917,-0.11263956428082011,-0.0005706846714019984,-9.523616845763527e-05,-0.0005516846370501316,-0.024775087364214604,-5.1959650590999986e-05,-0.09630067562564526,-0.06020219642355451,-0.04337311316440107,-0.09560032174630728,0.010000000000000009,-0.027369190537484905,-0.03067113651730413,GTF2E2,1.0,1.0,0.0,1.0,1.0,1.0,1,3,1,0.31300364494440297,0
HAUS5+ctrl,network,20260813,0.009977552112782062,0.012652134621015332,0.014667322040758601,-0.000183052413616408,-0.00583257304669621,0.03683348550337989,-7.653422653669875e-05,1.5142755180330703e-05,-0.00010015702052224018,0.0024687720277395964,-1.6914564184999535e-06,0.0029565270342856165,-0.00546654308226624,-0.00635536413796256,-0.007760039264736729,-0.040000000000000036,-0.0006095109903631046,0.0019317644182171856,HAUS5,1.0,1.0,0.0,1.0,1.0,1.0,1,3,1,0.48491939951818785,1
HEATR1+ctrl,network,20260813,0.029666165807214595,0.0007039634604434353,-0.0017174724121242768,0.006545978642171296,0.0024449947963957053,0.022709650029918427,0.001227539032697702,0.0008668787720791382,0.002364977470598939,0.002606918573599515,0.00018913665553550003,0.018466631224399732,-0.005056743410444375,0.009990610351648499,0.030435949968449116,0.07000000000000006,0.006399125210690415,0.004249987792675158,HEATR1,1.0,1.0,0.0,0.0,0.0,0.0,0,1,0,0.512404816692505,1
HGS+ctrl,network,20260813,-0.045585807320259075,-0.006674189141489428,-0.003826417769703938,0.010545591603495302,0.02300608721394576,0.1610081975135742,0.0010257251560687984,0.0013631275666361464,0.0011282273731562098,0.024293059359704883,0.00032634322997180006,0.0980399820219704,0.0031762911815709227,-0.006112897883746804,0.04225459970356693,0.0,0.028439024865949014,0.020597274097642004,HGS,1.0,1.0,1.0,0.0,1.0,0.0,1,3,1,0.26491280796351085,0
HIRA+ctrl,network,20260813,0.07321762867781559,-0.001103083471677535,0.007329940484598785,-0.029799563519880612,-0.022588059186127885,-0.028955965757065105,-0.006512118503451302,-0.0031932558815980228,-0.00960880233540351,-0.019463439642050412,-0.0008668635855428999,0.14130089557405778,-0.021974654209578892,-0.016077331437058917,0.018924140297878977,0.05000000000000002,-0.045251164273027805,-0.032105672172856314,HIRA,1.0,1.0,0.0,1.0,1.0,1.0,1,3,1,0.6788419909083688,1
HNRNPH1+ctrl,network,20260813,0.057819029920732706,-0.006571570423518858,-0.0025703570938300224,0.06394727556683918,0.0469658360814737,0.14940832614238775,0.007349824532866499,0.0038322564571019457,0.004445799131116979,0.018472752626604694,0.0012631530407815998,0.24917892856191237,0.08726506535418732,0.07977260665384223,0.09177457846543607,0.06,0.10732860527835653,0.03522079223354613,HNRNPH1,1.0,1.0,1.0,1.0,1.0,1.0,1,4,1,0.5404250112725081,1
HNRNPM+ctrl,network,20260813,-0.0543023922799557,0.047680724844462175,0.037148928484000865,0.04507948956882951,-0.008349145440523509,-0.13902063078966026,0.013049619272351296,0.008445963767169218,0.019337716805973182,-0.019905969566003184,0.002231607446447,-0.09534506394324199,0.016491412589516585,-0.07314674944136546,-0.0621512958096504,0.0,0.09160861413338758,-0.0028142490654275987,HNRNPM,1.0,1.0,0.0,1.0,1.0,1.0,1,3,1,0.3128943602929758,0
HNRNPU+ctrl,network,20260813,-0.0852805201751296,0.047927728581655504,0.01947025408355782,0.012983632536988032,-0.015487382699237162,-0.24932740425015715,0.0029193293303251995,0.0034628183967297943,0.005354155462294563,-0.01742325162620889,0.0009434425737708998,-0.1369749516751046,-0.02065518267864952,-0.08742130787201252,-0.0959341439529888,-0.06999999999999998,0.024581764044156185,-0.025703520131641344,HNRNPU,1.0,1.0,1.0,1.0,1.0,1.0,1,4,1,0.2744810627011528,0
HSCB+ctrl,network,20260813,-0.224103193615799,-0.03675907453414751,-0.03924009734927869,-0.01497278001027072,-0.003389533349532403,-0.01165978058644973,-0.0018307752907276015,-0.0004082126411488751,-0.003052124762085051,-0.0020126161695381284,-0.0001233434886671,-0.3561911830936215,-0.0345142026772135,-0.09048515708192129,-0.2586733400934112,-0.19,-0.02279500238477289,-0.0009387245702465741,HSCB,1.0,1.0,0.0,0.0,0.0,0.0,0,1,0,0.32806798272017845,0
HSD17B12+ctrl,network,20260813,0.06047334729791404,-0.02430574789140083,-0.02151958386870545,-0.03823654266178281,-0.007322745187080926,-0.15648720999445798,-0.0002503171563149019,0.00011521424324445473,3.268524213340118e-05,-0.012647422815268788,-4.6009197831099876e-05,0.03770226257964282,-0.022339523335499822,-0.005971242910552177,0.06302675978658306,-0.019999999999999962,-0.044708686913236706,-0.008531487454992437,HSD17B12,1.0,1.0,0.0,0.0,0.0,0.0,0,1,0,0.19325995099081583,0
HSPA8+ctrl,network,20260813,0.014554586196765418,0.03146700062181579,0.027948978220918963,0.0001382490083270127,-0.0011446282856648615,0.0376746604121832,-0.0011481083929539004,-0.0009812749959668965,0.0008751499777084337,0.0004436521471340993,-0.0002926136367023,-0.020775017319355993,0.015132333565193612,0.012155505479829132,-0.0016354594898663755,-0.010000000000000009,-0.01046866535787011,-0.007051682329362818,HSPA8,1.0,1.0,1.0,1.0,1.0,1.0,1,4,1,0.8345682910957747,1
HSPE1+ctrl,network,20260813,0.3919896561261693,0.1674152367488022,0.14718247785108107,0.1393188393754537,0.10325766408753045,0.38639346669306285,0.007463037967681899,0.007679334954681982,0.015944854213025828,0.04375348177825089,0.0020242813043296,0.3980524574021029,0.04523653927629834,0.23796749576688114,0.3002358065403802,0.24,0.1562488581191176,0.09897474805702222,HSPE1,1.0,1.0,1.0,0.0,0.0,0.0,0,2,0,0.17045447271958392,0
IGBP1+ctrl,network,20260813,-0.0662972193693988,-0.10942602453278716,-0.09419769120995525,0.043059301991531074,0.0005350734111795041,0.008834052351618937,0.0011922977864742001,-0.000675563144041158,-0.0013501621980065437,0.014926414478464517,-0.0001572966575623001,-0.3056125545144958,0.06882629877098334,0.012824858660803962,-0.15164681647933698,-0.030000000000000027,0.03125230008258589,0.001947765351117181,IGBP1,1.0,1.0,0.0,1.0,1.0,1.0,1,3,1,0.22693208355801625,0
ISCU+ctrl,network,20260813,0.12478681327007671,0.08714433249295672,0.07538130752532435,0.031196073390567125,0.025629484336744113,0.28416739196663476,0.0029035210609435966,0.0024989735197153973,0.005603299713742849,0.0151575422559046,0.0006500079762189999,0.29591292163834093,0.014087379042771797,0.06723406607633853,0.1761099899225524,0.07999999999999999,0.059352228197816215,0.030390879281015692,ISCU,1.0,1.0,1.0,1.0,1.0,1.0,1,4,1,0.19037325196316937,0
KRI1+ctrl,network,20260813,0.4820323423442351,0.01241733884730678,0.020990463746971222,0.09671294101681438,0.019048730981499784,0.11209991368254313,0.006150042638182602,0.0047672497800888,0.004715594900418396,0.014868398883174122,0.0012913314858452,0.32619703607537476,0.029885243996742306,0.11428366612843222,0.13829180020027926,0.34,0.11105112438466552,0.016352429589240547,KRI1,1.0,1.0,0.0,0.0,0.0,0.0,0,1,0,0.5176944361201087,1
LSM4+ctrl,network,20260813,-0.00668385952560302,-0.03414978372612698,-0.02593923996128411,0.011336784635521402,0.009146068382645478,0.08257968354456036,-0.0004350505769252985,-0.00025735777917579306,-0.000843238280848202,0.006201141702965374,-5.311309359970007e-05,0.00423066455846699,0.010573729570647838,0.005541983842291098,0.0031955460305718164,-0.010000000000000009,0.00885791909489364,0.006342074750104398,LSM4,1.0,1.0,0.0,1.0,1.0,1.0,1,3,1,0.7870338738934104,1
MAGOH+ctrl,network,20260813,0.005611876007289601,0.05174483930095741,0.051327333764707994,-0.0419777184887965,-0.005983715348867408,0.09676935812055737,-0.0013758093118667013,0.0006415864660348491,0.001459034266361181,-0.00030527787142420326,-8.87131318449974e-06,-0.02709266632872781,-0.04750672266005329,-0.02220868691569433,-0.04632921915757687,0.06,-0.0460856320809393,-0.009668864376483066,MAGOH,1.0,1.0,0.0,1.0,1.0,1.0,1,3,1,0.2756515358576982,0
MCM10+ctrl,network,20260813,0.10642881979238672,0.046855964482719004,0.03412164125465167,0.0031789894729180035,0.005969675907857602,-0.05880212865868917,0.0006450526416300999,0.0011371430275356476,0.0027441311903351195,0.0017318488671958232,0.00019259075634180003,0.05291428297872147,0.004746114006480839,0.046534572944849306,0.06177988557667813,0.07999999999999996,0.0008464895537851902,-0.004491022800509503,MCM10,1.0,1.0,1.0,1.0,0.0,0.0,0,3,1,0.3260343523367522,0
MCM3AP+ctrl,network,20260813,-0.0502028996331714,-0.02458036431179561,-0.02139559476745362,-0.021713272816858586,-0.0055917555942319175,0.19606651315605161,-0.006857324391603501,-0.005190785474240123,-0.009614784336822169,0.010937448232952812,-0.0012969913659617,-0.04251082807769821,0.01132150135981147,0.05686457937475864,0.05060115312732902,-0.020000000000000018,-0.036360047210341695,-0.008664831785829552,MCM3AP,1.0,1.0,1.0,1.0,1.0,1.0,1,4,1,0.4265587920768491,1
MDN1+ctrl,network,20260813,-0.08413319324138474,-0.03427097407728452,-0.0463844300931478,-0.0033280359833204043,-0.00361104712081195,-0.09987469762404438,-0.0007639247924090022,-2.477006007528537e-05,-0.0027782037271282256,-0.010847254561207192,-3.944174386560006e-05,-0.05234338896754365,-0.0007245063331409174,-0.02850583938137008,-0.08043228207108238,-0.040000000000000036,-0.011903977808350702,-0.007577019689226416,MDN1,1.0,1.0,0.0,1.0,1.0,1.0,1,3,1,0.29489711930746704,0
MED20+ctrl,network,20260813,0.012002712032116225,-0.01022649388513841,-0.009614715724475364,-0.004898738659815494,-0.017589317460367404,0.005252965692061018,-8.160807192320041e-05,-0.00026178584782898806,0.0012750730569771607,-0.0051907086719440165,-6.877654232080024e-05,0.008384629809777944,-0.001542110685882836,-0.02518554459575406,0.013808596584343857,0.06000000000000005,-0.006675733151493224,-0.0060631913344872945,MED20,1.0,1.0,0.0,1.0,1.0,1.0,1,3,1,0.24094523738303747,0
MED26+ctrl,network,20260813,0.02790573582778516,0.05781597579896153,0.0499302813599099,0.045742449714913036,0.034947753030801276,0.09060142174857372,0.0080954097211361,0.0099190936343726,0.018504162909994237,0.003947765063597702,0.0024887216277421007,0.028470981564446995,0.015151614400267577,0.021615365977861956,0.018379675600069284,-0.019999999999999962,0.0716348723328265,0.017076164844786246,MED26,1.0,1.0,0.0,1.0,1.0,1.0,1,3,1,0.3466594499169088,0
MED31+ctrl,network,20260813,0.004531884195694003,0.01882012596762722,0.018376890380928823,0.025912460766340517,0.0063715244340829535,0.03675395412691773,0.0028814785182476044,0.003925588610983577,0.006363371108155769,0.0011257060495541982,0.0009382572025059994,0.013467971590693906,-0.0012652924316631786,0.02389660091101653,0.008358002487159177,0.010000000000000009,0.037832264766471335,0.004282666048786243,MED31,1.0,1.0,0.0,1.0,1.0,1.0,1,3,1,0.24485061166143257,0
MED8+ctrl,network,20260813,0.0708017258825383,0.02049914858939117,0.014799591882251995,0.0317018668472574,-0.007500653372183086,0.02785369538511423,0.002673804759979203,0.0019085683972301926,0.004793422175736861,-0.005772748889887297,0.0004445035010575999,0.04223657468096642,0.009021124176618489,0.010872749200522613,0.0477562861985964,0.06000000000000005,0.043124420664928415,0.0052650301551679934,MED8,1.0,1.0,0.0,1.0,1.0,1.0,1,3,1,0.39191157602474547,0
MFAP1+ctrl,network,20260813,0.13336142712962762,0.001278661164474948,-0.0011535523933144942,0.009029144850910997,0.011816528341446614,0.03394054319228945,0.0018657017499208,-0.0005224741366297581,0.00021499673552094478,0.00635802873530969,0.00012540863826870008,0.05342419293906975,0.015092938457358263,0.0896224142734614,0.01930296861159131,0.10999999999999999,0.01822413104572601,0.03413717228124058,MFAP1,1.0,1.0,1.0,0.0,1.0,1.0,1,3,1,0.45084885936067004,1
MRPL18+ctrl,network,20260813,0.12098060807375538,0.02806047678916157,0.010832053522624785,0.02726798041049,-0.010071154173856317,-0.08152215610014296,0.0025071799755097025,0.001054854546794215,0.002549174068848581,-0.010521069991426824,0.00026926951250060005,0.20820204209411475,-0.022959248406360544,-0.020310077515476754,0.1962368920584306,0.06,0.022975613270680095,-0.018853018074950656,MRPL18,1.0,1.0,0.0,0.0,1.0,1.0,1,2,0,0.3823933350066144,0
MRPL3+ctrl,network,20260813,-0.0033541243417510858,0.008778236120602023,0.00888391452099102,0.01423083640792841,0.004041384293990591,0.03507279227578253,4.936475306750038e-05,7.060995408902926e-05,0.00017480775099232293,0.003999157782490298,1.5961355529799928e-05,0.00835989802732695,0.004438725083826145,0.012745553437528256,0.004274816944729198,0.03999999999999998,0.015135375907919218,0.00764855439249823,MRPL3,1.0,1.0,0.0,0.0,1.0,1.0,1,2,0,0.41297443721195454,1
MRPL32+ctrl,network,20260813,0.15157461315837623,-0.0002326721919178043,-0.00112723225793121,0.028364306479233797,0.003892702998018527,0.037998927178461706,0.0010921414941548989,0.0003664134617074044,0.0008296019603257765,0.0030817143223798027,9.490427328280007e-05,0.09087218572048161,-0.0008481466536562898,0.03231122167253808,0.07625535223787422,0.09999999999999998,0.024215141851833405,0.003952339521618886,MRPL32,1.0,1.0,0.0,0.0,1.0,1.0,1,2,0,0.19261764454378918,0
MRPL38+ctrl,network,20260813,0.12938424633733447,0.006102519649630711,0.004906172371902273,0.02623906504335058,0.011088353862071104,0.12511771766791963,0.0009231474250555004,0.00020506099631101282,0.00035568622970838515,0.009929275613876493,9.253725875170004e-05,0.07271995284794025,0.01719249097750919,0.019631664203373145,0.009077579340332598,0.12,0.038622318899683095,0.013427574630232586,MRPL38,1.0,1.0,0.0,0.0,1.0,1.0,1,2,0,0.24988272554631724,0
MRPL4+ctrl,network,20260813,-0.0844540372790559,0.01709772615702676,0.010101456132612485,0.03198456991342452,0.004871418779883507,0.16115693353309735,0.0011930335313080978,0.0003708209765855841,0.0001318882612756367,0.006932264901642199,0.00012030202196910002,-0.003789716179766478,0.030411792850197683,0.03381143678273624,-0.03100951970071772,-0.06999999999999998,0.0385529788323693,0.0032362465836822674,MRPL4,1.0,1.0,0.0,0.0,1.0,1.0,1,2,0,0.42037965382714365,1
MRPL49+ctrl,network,20260813,-0.1892503770887183,-0.014303851575079407,-0.02377505402921376,0.013365209679651768,-0.0012412775133578968,-0.09900986181006233,0.00010490417480469444,-0.00017372926643499653,-0.0015086790489116098,-0.0014357082508242303,4.6361470595000006e-05,-0.0569878013597588,0.004185539180057929,0.006340481600673353,-0.043388786888592705,-0.14,0.01275738384158942,-0.0025111497104683966,MRPL49,1.0,1.0,1.0,0.0,1.0,1.0,1,3,1,0.4386315548878312,1
MRPL50+ctrl,network,20260813,-0.039114388709402925,-0.002424393717422091,-0.010053099573501312,0.036852001316598715,0.01172920606760372,0.18131687489573323,0.0005263471975922984,-5.4131419782832424e-05,0.0004018485280835593,0.018130438175750996,1.5128985978700047e-05,-0.02523364072317269,0.036000866895008254,0.03540935369457743,-0.0183402649519801,-0.06,0.0463173279869421,0.019531251109827452,MRPL50,1.0,1.0,0.0,0.0,1.0,1.0,1,2,0,0.28649695647188517,0
MRPL54+ctrl,network,20260813,0.03731608437257519,0.008508583270107173,0.017307206640849226,0.012982890690267979,0.001907594224602599,0.03503048992522939,0.0003989879041909998,0.00016719991757507824,0.0003181099327320691,-0.0019681829772235093,4.2735133320099985e-05,0.042219732941809696,0.007576045448470237,0.011036594804529565,0.021866870603199584,0.03999999999999998,0.012915173818481979,-0.0008651538415054283,MRPL54,1.0,1.0,0.0,0.0,1.0,1.0,1,2,0,0.45632056720647746,1
MRPS11+ctrl,network,20260813,0.011683116736523558,-0.004403490960428691,0.006673340767560654,0.010892564679332,0.0006273568009091957,0.09674596039772848,0.0002540536224842002,8.190650652384335e-06,0.0002779378671176058,0.0048023142681836994,1.3867218512999993e-05,0.002235625606800018,0.010633417062881345,0.016804283432429457,0.014121850174923956,0.05999999999999994,0.011334709020148187,0.011345378333969869,MRPS11,1.0,1.0,0.0,0.0,1.0,1.0,1,2,0,0.34861809487498874,0
MRPS14+ctrl,network,20260813,0.021179654912983514,0.005711944571865302,0.009269143155932524,0.018496460424979932,0.002712476577447831,0.0640792947275658,6.126053631309858e-05,-0.0001683682816348009,-0.0002196482967860014,0.00997201225920763,-3.166263923039996e-05,-0.018574150968008185,0.006322346153336933,0.012168227289026001,-0.007787927255703986,0.030000000000000027,0.024035403143927492,0.007440689512210885,MRPS14,1.0,1.0,0.0,0.0,1.0,1.0,1,2,0,0.3098167488588997,0
MRPS18A+ctrl,network,20260813,-0.02448970827841529,0.0069746866423466836,0.012189644967901536,-0.003089050852785602,-0.005601517949959778,0.055516910466423874,-4.5839697122497525e-05,1.4428019868728548e-05,6.787471415026225e-05,0.0008234141658546856,-2.1175947040005024e-07,-0.0013894934004521353,-0.0012660925665682887,0.00929395566087754,0.005604771632325312,0.020000000000000018,-0.0008520272251136829,-0.003692659142563781,MRPS18A,1.0,1.0,0.0,0.0,1.0,1.0,1,2,0,0.27432657940443206,0
MRPS24+ctrl,network,20260813,-0.02678512570875763,-0.006062771286651558,-0.02167914175166008,0.002666903496470502,0.004715032739096403,-0.09861004648237548,0.0003348682075739011,-3.7231163253381716e-05,0.00012262601236623372,0.00957427036893918,2.136611146859996e-05,0.04995189646137471,0.024970729568483896,0.03225389826362368,0.02215184664745229,0.019999999999999962,-0.00012077667696550054,0.0019483765666653552,MRPS24,1.0,1.0,1.0,0.0,1.0,1.0,1,3,1,0.20944732822544496,0
MRPS26+ctrl,network,20260813,-0.007115894338128481,-0.011219620416251241,-0.012773970178109162,0.02404479131858009,0.006171856957302879,0.1737548279283468,0.0007886216044425999,1.3181199746137295e-06,0.0003047532356372784,0.0049142776354755,4.052440635859999e-05,-0.022653382478397932,0.02238227868818432,0.03158963906695711,-0.0019435944039853104,0.0,0.03566034905146831,0.018309946632881324,MRPS26,1.0,1.0,0.0,0.0,1.0,1.0,1,2,0,0.4646844604098582,1
MRPS27+ctrl,network,20260813,0.047224003567235384,0.0072931431940387315,0.00688390093425062,0.020387705655258187,0.005703954742102835,0.16580828955081472,-0.00012704730033880063,-6.295742350603817e-05,-0.00016851015074037523,0.011745833467144307,-2.093613147700034e-06,-0.007349567016059655,0.007696935749745504,0.011300211213164824,-0.03573165811039025,0.040000000000000036,0.03267334553251117,0.008797959373887942,MRPS27,1.0,1.0,0.0,0.0,1.0,1.0,1,2,0,0.5149034379386356,1
MTPAP+ctrl,network,20260813,0.0057421170851304215,-0.024753942385056016,-0.032804018442809,-0.003218223242345386,-0.04449059234581615,-0.2707043330940324,-0.0007110051810741008,-0.004743863551066041,-0.0007446075888511983,-0.015631633480807317,-0.0011925185099244005,-0.3258853978661705,0.004904841995212128,-0.03602703769599602,-0.0412797991894572,0.03,-0.025813796509306486,-0.02747061188147426,MTPAP,1.0,1.0,0.0,0.0,0.0,0.0,0,1,0,0.6037724452138512,1
MZT1+ctrl,network,20260813,0.07249028323865372,-0.032941665254384134,-0.04031007533582842,-0.010641367171025595,-0.008027209378786204,-0.07398169199591989,-0.0005851797759532998,-0.0013382034148684552,-0.0011135306609675322,0.002056935880290489,-0.00030450482154259994,-0.0811307552242778,0.035056261286148915,-0.0015610098177243348,0.0697233089919708,0.03999999999999998,-0.02369937464471561,-0.015646625649654133,MZT1,1.0,1.0,0.0,0.0,0.0,0.0,0,1,0,0.2536214392719283,0
NAA15+ctrl,network,20260813,0.2450345536695856,0.014895640348766226,0.036397783332098976,0.12631401786759572,0.03855741888129377,0.8093949093668502,0.006687985733151498,0.001806980947958725,0.005673676642947156,0.04006876039493398,0.0006481676828117,0.5140342166897904,0.10688542348007812,0.15197838764571947,0.3347571903044527,0.25,0.18510543775432461,0.03648208487696036,NAA15,1.0,1.0,0.0,1.0,1.0,1.0,1,3,1,0.5425003193229043,1
NARS+ctrl,network,20260813,0.1154099666962593,-0.028140936056099464,-0.019638017404599584,-0.01636826792307422,0.008424725999498783,-0.1805594070305374,0.0033146757632494007,0.0030290770344592044,0.006107583915456516,-0.0048525279924716,0.0007718994747846998,0.10064421975118543,0.004058622655482291,0.04093272252803093,0.09878459794718791,0.08000000000000002,-0.030674258544690303,0.007862467219689973,NARS,1.0,0.0,1.0,0.0,0.0,0.0,0,1,0,0.5998231806649107,1
NBAS+ctrl,network,20260813,0.03740964500933042,0.01006516039257721,0.013430669770517767,0.06675220739749518,0.02814156514186883,0.28238200300223615,0.0028221271932124987,0.0009821320643024212,0.0011626075185323659,0.014804151819091838,0.00028737750835710013,0.36899809131090067,0.06638617850495676,0.10582321009338869,0.2108247784224073,0.08000000000000002,0.08852695640234828,0.030254676514493872,NBAS,1.0,1.0,0.0,0.0,1.0,1.0,1,2,0,0.6721823327012071,1
NCAPH+ctrl,network,20260813,0.03315112621358951,0.002442205918398277,0.00012763699957896169,0.007118405134473205,0.004156732870447599,0.0012881196029611575,0.0006396155804394982,0.0002954981715660443,0.0007562896622697046,0.001257178481040122,9.375927038490013e-05,0.036300699203012876,0.026725748886623713,0.02880338645381464,0.023585760997594907,0.019999999999999962,0.011779448314471308,-0.00047120299572345203,NCAPH,1.0,1.0,0.0,0.0,1.0,1.0,1,2,0,0.5645618565088076,1
NDC80+ctrl,network,20260813,0.38919578762432694,0.09781573589958292,0.05596233725709798,0.10633885712859797,0.038922016496508005,0.6640326214936798,0.007281599566340398,0.002097102590373212,0.007545035533801592,0.02348930428886259,0.0008119357516989,0.4299136392385553,0.039027956178136924,0.1616365823543644,0.34544024630896275,0.29,0.18968126786746342,0.05415631514195973,NDC80,1.0,1.0,1.0,1.0,1.0,1.0,1,4,1,0.5366250783763342,1
NDUFA8+ctrl,network,20260813,0.016302674161815328,0.011887870321050709,0.017739117759030032,0.0020506416162679175,0.0031212234526488136,-0.026970026637306077,-0.0005253739655016985,-3.2670753660313245e-05,-0.0005519183260768168,0.001516527225896902,-3.786798333749999e-05,0.049843058956687725,-0.005088461077412232,0.014371775129598974,0.017420724554083306,0.02999999999999997,0.0026184825899644992,-0.0002003762219822125,NDUFA8,1.0,1.0,0.0,0.0,1.0,1.0,1,2,0,0.24666935548962787,0
NEDD1+ctrl,network,20260813,-0.04067667317900031,-0.05277881349935032,-0.029189586273826396,0.02343205992598979,0.02317386802284549,0.06561540740389232,0.0002058688551188001,-9.214910857058278e-05,0.0004266912170676207,0.0343272464540971,2.4127075448999785e-06,0.01919482510385251,0.02653389187571442,0.0448540699621488,-0.0339413667829592,-0.08000000000000002,0.027606696115107188,0.026931479015976145,NEDD1,1.0,1.0,0.0,1.0,0.0,0.0,0,2,0,0.4811699786249136,1
NELFA+ctrl,network,20260813,-0.011971114851324405,-0.012377027268958507,-0.0037337384413010932,0.006248917383566005,-0.016200024685055603,-8.306117111378519e-05,-7.610768079702179e-06,-0.0002971600961434451,-0.00027843106715075283,-0.020896245142935643,-7.247691974050004e-05,-0.035628752568152566,0.0005347947119197505,-0.03001240856378573,-0.026003510631046223,0.0,0.006928251625648307,-0.013792689050200369,NELFA,1.0,1.0,0.0,1.0,1.0,1.0,1,3,1,0.3766572670241666,0
NFRKB+ctrl,network,20260813,-0.21882941610586018,-0.05321016885701657,-0.013748801110227415,0.012179573662003174,-0.005783518714262109,0.18690693408864303,-0.0083813406527042,-0.005839089754171467,-0.009339904741820448,0.045087036026394495,-0.0015307601424865,-0.29987187786257496,0.02330549248316527,0.06644704263119994,-0.13438650687710763,-0.2,-0.02052300979658289,0.0014652109578920935,NFRKB,1.0,1.0,0.0,1.0,1.0,1.0,1,3,1,0.3930709025295937,0
NOL6+ctrl,network,20260813,-0.03139502850332243,0.00043963491032217306,0.0005551754314753188,0.02134110396557598,0.0007366484086858138,0.008630802148305305,0.0018575564026832997,0.00039670102011202246,0.0017462391813495293,0.0022571583655560112,0.00012892269296569997,0.004168013906713175,-0.0007863049717310444,-0.012657017997703579,0.029258721391456133,-0.030000000000000027,0.0218842575030663,0.0052591481284514074,NOL6,1.0,1.0,0.0,0.0,0.0,0.0,0,1,0,0.46913698901924206,1
NOP10+ctrl,network,20260813,-0.002867896514888335,0.0016558785728778558,-0.011714982288875242,-0.0069288745308944966,-0.005059567087025207,-0.07378977847154089,-0.0006002783775330006,-0.0003981464228623999,-8.14060820469864e-05,0.008840964582416705,-0.00011144008021800008,-0.08409959818063395,-0.005520128625519982,-0.021422868627321456,-0.081899089615671,0.010000000000000009,-0.00986091496728056,-0.0019324036615603335,NOP10,1.0,1.0,0.0,0.0,1.0,1.0,1,2,0,0.21523627459549166,0
NRBP1+ctrl,network,20260813,0.07992677134356449,0.007460614724813852,0.0037133205857652896,-0.01156076963644459,-0.016223463219593948,-0.04715194896585018,0.0013116691261529992,0.001008483880725719,0.0014523109062318795,-0.016405519267962604,0.0002435031346975998,-0.05198528722800169,0.0005248174630614333,-0.028535140449539087,-0.04631817632286089,0.10000000000000003,-0.01003008277211731,-0.024440012399909117,NRBP1,1.0,1.0,0.0,0.0,0.0,0.0,0,1,0,0.39456094140037035,0
NSA2+ctrl,network,20260813,-0.001924136249402908,0.02685505203135774,0.0287526063312476,0.0004995226427806088,0.008852419199089412,0.0154478532876699,0.0010549165308476015,0.00037441169216123615,0.001423494416289306,-0.0007565264926158166,0.00011170312063770002,0.0011781763644614918,-0.0007444294181295774,0.00024820271290248996,-0.0008693648507954732,-0.020000000000000018,0.007430566104249192,0.00036287866707040983,NSA2,1.0,1.0,0.0,0.0,0.0,0.0,0,1,0,0.248515610657371,0
NUBP1+ctrl,network,20260813,-0.14642341114397517,-0.03474274624538132,-0.03392190308276877,0.008778217889329698,0.0027187806108020796,0.05462359856840299,-0.0005863104015589003,-0.0003220776846164508,-0.001253367866763555,-0.007413878753711606,-7.469177944589996e-05,-0.15501918912331375,-0.03512727866738352,-0.042431605009400464,-0.07970046488357357,-0.07,0.0045752840577737985,-0.0072564471944607245,NUBP1,1.0,1.0,0.0,0.0,1.0,1.0,1,2,0,0.2713715614389949,0
NUDC+ctrl,network,20260813,0.017868752062767695,-0.014042718909068996,0.0013678284221316783,-0.022815289099027997,0.010515892174009833,0.018409409243686725,-0.0017479266971349994,-0.0008653344821496489,-0.002066008521855789,0.012205750547723493,-0.00019758951384570012,0.1243002303802663,0.001481860658489098,0.030390161626720813,0.0578549794635287,0.1,-0.028520993199947275,0.011680866227997577,NUDC,1.0,1.0,0.0,1.0,1.0,1.0,1,3,1,0.8414881547158479,1
NUP54+ctrl,network,20260813,0.022413686378294884,0.014245938661724744,0.009227871224667394,0.016833804205900915,-0.0006475306505319967,0.006926894027746988,-0.00012041442096229898,-0.0003962474808452132,0.00013642790945722627,0.006254903121259925,-9.57687152549e-05,-0.016856513085351632,0.0317880339710529,0.026746222134516495,-0.009186266743271665,0.019999999999999962,0.02008938862872328,0.00628918777526688,NUP54,1.0,1.0,0.0,0.0,1.0,1.0,1,2,0,0.6072345394642318,1
NUTF2+ctrl,network,20260813,0.03490489788961737,0.08403232627089496,0.10323652422208651,0.029322089113808514,-0.0216971717290525,0.027523437423621844,0.002656564116478001,0.0030755250182966654,0.0007823578407212262,-0.00752637377567289,0.0007561035454274005,0.07964736101687808,-0.003937512289831635,-0.062257444094728664,-0.036264556835012784,0.0,0.030856146685755093,-0.01934940226062798,NUTF2,1.0,1.0,1.0,1.0,0.0,0.0,0,3,1,0.182500108142927,0
OGFOD1+ctrl,network,20260813,-0.0674340627181062,-0.02546903183980148,-0.028637193094121216,-0.006561513406141084,-0.023988841308457798,-0.21693323270935938,0.0007687937468290988,0.0012949001303491636,0.0030632702894342057,-0.02321134491565577,0.00018806196749209967,-0.047211688039169114,-0.03610062220252819,-0.06778046258755877,-0.02470039011117689,-0.03,0.0012062996396046133,-0.03679081012657448,OGFOD1,1.0,1.0,0.0,0.0,0.0,0.0,0,1,0,0.2013665529745279,0
OPA1+ctrl,network,20260813,-0.0596753206931499,-0.012770416847956989,-0.024715455479502824,0.016715257993144605,-0.01404379041618331,-0.05234656057761278,0.0023673046380282003,0.002060871095462491,0.00045194857818631196,-0.024069062004879405,0.0005276477895677001,-0.08937990216613562,-0.029774822310959403,-0.06790502532481213,-0.06856404264473151,-0.1,0.029978668617613197,-0.023105925679746342,OPA1,1.0,1.0,0.0,0.0,1.0,1.0,1,2,0,0.3461184620083676,0
ORC5+ctrl,network,20260813,0.11241529305342188,0.0498099952234739,0.044079459071427074,0.009113241047959908,-0.017497110420922835,-0.0191867661045797,0.0003975126892327985,0.0002824918925395936,0.00032603134982034376,-0.014469464502636697,8.111365605149997e-05,0.09956264803177106,-0.0104620177108522,-0.0030098887613867475,0.018551564383183006,0.15,0.011604933405705481,-0.009026584535274051,ORC5,1.0,1.0,0.0,0.0,1.0,1.0,1,2,0,0.28873145928018085,0
OXA1L+ctrl,network,20260813,-0.15460666343864649,-0.0057025290335706025,-0.005750681902925825,-0.02446295280081462,-0.01859298609237861,-0.11545344005263719,-0.0036097541451454024,-0.0016138849946604195,-0.0034528466341140485,-0.010190561318872915,-0.00043626589467749997,-0.08204283285395908,-0.024902975962329155,-0.06501216153235112,-0.10090909426520744,-0.19000000000000006,-0.043038466602687286,-0.019310259846038402,OXA1L,1.0,1.0,0.0,0.0,0.0,0.0,0,1,0,0.3096906849944455,0
PAM16+ctrl,network,20260813,0.007781879819791282,0.00392273372719909,0.004397344746434717,0.0181961705842123,0.005595146457742117,0.019314356048337422,-6.79865479468987e-05,7.744713411739212e-05,-2.9262337319480025e-05,0.0047550086752674026,2.7448171749699978e-05,0.009694287655087952,0.007280094013698335,0.017610516588421055,0.007086285403621551,0.039999999999999925,0.016240202345433025,0.0034588777935793402,PAM16,1.0,1.0,0.0,0.0,1.0,1.0,1,2,0,0.6104597216725507,1
PCF11+ctrl,network,20260813,0.06437686525917091,0.048334013961269684,0.04288446427567666,-0.015681183421924205,-0.007402504445748581,-0.011819275470645874,-0.001019360497593897,-0.001201083494414168,-0.0004889232925432418,-0.001292003213394205,-0.00034341611899439987,0.04516917661346337,-0.03177651232382117,0.02705612756167508,0.052452605882612025,0.010000000000000009,-0.018807988636595913,-0.006634568911019878,PCF11,1.0,1.0,0.0,1.0,1.0,1.0,1,3,1,0.29365857001091883,0
PDCD2+ctrl,network,20260813,0.018061374628233706,0.009426187113896645,0.01287142497488758,0.004247012654865101,0.022775530422370793,0.24610476298877215,0.00011101737618440105,0.00012859366407824702,-0.0012348678485499809,0.019127855865005816,0.00014463672414419997,0.17731282847455931,0.005963007746631388,0.07338880721860164,0.025593774589953905,-0.04999999999999999,0.007943844439434966,0.025820449952860702,PDCD2,1.0,1.0,0.0,0.0,1.0,1.0,1,2,0,0.23858657700463945,0
PET117+ctrl,network,20260813,0.016152032480987483,-0.009252158685778,-0.010469161755890466,0.026742673830653513,0.0240938831948615,0.225517405542556,0.0006094649434090008,0.00010407807842760519,0.00014143238965713678,0.024680163224013785,0.0001412130659446001,0.0667100077173609,0.020842718097600965,0.06805760797731897,-0.0341145120230567,-0.010000000000000009,0.026534866101642407,0.03823100856478101,PET117,1.0,1.0,0.0,0.0,1.0,1.0,1,2,0,0.23482859540575993,0
PGPEP1+ctrl,network,20260813,-0.0899027081988468,-0.02623026641503723,-0.029893164230581637,0.0024437394340304786,-0.0035545907098054608,-0.15657273958532636,-0.0020642597228288997,-0.0010646101033507938,-0.002028919691722586,0.0021493517978605214,-0.0003288205480203,-0.3020928117893032,-0.0018818520731794797,-0.039539995725586086,-0.20706155613599078,-0.12,-0.0196768370005449,-0.005919127685948489,PGPEP1,1.0,1.0,0.0,0.0,0.0,0.0,0,1,0,0.19633411725507985,0
PHF5A+ctrl,network,20260813,-0.10424971813204092,-0.005939005631072192,0.00017391423353740887,0.021567988763336182,-0.01565640113456529,-0.05753955163922703,-0.0013860873878002028,-0.002120792266235405,-0.004086609283464382,-0.0014053723657518058,-0.0004070634022354997,-0.09638733176950165,0.06281077268699853,-0.09722629085317536,-0.10051664879349081,-0.10999999999999999,0.028405397362780915,-0.032576373984824714,PHF5A,1.0,1.0,1.0,1.0,1.0,1.0,1,4,1,0.40067550541545843,0
PIAS4+ctrl,network,20260813,-0.15210059658331002,-0.06347764833367453,-0.05735268964223039,-0.05709935283149223,-0.01809734361912399,-0.25384552838749597,-0.0024405214935541014,-0.0004077389031067469,-0.002034580762359073,-0.012746410094140903,-0.0003041713498532,-0.2516017173606022,-0.08128783225075609,-0.09377168532644453,-0.14865930244594,-0.16,-0.08917569356064259,-0.024017753094572658,PIAS4,1.0,1.0,1.0,1.0,0.0,0.0,0,3,1,0.29473499487295646,0
POLA1+ctrl,network,20260813,-0.06666149128426702,-0.029628481016594432,-0.028574094421960794,-0.033071024503459,0.00791893016537809,-0.1576232841617617,0.003185208886861801,0.001668536607231319,0.0018672952832183842,-0.013571009906959891,0.00040983292274169995,-0.028747111025481886,-0.035543181256954215,-0.07127080719101808,-0.05745042444665038,-0.07999999999999996,-0.034529329889584515,0.0027698915420880654,POLA1,1.0,1.0,1.0,1.0,1.0,1.0,1,4,1,0.5191450699456405,1
POLD2+ctrl,network,20260813,0.008076915561825104,-0.004384898723192476,0.003060790384414813,0.016629164885052006,0.013326014115878415,0.1891770155339827,-0.0006609074771403989,-0.00048271590098403205,-0.0017053059314412478,0.012970901458645212,-0.00010253052460030003,-0.00652289966556352,0.01928788839313611,0.06829562416483881,-0.008948946765453103,-0.020000000000000018,0.02575322004794342,0.022157223852931285,POLD2,1.0,1.0,1.0,1.0,1.0,1.0,1,4,1,0.66582718730439,1
POLE+ctrl,network,20260813,-0.04804143425280605,-0.007421318200732774,-0.010723183291581395,-0.006509954000266216,-0.005089499406392889,-0.16467180517398228,2.9159709811200224e-05,-0.0004209414311923121,-0.0026564137062563553,0.0022916297223707083,-7.71968625485999e-05,-0.0202135140842975,0.01814070189423478,-0.0015461187168452906,-0.03157544167819526,-0.029999999999999916,-0.026785411316798402,-0.0062230497361485115,POLE,1.0,1.0,0.0,1.0,1.0,1.0,1,3,1,0.5168363531937439,1
POLR1E+ctrl,network,20260813,-0.15124872312479265,-0.0608402058311307,-0.057005036890071414,0.0033060648492831968,0.00924800791697808,0.05395643555937771,-0.0012833233922720007,-0.0005317204092337713,-0.0012562887863117878,0.019250005577983204,-0.0001532040769235,-0.1428365279828595,0.012888468641904072,0.034936695542342244,-0.12058545511720625,-0.07000000000000006,-0.004331209103637906,0.02170409829555553,POLR1E,1.0,1.0,1.0,1.0,1.0,1.0,1,4,1,0.38888077882314764,0
POLR2E+ctrl,network,20260813,-0.019690634973616006,-0.006536847486975028,-0.0036246763683536187,0.005343733110464793,-0.0008058521311966049,-0.00470610117268877,0.0008939467370509963,0.0004268769650908055,0.00131859084612318,0.0030322322549609926,8.595595136290032e-05,-0.003670502113372498,0.0037003053715800593,-0.001408244998252095,-0.00025057350853097127,-0.030000000000000027,0.0070768094814288585,0.0009690240440316522,POLR2E,1.0,1.0,0.0,1.0,1.0,1.0,1,3,1,0.1804290856156837,0
POLR2F+ctrl,network,20260813,-0.010576675654396572,0.033579691277946466,0.016308561387591847,0.00019895971011421598,0.010639385289178016,-0.15539507561407062,0.0045158416032791,0.0035804546397282255,0.002787327112157234,-0.012688861419791586,0.0008719857432880001,-0.04042554522077735,-0.03324320610997056,0.022572337638479767,-0.061981341488741126,0.0,0.015640234402974906,0.01275280764426967,POLR2F,1.0,1.0,1.0,1.0,1.0,1.0,1,4,1,0.18886517813918152,0
POLR3B+ctrl,network,20260813,0.171885067281914,0.03491367984982585,0.04812096030768859,0.006250093805667489,0.0294227042240911,0.028546056509904827,0.007866449654102402,0.005719765614029759,0.004497923940024795,-0.004381164257479309,0.0015129279345274,0.18801758147560818,-0.03968995982660639,-0.01708192482716564,0.0587418418996796,0.18000000000000002,0.0312925592600955,0.02409745612461045,POLR3B,1.0,1.0,0.0,1.0,1.0,1.0,1,3,1,0.9657356094115339,1
POLR3C+ctrl,network,20260813,0.13943861617746978,0.011387028328890103,0.016353247093837203,0.03790509670012979,0.02635912860147352,0.4268210592182784,-0.0008876807987690007,-0.0009246396057388528,-0.0010037876561513892,0.023149727874313686,-0.00017977098468690005,0.160112754822176,0.03305173534244743,0.053252993301424856,0.0764840105646636,0.1,0.06278776753301818,0.031238158418482653,POLR3C,1.0,1.0,0.0,1.0,1.0,1.0,1,3,1,0.2827661684995906,0
POLR3D+ctrl,network,20260813,-0.0010305273555323846,0.014656666804550522,0.01648027839317462,0.016315034504591208,0.007162149637733428,0.05764865742157099,0.002497257664799697,0.0016684290990892636,0.000614854127878095,-0.0017716327074146776,0.00041805091314019995,-0.02100412677934682,-0.0025688819704375865,-0.0001186402192110414,-0.030843564986945793,0.010000000000000009,0.03184942812816399,0.004768506333604816,POLR3D,1.0,1.0,1.0,1.0,1.0,1.0,1,4,1,0.3583332079272889,0
POLR3F+ctrl,network,20260813,0.02977070241336338,0.013246860625935386,0.02835037856441669,0.0299309451834239,0.021335259588534522,0.2902156152446229,-0.0008170977234841018,-0.0006181372801492557,-0.0007162214686490254,0.0180716552673382,-0.00012813450302929998,0.004493189709965706,0.029562090174984457,0.05220653762329863,-0.013840850809966193,0.0,0.046399648896561896,0.025175696008868154,POLR3F,1.0,1.0,0.0,1.0,1.0,1.0,1,3,1,0.2654685132272808,0
POP4+ctrl,network,20260813,0.0012712530614369943,-0.0016338694567704648,-0.0049945052296069825,-0.020967250723061603,-0.010900192328325786,-0.18056290814510062,-0.0010744482278823991,-0.0003160408623503752,-9.591552383558799e-06,-0.004938031047369618,-0.0001634857617319001,-0.05039545838440873,-0.022293971313911976,-0.0442735452351426,-0.04001972182762947,-0.06999999999999995,-0.03922796304676568,-0.009144107974184301,POP4,1.0,1.0,0.0,0.0,1.0,1.0,1,2,0,0.2992725434398552,0
PPP1R11+ctrl,network,20260813,0.05480064669712241,0.009387653443588273,0.009981920817484113,0.007103212871882897,0.009390013367293726,-0.08683256973762893,0.0031563863158226013,0.0026561088198491234,0.0011892803271336128,0.004706729553739408,0.0007649674080312,0.3354241336024385,-0.018554584931580576,0.011529524430874738,0.0921720140570926,0.15000000000000002,0.017699309893849297,0.005703050909782181,PPP1R11,1.0,1.0,0.0,0.0,0.0,0.0,0,1,0,0.3664741797659978,0
PPP4R2+ctrl,network,20260813,0.019891390513459783,-0.001971500089459677,-0.014759336194913208,-0.0324809237345923,-0.049789785699376005,-0.11356373126776692,-0.006727579981088701,-0.006390138803613277,-0.012911545380461797,-0.022535254560741708,-0.0016185671556741,-0.5280604814639277,0.009199204082188994,-0.05460729409366405,-0.12919551782024088,-0.010000000000000009,-0.058450892487423994,-0.05574230613994258,PPP4R2,1.0,1.0,0.0,1.0,1.0,1.0,1,3,1,0.3382547700499941,0
PRELID1+ctrl,network,20260813,0.17379681226789648,0.10808386758691635,0.10787780616074116,0.02600587905605181,8.091211405850118e-05,-0.04006702522207334,0.0012648962438106016,0.0003233711321326549,0.004495585715823647,-0.005448556130426718,9.490008233109992e-05,0.22707910813023113,0.010745554812395808,0.019590791962297738,0.1869997787439912,0.12,0.029005772064660124,-0.007208790835471768,PRELID1,1.0,1.0,0.0,0.0,0.0,0.0,0,1,0,0.8267778368246455,1
PRPF3+ctrl,network,20260813,-0.16219338566276464,0.03938577664329401,0.017201888598457504,-0.017864037997473187,-0.024278048208246195,0.029217675365493356,-0.0102130379527808,-0.006449790432279001,-0.02103430850638177,0.011608820664036817,-0.0016217548400164002,-0.12953925356237617,-0.03080257029109945,-0.05628513104142552,-0.17745486364219443,-0.08999999999999997,-0.03595133482648527,-0.0246587665257626,PRPF3,1.0,1.0,0.0,1.0,1.0,1.0,1,3,1,0.2757004471829877,0
PRPF31+ctrl,network,20260813,0.14928231323517843,0.0026415474222027946,-0.0009634244023249972,0.08627936237916883,0.047221275785237826,0.3135930373126533,0.004036378115415504,0.003483600065699588,0.014764550988175529,0.024551985944475302,0.0009078099392353998,0.05925383197857914,0.0478095952367078,0.07404312639852184,0.05151926175640875,0.07999999999999996,0.10976897251107193,0.050635456339929164,PRPF31,1.0,1.0,1.0,1.0,1.0,1.0,1,4,1,0.5558206178966875,1
PRPF4B+ctrl,network,20260813,0.04964116145870401,0.00021105687957967412,0.007527204043636826,-0.030246413692499197,0.007616810570246185,0.04558747532794494,-0.0028726719319819988,-0.0012549547167362007,-0.0002529316668872239,-0.0019924097596643042,-0.00045437936205419997,0.2839732578686658,-0.04378281432371567,0.023491473554604347,0.20640137308695758,0.08000000000000002,-0.0368119366677907,0.0003498279835097984,PRPF4B,1.0,1.0,0.0,0.0,0.0,0.0,0,1,0,0.31030206121583254,0
PRPF8+ctrl,network,20260813,0.2278136604470099,0.005071820368445001,0.001758410029932156,0.0320189424001254,0.010542951790332322,0.10196631630181185,0.005267629399895699,0.003191073124830024,0.01039036755161482,-0.001834746677818716,0.0007619342068211001,0.14454668196569564,0.006926080540904378,0.0890777093693641,0.14719487504332773,0.18000000000000005,0.05411947051778082,0.021650554165902225,PRPF8,1.0,1.0,0.0,1.0,1.0,1.0,1,3,1,0.33767594403437845,0
PSMA2+ctrl,network,20260813,0.0013335257279382118,0.0020482281497789523,0.002641760769220236,-0.0010550518059379843,0.0025539738416140434,0.0024501051089869663,-0.0008332040160893978,-0.0006574897297552118,-0.0006346304969854222,0.0036075467013914064,-0.00015897816047069982,-0.002691105861517773,0.006744775482316667,0.01129169348763337,-2.6956396108057668e-06,-0.030000000000000027,-0.0051318956838311,0.0035121512313716075,PSMA2,1.0,1.0,0.0,1.0,1.0,1.0,1,3,1,0.8492605232695278,1
PSMA3+ctrl,network,20260813,0.020793377876689445,0.007929884681767918,0.006398368665097465,0.006302730329903,0.01220579826730181,-0.008814499598321923,0.0005716849118471007,0.0004220411072496377,0.0003199962600055617,0.0019683274045498023,0.00010457518510519981,0.007405857262792304,0.004083111206190426,0.010802691016087662,0.011291073302500454,0.029999999999999916,0.009441573054592478,0.0072249886630549875,PSMA3,1.0,1.0,0.0,1.0,1.0,1.0,1,3,1,0.8290067011788567,1
PSMA6+ctrl,network,20260813,0.0188126693514733,-0.004070954517530367,-0.0023194115585492003,-0.006657731868787015,-0.02780196454031114,-0.09101725047235953,0.0015756450593470972,0.0010278810124683124,0.006359420605152821,-0.013489312356616406,0.0002626727800817,0.020533305606697083,0.008143374965974726,-0.046230587298061065,0.028171715160220823,0.04999999999999993,0.01284842280958029,-0.04298714174724627,PSMA6,1.0,1.0,0.0,1.0,1.0,1.0,1,3,1,0.8205586608883654,1
PSMB1+ctrl,network,20260813,-0.15748614535474825,-0.0013038870678876435,-0.010969945209064247,-0.02757570690712341,0.008197047800601487,-0.06488214753791172,-0.0012169331312178976,-0.0007240902118658132,-0.0022380824329482074,0.011157665872695788,-0.00017092318739740002,-0.10768579670531853,-0.013978326564641153,-0.015316526749517001,-0.07876871680860681,-0.10000000000000003,-0.0281156049360497,0.018586069549869966,PSMB1,1.0,1.0,1.0,1.0,1.0,1.0,1,4,1,0.7438153831621768,1
PSMD1+ctrl,network,20260813,-0.03875423687100543,0.03459425552184514,0.026019342019692915,0.02187736727800929,-0.006067735574944,0.13965423455586096,-0.004405898973345798,-0.002961916063980552,-0.0030367925056173917,0.003573442781549002,-0.0007103845127857999,0.008509607435866595,0.0052459809204826735,0.06712942655143972,0.0335267559826794,-0.06000000000000005,0.012662713203277692,-0.0062549966602202245,PSMD1,1.0,1.0,0.0,1.0,1.0,1.0,1,3,1,0.6933988680136911,1
PSMD4+ctrl,network,20260813,0.08107191313710876,0.0054234222702992385,0.07201447616845247,0.03891700019905439,0.03819385812924428,0.21476604836742752,0.0036918129771948,0.0015664181731732674,0.0028993140447353127,0.023682781621116117,0.0005814143223688,0.2138583810290462,0.05838661734229578,0.13414454239375473,0.14302805886863929,0.06999999999999995,0.05216850123747341,0.053733532599679945,PSMD4,1.0,1.0,1.0,1.0,1.0,1.0,1,4,1,0.20336773302060204,0
PSMD7+ctrl,network,20260813,-0.0009818788097588627,0.007732070268479996,0.008026555935697566,0.016101193113273404,0.014546632111846869,0.07957779672150422,0.0029427297413349013,0.002337345939770863,0.004775142335005755,0.013548554012091596,0.0006184817757457,0.013188941933036435,0.021498004542864102,0.0376277377508385,0.023506988092843684,0.0,0.030015139788522882,0.008773309655322303,PSMD7,1.0,1.0,0.0,1.0,1.0,1.0,1,3,1,0.8143376286557976,1
PTCD1+ctrl,network,20260813,0.11355175134757711,0.010553361424424312,0.01806492615922628,0.006947224987141509,-0.0045472660887556915,0.0397087039761731,-0.00024155806750050107,-0.0018445854621056412,0.0003969728562843722,0.0022766521956667785,-0.0004649447510018999,-0.22330119356601147,0.01781020613929063,-0.019048207586712773,-0.030547194450132903,0.06,-0.002807539503880213,-0.006891889154563957,PTCD1,1.0,1.0,0.0,0.0,0.0,0.0,0,1,0,0.517333544115189,1
PUF60+ctrl,network,20260813,0.04865563321023611,0.0981619298919354,0.07496889214640856,0.042789243139510436,-0.026182995790159813,-0.1430907417541083,0.007174639031290998,0.0049547665539456665,0.016738311502445535,-0.029753441705733408,0.0013061099452897997,0.11262441638088244,-0.012730228999128679,-0.01771243856798488,0.09070029108618849,-0.05000000000000002,0.06214483356857681,-0.03351741091719096,PUF60,1.0,1.0,1.0,1.0,1.0,1.0,1,4,1,0.6359689975822066,1
PWP2+ctrl,network,20260813,-0.0017133680136814933,0.006431325161183277,-0.0019896604559940245,-0.021927725325146974,-0.004764662191282187,-0.12689731172504104,-0.0008562654256820991,-0.00021150159332428142,-8.595792346299813e-05,-0.0024002530374190034,-0.00015101011376829994,-0.02570660453313056,-0.014376607866561475,-0.018238843309911545,-0.002944115228900701,-0.020000000000000018,-0.0295725225609621,-0.004491754639120993,PWP2,1.0,1.0,0.0,0.0,0.0,0.0,0,1,0,0.6465936972327302,1
QARS+ctrl,network,20260813,0.5522513304621411,0.164495169959458,0.13577487635531416,0.05485282886007489,0.1074805251203996,0.321167570636156,0.013997800648212499,0.01388239349513376,0.01915575367131883,0.04742277297354219,0.0036668316461146,0.6696567278651635,0.06366723887402415,0.2314261728479825,0.45165775796419894,0.39999999999999997,0.0955107112795675,0.0959616408179822,QARS,1.0,0.0,1.0,0.0,0.0,0.0,0,1,0,1.0000000000000007,1
RARS2+ctrl,network,20260813,0.058839161890579694,0.015704800102687044,0.018620534091323804,0.04879450936659352,0.015149538465270312,0.17809533300255398,0.000906077213585401,0.00033917501013513984,-7.664280856967132e-06,0.010440791205218597,0.00012594973668450006,0.003924843813405965,0.0386409818106892,0.028011580364736943,-0.053079344039058896,0.02999999999999997,0.05562309738387089,0.027077275971354675,RARS2,1.0,1.0,0.0,0.0,0.0,0.0,0,1,0,0.771055439042763,1
RBM19+ctrl,network,20260813,0.2104257585212676,0.016520299602299393,-0.0002522969373265349,-0.06307762138531608,-0.020185638909578474,-0.5315625769980186,0.0010641478002070964,0.0018660139780387608,0.0014666966602777665,-0.018361109350443466,0.0004293902311475004,0.20672014093879768,-0.04530587220740767,-0.03575790789963118,0.07296425212016139,0.19999999999999998,-0.059452038080385405,-0.02421871975740708,RBM19,1.0,1.0,1.0,0.0,0.0,0.0,0,2,0,0.48949427347992597,1
RBM28+ctrl,network,20260813,-0.10863197798357155,-0.0182589393907841,-0.01676421381024079,0.0013414518150076105,-0.0028630509908100787,0.02654775576153101,-0.003205252811312599,-0.0010533201130136227,-0.0039543860058746105,0.008553755825286169,-0.0004240191774442998,-0.11602482121056767,-0.010183441771032142,0.01031550070943077,-0.11853415565489772,-0.13000000000000006,-0.008640651024426738,0.004487982719905581,RBM28,1.0,1.0,0.0,0.0,1.0,1.0,1,2,0,0.481086671977071,1
RBM39+ctrl,network,20260813,-0.08740001941056949,-0.02533756956293365,-0.03177628722933967,-0.04242631516266987,-0.012825494332671106,-0.21936908214720374,-0.0014508254826069017,-0.0015074062080380202,0.0005046201066449818,-0.007158870008582119,-0.00039419042877859986,-0.2755165369726251,-0.041330580671704586,-0.10507089332248731,-0.16166699298384002,-0.03,-0.06586435280463071,-0.014208597301528236,RBM39,1.0,1.0,1.0,1.0,1.0,1.0,1,4,1,0.7466329603288437,1
RBM42+ctrl,network,20260813,-0.023307270742811415,0.020620304477198703,0.03064035958739511,-0.01513601350277205,-0.008415815329990806,0.014789798476269489,-0.0017775502055883997,-0.0019442228783254079,-0.0044873764674949745,-0.0022252351771463452,-0.0004568906733766001,-0.04281345588046703,0.020146355639811597,-0.02081969879205048,-0.016788694901163304,0.010000000000000009,-0.01676011855586773,-0.02337762655443676,RBM42,1.0,1.0,0.0,1.0,1.0,1.0,1,3,1,0.3324806375880308,0
RBX1+ctrl,network,20260813,0.011054323735844918,-0.035124845543563876,-0.029015373344720208,-0.030867436493047296,-0.010585135793094835,0.059721340411270196,-0.00026674941182140005,-8.397949975458285e-05,-0.0012854582073885679,-0.009177393417629298,-3.7616118788700095e-05,-0.029395743452361178,-0.029704767756651096,-0.0485130257068227,-0.013466580001950196,0.04999999999999999,-0.026749708235237868,-0.014917819119234954,RBX1,1.0,1.0,0.0,1.0,1.0,1.0,1,3,1,0.24542061255063657,0
RCC1+ctrl,network,20260813,-0.00726529022114572,0.0312182300634114,0.007922182166237912,-0.10896302222273091,-0.03554098465264091,-0.4803765622696471,-0.0006276369094849014,-0.0008850447182935373,-0.00033396632479798516,-0.03211574421263699,-0.00020482402760530014,0.04735695324786943,-0.03976319670922468,-0.11762646051786418,-0.0733599648081593,-0.019999999999999962,-0.14185076221841708,-0.051285675099101535,RCC1,1.0,1.0,1.0,1.0,1.0,1.0,1,4,1,0.200743500985735,0
RFC3+ctrl,network,20260813,0.10381721562094925,0.001822265791570854,0.004528731093547234,0.01518031127656741,0.0038121579861951915,-0.0751921917038656,0.0021819751709699995,0.0008004432805446271,0.0023236196853838598,-0.002107940251394408,0.0001997454382945,0.1024293355443886,0.004471409002931415,0.03132483279959142,0.13213278129685008,0.10000000000000009,0.014537872156314607,0.00708421165776052,RFC3,1.0,1.0,1.0,1.0,1.0,1.0,1,4,1,0.6893661429844953,1
RFC4+ctrl,network,20260813,-0.17325706046190792,-0.010087853049007833,-0.01779751590469314,-0.0170717670689004,-0.0023220911829056057,-0.009441110910078931,-0.0021119359880686014,-0.0011379246728921988,-0.003211498304460214,0.0032272211328435996,-0.0002848153817467,-0.15131087625125872,0.004291961771260788,-0.018598267750298825,-0.12111810409061091,-0.14000000000000007,-0.021610723596458298,-0.001062569513706424,RFC4,1.0,1.0,0.0,1.0,1.0,1.0,1,3,1,0.8209484857571958,1
RIOK1+ctrl,network,20260813,-0.08506595011586837,-0.032745596269886046,-0.07925990193403487,-0.0243953895089441,-0.04732197367710389,-0.11269432629239262,-0.007526224479079201,-0.0028273227686091973,-0.006249917025762053,-0.020362575074636402,-0.0009449819335713998,-0.1518861331323108,-0.05624392189417948,-0.14244639240001888,-0.2463764229162959,0.020000000000000018,-0.0463112855033912,-0.05626519788936912,RIOK1,1.0,1.0,0.0,1.0,0.0,0.0,0,2,0,0.6476035985716702,1
RNF40+ctrl,network,20260813,0.042407322878072695,0.01819979336611155,0.01555556796410229,-0.006946013977697979,0.0010791673172270977,0.03956677970083622,0.00022652558982379917,2.002946093671021e-05,-0.00024052589762091348,-0.013195066220363288,3.276328789069999e-05,0.00566611098780323,-0.01778376158457573,-0.019961839761586275,-0.013871648804588521,0.08000000000000002,-0.0031790798247468,0.0065487399501534815,RNF40,1.0,1.0,1.0,1.0,1.0,1.0,1,4,1,0.941805307384212,1
RNGTT+ctrl,network,20260813,0.10952807035837012,0.023673642696977915,0.02904480386792163,0.030299849028700587,-0.018094164484371483,0.0088456585935906,0.004339251667261099,0.0022749311031705632,0.005383322352150999,-0.03635060370914461,0.0006047577480786001,0.09556000336831177,0.009339651504433055,-0.04171606160757568,0.038166576285322884,0.10000000000000003,0.060072447219217284,-0.027565007217489113,RNGTT,1.0,1.0,0.0,0.0,0.0,0.0,0,1,0,0.2391798373654894,0
RNMT+ctrl,network,20260813,0.014460463979073204,0.015670687060160948,0.03593884100383282,0.04029999021871597,-0.009997765315283125,-0.14942334064730783,0.007719548419117896,0.007128452242436412,0.011442528169975819,-0.028809409743922404,0.0015752112958581001,0.10917278287337837,-0.012082801220160255,-0.12905598305034438,0.05549103860497338,0.01999999999999999,0.0815013151032229,-0.01212336262018976,RNMT,1.0,1.0,0.0,1.0,0.0,0.0,0,2,0,0.303087075004319,0
RPF1+ctrl,network,20260813,0.14042583313142448,0.011599705013836226,0.0400942589322803,-0.0014017101084432826,0.009981383614789285,0.3158718244675428,-0.008352173492312397,-0.006452357425373978,-0.012339954276803566,0.020034161292533215,-0.0015455854590982001,0.08291607536834616,0.017766076003056797,0.11719603760114283,0.046895971052940244,0.10000000000000003,-0.019549607870341712,0.016540668262579605,RPF1,1.0,1.0,1.0,1.0,0.0,0.0,0,3,1,0.3256615676601911,0
RPL10+ctrl,network,20260813,-0.1486702630066733,-0.08415257571695678,-0.06120230108823277,-0.07633309795130983,-0.030532347444118896,0.027333651233781786,-0.012515276670455901,-0.005100952968957184,-0.010406662568869796,0.005969913239941088,-0.0016278687398880998,-0.11572301881563218,-0.055277346632083724,-0.05920245038118366,-0.13658018368994873,-0.10999999999999999,-0.11926806982555738,-0.019615994296008576,RPL10,1.0,0.0,1.0,1.0,1.0,1.0,1,3,1,0.6414682591282669,1
RPL10A+ctrl,network,20260813,0.28836366668470825,0.1724451771144213,0.17928691436738764,-0.02196308818774409,0.027178545764900613,-0.1216670753724971,0.009644800797104898,0.0061755173751428805,0.015709509412757394,-0.006847074097768996,0.0016001241747289998,0.213295075215718,-0.0012107980833506726,0.0014203331274599273,0.23576299733705586,0.17000000000000004,-0.0028154628962853145,0.022446790506576386,RPL10A,1.0,1.0,0.0,1.0,1.0,1.0,1,3,1,0.47263705761987823,1
RPL11+ctrl,network,20260813,-0.5150576652594514,-0.29568074872603334,-0.325874589115967,-0.04795007013820299,-0.10653473335017731,-0.08441652746889383,-0.0280285952612758,-0.02218794470009844,-0.04528617183517525,-0.011278769444968806,-0.0055460595758631,-0.4797898013516953,-0.03050628074614714,-0.03038338255707107,-0.5029772135983996,-0.42000000000000004,-0.130958953370971,-0.11604276517016326,RPL11,1.0,1.0,1.0,1.0,1.0,1.0,1,4,1,0.2815817502243316,0
RPL13+ctrl,network,20260813,0.07160034373084634,0.03996807438688943,0.020735772001348574,0.04972077899341501,0.031975199423800504,0.13704672332965534,0.0079829720780254,0.002016527436070059,0.003425274617093188,0.0253849289002209,0.0007124330149963999,0.02972775511048953,0.07184067294644092,0.11567377533772849,0.0436241055330876,0.08999999999999997,0.07263911868533324,0.03734546700047747,RPL13,1.0,1.0,1.0,1.0,1.0,1.0,1,4,1,0.30100383330480673,0
RPL18+ctrl,network,20260813,-0.0058590153592597005,0.04558651801779379,0.01821035409613947,-0.007990575716633613,0.02206803105214039,0.08559071513700844,0.0027603209018707,0.0013848305772226066,0.003442139081685447,0.006086849392854504,0.00040624733082949985,0.012127824671744558,0.025084836638856522,0.05578688857666958,0.035293851957448164,0.0,0.0036911416817136944,0.012043899331251051,RPL18,1.0,1.0,0.0,1.0,1.0,1.0,1,3,1,0.4707930323896838,1
RPL35A+ctrl,network,20260813,-0.09542463281455793,-0.031094235499852907,-0.02846259667908424,-0.03162503806326053,0.0012116091325499179,0.11621046167132754,-0.0012036394327878987,0.0006407981754351644,-0.001481613779861335,0.004992089493240093,5.105324089530014e-05,0.0016964005601535215,-0.007014130047584666,0.015360501465225607,-0.015607983024319205,-0.10000000000000009,-0.011912746267944418,0.004196264265959648,RPL35A,1.0,0.0,0.0,1.0,1.0,1.0,1,2,0,0.20305529728283908,0
RPL8+ctrl,network,20260813,-0.03260455300935594,0.007764369934874948,0.002067741891811359,0.0415847645094721,0.015225042671847308,0.11284640671612572,0.0014038886874913978,0.00014007531822701758,0.0004072868803206564,0.0150422479655338,6.465348997150002e-05,0.001554024805302423,0.044160788590270394,0.06279381702872389,0.006512700911318281,-0.04999999999999993,0.06053417487395271,0.027343577191548396,RPL8,1.0,1.0,0.0,1.0,1.0,1.0,1,3,1,0.6412681070638131,1
RPL9+ctrl,network,20260813,0.014900749397717239,0.014969843512358194,-0.0009623433004763982,0.021988497692302794,0.0092081698000622,0.03448507576245691,-0.0001926384866238022,-4.572892180099153e-05,0.00027754013910163966,0.008368018216348722,-2.284441143270003e-05,0.0017048813665674345,0.014846259938172013,0.04042604259495863,-0.0010272399771142915,0.0,0.024069200270099123,0.006261898118378517,RPL9,1.0,1.0,1.0,1.0,1.0,1.0,1,4,1,0.24689277560090636,0
RPP14+ctrl,network,20260813,-0.09078202885801279,-0.015309184513255025,-0.01706579126208041,-0.030356072560089098,-0.003865122323684911,-0.07284516860576118,-0.0017758365720511003,-0.0005804992856667246,-0.0008646025083508535,-0.0020929265650955764,-0.00026515510398890016,-0.05079227757948657,-0.015257148131244569,-0.04549938932687714,-0.04661780174860791,-0.10999999999999999,-0.045115459383868184,-0.003540766476701762,RPP14,1.0,1.0,0.0,0.0,1.0,1.0,1,2,0,0.485861933568664,1
RPS14+ctrl,network,20260813,0.3377183665818716,0.07890404899579317,0.10079582217802396,0.02542562250505248,0.024598573645915806,0.24462137462685912,0.007049541920423501,0.004329170720643982,0.006017491535791342,0.010096778420663394,0.0010432302951812998,0.12603285915092977,0.030232114653959807,0.07611142367939983,0.09609213476471545,0.2799999999999999,0.07147158652426372,0.023492276936527556,RPS14,1.0,1.0,1.0,1.0,1.0,1.0,1,4,1,0.41208764703172934,1
RPS19+ctrl,network,20260813,0.10216451103321966,0.03436148166265107,0.024296829379556573,0.038305873828909126,0.019079550750542407,0.049504182689078635,0.005018477328121699,0.0016559607858939174,0.0020125994726489793,0.0092363950886164,0.0005258511519058999,0.04466011912312651,0.029522692861298494,0.057198210224638335,0.048226385537709304,0.1200000000000001,0.07332025428741018,0.014187721961963384,RPS19,1.0,1.0,1.0,1.0,1.0,1.0,1,4,1,0.2063862569414467,0
RPS21+ctrl,network,20260813,0.1676233080029339,-0.002642103793036976,-0.0068089813775297214,0.007222829224850208,-0.012323768131479507,-0.01795928492134541,-0.0008041113615035976,-0.0006223992388831867,0.0006885214355738523,-0.0026624038898871993,-0.00017562333960079992,0.08956944420758794,0.020161967161390737,0.0026189289878941757,0.059853544662453906,0.10999999999999999,0.0024857440186196733,-0.005830163622558171,RPS21,1.0,1.0,0.0,1.0,1.0,1.0,1,3,1,0.19331825649390655,0
RPS23+ctrl,network,20260813,0.10158054917092674,0.022027503046933572,0.020296688327771983,0.04221543587367582,0.008637388148672376,-0.004459313012115773,0.0034369174391031022,0.0024286381435008053,0.0025649874539943607,0.00838569186756749,0.0006113998824731001,0.04911320917186557,0.02121201997562494,0.056951744361781964,0.048076474659058954,0.12,0.05508054333612172,0.011661174129037777,RPS23,1.0,1.0,1.0,1.0,1.0,1.0,1,4,1,0.27669441227368036,0
RPS26+ctrl,network,20260813,0.17048312240765728,-0.03472371591924295,-0.0282865672376742,0.08698326590218461,0.029271461612639993,0.2743853555790857,0.0062182638794183,0.003036362138664428,0.0036153972718556693,0.014577434587793398,0.0009354033973068001,0.05708482234169876,0.05454281830346641,0.12709435800455737,0.051724964544896945,0.15000000000000002,0.11177851484352291,0.03137372764716262,RPS26,1.0,1.0,0.0,1.0,1.0,1.0,1,3,1,0.40876770544792485,0
RPS5+ctrl,network,20260813,0.024880031456920415,-0.004191640224335047,-0.004595007969669385,0.020624384652738997,0.008203429416464514,-0.02011883732647357,0.001128446310758601,-0.00013775982512176377,0.0005183085327448156,0.00865860312856101,3.1508272513699944e-05,6.074025086233448e-05,0.02256608108224878,0.011780272591597973,0.01699739808789591,0.020000000000000018,0.027883585772873892,0.00788721637155243,RPS5,1.0,1.0,0.0,1.0,1.0,1.0,1,3,1,0.7047560626934194,1
RPS6+ctrl,network,20260813,-0.012155898542803745,-0.015184387725487136,-0.013734785570115426,0.007942301130115403,0.01606361277795912,0.003953292538490194,0.004034362733364098,0.0017597427299611557,0.0018936689077467816,-0.0023789831530690864,0.0005179037107155,0.012591183444656595,0.018252871055107756,0.031445192752996176,0.0007326166373047283,-0.020000000000000018,0.026096671427737084,0.02106152170730391,RPS6,1.0,1.0,1.0,1.0,1.0,1.0,1,4,1,0.22261362277080676,0
RRN3+ctrl,network,20260813,-0.2435474137542638,-0.04049280163952229,-0.0473621628503601,-0.0338312206347704,-0.029056108544846027,-0.46964287083298517,-0.0028995908796788025,-0.0029507199573434173,-0.0053966257283090124,-0.011538150174965789,-0.0008855515625327999,-0.2779840511324762,-0.008957813575158569,-0.07024224765007359,-0.143442195430819,-0.19,-0.06239124772071031,-0.02270049780502159,RRN3,1.0,1.0,1.0,1.0,1.0,1.0,1,4,1,0.3987369819232302,0
RRP7A+ctrl,network,20260813,-0.28671160114159644,-0.015681794533981996,-0.03527811789666235,-0.06615481448653812,-0.012777423701075263,-0.3100962577502102,-0.0033531896770000007,-0.0017621418989374193,-0.0015968311176985939,-0.0059031821669935924,-0.0006225769175215998,-0.11553920333842371,-0.027866681787327985,-0.08968945864100497,-0.05465387129408994,-0.17000000000000004,-0.09591651294823372,-0.009329657146695425,RRP7A,1.0,1.0,0.0,0.0,0.0,0.0,0,1,0,0.46232637556318545,1
SAP18+ctrl,network,20260813,-0.12343628785214589,-0.0040492929444362336,-0.015989519843011668,0.015334261922965442,0.010319136214711089,0.3240833032624244,0.001342914998531397,0.0003253819808372027,-0.0009068653519718195,0.00026224861178136827,0.0003293708432464998,0.14787361890336212,0.008856824429210097,0.030689495313246273,0.0405916318989786,-0.2,0.048904348301358924,0.005992135690620959,SAP18,1.0,1.0,0.0,1.0,1.0,1.0,1,3,1,0.26969579863930426,0
SART3+ctrl,network,20260813,-0.07904976756333332,-0.02013148813247978,-0.006161370105493558,-0.01046973312625199,-0.009705265756414005,-0.06216591827516188,-0.004816984757781001,-0.003451370286473243,-0.005754682694187219,-0.007420464937898108,-0.0008484252030029999,-0.10235394703051848,-0.008883227658954218,-0.0035033339569456867,-0.0741796242063193,-0.10000000000000003,-0.02704576284644969,-0.021809514790021023,SART3,1.0,1.0,1.0,0.0,1.0,1.0,1,3,1,0.6013617084568506,1
SCAF1+ctrl,network,20260813,0.1855596283977486,0.14333409048395218,0.11008311749604138,0.09993215407078132,0.03223481446280341,0.630209848439313,0.006528200581669797,0.0025425544439729997,0.00870687219719568,0.0394487898760906,0.0007469126721843999,0.3299845303313781,0.09847193543794552,0.145332299116104,0.2316774453853802,0.19,0.151532684892553,0.04212786208204322,SCAF1,1.0,1.0,1.0,0.0,0.0,0.0,0,2,0,0.269109781969321,0
SCFD1+ctrl,network,20260813,0.06056098608238941,-0.08806555280051209,-0.0908075219988661,0.017454371558910414,0.0010557224326386283,-0.03131536972387883,0.0006267055869102998,-0.0004145416980884109,0.0010702387642219646,0.0018583921110798818,-2.4183362256799965e-05,0.09759824479374646,0.04040269028969712,0.05502819324883812,0.08778082413225452,0.02999999999999997,0.014603702245846062,0.0019463746191886733,SCFD1,1.0,1.0,0.0,0.0,0.0,0.0,0,1,0,0.2138316415513398,0
SDC1+ctrl,network,20260813,-0.02370295197067171,0.045652200121693576,0.041019225414394234,0.03875955827503019,0.0179745274426929,0.15073093602223908,0.0047366619110107006,0.002139689955559798,0.0054524033307638,0.01856116250483189,0.0005423368420452,0.1436474827535591,0.026042364002414442,0.05419458278416389,0.0784045097508044,-0.03999999999999998,0.05334021850641349,0.020373771058356582,SDC1,1.0,1.0,0.0,0.0,1.0,0.0,1,2,0,0.15192865317328375,0
SEC13+ctrl,network,20260813,-0.007346096427316817,0.005602363603669058,0.009685492129277162,-0.05211138445735877,-0.020201035414540214,-0.08265302265395069,-0.0015129633247851978,-0.0004918377663759577,-0.00231798065761768,-0.01452964038016713,-0.00015427684411399968,0.006650710769218082,-0.06039754802168429,-0.07329709457490752,-0.03467054543648601,0.019999999999999962,-0.05409864585198093,-0.023296030932490774,SEC13,1.0,1.0,0.0,1.0,1.0,1.0,1,3,1,0.41469896924458305,1
SF3A2+ctrl,network,20260813,-0.07930711732775969,0.011384567623902386,0.004626719268203017,0.014239219282743798,-0.0024010854589292807,0.03313082919043514,-0.0012603942304849,-0.0005595464820602469,-0.0020265628898199495,-0.0007842095683184003,-0.0002049693139269998,-0.025260740598657905,-0.00908761255208379,0.001368111833719654,-0.01482441630604392,-0.06,0.01478275858245337,0.003172448446441045,SF3A2,1.0,1.0,0.0,1.0,1.0,1.0,1,3,1,0.36016715960139584,0
SF3B2+ctrl,network,20260813,0.07581550579409846,0.00651463985668399,0.0077361942600716604,0.024894716335229994,0.029950067812719305,0.03229110810276181,0.008604012429714203,0.007073037433124818,0.022396073215842915,0.007868313815278,0.0018111241515725999,0.042639150971364725,0.023273529629756706,0.04561482832517316,0.0587619296638876,0.010000000000000009,0.045613524059660904,0.0236166298639503,SF3B2,1.0,1.0,0.0,1.0,1.0,1.0,1,3,1,0.31822583169843616,0
SF3B3+ctrl,network,20260813,0.31265889433264155,0.07055144822406467,0.06558804624686476,0.01878597583214578,0.039335010325275505,-0.07213263797943292,0.012033268809318601,0.009300326433477446,0.023719539998257155,0.009698023152380775,0.0022799149155616994,0.19423564756580602,0.02786849680359671,0.10958128058020455,0.20893906639702808,0.16000000000000003,0.043379144942779,0.05333248260479739,SF3B3,1.0,1.0,0.0,1.0,1.0,1.0,1,3,1,0.9999999999999996,1
SFPQ+ctrl,network,20260813,-0.027788231384281215,0.016650574170801402,0.012883352713113028,-0.026512839850986902,-0.01694182435171171,-0.2803523964075445,0.0018513761460780959,0.0038148543175254845,0.0011632909905318067,-0.01466139513242648,0.0009138518944383014,0.12240350465760236,-0.0034265276682116097,-0.0175081740479045,0.1072367952270557,-0.020000000000000018,-0.04571209215984501,-0.0126260820345232,SFPQ,1.0,1.0,1.0,1.0,1.0,1.0,1,4,1,0.5496692192875822,1
SFSWAP+ctrl,network,20260813,0.024178397578459715,0.00916184886325877,0.036011033174943585,0.023520044954343317,0.032463978039837776,0.18292869687347196,0.001179477199912099,0.0011196068989195451,0.0019118781652968098,0.01877581527795799,0.0002950230846181,0.4370927353598459,0.012684838636441209,0.10599723036214137,0.23146463017753122,-0.019999999999999962,0.03406617330231132,0.03703715611373637,SFSWAP,1.0,1.0,0.0,1.0,1.0,1.0,1,3,1,0.3659372464690601,0
SIN3A+ctrl,network,20260813,-0.07628900013220369,0.03683152465345302,0.01029122863411941,-0.003815812774167898,-0.0158943513684989,-0.21842179051030797,0.005048912018537497,0.0033031925828498343,0.008797227039889166,-0.032879533233379804,0.0007790102390573001,-0.1333145250044369,-0.043928337672747175,-0.09450290068690315,-0.0779123163338821,-0.11000000000000001,0.011672159367429602,-0.03590817996877127,SIN3A,1.0,1.0,1.0,1.0,1.0,1.0,1,4,1,0.25354281791386835,0
SLU7+ctrl,network,20260813,0.1668399791617725,0.12822729073143702,0.07889722268736743,0.022418732090583537,0.04223136266748628,0.21168189228535195,0.007220108062028899,0.007280930523320572,0.018249982233999207,0.0159430164593109,0.0018738158978521,0.1468152408393949,0.01679737269052739,0.11312300799749508,0.16293007352520295,0.13,0.049337262305207075,0.04080126714348853,SLU7,1.0,1.0,0.0,1.0,1.0,1.0,1,3,1,0.38871378318914046,0
SMC4+ctrl,network,20260813,-0.2126427194514901,-0.006268508012212792,-0.002580422166788332,0.01833139104053319,0.0002717388287389877,0.029843657851653882,-0.0006577540189027994,-0.0007382525962220665,-0.0004866412994773972,0.016708153475381293,-0.00016870925901450002,-0.14687580807569545,0.033430849514264116,0.042179398835545556,-0.050478576013687715,-0.15000000000000002,0.010160312955341588,0.013459098545876125,SMC4,1.0,1.0,0.0,1.0,1.0,1.0,1,3,1,0.8460675681672183,1
SMG5+ctrl,network,20260813,0.025629680881275096,-0.048772828332083074,-0.03298462379348127,0.012127919400976489,0.01935873715667602,0.018299826581747003,2.5168061256394814e-05,0.00012071170717176116,-0.003931137540102436,0.02750875875373171,3.9753038436199546e-05,0.1291297088563228,0.01369244220014354,0.05749876727939629,0.1133011544875245,0.01999999999999999,0.008646832445620534,0.029619284463582085,SMG5,1.0,1.0,0.0,0.0,1.0,0.0,1,2,0,0.2561412517892711,0
SNAPC3+ctrl,network,20260813,-0.16086264448722648,-0.0931009854708823,-0.11421400301028284,-0.026327917406892803,-0.010401010515619896,-0.119343525320247,-0.0004965029656886985,-0.0006240500729866039,-0.000875368067056792,-0.0018810434014641941,-0.00014085922157390008,-0.24753871259049348,-0.006063288491158669,-0.048154976206698286,-0.1254418483265935,-0.15999999999999998,-0.03377546891189742,-0.010840132039498074,SNAPC3,1.0,1.0,0.0,0.0,1.0,1.0,1,2,0,0.22341894852785749,0
SNRNP200+ctrl,network,20260813,0.3691540371556412,0.0727989656224145,0.03373463827530654,0.06207280572334373,0.07759385421271375,0.5615684004849885,0.011108234524726798,0.009461100490589569,0.02958629688614245,0.02330223712444618,0.0024882280267775002,0.3881366579400866,0.025542162858141926,0.18287643303526335,0.35443082329705716,0.27999999999999997,0.14119781675737764,0.07340257709338638,SNRNP200,1.0,1.0,0.0,1.0,1.0,1.0,1,3,1,0.40187792133100547,0
SNRNP27+ctrl,network,20260813,0.007560938317436303,-0.06390038054438729,-0.0434644291637849,-0.001005717267840378,-0.01539037899143425,-0.08933256111874965,-0.0059242174029350975,-0.0027825847675714277,-0.007028639232398826,-0.002991219874733414,-0.0009905549231915998,0.0018625667570678905,-0.02743907287943015,0.026004275972453694,-0.019414402676339607,0.04999999999999999,-0.02872616418771895,-0.01353942118647633,SNRNP27,1.0,1.0,0.0,1.0,0.0,0.0,0,2,0,0.37565656213214427,0
SNRNP48+ctrl,network,20260813,0.016517966628369685,0.01388068159111433,0.01543854458936178,-0.0035052571400135124,0.0033371901290994987,-0.0017204569941237091,0.00032302923500539954,0.0002876011042309834,0.00037194311156041326,0.005617469068682296,4.4421758502699886e-05,0.022916469186099908,-0.0028560105161039573,0.011280790603889534,0.021530305140611883,0.08000000000000007,-0.0017571560905932926,0.0023834082958017477,SNRNP48,1.0,1.0,0.0,0.0,1.0,1.0,1,2,0,0.2656074809201809,0
SNRPD1+ctrl,network,20260813,0.04670398568282874,0.007185998563402296,0.007794146246309919,0.025196936879150866,0.015985027233348936,0.09130092071437468,0.003712024539709001,0.0027267209899521916,0.007836684937655547,0.008071673774143195,0.0007058046758175,0.021793006308591822,0.013515735019041353,0.04920138004013741,0.023296163588405583,0.04999999999999993,0.047601093331392674,0.01381639924180944,SNRPD1,1.0,1.0,0.0,1.0,1.0,1.0,1,3,1,0.5156500616603079,1
SNRPE+ctrl,network,20260813,0.007303497745527743,-0.004489092460055577,-0.0027377367310637,-0.0026353808023379943,-0.0031657639062273035,-0.046093706199419604,-0.000684531405568102,-0.0002782639230538564,-0.0010340738086925816,0.001805697760992403,-7.971236482259998e-05,-0.0011206360980074992,-0.0002536387779008553,-0.02969978661900119,-0.0036661072827323116,0.0,-0.008126893398695934,0.0019341412898049581,SNRPE,1.0,1.0,0.0,1.0,1.0,1.0,1,3,1,0.5700105396635738,1
SNRPG+ctrl,network,20260813,0.0130171245840357,0.01740113117856601,0.018398421691228517,-0.006223262762635018,-0.022762323374933807,-0.04169258798975273,-0.0029411204159260004,-0.0012190297873556633,-0.0016601196415065855,-0.01565421461282629,-0.0004892705474049,0.0004283047655930794,-0.028692044193346034,-0.02051691857957072,0.004491998164473099,0.040000000000000036,-0.012023043463505079,-0.021978406458189048,SNRPG,1.0,1.0,0.0,1.0,1.0,1.0,1,3,1,0.645857989942773,1
SON+ctrl,network,20260813,0.019263619280381505,0.04009071322629276,0.020391114614658035,-0.029914154450959574,-0.01825703323138339,-0.32328514484062976,-0.0006084814667701027,-0.00101796566424317,4.353233168641335e-05,-0.01666375212440871,-0.00021207425743339971,-0.054666018313198284,-0.023745802984801,-0.04175966826291766,-0.005706365214748488,0.04999999999999999,-0.052120780639767605,-0.027063720439856276,SON,1.0,1.0,0.0,1.0,0.0,0.0,0,2,0,0.409644360875869,1
SPC25+ctrl,network,20260813,0.35568132941362635,0.017598900545711782,-0.0057927094281157165,0.06764274929839509,0.07980078825091069,0.6660679527664068,0.009490577504038901,0.005444366024101921,0.012107797515419239,0.03049424856301791,0.0017761797644197004,0.24695635838865881,0.07383177219740389,0.15146442586645203,0.21355233607970253,0.18,0.14519267186566365,0.07775937174649494,SPC25,1.0,1.0,0.0,1.0,1.0,1.0,1,3,1,0.356294670424564,0
SPCS3+ctrl,network,20260813,0.01862137080510469,0.0671366490411951,0.1222681169238774,0.007719641492105994,0.02035689803782248,0.19960128277015998,-0.0010784473270178015,-0.000423807836700818,-0.0013925609605566214,0.01098475642244029,-0.00011219771113250019,0.1837111366706516,-0.012086684104366197,0.05350600860972332,0.091947274074581,0.010000000000000009,0.007429314928300207,0.025928262428626225,SPCS3,1.0,1.0,0.0,0.0,0.0,0.0,0,1,0,0.2417228495302478,0
SRBD1+ctrl,network,20260813,-0.046695399068004184,-0.035626132620847684,-0.031539124431695154,-0.03765326760528159,0.012770511510972304,-0.3296472172046526,0.0049055367708206,0.0060284607884759644,0.0070615717386322,-0.010105968079983318,0.0014248872175813,-0.1706445488375569,-0.06908847521947326,-0.07939556755274091,-0.1393227414374995,-0.06999999999999998,-0.049136803768028314,0.0034216714172956575,SRBD1,1.0,1.0,0.0,0.0,0.0,0.0,0,1,0,0.5756183016076782,1
SRFBP1+ctrl,network,20260813,0.1702122490980872,0.016854559681353853,0.03389778566651103,0.063068402186861,0.009814692123452984,0.19582090721263568,0.003907896578311899,0.0018355054852677855,0.0043677831917388055,0.017302516668963486,0.0005839975783601002,0.2618189921177187,0.049293191462295716,0.06275759673184533,0.1632504793900218,0.15,0.08395941631919746,0.008422852997841401,SRFBP1,1.0,1.0,0.0,0.0,0.0,0.0,0,1,0,0.4063697637131852,0
SRP68+ctrl,network,20260813,-0.14186325492111362,-0.018472273771607206,-0.02747751274206156,0.0015379702022253194,-0.009284946369920888,0.10899795469120632,-0.0014399997889996026,-0.0013944685364045695,-0.0013855426154220085,0.000605605944510007,-0.0003692466998471999,-0.15538707864696383,0.009660176433895495,0.00462547153933246,-0.04872106641411528,-0.17999999999999997,0.0053423107337201015,-0.00786036801506429,SRP68,1.0,1.0,1.0,1.0,0.0,0.0,0,3,1,0.31262356025591626,0
SRRM1+ctrl,network,20260813,0.017528134398650502,-0.00866868439084506,0.0058819436162719785,0.010675523826964989,-0.004120213286783386,0.009194918173108302,0.0021935272961855004,0.0010535057138130188,0.0035945087518663987,-0.0068387026968650955,0.00028710998594760006,-0.013851583698887393,-0.004181997076209809,-0.004552503668426966,-0.013598845291289463,-0.010000000000000009,0.013736906330451992,0.005157603215236173,SRRM1,1.0,1.0,0.0,1.0,1.0,1.0,1,3,1,0.6113009975947442,1
SSRP1+ctrl,network,20260813,-0.20971153997726272,-0.019873930933137496,-0.014980572661860703,-0.052673294674786486,-0.04166274579297072,-0.16100595576522858,-0.006897540763020498,-0.004427420561603834,-0.009695810595832466,-0.015174581044462898,-0.0012695612385869002,-0.23934478658101588,-0.04513349620793783,-0.10297459119279362,-0.205191963349815,-0.17999999999999994,-0.08659477255494277,-0.04114547057103746,SSRP1,1.0,1.0,1.0,1.0,1.0,1.0,1,4,1,0.3813281949620255,0
SUGT1+ctrl,network,20260813,0.09802221098168509,0.030672696802605925,0.0313709698085749,0.007815602315240283,0.0047298871877677895,0.03929088181079399,-0.0010797698050737,-0.0001330243266816078,0.0001606662784265911,0.006571492555708297,-7.435516454279987e-05,0.0907872685883481,0.0022652019840686544,0.022691107282180822,0.026518588661255497,0.1,0.00929360310522509,0.012336641801734771,SUGT1,1.0,1.0,0.0,1.0,0.0,0.0,0,2,0,0.5245924615043881,1
SURF6+ctrl,network,20260813,0.16126185114903496,-0.007870036981339257,-0.016732069439010844,-0.002547323353987191,-0.01919092448292098,0.07665593120583353,-0.004920294508337999,-0.0029464078706176178,-0.001989261462934766,0.00048669361703859715,-0.0007797090220265999,0.13897724698492042,0.028904830915942537,0.009795155429650482,0.1560238535124433,0.13000000000000006,-0.022897639823360183,-0.01177332430207978,SURF6,1.0,1.0,1.0,0.0,0.0,0.0,0,2,0,0.4369064449610569,1
TAF10+ctrl,network,20260813,0.2665993417273681,-0.008814952038717627,-0.008393795261454562,0.0790033600117715,0.016455100005597634,0.15480963131380188,0.003635246306657798,0.004472794268575386,0.0047526296888682484,0.0059286335687773195,0.0011289259418844995,0.10090685289673473,0.03406370107632606,0.08828262986148383,0.05140974923303815,0.19000000000000006,0.10403582006863099,0.015052156392111105,TAF10,1.0,1.0,1.0,1.0,1.0,1.0,1,4,1,0.44414410929423925,1
TAF6+ctrl,network,20260813,0.10523477654168029,0.02492902708323219,0.04416212205600545,0.01115945279367489,0.016482762636496395,0.11477404930935808,0.001465443521738101,0.0010875566109668222,0.0013764061510891379,0.008367062777346418,0.00042916205711660015,0.10908361556095125,0.009537232570767218,0.07993766418611448,0.07448571726193087,0.15000000000000002,0.026938937621397985,0.02534349411950454,TAF6,1.0,1.0,1.0,1.0,1.0,1.0,1,4,1,0.3496521614283542,0
TBL3+ctrl,network,20260813,-0.5337331821564721,-0.03288535006643445,-0.03549276642922805,-0.05357912352311531,-0.013617355673037401,0.19843893679227564,-0.008869824931025498,-0.00544605711457824,-0.007027459074220643,0.0029104058802028043,-0.0016054183943197,-0.5124039877611302,-0.005656947362815634,-0.12234519249027886,-0.3686734928231691,-0.39,-0.05748073577669721,-0.018581091708591346,TBL3,1.0,1.0,0.0,0.0,1.0,1.0,1,2,0,0.5424007548958424,1
TCP1+ctrl,network,20260813,-0.018647562880264146,0.0004912256960666883,-0.003830289730979153,-0.006757104500676209,-0.004301278297339117,-0.0661221593651824,5.2426010370202475e-05,-3.170173108246743e-05,-0.0008658032277264471,-0.007021014547785309,-8.775154128699966e-06,0.0012999899196434184,-0.0033981464483126,-0.015770408451412754,0.018310532575562477,-0.030000000000000027,-0.011352939507824567,-0.0058270906530117905,TCP1,1.0,1.0,1.0,1.0,1.0,1.0,1,4,1,0.9150011412432962,1
TEX10+ctrl,network,20260813,0.24880762132934114,0.02345309770086801,0.04037022850756411,-0.01253076046819901,0.0189957904236982,0.09003971663328736,0.0013973396271467,0.0013883715578479894,-0.0005205465093676143,0.020462299410405893,0.00036823161644859996,0.15949924505595836,0.011797006526773068,0.06651277977825709,0.015968418555604214,0.13999999999999996,0.0030562663710501925,0.032243210724437144,TEX10,1.0,1.0,0.0,1.0,1.0,1.0,1,3,1,0.5472084677774889,1
THOC7+ctrl,network,20260813,0.07036495278753502,0.06084327077073132,0.07124265730585017,-0.02502676175879101,-0.0017533674742324923,-0.1418442623878159,0.0014569759368897005,0.000994614504031044,0.003534410685461009,-0.0035339019576804964,0.0002512844512238999,0.11929805246288738,-0.017932934623291708,-0.016803250788721802,0.061268046949286004,0.06999999999999995,-0.028874850531154017,-0.002987522374393148,THOC7,1.0,1.0,0.0,0.0,1.0,1.0,1,2,0,0.3623114019185135,0
TRMT10C+ctrl,network,20260813,-0.012919622952672516,-0.009933397838089775,-0.004369014454842168,0.03026413911935799,0.005647569227667404,-0.0010592711113859288,0.0002167578786612008,0.00029261688386561513,-0.0007658479026522169,-0.003960843800298985,0.00010341103188689989,0.0703445482113278,0.015798826500362018,0.008024764908013737,0.0006364242032625006,-0.04000000000000001,0.03079318261011188,-0.004901073972496839,TRMT10C,1.0,1.0,0.0,0.0,1.0,1.0,1,2,0,0.20298931797199302,0
TRMT5+ctrl,network,20260813,-0.0244678063394676,0.0006048072199815735,-0.004053937617719883,0.008871940654497507,0.004432725210343769,0.1044181311081891,0.001860579475760498,0.0015356718289659677,0.004384454648460823,-0.002836437129671493,0.0004023562651127,0.12414518604053304,0.011851724581560474,0.03615242989070766,0.0886281304795064,-0.08000000000000002,0.019988493824535825,6.0416299897725345e-05,TRMT5,1.0,1.0,0.0,0.0,0.0,0.0,0,1,0,0.3015406880658885,0
TSEN2+ctrl,network,20260813,0.022560489462401606,-0.009038690348252998,-0.026560613315895765,0.0024971124557509883,-0.003625806627968492,0.02158820827736735,-0.00043744221329690067,-0.0009109656967447588,-0.0020455074098201242,0.009607846173860596,-0.00020978739485139996,-0.11995808565358071,0.03633623355620641,0.006692654569382839,-0.007596304721039504,0.04999999999999999,-0.006502974831608999,0.0022805430324568388,TSEN2,1.0,1.0,0.0,0.0,1.0,1.0,1,2,0,0.21439894004183485,0
TSR1+ctrl,network,20260813,-0.03768115563800589,0.028497968260095985,-0.015628988205602656,0.0752563022663165,0.045994256636637754,0.17230120373842162,0.006601570174098001,0.005202418326665459,0.006619066728762779,0.015434460632997471,0.0012762066908180998,0.00015311126442840717,0.008565741707401986,0.11940440641777039,0.012060103647216769,0.0,0.09030645968579812,0.04156876763306838,TSR1,1.0,1.0,0.0,0.0,0.0,0.0,0,1,0,0.4128817226216927,1
TSR2+ctrl,network,20260813,-0.07440908531432561,0.005170096948148628,-0.0018040172518358766,0.018605317665377208,0.005721116648200297,0.22894502405911987,0.0002931430935860027,4.7949338399244645e-05,0.001090716667654923,0.00931074432180029,-6.10677525400994e-05,0.02878443035639333,0.023064965123360537,-0.0021884227504894715,0.06934738867035983,-0.050000000000000044,0.024585157494350862,0.00807339157075404,TSR2,1.0,1.0,0.0,0.0,0.0,0.0,0,1,0,0.22843338042327205,0
TTC27+ctrl,network,20260813,0.020775710081979204,0.019324020657042806,0.01827915469752578,-0.007631207696851716,0.018481397035261082,0.14156183454590732,0.001254074275493601,0.00034358916719889887,0.0035657213266288013,-0.00407857385638194,0.0001014677109196999,0.0496742612004753,0.00892078997803436,0.023827119818585207,0.1050711252369318,-0.04000000000000001,-0.00013770392457246317,0.007678426482490841,TTC27,1.0,1.0,0.0,0.0,0.0,0.0,0,1,0,0.41068156010206375,1
TXN+ctrl,network,20260813,0.022972963745916786,0.07660919984255188,0.0850324952692797,0.010860508242129002,0.011423227485139076,0.01746043163671379,0.0008836593478918006,0.00023049612704839628,0.003528994989160039,0.007101452336692321,5.23871276528001e-05,0.07876717260900756,0.003996944361188026,0.03069188452791305,0.10446737249032217,0.020000000000000018,0.007722683484511689,0.019292173325890616,TXN,1.0,1.0,1.0,1.0,1.0,0.0,1,4,1,0.3289616304149065,0
U2AF1+ctrl,network,20260813,-0.034673765558799224,0.010229869930874602,0.017486479879361583,0.026133100785532104,0.009759820330363489,0.03777924639906838,0.0013240166008472998,0.0007176413949732119,0.0028424418640375926,0.002891936112389304,0.00019438285380599975,0.06713159820948322,0.021320614408608662,0.037735911284405343,0.09106003295877221,-0.04000000000000001,0.032595453132994445,0.006738523040086264,U2AF1,1.0,1.0,1.0,1.0,1.0,1.0,1,4,1,0.3417682317764551,0
UQCRB+ctrl,network,20260813,-0.204717305858597,-0.019982990232198183,-0.02729438208310797,-0.025321472158872593,-0.00548262120375681,0.03125528550934509,-0.0017171632498503009,-0.001010255176307373,-0.0018650827466482056,0.005263701675866594,-0.0002292463323102001,-0.26308968654928677,0.010135801901491548,-0.004270529826770564,-0.14638764211764338,-0.17,-0.026124947566655315,0.001065125981178694,UQCRB,1.0,1.0,0.0,0.0,0.0,0.0,0,1,0,0.32176513248147914,0
USP36+ctrl,network,20260813,-0.035133686789563995,0.008722663570629896,0.010115730594984496,0.0211360356587445,0.007922586943017201,-0.05906945986530057,0.003929486498236701,0.0024995747406316715,0.004371251767629647,-0.0028441536554532076,0.0006267711287363999,0.10018967871314438,0.015108370022292483,0.029805523769608433,0.06077288892983271,-0.04000000000000001,0.03305407501554469,0.012623054605384598,USP36,1.0,1.0,0.0,1.0,0.0,0.0,0,2,0,0.4078980133925427,0
UTP3+ctrl,network,20260813,-0.06737766155448965,0.0006554717172982949,-0.0009386749168777686,0.04542406300942753,0.02339926072660181,0.31881771852330654,0.0025925859808921953,0.0003594563765135783,0.0014920075091807705,0.010252594953570782,0.0003873184323311004,-0.004713276380541087,0.0438455681445622,0.06929544632923612,0.0382722374358081,-0.009999999999999898,0.08072689923080689,0.01921175629545302,UTP3,1.0,1.0,0.0,1.0,0.0,0.0,0,2,0,0.5405138736578827,1
VPS29+ctrl,network,20260813,-0.10856935315762099,-0.01161932098397117,-0.024444914508304938,-0.0193505194453365,-0.015263042995931397,-0.1371011901342259,-0.0030595455318689,-0.0017773696148775109,-0.002556014790301986,0.0015149323276612836,-0.00044432451250029986,-0.34521757033636313,0.0019204792177234253,-0.028085541144108217,-0.23590782378574418,-0.08999999999999997,-0.034278207110325615,-0.021322234724462708,VPS29,1.0,1.0,0.0,0.0,1.0,1.0,1,2,0,0.22582902049845377,0
VPS54+ctrl,network,20260813,-0.11714932754540619,-0.04262959851685033,-0.03335821863671462,0.024411389508126602,0.0035903239204231052,-0.0073348857278637825,0.0011802799999714002,0.00020655701351568467,0.0011894326555772494,0.0068885025929651955,5.966884782539997e-05,-0.0899806240695541,0.03030897938838162,0.005023494810520557,-0.039774498119214685,-0.12,0.018946251526746283,0.006068702995233599,VPS54,1.0,1.0,0.0,0.0,1.0,0.0,1,2,0,0.5640945945394885,1
VPS72+ctrl,network,20260813,0.16311147980027868,-0.002745558484340216,0.0036208378483180703,0.020568717633012684,-0.00031383168025667096,-0.10124969623974345,0.0007034372538328032,0.0002319086755604438,0.0001232292280292091,-0.005816319910485812,0.0001314125256613001,0.06475663998094766,-0.006530057170088477,0.00946263128548086,0.010330131958329103,0.17,0.01728879344361542,-0.015027867423888508,VPS72,1.0,1.0,1.0,1.0,1.0,1.0,1,4,1,0.4252737889858132,1
WBP11+ctrl,network,20260813,0.006792049761754293,0.06722505456726147,0.06327655106080854,0.01565304262007111,0.01347952307011388,-0.09057696428913264,0.0023822188377380996,0.0021882273448156075,0.0038072705113091354,0.009656133019928292,0.0004721391014754,0.2661675068565304,0.01249579136372403,0.04574324740478031,0.2067808503611594,0.009999999999999981,0.014478234702376414,0.018849592930094916,WBP11,1.0,1.0,0.0,0.0,1.0,1.0,1,2,0,0.42102504191650636,1
WDHD1+ctrl,network,20260813,-0.03137884495292881,0.023066305557583877,0.02985667439657702,0.04729953987197569,0.008780748473118716,0.042444000420754885,0.00034218840301029896,-4.328694020305779e-05,0.0015243114124957602,0.02118646166249702,-1.813349081200002e-05,-0.1860064131837575,0.042668547785614575,0.028145414251893097,-0.07480681335681691,-0.010000000000000009,0.03803314964254981,0.010119950421054624,WDHD1,1.0,1.0,0.0,1.0,1.0,1.0,1,3,1,0.3280301452685464,0
WDR12+ctrl,network,20260813,0.0510359580538603,0.00327169644182157,0.0004497977322578395,-0.02726684862256501,0.0038327558165008047,-0.25670547226628954,0.0007975995540619001,0.0004958665721611633,0.0011287527811771891,-0.007561963243960607,0.00012193433940409996,0.015977292911948826,-0.03667180863408437,-0.0034703159106241888,0.029679963701671364,0.040000000000000036,-0.03609556001735398,0.0031361671498678634,WDR12,1.0,1.0,0.0,0.0,1.0,1.0,1,2,0,0.5140451056698891,1
WDR3+ctrl,network,20260813,-0.0763210655344777,-0.010738691864511929,-0.010324901986775381,-0.0010343314236979095,-0.012093068533129303,-0.053266103069342485,-0.0027698148041963994,-0.0008353623547260325,-0.0016185928007436123,-0.001212778335717618,-0.00031416187994180006,-0.04645460481149777,-0.004224103086698516,-0.044284496595720535,-0.07067689386068243,-0.050000000000000044,-0.010591597412238196,-0.019613504864791298,WDR3,1.0,1.0,0.0,0.0,0.0,0.0,0,1,0,0.6438446096605795,1
WDR43+ctrl,network,20260813,0.04292486144256247,0.016273931730709235,0.009549843457959506,0.04823099540968068,0.02920979686633257,0.22635732764839855,0.002653662115335395,0.0026733101059853714,0.004649872411222389,0.014107245178761108,0.0007246744353324001,0.03585070074033481,0.014499489366505358,0.0681816909131222,0.03694919028948418,0.030000000000000027,0.08414827451192414,0.02419082225008129,WDR43,1.0,1.0,0.0,0.0,1.0,1.0,1,2,0,0.5092539631373229,1
WDR5+ctrl,network,20260813,-0.0648392796497467,-0.01136256908345401,-0.017658082907701766,0.0428137639954963,0.02423491744943479,0.18865615310155814,6.606429815289583e-05,-0.0003445699791125856,-0.0005628078218192778,0.021720440535637986,-5.954550579189994e-05,-0.020282302570571092,0.044748398932807354,0.04272190236969853,0.003078351291133999,-0.03,0.044759783702896516,0.011790308866516552,WDR5,1.0,1.0,1.0,1.0,1.0,1.0,1,4,1,0.6053603977036652,1
WDR70+ctrl,network,20260813,0.09789520645260388,-0.0026161673092635063,-0.0066991583679738564,0.020115899369682,0.019286248911181803,0.05580270630983841,0.001103324815630899,0.0007700889441382142,0.0027483584227123714,0.013977788936404612,0.00020841776859019997,0.06134451607518032,0.009302899027991196,0.030910003548449083,0.04732074081656251,0.09000000000000002,0.027396955320625194,0.022463136335691303,WDR70,1.0,1.0,0.0,0.0,0.0,0.0,0,1,0,0.5656390988822039,1
WDR82+ctrl,network,20260813,-0.0825822233514682,0.011781972348709036,0.018157301548315685,-0.07725898816966709,-0.06205725278850399,-0.5706991937525695,-0.004515558481216403,-0.00044530257684383123,0.003192075417752016,-0.03625600298812981,-0.0007248828187584998,-0.32390570485330805,-0.09314637592981112,-0.1483724869727564,-0.2085915766576073,-0.07999999999999999,-0.14549994955453827,-0.054334083821555135,WDR82,1.0,1.0,1.0,0.0,1.0,1.0,1,3,1,0.5730442773818926,1
WDTC1+ctrl,network,20260813,0.01451456221076089,0.0036332662305568197,0.0017940502783619916,-0.02055613188177191,-0.021683250369734786,-0.23240640369611354,-0.001042678952217102,-0.00033874636730224505,-0.0019218619009208071,-0.02006902644773642,-0.00019251601770520037,-0.06181934332508582,-0.018528066583083036,-0.044728471293889904,-0.011889165056057721,-0.03,-0.03919094148419977,-0.03855758396926179,WDTC1,1.0,1.0,1.0,0.0,1.0,1.0,1,3,1,0.4719341344251521,1
XPO1+ctrl,network,20260813,0.18140412164813072,0.14819376685089747,0.15338405837582914,0.080148696090041,0.06300327224354585,0.4983489375438447,0.006010729819536299,0.00560876097725882,0.010753343447830743,0.027262397610022998,0.0015135877765715,0.3239682007318151,0.06612052596582407,0.1126034821039178,0.2738889653836089,0.13,0.13532538090832763,0.045601302219158035,XPO1,1.0,1.0,1.0,1.0,1.0,1.0,1,4,1,0.7068059810139609,1
XRCC6+ctrl,network,20260813,0.030977776338601992,0.03693130316407223,0.03387408171441342,0.022286523211001608,0.008180747314564307,0.06939459994590624,0.001427117735147497,0.0016982401917480239,0.0022381938299851356,0.012406273134351276,0.00043217814527449997,0.1463269124005399,0.04314736403472319,0.055738917255731435,0.024714650621179203,-0.019999999999999962,0.024545287037360086,0.010020432681641989,XRCC6,1.0,1.0,0.0,1.0,1.0,1.0,1,3,1,0.7934984411636616,1
YEATS2+ctrl,network,20260813,-0.09672324920383149,0.003029751187666574,-0.00018702517822455356,0.05134124864296788,0.013486096150058802,0.09112042647166729,0.0015114974230528017,1.342052640562752e-05,-0.000693714555765168,0.016141722040831197,0.00011127663310619984,0.1034422857454443,0.054702179877578305,0.06663614345791158,0.006852476383594805,-0.18,0.060283514982098496,0.01254241882974827,YEATS2,1.0,1.0,0.0,0.0,1.0,1.0,1,2,0,0.46734752460625756,1
ZBTB17+ctrl,network,20260813,0.020817879009873114,0.03687960667623802,0.034784424184156726,-0.002845808864241295,-0.004863876160172392,0.029101683403750522,0.0004817601293324973,0.0003521195581988046,0.0002033076561374081,-0.00020961483214229637,7.998244836929995e-05,-0.0353018108740287,-0.007599648737782738,-0.018980697259855184,-0.0563423705271028,0.09999999999999998,0.0006111353003186992,-0.0016555024469919744,ZBTB17,1.0,1.0,1.0,1.0,1.0,1.0,1,4,1,0.7242755891408792,1
ZCRB1+ctrl,network,20260813,0.004552557445817007,0.009742306891992236,0.002199969297453974,0.02784377682422659,0.01467962476820428,0.1347079287416416,0.004289545118808698,0.0021429284020175743,0.004215501480619999,0.011054321146649115,0.0006286904681473999,0.046937134553776405,0.05744183876152176,0.05377274426716905,0.049744910520370104,-0.01999999999999999,0.03665467750908322,0.014181686417020889,ZCRB1,1.0,1.0,0.0,0.0,1.0,1.0,1,2,0,0.2678040058800341,0
ZNF335+ctrl,network,20260813,0.0285516917832766,0.027794708807067692,0.020273553816743894,-0.009781111852096791,-0.007212210220604476,-0.06799815902454381,0.0011823996901512007,0.00040118158916135904,0.001209391920404923,-0.017275502871969523,0.00011661316966639996,-0.0842366331750036,-0.03500946700831553,-0.034545594620340014,-0.0187919658065085,0.0,0.002257057588550909,-0.013247406047367183,ZNF335,1.0,1.0,1.0,1.0,1.0,1.0,1,4,1,0.5138099604104251,1
ZNHIT6+ctrl,network,20260813,-0.05593606072880658,-0.014743253664608047,-0.06506604897729007,0.027353159910055408,-0.021699789845234463,0.021398938249933108,0.0005416441708803003,0.002002669330385398,0.0016313450572540411,-0.0017726720073245883,0.00018169858958570003,-0.4311263512922549,-0.004913153791341829,-0.07132242144877554,-0.2759104734154636,-0.02999999999999997,0.03783380281654031,-0.01792803351774419,ZNHIT6,1.0,1.0,0.0,0.0,1.0,0.0,1,2,0,0.32028276024241287,0
