contrast,condition,auprc,csa_pearson,csa_spearman,e_distance,energy_pca50,kl_divergence,mae,mean_pcc,mean_spearman,mmd_pca50,mse,pcc_delta,pra_all_genes,pra_top100_true_de,spearman_delta,topk_de_overlap,wasserstein,wasserstein_1_pca50,gene,esm3_has_embedding,ppi_has_go_profile,grn_has_any,omnipath_has_any,complex_has_membership,complex_has_comember_go_profile,complex_has_any,network_block_count,network_rich,esm3_train_max_cosine,esm3_semantic_near
esm3,ACTR8+ctrl,-0.055449371461098906,-0.006206840915370567,0.001520799799055376,-0.018245006537857256,-0.013646984686558061,0.0726249115699716,-0.004417280976971001,-0.0017787334246410398,-0.003405904488257394,0.0015803997339250604,-0.0005418204430801333,-0.16628439754865146,-0.022338658208622648,-0.019626869219666276,-0.07188123798975912,-0.08666666666666667,-0.03204542473474243,-0.014050439662178968,ACTR8,1.0,1.0,0.0,0.0,1.0,1.0,1,2,0,0.6566927135966314,1
esm3,ALG13+ctrl,-0.00638814930507467,0.009254427793806677,-0.0024460808398903966,-0.0044375529707760914,0.0070307096174990575,-0.0036977311617465793,0.004771177346507667,0.0024340300801148906,0.0034038609125287187,-0.00442661520171501,0.0006679914076812666,-0.05333552803622521,0.001329808921217331,-0.021638829311923475,-0.035934708684718104,0.003333333333333332,0.013341761482313558,0.0036708073389657425,ALG13,1.0,1.0,0.0,0.0,0.0,0.0,0,1,0,0.23444576227320837,0
esm3,ANKRD11+ctrl,0.025487921450254802,0.022631525023372363,0.02318084954016027,-0.0016882676779932104,-0.006183955331492759,0.0006745154754425423,-0.0004158802330494008,0.0004412426079633362,0.0001762290470715596,-0.007408551307845901,0.00010759981038663334,0.10823491872853443,0.007312257316052524,-0.0026028322063153717,-0.00027717737192929984,0.023333333333333334,0.004682872406319964,-0.001264857535048088,ANKRD11,1.0,1.0,1.0,0.0,1.0,1.0,1,3,1,0.48289262866118055,1
esm3,AP2S1+ctrl,-0.03376389936367783,-0.012146084760624362,-0.014976968362420203,0.0010485237343763054,-0.009997846296907642,-0.03851337352395773,0.0010341064383585993,0.00018244923027414353,0.00047247693867609925,-0.015237951977686423,8.257365940759992e-05,-0.02864548795988925,0.0121998922745065,-0.0299366506392957,-0.012804645104296158,-0.016666666666666663,0.005997255172313282,-0.014787981710455663,AP2S1,1.0,1.0,0.0,1.0,0.0,0.0,0,2,0,0.6367654607463599,1
esm3,ARGLU1+ctrl,0.05585245871398564,0.034226258922715656,0.041059498098994306,-0.013544394862931963,-0.0030490778756520295,-0.24194641619598437,0.0030739475041628,0.0018031052811894692,0.0037916515433451905,-0.020573675874426312,0.0005061242457789667,0.13036121037180173,-0.011773482616839673,-0.02534151044791122,0.08737129053829262,0.04333333333333333,-0.01618546675878797,-0.007868438676819708,ARGLU1,1.0,1.0,0.0,0.0,0.0,0.0,0,1,0,0.3030444499073842,0
esm3,ARIH1+ctrl,-0.08472747730925363,0.005217429085394946,0.0053344212745009,-0.026875533886059233,-0.012486835779676797,-0.09752923629754791,-0.0008632826308409662,-0.0006475671726485407,-0.0014028300409150523,-0.009057285528299763,-0.00012944145904230002,-0.1165775056003266,-0.011106662044095642,-0.04693230856811629,-0.07986712795193317,-0.11333333333333333,-0.031801795963682204,-0.019034524126156693,ARIH1,1.0,1.0,0.0,1.0,0.0,0.0,0,2,0,0.2872784534549865,0
esm3,ARPC4+ctrl,-0.0009100205553599824,0.030308655141054464,0.033492128507076946,0.0207302795971188,0.006972056917197471,0.05420577916644806,-0.0007569392522176003,-0.0005539364034881459,-0.0007204700768240017,0.012541693471864068,-0.0001181500653426,0.061616678580512264,0.04348188944679887,0.048467023708538504,0.0263680548791969,-0.016666666666666663,0.01825479397363025,0.009058307830391113,ARPC4,1.0,1.0,0.0,1.0,1.0,1.0,1,3,1,0.4253802065822827,1
esm3,ATP6AP1+ctrl,-0.0636278589959468,-0.027223887401637874,-0.02649817964290176,0.0043347850837375706,0.005899085245995435,-0.11176033203664815,-0.001008195181687666,-0.0004536693670322463,-0.0021600290619347984,0.006932032109566712,-0.000130989375369,-0.19129927088850154,0.009239987350705895,-0.023279777581071248,-0.143417621780727,-0.06333333333333335,-0.008819867813345863,0.0036840234400580263,ATP6AP1,1.0,1.0,0.0,0.0,0.0,0.0,0,1,0,0.2770145243501594,0
esm3,BGLAP+ctrl,0.016177758684581083,0.028527816625973184,0.035903044432448704,0.019432072146277717,0.004630732044752932,0.10344272000622212,0.0011569277072946329,0.000505995485284035,0.0015068714441428914,0.0023797017341194437,0.00013181086008749995,-0.02097600832471581,0.01647370316878427,0.014212049627861231,0.009151337757488878,-0.033333333333333354,0.032549590129974236,0.00410881545278563,BGLAP,1.0,1.0,1.0,0.0,0.0,0.0,0,2,0,0.22603557976901004,0
esm3,BMS1+ctrl,0.009447621403581167,-0.012729377584488694,-0.0129832952874717,0.00802069047173066,0.010853452050171297,-0.0558971042936531,0.00016488507390023435,1.834394238464654e-05,-0.0006415532946858482,0.006570710677036573,-9.029172361001148e-07,-0.0007727492275680925,0.01970931087624672,-0.0031409497471266423,-0.012878967020995169,0.02666666666666669,0.012909340234073752,0.009431921608961261,BMS1,1.0,1.0,0.0,0.0,0.0,0.0,0,1,0,0.4094956656115338,1
esm3,BRIX1+ctrl,0.05380803743199988,0.017041438057513902,0.015787969375629096,0.002413467178829657,0.00031908972971896504,-0.15685616591661292,0.0005342426399389671,0.0014421804545497647,0.001912362804206813,-0.0023993155764611327,0.00019414296063280002,0.1031866594822392,-0.010010625820897808,0.019090843986147205,0.0585239900982956,0.06,0.00024334964665926698,-0.002016585572869989,BRIX1,1.0,1.0,0.0,0.0,1.0,1.0,1,2,0,0.708155646016739,1
esm3,BYSL+ctrl,0.02808545922387092,-0.01849197171245276,-0.05728700300068882,0.0033690701337259488,-0.016855530465156848,-0.09543483912266908,-0.001808136080702168,-0.00018788151006177145,-0.0004971731239105844,-0.005565959721906978,-0.00018795711609223336,-0.031514052225050694,-0.008004988960772655,-0.018535804592981615,-0.09707875753053041,0.023333333333333317,-0.0033362395393893387,-0.015470822958789024,BYSL,1.0,1.0,0.0,0.0,0.0,0.0,0,1,0,0.23304440545276975,0
esm3,C1QBP+ctrl,-0.05108993801829767,-0.011668095490694733,-0.019760041816489233,0.003681959015399472,0.0006371114314197753,0.005204730862799156,-0.0012618768960237666,-0.0003652030892815998,-0.00036185927810635415,0.00020219495120493702,-0.00015448895283039994,-0.013440705317833262,-0.009323683712570826,2.3749666396473876e-07,0.00013433168535303386,-0.026666666666666672,0.0014906593055174684,0.004632946749741425,C1QBP,1.0,1.0,1.0,0.0,1.0,1.0,1,3,1,0.26397617216017966,0
esm3,CCDC86+ctrl,0.05623758864547677,0.02849938917429799,0.035336785837631446,0.01601926130475087,0.010208546843088842,0.045027219392468315,0.0014542217055956985,0.0007719605783305106,0.00199019357582908,0.006071125127718291,0.00017679583591723324,0.036397421319189126,0.014029100988769786,0.047766399324987385,0.04963429041860021,0.00666666666666671,0.016203182053617537,0.010810803062430355,CCDC86,1.0,1.0,0.0,0.0,0.0,0.0,0,1,0,0.4931652481961014,1
esm3,CDC123+ctrl,0.0450212704110479,0.049628583279913485,0.06048221753819779,0.0303304729822745,0.021132733913788133,0.13330596191191135,0.002512725070118933,0.0012306569638417992,0.005437856425693832,0.012289009346570965,0.0003376819076948,0.10508774666769187,0.029996451814493025,0.05128570068153852,0.05659808425450689,0.056666666666666664,0.03681519559707897,0.01807764302387101,CDC123,1.0,1.0,0.0,0.0,0.0,0.0,0,1,0,0.31292809537488786,0
esm3,CDC23+ctrl,0.0014504957467620465,0.018353572472785646,0.016180631463861173,0.0024010816450714214,-0.00117530205485127,-0.026014670420111408,0.0002695061266421994,0.00018168977612276205,0.0007315906130909525,-0.0034894180629061744,3.027234924963336e-05,0.05377684466529742,0.003422479300763115,0.003432602956936074,0.055201933422137944,0.003333333333333336,-0.0009073464967685,-0.0048281195882019885,CDC23,1.0,1.0,0.0,1.0,1.0,1.0,1,3,1,0.7904466040253506,1
esm3,CDC40+ctrl,0.21716123973823373,0.1037778082193614,0.08157243737262358,0.05163526007464639,0.011792486302133809,0.3172800769762472,-0.0009926675508419673,-0.0007625093332481736,0.0025711025674690635,0.01420144891551812,-0.00017472077161076666,0.23746545530755359,0.01594645480443842,0.11704538421331993,0.21124108172874947,0.16333333333333336,0.07880730307874816,0.02044882650584534,CDC40,1.0,1.0,0.0,0.0,1.0,1.0,1,2,0,0.5481621911202976,1
esm3,CENPC+ctrl,-0.15056270091150842,-0.00350883535998033,-0.0002588394120484061,-0.05731143623522139,-0.00784458373262629,-0.28395630869023863,0.0009460380921760998,0.000378731799005827,0.0012456151538543143,-0.018311161964138827,7.360496480636671e-05,-0.0753733797876918,-0.024113954388515935,-0.0857823762017385,-0.03949080347729983,-0.08333333333333333,-0.08607216008167166,-0.01772671258052076,CENPC,1.0,1.0,0.0,1.0,1.0,1.0,1,3,1,0.2646113918751577,0
esm3,CENPE+ctrl,-0.030507981184116,-0.011795180739869774,-0.01588630170330389,0.023553754083992757,0.01295449315587797,0.026425033792881802,0.0009429994970560329,0.00016530454859971697,-0.0002650697304394563,0.015351009377980193,0.00010216288501400002,0.07311754386133551,0.05189688423862193,0.043994808177887625,0.009468198281305426,-0.02999999999999999,0.026878929457430933,0.011258213721783114,CENPE,1.0,1.0,0.0,1.0,0.0,0.0,0,2,0,0.5586735532992282,1
esm3,CHERP+ctrl,0.018127660673847523,0.025512539872603896,0.0426485226439289,0.010026574850822997,-0.005787491462021362,-0.12567704752440714,0.0018654062102238013,0.0015251561178299216,0.0030637165375349737,-0.009072359171488761,0.00041262238907316656,0.16865367939833417,-0.0028659883258464656,0.011759231316145499,0.11220970942332868,0.006666666666666672,0.012582785626975531,-0.010179075199340323,CHERP,1.0,1.0,0.0,0.0,1.0,1.0,1,2,0,0.4241300090912932,1
esm3,CHMP6+ctrl,0.20398460757980819,0.03151681316776822,0.01461263806173189,0.011303594095349543,0.004227107739845938,0.008866238238291468,0.0006639789789915004,0.0007735102169879419,0.0032185349369641867,0.003974110968369434,0.00018865516176449996,0.1260591855316058,0.022493733103711906,0.1265062474391652,0.1162724017239349,0.15333333333333335,0.01825401573821984,0.010308006884674092,CHMP6,1.0,1.0,0.0,0.0,1.0,1.0,1,2,0,0.6867550015191156,1
esm3,CNIH4+ctrl,-0.013093055079722998,-0.009571434720738589,0.004315431324664924,0.0311854787295337,0.0144232115993659,0.19441558123215305,-0.000896337752540867,-0.0008240470689602578,-0.002755726031040906,0.01284610261795773,-0.00012621310694763328,0.029946622102734022,0.031056121525192215,0.05986278238672904,-0.009788754366776934,0.02999999999999999,0.031974385809560114,0.021554141824680073,CNIH4,1.0,1.0,1.0,0.0,1.0,0.0,1,3,1,0.19010964496895616,0
esm3,COG2+ctrl,0.023555043363577555,-0.020873292051629317,-0.018239579621977215,-0.012057815574326705,-0.00737854349529013,-0.08803963192362951,-0.00015779895087083412,-2.570725969630594e-05,-0.0009315729096681657,-0.013059889310318243,-2.5766785256666892e-06,0.0601024138702965,0.0005262692704645447,-0.015948901535331055,0.047126432557837473,0.03666666666666668,-0.017251905390000082,-0.013517021809657822,COG2,1.0,1.0,0.0,0.0,1.0,1.0,1,2,0,0.5673653870177205,1
esm3,CPSF3+ctrl,-0.04088351930899667,-0.04602355491766471,-0.0688363175865565,0.05095177791941937,0.021887071663152943,0.31608964440062454,-0.007591214651862802,-0.0048079503890804025,-0.020576995575079787,0.048308988530406737,-0.0011471201044817331,-0.15502790716800968,0.056637799945291535,0.10709431549001343,-0.23431673089058505,-0.02,0.04139384225504672,0.0431363919234698,CPSF3,1.0,1.0,0.0,1.0,1.0,1.0,1,3,1,0.60570893428095,1
esm3,CPSF4+ctrl,-0.020444751169011798,0.027801277073326042,0.027145607120038284,-0.016443687581034483,0.00908839147845473,-0.016413550580246072,0.0002536748846371645,-0.00033432094920241945,0.00014617573459789016,0.008252956914464408,-1.487011710999316e-07,-0.009065854013867706,0.02494996624139641,0.00625214487860648,-0.019612844268926028,-0.006666666666666654,-0.024210253277561693,0.009256431303195164,CPSF4,1.0,1.0,0.0,0.0,1.0,1.0,1,2,0,0.4123701936169123,1
esm3,CSTF1+ctrl,-0.018601896269207014,0.007792545890905574,0.007809649723705903,0.018028670100852334,0.01689444015036971,0.24216730911632114,-0.005795185143748933,-0.00469158248809635,-0.007185971575493277,0.038548610502928606,-0.0011069810716435,0.025930392504955196,0.04170891449705546,0.09778416451573602,0.048575378392562714,-0.003333333333333318,0.019837921373417017,0.03021751975628843,CSTF1,1.0,1.0,0.0,1.0,1.0,1.0,1,3,1,0.44643072922817745,1
esm3,CSTF3+ctrl,-0.0749286863297893,-0.03302810851884593,-0.023084130019851084,0.017038052395530013,0.023852595519196624,0.15287645986701995,-0.0018355585634708034,-0.001538471932204133,-0.0014960647743974171,0.020768184553781637,-0.0004407654826839665,-0.11331036724774986,-0.000997198233460302,0.020100847143211403,-0.04685487795253004,-0.10333333333333333,0.001359795553862268,0.02483726008969933,CSTF3,1.0,1.0,0.0,0.0,1.0,1.0,1,2,0,0.6824054723626845,1
esm3,CTR9+ctrl,-0.28456179353611777,-0.13407863474018675,-0.1240997762074898,-0.058359669597685175,-0.06317971736061136,-0.09174975904092336,-0.00990636087954047,-0.00825076704936134,-0.02041190394452182,-0.021716150520916872,-0.0021967842088391333,-0.2326451389237878,-0.013182836526745456,-0.11312810207559232,-0.22439104045400415,-0.2233333333333333,-0.10404319517684406,-0.06043826672591538,CTR9,1.0,1.0,0.0,1.0,1.0,1.0,1,3,1,0.6233993345430592,1
esm3,CUL1+ctrl,0.02432794361984066,0.02065756701309181,0.018938210161973945,0.01058263345737013,0.003418480341785333,0.040571913095046576,0.001301626364390067,0.0003880784333558281,0.0010931529717261117,0.000984191977008636,0.00012228407043343335,-0.004786876837577503,-0.0034205880807416746,5.240688724679939e-05,-0.010453470530498851,0.04,0.015708043487193873,0.009468545335066766,CUL1,1.0,1.0,1.0,1.0,1.0,1.0,1,4,1,0.9133993792441149,1
esm3,CWC15+ctrl,0.24235593257313895,0.13006418054826255,0.10324245539199899,0.033521853958035634,0.06106683907906446,0.22496100353055995,0.008873614793022467,0.006548678467273546,0.02086464499477388,0.02493523310739723,0.0017492680344730332,0.28219598218482417,0.027963017656201794,0.15130868161208422,0.3061933377410102,0.12333333333333335,0.07901113689675789,0.04637698526371781,CWC15,1.0,1.0,0.0,0.0,1.0,1.0,1,2,0,0.6531893421116421,1
esm3,CWC22+ctrl,0.042591231616615564,0.08527335590449374,0.07487832664073828,0.019180334583463837,-0.001051071935735448,0.1295928128684284,0.001377283285061567,0.000907408969379501,0.00441636852400636,-0.002409923147062972,0.00020423376311859998,0.05101743501038891,-0.004387966582420614,0.006518839176908875,0.05862907688719141,0.0,0.028923932036542106,-0.0006767729373162723,CWC22,1.0,1.0,0.0,0.0,1.0,1.0,1,2,0,0.5408070291688098,1
esm3,DAD1+ctrl,0.00344339588245976,-0.024542470464389305,-0.01822826178099657,0.007924934159705901,0.008511547689425728,0.1257253193756098,-0.0021292393406232312,-0.002141546441921142,-0.00285056428234672,0.01248499692999642,-0.0005200529315819666,-0.08437313798798046,0.04187285454647497,0.02913972261680209,-0.04236286048046817,-0.013333333333333336,-0.0007195114946302594,0.016072925093753836,DAD1,1.0,1.0,0.0,0.0,1.0,1.0,1,2,0,0.1691843451194338,0
esm3,DBR1+ctrl,0.01013371700946857,-0.02846917042358449,-0.026824641202614647,-0.01206491155481861,-0.004396344680376048,0.01710413389894346,-0.0019135071585575983,-0.0012977332146729321,-0.005180582063720703,0.0005886593812120903,-0.00034890463575720006,-0.04481348962601253,0.007403532697463929,-0.0058038768193580115,-0.06560323725368813,-0.01,-0.018542194359914204,-0.003271533228623169,DBR1,1.0,1.0,0.0,0.0,0.0,0.0,0,1,0,0.27925464191821814,0
esm3,DDOST+ctrl,-0.0038092597768738614,0.013583558685207386,0.007726170693730827,-0.020141142942700075,-0.005152877068352009,-0.11164168189467853,0.000179572651783601,0.00012784493643795228,0.001858705250636028,-0.009821150501983289,-3.777405557533394e-06,-0.060114788482917736,-0.024508093129724202,-0.03607957211491016,-0.02366777099839927,0.023333333333333317,-0.02680093241200243,-0.01265025701731722,DDOST,1.0,1.0,0.0,0.0,1.0,1.0,1,2,0,0.2679471985189293,0
esm3,DDX41+ctrl,-0.09663774622486809,-0.08215225976711822,-0.04768805752499702,-0.013655092080871178,-0.026480889286997034,-0.1450117246580144,-0.003969890375932067,-0.002418067648654413,-0.013003286263128522,-0.012815468909599429,-0.0006632358611872,-0.11975448711774563,-0.010101943254718729,-0.05513568890850151,-0.15954873406334258,-0.12,-0.025029478318584337,-0.025268296242016985,DDX41,1.0,1.0,0.0,0.0,1.0,1.0,1,2,0,0.6636205651969963,1
esm3,DDX49+ctrl,-0.03565755527983457,0.03077248233031556,0.04008646596917451,0.016234216456984696,0.007267442717086736,0.0005876075289088881,0.0034165078153213014,0.002835297642350132,0.004220713277711378,0.001694341246446296,0.0007256710280974334,-0.02461673910739683,-0.013024790893098714,0.002355112999494461,-0.0016537309761604085,-0.013333333333333327,0.024793605937543244,0.0056369479576818815,DDX49,1.0,1.0,0.0,0.0,0.0,0.0,0,1,0,0.7429643407329919,1
esm3,DDX5+ctrl,-0.0037845164606552656,0.002679966505197103,0.0031203545418123832,-0.00046803316448298937,-0.00208755518779317,-0.011235575573988068,-0.0020145208885272332,-0.0012674587418260257,-0.0018926747003685795,0.0009342557745784611,-0.00033875003767509993,-0.013553826276062534,0.015744718809829566,6.353391234255786e-05,-0.02919285788844427,-0.02666666666666666,-0.007756651272956623,-0.006908380054519769,DDX5,1.0,1.0,1.0,1.0,1.0,1.0,1,4,1,0.5836969832086772,1
esm3,DDX52+ctrl,-0.005816211216972622,0.007794081929905013,0.011635272950664502,0.014198599465735132,0.012060315949303032,0.08185442193424959,-0.00042383186519146546,-0.0007543691107973297,-0.001626772657478311,0.013723788905669942,-8.364440873266661e-05,-0.018596664549101843,0.026787812095269998,0.04325553899404359,-0.0022233528299750636,-0.0366666666666667,0.01650622390504759,0.016764673567025934,DDX52,1.0,1.0,0.0,0.0,0.0,0.0,0,1,0,0.6127731106876021,1
esm3,DDX54+ctrl,0.27185811699403245,0.041024900758720804,0.04948612688630064,0.026733226753757267,-0.0006995851004284089,0.06084260901736521,0.0015888704607884333,0.0013136956909631052,0.0016674082505111858,0.000533756550658839,0.00036562744450443336,0.1928141128884746,-0.01630714739820534,-0.0018471421066940108,0.10664746850903833,0.2133333333333333,0.028029973101854216,0.00039451838916630216,DDX54,1.0,1.0,0.0,0.0,0.0,0.0,0,1,0,0.7092284389812483,1
esm3,DERL2+ctrl,0.14075409715687115,0.05786500302360983,0.06850319604267692,0.03146208345158521,0.010795165955449937,0.12260400160022922,-0.0009276891748110338,-0.0015879002408731857,-0.0026033308885971738,0.01936543578013965,-0.0003074349757905,0.18390352725277204,0.03844932354208138,0.09829320525401013,0.15002584810169384,0.12000000000000001,0.03652192624688036,0.020263841716731495,DERL2,1.0,1.0,0.0,0.0,1.0,1.0,1,2,0,0.3173222912462554,0
esm3,DHX37+ctrl,-0.168422490818827,-0.001953731348821486,-0.009310197125508476,0.01168792695868437,0.00582712427443378,0.07355655973475837,0.0005182549357414344,0.000380081733539502,0.0014215336725560412,0.002652580738898199,8.451655351667062e-07,-0.089549290725298,-0.003922967852309352,-0.016109013760930064,-0.05809185217013635,-0.1233333333333333,0.01481708993138764,0.008818388775807984,DHX37,1.0,1.0,0.0,0.0,0.0,0.0,0,1,0,0.8140257550206905,1
esm3,DLD+ctrl,0.03649439273648489,-0.03950844263168644,-0.02541075225499123,0.00934764603091684,-0.011676140943922738,0.10641230929222817,-0.0035655299822489306,-0.003390253774409454,-0.008220494752521327,0.0021859222229381934,-0.0008667195215820669,-0.04829851358418247,-0.005335738099678133,0.0335094764339291,-0.04110238950467127,-0.013333333333333327,0.0033171384303086193,-0.007751579820946208,DLD,1.0,1.0,1.0,0.0,1.0,1.0,1,3,1,0.3562267117635941,0
esm3,DNAJC8+ctrl,-0.006936391303533865,-0.008602012997489897,-0.013869233567407213,0.006632562920926899,-8.085243996463116e-05,-0.01093871814120545,0.0003268703197439656,-5.161643370484489e-05,-0.0002916215395194118,0.0026792515372781136,-8.063895317666931e-07,-0.05389513040486326,0.01926812729687973,0.0031624734321826407,-0.0414720609434846,-0.04666666666666667,0.004032369673015744,-0.005293040371757966,DNAJC8,1.0,1.0,0.0,0.0,1.0,1.0,1,2,0,0.6049272075377098,1
esm3,DNTTIP2+ctrl,0.3180439831261839,0.00921361852349419,0.019551677334766333,0.04885916085421919,0.025823085296200754,0.12721225420451018,0.005547819659113899,0.0023768655646252412,0.0019182863964822088,0.013397810095319004,0.0008769812993705666,0.14330945030991235,0.04477625096741226,0.10223748522347127,0.08550180596785983,0.24,0.07698862372318789,0.02805739518176557,DNTTIP2,1.0,1.0,1.0,0.0,1.0,1.0,1,3,1,0.5084353830963247,1
esm3,DONSON+ctrl,-0.17976601058961508,-0.027348352861754337,-0.02881414724846687,-0.015337559903409098,-0.017017930736095366,-0.11804045395137829,-0.004774631621936934,-0.001330625248683252,-0.0031309652616344406,-0.007231892189378193,-0.0004438098209599667,-0.12782193571540681,-0.027259377010461106,-0.07271626243138547,-0.1556151611711864,-0.13000000000000003,-0.0373788602090852,-0.03045235347362918,DONSON,1.0,1.0,1.0,0.0,1.0,1.0,1,3,1,0.5098475125756874,1
esm3,DPH2+ctrl,0.0646909572614513,-0.044219275143805824,-0.07351739535884183,-0.001971556859927198,-0.008132504116831705,-0.029529817360116783,0.0009186298896869324,-0.0004011918273395902,0.004744266437982721,-0.002781432725450672,-0.00012798669437570002,-0.03641185326748663,0.03733277141952888,-0.020320522870994506,0.08605336491793407,0.12333333333333334,-0.008251413840197666,-0.006377986949773207,DPH2,1.0,1.0,0.0,0.0,0.0,0.0,0,1,0,0.24773313253560908,0
esm3,DYNC1H1+ctrl,-0.13341552136751525,-0.013087323670280685,-0.012607854676703814,-0.028764905122120404,-0.002918364460442783,-0.10701148605036105,0.0017526776840289665,0.0008919845425711485,-0.0003374174776756463,-0.012317127177741171,0.00023177751184750003,-0.10671701262473203,-0.02313209454079716,-0.04499567145799277,-0.12672306115606263,-0.08666666666666667,-0.042486234189407245,-0.007478376584056738,DYNC1H1,1.0,1.0,0.0,1.0,1.0,1.0,1,3,1,0.34089075469674274,0
esm3,DYNLRB1+ctrl,0.19374225262711112,0.09764313962802502,0.08814666513141671,0.06391148058882423,0.02496787404678603,0.4648313737414957,0.0015030124535163336,-0.0007940900319813871,0.00015561120622446337,0.03269682240841501,-5.670565102870005e-05,0.2752745916405965,0.0696431289223171,0.1487661791037447,0.21699688499588818,0.18333333333333335,0.10305755514609838,0.04852864437935064,DYNLRB1,1.0,1.0,0.0,0.0,1.0,1.0,1,2,0,0.37186370402828745,0
esm3,E4F1+ctrl,0.044682923242321794,-0.016060633342162234,-0.011981291435381366,0.017887430714932023,-0.006959317711903372,0.10929761651491023,-0.002433039247989667,-0.0026741873753585534,-0.002410073104538298,0.005664826640130942,-0.0007164805041005333,-0.2903218584264704,0.01977167051239359,-0.01719270101591715,-0.13031632999921286,0.036666666666666674,0.015906956456656168,-0.005930121568166043,E4F1,1.0,1.0,1.0,0.0,0.0,0.0,0,2,0,0.5905356331533801,1
esm3,EBNA1BP2+ctrl,0.3179381648583175,0.027693445188403037,0.02957705570267662,0.07088862208879355,0.014832275930600195,0.14839984838290346,0.005467838297287599,0.004521891409573968,0.004259406435275004,0.008316019633822743,0.0011764744413085334,0.2034412851255789,-0.008118591992947807,0.028390725811682522,0.11691454737054319,0.21666666666666665,0.09042523122942943,0.015991406296181825,EBNA1BP2,1.0,1.0,1.0,0.0,1.0,1.0,1,3,1,0.4785714492750178,1
esm3,ECD+ctrl,0.07193427976820772,0.0717456712734561,0.05589699297795936,0.06874656379722689,0.0415417171044122,0.5931933211336142,0.0011643227189778993,5.195782243191023e-06,0.005417341008842132,0.033090949240131645,6.086363767583326e-05,0.21259203904388438,0.05467292736997039,0.14092406623195317,0.16502976457400775,0.03333333333333333,0.09595998461051065,0.04887768264016834,ECD,1.0,1.0,0.0,0.0,0.0,0.0,0,1,0,0.3536610604497916,0
esm3,EIF2B3+ctrl,-0.035270024999429404,-0.004401855848002567,-0.0035386661597417066,-0.013729885675605106,0.008873375060756417,0.0647836377611478,-0.0016232598572969333,-0.0007026120304273557,-0.002841479889673056,0.0077405611439025634,-0.0001770446542650667,-0.017629057146314686,0.004531130461109867,0.009169767756985525,-0.03480300240513005,-0.0366666666666667,-0.014422241629696362,0.013172990208605443,EIF2B3,1.0,1.0,0.0,1.0,1.0,1.0,1,3,1,0.7169773594364061,1
esm3,EIF2S1+ctrl,-0.06477832799537138,-0.012235225363058247,-0.004571681913553023,0.01790025662152032,0.019631757089922524,-0.007202953559272436,0.001827726761500036,0.003877503551075893,0.00794514176532494,0.007141054623905435,0.0007447261984149667,-0.04126215019713538,0.007122882425271075,0.04182493223315783,-0.010710210505050796,-0.05333333333333338,0.02491217932593609,0.02353654172302,EIF2S1,1.0,1.0,1.0,1.0,1.0,1.0,1,4,1,0.33367386319370723,0
esm3,EIF3E+ctrl,0.011741896782731473,0.05931449784882348,0.05908464946552772,0.030021877439516908,0.015835632855072224,0.16206270139353465,0.0017700834820667682,0.0013407573057759858,0.0039907983693228495,0.012063893468652507,0.00038439578687146663,0.09185072106354182,0.03363671058983523,0.049157124054656186,0.07361576392416462,0.033333333333333326,0.05052650779356529,0.024148190187643432,EIF3E,1.0,1.0,0.0,1.0,1.0,1.0,1,3,1,0.5226165755263349,1
esm3,EIF3F+ctrl,-0.12380253776690091,0.07010578924022677,0.05127003954463467,-0.07631993782314109,0.0024318198613627793,-0.212626931722283,-0.0002936652551095015,0.0002601225640785169,-0.001734848374198165,-0.009807309638294098,4.260723168666586e-06,-0.24927208813102583,-0.028244593229991805,-0.12020497585041445,-0.21105886070177138,-0.07333333333333332,-0.06738475943870997,-0.00015152858922943638,EIF3F,1.0,1.0,0.0,1.0,1.0,1.0,1,3,1,0.7831224346710105,1
esm3,EIF3G+ctrl,0.06551978915392544,0.03183462575403162,0.032393397848270035,-0.009097930407353618,0.012033533974387852,0.14431313726681047,0.004420182978113533,0.0018172091774852905,0.00517680869454588,0.005350874475332427,0.0006800115418931001,0.12498085785670969,0.024030690534046495,-0.022394576763096603,0.12701684828145132,0.03333333333333335,0.0022214476040803475,0.005858233006784748,EIF3G,1.0,1.0,0.0,1.0,1.0,1.0,1,3,1,0.3046157550487529,0
esm3,EIF3J+ctrl,-0.018522658632051492,0.101439673126481,0.10199550131971886,0.019013717832915795,0.0026817471162600324,0.025653767305114965,0.0034739604840676,0.002333953079338887,0.004078305714712682,-0.0016470918044494316,0.0006221488195782332,0.038428681641489215,0.007476769145355962,0.00801408360359305,-0.03281063057943084,-0.03333333333333335,0.03262267520139459,0.005660156530257014,EIF3J,1.0,1.0,0.0,1.0,1.0,1.0,1,3,1,0.2960572400395116,0
esm3,EIF3M+ctrl,-0.30288115379985,-0.01005993193329032,-0.03639619299338581,-0.019589916407833436,-0.047696009004073864,-0.01072674904505988,-0.007232238849004099,-0.0054095803305541645,-0.014001519719799868,-0.01848277791896243,-0.0013920740069200334,-0.43870654583708535,0.014457250215975362,-0.10528803049805831,-0.39777510814030653,-0.24,-0.04724658024117581,-0.04744765410941091,EIF3M,1.0,1.0,0.0,1.0,1.0,1.0,1,3,1,0.664131624522618,1
esm3,EIF5A+ctrl,0.004725361804275398,0.00024423073670036083,0.0108484108399546,0.008276998833404029,0.01661770221563219,0.1637552682811397,-0.00019334939618903305,4.048224354765336e-05,-4.0655617608760984e-05,0.028876962983568632,-3.235042095183329e-05,0.09479559194215603,0.051622457463634995,0.08785192866869922,0.11414248391419417,9.25185853854297e-18,0.008481121443243755,0.02834864382041939,EIF5A,1.0,1.0,0.0,1.0,0.0,0.0,0,2,0,0.21732101033867016,0
esm3,ELP5+ctrl,-0.04353869207018388,-0.016030477696863426,-0.025463166583023833,-0.004748215954941598,-0.013333482590950333,-0.16679214332486728,-0.0015007797628641348,-0.001032693385416265,-0.002143810725426761,-0.014787735321083037,-0.0002769545147506,-0.13549640241007843,0.0043527089178953355,-0.027471695400083984,-0.06142195387324486,-0.05666666666666665,-0.022835963955046095,-0.016947443667608326,ELP5,1.0,1.0,1.0,1.0,1.0,1.0,1,4,1,0.26928611818610937,0
esm3,EXOC7+ctrl,0.022358096030734066,0.029861912379116784,0.03412916621321364,-0.018589539628616297,0.0014924430050133886,-0.4643969771377028,0.0007869849602381319,9.911659806941901e-05,0.0005932630439839567,-0.001478441336325816,8.564589855573337e-05,0.062078480804406026,0.00549337583354792,0.010314718979413162,0.04343979936725057,0.003333333333333336,-0.04943081811866842,0.0013559976326282068,EXOC7,1.0,1.0,0.0,0.0,1.0,1.0,1,2,0,0.6055215390791784,1
esm3,EXOSC10+ctrl,-0.43352078071999417,-0.0009599573565558517,-0.0047555153332306714,-0.08474034089205047,-0.019465496050124338,-0.09630505065495243,-0.0047209008286396665,-0.002627524992051248,-0.00028317853932713355,-0.017273647253470487,-0.0009215316774013334,-0.4652658700658423,-0.05275416943898403,-0.13691763351538225,-0.07857382724073793,-0.37666666666666665,-0.10541723096003341,-0.01973800192885063,EXOSC10,1.0,1.0,0.0,0.0,1.0,1.0,1,2,0,0.4050002095579269,0
esm3,EXOSC2+ctrl,-0.13975729206979456,-0.02131617905222316,-0.04230706390850636,0.008434206313194423,0.0019711792207454393,-0.00451864198083692,-0.001310548434654867,-0.002663183453281167,-0.0070211855687693685,0.011696878456341708,-0.0005350069841369998,-0.06696559600996066,-0.006255597877128445,-0.013972580418237346,-0.02670719021150462,-0.11666666666666665,0.0018936361262816097,0.008602119093314209,EXOSC2,1.0,1.0,0.0,0.0,1.0,1.0,1,2,0,0.7118852605461615,1
esm3,FAM50A+ctrl,-0.08006735582322792,-0.13247589330615378,-0.1305435936608471,0.005229976248231368,-0.04681149267513057,-0.2881168826382677,-0.0034406483173370014,-0.003617503298098993,-0.011355966402699461,-0.019870549920550623,-0.0008403533914436667,-0.21238359015074235,0.00863489601356826,-0.08311641521690354,-0.1808315754136116,-0.08000000000000002,-0.028142266875667177,-0.04231252347173564,FAM50A,1.0,1.0,0.0,0.0,0.0,0.0,0,1,0,0.24916021351100925,0
esm3,FASTKD5+ctrl,0.08241825356426237,-0.001500051854454824,-0.01292884750781187,-0.00320003759404743,-0.006164216808167071,-0.1322124910799278,0.002340031787753067,0.001544774713227522,0.0021750920792007467,-0.01371810829637767,0.0004322441527619999,0.18645955335474332,-0.014864657566503755,-0.03558262711865042,0.05625179225224299,0.08,0.005156906010485833,-0.011554733079549129,FASTKD5,1.0,1.0,0.0,0.0,1.0,1.0,1,2,0,0.38333396280880566,0
esm3,FCF1+ctrl,-0.32039121210072596,0.0007471121066933151,-0.008689272358412437,-0.02602435123201303,-0.023242525309356294,-0.008895825225882559,-0.0033477966984113336,-0.002530634705745475,-0.002084314580134361,-0.00916615765118147,-0.0007447311266636334,-0.1984542993860603,-0.008099690389741973,-0.0701740728392712,-0.12589538479868514,-0.26666666666666666,-0.03727590162143435,-0.02070652750264268,FCF1,1.0,1.0,0.0,0.0,0.0,0.0,0,1,0,0.5714700992769537,1
esm3,FTSJ3+ctrl,-0.0032776690423372,-0.09410939218889296,-0.09659276087172437,-0.009575016067884448,-0.0014720268757083914,-0.12938095399101116,0.002006662388642668,0.002213088731743603,0.002636117273571159,0.0015011637444677002,0.0005181918386370334,-0.058414034722864,-0.009988449942725889,-0.012875919864684135,-0.06270820978913359,0.02666666666666666,-0.01682913852891421,0.0012554589519615522,FTSJ3,1.0,1.0,0.0,0.0,0.0,0.0,0,1,0,0.34744171967685405,0
esm3,GFER+ctrl,-0.22745263930924084,-0.0683387199999567,-0.07702695025993762,-0.0011458584115720631,-0.003046967367361634,0.12907346274898154,-0.003180980682373035,-0.002488202883398053,-0.006888758987977546,0.012313673951264897,-0.0005929108592681332,-0.41969524676649766,0.03494327295207533,-0.024111231209618184,-0.2544183717789713,-0.19000000000000003,-0.00814576251495743,0.007466744497510021,GFER,1.0,1.0,1.0,0.0,1.0,1.0,1,3,1,0.19088081812579477,0
esm3,GFM1+ctrl,0.23611632899260768,-0.03936527181995897,-0.03363069604294718,-4.6994553078633095e-05,0.004847137588520058,0.046404337673186004,-0.002103799954056734,-0.0011060549779080182,-0.0025675295747012252,0.012748107160392097,-0.00030834398542839994,0.07809443469503143,0.02755470808506551,0.04872112886168952,0.10185495382651057,0.16333333333333333,-0.009915281088587876,0.006270225305641845,GFM1,1.0,1.0,0.0,0.0,0.0,0.0,0,1,0,0.6268323558589625,1
esm3,GNL3+ctrl,-0.025103846366485882,0.0027023415132088613,-0.0004045635087954376,0.005473029425860375,-0.00929220804160639,-0.034503875835909636,-0.00034936144948006603,-0.00023797488096466424,-0.0003340662359287612,-0.004997506362341771,-8.261735395840002e-05,-0.00496065639259291,0.003953464139740996,-0.016574435672009964,0.002513572529102115,-0.013333333333333272,0.001476894250544471,-0.008504086741727868,GNL3,1.0,1.0,1.0,0.0,1.0,1.0,1,3,1,0.6456221858685385,1
esm3,GNL3L+ctrl,0.07298589463206873,0.00975136472666451,0.014061579926227474,0.026545508246608035,-0.0016366415114133503,0.0376560628096568,0.0014643818140030334,0.0009956784872528306,0.0017668281821054215,-0.0062458037574993075,0.0002467162363852,0.10437932751774374,0.0031433235281774405,0.014317138182073808,0.06284941392901916,0.033333333333333326,0.031054095573048595,-0.0021455356368188885,GNL3L,1.0,1.0,0.0,0.0,0.0,0.0,0,1,0,0.5930652611844432,1
esm3,GPKOW+ctrl,0.12856545891482649,0.11910432740352779,0.09754293687069686,0.06417364525897407,0.039246414359690535,0.3139606497329593,0.0009510740637778993,0.0008955502551693714,0.0015971003767626761,0.042503463675466,0.00022355548571796664,0.11202850273871534,0.05448422978979802,0.11549358681139814,0.07046790987828512,0.14333333333333334,0.07782539452297269,0.05564093296257633,GPKOW,1.0,1.0,0.0,1.0,0.0,0.0,0,2,0,0.5390318696463544,1
esm3,GRPEL1+ctrl,0.39163634636457395,0.052436330242829045,0.03152602994379128,0.09571317792871033,0.03721777852179742,0.2830752801201984,0.007578585917751,0.005114567909742814,0.01037356927850519,0.016272270051259696,0.0013017238622221002,0.24106431956835128,0.036184376640034675,0.17491023631582828,0.21830588860033182,0.3,0.14047555604731896,0.04377283748809561,GRPEL1,1.0,1.0,0.0,1.0,1.0,1.0,1,3,1,0.19261461227278462,0
esm3,GTF2E1+ctrl,-0.11116055525026086,-0.06746328489147897,-0.088988011658185,-0.02292880058933826,-0.018801706285407265,-0.19413887091804508,-0.0001922026276587989,-0.0003346510788816426,-0.000492743299360073,-0.02132876665102758,-5.5714316355666634e-05,-0.1745076844584915,-0.014194645736533987,-0.06287277849397876,-0.1459863473105942,-0.08,-0.03671934949205189,-0.031123525432886028,GTF2E1,1.0,1.0,0.0,1.0,1.0,1.0,1,3,1,0.25808895012999383,0
esm3,GTF2E2+ctrl,-0.14639098598498387,-0.06716681635870077,-0.09052714217048025,-0.08081582724656784,-0.03355131811833406,-0.4040109569861629,-0.0006544254720211329,-0.00021870906803848436,-0.00035532506955778437,-0.03902158796960697,-6.148242391646667e-05,-0.25121071721934457,-0.04322501987903556,-0.11924163102313663,-0.2034601036718687,-0.13333333333333333,-0.09628503346276822,-0.04598856894822415,GTF2E2,1.0,1.0,0.0,1.0,1.0,1.0,1,3,1,0.31300364494440297,0
esm3,HAUS5+ctrl,-0.11119720472354507,-0.01569816682160563,-0.01976185288717121,-0.0019237489959409992,0.00323978761374021,0.038212505657531204,0.00019854151954256752,-0.000315901696021433,-0.0010248331290178363,0.006867932401893058,-3.19018339118e-05,-0.10733533932832413,0.028577967442313,0.011556355541938568,-0.06560040519011977,-0.09666666666666668,0.002436172054987538,0.006084130932166643,HAUS5,1.0,1.0,0.0,1.0,1.0,1.0,1,3,1,0.48491939951818785,1
esm3,HEATR1+ctrl,0.0221315557705342,-0.013825097994844623,-0.012990076042958876,0.026175269410763646,0.00799573530953974,0.14225644290209366,0.001306951045990033,1.0781416596790846e-05,-0.0006524810899134111,0.008139729031911338,0.00010586363108210002,0.005756401995807625,0.024330443014426845,0.024074365249421786,-0.0023151717671015723,0.016666666666666607,0.04168831723188441,0.009991523262385912,HEATR1,1.0,1.0,0.0,0.0,0.0,0.0,0,1,0,0.512404816692505,1
esm3,HGS+ctrl,-0.07403998266992906,-0.01114407994620085,-0.019572834360423157,0.006978630833735973,0.008999147795184737,0.08523483813849586,-0.0013239104300737322,-0.0006331595504442955,-0.004514295429486781,0.011821439844030371,-0.00016170441328243324,-0.05367478811684493,-0.000366128048206793,-0.039086843966522844,-0.07197270640497479,-0.05000000000000001,0.019654924064545776,0.006270537199179804,HGS,1.0,1.0,1.0,0.0,1.0,0.0,1,3,1,0.26491280796351085,0
esm3,HIRA+ctrl,-0.0031007888089930047,-0.02416853648004798,-0.004570178047157629,-0.00036348248119873655,0.008610893113945703,0.11102096563875863,-0.002745462581515302,-0.0010751214896070154,-0.003684705475456999,0.018233991358464124,-0.0003100856556557,-0.0502052535486058,0.016327430756930734,0.030009925094243235,-0.03177660789453641,0.006666666666666664,-0.0017647761645975997,0.005667986453142444,HIRA,1.0,1.0,0.0,1.0,1.0,1.0,1,3,1,0.6788419909083688,1
esm3,HNRNPH1+ctrl,0.04798291838168847,-0.00760734363679479,-0.0015350305305758722,0.05339823958196885,0.03297786393872171,0.2294235670679697,0.005107053245107365,0.0025983271369596586,0.0050832819078667395,0.017730514464211977,0.0008350596375142666,0.17893637097170043,0.052575263981341824,0.08961922650406273,0.09377423706979876,0.07000000000000002,0.08882096756539704,0.03463403139720319,HNRNPH1,1.0,1.0,1.0,1.0,1.0,1.0,1,4,1,0.5404250112725081,1
esm3,HNRNPM+ctrl,0.025251162766505703,0.0009692160961689936,0.00026339883523596175,-0.012003201350371659,0.016642674352957392,0.05414007303583914,0.0006753883014122992,4.925607402976132e-05,-0.0018864304998937504,0.020569616186541895,0.00011891021858896665,0.042206156458717135,0.05430743558768606,0.043518114404318485,0.022474199116482674,0.053333333333333344,-0.010680045743734509,0.02528239714194828,HNRNPM,1.0,1.0,0.0,1.0,1.0,1.0,1,3,1,0.3128943602929758,0
esm3,HNRNPU+ctrl,-0.0199928710471393,0.030016949050738612,0.014385695916076996,0.0031849758809010718,-0.00944271715449263,-0.3148489855238164,0.002241851761937133,0.002623251439800689,0.001872815786151542,-0.02329312976046946,0.0006824569621433665,-0.015146252488178235,-0.023787837321978717,-0.06602267155135899,-0.012298027008755305,-0.009999999999999972,-0.0005698470081371328,-0.020685038729178668,HNRNPU,1.0,1.0,1.0,1.0,1.0,1.0,1,4,1,0.2744810627011528,0
esm3,HSCB+ctrl,-0.0719669496180962,-0.004789081421802195,-0.0055716050213754365,0.008792741623691166,0.013122229523094405,0.0813588182377278,0.00022895820438859996,6.498037967761494e-05,-0.00014959287046093875,0.00961021723803592,2.446563060710002e-05,0.012904598902212886,0.009683688558507134,0.022807378110937138,-0.002056980464837155,-0.05999999999999999,0.011242134141699223,0.011621027744190346,HSCB,1.0,1.0,0.0,0.0,0.0,0.0,0,1,0,0.32806798272017845,0
esm3,HSD17B12+ctrl,0.029705147867135673,-0.01612527593705863,-0.015297976152926237,-0.003792892234830999,-0.002372412231588461,0.08477644861255729,0.000492976978421165,9.56169339868899e-05,0.0007831440313134097,-0.0036081659124876653,2.5070738047366578e-05,-0.00829252056340283,-0.0032252618636997576,0.0009928844505049013,0.0015486144545589313,0.006666666666666672,0.003761076050946851,0.005243530969670933,HSD17B12,1.0,1.0,0.0,0.0,0.0,0.0,0,1,0,0.19325995099081583,0
esm3,HSPA8+ctrl,-0.008652058544648214,-0.06357055570229886,-0.06560539885331612,0.003743006349254433,-0.07198224257287335,-0.026961470950015127,-0.010469293842713034,-0.013582905972632342,-0.023214576279939687,-0.01376298837164397,-0.0034553095077475334,-0.06860083299571028,0.004336333524947815,-0.022274429377675098,-0.022850849313930093,-0.013333333333333345,-0.023661126294978057,-0.05216440637347756,HSPA8,1.0,1.0,1.0,1.0,1.0,1.0,1,4,1,0.8345682910957747,1
esm3,HSPE1+ctrl,0.014196071702308688,0.018656200104127014,0.009463800159297745,0.05362486377041148,0.08840852302585149,0.3585706362434105,-0.0008810944855213327,0.00038435125031592116,-0.0027194143576095473,0.04501402638986244,9.731505997479988e-05,0.05865505750603248,0.05001220012233354,0.17803979287680882,0.06511933886558584,0.013333333333333345,0.04429076066949178,0.08520983827933537,HSPE1,1.0,1.0,1.0,0.0,0.0,0.0,0,2,0,0.17045447271958392,0
esm3,IGBP1+ctrl,0.10017444467558172,0.05201488442203731,0.03671292023220751,0.004787492069619213,0.011818949247406072,0.11949573895398065,0.001847707356015833,0.000949415712794018,0.003308618820344685,0.00638460215736264,0.0002504049334675,0.23845131846612158,0.0042674494369950855,0.04869812476509905,0.1984162196330451,0.09000000000000001,0.011503934044667893,0.015142261071655172,IGBP1,1.0,1.0,0.0,1.0,1.0,1.0,1,3,1,0.22693208355801625,0
esm3,ISCU+ctrl,-0.04324904904592288,-0.03797623275861606,-0.03179268576813824,0.00438208907601223,-0.005811596844899587,-0.05218073444620367,0.00013754765192666718,0.000197761498576976,-0.0016701426658567813,-0.0008052860366174382,6.934550280366664e-06,0.013059582965684657,0.002088258289338859,-0.010969503927478383,0.012398632177643101,-0.03333333333333333,-0.0023223329866851974,-0.004636843980690235,ISCU,1.0,1.0,1.0,1.0,1.0,1.0,1,4,1,0.19037325196316937,0
esm3,KRI1+ctrl,0.016570017396020365,0.008237726418575972,-0.001628837923672984,0.026033467504641417,-0.017872340510047564,-0.05272503487995487,0.0006346069276333006,0.0008351214786283719,0.0021078953319548046,-0.00876596648183293,9.203818626699995e-05,-0.0375757283278892,0.0035793086840480623,-0.014085552173346802,-0.012599408051633704,9.25185853854297e-18,0.021786661050292828,-0.014221994792585827,KRI1,1.0,1.0,0.0,0.0,0.0,0.0,0,1,0,0.5176944361201087,1
esm3,LSM4+ctrl,-0.07908546855607956,0.07975658256130429,0.05096737071181956,-0.0007273464665861115,0.028527467209559416,0.10289658618824198,-0.0007621428618828663,-0.0007675469601411041,0.0006754128910280155,0.026190581820223102,-0.0002245097421109333,-0.03180503632559443,0.02863681090621802,0.09321721745647309,-0.0038562567145443705,-0.06999999999999995,-0.0012906808167809276,0.04586624984193025,LSM4,1.0,1.0,0.0,1.0,1.0,1.0,1,3,1,0.7870338738934104,1
esm3,MAGOH+ctrl,0.027437857621474725,0.05127577484508802,0.036310981087185334,-0.004074557295882371,-0.002105618541557025,-0.08234588832537836,0.0007526843498150681,0.001346936627147836,0.003565094126603774,-0.008202413999989869,0.00024651763184616667,0.0461215461937771,-0.008930767766395417,-0.020252816582135253,0.017290775338146897,0.006666666666666654,-0.004140019670617519,-0.009856553306961002,MAGOH,1.0,1.0,0.0,1.0,1.0,1.0,1,3,1,0.2756515358576982,0
esm3,MCM10+ctrl,0.11156402637488427,0.03479669076115732,0.030692654095505218,0.028158285067759203,0.02477087828478484,0.15278820425665893,0.0018516071140765981,0.0013096676670307412,0.0035761721032368707,0.011797677873467463,0.00032437782889856663,0.09190589313812984,0.014860976081858804,0.08061618733717783,0.0814734487806233,0.07000000000000002,0.04740822772406863,0.027439543845838354,MCM10,1.0,1.0,1.0,1.0,0.0,0.0,0,3,1,0.3260343523367522,0
esm3,MCM3AP+ctrl,0.05195903277748418,-0.0035423742643574028,-0.0028679970870552816,0.00495405478506894,0.00518373616794567,-0.058284586711716026,0.0012942086905240655,0.0007840522984733367,0.0016107727282084945,0.005857890967238831,0.00022160549027226665,0.11275930729982513,-0.011756129297251117,0.009463020744938247,0.06296611336095208,0.07333333333333332,0.0019670894799490948,0.009632461108036025,MCM3AP,1.0,1.0,1.0,1.0,1.0,1.0,1,4,1,0.4265587920768491,1
esm3,MDN1+ctrl,-0.09886488448415187,-0.047919154677114974,-0.0643379428307072,0.012474277780765375,-0.00419182409543839,-0.00441420947781046,-0.0005516614764929003,-0.00015308151339310516,-0.001400384280015432,-0.004524535901326139,-3.709186178943338e-05,-0.07227605994534697,0.01755449411123559,-0.017281518086160335,-0.08148447421019818,-0.09666666666666672,0.01401550392074439,-0.0026936170413533653,MDN1,1.0,1.0,0.0,1.0,1.0,1.0,1,3,1,0.29489711930746704,0
esm3,MED20+ctrl,-0.21224106007982238,0.01494978892162587,0.020389997334269012,-0.09175729095296793,-0.044554709277674964,-0.35721800983463803,0.00019676610827446794,0.0011966874738507844,-0.0011006571724254306,-0.040864874483501706,0.00020747689995913332,-0.0964976437129607,-0.06228063134326759,-0.13840831404046272,-0.0956204969921645,-0.10999999999999995,-0.09954956584036571,-0.05066317050744088,MED20,1.0,1.0,0.0,1.0,1.0,1.0,1,3,1,0.24094523738303747,0
esm3,MED26+ctrl,0.039122527380714624,0.08311361531858931,0.05710367664122673,0.12746021338102553,0.05643087094502364,0.10911529552414882,0.02656169608235363,0.022390601466576527,0.043020388338576944,-0.01745990291429772,0.0058975587793005,0.01841902926452658,0.03780468192916253,0.008265822456225091,0.016294759459932157,0.04999999999999999,0.22095235779010858,0.0375501811338137,MED26,1.0,1.0,0.0,1.0,1.0,1.0,1,3,1,0.3466594499169088,0
esm3,MED31+ctrl,0.008474959407456665,0.06591675808061027,0.06447356829302436,0.14171382528323548,0.035185446025198484,0.17692016568125105,0.019157995780309033,0.01946344143771191,0.031311997809154724,-0.003191242650299825,0.004926810506731234,0.03441984142829657,0.0186863403957724,0.04738967900965926,0.017483092515229948,0.006666666666666691,0.21737722928771533,0.022089035762447844,MED31,1.0,1.0,0.0,1.0,1.0,1.0,1,3,1,0.24485061166143257,0
esm3,MED8+ctrl,0.07891170997196013,0.017308885159157444,0.012274797699923456,0.006554939346242433,-0.003620637178035513,-0.02091511393175899,0.0010390970855951344,0.0008679744234347068,0.002162784854511416,-0.004518805099199293,0.0002016505847374667,0.03505694376220011,0.00964980873777995,-0.011609447950663468,0.03283267784258551,0.0733333333333334,0.00823928135135634,-0.002685909566542429,MED8,1.0,1.0,0.0,1.0,1.0,1.0,1,3,1,0.39191157602474547,0
esm3,MFAP1+ctrl,-0.035162899398051305,-0.08860657927648614,-0.08338544196177004,0.00807407195563914,0.0013592740046616352,0.07513450591698938,-0.003535965457558597,-0.0011436479240378716,-0.005188571767329009,0.010728154643845264,-0.0004815952852368335,-0.05239055338510098,-0.02841739842399345,0.020190715376231922,-0.058977199443032056,-0.013333333333333364,0.007768006335137616,0.012943977971285658,MFAP1,1.0,1.0,1.0,0.0,1.0,1.0,1,3,1,0.45084885936067004,1
esm3,MRPL18+ctrl,0.1498887223158349,0.010971122417136825,0.009349234265138543,0.0021164947060697734,-0.006414223956397208,-0.0911267255460982,0.001624136542280567,0.000650299560959818,0.0022790805153678115,-0.009059246635481707,0.00017355718106653337,0.20417702433266052,-0.011508983265671882,0.007692842728561818,0.16428811569066495,0.08333333333333336,0.0015361389507403678,-0.008891466778394549,MRPL18,1.0,1.0,0.0,0.0,1.0,1.0,1,2,0,0.3823933350066144,0
esm3,MRPL3+ctrl,-0.026597264479983767,-0.026744335355668964,-0.010746872617178993,-0.0006250696020239921,0.01306572558888607,0.14620042138277786,-0.0006886599585413667,-0.0006231463457416764,-0.0015809549514154881,0.02156548610771583,-0.00014181027654556666,-0.042470379744024934,0.02943918474754718,0.06829934758204788,0.0021678847836132755,-0.003333333333333336,0.00883410104587784,0.022517600675813248,MRPL3,1.0,1.0,0.0,0.0,1.0,1.0,1,2,0,0.41297443721195454,1
esm3,MRPL32+ctrl,0.0023388697207963696,-0.005455641537613983,-0.0010098131730410704,0.000335298523883365,0.0025338357764497776,-0.05065176381409555,-0.0004300593088071003,-0.00021131917452243965,-0.0008766010270731724,0.00396270201846996,-5.220033926890002e-05,0.004154588066868341,0.01061020498015619,0.016023062777887637,0.006139408406128033,-0.013333333333333345,-0.0017984885779261754,0.005430951341379275,MRPL32,1.0,1.0,0.0,0.0,1.0,1.0,1,2,0,0.19261764454378918,0
esm3,MRPL38+ctrl,0.06288093052458034,-2.1978534283280855e-05,0.005808721779601307,0.03948183899037303,0.015421425290951937,0.262189566156484,0.0010071794191996327,-0.00012993932119727733,-0.0003576054461284321,0.014552238620613759,1.8385665801700008e-05,0.0057643504436247035,0.04072287972357839,0.05536138181087502,0.01698622425459706,0.07333333333333335,0.06277939425416816,0.015525243019556082,MRPL38,1.0,1.0,0.0,0.0,1.0,1.0,1,2,0,0.24988272554631724,0
esm3,MRPL4+ctrl,0.09615167776518792,-0.006175762119135064,-0.007532313806650944,-4.912393908093615e-05,-0.006193953844868816,-0.006175325938923911,-0.0022938959300518335,-0.0010961953029095712,-0.0010966268434742983,-0.000938338137024162,-0.0003251983628918667,0.088914891070325,0.008238840819330129,0.020962031838131463,0.06977764864893589,0.07333333333333333,-0.01550082286655067,-0.017487860201337562,MRPL4,1.0,1.0,0.0,0.0,1.0,1.0,1,2,0,0.42037965382714365,1
esm3,MRPL49+ctrl,-0.11837027126203163,0.004686960378304812,0.011355184859167422,0.014419860030035925,0.00821069474845737,0.1951057288909218,0.0013419377307097326,0.0007072776056632849,-0.0009541582061271722,0.0030597508514003113,0.0003330302424728665,-0.002034452716485132,0.018643249676019418,0.029051654880310696,-0.026795115871816433,-0.13,0.026758080863075535,0.004162128783498605,MRPL49,1.0,1.0,1.0,0.0,1.0,1.0,1,3,1,0.4386315548878312,1
esm3,MRPL50+ctrl,-0.04616141648669601,0.0015633846999731915,0.0038426767846275003,0.026491914206306467,0.00592765544701095,0.12874791582978906,0.00022292137145996557,-0.0001478100408304576,-0.00037225726289461897,0.015935051651613862,-2.1307147108033323e-05,-0.05128683217431947,0.023668247683129695,0.024549964578125232,-0.015318396013134486,-0.05999999999999998,0.03394243404503603,0.011047326373234098,MRPL50,1.0,1.0,0.0,0.0,1.0,1.0,1,2,0,0.28649695647188517,0
esm3,MRPL54+ctrl,0.043242731018493415,-0.00036595348962372337,0.005679131244757422,0.0050165811109788945,0.0005997466834530008,0.006578765295938853,3.462036450699313e-06,-8.867255671892356e-05,-0.00025828703433779704,0.008073413255921471,-9.304436389366645e-06,0.01572608683342532,0.018330417415833893,0.01575336346272027,0.013785261747310687,-0.006666666666666654,0.009659940022100633,0.008355277168384653,MRPL54,1.0,1.0,0.0,0.0,1.0,1.0,1,2,0,0.45632056720647746,1
esm3,MRPS11+ctrl,-0.25511499193052267,-0.019444751637317254,-0.013965650658935366,-0.005708073407545265,0.0007159609475552534,0.07725491492159188,-0.0020566533009211004,-0.001244378994504321,-0.004100758452549498,0.013432192175666194,-0.0002948803982387,-0.179842958163655,0.03889782245754062,0.025246724571900397,-0.10621086172621823,-0.20666666666666667,-0.003605062630050032,0.008343464441360101,MRPS11,1.0,1.0,0.0,0.0,1.0,1.0,1,2,0,0.34861809487498874,0
esm3,MRPS14+ctrl,-0.2678874295752757,-0.02293643235368592,-0.02103831799591401,-0.0036677499182251236,0.00126763679835105,0.22869607212419737,-0.001996053382754334,-0.0032123010041664366,-0.005786957656778872,0.009934169208119273,-0.0007835320041825332,-0.35928036091254656,0.022020686528392102,-0.011939737092994932,-0.15996980690738535,-0.23333333333333336,-5.6667303520459754e-05,0.010714828575206004,MRPS14,1.0,1.0,0.0,0.0,1.0,1.0,1,2,0,0.3098167488588997,0
esm3,MRPS18A+ctrl,-0.08058185853070736,0.0011404117369069322,-0.0016680426982347656,0.004888292360151998,0.001616798455007747,0.10767284392403108,-0.0003028164307276327,-0.00013490568952593632,-0.0009372222376927327,0.006907356637088163,-3.0110842393066728e-05,-0.025326867134696895,0.006961906177144132,0.01568439946934186,-0.01570328787721126,-0.06333333333333331,0.009276533646952606,0.005959149675743847,MRPS18A,1.0,1.0,0.0,0.0,1.0,1.0,1,2,0,0.27432657940443206,0
esm3,MRPS24+ctrl,-0.026295995776061065,0.0013813755296587054,-0.003005410768241771,-0.01111557119997128,-0.004778047292752136,-0.06997895873273657,-0.0008334008355935334,-0.00011011935411150049,-0.0007567157582959819,-0.005388690322635513,-5.63492455209e-05,-0.003307502349468916,-0.010377327522469263,-0.013101698010276904,-0.0002823469570211086,-0.03000000000000001,-0.011679566119551519,-0.008023549308244707,MRPS24,1.0,1.0,1.0,0.0,1.0,1.0,1,3,1,0.20944732822544496,0
esm3,MRPS26+ctrl,0.053422287449450954,-0.006622523421747961,-0.00833963865803189,0.006975504069676573,0.003723533090030836,0.10463488876028099,-0.0005336049944161999,-0.000563268266811264,-0.0009968061522577232,0.007375687548129654,-0.00013576242296646667,0.011774316085832367,0.0251245851179764,0.03215339128366901,0.013863817950949533,0.043333333333333335,0.010626918695274296,0.0077334927604910675,MRPS26,1.0,1.0,0.0,0.0,1.0,1.0,1,2,0,0.4646844604098582,1
esm3,MRPS27+ctrl,-0.06875841542821126,0.005975995327995087,0.010058691547991069,0.006042254496767457,0.005095310762125808,0.08741737934269452,-0.0006051522990068008,-0.0009403706508620177,-0.0010230424574697954,0.0115003597868046,-0.00020364528366673338,-0.13488382610150662,0.019861077577858377,0.02277807760369181,-0.06254712568256927,-0.04,0.016957062416341002,0.014349462618336917,MRPS27,1.0,1.0,0.0,0.0,1.0,1.0,1,2,0,0.5149034379386356,1
esm3,MTPAP+ctrl,-0.0625590088224532,0.00024177592139092616,0.0013597372581498994,0.014031018974236734,-0.0009154073996566573,-0.06911109647020257,0.0022544320672750993,-0.0007736859763413095,0.003982887167459277,0.001973280272641061,-0.0001129972127576669,-0.10070496272765356,0.012182558903732729,0.013327026058192212,0.10410583027996982,-0.03666666666666665,0.010483806805039056,0.002704767855674639,MTPAP,1.0,1.0,0.0,0.0,0.0,0.0,0,1,0,0.6037724452138512,1
esm3,MZT1+ctrl,-0.004849376850545327,-0.010653294809701489,-0.01487349664896124,-0.003762943522404675,0.00028632717968576915,-0.032758381620912276,0.0024748646343747994,0.00020851363973610018,0.00063190787317328,0.0016369048274212927,0.0001188448125807,-0.09156765671183564,0.028074768566444492,-0.002292779586691126,-0.010674681050846234,-0.003333333333333336,-0.003765395343958302,-0.005848971128728879,MZT1,1.0,1.0,0.0,0.0,0.0,0.0,0,1,0,0.2536214392719283,0
esm3,NAA15+ctrl,0.035836217452983606,-0.022796389886572028,-0.010030374436336512,0.016514813169447428,0.006644501185312401,0.22873190230740825,1.6743317246467142e-05,-0.0003197404080444999,0.0007494629419785662,0.006036646201618645,-7.667326523609999e-05,-0.006914518830430705,0.011366733235895987,0.012164318737576063,0.02506715150508483,0.05333333333333332,0.023717107662085696,0.007532211498107307,NAA15,1.0,1.0,0.0,1.0,1.0,1.0,1,3,1,0.5425003193229043,1
esm3,NARS+ctrl,0.20424317460446761,0.036215383290977655,0.013019248643523515,0.031676481186084716,0.04102375450669219,0.20885571859065669,0.004365955789883935,0.0036224908942216194,0.005531766597652051,0.02183983682451508,0.0009624013522019,0.1686444089841316,0.03201473688812084,0.10371757971317992,0.1395223083882096,0.13666666666666666,0.05265435701662959,0.03742789419054848,NARS,1.0,0.0,1.0,0.0,0.0,0.0,0,1,0,0.5998231806649107,1
esm3,NBAS+ctrl,0.09530665491712877,0.01424753625847656,0.025694204368919966,0.058245857270551295,0.015650219444454733,0.23707683508288482,0.0020161376645167657,0.000491375435828408,0.001507670331826268,0.0136972954301266,0.00017420316968733336,0.22422574072063828,0.05721553793979517,0.08076213086888573,0.1507555824711916,0.09333333333333334,0.07101454326733557,0.02509512781249394,NBAS,1.0,1.0,0.0,0.0,1.0,1.0,1,2,0,0.6721823327012071,1
esm3,NCAPH+ctrl,0.029924908522129107,0.011436650053107603,0.006307413968038318,0.002754972165121226,0.014432787128293748,-0.0044397019030644564,0.0011468163381019997,0.0010282687482607116,0.00235584102987918,0.00927366039595931,0.0002610094767684667,0.14659498616209435,-0.004282080273058801,0.02829967741402528,0.08022563827221638,0.06,0.00624042111014204,0.019631128088163474,NCAPH,1.0,1.0,0.0,0.0,1.0,1.0,1,2,0,0.5645618565088076,1
esm3,NDC80+ctrl,0.28947099773336643,0.08731348149448674,0.06221751730871757,0.06995104489690963,0.0348576594452096,0.4275472415706516,0.0049276792754729334,0.0013293525977057241,0.005457590417775937,0.024088930856499102,0.0005504402021566666,0.3306853001710321,0.034658648095655886,0.14748389266695452,0.2497210983047252,0.22,0.12465782898083051,0.05456754320416165,NDC80,1.0,1.0,1.0,1.0,1.0,1.0,1,4,1,0.5366250783763342,1
esm3,NDUFA8+ctrl,-0.03858223724157198,-0.005074938195926064,-0.003990913875042856,0.006487963248892438,0.007407530368794564,0.01980141450466416,-0.0005175191909074991,-0.00042928996234499933,-0.0017173147169631253,0.006377861863540927,-8.079603624840002e-05,-0.050901041699812334,0.029147609655272633,0.0351187374819543,-0.04416297379936113,-0.05333333333333334,0.005650383173997575,0.0025221052064798855,NDUFA8,1.0,1.0,0.0,0.0,1.0,1.0,1,2,0,0.24666935548962787,0
esm3,NEDD1+ctrl,-0.047905024456850714,-0.06724636958436599,-0.056777014236199075,0.005360697349434007,0.012255980597497626,-0.005837019060523992,-0.00042765649656453217,-0.0007866736586356801,-0.0011262358854374395,0.016091945916959966,-0.00014114492417623335,-0.07373120974770149,0.039361002660984225,0.03235087421740671,-0.048980127798683847,-0.03,0.0014167244733847006,0.016869246673516563,NEDD1,1.0,1.0,0.0,1.0,0.0,0.0,0,2,0,0.4811699786249136,1
esm3,NELFA+ctrl,0.0612922772671175,0.03569879472563261,0.010939212380093969,0.015026481844446752,-0.029145685274669708,-0.1717192563461134,0.0016282033175230328,0.00041118601856153053,0.0010316401616919935,-0.02263054814194308,0.0001326815690845666,-0.11699166983025833,-0.013328603236386849,-0.10558881195151996,-0.0848334958626395,0.06000000000000002,0.022676729182686966,-0.031053945773221885,NELFA,1.0,1.0,0.0,1.0,1.0,1.0,1,3,1,0.3766572670241666,0
esm3,NFRKB+ctrl,-0.10209796544331999,0.014887753318522176,0.019566692154522464,-0.04145734663413447,-0.014504309488851322,-0.2097590005915723,-0.0020546478529771006,-0.000970725600648111,-0.001997941352147148,-0.015622051516211674,-0.00028410889596366663,-0.2685278536966218,-0.04075665889115517,-0.057926777986690915,-0.10337912249395531,-0.07000000000000002,-0.06172561682524002,-0.014718246762690734,NFRKB,1.0,1.0,0.0,1.0,1.0,1.0,1,3,1,0.3930709025295937,0
esm3,NOL6+ctrl,-0.1969781702215884,-0.03557400595183624,-0.038452983406906616,-0.08323798982330269,-0.022445706183837105,-0.20118975920640328,-0.007839251930514966,-0.003842166973805979,-0.005981116783912777,-0.011388773869877281,-0.0011542232629533,-0.09349589795799344,-0.04094651284472972,-0.12557895954095177,-0.1147044951726841,-0.1566666666666667,-0.10774276806778975,-0.02120426148282876,NOL6,1.0,1.0,0.0,0.0,0.0,0.0,0,1,0,0.46913698901924206,1
esm3,NOP10+ctrl,0.03634997990338649,-0.003925248638136443,-0.005336822982748772,-0.026244355192164392,0.0018804861790155762,-0.004915602057191326,-0.0002729135255019344,-0.00020643026211434692,-0.00025970736217569473,0.003896408127157793,-1.5220177980766625e-05,0.022599028553244953,-0.01613993769522463,0.006401723086997084,0.03239261620759215,0.0,-0.021118625403880358,0.0010760922802989237,NOP10,1.0,1.0,0.0,0.0,1.0,1.0,1,2,0,0.21523627459549166,0
esm3,NRBP1+ctrl,0.038107030550390636,0.00663174653321974,0.005304851277876351,0.022567832887259432,-0.0016619703703869189,-0.036365438294866936,0.0021384942034880666,0.0022491765313745007,0.004577382911131966,-0.004425533296606637,0.0005154873554905332,0.016737955279589194,0.014919702260014786,-0.018554719399233106,0.003371409834294995,0.05666666666666668,0.028032046628788942,-0.005883733076769741,NRBP1,1.0,1.0,0.0,0.0,0.0,0.0,0,1,0,0.39456094140037035,0
esm3,NSA2+ctrl,-0.11491365591762896,0.00027207883737860133,0.0022709230143785897,-0.019022170966219956,0.0019576922087772473,-0.02510453988887018,-0.0013148585955302002,-0.0008029124564860046,-0.0012615536747660656,-0.00018280993050527142,-0.0002850203891285,-0.10803687753040721,0.006519746617029772,-0.005319147198174427,-0.061915255826847114,-0.09333333333333332,-0.027640977711926334,0.004172052623049279,NSA2,1.0,1.0,0.0,0.0,0.0,0.0,0,1,0,0.248515610657371,0
esm3,NUBP1+ctrl,-0.08116090040791353,-0.023687819727499077,-0.03035141125149665,-0.0023195668858822702,-0.0028480902285826317,-0.020076003581577222,0.0008487987021604989,0.0005062338668867886,0.0007030516194858061,-0.009617288876195238,0.0001286535407416333,-0.09897244104451373,-0.008260041438122276,-0.030856651623653808,-0.059052025614090765,-0.06999999999999999,0.00303796150548589,-0.006431784825776517,NUBP1,1.0,1.0,0.0,0.0,1.0,1.0,1,2,0,0.2713715614389949,0
esm3,NUDC+ctrl,-0.029717835115613867,0.01955584507413168,0.02710694522145755,0.000843619337533528,0.011656733143574516,0.13526241419561966,-0.0020762793719768676,-0.0014430922171734621,-0.0017719538788993905,0.01645296679468893,-0.0003649122081697,0.004837023366295694,0.018451558722362038,0.04171363586708232,0.029300066417621794,0.006666666666666654,-0.010671497724381066,0.012357350108276802,NUDC,1.0,1.0,0.0,1.0,1.0,1.0,1,3,1,0.8414881547158479,1
esm3,NUP54+ctrl,0.232703702431119,-0.01692498803461917,-0.001125733437403446,0.008465027857016897,0.02844715884741102,0.1612815453933758,0.0022316475709279345,0.0019607735200794694,0.005455605762045512,0.019094980863422067,0.0004044432813922667,0.13624491878829773,0.03917732161491453,0.10919174708047086,0.13171072097652195,0.16666666666666666,0.013275683870762325,0.0316888524714087,NUP54,1.0,1.0,0.0,0.0,1.0,1.0,1,2,0,0.6072345394642318,1
esm3,NUTF2+ctrl,-0.07469630863442268,-0.018953454697430927,-0.03841354642350089,-0.005333348734650652,0.0056536919886105985,0.02743812449051027,-0.0023056715726852,-0.002263113553576779,-0.009658346323059064,0.022564100176671875,-0.0006009875796735334,-0.1326284831718494,0.017843303676357076,0.012287002220924678,-0.1390015482794257,-0.06333333333333334,-0.023329297498109025,0.01359270058386334,NUTF2,1.0,1.0,1.0,1.0,0.0,0.0,0,3,1,0.182500108142927,0
esm3,OGFOD1+ctrl,-0.07176182771012227,-0.03132557908895015,-0.04453131818897075,-0.011619805736541996,-0.03452042354010704,-0.041834131030362286,-0.0028062351047992325,-0.0016729142423168215,-0.0006436722581601625,-0.023028733758059434,-0.0006117126904428001,-0.09540221728618332,-0.026005097909182078,-0.04610615551165206,-0.05680219338061263,-0.05333333333333332,-0.017106227156373832,-0.03256267678347439,OGFOD1,1.0,1.0,0.0,0.0,0.0,0.0,0,1,0,0.2013665529745279,0
esm3,OPA1+ctrl,0.09626721855862637,0.050588343879740795,0.04866820997234398,-0.0009700021796136641,-0.019739143252468266,-0.10515437594019438,0.004623169079422933,0.0036671705553364222,0.008313081711320317,-0.02993545520987147,0.0008810818350563667,0.09396001457421299,-0.036146897205249585,-0.043551178405299984,0.03545112516378119,0.10333333333333332,0.027308559270430837,-0.030678437897512012,OPA1,1.0,1.0,0.0,0.0,1.0,1.0,1,2,0,0.3461184620083676,0
esm3,ORC5+ctrl,-0.0654228950318483,0.02596945544183517,0.02532477466313075,0.029361996110450234,0.008217267319489538,0.06405594049396202,0.0001299418509006315,-0.00025799920433559426,-0.0004948543160591493,0.008352432129740591,-6.688962457696667e-05,-0.09003058303022733,0.023923583706846736,0.016625232223678694,-0.013298160992519311,-0.05333333333333334,0.022913332578798,0.01237384733022843,ORC5,1.0,1.0,0.0,0.0,1.0,1.0,1,2,0,0.28873145928018085,0
esm3,OXA1L+ctrl,-0.0017414970273888868,0.001104934987457562,-0.002162987785882864,0.005935755854513697,0.004330911738095161,0.0558955233254681,8.270454903443307e-05,-0.00015604833482618652,0.0007050492840498709,0.0058349615506989305,-3.3363505887533374e-05,0.010771759428702732,0.01711943065828107,0.005064579334592922,0.00427578118065806,0.0033333333333332806,0.009937305578534885,0.006582370286319694,OXA1L,1.0,1.0,0.0,0.0,0.0,0.0,0,1,0,0.3096906849944455,0
esm3,PAM16+ctrl,-0.05945443424188238,-0.0038581872258688734,-0.0028095032602169314,-0.013305912857732713,-0.0010900999394611866,-0.00022089869929346287,-0.0009422103563944314,-0.0009014970250241042,-0.0014399904489262132,0.0020843377371871086,-0.00020884897094216679,-0.022101573644925526,0.004668205599663559,-0.03157638442798727,-0.015439837695291225,-0.04999999999999997,-0.015403408178798752,-0.002250070663701272,PAM16,1.0,1.0,0.0,0.0,1.0,1.0,1,2,0,0.6104597216725507,1
esm3,PCF11+ctrl,0.0027769820799761016,-0.04830882465691596,-0.024142307041474204,-0.026121191749166172,-0.014604008172691632,-0.11862020281907189,-0.0014854532976945657,-0.001230913142893253,-0.002529606293243799,-0.009772715061636164,-0.0003765386063605667,-0.11248717318929739,-0.004430391166580098,-0.05432141185238674,-0.06486087117009136,0.00999999999999999,-0.042953345149315154,-0.02383100173104476,PCF11,1.0,1.0,0.0,1.0,1.0,1.0,1,3,1,0.29365857001091883,0
esm3,PDCD2+ctrl,-0.023913942710723866,0.002921624253376646,0.004250640967707294,0.01798792897454469,0.0026301177613041924,0.1493110888109491,0.00022794989248116695,0.00021984170827660243,9.059341163109025e-05,0.0011600614337748765,0.0001015263454367668,-0.0029440364101120317,-0.0006167413133486196,0.024923646634235814,-0.038211638906675,-0.033333333333333326,0.025830080086391132,0.0030675909029291106,PDCD2,1.0,1.0,0.0,0.0,1.0,1.0,1,2,0,0.23858657700463945,0
esm3,PET117+ctrl,-0.01313268738264097,0.013982570912348188,0.04464015207657648,0.012273148963054278,0.014306879824290372,0.10692411422029413,-0.0011852203557889001,-0.0013799556739365244,-0.0028958155083788073,0.018202168510882966,-0.00023050765351703326,-0.04504407184287194,0.03481604555963628,0.04089413931704766,-0.057695364871752995,-0.010000000000000004,0.006064316793050408,0.021397467210504024,PET117,1.0,1.0,0.0,0.0,1.0,1.0,1,2,0,0.23482859540575993,0
esm3,PGPEP1+ctrl,-0.025956668510183235,-0.056300589776085465,-0.062128348573256886,0.010091297908560781,0.004971876330777725,0.0748089419746603,-0.0007748454809189004,-0.00040796576884871705,-0.0007401333020224202,0.007917487741266846,-0.00013410924778626656,-0.05348449639083042,0.0017838016396375018,0.006044087588470008,-0.03934878084104219,-0.03,0.006834874837429321,0.005899290215947446,PGPEP1,1.0,1.0,0.0,0.0,0.0,0.0,0,1,0,0.19633411725507985,0
esm3,PHF5A+ctrl,-0.2259896795390092,-0.13707958112643018,-0.13738205147931637,-0.004347853953263203,-0.08905780859126589,-0.13289574454449343,-0.009847922871510166,-0.011349444515938556,-0.022749061654534757,-0.01782578849096646,-0.0027447679700951335,-0.7084531283273817,0.03354626424867346,-0.21120534243122938,-0.4890809167341253,-0.20666666666666667,-0.035218149220604365,-0.08011608862927344,PHF5A,1.0,1.0,1.0,1.0,1.0,1.0,1,4,1,0.40067550541545843,0
esm3,PIAS4+ctrl,-0.07375093511922945,-0.018097081505625945,-0.024524425707093678,-0.01373585799958387,-0.01241451839651773,-0.023266241092426292,-0.0015172300239404332,-0.000305568585427,-0.0015153416523735475,-0.004407777843268956,-0.00019157763260103326,-0.1484774061229762,-0.02704836397215349,-0.04186569858338048,-0.10594921948810199,-0.05666666666666665,-0.018785103319456892,-0.011451985498669548,PIAS4,1.0,1.0,1.0,1.0,0.0,0.0,0,3,1,0.29473499487295646,0
esm3,POLA1+ctrl,0.002626500592995814,0.016081350674011397,0.015086298888711084,-0.023077448886177538,-0.004529350328073538,-0.1588228594349834,0.0035946325709422327,0.0022906828813733884,0.0037156567646457286,-0.022493112971762912,0.0005425238050519999,0.019256531680819828,-0.05010338812676148,-0.06833152790738202,7.087577908796809e-05,-0.009999999999999972,-0.023644506007733063,-0.015267740497773278,POLA1,1.0,1.0,1.0,1.0,1.0,1.0,1,4,1,0.5191450699456405,1
esm3,POLD2+ctrl,-0.08953901243290385,-0.045728831593244756,-0.03382800324805957,0.019455036122176427,0.013743961079460234,0.16037392519796972,-0.0028380006551742333,-0.001100155400517111,-0.0038081368647505665,0.025781139560740907,-0.0003323949058540334,-0.06718411547851218,0.02230192086200807,0.07560003831155489,-0.07237107785785418,-0.03999999999999996,0.019061852198194073,0.02397719111568808,POLD2,1.0,1.0,1.0,1.0,1.0,1.0,1,4,1,0.66582718730439,1
esm3,POLE+ctrl,-0.0069428478774477735,0.030767000421042967,0.021726146909721005,0.0010220159937918694,0.003445707361910244,-0.06458008175642958,0.0014256164431572331,0.00014697806974295347,0.0007490158055433183,0.008769696586289344,0.00011102975501366672,0.02016786085803927,0.014827567350252776,0.018774228489029692,0.019574599040012835,0.00666666666666671,-0.008939854758479138,0.004190093525630971,POLE,1.0,1.0,0.0,1.0,1.0,1.0,1,3,1,0.5168363531937439,1
esm3,POLR1E+ctrl,-0.06685247716984762,0.001985188593791006,0.004655535096252976,0.014640092501948013,0.009306647093105034,-0.005396819726973895,0.0016751335933804662,0.0009261880496916156,0.0015750745590350501,0.011970735433137702,0.00020808588791013335,-0.04563464674923098,0.019544392477502354,0.026142286331971427,-0.04296791863745356,-0.06333333333333328,0.018164880842823555,0.012243330384059115,POLR1E,1.0,1.0,1.0,1.0,1.0,1.0,1,4,1,0.38888077882314764,0
esm3,POLR2E+ctrl,0.006506780746959651,-0.003910975809525781,-0.004012832430939454,0.09271155724737672,0.0716951300938301,0.10727438954166772,0.015862585976719867,0.012236007031507031,0.020908124501389496,0.02336450913205243,0.0030428952304646668,-0.019390508445693306,0.01040680568141524,0.07219413915713717,-0.028137128390019066,3.700743415417188e-17,0.1356785020224716,0.07290962634712465,POLR2E,1.0,1.0,0.0,1.0,1.0,1.0,1,3,1,0.1804290856156837,0
esm3,POLR2F+ctrl,-0.27649470458807746,-0.07665008380024003,-0.07313137778767416,-0.06721177200266142,-0.0323875711440574,-0.36651127350522134,-0.0030008163303136665,-0.0008150096464278889,-0.00843907839340837,-0.03333441664055727,-0.00021922227460896668,-0.21012218590302023,-0.06809474032164135,-0.11387092674493082,-0.2651856652134305,-0.19333333333333336,-0.1053808542461101,-0.03830014964157028,POLR2F,1.0,1.0,1.0,1.0,1.0,1.0,1,4,1,0.18886517813918152,0
esm3,POLR3B+ctrl,-0.010786991451895747,0.015541401672483449,0.036932966475844486,0.01452695090469297,-0.003249041622011913,0.25845927415068704,-0.002846304948131233,-0.00266162372664569,-0.002423446544931466,0.008163528956468102,-0.0007630876498296666,0.03942152045533537,0.01861533586561011,0.028259566554018806,0.05295500482446114,-0.033333333333333326,0.009238774499899868,-0.0034402440624304864,POLR3B,1.0,1.0,0.0,1.0,1.0,1.0,1,3,1,0.9657356094115339,1
esm3,POLR3C+ctrl,0.003930183127074036,0.024497381137900027,0.036074697516928045,-0.005010635294006434,-0.0007817865680715316,0.011746911311323141,0.0010028351098299003,0.0004865162853047537,0.002233688601347613,-0.0050911199463394745,0.00011787111482896666,-0.1449594733286024,-0.029748028028697138,-0.04542461708959208,-0.07720149270911526,0.006666666666666664,-0.002468114764828342,-0.0012533094947069594,POLR3C,1.0,1.0,0.0,1.0,1.0,1.0,1,3,1,0.2827661684995906,0
esm3,POLR3D+ctrl,-0.0023070393533049516,0.018769698035381976,0.020660541183859255,0.026212851196262366,0.013540053653836204,0.2604737591012067,-0.003270577639341367,-0.0014553987683808185,-0.0026275635853419965,0.020616672947365872,-0.0004898627715496,0.019286119904301385,0.021431347563144687,0.053087872182000395,0.02555736060704474,0.003333333333333355,0.013547383858675294,0.02733537443853155,POLR3D,1.0,1.0,1.0,1.0,1.0,1.0,1,4,1,0.3583332079272889,0
esm3,POLR3F+ctrl,-0.08781353000766078,0.027904027651087054,0.04620298853615057,-0.02835126142804026,-0.007818297763986978,-0.10407082894579954,-0.0003816578537225665,0.0002013328367204137,0.0009847143113886163,-0.010678719256540107,4.620427110533312e-06,-0.2580478616301914,-0.0426675607536204,-0.042198643777777343,-0.14696167607206578,-0.09999999999999999,-0.0336925209274333,-0.00901922321950229,POLR3F,1.0,1.0,0.0,1.0,1.0,1.0,1,3,1,0.2654685132272808,0
esm3,POP4+ctrl,-0.20627715533642185,-0.01820732067313054,-0.025618893267444525,-0.05148406227281336,-0.01649066174461587,-0.07825839084958786,-0.003307610750198333,-0.001994811892713111,-0.0017314026534771914,-0.01497708140771604,-0.0005573655556266333,-0.2045649968043768,-0.028327596218567914,-0.07017195192421928,-0.05820629872881328,-0.18666666666666662,-0.06655764106056807,-0.012981832210180566,POP4,1.0,1.0,0.0,0.0,1.0,1.0,1,2,0,0.2992725434398552,0
esm3,PPP1R11+ctrl,-0.0036958962669455023,-0.00022340682991139893,-0.0006775674991231403,0.010573014199958838,0.009486840103367422,0.048074867812588795,0.0011901892721652995,0.0012328168189200313,0.00027455604240541237,0.004652290827723467,0.00033678160980343325,0.27032306172602977,-0.002705427490443927,0.026333848349789173,0.09337558691721089,0.05000000000000001,0.01976331839669389,0.0030854124423917626,PPP1R11,1.0,1.0,0.0,0.0,0.0,0.0,0,1,0,0.3664741797659978,0
esm3,PPP4R2+ctrl,0.003517514690283441,-0.004984724636897697,-0.004667268169703105,0.013739621527053963,0.008069495909361013,0.09235133711868677,0.0006505890438954,-0.0005968035932633805,-0.0014953020278164104,0.0137113545525173,-7.441511843353326e-05,0.02302120899605466,0.036354530891653414,0.03498834261971299,0.07317078853166227,0.03000000000000001,0.0072016246995531275,0.01017544591439993,PPP4R2,1.0,1.0,0.0,1.0,1.0,1.0,1,3,1,0.3382547700499941,0
esm3,PRELID1+ctrl,0.17281916967358488,0.10559193245649139,0.08703773489068241,0.0036239378593184066,-0.008934321061736352,-0.12265952033301769,0.009196331103642734,0.00540450588024725,0.013591080279979942,-0.028828030102878165,0.0013959440014635332,0.1447152818495463,-0.03134814641818887,-0.03779572410447629,0.12169691983718271,0.15333333333333332,0.023718439215788745,-0.013100509180893005,PRELID1,1.0,1.0,0.0,0.0,0.0,0.0,0,1,0,0.8267778368246455,1
esm3,PRPF3+ctrl,-0.18252161846554138,0.030129709747636995,0.016865993212291614,-0.0009638276125792933,-0.0033326418310539543,-0.03620170544602741,-0.0058500605324904335,-0.003757373098753236,-0.010426649201566293,0.01225559992313413,-0.0009598572117587334,-0.11585535409013774,-0.006091630787960156,-0.02781438374411586,-0.11278419981927641,-0.10999999999999999,-0.017995456595933195,-0.003853297745022114,PRPF3,1.0,1.0,0.0,1.0,1.0,1.0,1,3,1,0.2757004471829877,0
esm3,PRPF31+ctrl,-0.13061911829627448,-0.003094129551794463,-0.00590537151316517,-0.04885715302832533,-0.029452958762938592,-0.3125166871578167,-0.004315566271543533,-0.004314494680689895,-0.01194086979432977,-0.017026733348423733,-0.0011606857491036331,-0.11133385205828968,-0.025759503434662562,-0.07973141916015791,-0.09469499505162164,-0.12666666666666668,-0.07368158794845871,-0.030315745987307647,PRPF31,1.0,1.0,1.0,1.0,1.0,1.0,1,4,1,0.5558206178966875,1
esm3,PRPF4B+ctrl,0.029239518637634063,-0.009783673676077798,-0.008768486595027028,-0.016410844718915168,-0.003402634104490478,0.026121134427619708,-0.001132351035873101,-0.0006226481750729965,-0.0019665858789800206,0.003151989725205371,-0.00015857082325966662,0.0004405686233369399,-0.011865427277585031,-0.009566687573624591,-0.014953054564934268,0.05666666666666667,-0.021518897295048106,-0.004129377827951419,PRPF4B,1.0,1.0,0.0,0.0,0.0,0.0,0,1,0,0.31030206121583254,0
esm3,PRPF8+ctrl,-0.07202945769709389,-0.08239033866431789,-0.06572583104665979,-0.012940023740489063,-0.008240205841203588,0.018372240063146417,-0.0021510186294714678,-0.0023371764983189194,-0.006289707715162018,0.0003478818786269988,-0.0005132687122871333,-0.18292016509488307,0.01795914523601816,-0.002014774727501593,-0.1275961332073455,-0.04,-0.0143299224082901,-0.0011289838389899238,PRPF8,1.0,1.0,0.0,1.0,1.0,1.0,1,3,1,0.33767594403437845,0
esm3,PSMA2+ctrl,0.05584420328426515,0.008337423847473843,0.005755789936843447,0.01094080001751436,0.006280326079358985,-0.010023869612207026,0.0037208224336306335,0.002922877627315764,0.005319522716979626,-0.0019247522130189654,0.0007433091135074333,0.047576519079390645,0.0019743181601548456,0.007137968240580809,0.024226739191115048,0.046666666666666655,0.025015958271583105,0.003528833401223045,PSMA2,1.0,1.0,0.0,1.0,1.0,1.0,1,3,1,0.8492605232695278,1
esm3,PSMA3+ctrl,-0.12158470073578125,-0.023385435713422848,-0.010870294338614825,-0.016227779750534205,-0.0134066468109194,-0.034307656665082654,-0.0021576161185900347,-0.0014398449498659316,-0.004574824598431948,-0.003969687884994633,-0.0003894795663654667,-0.04767278859661028,-0.008871462864630253,-0.032398215713393595,-0.06538674008977707,-0.0666666666666667,-0.0281707474274769,-0.011251420943600396,PSMA3,1.0,1.0,0.0,1.0,1.0,1.0,1,3,1,0.8290067011788567,1
esm3,PSMA6+ctrl,0.012881346536894453,-0.004915150989226347,-0.006060043479358161,0.011661358280472942,-0.03459144304999895,-0.07057201578173804,0.0011395501593749007,0.000705353049685035,0.004920055652439766,-0.01511265004242629,0.0002040429972112332,0.03181031801498794,0.0066307251884697065,-0.04362426784426302,0.033835829799352214,0.026666666666666672,0.016915895148651366,-0.04041511306151224,PSMA6,1.0,1.0,0.0,1.0,1.0,1.0,1,3,1,0.8205586608883654,1
esm3,PSMB1+ctrl,-0.002169550035155251,-0.002616461889003848,0.0023884630681709393,-0.0043027383828619,0.0019596431398689607,0.00523814979715348,-0.00021255513032276732,6.370031436849406e-05,-0.0008721432422832779,-0.0014891787889286061,-4.174051961566723e-06,-0.035581632626498494,-0.005533673975864832,-0.010102402589773648,-0.050692826466310646,0.0,-0.004138790481670669,0.005846593316430819,PSMB1,1.0,1.0,1.0,1.0,1.0,1.0,1,4,1,0.7438153831621768,1
esm3,PSMD1+ctrl,-0.038436252948650496,0.0049831599506576785,0.0010562275028899541,-0.023067250351287667,-0.015095664905126094,0.06112642355827761,-0.008216881503661465,-0.00580488018608775,-0.008276179947338832,0.004381627042682533,-0.0014077884067470999,-0.012467634658365275,-0.005186035764954133,0.022440322189989592,-0.0003767773609318163,-0.04666666666666667,-0.040165861854933586,-0.020997712269347286,PSMD1,1.0,1.0,0.0,1.0,1.0,1.0,1,3,1,0.6933988680136911,1
esm3,PSMD4+ctrl,-0.09508915100808786,-0.023352077579940473,-0.06828794174187802,-0.04693670979697593,-0.031234332925609575,-0.3438698245403808,-0.004995326822002731,-0.0019631888023988373,-0.005528453932645412,-0.017749072969056923,-0.0006811479106545332,-0.3921772487271385,-0.04443410996403985,-0.07886235097955874,-0.30585596771967816,-0.10000000000000002,-0.074291584801222,-0.029710589671803695,PSMD4,1.0,1.0,1.0,1.0,1.0,1.0,1,4,1,0.20336773302060204,0
esm3,PSMD7+ctrl,-0.12399495250787125,-0.027855484860851504,-0.015105500822094905,-0.0016225809026627624,-0.0021502064605648705,0.016074663222034474,-0.0008816545208295325,-0.0008136589509156744,-0.0006558826105511987,0.0030279291518841476,-0.0003490424714982666,-0.028737380378785926,-0.004353158114885421,-0.013101756887688923,-0.013005365660509508,-0.09666666666666668,-0.007948528409181385,0.0019791853236596677,PSMD7,1.0,1.0,0.0,1.0,1.0,1.0,1,3,1,0.8143376286557976,1
esm3,PTCD1+ctrl,0.0993772610299674,-0.0013769026853255317,0.005266830237448894,0.005615685788696682,8.369037784342985e-05,0.018715936396894894,0.00010977933804196677,-0.0003895105502363938,0.00045591070624969216,-0.0018082306642524342,-0.0001132142109175667,0.003458007628535172,0.008466908063127443,-0.002085172156400028,0.04950363004863443,0.023333333333333355,0.0028229485042475613,-0.0009068258822376718,PTCD1,1.0,1.0,0.0,0.0,0.0,0.0,0,1,0,0.517333544115189,1
esm3,PUF60+ctrl,-0.017812400378831517,0.012413571827298261,-0.004834640142318806,-0.021365233737641376,-0.019531963322106455,-0.10880152817441495,-0.00011038035154343114,0.0005525638607698872,-0.0004203725384744894,-0.016574821430813763,3.975094296036662e-05,-0.06538381479593523,-0.03798541717634252,-0.03916760575661774,-0.046245121488220936,-0.05666666666666668,-0.025510044402737242,-0.020175218367023556,PUF60,1.0,1.0,1.0,1.0,1.0,1.0,1,4,1,0.6359689975822066,1
esm3,PWP2+ctrl,-0.16108228650808,0.021054228901870215,0.035805236062169864,-0.010273946639942346,0.017063795241262187,0.06680126440039236,5.433708429336895e-05,-0.0006240281339559006,-5.883286714140438e-05,0.01009277676383107,-5.5010857370966625e-05,-0.03142247017198766,0.012167562086868164,0.024972535905033566,0.03535042588821944,-0.14333333333333334,-0.004993476319651913,0.016698109930501654,PWP2,1.0,1.0,0.0,0.0,0.0,0.0,0,1,0,0.6465936972327302,1
esm3,QARS+ctrl,0.20345000807265046,0.06598331334692938,0.05139861591054421,-0.021116897745512897,0.020999952866530475,-0.07344504416772939,0.002257079506913831,0.004871329575383425,0.004599062992325671,0.0029982084372875972,0.0012231469154357667,0.2843914104432831,-0.03397518501970043,0.04123464506903277,0.1457425623334136,0.13999999999999999,-0.016365976041543273,0.01144619944936113,QARS,1.0,0.0,1.0,0.0,0.0,0.0,0,1,0,1.0000000000000007,1
esm3,RARS2+ctrl,0.10305971920648234,0.060694151599510006,0.0681028509397662,0.03816067688906984,0.021322742205203665,0.1618535731584921,0.0016311574727297003,0.0004908111949659307,0.000836214641111536,0.014550151046477064,0.00016738296835683338,0.0858765308546422,0.031849069256686735,0.07560808960272654,0.037107366307161306,0.07666666666666667,0.05272488929066473,0.030946916488252502,RARS2,1.0,1.0,0.0,0.0,0.0,0.0,0,1,0,0.771055439042763,1
esm3,RBM19+ctrl,0.13773472662669226,0.03583588736450505,0.03881273519295014,0.005782792146127924,-0.008120281763080031,-0.055679386898248105,0.0023152778546015676,0.0029308152691950307,0.004371067475011925,-0.010130879527359296,0.0006742430850863668,0.13945545891430242,-0.02726296934067281,0.005026553602033042,0.028944280246260497,0.14,0.016758066819202555,-0.012123854320017205,RBM19,1.0,1.0,1.0,0.0,0.0,0.0,0,2,0,0.48949427347992597,1
esm3,RBM28+ctrl,-0.06803377239532606,0.07443317999401204,0.06799061185513765,0.022295182254028507,0.030330815273322837,0.2538087485573904,0.001967711374163636,-3.054809405178549e-05,0.0029051086453460253,0.02301126892551576,5.373017241556673e-05,0.0013575147790373387,0.048395512591037505,0.10252534889588376,0.06140562336229266,-0.023333333333333334,0.023016811040634622,0.031121816129975072,RBM28,1.0,1.0,0.0,0.0,1.0,1.0,1,2,0,0.481086671977071,1
esm3,RBM39+ctrl,0.04697590851254336,0.05412252308048691,0.04916649779397205,0.0017270619995201815,0.022727821643433233,0.2934188322874754,0.0025481022894382637,0.0017726916273522741,0.005567082591885653,0.02097585359406587,0.0004534641435990667,0.16486124506769848,0.02776633416296496,0.07048457453397756,0.11576093440305298,0.06666666666666667,0.017091811904941783,0.028162074703468615,RBM39,1.0,1.0,1.0,1.0,1.0,1.0,1,4,1,0.7466329603288437,1
esm3,RBM42+ctrl,-0.041433428858684576,0.10199365530242048,0.06489768867357272,0.01157555556895177,-0.011227882435756323,-0.07885133258561221,0.0015288684517145007,0.0002458852568574625,-0.0006188095614781952,-0.012891876211940203,0.00017794904609519987,-0.12005233441275565,0.046348067611393096,-0.02622639111057375,-0.07965330328101607,-0.013333333333333317,0.018690052013439356,-0.011325434454243314,RBM42,1.0,1.0,0.0,1.0,1.0,1.0,1,3,1,0.3324806375880308,0
esm3,RBX1+ctrl,0.0404264482867911,0.015500620240164594,0.020196415958151154,0.013230873706305879,0.02114180236867691,0.19581615450138987,0.0012919840713341985,0.00019592975012076388,0.0013880881569630448,0.0171024037925926,0.00012151462336383329,0.050271642623635336,0.0108865062480031,0.05698908446457988,0.042376062842874956,0.05999999999999999,0.027378640456887576,0.0284808031459672,RBX1,1.0,1.0,0.0,1.0,1.0,1.0,1,3,1,0.24542061255063657,0
esm3,RCC1+ctrl,-0.006818083181195376,0.03952631909033514,0.03719202144576469,-0.0337772618273196,-0.010710487611330541,-0.18134449692920926,0.0012417820592720656,0.0003194539938898844,0.0015986892959546732,-0.012828230448632691,9.301638541119998e-05,-0.0816835892181846,-0.009980102463272597,-0.05362646467178497,-0.0017726739177003348,-0.013333333333333327,-0.043698066481469684,-0.018794650388235357,RCC1,1.0,1.0,1.0,1.0,1.0,1.0,1,4,1,0.200743500985735,0
esm3,RFC3+ctrl,-0.037999435029908955,-0.01015705879143177,-0.007567905443259322,-0.0030237105640862905,-0.0007490679115501053,-0.009722076126118437,0.000445391672352933,3.208374137179485e-05,9.734409204005996e-05,0.0016277078468972344,1.6852980479666638e-05,0.001302627818302704,0.006661699649835466,0.0015392431174279242,0.017545208442595977,-0.02999999999999999,-0.0034585943431470387,-0.0029573429961905853,RFC3,1.0,1.0,1.0,1.0,1.0,1.0,1,4,1,0.6893661429844953,1
esm3,RFC4+ctrl,0.008199701385902128,-0.011070701585280673,-0.010491647430358797,0.00050562750400443,-0.000221923911881583,-0.0038505105268127893,0.0001280376066763999,1.1197222479701155e-05,0.00043870978526157806,-0.0006698749039972992,1.5480715471000016e-05,-0.002216300691179063,-0.0004403208149573364,0.0018102058553673601,0.0025329618898105957,0.0033333333333332993,-8.461759026442972e-05,-0.000598671437996893,RFC4,1.0,1.0,0.0,1.0,1.0,1.0,1,3,1,0.8209484857571958,1
esm3,RIOK1+ctrl,0.06024044255099329,0.0061936357141638325,-0.010895490432806207,0.003033590931461577,-0.003949325783488213,0.01323760989047477,0.00024064226696886583,0.0007318149830150741,0.0010256118010824784,-0.0008626408091139404,8.630847635993337e-05,0.028829775344185477,-0.005404084920155168,-0.018536777354195604,0.002824959042022438,0.053333333333333344,0.005538489056442562,-0.012379409256615145,RIOK1,1.0,1.0,0.0,1.0,0.0,0.0,0,2,0,0.6476035985716702,1
esm3,RNF40+ctrl,0.1863460147504623,0.010081790609471711,0.017648636845844428,-0.000592184568982764,0.004956859969326312,0.058012178705388495,0.000986764828364066,-2.5591010496076965e-05,-0.0003141358845654881,0.0033791765311497655,6.618257611993329e-05,0.22206220430179036,0.038938008542275616,0.037494497124094174,0.15236472353918756,0.13333333333333333,0.0011423298953169292,0.0020192193622161625,RNF40,1.0,1.0,1.0,1.0,1.0,1.0,1,4,1,0.941805307384212,1
esm3,RNGTT+ctrl,-0.05912549608716077,-0.04667632188383797,-0.06402267382026423,0.018607834641168424,-0.005711432867797951,-0.08426304339403756,0.0053058334936698336,0.003250132073790879,0.007610740048480095,-0.030418573014029438,0.0008959549207550668,-0.1369489339346582,-0.01191560009255784,-0.09059180718843474,-0.10401326017419377,-0.04999999999999999,0.0392606272768349,-0.01218697771433963,RNGTT,1.0,1.0,0.0,0.0,0.0,0.0,0,1,0,0.2391798373654894,0
esm3,RNMT+ctrl,-0.004698936642572667,0.028693130026311315,0.04442854887346115,0.03694729111076713,-0.0006272058618100133,-0.12584401771922474,0.010119860370953866,0.008849909933237643,0.016701635684197063,-0.027457732871900297,0.0021197456711282664,-0.010898184870561323,0.008306989479460625,-0.1568564038720555,-0.01390246510031067,0.01,0.07944437514459969,-0.003589370635480852,RNMT,1.0,1.0,0.0,1.0,0.0,0.0,0,2,0,0.303087075004319,0
esm3,RPF1+ctrl,0.09020102459310513,0.07792123869644522,0.09991090992412854,-0.012367831590996803,0.00847435849735137,0.08148135974117603,0.0012741020570198995,0.0013843655460662463,0.0027531566783911185,-0.006736035098533534,0.0002764903474599334,0.226730899225292,-0.031907236434235396,0.008296156721556924,0.16617965688532133,0.11,-0.01057957499764553,0.012314378290744851,RPF1,1.0,1.0,1.0,1.0,0.0,0.0,0,3,1,0.3256615676601911,0
esm3,RPL10+ctrl,-0.4000881467392618,-0.31982890254356344,-0.2973502120553236,-0.005799977529919842,-0.06934336383510027,-0.07833949216227014,-0.013867179552714002,-0.009869288906187953,-0.021550413845878857,-0.003324436299695708,-0.0026312080832819,-0.4355785210874263,-0.007309753545703772,-0.12308723977288312,-0.43512041194838097,-0.26000000000000006,-0.038250422366276605,-0.058669211550681534,RPL10,1.0,0.0,1.0,1.0,1.0,1.0,1,3,1,0.6414682591282669,1
esm3,RPL10A+ctrl,0.12010635470750257,0.0469072972381969,0.05337963965523377,-0.01771010891639833,0.002539768791843098,-0.2163361406956267,0.0039210847268502,0.0038853425676921662,0.008823049401387562,-0.012048859905561862,0.0008381104950482334,0.11302313477823571,-0.031100707790132704,-0.06102924007059526,0.11716689187393443,0.06999999999999999,-0.0176107744326038,-0.006505619822016473,RPL10A,1.0,1.0,0.0,1.0,1.0,1.0,1,3,1,0.47263705761987823,1
esm3,RPL11+ctrl,-0.3557988234147345,-0.05706274178681955,-0.055537984319580014,-0.021157170608153697,-0.02982377687094827,-0.09804481716684081,-0.009255784874161033,-0.005400148897259001,-0.01074079593366728,-0.009267836947796565,-0.0013293587447454336,-0.2048228158776585,-0.00255657630104833,-0.06140515129854988,-0.20853319542188128,-0.26666666666666666,-0.058032384993672186,-0.03466342989749149,RPL11,1.0,1.0,1.0,1.0,1.0,1.0,1,4,1,0.2815817502243316,0
esm3,RPL13+ctrl,0.034907970583174,0.01620976375865124,0.009173425786554112,0.03738933538112971,0.02061312599505603,-0.039407651500413164,0.004294048063457034,0.001448009842265896,0.0018969398837247464,0.007536252848608029,0.00048304205605143323,0.02638879298044398,0.021340130507645383,0.04968849227104255,0.02362867346461343,0.05666666666666664,0.0547465177434202,0.021568093265057004,RPL13,1.0,1.0,1.0,1.0,1.0,1.0,1,4,1,0.30100383330480673,0
esm3,RPL18+ctrl,0.1111227416858203,0.026028689980459447,0.012984714924156981,0.018374738217047142,0.01935561003318158,0.09301900828521009,0.0051533834387859,0.001993312514100065,0.003136104949300315,0.009216246623565036,0.0006159651869286667,0.0390039211959912,0.03230042055994642,0.05273987165267835,0.05079424779606845,0.08000000000000003,0.0372071143805068,0.021800992712692275,RPL18,1.0,1.0,0.0,1.0,1.0,1.0,1,3,1,0.4707930323896838,1
esm3,RPL35A+ctrl,-0.01807891369904106,-0.008222643563716306,-0.005181571005628327,0.008009908246782568,0.001712519665431909,0.0680004683599582,-0.0019322472314039982,0.0003887217378256702,-0.0023098185966284137,0.01158952167230746,2.4432859693933388e-05,0.010685142274940848,0.019251803926552864,0.020531791730535764,-0.022587180429839277,-0.03333333333333336,0.016688840791458392,0.00885453654127466,RPL35A,1.0,0.0,0.0,1.0,1.0,1.0,1,2,0,0.20305529728283908,0
esm3,RPL8+ctrl,-0.013081433276162069,0.003990310437011886,-0.0010083291273410195,0.003554071343322631,0.0013143114181593991,0.05404622327014539,-0.002776627428829667,-0.0008644414112058222,-0.002166353886781954,0.011212733764671823,-0.0002459596241048666,-0.006427078081094699,0.015766054955210218,0.04083455873306818,-0.011558010873332561,-0.033333333333333326,0.00536676285960111,0.003046778179510453,RPL8,1.0,1.0,0.0,1.0,1.0,1.0,1,3,1,0.6412681070638131,1
esm3,RPL9+ctrl,-0.14812205909353796,-0.0986576210667786,-0.08961183516073763,0.014438888733080338,0.00548953941657183,0.17207045446171207,-0.0043873252967993335,-0.0034800312351433993,-0.0073987330959492574,0.03375176726994127,-0.0007936918797592334,-0.08190049544834144,0.05662432859418176,0.05388474679364774,-0.10131965338803713,-0.14333333333333334,0.021426126263484863,0.02614502683955981,RPL9,1.0,1.0,1.0,1.0,1.0,1.0,1,4,1,0.24689277560090636,0
esm3,RPP14+ctrl,-0.239049466379933,-0.0015885954513227645,-0.006086369023383775,-0.04025290272337773,-0.0008940497477389712,-0.08968735907333669,-0.0020067207515240327,-0.001463080055474908,-0.0020417831874138814,0.0044557084792316015,-0.00037180492654446663,-0.10364371749372074,-0.004153633616219898,-0.03451586813447042,-0.05142525287465155,-0.21333333333333335,-0.05322143522724545,0.004223445783849551,RPP14,1.0,1.0,0.0,0.0,1.0,1.0,1,2,0,0.485861933568664,1
esm3,RPS14+ctrl,-0.040361908350301956,-0.0127954842245764,-0.015990646900831223,-0.0020374613585178447,-0.01037920959534753,0.06931247227804462,-0.0036218998332818338,-0.0034687245121637713,-0.004432969521318775,0.0038792630936711945,-0.0007285571967562001,-0.045971823606555384,0.006603360595039927,0.02938068791106622,-0.057672386949587616,-0.020000000000000018,-0.005284181199721701,-0.011392478869859243,RPS14,1.0,1.0,1.0,1.0,1.0,1.0,1,4,1,0.41208764703172934,1
esm3,RPS19+ctrl,0.12641622499720936,0.012223142360605696,0.013820657627492147,-0.0011987293432005608,0.013131312970829803,-0.023524188992986122,0.0030155063917239656,0.002021701665338438,0.003524048053297905,0.01004179563841683,0.000499467831105,0.058891772930728635,-0.009593330131170733,0.026879500365217284,0.06665502700429489,0.11333333333333334,0.007962389366807507,0.018092401489332628,RPS19,1.0,1.0,1.0,1.0,1.0,1.0,1,4,1,0.2063862569414467,0
esm3,RPS21+ctrl,0.11054720958754834,-0.006814891823075597,-0.008185258560646003,0.005492270499862627,-0.008372351905691763,-0.10378442887410443,0.0007831429441769675,0.0006431563393060058,0.0014362322252242283,-0.009477750639571755,0.00014910408450916662,0.06733211916533317,0.004849592135693322,-0.027565284054285266,0.036218864337351275,0.07333333333333325,0.005220381177231531,-0.011330700627020388,RPS21,1.0,1.0,0.0,1.0,1.0,1.0,1,3,1,0.19331825649390655,0
esm3,RPS23+ctrl,-0.003374460149260646,-0.001484627819600089,-0.006621400725145017,0.0051717192679161155,0.029839544813736574,0.16166610657815342,0.001885160803794833,6.736197732093441e-05,0.0006367828414711729,0.02032740161487509,0.00024082379726070012,-0.011842673698426287,0.03412891984507027,0.09563697635655632,-0.013392664343688169,0.046666666666666634,0.021656571138506497,0.0332696346143192,RPS23,1.0,1.0,1.0,1.0,1.0,1.0,1,4,1,0.27669441227368036,0
esm3,RPS26+ctrl,-0.2880403992152761,-0.026878714666177195,-0.024704330011977176,-0.019525342355704006,-0.018938836720075698,-0.0736200162767342,-0.008087518935402297,-0.006416792341098747,-0.007877514907771999,0.007090000150802346,-0.0016606079492097,-0.14408469497987075,-0.012115967693109408,-0.05128976323099373,-0.13198059395401698,-0.22666666666666668,-0.05557416169928068,-0.01174666459892452,RPS26,1.0,1.0,0.0,1.0,1.0,1.0,1,3,1,0.40876770544792485,0
esm3,RPS5+ctrl,-0.09849570333801554,-0.012841846862306642,-0.010531105122268217,-0.0442373320455056,-0.02818833255477603,-0.0007163855399792141,-0.0059674854079882315,-0.0021212696631299397,-0.0037149818926883738,-0.00032931403225319733,-0.0007532751963784335,-0.04185723355710902,-0.021800592264117864,-0.07524807274707009,-0.05524841382593659,-0.08999999999999997,-0.06633984120285995,-0.023319806041534163,RPS5,1.0,1.0,0.0,1.0,1.0,1.0,1,3,1,0.7047560626934194,1
esm3,RPS6+ctrl,-0.04402869949694314,0.00617854603895233,0.00015842642141620603,0.028652476180971165,0.025341664659763896,0.009078593074369812,0.0038592095176379,0.0007875052833952548,0.001995906159836099,0.013165293931449959,0.00040745125928269983,-0.009240755144145943,0.03593559205553468,0.058771263458864666,0.004106558314689868,-0.020000000000000018,0.042103230512579824,0.028995618624834612,RPS6,1.0,1.0,1.0,1.0,1.0,1.0,1,4,1,0.22261362277080676,0
esm3,RRN3+ctrl,0.1280313919245555,0.057324331898887006,0.0860218508464559,0.03709206048546362,0.02221429099912507,0.09461641206939427,0.0043782033026218345,0.0024751550364316235,0.004663286934809256,0.010176498293948696,0.0008948225683222331,0.13877215405085885,0.03889898733729691,0.06618009589059352,0.10661056871399853,0.07,0.06367340792620792,0.018100000415867717,RRN3,1.0,1.0,1.0,1.0,1.0,1.0,1,4,1,0.3987369819232302,0
esm3,RRP7A+ctrl,-0.049685965456735016,-0.014707491958677524,-0.027187132367044047,-0.024419921113286402,-0.02289919869471056,-0.26003775540354684,-0.0015323522190252685,-0.0006009247501271853,-7.297522678817447e-05,-0.015288394087382242,-0.0003191501212616667,-0.054020942940650386,-0.01869592983769086,-0.07069449045540584,-0.03955684444670843,-0.02,-0.05171466464198075,-0.022475134334284164,RRP7A,1.0,1.0,0.0,0.0,0.0,0.0,0,1,0,0.46232637556318545,1
esm3,SAP18+ctrl,-0.01107768394011375,-0.008742692797425197,-0.01438281626913133,-0.01637967314929271,-0.008158284978142138,0.051523242514597424,-0.004096181442340236,-0.004115208730438617,-0.006078918055190822,0.005147731134495005,-0.0009437147527933667,0.14584358585957397,0.011426844640452072,0.029458619398175196,0.03714835624112659,-0.05333333333333332,-0.016578299594448065,-0.003074381037973639,SAP18,1.0,1.0,0.0,1.0,1.0,1.0,1,3,1,0.26969579863930426,0
esm3,SART3+ctrl,0.03027605733377407,0.08740615162706811,0.08983982236161929,0.012889294067065191,0.01083171311897684,0.007320514955567163,0.004943340395887699,0.002472215254405552,0.007084189803965006,-0.0036050792874129656,0.0006888835341669333,0.06556090513125841,0.00031697707978021555,0.02097697163345469,0.05721414181400283,0.03666666666666666,0.026979388866801568,0.010598093190486546,SART3,1.0,1.0,1.0,0.0,1.0,1.0,1,3,1,0.6013617084568506,1
esm3,SCAF1+ctrl,0.3300479480379692,0.15588939337702265,0.11911304906722224,0.0760282146081419,0.03900476016843374,0.5904169917492632,0.006412106876571999,0.002904774561000245,0.008620744776464203,0.034864005742597036,0.0008105385544089333,0.4783232995551101,0.05470292006415289,0.18150334132272905,0.35512460588283673,0.26666666666666666,0.12819542470884993,0.05340124639783265,SCAF1,1.0,1.0,1.0,0.0,0.0,0.0,0,2,0,0.269109781969321,0
esm3,SCFD1+ctrl,-0.015092771947922171,-0.034467716454656815,-0.03695855779667804,-0.0031035856708442056,0.0064470756991562754,-0.02368731805617293,-8.055381476879929e-05,-0.00022232772466697823,-0.000709824923922279,0.0010249726474938308,-5.818922848750002e-05,-0.009285772005298823,0.0092504836140187,0.0032170906820993364,-0.004026026097137721,-0.010000000000000009,-0.005868529512682861,0.0034186151744102222,SCFD1,1.0,1.0,0.0,0.0,0.0,0.0,0,1,0,0.2138316415513398,0
esm3,SDC1+ctrl,0.009871622017841595,-0.05139163080397772,-0.04455184098535906,-0.00047097155860612955,0.004195587181348927,0.09172383327328011,-0.004594247788190835,-0.0022143574445329475,-0.00510686178005193,0.015059083207176999,-0.0006475109451760667,0.06004634228893135,0.018871091874398577,0.036976106248370444,0.06932238904927816,-0.00999999999999999,-0.022696282671458335,0.0018409471703581353,SDC1,1.0,1.0,0.0,0.0,1.0,0.0,1,2,0,0.15192865317328375,0
esm3,SEC13+ctrl,-0.09881609305308094,-0.006152342597288696,-0.006376390416258333,-0.02287930689711661,-0.005008933475106152,-0.05429567109316552,-0.0015959000835815984,-0.0013161758438885822,-0.002648790966983783,-0.0023513046616261504,-0.0003507701136792332,-0.08006647199622756,0.00011703297519272127,-0.02075024613659826,-0.055364250466029774,-0.07000000000000002,-0.030403263514006,-0.003002374418748399,SEC13,1.0,1.0,0.0,1.0,1.0,1.0,1,3,1,0.41469896924458305,1
esm3,SF3A2+ctrl,-0.191915799633684,-0.09846945154658408,-0.07235534397672432,0.013144120861468128,-0.0332316587162717,-0.04245534541157353,-0.0035644142578045344,-0.003976981016849808,-0.012928374645758947,-0.011723500929588496,-0.0008584491830940332,-0.3474864865267289,0.025617446288421813,-0.12852636214242052,-0.2723123163953831,-0.17333333333333334,-0.004465108115462339,-0.03129339685895568,SF3A2,1.0,1.0,0.0,1.0,1.0,1.0,1,3,1,0.36016715960139584,0
esm3,SF3B2+ctrl,-0.09288142440904863,-0.05775580193500448,-0.0333516768838538,0.039086225243812965,0.01553872522372902,0.053676711612959525,0.0013886441787084012,0.001668542525032124,0.0027643006213373678,0.015258597974047586,0.0004002413091560332,-0.05959695895905478,0.03616060281714047,0.025024671526064284,-0.060884213771703756,-0.053333333333333344,0.05263139267193504,0.02860470865581562,SF3B2,1.0,1.0,0.0,1.0,1.0,1.0,1,3,1,0.31822583169843616,0
esm3,SF3B3+ctrl,-0.21259721509881513,-0.12031606921916176,-0.07445525208665367,-0.01342810209053504,-0.034471551984223144,-0.2830506630890066,-0.006100940207640297,-0.00587846546578541,-0.01649703645208293,-0.012195324898141402,-0.0015215897777428333,-0.389597508632717,-0.012970493817025678,-0.08888810832855017,-0.35337720483491114,-0.18000000000000002,-0.03553531312248117,-0.0334074583710647,SF3B3,1.0,1.0,0.0,1.0,1.0,1.0,1,3,1,0.9999999999999996,1
esm3,SFPQ+ctrl,-0.04622409989862266,0.02335773482576801,0.030912640437783134,-0.044116840088045485,-0.01635873694662221,-0.5665078526104864,0.0009193768103917671,0.002272914248054055,0.0013721203357453342,-0.01983708555124104,0.0005155143638451992,0.044712511660606226,-0.00970053628855246,-0.028982333442871804,0.044389874234133354,-0.023333333333333317,-0.07474753752647478,-0.016660872708086177,SFPQ,1.0,1.0,1.0,1.0,1.0,1.0,1,4,1,0.5496692192875822,1
esm3,SFSWAP+ctrl,-0.034021838870573494,-0.007757703950363792,0.005253013502233099,0.023403860353449102,0.028940298744138598,0.15232564839867233,-0.0006619251022736012,0.0007026920143324474,0.0002741479314980107,0.019558315399038767,8.77002021297999e-05,0.3433798113122824,-0.004577953137254361,0.09655690835301596,0.20122173962147105,-0.07999999999999999,0.03031056419914942,0.034438293345629645,SFSWAP,1.0,1.0,0.0,1.0,1.0,1.0,1,3,1,0.3659372464690601,0
esm3,SIN3A+ctrl,0.016609403026758462,0.029179349381000825,0.029503757507064854,0.008838942007352099,3.841638363819936e-05,-0.0324492897271392,0.0013149498651425322,0.0014353062258518623,0.00390349661131321,-0.007505533643314059,0.0003112261571610999,0.0700261269286493,-0.004934586589015318,-0.010214190613547483,0.04073289022268484,-0.010000000000000009,0.01432983349937437,-0.00645767932519888,SIN3A,1.0,1.0,1.0,1.0,1.0,1.0,1,4,1,0.25354281791386835,0
esm3,SLU7+ctrl,0.13781368467956215,0.14883516487294846,0.10516502414671662,-0.015562014464201432,0.02461174436238549,-0.06651366300547601,0.008436082551876735,0.008092308577888193,0.024525037397221672,-0.0074970318466825074,0.0019848148028056,0.20799001910359852,-0.0061492258640411706,0.05413917806643761,0.23727815098240565,0.05666666666666668,-0.00924192189377567,0.015690203416757902,SLU7,1.0,1.0,0.0,1.0,1.0,1.0,1,3,1,0.38871378318914046,0
esm3,SMC4+ctrl,-0.05566834342135004,-0.0027925656159861387,-0.003035736078509007,-0.011780463409846573,-0.002395320426743471,0.01791611429039125,-0.000780768692493433,-0.0002454823324473665,-0.0003546884785186055,0.004812476342012502,-8.679404466719997e-05,-0.03819431856730271,0.0069236033275808335,0.04172998344294295,-0.01596419448191207,-0.056666666666666664,-0.012612125999605503,0.006025600820709465,SMC4,1.0,1.0,0.0,1.0,1.0,1.0,1,3,1,0.8460675681672183,1
esm3,SMG5+ctrl,0.0189552431689322,-0.02124707679741043,-0.01693042280621206,0.007442982444644697,0.013014676723675215,0.06702976390042115,-0.0010020857055982348,-0.0002121833408021967,-0.00380965499964799,0.01139221720554299,-8.149631321430004e-05,0.05348850783418949,0.004820868578665556,0.04682502543607906,0.04658200021956569,0.006666666666666672,0.007672310832179803,0.01870166720058386,SMG5,1.0,1.0,0.0,0.0,1.0,0.0,1,2,0,0.2561412517892711,0
esm3,SNAPC3+ctrl,-0.10469857219423194,-0.10609605724998272,-0.11803808978707425,-0.0035996120963876685,-0.005788342823037834,0.042810289243828493,-0.0022319934020439657,-0.0020728057767720833,-0.0037039635801727386,0.004929510218344628,-0.00044753893356153335,-0.24751368558119544,0.04458822168490728,0.01638130185688713,-0.168757739254324,-0.11999999999999998,-0.015494664258403465,-0.004906469823136213,SNAPC3,1.0,1.0,0.0,0.0,1.0,1.0,1,2,0,0.22341894852785749,0
esm3,SNRNP200+ctrl,0.24721877719840013,0.05926492466381398,0.023589438297000925,0.07860031825009754,0.07675369990560149,0.5465528621588019,0.010672877232233665,0.008958127618146369,0.03303702720948095,0.03854963338358101,0.0022604208594809,0.34904787748822635,0.03350715182499264,0.17109533553061254,0.361709646672654,0.18666666666666668,0.15125144610679978,0.07451521064822253,SNRNP200,1.0,1.0,0.0,1.0,1.0,1.0,1,3,1,0.40187792133100547,0
esm3,SNRNP27+ctrl,0.01076205018819613,0.0036803448188577983,0.006799428099232664,0.007074256258910709,-0.009164829950344252,0.0022377498321069314,-0.00045070797204972934,-0.001207568676019899,-0.0007389793423251412,-0.0030368475926348024,-0.0002373867512991002,0.024313145311567693,0.023968740641798252,0.014124018050215978,0.03885080228744736,0.026666666666666672,-0.0021651557041573732,-0.009230853510601081,SNRNP27,1.0,1.0,0.0,1.0,0.0,0.0,0,2,0,0.37565656213214427,0
esm3,SNRNP48+ctrl,-0.20114985325609588,-0.050671250373234354,-0.07015572024329624,0.0441828462094701,0.01370329772513354,0.32477731393958426,-0.005384386827548367,-0.0034137584530635756,-0.010543229357901826,0.029246010083161172,-0.0008805995651831001,-0.18212117597357427,0.011294410092927457,0.10413464181876315,-0.10323697291667538,-0.13333333333333333,0.05967623946859942,0.027742671128025826,SNRNP48,1.0,1.0,0.0,0.0,1.0,1.0,1,2,0,0.2656074809201809,0
esm3,SNRPD1+ctrl,0.06625809997159937,0.00010832592104315086,-0.004019970024900473,0.00685062371135949,0.0044258244408882,0.18727164036726204,-0.000645888348420498,-0.0008502323502308876,0.0002861366759949376,0.007741303008899368,-0.0002168092566231667,0.004899221970147953,-0.003096659828371114,0.0406476704717913,0.00782525695720826,0.05333333333333331,0.019135180084481635,0.005933080840958708,SNRPD1,1.0,1.0,0.0,1.0,1.0,1.0,1,3,1,0.5156500616603079,1
esm3,SNRPE+ctrl,-0.05597021754527912,-0.011110195838395046,-0.017584914959577036,-0.038294521288532224,-0.02266299692589646,-0.045644644713185224,-0.0072850398719310995,-0.0044265112833375975,-0.017546311454053682,-0.004507010713010295,-0.0010252279462293,-0.026435199152724076,-0.01597351256506163,-0.010771221272537565,-0.043975631801656014,-0.03333333333333336,-0.0573759285144174,-0.02542171234169314,SNRPE,1.0,1.0,0.0,1.0,1.0,1.0,1,3,1,0.5700105396635738,1
esm3,SNRPG+ctrl,-0.0449342085652558,0.015538168601389271,-0.00408662656132841,-0.021694409958019367,0.015494924134644242,-0.10313014658773641,0.0059444239983956,0.004239201235684331,0.01040702464019013,-0.005427060163805657,0.0010826681197310666,-0.023111317490356553,-0.021241470651490884,-0.011035928708869972,-0.01871350359097035,-0.0666666666666667,-0.006934087464423283,0.008981077518248762,SNRPG,1.0,1.0,0.0,1.0,1.0,1.0,1,3,1,0.645857989942773,1
esm3,SON+ctrl,0.08811905826573635,0.04769056768838975,0.03406277625029589,-0.006677174870063807,0.023769363170444535,0.05146743434110449,0.0024083902438482296,0.003095586031847971,0.006254287122969567,0.013235877721647693,0.0008314219303429,0.18852710804815276,-0.0002051603303553732,0.03490992719042235,0.14088028073348516,0.11333333333333333,-0.004598469329602876,0.0212039923165378,SON,1.0,1.0,0.0,1.0,0.0,0.0,0,2,0,0.409644360875869,1
esm3,SPC25+ctrl,0.18060024048176535,0.028534870153631136,0.019914373433971583,0.03448558033662933,0.045050174625656934,0.44667399906492206,0.005107687165339801,0.0036552342837291953,0.00977483988676168,0.020188199166055232,0.001117252899954667,0.19568938284516638,0.01599611595176083,0.08899277397980387,0.18333029193356123,0.10333333333333333,0.07853985531543232,0.04068610090867116,SPC25,1.0,1.0,0.0,1.0,1.0,1.0,1,3,1,0.356294670424564,0
esm3,SPCS3+ctrl,0.0036707926625579312,0.014037387809076282,0.043339588161091125,0.020697608506162164,0.021221106316769323,0.19832541816533866,-0.001166366661588367,-0.0005638148711362886,-0.0020485460021384774,0.026951975391670397,-0.00013078698733200002,0.07805599452501906,0.019600751484002754,0.045670588408916725,0.033437388525168664,-0.016666666666666663,0.019059337674008026,0.0245310885321887,SPCS3,1.0,1.0,0.0,0.0,0.0,0.0,0,1,0,0.2417228495302478,0
esm3,SRBD1+ctrl,0.003770604848314707,0.056892496183777196,0.05478913279478762,0.04518786630294827,0.054399905653235804,0.07043800891199009,0.009345836316545767,0.008034811143565043,0.014215802081298912,0.026799674858593397,0.0019849539191151666,-0.009772557314122613,-9.93996885290116e-06,0.04866281432973537,0.000978833115167758,0.010000000000000009,0.0760709522795232,0.05472381521176609,SRBD1,1.0,1.0,0.0,0.0,0.0,0.0,0,1,0,0.5756183016076782,1
esm3,SRFBP1+ctrl,0.4108684951510235,0.02416163404913263,0.0535189605882043,0.08106818389590756,0.03425960557597807,0.2845971040040827,0.007880381618936868,0.004040643014363465,0.004613191992185388,0.021810038934039877,0.0013929162329683333,0.4855958712576977,0.054334825656640794,0.16362765035858326,0.27816075630563636,0.31666666666666665,0.11797311541649176,0.03211490302097031,SRFBP1,1.0,1.0,0.0,0.0,0.0,0.0,0,1,0,0.4063697637131852,0
esm3,SRP68+ctrl,0.035604424282949056,0.005332526844456694,0.010074473834301786,0.03489291696349651,0.01615933813387906,0.1530450273585656,0.0017709409197171344,0.000569062605644044,0.001934201197415053,0.015425468579381874,0.0001684257294983,0.11084657265908089,0.043405196521718335,0.06731929589498183,0.10718815546240541,0.026666666666666682,0.04871212538800731,0.017914652648709173,SRP68,1.0,1.0,1.0,1.0,0.0,0.0,0,3,1,0.31262356025591626,0
esm3,SRRM1+ctrl,0.0034608289984322618,0.03309080269172848,0.011240736734896395,0.04300835648123463,-0.023351839957966154,-0.22451180335667567,0.0014424181232849664,0.0008193198108778313,0.002905529196601845,-0.02898685350160656,0.00022688577882946665,-0.19545925421396984,-0.035576951167860006,-0.10495540833293075,-0.13409718289837294,0.036666666666666674,0.04969631041319717,-0.028868285551866824,SRRM1,1.0,1.0,0.0,1.0,1.0,1.0,1,3,1,0.6113009975947442,1
esm3,SSRP1+ctrl,-0.2084580327632101,-0.04735438623974383,-0.0336428348501403,-0.040563999759750106,-0.0338191965116344,-0.13962481453359454,-0.0035537617901961,-0.0026631068565186786,-0.005778046759150983,-0.01855528094015524,-0.0007086249534040998,-0.14481314647894702,-0.019636348024704747,-0.12937269815637278,-0.11932695334454296,-0.1633333333333333,-0.059309329001249515,-0.03607842236556691,SSRP1,1.0,1.0,1.0,1.0,1.0,1.0,1,4,1,0.3813281949620255,0
esm3,SUGT1+ctrl,0.024189876639444618,-0.0033109979682631554,-0.0039015073029032656,-0.015367102263445407,-0.0027830194277749243,0.000566854213235953,0.00015924436350663504,-0.00014883870946595193,-0.0007226182214562874,-0.0029340556831484363,-5.430390592663331e-05,-0.16064127323646152,-0.02647070695760545,-0.0377201170370024,-0.03730677139797956,0.03000000000000001,-0.022241194113323565,0.0004990545587318188,SUGT1,1.0,1.0,0.0,1.0,0.0,0.0,0,2,0,0.5245924615043881,1
esm3,SURF6+ctrl,-0.12181953643254921,-0.030265674547392558,-0.039334916087232365,-0.002676019111181399,0.0004503718870621694,0.04231119787101143,-0.001482269416252801,-0.0014816496021731185,-0.0005121155240635314,0.007991803308925802,-0.0003665419644676333,-0.1089235398207584,0.029089013048181383,0.024255185371968174,9.633702992891309e-05,-0.06333333333333334,-0.008129626598551496,0.0009311451271256285,SURF6,1.0,1.0,1.0,0.0,0.0,0.0,0,2,0,0.4369064449610569,1
esm3,TAF10+ctrl,0.29269293028711457,-0.06037964669387277,-0.0705952825629761,0.04060040875090065,-0.01746043098612086,-0.3262562262384979,0.0014530656238397333,0.0034803330681304847,0.0012875400287666317,-0.020994500520855868,0.0007072283575932334,0.09734868134540926,-0.0033276113580160693,-0.0254436761619935,0.0056107817272063225,0.18000000000000002,0.03986981588995092,-0.02532848982111043,TAF10,1.0,1.0,1.0,1.0,1.0,1.0,1,4,1,0.44414410929423925,1
esm3,TAF6+ctrl,-0.23807704074838823,-0.01827438767505729,-0.040421809311051216,-0.046319712455965924,-0.011828452357902771,-0.14733457502359779,-0.0011400387932856994,-0.0015025639886510807,-0.00034843764595256693,-0.006031114356768961,-0.0003939052112400666,-0.13970605727957677,-0.023492376962639432,-0.06102698723384029,0.0037614692417571594,-0.18333333333333335,-0.07446515154341386,-0.009235825267979761,TAF6,1.0,1.0,1.0,1.0,1.0,1.0,1,4,1,0.3496521614283542,0
esm3,TBL3+ctrl,-0.16470341307975658,0.0029920683909793557,0.005556124893483894,-0.0169522001002461,0.0052293469537675885,0.09508791468699478,-0.0003496054559946002,-0.000505301996752916,-0.0001360336297009009,0.009013732964083504,-0.0001114567664141333,-0.05858453214315159,0.0012762121997603737,0.006958078806002299,0.006675493686750984,-0.12999999999999998,-0.00857003625682549,0.012879464618171577,TBL3,1.0,1.0,0.0,0.0,1.0,1.0,1,2,0,0.5424007548958424,1
esm3,TCP1+ctrl,-0.00834524151963397,0.006630925593627342,0.011073864454693938,0.007230408258274766,0.004488135987242237,0.016905709951269426,0.0004556079705556326,0.00017770477605727475,0.0004363981218063288,0.0035960237041298693,5.996207861846655e-05,0.011405130438664831,0.006863882398689218,0.004413709544475804,0.013319176757695117,-0.010000000000000009,0.009522454583239961,0.0044515644998798605,TCP1,1.0,1.0,1.0,1.0,1.0,1.0,1,4,1,0.9150011412432962,1
esm3,TEX10+ctrl,0.1441528422773016,0.03624155928904401,0.04684219171095794,0.008499934332364309,0.013555132158592978,0.08940175056896173,0.0017331310858328675,0.0012408388598753595,0.0019595831823832435,0.005995237341434728,0.0003178754316953333,0.13121868124420438,-0.004042575400918458,0.03800932016846533,0.07087987959732221,0.06333333333333335,0.017022425501938426,0.018621942664151996,TEX10,1.0,1.0,0.0,1.0,1.0,1.0,1,3,1,0.5472084677774889,1
esm3,THOC7+ctrl,-0.028745085210674592,-0.04000783538999719,-0.03170433823748333,0.005914370353935568,0.02568225945959819,0.2628562581399735,-0.0020874235779047,-0.0015518009426480257,-0.00419332082381015,0.030964170897889498,-0.00038499241539586675,-0.06191171508620413,0.04864242271389807,0.07539135976383264,-0.050146806491882266,-0.023333333333333334,0.011272566681494714,0.03284692665612251,THOC7,1.0,1.0,0.0,0.0,1.0,1.0,1,2,0,0.3623114019185135,0
esm3,TRMT10C+ctrl,0.00941062068003636,0.00546771029883153,0.007425991147651541,0.00391802348956366,0.0064684049136180715,-0.029817008378930976,0.0012274074057737998,0.0008233949815384575,0.0008015035597895848,0.0031529115864259625,0.00023473935046543332,0.17035199492188746,0.015702474108842773,0.031165405734729073,0.06352246857782735,0.00999999999999999,0.012381741922657378,0.004099719972289269,TRMT10C,1.0,1.0,0.0,0.0,1.0,1.0,1,2,0,0.20298931797199302,0
esm3,TRMT5+ctrl,-0.08282643446672304,-0.006765096136393349,-0.0106120270516988,0.01265881703042874,0.005984355984217408,0.001398401356691244,0.0020225501308838664,0.0018830251959169875,0.0021337530466645216,0.003183095900368869,0.0004946033780773334,0.19730297992875767,0.00620652315922654,0.039568303808221295,0.09910978138067543,-0.09333333333333334,0.02321171843497345,0.007321320439453993,TRMT5,1.0,1.0,0.0,0.0,0.0,0.0,0,1,0,0.3015406880658885,0
esm3,TSEN2+ctrl,-0.034855242632636806,-0.00854907233445501,-0.01314222989040729,-0.012882827614717004,-0.003715901110051073,-0.018976169195186816,-0.00039115920662879944,0.00016618136057574193,-0.0003652890386115863,-0.004148941844005096,4.6452274546033255e-05,0.07923290810953397,-0.009748991513503317,-0.002963901240954988,-0.009293901970635232,-0.023333333333333334,-0.013230361410795163,-0.0020079646584885515,TSEN2,1.0,1.0,0.0,0.0,1.0,1.0,1,2,0,0.21439894004183485,0
esm3,TSR1+ctrl,-0.19271778537430717,-0.024639203113286563,-0.08760511604480947,-0.025045810953724972,0.007472852811293211,-0.24242942450161845,0.002832035223643,0.0027994326189826335,0.004601036104113776,-0.0016127444018825172,0.0005452260180997333,-0.11195942349793336,-0.03611209168952293,-0.02446712494227395,-0.07314954507136022,-0.13666666666666663,-0.03199694310871346,0.004502040661757745,TSR1,1.0,1.0,0.0,0.0,0.0,0.0,0,1,0,0.4128817226216927,1
esm3,TSR2+ctrl,0.08080153549250853,0.05174393097454144,0.08804775982526132,0.01704138998445866,0.031695711603635386,0.2789207266800115,0.0053394933541616,0.0019130960975277296,0.004697034907537478,0.016330202109063774,0.0008009478139380334,0.1476627620725033,0.0383968741289518,0.060612173204148,0.1893513556369879,0.07999999999999997,0.03479821825041266,0.028342028495639954,TSR2,1.0,1.0,0.0,0.0,0.0,0.0,0,1,0,0.22843338042327205,0
esm3,TTC27+ctrl,0.06937237532636503,0.1374697905589509,0.1562588241478652,-0.006163893744564164,0.04238670690291829,0.36036303957359134,-0.0011788991590341337,-0.001839883950026026,0.0045020215325277295,0.04330868138615127,-0.0005032500873009333,0.4429021606740527,0.045358973384035384,0.13121380665215768,0.38496195945997114,0.05666666666666667,-0.020952002864983204,0.045698942221675996,TTC27,1.0,1.0,0.0,0.0,0.0,0.0,0,1,0,0.41068156010206375,1
esm3,TXN+ctrl,0.07985845233075488,0.012022044980161017,0.0005611248060860552,-0.012322419090437103,0.004323759771002078,0.11172255378462104,-0.004122024402022366,-0.003910260329750319,-0.00681136188849459,0.015045907102750713,-0.0009329957344258333,-0.060308456594627136,0.011025451293198355,0.06643056693453571,-0.04535431371444184,0.026666666666666655,-0.03937420997276877,0.01628204876264061,TXN,1.0,1.0,1.0,1.0,1.0,0.0,1,4,1,0.3289616304149065,0
esm3,U2AF1+ctrl,0.23915927103858545,0.13846270442556644,0.1144650070512433,0.08453889200250819,0.07149477372778949,0.2545287955847871,0.009228453040123033,0.007260302971533868,0.023458849299246316,0.032904722508044694,0.0019485514300565333,0.4799514143907093,0.06831101754836588,0.17944428858892003,0.4234175631823855,0.22,0.1249847817109488,0.06361511384983494,U2AF1,1.0,1.0,1.0,1.0,1.0,1.0,1,4,1,0.3417682317764551,0
esm3,UQCRB+ctrl,-0.10487906056600486,-0.0045474302074023365,-0.002098723848122578,0.00051270394911108,0.0039556646076226625,0.05542587023152699,-0.0006574001163244664,-0.0005409700494303967,-0.0014858543479191837,0.015186299507140807,-0.00011991600816446664,-0.11257778807505876,0.012987430866869598,0.011322018144000837,-0.05864503809330259,-0.09333333333333334,0.00016709541576842568,0.007183912484701072,UQCRB,1.0,1.0,0.0,0.0,0.0,0.0,0,1,0,0.32176513248147914,0
esm3,USP36+ctrl,0.0083717502209489,-0.0011418905475214514,-0.003273515781868593,0.0139887219358192,0.007667073383807159,-0.03927130002490809,0.004764215399821601,0.002747569348503657,0.006132666349830118,-0.007784353402947928,0.0007112755944642,0.11039978040050802,-0.002613247194550398,0.007075997794154539,0.07430903171069682,-0.003333333333333336,0.025133256681489653,0.0074683515994460326,USP36,1.0,1.0,0.0,1.0,0.0,0.0,0,2,0,0.4078980133925427,0
esm3,UTP3+ctrl,-0.15900979531432297,-0.003148742555950342,-0.004682861502940135,-0.018886987042089753,-0.004643035343097217,-0.036052985962617155,0.0003560322026412016,-0.0001279367280960786,0.0020315974202022025,-0.0028569996872486736,-9.512746085723327e-05,-0.01602182680711132,0.004585947451176131,-0.02593250396822448,0.05255024236236281,-0.16,-0.025534123531691672,-0.00467187094135646,UTP3,1.0,1.0,0.0,1.0,0.0,0.0,0,2,0,0.5405138736578827,1
esm3,VPS29+ctrl,-0.022969812540035894,-0.019318085307208372,-0.009137087723049608,0.0012519810237569724,0.01408140761390204,0.11010480649692594,-0.0041232456763585015,-0.0021736959028391123,-0.007416146000579789,0.0285809931842458,-0.0005671788821928666,-0.12571636174680736,0.025958865174718754,0.056101392822357966,-0.10296738176097871,-0.016666666666666663,-0.009486131140253975,0.01847299421542396,VPS29,1.0,1.0,0.0,0.0,1.0,1.0,1,2,0,0.22582902049845377,0
esm3,VPS54+ctrl,0.08908981556215494,-0.0008517647288035501,-0.0015311801049314362,0.001593873257749771,-0.003046698680391674,0.05663662684016554,-0.004570242638389266,-0.0022046858646631584,-0.0046055872321061715,0.0089019386081228,-0.0005667468455309667,0.0643560604559833,0.006704091571765584,0.02620100776889726,0.049656646133174255,0.036666666666666646,-0.0034752333306093675,-0.0064306400805481485,VPS54,1.0,1.0,0.0,0.0,1.0,0.0,1,2,0,0.5640945945394885,1
esm3,VPS72+ctrl,-0.08545206227541835,0.0077447132334474604,0.020384730042219284,0.015560996484913233,-0.0068530218444617375,0.05484353023957855,-0.003313119212786332,-0.0012313424015514645,-0.005119910772633222,0.006013622204831602,-0.00039478884233783325,-0.11692917439207633,0.026746804944275615,0.030223902209018938,-0.15520098304430188,-0.09333333333333334,0.007191824519238564,-0.003311192457038111,VPS72,1.0,1.0,1.0,1.0,1.0,1.0,1,4,1,0.4252737889858132,1
esm3,WBP11+ctrl,0.1135196896839658,0.11527350433406602,0.10178092088987467,0.07792866774527803,0.034718026786974755,0.40336731152031263,0.003278216347098332,0.0009630497767809665,0.002552071526082907,0.032625762407463434,0.00038358646755420005,0.2948537524171057,0.07729112758143845,0.14118121403207243,0.20053988210619914,0.11333333333333334,0.11363191098616372,0.044557292295759665,WBP11,1.0,1.0,0.0,0.0,1.0,1.0,1,2,0,0.42102504191650636,1
esm3,WDHD1+ctrl,0.015416627461086976,-0.01635231067584721,-0.015824795765698934,0.013607928368205994,-0.001245126817713706,-0.011079263740907333,0.0006348645935455992,-1.414180683893355e-05,0.00043812785752517236,0.0031212997271513145,-5.303396998566666e-06,-0.12125756764234881,0.016187686115385274,0.003659119025154404,-0.02930044748007719,0.03,0.004044620741198361,0.0032875606173807435,WDHD1,1.0,1.0,0.0,1.0,1.0,1.0,1,3,1,0.3280301452685464,0
esm3,WDR12+ctrl,0.001279082227961396,0.00831301383155921,0.009636676790981383,0.033439254338523704,0.019872500931484533,0.12543366509810744,0.0012665471682945992,-0.00010747093201176246,3.588316162443187e-05,0.02481949627550516,4.78669147317666e-05,-0.016337301136676197,0.04574557677638206,0.06534790262354088,-0.009821334236280918,-0.006666666666666672,0.04787782476991406,0.037217180904979164,WDR12,1.0,1.0,0.0,0.0,1.0,1.0,1,2,0,0.5140451056698891,1
esm3,WDR3+ctrl,-0.26935981751247606,-0.0035941987539780027,-0.005112287056305953,-0.030175598953763465,-0.014408221970171275,-0.06297834598140918,-0.003012505670388533,-0.0014596898426009197,-0.001107140740180072,-0.002740215783868303,-0.00048672989942136674,-0.12085757937239054,-0.021426143972460898,-0.05977977891622288,-0.06899178034784077,-0.21,-0.04433822655121832,-0.013565782393654061,WDR3,1.0,1.0,0.0,0.0,0.0,0.0,0,1,0,0.6438446096605795,1
esm3,WDR43+ctrl,0.09908485577751218,-0.0010116800421344774,-0.0015010186413504378,0.04637040834240913,0.023009226730227688,0.09023597126001921,0.0040290715793768325,0.0034412101151073773,0.005208971073666431,0.0066824585670048064,0.0009499051763365668,0.06090482285778357,0.018183673526296757,0.06643505861756256,0.05668857172000482,0.06333333333333335,0.06753378754399803,0.015032376714532614,WDR43,1.0,1.0,0.0,0.0,1.0,1.0,1,2,0,0.5092539631373229,1
esm3,WDR5+ctrl,0.05386218359546749,0.012413951667061421,0.02761501507221442,0.06430014710639448,0.05014419179331527,0.15318078485114084,0.0017135689655939992,0.002943786734916465,-0.0020671065167226685,0.020850523769561796,0.001138511113822467,0.4207702404190152,0.053487776426121125,0.12331037278586508,0.1267209746874067,0.08000000000000003,0.08088234786479755,0.04254152878626486,WDR5,1.0,1.0,1.0,1.0,1.0,1.0,1,4,1,0.6053603977036652,1
esm3,WDR70+ctrl,0.18738052816690653,0.03793620262850006,0.03413697678738651,0.047015876238548804,0.032793314138172325,0.14773786563518748,0.002169386173288032,0.0014991166947155483,0.005565615923436222,0.02046991273412944,0.00037424328426523333,0.12333370366311676,-0.0009499928534591288,0.07220309897940769,0.09897269130241927,0.14666666666666667,0.05588199065612403,0.041932107912265794,WDR70,1.0,1.0,0.0,0.0,0.0,0.0,0,1,0,0.5656390988822039,1
esm3,WDR82+ctrl,0.06613980684721306,0.04509001037562491,0.05882078070502278,-0.024634836950926702,0.0034872674220853086,-0.1892648451415986,0.0036376304924488323,0.002367159645181268,0.009429991369581262,-0.008760399718427625,0.0007703215815126997,0.1302457162529951,-3.6989262108340824e-05,-0.019600409725916368,0.12878513234286862,0.07,-0.03717488686939191,-9.097899375117476e-05,WDR82,1.0,1.0,1.0,0.0,1.0,1.0,1,3,1,0.5730442773818926,1
esm3,WDTC1+ctrl,0.03781410917117934,0.04790860084834103,0.06888435444313597,0.03715960739359154,0.014770165103774343,0.15712030185309944,0.002225970228513067,-0.0002998417634784145,0.0019001776357373545,0.01100412503006426,8.945795707409991e-05,0.09314327247387637,0.03829092436392693,0.049665830196869244,0.13360867905947282,0.05000000000000002,0.04975739189987599,0.021150762006228157,WDTC1,1.0,1.0,1.0,0.0,1.0,1.0,1,3,1,0.4719341344251521,1
esm3,XPO1+ctrl,-0.005926566482611158,0.05618352677650784,0.05736178997971434,0.019932884065862726,0.019213141344722035,0.26265271264302464,-0.0004355559746424334,-0.0003811635655360061,-0.009298057947356645,0.00960889820059907,-1.2168350319066481e-05,0.04851604294511765,0.015435645212130847,0.059084547855750624,0.03626069373938733,0.013333333333333336,0.031277753251797734,0.01723491478379935,XPO1,1.0,1.0,1.0,1.0,1.0,1.0,1,4,1,0.7068059810139609,1
esm3,XRCC6+ctrl,-0.01650637404226853,-0.03374868087796662,-0.03644412645915063,0.0158094541264302,-3.3602350443769545e-05,0.2121098995205968,-0.0009178742766380333,-0.0023335679423752698,-0.0014419253407271422,0.011174968759994445,-0.0005042125315715668,-0.26942596846584055,0.058336281445051506,0.043649220794104306,-0.09867678885841935,-0.049999999999999996,0.00986301505332086,0.004519937176458007,XRCC6,1.0,1.0,0.0,1.0,1.0,1.0,1,3,1,0.7934984411636616,1
esm3,YEATS2+ctrl,-0.0647737433567946,0.011751087463682808,0.00856944926393847,0.021773273702787494,0.013108698541706052,0.10164377849997656,0.0017482135444879335,-0.00014737061589039277,-0.0001223216290291059,0.012739594591083694,0.00014508973496660002,0.34589774367075576,0.04116745321140258,0.06530404075278055,0.14211585293941628,-0.10999999999999999,0.03463531498033923,0.014576381961844298,YEATS2,1.0,1.0,0.0,0.0,1.0,1.0,1,2,0,0.46734752460625756,1
esm3,ZBTB17+ctrl,0.039629311747539774,-0.017390490726352865,-0.02790141973236726,0.01178277033377767,0.0033145109880939327,0.02833689001477126,0.0008293303350607658,0.00039349510821939937,0.0006301977289896085,0.004733519846834335,0.00012091853811096662,0.04178452435932917,0.004918900352137823,0.006100223171355057,-0.00549150074816243,0.05666666666666667,0.019259702987767923,0.0020651670019014765,ZBTB17,1.0,1.0,1.0,1.0,1.0,1.0,1,4,1,0.7242755891408792,1
esm3,ZCRB1+ctrl,-0.0009541191872058005,-0.02680158791223286,-0.023902546801966112,0.011176441386946206,0.007219017558598097,0.0484370562201922,-0.0021159251530965006,-0.000881465189168873,-0.0031844768474074505,0.013597949107221638,-0.0002286084539567,0.03151908779047033,0.006079489678954775,0.01963506329961558,0.0042803216120242986,-0.006666666666666664,0.004566074666104851,0.009863161967703723,ZCRB1,1.0,1.0,0.0,0.0,1.0,1.0,1,2,0,0.2678040058800341,0
esm3,ZNF335+ctrl,-0.007183971088611431,-0.05986825843709168,-0.06477432072903622,-0.013514868474733896,-0.0016830062884711228,-0.13751883054974,-0.0011749844998121342,-0.0007043617390240694,-0.002803470208663561,-0.001008872943621536,-0.0001426152690935,0.03931775311759917,0.022830915122094786,0.003127214713950758,-0.0223198948451637,-0.03333333333333333,-0.023841559527932616,0.001100341396347441,ZNF335,1.0,1.0,1.0,1.0,1.0,1.0,1,4,1,0.5138099604104251,1
esm3,ZNHIT6+ctrl,-0.01617068690265433,0.007295884622726752,0.0021205022410327734,0.0311704174686534,0.005180007285518984,0.07362485290785582,0.002372744182745567,0.0014232359257350484,0.004069160370831344,0.007616137455856838,0.0003021352070693999,-0.008667186921517337,0.029733562178449358,0.004076918306360551,0.0007337608068843648,0.013333333333333327,0.03724783724935882,0.0037514639088561306,ZNHIT6,1.0,1.0,0.0,0.0,1.0,0.0,1,2,0,0.32028276024241287,0
network,ACTR8+ctrl,0.021865615619412648,0.00322535983629287,0.016335187045306048,0.009833694388542933,0.0020917151836905754,0.11814079987515137,-0.000321483239531502,4.327360824896154e-05,0.0008393654415713344,0.004950977175939564,-1.0712285681333296e-05,0.04026075703096003,-0.008364316413912887,0.021980216333389868,0.046522413491793944,0.0,0.016227243774797506,0.005385901397623479,ACTR8,1.0,1.0,0.0,0.0,1.0,1.0,1,2,0,0.6566927135966314,1
network,ALG13+ctrl,0.0032184626282927334,0.007253544967164498,0.00922437387783065,-0.00839572923877623,-0.007436340942143664,0.023955140485211485,-0.0012956174711386663,-0.0008658702725989157,-0.0009751654785214633,-0.004045595140722308,-0.00023951532784846665,-0.016821555897180863,-0.005341939431411739,-0.006171813434898181,-0.012636783945974867,0.013333333333333336,-0.007603544984256906,-0.009156405786051406,ALG13,1.0,1.0,0.0,0.0,0.0,0.0,0,1,0,0.23444576227320837,0
network,ANKRD11+ctrl,-0.0055970113358582985,0.008560436346016739,0.01616728706248599,-0.004998143691309844,-0.022409193635521935,-0.09962157638783721,-0.0014737825840711674,-0.0014548245590177238,-0.002425014776764082,-0.01943837125213843,-0.0003752277310317333,-0.16542681424131456,-0.04813321383338901,-0.05227144347502514,-0.053633248643817875,-0.02,-0.0066845311509638,-0.02387225638382488,ANKRD11,1.0,1.0,1.0,0.0,1.0,1.0,1,3,1,0.48289262866118055,1
network,AP2S1+ctrl,-0.0574736010995448,0.004870395158136587,-0.00221745099996092,-0.008844091959420394,-0.008122199763492377,-0.06286530005385975,-0.00018439814448353276,0.0002508484193334641,0.0002398616896025496,-0.02001235273876022,2.8949308519566638e-05,-0.06310046361681244,-0.01450625996223683,-0.04023322446937535,-0.057649139985703556,-0.02999999999999999,-0.007474733225830726,-0.020007058190262456,AP2S1,1.0,1.0,0.0,1.0,0.0,0.0,0,2,0,0.6367654607463599,1
network,ARGLU1+ctrl,-0.009929564535305135,0.0029567688818941487,0.03476016507128473,0.0019365508647955405,0.009453481313184667,0.008070720712452462,0.001452332362532633,0.001188031342716167,0.002276505323042799,0.004850909240993226,0.00030483773055796663,0.09063600973719,-0.00783128887205605,0.007859385741947075,0.0386041553052638,-0.03,0.00884564522216407,0.011885714865753183,ARGLU1,1.0,1.0,0.0,0.0,0.0,0.0,0,1,0,0.3030444499073842,0
network,ARIH1+ctrl,-0.09212326927313345,-0.020678220378975525,-0.026435472616037365,-0.025691013864769758,-0.018647316324768255,-0.09725109316350529,-0.00039023160934449977,0.0001128633117431684,0.00029406529939468573,-0.015110343382466973,-1.482541362443331e-05,-0.1500167779555127,-0.014938509314616932,-0.06951677534923369,-0.08560348468926472,-0.10333333333333332,-0.035615255840057376,-0.02789132716768039,ARIH1,1.0,1.0,0.0,1.0,0.0,0.0,0,2,0,0.2872784534549865,0
network,ARPC4+ctrl,0.012067066287191055,-0.02419516561358609,-0.03253888382914938,0.004940239033680229,-0.007480812343192432,-0.02806545071786798,0.0003240574151277681,2.3302930000449842e-07,4.436594559146615e-05,-0.0123354164567063,1.2974604032933351e-05,0.0365529290829277,-0.004014476659884636,-0.019034625586796323,0.022391634716668107,0.0,0.005641252603168658,-0.011556761310436444,ARPC4,1.0,1.0,0.0,1.0,1.0,1.0,1,3,1,0.4253802065822827,1
network,ATP6AP1+ctrl,0.09659120015609572,0.028127061288704347,0.03545132894074158,0.032766916131932666,0.016188878288027158,0.03197200435653197,0.0016669022540251332,0.0004367725504897206,0.0011247846374576136,0.007129708157639599,0.00014858264088010001,0.10983909103358767,0.03456021243654298,0.05500459476137213,0.06639794170186221,0.06999999999999997,0.03324394622731874,0.02195616345428612,ATP6AP1,1.0,1.0,0.0,0.0,0.0,0.0,0,1,0,0.2770145243501594,0
network,BGLAP+ctrl,0.020037365553232562,0.019421529718396762,0.020696611914044816,-0.00743484213212416,0.0028859137326296413,-0.05442444563912171,0.0007106941193342001,0.0004145126641041201,0.0012418637617043944,4.0136147958104905e-05,8.82921158336e-05,-0.03455513800598777,0.004607606500505068,-0.011315915985718425,-0.013898472572680565,0.026666666666666655,-0.01151818319178403,-0.0008632542106695729,BGLAP,1.0,1.0,1.0,0.0,0.0,0.0,0,2,0,0.22603557976901004,0
network,BMS1+ctrl,0.030160301601196798,0.0020896518859816284,0.00036975134328923187,0.027979772809031234,0.007821361880666103,0.0358553713364859,0.0012540283302466006,0.0005725568645916409,0.0009012417529291236,0.006395416360617838,0.00022502460827430003,0.022452570518660158,0.02308359707508112,0.03433716599147041,0.018484052192319928,0.020000000000000018,0.03848186016264329,0.007217470998633975,BMS1,1.0,1.0,0.0,0.0,0.0,0.0,0,1,0,0.4094956656115338,1
network,BRIX1+ctrl,-0.01738606677838858,-0.02082922978489658,-0.03632083114823881,-0.00855399488597943,-0.00042278740621034167,-0.2138529562103184,7.346893350280066e-05,0.00019427636936101647,-0.0005008356840455382,0.004733480130085001,2.8424353028299865e-05,0.004002185555405824,-0.0011177157609166821,0.00744993989130005,-0.0028668996402592037,0.020000000000000018,-0.016816934693813068,0.0010017633153506973,BRIX1,1.0,1.0,0.0,0.0,1.0,1.0,1,2,0,0.708155646016739,1
network,BYSL+ctrl,0.1648258815784315,0.0034952809869427393,0.015344906623276219,0.029204671192859476,0.004794051189195865,0.07654225070570629,0.0003796219825744328,5.1660903009861e-05,-0.0011483258539881636,-0.0013560582814811188,8.128761934736667e-05,0.06102308794311506,0.014907738464812895,0.005152179295594898,0.03567305651465965,0.14333333333333334,0.03332771190175793,0.003780413373121442,BYSL,1.0,1.0,0.0,0.0,0.0,0.0,0,1,0,0.23304440545276975,0
network,C1QBP+ctrl,-0.023642867026589392,0.007995944349383813,-0.00013816709846290834,0.033002710603745766,0.012171772498134337,0.16613008873635518,0.0018654496719439663,0.0007655808775457832,0.0013568611821182335,0.004798415984708297,0.0002236762084067001,0.1938491318888594,0.023560382971876792,0.03854739288611109,0.12936255731050197,-0.006666666666666682,0.046995781760194366,0.01678480712987755,C1QBP,1.0,1.0,1.0,0.0,1.0,1.0,1,3,1,0.26397617216017966,0
network,CCDC86+ctrl,0.18516119306823406,0.05804476999799354,0.06347126547013153,-0.03016496248559693,0.00438949978196997,-0.07231929524343446,0.002652162685990367,0.0017059837125454151,0.004740775133753224,-0.015550093258666029,0.0004151321093862333,0.1822767061785965,-0.02423142196048152,-0.001473316133011641,0.1867836704808602,0.15000000000000002,-0.037022176034608,-0.005306837170164965,CCDC86,1.0,1.0,0.0,0.0,0.0,0.0,0,1,0,0.4931652481961014,1
network,CDC123+ctrl,-0.07737915690362836,0.01060190141722687,0.01867568495438728,0.001288096969347859,-0.004390208079688836,-0.1356955460505028,0.0018200346579154668,0.0012086746205512606,0.004133810101488981,-0.014279075110374101,0.0003064389068944,-0.1378142750603548,-0.03294554816180214,-0.04440739871377645,-0.0815331272645768,-0.06333333333333332,0.001318422216320475,-0.016249577298244056,CDC123,1.0,1.0,0.0,0.0,0.0,0.0,0,1,0,0.31292809537488786,0
network,CDC23+ctrl,-0.04657212528859639,0.018485435978183345,0.01735122394963662,-0.0016082762235910726,-0.002837535859537166,-0.042217663611605616,0.00035248200098669916,-2.5052136804297e-06,0.0003877090075085077,-0.003917164675622142,8.536890769999967e-06,-0.003440350673975856,0.00710632737379165,-0.01377036297792611,0.007506720523288352,-0.003333333333333336,-0.006716486195011935,-0.004400370761256249,CDC23,1.0,1.0,0.0,1.0,1.0,1.0,1,3,1,0.7904466040253506,1
network,CDC40+ctrl,0.15725007206668845,0.10931838605158262,0.0840783889145829,0.02109303604211113,0.0020337881758888585,0.15993729549422578,-0.0003333911299705332,0.00021427638280095232,0.004319374037104806,0.005259462654240821,-2.5535856063166713e-05,0.1969661021916177,-0.01487569529000532,0.08460920777162954,0.1886108849499122,0.10333333333333333,0.03968465950413235,0.010303338631155476,CDC40,1.0,1.0,0.0,0.0,1.0,1.0,1,2,0,0.5481621911202976,1
network,CENPC+ctrl,-0.25545987867844283,-0.030836137376407263,-0.029204423819170544,-0.08595436573919328,-0.021126052239470988,-0.5852868130478585,-0.0012555650124947335,-0.0006635508798480035,-0.0014184412092680028,-0.02633718631936664,-0.00022494381604093328,-0.14719375254279274,-0.023349247359839342,-0.11256907522960839,-0.07438122223827381,-0.17999999999999997,-0.14470716524269908,-0.03896926643987516,CENPC,1.0,1.0,0.0,1.0,1.0,1.0,1,3,1,0.2646113918751577,0
network,CENPE+ctrl,0.009750157593535461,-0.01728520576070769,-0.016101298681325853,0.03274818207227665,0.022414958838524412,0.11497764053937266,-0.0004063540448744675,-0.0007647975824400058,-0.0020415122499600016,0.030045709123524195,-0.00010788960692776667,0.12382376220339365,0.04969999299202321,0.07174661550720303,0.03188787293727563,0.006666666666666654,0.04239060252746064,0.028117001516519524,CENPE,1.0,1.0,0.0,1.0,0.0,0.0,0,2,0,0.5586735532992282,1
network,CHERP+ctrl,0.02675640788170937,0.020275007541092682,0.037457737686348636,0.00700064600180994,-0.013161097443981806,-0.1271783874472587,0.002146272609631201,0.0015770968700264214,0.004905817428703625,-0.01340722850459363,0.00040761808243889994,0.11275817057023356,-0.005682746774836267,-0.01113880869372926,0.09741813876353779,0.016666666666666673,0.010248287105107001,-0.020727473197271824,CHERP,1.0,1.0,0.0,0.0,1.0,1.0,1,2,0,0.4241300090912932,1
network,CHMP6+ctrl,0.13135393377411878,0.030453462121431813,0.014020595081738252,-0.005940946235262164,-0.001124859096144797,-0.004778873960112691,0.001091656275093567,0.0006079064659451813,0.003439564529810609,-0.003608367819913666,0.0001585735202146333,0.06569833761675099,-0.002297169410424719,0.08263715932440556,0.05019305821435235,0.10000000000000003,0.0005814566785440808,0.004959383601165028,CHMP6,1.0,1.0,0.0,0.0,1.0,1.0,1,2,0,0.6867550015191156,1
network,CNIH4+ctrl,-0.059115170387256465,-0.022043763329133197,-0.020796276339079527,-0.0014068070050833696,-0.0077761752326728035,-0.015738933126492122,-0.0012028807153304337,-0.0005974490268820057,-0.0005360296618004782,-0.004494828965771432,-0.00019242447645713336,-0.15041174692215073,-0.012395954208524537,-0.009237407373378784,-0.07470598184296993,-0.02666666666666669,-0.005772165407857262,-0.005599047941216388,CNIH4,1.0,1.0,1.0,0.0,1.0,0.0,1,3,1,0.19010964496895616,0
network,COG2+ctrl,0.029622028460898,-0.01623951254584477,-0.02298870842308583,-0.008548191663086005,2.7222761709929284e-05,-0.12341651226691784,0.0024351629739006,0.0007940300178918743,0.0007451434136939531,-0.011956117297827676,0.00024192181687486664,0.038886164309529424,0.004725858805545287,-0.01782212175958986,0.02343830055099484,0.049999999999999996,-0.008271133457639681,-0.0021476549822992963,COG2,1.0,1.0,0.0,0.0,1.0,1.0,1,2,0,0.5673653870177205,1
network,CPSF3+ctrl,-0.15283810164955103,-0.06451195896262667,-0.0789194428410314,0.03942677965323266,0.0002928993387810719,0.16985865040270753,-0.0019167431940635,-0.0017719489306234903,-0.00776602406294787,0.021730404657873865,-0.00039720430504529996,-0.3011439411049938,0.040789115198885804,-0.017648177956019844,-0.317139400676657,-0.1366666666666667,0.04237458020983125,0.00711117163702731,CPSF3,1.0,1.0,0.0,1.0,1.0,1.0,1,3,1,0.60570893428095,1
network,CPSF4+ctrl,-0.05267810455808486,0.02069390149038543,0.022042813978882202,0.007698634873930114,-0.001224121096778663,0.20954215365040343,-0.0007599579791228023,-0.0012381520943633613,-0.0017797881615576234,0.001254540346076786,-0.00024632356750470003,-0.10453116774074893,0.022988018714033293,-0.008838786072714044,-0.08513137961153545,-0.06333333333333332,0.011093979412246694,-0.001337834549244891,CPSF4,1.0,1.0,0.0,0.0,1.0,1.0,1,2,0,0.4123701936169123,1
network,CSTF1+ctrl,-0.19207621387572768,-0.061332224084638086,-0.07484742512149145,-0.044415301207694435,-0.015318874000160354,-0.44195957436380157,-0.0007561861226956004,-0.00014595196274284442,-0.0015591439581500073,-0.01737914022639896,-4.332132327059999e-05,-0.24167097977383536,-0.01862744357196877,-0.10240855710009693,-0.20578053756017514,-0.20333333333333334,-0.0859983241149017,-0.020896566728149768,CSTF1,1.0,1.0,0.0,1.0,1.0,1.0,1,3,1,0.44643072922817745,1
network,CSTF3+ctrl,-0.04166111719598483,0.00013627680900544595,0.008801542382854244,-0.0050694830147428776,-0.0013778452947490287,0.028867629124636068,0.0009312778711318646,0.0006377117245720173,0.0016928133437396446,-0.0011680961076008984,0.0001995307393372001,-0.010748226131814328,0.004433696716220477,-0.029632394251338495,-0.024836503830192997,-0.04666666666666667,-0.001980957141666536,-0.0022254059265050716,CSTF3,1.0,1.0,0.0,0.0,1.0,1.0,1,2,0,0.6824054723626845,1
network,CTR9+ctrl,-0.20770207458193887,-0.11658386744184863,-0.10105767466923483,-0.023733692620979536,-0.040337571773695714,-0.05895657537727361,-0.006802317375938101,-0.005544312352244877,-0.014158879518250863,-0.0102999866912843,-0.0014777297619729998,-0.15681200555698493,-0.006170296848068579,-0.06439654269693011,-0.1560225588739745,-0.13999999999999999,-0.0517818491119266,-0.03722984116634757,CTR9,1.0,1.0,0.0,1.0,1.0,1.0,1,3,1,0.6233993345430592,1
network,CUL1+ctrl,-0.007231877877061042,0.023566239869949508,0.019174757396761666,0.010140648806021455,0.007482466610651134,0.022494599139506816,0.0012098662555217997,0.00027468378750587313,3.0751233230078924e-05,0.00786319365434184,0.00011499718918156665,-0.07738867386057995,0.023022006090056484,0.012100748873072035,-0.05451746597622396,0.003333333333333336,0.012770967823764042,0.010118009115450799,CUL1,1.0,1.0,1.0,1.0,1.0,1.0,1,4,1,0.9133993792441149,1
network,CWC15+ctrl,0.2675582937894751,0.061041884461824715,0.05757302958355315,0.03666423360088917,0.05414052746543289,0.061367835973431685,0.007423673445979768,0.006327049439333747,0.016171242326188273,0.0200940417655595,0.001670784394567167,0.27534536242229696,0.029231385655758335,0.10369573134687222,0.24368866483157756,0.16333333333333336,0.060823027016222976,0.04210061011138152,CWC15,1.0,1.0,0.0,0.0,1.0,1.0,1,2,0,0.6531893421116421,1
network,CWC22+ctrl,0.02989273007808883,0.050164585166223095,0.054815814616634984,0.007710026094025213,-0.029816472309736147,-0.04501338775840402,0.0007344099382559968,0.0005332950901453248,0.002663728197308498,-0.016020854352452707,0.00010057887993749992,0.05267249430037783,-0.0064818219345929755,0.0022378820311295864,0.05869485217842293,0.02,0.008544264942373,-0.02649303296870002,CWC22,1.0,1.0,0.0,0.0,1.0,1.0,1,2,0,0.5408070291688098,1
network,DAD1+ctrl,0.053331955730124565,-0.039961234195935974,-0.005173865141451295,0.017660596304832216,0.03202339187293409,0.20383513004880016,-0.001020594810446131,-0.0007046378629652628,-0.002888670883568145,0.03220125475248937,-0.00014876651888096667,0.14371074803131492,0.028917522172043315,0.06244426134631487,0.08181508495111667,0.06333333333333334,0.013703912300856371,0.03407386904202062,DAD1,1.0,1.0,0.0,0.0,1.0,1.0,1,2,0,0.1691843451194338,0
network,DBR1+ctrl,0.0013654033684220301,-0.014316488733525257,-0.01473845356909853,-0.01296901640209073,0.0004679299886842421,0.11877013628974288,-0.00023012297848859845,-0.00042534688157576844,0.0009034080744048841,0.002989101440209141,-0.00013071042485533331,-0.03795455129367433,0.00030622668437999917,0.001914321514526603,0.02826759355069977,-0.013333333333333327,-0.010561646760084956,0.002764561239315788,DBR1,1.0,1.0,0.0,0.0,0.0,0.0,0,1,0,0.27925464191821814,0
network,DDOST+ctrl,-0.0025072579146135643,0.009487362598768645,0.012385782389219169,0.016549740561024828,0.014438648795472667,0.18048119014683328,0.0011972915381192998,0.0008878179150364485,0.001999631752262513,0.013592741323359525,0.00023478793445973323,0.10116977296371132,0.007732878275660345,0.029214826853403375,0.046538818329297175,0.023333333333333334,0.024921291271607787,0.01172378550672241,DDOST,1.0,1.0,0.0,0.0,1.0,1.0,1,2,0,0.2679471985189293,0
network,DDX41+ctrl,0.10227159239921695,0.04575602172952686,0.036345847998705105,-0.0026161133060694695,0.018072122316499267,0.005610204007617747,0.004254978771011002,0.0027404115327865908,0.00740295086466843,0.0005635906556907452,0.0007937410846352668,0.13864068394828558,-0.004207047024246384,0.03328431476073187,0.135976107329917,0.08,0.006436604997877793,0.009753435537194433,DDX41,1.0,1.0,0.0,0.0,1.0,1.0,1,2,0,0.6636205651969963,1
network,DDX49+ctrl,0.0016956765528004514,0.00017288502009908205,0.0018978100679824343,-0.007168341967875265,0.0028962326955982074,0.0395211799916102,-0.0005649601419766998,-0.0007549688518539247,-0.0009549195878362596,0.0009246935624405891,-0.00020053936168553323,-0.01054588270058728,-0.0003324413853002343,0.01938286881245969,-0.005538269341378341,0.023333333333333355,-0.016666394715596083,0.0015218529432032835,DDX49,1.0,1.0,0.0,0.0,0.0,0.0,0,1,0,0.7429643407329919,1
network,DDX5+ctrl,0.013803430247360438,-0.007537976255107788,-0.020556165138811977,-0.003951463475767025,0.0001366715782071907,-0.03833009956683006,0.002384546523292834,0.0011033699276777516,0.0025663905352233027,-0.011077526491188566,0.00034701692250866664,-0.022537987868700704,-0.0020272912509058383,-0.01296627243415375,-0.01838299553807147,0.01,0.0021746490103337346,0.00025106654646537646,DDX5,1.0,1.0,1.0,1.0,1.0,1.0,1,4,1,0.5836969832086772,1
network,DDX52+ctrl,0.060482062559795234,-0.002545595028624429,0.0009578772130363067,0.029505859501133797,0.00768391322939362,-0.012697687657700851,0.0018837731331586664,0.0006910505004980028,0.0007905449514327145,0.003124529530334171,0.00019079570968946668,0.026922417221114475,0.015954321465633397,0.012484219655762185,0.03303335816339289,0.03666666666666666,0.02904765112400909,0.00728965484244289,DDX52,1.0,1.0,0.0,0.0,0.0,0.0,0,1,0,0.6127731106876021,1
network,DDX54+ctrl,0.1821069613448885,0.06586265134911094,0.07636915906562684,0.026708802519657304,0.0057788599564077,0.00300839099233563,0.002070471023519834,0.0016947615834663015,0.00224732792122595,0.0005293699866349052,0.0004382148229827335,0.15822820191708922,-0.01798884966085527,0.0038309302160436007,0.08788618127871667,0.1433333333333333,0.025009764087264214,0.0020478541027719364,DDX54,1.0,1.0,0.0,0.0,0.0,0.0,0,1,0,0.7092284389812483,1
network,DERL2+ctrl,0.19961625915632805,0.05829120505334362,0.0707715928323801,0.04706271000906293,0.02387058159839106,0.21706044785350262,0.0017111854006847,0.00031624866954682584,0.0017264726286239467,0.019838241795889767,0.00014073952722053334,0.23386348269140247,0.026021580980525982,0.09611200131808295,0.17860589313537653,0.17666666666666667,0.0685562749876478,0.03419056474401139,DERL2,1.0,1.0,0.0,0.0,1.0,1.0,1,2,0,0.3173222912462554,0
network,DHX37+ctrl,0.049755919966383844,0.006962025756788726,0.010085287029438783,0.0264349268630485,0.012930856665328783,0.05862918064453108,0.0025877949471275336,0.001508051994223399,0.0020925185477007244,0.007856132809692237,0.00031434635942183335,0.015861762796572438,0.011559345973548315,0.02866978714032938,0.002739043373785166,0.043333333333333335,0.031176151573860278,0.01477118991661841,DHX37,1.0,1.0,0.0,0.0,0.0,0.0,0,1,0,0.8140257550206905,1
network,DLD+ctrl,-0.009446859574306979,-0.0012953906973699654,0.004119862107604529,-0.006600144074452909,-0.008947776149068767,-0.02192015232004933,-0.00012834866841636658,-0.0006246631393932814,3.930710559592784e-05,-0.008067792673939264,-0.00010983638154960023,-0.08605323827647689,-3.271600916140057e-06,-0.036635603521263195,-0.05542275116932204,-0.013333333333333355,-0.009590997923857278,-0.007389601007169418,DLD,1.0,1.0,1.0,0.0,1.0,1.0,1,3,1,0.3562267117635941,0
network,DNAJC8+ctrl,-0.014166456561835905,-0.0695709123083821,-0.07425853913962414,-0.042013698438675195,-0.017238008053881166,-0.24731033197259963,-0.002769610534111601,-0.0005515870878084472,-0.0017286871330019677,-0.02216619356369522,-0.00021988071966916672,-0.13117914762361357,-0.051038019632898335,-0.06581636217332239,-0.1019701945028722,-0.020000000000000007,-0.06372446477077816,-0.030864665255734097,DNAJC8,1.0,1.0,0.0,0.0,1.0,1.0,1,2,0,0.6049272075377098,1
network,DNTTIP2+ctrl,-0.11267492019999377,-0.03977935702430321,-0.06685393271086093,-0.021888157743613735,-0.06713180504288599,-0.18290551899401566,-0.010762458667159065,-0.005636119897045229,-0.008779168191588194,-0.025453939786477458,-0.0021103568142280004,-0.49527478712137124,-0.06841466535780398,-0.15595161942601837,-0.3382347671633347,-0.08333333333333336,-0.04424322655506304,-0.05495568366052517,DNTTIP2,1.0,1.0,1.0,0.0,1.0,1.0,1,3,1,0.5084353830963247,1
network,DONSON+ctrl,-0.31011509749170374,-0.08135580201559851,-0.09266706819816972,-0.031295527086370366,-0.03344333639914849,-0.30565184887549307,-0.006064860460658866,-0.003307117051589851,-0.006054698138549826,-0.013890524746147659,-0.0009333087364211667,-0.4195978063411232,-0.034404720850450134,-0.1138901255193403,-0.27274942940660757,-0.27,-0.06455665518725788,-0.047363656290990507,DONSON,1.0,1.0,1.0,0.0,1.0,1.0,1,3,1,0.5098475125756874,1
network,DPH2+ctrl,-0.02425219291312447,-0.037139453109284605,-0.03302437193871699,-0.0018272735615752305,-0.00010156372564356271,0.027143539013506662,-0.001644772167007134,-0.0008785546107126599,-0.0014408500654220502,0.0025338553625565605,-0.00024995875234406676,-0.06509407668683632,0.00024621962908340694,0.01044768446728117,-0.011578496815806966,0.006666666666666664,-0.006800825316680424,0.0001839364388517284,DPH2,1.0,1.0,0.0,0.0,0.0,0.0,0,1,0,0.24773313253560908,0
network,DYNC1H1+ctrl,-0.3183040866139379,0.0013106682684911701,0.007362123817970893,-0.08139198057967734,-0.02192656466676408,-0.4700675622797342,-0.000529119744896935,0.0008547601477609431,-0.0007181842850990661,-0.034852682527946974,6.507527238376667e-05,-0.296830016143732,-0.05303385241421358,-0.15611062559382963,-0.25030075680284763,-0.24,-0.1362418347960155,-0.04645057677085329,DYNC1H1,1.0,1.0,0.0,1.0,1.0,1.0,1,3,1,0.34089075469674274,0
network,DYNLRB1+ctrl,0.01987106800996376,0.028078320693723107,0.02740243273132555,-0.004022111691916565,-0.0021574946093156355,0.10641233557076861,-0.0009381876637538656,-0.00020086012615253926,0.00019857363176312148,-0.001184919484534595,-0.0001082203234546,-0.017545544874255765,-0.0057047123609825405,0.0004479419898071694,0.015509652751352595,0.01999999999999999,0.006729776510383867,0.0005411874347399278,DYNLRB1,1.0,1.0,0.0,0.0,1.0,1.0,1,2,0,0.37186370402828745,0
network,E4F1+ctrl,0.0569763350741134,0.024933525117745232,0.03067495616787023,0.057791037859246754,0.043852396263143356,0.35257819707350285,0.003997514024376866,0.002639357343578045,0.006255817978580806,0.03705086585140085,0.0006657733271519667,0.34200201442040484,0.05882751439108421,0.13125540544716705,0.2793844003092389,0.060000000000000005,0.08147539416827995,0.05348945932377488,E4F1,1.0,1.0,1.0,0.0,0.0,0.0,0,2,0,0.5905356331533801,1
network,EBNA1BP2+ctrl,0.20072199817240874,0.04036438658075858,0.04143664364993793,0.01842009978999463,-0.003001290769535203,-0.001013744917316058,0.0030298729737599658,0.0035220143744686774,0.002345457078716954,-0.0057803619400080926,0.0008493089893211667,0.1398161969845322,-0.04716976807273795,-0.017317895260449134,0.08062043552250657,0.15666666666666665,0.02494398031025945,-0.004241996991856493,EBNA1BP2,1.0,1.0,1.0,0.0,1.0,1.0,1,3,1,0.4785714492750178,1
network,ECD+ctrl,0.19434850366301257,0.1402221225488387,0.11631569910522603,0.06302407488752021,0.03443973057498625,0.36055470934106965,0.004171876236796366,0.003017962619578466,0.011697403285019078,0.019624710846877513,0.0007016608336319666,0.40877069636073227,0.009272464052589191,0.10527243704780775,0.30799059422952885,0.16,0.09225704383425355,0.03835865020847351,ECD,1.0,1.0,0.0,0.0,0.0,0.0,0,1,0,0.3536610604497916,0
network,EIF2B3+ctrl,0.005678121042306102,-0.0010375004351634114,-0.0008883120472938563,0.00405854920010464,-0.0005663690304376634,0.023832095372631795,0.00021242847045266586,7.144340275929324e-05,0.00033574922848696637,0.006525470574697008,1.7931626643933322e-05,0.0022763647585444615,0.0016750215703692877,0.008823660036503145,0.0012338338794630384,0.013333333333333345,0.008055808186960342,0.0023913317111472487,EIF2B3,1.0,1.0,0.0,1.0,1.0,1.0,1,3,1,0.7169773594364061,1
network,EIF2S1+ctrl,0.012545237642094845,0.01811568212487739,0.009955840311338301,0.011863921222066679,0.017025428058202136,0.02173996946827143,0.0024721572796504005,0.0031864826754911166,0.007180449215217877,0.003724472807962509,0.0007970145282646,0.012825291044993007,0.010806077207216047,0.02932115540237797,0.03000221443241957,0.016666666666666607,0.018097575212905448,0.018165209489034995,EIF2S1,1.0,1.0,1.0,1.0,1.0,1.0,1,4,1,0.33367386319370723,0
network,EIF3E+ctrl,0.10732343305818244,0.07421689945141145,0.07879370361530895,0.01994228015496331,0.02947290999670314,0.08321996775635716,0.003165322045485167,0.0029491015639211784,0.006733027007041037,0.008777794354561644,0.0007975409583498668,0.20604871128540267,0.01803390248125643,0.07183702086683279,0.15912342291882434,0.08999999999999998,0.04054843328694561,0.033212422505715954,EIF3E,1.0,1.0,0.0,1.0,1.0,1.0,1,3,1,0.5226165755263349,1
network,EIF3F+ctrl,0.021205842394928287,0.018397222424287235,0.013777504821873204,0.005994346584940534,0.013952543618853341,0.05816343833733987,7.586243251959945e-05,0.00043679908409407126,-0.00040915865289233483,0.0069897221534308,0.00011633445198336659,0.02422300672717498,0.011515755740782304,-0.0009954959781645438,-0.005444251579846303,0.03666666666666666,0.008545139764893498,0.013538654061153657,EIF3F,1.0,1.0,0.0,1.0,1.0,1.0,1,3,1,0.7831224346710105,1
network,EIF3G+ctrl,-0.051796451723076155,-0.0713085687934756,-0.08601983609421991,-0.01864504061150789,-0.015336506373541966,0.01999580830478968,-0.0025669808189074015,-0.0035303287552047222,-0.004860489035461287,-0.005024963435431906,-0.0008115545691301002,-0.08438234028383208,0.007828475535681148,4.197961145087822e-05,-0.0597114411775602,-0.053333333333333344,-0.021579885897226536,-0.012701680844839136,EIF3G,1.0,1.0,0.0,1.0,1.0,1.0,1,3,1,0.3046157550487529,0
network,EIF3J+ctrl,-0.025008798496222284,-0.03521969346299286,-0.025798117402579496,-0.0004314155694943034,-0.011143614334418869,-0.08498059365835957,-0.003704887504378966,-0.002994741128744242,-0.004768720102509986,-0.005108235522545894,-0.0007884133762369669,-0.035129809692419356,-0.0015528842041723963,-0.0046539263425932065,-0.0041539592877010605,-0.003333333333333336,-0.016269848940007676,-0.01387468398540385,EIF3J,1.0,1.0,0.0,1.0,1.0,1.0,1,3,1,0.2960572400395116,0
network,EIF3M+ctrl,-0.10826370928191066,-0.03592260962594555,-0.037425692338194115,-0.006775164099913984,-0.009464357852487235,0.0018348968864312365,-0.0037456235537926333,-0.0024783119072725457,-0.004654558874181092,-0.001228502226051198,-0.0006695121216277332,-0.09864332806329494,-0.007511119639415716,0.02403533413542447,-0.04173743965942415,-0.09000000000000001,-0.01792540981832864,-0.01534743537140267,EIF3M,1.0,1.0,0.0,1.0,1.0,1.0,1,3,1,0.664131624522618,1
network,EIF5A+ctrl,0.0028908011002858245,-0.030292290937794158,-0.03479923443191189,0.0006617863336834118,0.0029119748030526638,0.08828020657694928,-0.0022916216403246017,-0.001991879817635563,-0.0032771112426578743,0.005845129817395174,-0.0005167861624310333,-0.008325533470744897,0.026947851383134085,0.031080540939516472,0.0086059851268447,0.026666666666666682,-0.005112129263829053,-0.0015046917894667722,EIF5A,1.0,1.0,0.0,1.0,0.0,0.0,0,2,0,0.21732101033867016,0
network,ELP5+ctrl,0.03847450194793607,-0.0011745415714945844,-0.005775163429722692,0.005643179311975795,-0.00026599190999583117,-0.015954460794788478,0.00023045794417459893,2.5300519537974075e-05,0.00018545688774388816,-0.000875858477553032,3.135530278066677e-06,0.035287872327001736,-0.008010583450988595,-0.003171619445234697,0.02818665618242767,0.026666666666666682,0.0038339912257576345,0.002362287474626338,ELP5,1.0,1.0,1.0,1.0,1.0,1.0,1,4,1,0.26928611818610937,0
network,EXOC7+ctrl,0.012820226445212995,0.005396948717736864,0.004448188197811435,0.008370862021034117,-0.002343016949256427,0.04509239607167707,0.0004098887244860308,0.0002837867577174154,-0.00035802467828090673,-0.0007008353492305996,9.566374743980004e-05,0.0013572346309369359,0.0010358487137487697,0.005906773042543241,-0.01369053034280923,0.010000000000000009,0.013093705747977469,-0.00215414094384155,EXOC7,1.0,1.0,0.0,0.0,1.0,1.0,1,2,0,0.6055215390791784,1
network,EXOSC10+ctrl,-0.3512311990021965,0.0005118992511942514,-0.002385781700771602,-0.040291582393919466,-0.0028470236923096213,0.06489907559639914,-0.0044677189240853,-0.0024356566226951446,-0.006820191664807666,0.004420028547986492,-0.0006334370118566,-0.14847262654677312,0.012432845137308543,0.044313228703498374,0.02871742567297843,-0.28,-0.04492252584891177,-0.0007698726990340576,EXOSC10,1.0,1.0,0.0,0.0,1.0,1.0,1,2,0,0.4050002095579269,0
network,EXOSC2+ctrl,-0.21462588367649404,-0.04648538921573334,-0.050527165668392805,-0.004047895813084966,-0.022217988027384238,-0.03053594710692727,-0.0044314047942559,-0.004696528567672553,-0.008534281869329585,0.00683265028872677,-0.0013140985198940001,-0.078628346742873,-0.010015463655937565,-0.0727515083091456,-0.03451199801715036,-0.18000000000000002,-0.019549372390998982,-0.010963089035928797,EXOSC2,1.0,1.0,0.0,0.0,1.0,1.0,1,2,0,0.7118852605461615,1
network,FAM50A+ctrl,0.017816640605094747,0.015567892952962126,0.0232768317990254,0.027714607219057625,0.005725096931769628,0.11703658180239145,0.0002515303591887341,0.00026284904073418475,0.0008703267027588465,0.009703012044198508,0.00010709604248406686,0.026248457352951986,0.005799295079802147,0.013653518448704252,0.012973770176551972,0.023333333333333317,0.025286637815029173,0.005193350889601008,FAM50A,1.0,1.0,0.0,0.0,0.0,0.0,0,1,0,0.24916021351100925,0
network,FASTKD5+ctrl,-0.0027462658422819273,-0.02285332882761319,-0.010008392889544693,-0.015100759678190892,-0.017395950194975234,0.03438246009659542,-0.008924396087725966,-0.005508939965298887,-0.011415655344132247,0.016478515561449636,-0.0014333396296327334,0.036902871332619526,0.030641971264057655,0.027332191975715386,0.03675095352050833,-0.033333333333333326,-0.03646605369480211,-0.011889708453712955,FASTKD5,1.0,1.0,0.0,0.0,1.0,1.0,1,2,0,0.38333396280880566,0
network,FCF1+ctrl,0.038249983639733275,0.007539820132769659,0.019362394839890402,0.007195625776286102,0.010713870837352665,0.025661325007861596,0.0015697870403527994,0.0006727754629666238,0.0012465671617023129,0.0026201389882712554,0.00020271050743753336,0.029007687219768763,0.012487219585939383,0.02285606487725167,0.03866272539387675,0.033333333333333326,0.011461107809674622,0.006072399149064027,FCF1,1.0,1.0,0.0,0.0,0.0,0.0,0,1,0,0.5714700992769537,1
network,FTSJ3+ctrl,0.024052043750936697,0.05341612739992004,0.05756467323120092,-0.00732896613808709,0.0025466604839041174,0.09197442352720941,0.001162370045979834,0.0009382728750058448,0.0018287761127867193,0.004792754040082188,0.00023186773372196661,0.12469766799315056,0.003112005708142259,0.03218737925032974,0.09727487146454827,0.06999999999999999,-0.00182591570658458,0.010578294447164035,FTSJ3,1.0,1.0,0.0,0.0,0.0,0.0,0,1,0,0.34744171967685405,0
network,GFER+ctrl,0.14049733368142972,-0.008790083982612495,-0.00461648743615406,0.024863077557127394,-0.001039877371247509,0.11671667635141965,-0.0007948894053697678,-0.0005876508056572213,0.0001569675902849769,0.005852811229062467,-0.00014193066939086668,0.07450702636190258,0.015663683642267445,0.03538923586687522,0.0669740372242006,0.07666666666666667,0.023403697395919566,0.0001261072731383687,GFER,1.0,1.0,1.0,0.0,1.0,1.0,1,3,1,0.19088081812579477,0
network,GFM1+ctrl,0.2157478501393341,-0.01125708355204654,-0.006040952489100489,0.0024673302536628674,-0.007915990595095105,-0.008354200972482092,0.0006298422813415331,0.0003128629987960337,0.0007223118368923457,-0.013239051356600473,7.580076150286669e-05,0.17710177006765507,-0.023422910350501036,-0.017679219489270353,0.12727352791615246,0.17,0.0030725151879823684,-0.012915606695660387,GFM1,1.0,1.0,0.0,0.0,0.0,0.0,0,1,0,0.6268323558589625,1
network,GNL3+ctrl,-0.16823543373532113,-0.023553973302342452,-0.041711358453187936,-0.03801799914492899,-0.01180115852490297,-0.12064564836282543,-0.0022724711646636016,-0.0023093009494978465,-0.003451236016480711,-0.003398067224814468,-0.0005356287971759667,-0.12693424512340304,0.008921823111538515,-0.013356124846310213,-0.07614232619844184,-0.07999999999999997,-0.04573905232535672,-0.010759138749894722,GNL3,1.0,1.0,1.0,0.0,1.0,1.0,1,3,1,0.6456221858685385,1
network,GNL3L+ctrl,0.13558880243457014,-0.03499764271010214,-0.03758974994775233,0.041497638798682006,0.019340034634312425,0.22578464989490032,-0.0009561839203039666,-0.00040778674813183685,0.000886253059450115,0.013033402902890226,-0.00011039643626036672,0.0885545590981317,0.04414380523017155,0.061413065650658814,0.05611503665081802,0.10000000000000002,0.03858668691096099,0.022209437619802246,GNL3L,1.0,1.0,0.0,0.0,0.0,0.0,0,1,0,0.5930652611844432,1
network,GPKOW+ctrl,0.10745163565578074,0.08248958815181462,0.06213117049939698,0.05606021181489426,0.033801483802366326,0.31367677018711815,-0.0008329916745424664,-6.580237204730406e-05,-0.0018638026025016297,0.037920918471298005,-7.830133351133351e-06,0.051514009550587936,0.049401675466787864,0.10289223338518556,0.013794541933107196,0.10666666666666667,0.06222263459876485,0.05068806237554476,GPKOW,1.0,1.0,0.0,1.0,0.0,0.0,0,2,0,0.5390318696463544,1
network,GRPEL1+ctrl,-0.20615815165537674,-0.11317752480021526,-0.10339312248942607,-0.022236870756799042,-0.031174927444978445,-0.17534707388218793,-0.003383877997597068,-0.0031117012038375247,-0.009467040643077204,-0.017076242214041564,-0.0008135002184038333,-0.3508679776956729,0.0032721448295135827,-0.07276359859234982,-0.23506381144567104,-0.17666666666666667,-0.038354260088843274,-0.031060303861593013,GRPEL1,1.0,1.0,0.0,1.0,1.0,1.0,1,3,1,0.19261461227278462,0
network,GTF2E1+ctrl,-0.11850640904778446,-0.014367439584804353,-0.017009337271881957,-0.005396294143176624,-0.007014655731770764,-0.01996558991477636,-0.0026208870112895653,-0.0008208304416147764,-0.00240029507947311,-0.002432908523053612,-0.0002759940883455333,-0.1469956749959915,-0.024176105554669796,-0.011719047952455708,-0.1230012035743233,-0.08333333333333333,-0.015586474422348099,-0.0043367833205517625,GTF2E1,1.0,1.0,0.0,1.0,1.0,1.0,1,3,1,0.25808895012999383,0
network,GTF2E2+ctrl,-0.10708778386760825,-0.009536771381672823,-0.011316813312335453,-0.04633533252341596,-0.011480623061555506,-0.11156454809243456,-0.0014845704038937667,-0.00040661880195214106,-0.0007650515179467762,-0.01945673079875319,-0.00016741493406393325,-0.1419693008267755,-0.040726954502187517,-0.04232917930414023,-0.11440002454843129,-0.10333333333333333,-0.050068426754081526,-0.02926391474050442,GTF2E2,1.0,1.0,0.0,1.0,1.0,1.0,1,3,1,0.31300364494440297,0
network,HAUS5+ctrl,-0.011006917938772509,0.011092809637180881,0.011098613016714554,-0.00655701138272947,-0.004559702131126359,0.0011648026376106328,-0.00040354641775283234,-5.2062778331141146e-05,-0.0002292975615123538,-0.000995417076683371,-2.6478238093366647e-05,-0.014703046896178148,-0.006178457624915941,-0.004992720209806308,-0.012394155981620117,-0.0566666666666667,-0.007698757247817535,-0.0037960161504721666,HAUS5,1.0,1.0,0.0,1.0,1.0,1.0,1,3,1,0.48491939951818785,1
network,HEATR1+ctrl,0.10322932333710348,0.009082528530440745,0.009559780672315813,0.03702655491947324,0.01552233849369151,0.09152267950999549,0.004451569169759767,0.0018871201824520363,0.004185720543614657,0.009778638410592797,0.0005471430098017001,0.04970184137677388,0.03441663036921738,0.04546041255880895,0.06293046374421156,0.10000000000000002,0.05517856035824301,0.01752442108821865,HEATR1,1.0,1.0,0.0,0.0,0.0,0.0,0,1,0,0.512404816692505,1
network,HGS+ctrl,0.028500404589627697,0.006322179673606228,0.009518837513947886,0.03469665336909631,0.022925260063839437,0.19045020604092966,0.002109385405977567,0.0016331374565770422,0.004046568106319907,0.019358036448713496,0.0004088361747562667,0.12799596038069797,0.02022596400485055,0.01736398294012505,0.10186622152809877,0.046666666666666655,0.06113781709581195,0.022934669368821863,HGS,1.0,1.0,1.0,0.0,1.0,0.0,1,3,1,0.26491280796351085,0
network,HIRA+ctrl,0.0545380320178411,-0.017014047414866857,-0.008172452280821788,-0.0260869084069117,-0.026176297038766328,-0.027493946006670045,-0.007170917466282834,-0.003660158219635279,-0.00938762131140384,-0.012919031135125575,-0.0009890563475589002,0.054258354500148626,-0.01891377438256599,-0.02268587208943292,-0.001553888988212071,0.049999999999999996,-0.0419585826332344,-0.03693791636566709,HIRA,1.0,1.0,0.0,1.0,1.0,1.0,1,3,1,0.6788419909083688,1
network,HNRNPH1+ctrl,0.015594731481322066,-0.006453596413111384,-0.0002318693198509932,0.05053601069394303,0.030775992190176016,0.10027897694974619,0.005469345798095098,0.002449806112878261,0.003666348955163453,0.013849311764565969,0.0008333685497442667,0.11045854189476263,0.0666379373863067,0.05925662531870013,0.05440516557917883,0.023333333333333334,0.07952204369085229,0.028963061561201764,HNRNPH1,1.0,1.0,1.0,1.0,1.0,1.0,1,4,1,0.5404250112725081,1
network,HNRNPM+ctrl,-0.01918473801283399,0.01812595543590338,0.004030727187822307,0.04208001628223134,-0.00019668294056833976,-0.09260609193431717,0.008155559500058533,0.004222005840270697,0.008592888064200702,-0.010023815246963635,0.0012257750689362334,-0.09302514282873532,0.050745720035167086,-0.050044918695979525,-0.06439448305487576,-0.003333333333333336,0.06875690069055075,-0.004889725752276493,HNRNPM,1.0,1.0,0.0,1.0,1.0,1.0,1,3,1,0.3128943602929758,0
network,HNRNPU+ctrl,-0.05652396725475898,0.027416028507071533,0.016396950871143078,-0.008128187947013124,-0.013592949633636017,-0.3055117578562964,0.0024695346752802994,0.0037998011189005476,0.004223344209459394,-0.02269158353738293,0.0009575017417470666,0.04290898265606594,-0.04089451461923166,-0.08508887697533322,-0.020418167570692713,-0.03,-0.005123399354951967,-0.020607446559286813,HNRNPU,1.0,1.0,1.0,1.0,1.0,1.0,1,4,1,0.2744810627011528,0
network,HSCB+ctrl,-0.007568424664230365,-0.0369702257844022,-0.030388565721893118,-0.010893271665641774,-0.0019508925820126237,0.00042376361442194216,-0.0005547317365805342,-3.744436657915351e-05,-0.0006714980748598146,-0.001979830901687981,-3.531134764969997e-05,0.029739722750540414,-0.00782421404828478,-0.015290888978719774,0.006631866668549961,-0.003333333333333336,-0.010263139804910568,-0.004046215423118967,HSCB,1.0,1.0,0.0,0.0,0.0,0.0,0,1,0,0.32806798272017845,0
network,HSD17B12+ctrl,0.009812922886277867,-0.011976082473235006,-0.00880822960966036,-0.013798583715767762,-0.008020704118145114,-0.09572503286102514,0.0007658873995144989,0.000539399391367897,0.0026907949882016093,-0.008710601139813534,9.198983510336674e-05,0.07627491366529271,-0.004164978001067965,0.003409887207362979,0.08517695109279651,-0.013333333333333317,-0.01719807293366001,-0.006093135324033068,HSD17B12,1.0,1.0,0.0,0.0,0.0,0.0,0,1,0,0.19325995099081583,0
network,HSPA8+ctrl,0.007884439532383991,-0.0034042053909211964,-0.005919897576342907,0.003194116259156138,0.0022168387714679993,0.021691063568159103,-0.0010889905194441662,-0.0007594905967722351,-0.0005407908206958764,0.004610751213043431,-0.00023642741143703344,-0.05236615030312743,0.0018661142187432016,-0.002115170711613231,-0.04275014849997425,0.0,-0.0037547151306832802,-0.002689803587175743,HSPA8,1.0,1.0,1.0,1.0,1.0,1.0,1,4,1,0.8345682910957747,1
network,HSPE1+ctrl,0.2825400633667794,0.12070087800600597,0.09812239426985576,0.10943524510384212,0.09600119033514276,0.3840222408530604,0.0057224954168001675,0.005926581998883962,0.011655598734506575,0.0421881149505946,0.0015562404102335333,0.26153212639534534,0.042329976840011385,0.21479088672672852,0.2136274685098042,0.21000000000000005,0.12809109213514916,0.092054538722383,HSPE1,1.0,1.0,1.0,0.0,0.0,0.0,0,2,0,0.17045447271958392,0
network,IGBP1+ctrl,-0.011612816994289898,-0.025836902349739788,-0.02390847591383753,0.02033859184660448,0.00585469516643299,0.1379445378842228,0.00044854109485943416,-0.0002357180471893964,-0.000856206938532352,0.00873972415571117,-2.9626729277300052e-05,-0.04932146682741595,0.017394616311788846,0.011666640290662222,-0.021054513079732867,-0.013333333333333327,0.024240897493204034,0.006522381361482014,IGBP1,1.0,1.0,0.0,1.0,1.0,1.0,1,3,1,0.22693208355801625,0
network,ISCU+ctrl,0.1114730192384286,0.033895915984833914,0.02941427651501512,0.034504966150217094,0.02596726329668388,0.3596664564019612,0.0025621230403582323,0.0022382767821910545,0.004079923139656254,0.0175634283741877,0.0006021057100345334,0.24788709699773745,0.022777282686261446,0.08486474556479788,0.14961892675563548,0.06333333333333331,0.06670058414652125,0.032061438099151,ISCU,1.0,1.0,1.0,1.0,1.0,1.0,1,4,1,0.19037325196316937,0
network,KRI1+ctrl,0.37226417110937327,0.025106841593439715,0.03139287161087225,0.09159259321779334,0.010484344627145037,0.055708357392072916,0.005128270636002234,0.004064375937810394,0.005008302752840921,0.006781742133712437,0.0010878703712175334,0.31079613669699613,0.020495945803327437,0.08855622114844504,0.14669008558690835,0.29,0.10267990508453691,0.007411478761669255,KRI1,1.0,1.0,0.0,0.0,0.0,0.0,0,1,0,0.5176944361201087,1
network,LSM4+ctrl,-0.010910903517755366,-0.02412067951830103,-0.02064365781010687,0.009141025929415958,0.01025994437110759,0.060973371990859206,0.0003198745350042667,3.0476702510403204e-05,-0.0002405942253290716,0.008459013303791988,2.2261248280599983e-05,0.007450484520728311,0.008135776128252226,0.014237449287669493,0.012266266794582537,-0.013333333333333308,0.01158691286149797,0.008496262313810177,LSM4,1.0,1.0,0.0,1.0,1.0,1.0,1,3,1,0.7870338738934104,1
network,MAGOH+ctrl,-0.006091703839561063,0.02772024915379001,0.013264235602905572,-0.012871155728023165,-0.013117981725785821,-0.040405721125590044,-0.0026589687913656005,0.00013924293794316997,-0.0005116885964675522,-0.010976056417172197,-0.0001636513819297334,0.009744551711451332,-0.031074032994208894,-0.0163329336494283,-0.026841356534838212,0.016666666666666663,-0.020043418667299806,-0.022966378053105013,MAGOH,1.0,1.0,0.0,1.0,1.0,1.0,1,3,1,0.2756515358576982,0
network,MCM10+ctrl,0.06725652057309488,0.022395248976524156,0.012824724131250057,0.011098294386308133,0.009543709282164034,-0.03666120395416742,-4.9699097871767676e-05,0.0007948337177565712,0.0014896472116097865,0.006313481509631301,0.00015073044536016668,0.05415641363000179,0.01493535922058368,0.03978720837521884,0.020937372129885484,0.03333333333333336,0.004651082605170165,0.004488140552166842,MCM10,1.0,1.0,1.0,1.0,0.0,0.0,0,3,1,0.3260343523367522,0
network,MCM3AP+ctrl,0.01328027016547316,-0.027035922327752464,-0.01994564227918137,-0.006568593747745942,0.015193764209213626,0.27259324799447504,-0.0033850849916537674,-0.0031407405745298433,-0.007674120411494141,0.024171044625043343,-0.0006997378853459999,-0.01886424761669588,0.04437964047559084,0.08852903634140712,0.03680181641628514,0.023333333333333317,-0.006393358792379307,0.02112193684838563,MCM3AP,1.0,1.0,1.0,1.0,1.0,1.0,1,4,1,0.4265587920768491,1
network,MDN1+ctrl,-0.14779304551731934,-0.04011039062441759,-0.05398776258206559,-0.0129201645862947,-0.00718139023893664,-0.0874789148495665,-0.0012192434320847344,-0.0002351240273948211,-0.0030322452976030054,-0.007349242307854664,-7.13421419883667e-05,-0.08895021426346383,0.004996057299821148,-0.031110480098785327,-0.11741254148317297,-0.13000000000000006,-0.013572752096706109,-0.0036389181056400988,MDN1,1.0,1.0,0.0,1.0,1.0,1.0,1,3,1,0.29489711930746704,0
network,MED20+ctrl,0.0039925267441999574,-0.01837076732698358,-0.01884220953144496,-0.003103554724157668,-0.008068038949498535,-0.010690458113478407,-0.0007204779734213662,-0.0006467392017539911,-0.00017845747984253832,-0.007125450723106663,-0.00017765358400843333,0.009182794412548692,0.0040229912466987665,-0.023714963272230143,0.012468386664159762,0.013333333333333345,-0.008595543507215428,-0.007295394786654456,MED20,1.0,1.0,0.0,1.0,1.0,1.0,1,3,1,0.24094523738303747,0
network,MED26+ctrl,0.04112369514384595,0.04324677014656551,0.031750843590824494,0.028814100962875344,0.024038866507087957,0.05295799245361613,0.0072939470410346985,0.008330891746060646,0.01560358297655414,0.009952835868224838,0.0020848182030022,0.0348761211195233,0.003136910678793995,0.01924345952820572,0.017976116895907557,0.003333333333333336,0.048790018963655944,0.01823859087613137,MED26,1.0,1.0,0.0,1.0,1.0,1.0,1,3,1,0.3466594499169088,0
network,MED31+ctrl,0.0006810132739652475,0.01555120396211157,0.014469949338306995,0.0341982494462136,0.007443355173278136,0.06948083781090304,0.003502591202656435,0.0043757571179701875,0.0073156777038922245,0.0005582432622329622,0.0010544381414850333,0.009901496613198798,0.0001254253434102385,0.021793357740723773,0.0055671557587170795,0.003333333333333336,0.04651866081982301,0.004212463363009252,MED31,1.0,1.0,0.0,1.0,1.0,1.0,1,3,1,0.24485061166143257,0
network,MED8+ctrl,0.08415443719639304,0.020437154446763233,0.014828261888278202,0.025301178569007533,-0.0005504984592869152,0.006455251686999138,0.003076434756318735,0.0023526673073348916,0.005036785384868403,-0.004540174425963124,0.0005486233470340334,0.039275308646909056,0.009215546542253464,0.012469819894206738,0.04174509074336744,0.0633333333333334,0.03595954555157737,-0.0006626189963775028,MED8,1.0,1.0,0.0,1.0,1.0,1.0,1,3,1,0.39191157602474547,0
network,MFAP1+ctrl,0.10988968289848484,-0.001968802545975016,-0.007466481758378311,0.0034610381401296944,0.008129687592934365,-0.03243016606929405,0.001684701070189468,-0.0005415200496670473,-0.0007177593407505048,0.0037848727299927276,7.721137565873321e-05,0.030615230075684452,0.018663405047732045,0.06580587926670282,0.007023326884282162,0.06999999999999999,0.006445032723326638,0.025627128549031708,MFAP1,1.0,1.0,1.0,0.0,1.0,1.0,1,3,1,0.45084885936067004,1
network,MRPL18+ctrl,0.13370313294867037,0.04080799321893006,0.03524811391522131,0.022245102892335295,-0.005192534609710771,-0.0541744157160744,0.0027123590310414677,0.0014794250472853394,0.0029475158615452544,-0.009182290495608508,0.000382559626208,0.2747056807099714,-0.016542999228916482,0.0030634797605968433,0.19078594736911736,0.09333333333333334,0.027196543308532956,-0.013612107413724725,MRPL18,1.0,1.0,0.0,0.0,1.0,1.0,1,2,0,0.3823933350066144,0
network,MRPL3+ctrl,-0.007057499783424108,-0.0008278005875136385,-0.0028724933837411815,0.008584169228217808,0.0008761264381359676,0.03655241770752867,0.00011434840659303377,4.1605969888151385e-05,0.00013551102125256934,0.005632058060365004,7.680209819266632e-06,0.0024258439396267115,0.0016044051053804391,0.006895466094103593,0.008968247662384798,0.03333333333333335,0.009823510284337708,0.0018958509900226146,MRPL3,1.0,1.0,0.0,0.0,1.0,1.0,1,2,0,0.41297443721195454,1
network,MRPL32+ctrl,0.11502647154695123,-0.005639869459532172,-0.00506446443472867,0.026198884777285932,-0.0030041567601886885,-0.028528679032675346,0.0006821757803360332,0.0003084761863246059,0.0006123305364925299,-0.0038813704535352786,8.181874485066667e-05,0.06314082780155139,-0.0030246361712722805,0.004974686259654433,0.04218011454553942,0.06333333333333334,0.023654339218864073,-0.0036213818095784576,MRPL32,1.0,1.0,0.0,0.0,1.0,1.0,1,2,0,0.19261764454378918,0
network,MRPL38+ctrl,0.07968243822029179,0.00903691811482136,0.012902542938764916,0.023397120831744167,0.006370553392932798,0.11644116153285909,0.00042695490022496657,0.00021081257257145788,0.000297008611707672,0.00407391607623626,5.854666233063337e-05,0.06534871351532275,0.006030969356055922,0.01883902072431794,0.028155266533594087,0.07333333333333332,0.031092690463476902,0.0056433216222214755,MRPL38,1.0,1.0,0.0,0.0,1.0,1.0,1,2,0,0.24988272554631724,0
network,MRPL4+ctrl,-0.054248120787392724,0.014919193770018269,0.014945344063876839,0.010742187366047706,0.0028881018418001245,0.03110482185220122,0.0005045663565396997,0.0002476058387212247,-0.0002506361856347376,0.003750482827327928,7.228904481356665e-05,-0.011270861358131065,0.012525605570922601,0.0021545258685048787,-0.04031004270763084,-0.026666666666666672,0.013560958065089371,-0.001111764306879759,MRPL4,1.0,1.0,0.0,0.0,1.0,1.0,1,2,0,0.42037965382714365,1
network,MRPL49+ctrl,-0.062067678107581674,-0.0020026578042389533,-0.004104728297717797,0.008451197212091218,-0.0015746314324834865,-0.061598501715142806,0.00040723631779353286,-6.149258838117344e-05,-0.0008386198325377459,-0.0018337888989967503,4.2404979467399916e-05,-0.053572560754427324,0.007902754072632745,-0.00390524843082977,-0.02428769190049537,-0.04666666666666667,0.009244734799814932,-0.002800864993480312,MRPL49,1.0,1.0,1.0,0.0,1.0,1.0,1,3,1,0.4386315548878312,1
network,MRPL50+ctrl,0.03116044597608079,0.0006157803461173487,0.0010662296134482292,0.023778490693517135,0.004879823124599975,0.10311635363902466,0.0005232052256663328,9.993199795788055e-05,0.0003541612941696896,0.009900061832837556,3.746155804643338e-05,0.013993754214188877,0.011866668322865759,0.016534354180109883,0.012223577365425528,-0.016666666666666663,0.030547805322685594,0.009474564704537633,MRPL50,1.0,1.0,0.0,0.0,1.0,1.0,1,2,0,0.28649695647188517,0
network,MRPL54+ctrl,0.04468991259349426,0.006629874131908668,0.013560085762284069,-0.0012597515065820113,-0.0006730843294151708,-0.02030832906311995,0.0001984983682632666,9.106307758799392e-05,0.00019853347994613912,-0.0026900188955110336,2.0271846248433327e-05,0.03528011623904378,0.002342275777391508,0.003505224836957884,0.021813289846981887,0.03666666666666666,-0.0031829205639357003,0.0027088995023824745,MRPL54,1.0,1.0,0.0,0.0,1.0,1.0,1,2,0,0.45632056720647746,1
network,MRPS11+ctrl,4.959371139775145e-05,-0.004410680913908764,-0.005269787300973698,0.009923911704719873,-0.0003787659410598628,0.0353270150946202,-5.50001859664998e-05,-0.00010598795304713378,-0.0002224200573975136,0.0014717803349398966,-1.4941751336066655e-05,-0.019001857746575368,0.0059905151002973556,0.007340225292454668,-0.010846123097074759,-0.006666666666666654,0.009992684458966367,0.0023355899209264543,MRPS11,1.0,1.0,0.0,0.0,1.0,1.0,1,2,0,0.34861809487498874,0
network,MRPS14+ctrl,-0.0019748042216040282,0.00233291457541146,0.0026208157029785073,0.017774772921228237,0.0033192362097204478,0.06704629238388082,5.480460822579932e-05,-0.0001367541741001214,-0.0007010813080432499,0.0029977143601836085,-1.489285690086667e-05,-0.00746434142267068,0.0073608944135743854,0.0082707100267978,-0.009866848641854905,0.0,0.022946541325849185,0.001386421570870951,MRPS14,1.0,1.0,0.0,0.0,1.0,1.0,1,2,0,0.3098167488588997,0
network,MRPS18A+ctrl,-0.004843550813841617,-0.0007113109788151236,-0.0013626911023948047,0.001018364617947326,-0.004446814842070647,0.05136233220992394,-0.00012058019638059904,1.3418279627197549e-05,-0.00013735382168411636,-0.00014960706778537522,-1.9643145303336237e-07,-0.0005005482992903968,-0.0003145485734566966,0.003035580642235932,-0.0016966907561574707,0.020000000000000018,0.0015606008809161687,0.0001668920780825515,MRPS18A,1.0,1.0,0.0,0.0,1.0,1.0,1,2,0,0.27432657940443206,0
network,MRPS24+ctrl,-0.0006403960093750253,-0.0031456050258913773,-0.013798007585704097,-0.006007438373428005,-0.0031016330019680016,-0.12188430634681224,0.00022157312681280136,-5.7726171543611336e-05,-0.0003018178599111983,-0.005939342378617411,3.734642329333306e-06,0.08371314504931808,0.011240789973587425,0.0035621107891117276,0.04178007052227333,0.043333333333333314,-0.010300769543065802,-0.00994217588578398,MRPS24,1.0,1.0,1.0,0.0,1.0,1.0,1,3,1,0.20944732822544496,0
network,MRPS26+ctrl,-0.025385213937712963,0.00014294377885585666,-0.0022137579526154325,0.011531860824118898,0.0007504930828367747,0.13333471977139463,0.0003387810041507004,3.0259872132417282e-05,-0.00016485713477857691,0.0038363219241850286,2.9046457105633312e-05,-0.04126516255673603,0.008589540825506189,0.00923009686861905,-0.023305652090069306,-0.00999999999999999,0.018024345612825437,0.007783453983051654,MRPS26,1.0,1.0,0.0,0.0,1.0,1.0,1,2,0,0.4646844604098582,1
network,MRPS27+ctrl,-0.009640779537737343,0.010121750204464042,0.011823597357324337,0.005297061464280818,0.001318342495142233,0.06418164928331316,-0.00026265531778336726,-0.0002122264167945994,-0.0007306512055030486,0.007300254179486709,-3.930068730066668e-05,-0.03637104496391016,0.004926809627587958,0.002021169574762579,-0.0452472193396676,0.006666666666666672,0.013710492025997298,0.008814199374552634,MRPS27,1.0,1.0,0.0,0.0,1.0,1.0,1,2,0,0.5149034379386356,1
network,MTPAP+ctrl,0.11912553688120608,-0.00755445051316402,-0.00953359044328624,0.04337423769474311,0.0015066778042314526,0.020926040265670576,0.0024476622541745666,-0.00012200406658876191,0.002747668190019185,0.0034129168161204557,5.535051847499964e-05,0.008137067128266506,0.031028156769942677,0.038799376320057664,0.11276409864372026,0.11666666666666665,0.05555331318151535,0.0007470420300213684,MTPAP,1.0,1.0,0.0,0.0,0.0,0.0,0,1,0,0.6037724452138512,1
network,MZT1+ctrl,0.03293345768309245,-0.04414821718861558,-0.03559507561438794,-0.007061241228223371,-9.17402847361674e-05,0.0013960043420353692,-0.0003469300766786009,-0.0010582961647625326,-0.0015575361024720014,0.009017058070633762,-0.0002130638652791333,-0.005324845252864738,0.030649124746596052,0.009910147342019152,0.07036509730845324,0.03,-0.00951035072460607,-0.002736984877817946,MZT1,1.0,1.0,0.0,0.0,0.0,0.0,0,1,0,0.2536214392719283,0
network,NAA15+ctrl,0.10652978299849132,0.006345373168512691,0.016020684290532144,0.03990972093576523,0.00868240266946746,0.2808466365659262,0.002710582067569099,0.0009153909063306006,0.0026257416410297254,0.006048817377053058,0.0003101073283081667,0.23244494349583233,0.031216321977812173,0.05063662458526016,0.13718159940037308,0.14333333333333334,0.061916842908283594,0.005437708373409807,NAA15,1.0,1.0,0.0,1.0,1.0,1.0,1,3,1,0.5425003193229043,1
network,NARS+ctrl,0.21313491019412148,0.0046001643582736325,-0.0035624425183090245,0.0006779634915119922,0.02655563435514356,-0.024614328032748028,0.005895133440693235,0.00505084800239571,0.010091618147763862,0.0013465208301069453,0.0012737941384936332,0.18340663397356194,0.02252100641285759,0.08862881135163418,0.17501885472222145,0.13666666666666666,0.004381737435216933,0.019125497533522624,NARS,1.0,0.0,1.0,0.0,0.0,0.0,0,1,0,0.5998231806649107,1
network,NBAS+ctrl,0.04347875352943137,-0.03639101968425965,-0.04234271074993878,0.03929776559071393,0.011572920602515894,0.13167021848069368,0.000960269321997965,-3.985666469596971e-05,-0.0003845161036723684,0.001463097309327921,2.0553396704266745e-05,0.08640672960162217,0.04544760097171149,0.047535004614049435,0.0633875415389723,0.09666666666666668,0.04542687187107113,0.014017430928667843,NBAS,1.0,1.0,0.0,0.0,1.0,1.0,1,2,0,0.6721823327012071,1
network,NCAPH+ctrl,0.0020186781316673674,0.0038824379787931,0.0003449372179704646,0.005837069255765631,0.002465900732599946,-0.011415035728737402,0.0004047757635513664,0.0007597095454837666,0.0008315934732697761,-0.001363580058917957,0.00015960761811583337,0.05331553636355029,0.003188180714880621,0.010515440550024588,0.016501909685757783,0.02999999999999999,0.011185959127290054,0.0009148185502684999,NCAPH,1.0,1.0,0.0,0.0,1.0,1.0,1,2,0,0.5645618565088076,1
network,NDC80+ctrl,0.3064854518438331,0.0837003750557705,0.05171476645488545,0.08101557100730036,0.03490398520703827,0.5232280227221442,0.0060789237419764,0.0015635344016453612,0.005435482425419395,0.021552004562678695,0.0006681364223671667,0.3517503691900418,0.04246651033086035,0.1266734011864722,0.24894077644425303,0.24,0.1488818036843857,0.04832876626723274,NDC80,1.0,1.0,1.0,1.0,1.0,1.0,1,4,1,0.5366250783763342,1
network,NDUFA8+ctrl,0.06771012653531747,0.008685203426770519,0.01227100374413633,-0.004594685650776355,-0.0010032013265445228,-0.06527378869725986,-0.00015752079586186496,7.410434564144215e-05,0.00021466272081952878,-0.0020013264905481645,-1.19034666568e-05,0.07499555321576357,-0.004835306989740847,0.005102719020307789,0.039473510896137966,0.07333333333333332,-0.0076520222724197244,-0.007758511598538946,NDUFA8,1.0,1.0,0.0,0.0,1.0,1.0,1,2,0,0.24666935548962787,0
network,NEDD1+ctrl,0.002152250332410658,-0.05960846137255068,-0.03824981465166161,0.021851390035436336,0.028171511291197198,0.12744858227746725,-0.00036360385517280003,-0.00040979139875492915,-0.0008475018980898715,0.031485765209862134,-8.494284702463334e-05,-0.002221446744453792,0.019796633583361995,0.0663357222507726,-0.021413285107050328,-0.01,0.025700907160403463,0.040041188557278375,NEDD1,1.0,1.0,0.0,1.0,0.0,0.0,0,2,0,0.4811699786249136,1
network,NELFA+ctrl,0.02595304036442662,0.022833592145448594,0.01220763896017879,0.013723240856202782,-0.00884138302864699,-0.061206065465788606,0.0015837022413810325,0.0008063152848768832,0.002234982865883491,-0.019455296881078832,0.00022741977591066664,-0.02751503194537558,-0.008530047737220955,-0.06462792045135475,-0.03413955330883522,0.023333333333333355,0.02480793708709274,-0.013753654829425513,NELFA,1.0,1.0,0.0,1.0,1.0,1.0,1,3,1,0.3766572670241666,0
network,NFRKB+ctrl,-0.10807304041886666,-0.0408703756857264,-0.016859991367254485,-0.011009493577209817,-0.006773089517565399,0.18303007599476082,-0.006518709783752768,-0.00488400009288074,-0.00712707644525427,0.03249242224552044,-0.0012970182773036,-0.11909513797783085,0.02141410567729274,0.06706113647135763,-0.03281035175204792,-0.08666666666666667,-0.03250687760699806,0.0011682494656608162,NFRKB,1.0,1.0,0.0,1.0,1.0,1.0,1,3,1,0.3930709025295937,0
network,NOL6+ctrl,-0.022304084147563314,0.0010155433732642234,0.0033843336518121214,0.005113704051706959,0.00047332653370433614,-0.028855246498733722,0.0014740321785211678,0.00030955203243654417,0.0011629957983813795,-0.0028871170189201842,0.0001103922841139,0.003953779777079336,0.00262988532206776,-0.005339682935002199,0.02211369365720735,-0.016666666666666646,0.006704061516549629,0.0032608951773814474,NOL6,1.0,1.0,0.0,0.0,0.0,0.0,0,1,0,0.46913698901924206,1
network,NOP10+ctrl,-0.15580042889504295,-0.003356193971444562,-0.010290083456220475,-0.014049707299924033,-0.004883044700408641,0.007450592936936322,-0.0013609348485867333,-0.0007231131701046131,-0.00044243336910310127,0.007070801218287136,-0.0002126084291376,-0.1615328328587621,-0.007527677094421481,-0.0311969628355994,-0.11081440739860375,-0.12333333333333331,-0.016747734764105144,-0.004717979204672762,NOP10,1.0,1.0,0.0,0.0,1.0,1.0,1,2,0,0.21523627459549166,0
network,NRBP1+ctrl,0.029108690776333667,0.005967959855943339,-0.0006477159490522929,-0.024467845367152297,-0.01822253523622584,-0.20345924820889003,3.216912349066648e-05,0.0017831206246876248,0.0013217136765765562,-0.01937654188141467,0.0002851105916002997,-0.0921016202878635,-0.03368774615185214,-0.07690785087128,-0.10136383015113241,0.07,-0.035356723619616004,-0.024807768571566413,NRBP1,1.0,1.0,0.0,0.0,0.0,0.0,0,1,0,0.39456094140037035,0
network,NSA2+ctrl,0.021645531668020263,0.01026274932050549,0.010778302138640486,-0.0027291511238861596,-0.00408929353161989,-0.017954779552185773,0.0006222066779931664,0.00023964344170679386,0.0006255864410418995,-0.006316109348376471,6.76480315936e-05,0.0036848150011332312,-0.007542081061488015,-0.01271667155782319,-0.0026284830285201086,0.023333333333333355,0.000462363643507722,-0.000463834643913974,NSA2,1.0,1.0,0.0,0.0,0.0,0.0,0,1,0,0.248515610657371,0
network,NUBP1+ctrl,-0.0607508475607955,-0.01563553070000893,-0.016231253882316315,-0.008214503233521594,-0.0036087245742136473,0.0016182774636187742,0.001451479891935967,0.0008080107578668505,0.0012374541930946226,-0.015099320288653203,0.00020926756163436669,-0.07297702744579736,-0.04341150972830669,-0.04469817090587961,-0.055298720821558095,-0.026666666666666672,-0.0024062339192399973,-0.010501765262252882,NUBP1,1.0,1.0,0.0,0.0,1.0,1.0,1,2,0,0.2713715614389949,0
network,NUDC+ctrl,-0.009984289163334206,-0.0018104487307101051,0.01598116630940997,0.0016041127499263712,0.013531893818627294,0.13178678989380974,-0.002790357296665534,-0.0020042038748517474,-0.0037431423334642147,0.023863815901682323,-0.0004823103469486,0.11391607716548097,0.03306590780252502,0.06268233663769666,0.0814344104716392,0.02666666666666666,-0.008136172599903624,0.012617019542298213,NUDC,1.0,1.0,0.0,1.0,1.0,1.0,1,3,1,0.8414881547158479,1
network,NUP54+ctrl,0.008856570624776258,0.029405158458750802,0.04074624177243417,0.010217359956302805,0.0022065081591235622,-0.02955240558784067,-0.00020537339150903297,0.0002816724773288352,-0.0007810079677037877,-0.001564723042616456,5.4480003503466736e-05,0.027013837047892175,0.003746475863807941,0.030424442637115523,0.02065704237998567,0.023333333333333317,0.013284979605950256,0.001947003157603248,NUP54,1.0,1.0,0.0,0.0,1.0,1.0,1,2,0,0.6072345394642318,1
network,NUTF2+ctrl,-0.08540597821045605,0.02835003396677845,0.03237527075062504,0.0057405340173824855,-0.024323816931048996,-0.04799329852311914,-0.0021453375617662995,-0.0014613833758779782,-0.006775899249907254,-0.0034073297908680153,-0.0004322159414489999,-0.09812065066708213,-0.01970651353042674,-0.08623787966559197,-0.15891010575439166,-0.04,-0.013480560993217391,-0.01804652936369866,NUTF2,1.0,1.0,1.0,1.0,0.0,0.0,0,3,1,0.182500108142927,0
network,OGFOD1+ctrl,-0.045235980994091034,-0.002954925290239515,-0.009832201056947506,-0.0007010852053423352,-0.019333752666087296,-0.0750926964670496,0.0008999568720659337,0.0008670176909949164,0.002041505440932808,-0.009811023905422952,0.00016717279019456662,-0.0354480817352017,-0.005393521840513856,-0.0305656169874902,-0.03173637973989613,-0.03666666666666666,0.0062317847925580745,-0.020330695284979883,OGFOD1,1.0,1.0,0.0,0.0,0.0,0.0,0,1,0,0.2013665529745279,0
network,OPA1+ctrl,0.013166682866944465,0.026194006970774713,0.016057214294935934,0.010100712739708343,-0.013799885231031076,-0.04337831262162369,0.0031757845232884344,0.002239058993395382,0.003876236316087689,-0.020312935519952696,0.0006021734637518668,0.01753180639681373,-0.016255104960105588,-0.03584151482653264,-0.0037996703587108993,0.006666666666666664,0.02969820522448823,-0.022402390357788793,OPA1,1.0,1.0,0.0,0.0,1.0,1.0,1,2,0,0.3461184620083676,0
network,ORC5+ctrl,0.06382443471680582,0.03477949218719171,0.02657424504028159,0.01504594805618173,-0.0052037634637776735,0.01367984744985142,6.664730608459933e-05,3.260938198512697e-05,-0.000921399036620992,-0.009281730399309832,2.332524551703332e-05,0.054093808904270034,0.011877742109599984,0.011220058038065583,0.01365942971341059,0.05333333333333334,0.013682755264412788,-0.0017778260423853738,ORC5,1.0,1.0,0.0,0.0,1.0,1.0,1,2,0,0.28873145928018085,0
network,OXA1L+ctrl,0.14933043941537796,0.018775320592274897,0.021544322437882624,-0.020207859805693302,-0.0011883597925805012,-0.10865045940133838,0.0005635041743516991,0.0005830339530994433,0.001687343555192622,-0.007432152674348676,0.0001361901134563,0.09080655675777728,-0.01728766990562029,-0.008563385624521821,0.07474955003705286,0.09999999999999998,-0.024237987998998966,-0.0032712408806369053,OXA1L,1.0,1.0,0.0,0.0,0.0,0.0,0,1,0,0.3096906849944455,0
network,PAM16+ctrl,-0.005709375066868157,0.009031795280168398,0.009596141016431988,0.004517892226846694,0.0005801691558026864,0.009051497651418697,-6.251595914363167e-05,1.545247341646257e-05,0.000139388293350066,0.00040391855195796394,5.428718092533311e-06,0.0028232793754601935,-0.0009401467223498772,-0.0010502244097107722,0.001806635864360769,0.023333333333333317,0.004977895339593179,-0.0016125502880179148,PAM16,1.0,1.0,0.0,0.0,1.0,1.0,1,2,0,0.6104597216725507,1
network,PCF11+ctrl,0.05459275235536101,0.002657140950302487,0.005999704435012594,-0.006888838037154075,0.004239618151101142,0.054797797229583806,-0.001128598426779132,-0.0011591888929283571,-0.00171649717268052,0.013990618446489462,-0.0003208622802049332,0.03628152918110147,0.010776966368061913,0.06411205870326546,0.041577441815381554,0.006666666666666672,-0.012842363771274392,0.014983902299923376,PCF11,1.0,1.0,0.0,1.0,1.0,1.0,1,3,1,0.29365857001091883,0
network,PDCD2+ctrl,0.02287429993476216,0.0017838772355542876,0.0005739542045582654,0.02850084528290847,0.019079483581947405,0.22813750532365026,0.0008263401687145002,0.0004688258021354012,-0.0012237008893623742,0.014464028459373446,0.00027203524950890004,0.2553130627762017,0.020839978575559453,0.08861782345279234,0.0570559602502751,-0.006666666666666664,0.04217815432754149,0.01958236613759164,PDCD2,1.0,1.0,0.0,0.0,1.0,1.0,1,2,0,0.23858657700463945,0
network,PET117+ctrl,0.05237145712080463,0.0022357156721833915,0.017549122477654073,0.008613369710995106,0.022574844493141195,0.08623266564898531,0.00014996590713660038,-0.00014106161445404108,-0.0021397744381174886,0.019036649963736867,6.431209233900012e-05,0.12183524636109361,0.025965740204941506,0.0755244088880865,0.02313432895950183,0.06,0.011299921404282468,0.02929441148342334,PET117,1.0,1.0,0.0,0.0,1.0,1.0,1,2,0,0.23482859540575993,0
network,PGPEP1+ctrl,-0.0621682266971799,-0.0330772267917957,-0.03853731314376041,0.0181322744388229,0.0004068967041664928,0.09170715338837909,-0.0006942457209031007,-0.0004900912104080687,-0.0007469391663065261,0.004549325308987513,-0.00013597825697310006,-0.16219386415441167,0.012534505751683614,-0.007837282512701438,-0.09990288991641459,-0.08,0.012611015354277813,-0.00034137931488135526,PGPEP1,1.0,1.0,0.0,0.0,0.0,0.0,0,1,0,0.19633411725507985,0
network,PHF5A+ctrl,-0.10812825432617784,-0.06158839294651449,-0.06209957538773425,0.014865691301980464,-0.030786636056704165,0.012243176242264045,-0.0035272774597009,-0.004625071442429962,-0.009072171882886892,0.004827429261982134,-0.001050581767534233,-0.2567951476319227,0.058282672621028674,-0.09784897614714698,-0.2035505686882486,-0.09999999999999998,0.008296346519728178,-0.036403464105557726,PHF5A,1.0,1.0,1.0,1.0,1.0,1.0,1,4,1,0.40067550541545843,0
network,PIAS4+ctrl,-0.05940485660378772,0.0004975001724117171,0.0017088154184112803,-0.0027061268447770015,-0.0009906777855834918,-0.057777625861647065,-0.0012582571556170666,0.0002176795318682423,-0.0010227299289663112,0.0017195670720245675,-7.020685976990013e-05,-0.053661979553759474,-0.02483568050571709,-0.016207242998025784,-0.04079105347249734,-0.06333333333333332,-0.009043707164626621,-0.001987446168885095,PIAS4,1.0,1.0,1.0,1.0,0.0,0.0,0,3,1,0.29473499487295646,0
network,POLA1+ctrl,-0.02047766825177466,0.0002683288954541026,0.0036986961446609326,-0.013084176232188466,0.0031623451419168966,-0.09718831964804624,0.0036827114721139343,0.0021448222726296504,0.0032130860169599837,-0.014963796884833633,0.0005232992504412666,-0.003464873723139491,-0.0339135661735663,-0.052921975814122245,-0.028454710318223442,-0.019999999999999945,-0.0071160721499488695,-0.0028135971559750303,POLA1,1.0,1.0,1.0,1.0,1.0,1.0,1,4,1,0.5191450699456405,1
network,POLD2+ctrl,-0.004006913649705475,0.0006874821882268956,0.0026492735712509616,0.0036113004535308357,0.009983148894730379,0.10309488222206253,0.00015216320753099963,-0.0002549026605366637,-0.0007121264202315883,0.011144021204707163,-1.738416419053334e-05,-0.0038779532449774168,0.021000704058415476,0.04822121497937145,0.00257798021163691,-0.03333333333333329,0.010949280130123714,0.014837571817889325,POLD2,1.0,1.0,1.0,1.0,1.0,1.0,1,4,1,0.66582718730439,1
network,POLE+ctrl,-0.0679824008765784,0.0019531071555328368,0.003728725388418878,-0.0015130990701778073,-0.0030736825658269906,-0.11835221211131347,0.00031247114141783397,-0.0004560444646811342,-0.0023357900696756584,0.00209127486950351,-5.21303542579333e-05,-0.024277418735254647,0.019517364100604156,-0.013008096379340639,-0.02791467986079817,-0.05333333333333327,-0.018101104569042032,-0.004626916000516419,POLE,1.0,1.0,0.0,1.0,1.0,1.0,1,3,1,0.5168363531937439,1
network,POLR1E+ctrl,-0.17550107673467763,-0.03283610486948607,-0.03316371409769884,-0.005205500099018101,0.006524353803303194,0.030541575998152482,-3.2421201467500736e-05,0.00024351529889447368,7.656032296465831e-06,0.0136334983847383,2.8277572710033352e-05,-0.1478957960931617,1.0865971700561397e-05,0.021030401279369393,-0.12874005617588505,-0.12000000000000001,-0.005051764280959603,0.014432960499551969,POLR1E,1.0,1.0,1.0,1.0,1.0,1.0,1,4,1,0.38888077882314764,0
network,POLR2E+ctrl,0.008732714975859923,-0.0011449204355062914,-0.000362108535966225,0.008369107354109359,0.0027203604204009877,0.03400775824808785,0.0012093496819337,0.00115898046030601,0.002686300204357117,0.006963110159629128,0.00022582577851913338,0.0037555119293926817,0.0033383848765879223,0.008050268697225546,-0.0030075528314146283,-0.023333333333333355,0.011866940217342322,0.006533975990156075,POLR2E,1.0,1.0,0.0,1.0,1.0,1.0,1,3,1,0.1804290856156837,0
network,POLR2F+ctrl,0.011234360269771204,0.04534646946129273,0.03479892350093872,0.012655542499618097,0.009779038570168569,-0.07980814992787584,0.005607146769762032,0.003914008471382717,0.004599755176419936,-0.011496663777878965,0.0009180806810036001,-0.011598843977783916,-0.031755901546290786,0.02211355691413593,-0.017367824160868055,0.01999999999999998,0.029393450539009935,0.01200551354589637,POLR2F,1.0,1.0,1.0,1.0,1.0,1.0,1,4,1,0.18886517813918152,0
network,POLR3B+ctrl,0.08803938347063534,0.027976705620110936,0.039596392353302534,0.0031843684008615314,0.014063453151574831,0.028475124068813213,0.003620870411396067,0.002882598407481248,0.002685622451190232,-0.003496846751471929,0.0007209135607506,0.11420860323891209,-0.02365632495011838,-0.008640896874287188,0.03805709496542994,0.10666666666666669,0.013735528011430085,0.008558680648017977,POLR3B,1.0,1.0,0.0,1.0,1.0,1.0,1,3,1,0.9657356094115339,1
network,POLR3C+ctrl,0.11884284891016293,0.024402373619644813,0.03327428588395023,0.010183403965542931,0.010075599779896268,0.19065457850391276,-0.0005456513414780333,-0.0002872836073081568,-0.00041030865641226527,0.007884862566541853,-8.43977710853e-05,0.124992120942791,0.0008940177303559486,0.008746852296839988,0.0565076925062492,0.11333333333333333,0.01791470719996585,0.01604153472048908,POLR3C,1.0,1.0,0.0,1.0,1.0,1.0,1,3,1,0.2827661684995906,0
network,POLR3D+ctrl,-0.05596190915811725,0.018647095420537274,0.019678671002727393,-0.009317894819214032,0.0004764654776822456,-0.0018267704213884943,0.0013253657768169992,0.0009171548942720579,0.0014514440338190642,-0.004433546392556498,0.00022579488965369994,-0.13570744945299065,-0.028227559712305728,-0.03893479990413647,-0.08352591792779805,-0.053333333333333316,-0.003963434539363393,-0.0025303908986336054,POLR3D,1.0,1.0,1.0,1.0,1.0,1.0,1,4,1,0.3583332079272889,0
network,POLR3F+ctrl,0.04824855028820543,0.0179220691302359,0.03330531607977588,-0.00849895325476239,0.006453111357148905,0.09208213760560191,-3.2157326738067406e-05,0.00017380044190688318,0.00042909742516380095,0.002478535832859998,3.156440410143329e-05,0.042891144777821875,-0.01640022760441795,0.00014331327128488022,-0.006104937874885197,0.04,0.00020970169965756993,0.006261246466153891,POLR3F,1.0,1.0,0.0,1.0,1.0,1.0,1,3,1,0.2654685132272808,0
network,POP4+ctrl,-0.19159220286907908,-0.021320151891779233,-0.04038109912005631,-0.03354660946947816,-0.022167969252533504,-0.20778977110916833,-0.0031115282326936665,-0.0014429956318854724,-0.0011587301505633363,-0.01298968275758521,-0.0004990741144866,-0.32438109585134584,-0.020744378847126987,-0.07807793019995783,-0.2046083667039221,-0.2233333333333333,-0.052780413589075086,-0.02214728427383768,POP4,1.0,1.0,0.0,0.0,1.0,1.0,1,2,0,0.2992725434398552,0
network,PPP1R11+ctrl,0.011857855968532208,0.02070282229238568,0.02365843393930524,0.016350469248828537,0.008547008956718763,0.044886372605081416,0.002208111186822267,0.0017153331895066366,0.0014904426036564204,0.0019523452648844049,0.00047389130728943337,0.2636076842477169,-0.004548717007737364,0.027063030937988564,0.10261099023867941,0.026666666666666682,0.024224995723442055,0.0026416965710894433,PPP1R11,1.0,1.0,0.0,0.0,0.0,0.0,0,1,0,0.3664741797659978,0
network,PPP4R2+ctrl,0.038520381961254034,-0.02295538950290854,-0.03885906996829778,-0.01374015714959817,-0.020072543308064832,-1.1637396732766536e-05,-0.001871001596252134,-0.004001216424213842,-0.00851161270941995,-0.004295650366279167,-0.0008994488356014,-0.423077819505618,0.04168677917314197,-0.018695925382619622,-0.07792772125228066,0.026666666666666672,-0.027640166828553702,-0.024412032491861486,PPP4R2,1.0,1.0,0.0,1.0,1.0,1.0,1,3,1,0.3382547700499941,0
network,PRELID1+ctrl,0.17024888895039206,0.08978988323361947,0.08614068712754645,0.023579531201717945,0.00566412412139188,-0.03242764967725168,0.0058353909601767335,0.0038224655273259023,0.01002015415314302,-0.014113101333226538,0.0009931130334735,0.19058557634999848,-0.005714941698031106,0.015677287769933528,0.14121570322629748,0.1366666666666667,0.03709529312508885,0.0018872505374692243,PRELID1,1.0,1.0,0.0,0.0,0.0,0.0,0,1,0,0.8267778368246455,1
network,PRPF3+ctrl,-0.18327033901823642,0.02463461632200888,0.007671505611972829,-0.01423282333811395,-0.0285548065973739,0.045109219814473245,-0.0098865901430448,-0.00662288708611225,-0.02088504878840432,0.00936764599890974,-0.0016600354574621001,-0.1395190893281654,-0.01991624483087051,-0.07126988511014003,-0.15995687248553578,-0.10333333333333335,-0.038173482233533486,-0.026596724249305554,PRPF3,1.0,1.0,0.0,1.0,1.0,1.0,1,3,1,0.2757004471829877,0
network,PRPF31+ctrl,0.08019302442308841,-0.007315891615554571,-0.004657007071446469,0.060098779188507846,0.02997586669206087,0.2477559552739651,0.0022059939801692663,0.0018775789566019736,0.008292140352622083,0.017203957933266862,0.0004832283593714334,0.012549298346910284,0.02291580906263646,0.04994898639314216,0.011923405323177224,0.03999999999999996,0.07538832968257712,0.0372502282008389,PRPF31,1.0,1.0,1.0,1.0,1.0,1.0,1,4,1,0.5558206178966875,1
network,PRPF4B+ctrl,0.04033658219292246,-0.01152281918755734,0.01731493008966915,-0.0131211350772443,0.009309420383937264,0.04816648707213744,-0.0009022212276856336,-1.0300290506267315e-05,0.0009826855350763737,0.0038491699201922322,-8.605315815656662e-05,0.2903925935219491,-0.01916599596546975,0.035019016924170754,0.19504769148493714,0.06666666666666668,-0.016490331059744578,0.005912281501366468,PRPF4B,1.0,1.0,0.0,0.0,0.0,0.0,0,1,0,0.31030206121583254,0
network,PRPF8+ctrl,0.4123538821698249,0.07747763154262532,0.04908045450689532,0.0732255499278904,0.021368001445164115,0.3519321813623078,0.007962344835201899,0.004821929573843753,0.018157598670730413,0.005002802213959527,0.0012084325232233001,0.32495678564346014,0.015058651553616484,0.1366597765686143,0.3185796185876167,0.30333333333333334,0.12099600744964815,0.032795893585149484,PRPF8,1.0,1.0,0.0,1.0,1.0,1.0,1,3,1,0.33767594403437845,0
network,PSMA2+ctrl,0.006389780354236633,0.0010076792725789985,0.0030765960532095535,-0.007886737558332163,0.001684043382534232,-0.012391242855866477,1.468881964686771e-05,4.006175803694667e-05,0.0006807217398732875,0.0011797289279315004,1.5228288248166742e-05,0.007141848496010257,0.000603947347871614,0.0020372857379859686,0.004694919473661814,-1.850371707708594e-17,-0.005173221572507898,0.0019173370845324555,PSMA2,1.0,1.0,0.0,1.0,1.0,1.0,1,3,1,0.8492605232695278,1
network,PSMA3+ctrl,0.03130423596807256,0.01535568930653867,0.00848928754556666,0.012183647140762338,0.012037602095951875,0.02447426432673618,0.0014834192891915662,0.0011840703561506831,0.0018938688195076676,0.005531470258923671,0.0003089155846585999,0.014553606713769485,0.008154817483156015,0.02482423763425512,0.017124133792574565,0.03999999999999996,0.018000671388715084,0.009298141271059804,PSMA3,1.0,1.0,0.0,1.0,1.0,1.0,1,3,1,0.8290067011788567,1
network,PSMA6+ctrl,0.0634653949242422,0.025477780011285606,0.0298011476917171,0.018701354057746433,-0.01882091572110378,0.015400635088479109,0.0021560179690519993,0.0014793269322815143,0.0061990580350559,-0.01037138067927243,0.00040127600853643317,0.06508657137877727,0.012935670062986607,-0.0029112749783631875,0.06275091290937873,0.05333333333333331,0.031395464308678005,-0.019099089470190418,PSMA6,1.0,1.0,0.0,1.0,1.0,1.0,1,3,1,0.8205586608883654,1
network,PSMB1+ctrl,-0.07439832527377356,0.011654394674596577,0.0026359229313670887,-0.005744830235308668,0.006703324488284275,-0.021159964554012495,-0.000995614255468032,-0.0008010445979414657,-0.0019891139032008156,0.0063496736706718975,-0.00016574511149276667,-0.06086712118443849,0.011373598452685743,0.014065111800676008,-0.05126770322928272,-0.04666666666666669,-0.005904901385139401,0.009619492176587493,PSMB1,1.0,1.0,1.0,1.0,1.0,1.0,1,4,1,0.7438153831621768,1
network,PSMD1+ctrl,-0.029595215626431377,0.016718123745254904,0.010052408849308766,0.013605363520013855,0.003794652124138006,0.13264931886612966,-0.0032075773924588984,-0.0021930470212531508,-0.0022547123462668774,0.010974620587653102,-0.0005160160362720667,-0.001945710389051632,0.007754338867237494,0.0529409205708898,0.016915295699977368,-0.0633333333333334,0.00954841571534141,0.003168319092972808,PSMD1,1.0,1.0,0.0,1.0,1.0,1.0,1,3,1,0.6933988680136911,1
network,PSMD4+ctrl,0.05967054316580525,-0.04502788125798992,-0.021480702821126074,0.0438823189062488,0.022652357766664095,0.22303203234980973,0.0010476528356472674,-0.0011383681788308397,-0.002174385854230243,0.029077664998986213,-0.00010129886989789991,0.09912946081948874,0.05570789424576653,0.10955948567291414,0.08051089184331234,0.00999999999999999,0.05011489161235577,0.04222235364410265,PSMD4,1.0,1.0,1.0,1.0,1.0,1.0,1,4,1,0.20336773302060204,0
network,PSMD7+ctrl,0.012117640350685336,0.012877183060655736,0.00971674732096306,0.01258381704884845,0.016438906999461305,0.05004308561564941,0.0033855463067690348,0.0032441750814944013,0.007224204383753041,0.005567421112345437,0.0007636381002763668,0.029578262271348077,0.011643828402932507,0.0397818317107678,0.04813667440026089,-0.0033333333333332993,0.026167867015421693,0.012995344644142056,PSMD7,1.0,1.0,0.0,1.0,1.0,1.0,1,3,1,0.8143376286557976,1
network,PTCD1+ctrl,-0.013607637292013808,0.0059267588722815194,0.009555030367318898,-0.016275680883479905,-0.008102838897871,-0.03471993277385127,-0.0006823459019263336,-0.0006973279718914815,0.00011782380485581001,-0.011640665042448373,-0.00017815859367453332,-0.15823165094060923,-0.011851738735989733,-0.04018755923363252,-0.09544088624796505,-0.07666666666666666,-0.01661558969835204,-0.012545742177238214,PTCD1,1.0,1.0,0.0,0.0,0.0,0.0,0,1,0,0.517333544115189,1
network,PUF60+ctrl,0.0032176691927999768,0.04926456606890187,0.03415368939315209,-0.0027497283453423726,-0.01148217135011792,-0.2036079479500921,0.003642001499732333,0.0026528481037703853,0.009180976096321255,-0.01362870234481664,0.0006557211357479331,0.05251694169643036,-0.017298374421529594,-0.0325284948667085,0.061686335139470604,-0.04666666666666667,0.0023782116131260875,-0.013722326619388436,PUF60,1.0,1.0,1.0,1.0,1.0,1.0,1,4,1,0.6359689975822066,1
network,PWP2+ctrl,-0.04251385966540681,-0.0009180610547746179,-0.009449567547944349,-0.019158819859057763,-0.00949184192605825,-0.15975404935458348,-0.0003128455330928317,0.00011111159865806464,0.0013762527830839162,-0.007014102940369832,-9.73147883390332e-05,-0.0072327469387124714,-0.014452107358765787,-0.02992050568643197,0.02873096643170257,-0.05333333333333332,-0.03251607830895048,-0.009629561667951222,PWP2,1.0,1.0,0.0,0.0,0.0,0.0,0,1,0,0.6465936972327302,1
network,QARS+ctrl,0.45002543882346197,0.10093685469036388,0.07499696240630942,0.039097238150617865,0.0724609278338209,0.16683670524039815,0.010405101502935133,0.01011950347485302,0.014562894534646912,0.029661873630996732,0.002651903467873767,0.4283012307873462,0.03450219863837652,0.16646900738058498,0.3020855840865511,0.30666666666666664,0.06934917767052208,0.06572150284304885,QARS,1.0,0.0,1.0,0.0,0.0,0.0,0,1,0,1.0000000000000007,1
network,RARS2+ctrl,0.11934437430030742,0.0373516191074423,0.045176647344449115,0.030090005902502142,0.012655318915660971,0.05668637296697047,0.001496669836342366,0.0006645676087937794,0.001014064944403481,0.003514308995483264,0.00018968827983673335,0.08758096696528476,0.016300332470357337,0.025577164795125618,0.028282338854388207,0.06333333333333331,0.03443026028989336,0.01592799927813615,RARS2,1.0,1.0,0.0,0.0,0.0,0.0,0,1,0,0.771055439042763,1
network,RBM19+ctrl,0.3297896522556341,0.033246179940994915,0.036157811800124784,0.0034574905572156145,-0.009913129119925257,-0.23963644937385686,0.003787425657113399,0.0037532131569835148,0.003736444997452663,-0.01530792584872869,0.0010163952441265666,0.3488329628515802,-0.025170427262707944,0.032180929601200635,0.1362342097577486,0.31666666666666665,0.018616293202356343,-0.01578061022415178,RBM19,1.0,1.0,1.0,0.0,0.0,0.0,0,2,0,0.48949427347992597,1
network,RBM28+ctrl,-0.1989662817777922,-0.029140093685023,-0.019314686096617146,-0.015789864519403063,-0.0031427994085789965,-0.07523139424797065,-0.0031819430490334657,-0.0018669879128804616,-0.004240042153660362,0.003587068170247084,-0.0005568999719495332,-0.21104876953186671,-0.018165271523080822,-0.02293688409195327,-0.14309825051334843,-0.12,-0.026793370214739543,0.0018880104472249748,RBM28,1.0,1.0,0.0,0.0,1.0,1.0,1,2,0,0.481086671977071,1
network,RBM39+ctrl,-0.027370535982079603,0.019892277121635642,0.007505404228195604,-0.015570074238058562,0.001112355640284594,0.11948933301526536,0.0011209038396676311,0.0006175518716773354,0.0050987817485029785,0.0021392094701756237,0.0001640177797526001,-0.04793274553986412,-0.01679827889990937,-0.036334490454697575,-0.011300536880752185,-0.003333333333333336,-0.017946151972126234,0.0007979336970430259,RBM39,1.0,1.0,1.0,1.0,1.0,1.0,1,4,1,0.7466329603288437,1
network,RBM42+ctrl,0.01629455015420232,0.03722816355760351,0.02950769942090048,0.002866214727482145,-0.008011886452930328,0.0015621143004611222,-0.0005911098172267336,-0.0010284096966048188,-0.003289559355215984,-0.005879717255897633,-0.0001951828987027002,-9.791838902169688e-05,0.01962616167741586,-0.013722649920035726,0.008721134297257765,0.026666666666666672,0.0016284343662951544,-0.015579126436041646,RBM42,1.0,1.0,0.0,1.0,1.0,1.0,1,3,1,0.3324806375880308,0
network,RBX1+ctrl,-0.01530053137511773,-0.006292291564874579,0.0010439752131471784,-0.026762048870869304,-0.013109837625591944,-0.03523146381107204,-0.00039604182044666636,-0.00022102292749788996,-0.00045599828597264747,-0.011713507197422895,-7.685382540026664e-05,-0.0507508510207123,-0.020033102920630874,-0.045971674716910584,-0.022074963266066172,0.04333333333333333,-0.02783809203998298,-0.01686072135914622,RBX1,1.0,1.0,0.0,1.0,1.0,1.0,1,3,1,0.24542061255063657,0
network,RCC1+ctrl,-0.014032812181999773,0.028248297799994344,0.013142516284612974,-0.06109535562243987,-0.021771612898542275,-0.29092921372156316,-5.8332458138501735e-05,-0.00025086222359279226,0.0002830462911381411,-0.01945054817593897,-5.165171266220005e-05,0.038615162565162474,-0.009165651291709542,-0.0646054323425802,-0.028747954140245766,-0.023333333333333317,-0.08450269595759476,-0.03103063682015546,RCC1,1.0,1.0,1.0,1.0,1.0,1.0,1,4,1,0.200743500985735,0
network,RFC3+ctrl,0.061249859829359266,0.009219813429690324,0.011427202613335926,-0.008203662049788424,-0.0006907043449585667,-0.10903588987415334,0.0009041257823506991,0.00038356879870604654,0.0012052366161178218,-0.006052654658676104,8.873730742686665e-05,0.060709811774645885,-0.00864215202712119,-0.002379775896080923,0.07328107956080153,0.0666666666666667,-0.013835062462180229,-0.003003627103553841,RFC3,1.0,1.0,1.0,1.0,1.0,1.0,1,4,1,0.6893661429844953,1
network,RFC4+ctrl,-0.14363284709421903,-0.007500762111416555,-0.010290170526151185,-0.01999103417505067,-0.004449076100101794,-0.01235674815697422,-0.0014309187730153679,-0.000793123230668417,-0.0017164904763733817,-0.0012206094973502373,-0.00020668581904220005,-0.09778843568032203,-0.0007424561320332757,-0.020488340624323437,-0.07178673498594901,-0.10333333333333337,-0.020894812308224497,-0.004395401365566709,RFC4,1.0,1.0,0.0,1.0,1.0,1.0,1,3,1,0.8209484857571958,1
network,RIOK1+ctrl,-0.14057893033748403,-0.02258600792604648,-0.06680680701263175,-0.044428210289857724,-0.04931148346884664,-0.21897697369679325,-0.007568706447879434,-0.00211179794326255,-0.0042260527370397245,-0.024228880024699362,-0.0008455387336046332,-0.1374308140491549,-0.06496963418002262,-0.1467956587067216,-0.20370709043134574,-0.0766666666666667,-0.0759600008986561,-0.0625603663714445,RIOK1,1.0,1.0,0.0,1.0,0.0,0.0,0,2,0,0.6476035985716702,1
network,RNF40+ctrl,0.021161386873078707,-0.006640940054047843,-0.002885505950501891,0.009518621061852639,0.006260641258986066,0.07882592685401187,0.0011681678394476664,-5.9749570807158627e-05,-0.00043703297788536916,0.005855086223493807,6.118601110453323e-05,0.014081963890599422,0.021059833013586642,0.010112222775579735,-0.010883217203802567,0.023333333333333334,0.014549074907424353,0.018525287622643122,RNF40,1.0,1.0,1.0,1.0,1.0,1.0,1,4,1,0.941805307384212,1
network,RNGTT+ctrl,0.05585592223011048,0.028256559384377173,0.03317845018214242,0.02885201214376996,0.002893444647100063,0.004235945101568763,0.005402164533734333,0.002677421005355248,0.00702440509702625,-0.019310972655890307,0.0007929144388375335,0.06136244621129041,0.015585981854264372,-0.014443072652677006,0.03502695751415536,0.06000000000000002,0.051939041361851755,-0.0049930827876549415,RNGTT,1.0,1.0,0.0,0.0,0.0,0.0,0,1,0,0.2391798373654894,0
network,RNMT+ctrl,-0.07235793600072643,0.022311512478571587,0.031478479601182476,0.02885916193960929,-0.003439809105972913,-0.08437832409465601,0.009089196721712765,0.008350837804163605,0.01754314803788748,-0.02746692443611143,0.0018953694185863332,-0.10028406894323984,-0.018608787658745185,-0.1877279703557808,-0.019247783697049967,-0.09666666666666666,0.06667816654343589,-0.0049819024057032495,RNMT,1.0,1.0,0.0,1.0,0.0,0.0,0,2,0,0.303087075004319,0
network,RPF1+ctrl,0.08887610350719737,-0.011613228046869336,-0.0017064511491565921,-0.026354051718008458,-0.023176597754889283,0.258081182072144,-0.013355725755294132,-0.012447902634368235,-0.02258521252714359,0.013739735856839871,-0.0030734019819647,0.1459703099490607,0.005227969913134789,0.10656742107268473,0.07380143317093686,0.05666666666666668,-0.05315147986256747,-0.011277425803818372,RPF1,1.0,1.0,1.0,1.0,0.0,0.0,0,3,1,0.3256615676601911,0
network,RPL10+ctrl,-0.24552934730696174,-0.1924139298029184,-0.1510812758199467,-0.06116885171727934,-0.04466090560185229,-0.16709516170509897,-0.011905298878749202,-0.005812683676913566,-0.011802267336154046,-0.007265514488600837,-0.0018318951285133998,-0.19047509177167918,-0.05492197439862948,-0.10878479572004122,-0.21015198270317903,-0.17333333333333334,-0.09797833840556948,-0.03660883474115062,RPL10,1.0,0.0,1.0,1.0,1.0,1.0,1,3,1,0.6414682591282669,1
network,RPL10A+ctrl,0.20934684448644658,0.10105378138645767,0.09834448146647723,-0.02096344169134153,0.012550335035698468,-0.18226827529722023,0.0078590592990319,0.004732517922343564,0.012413724328818265,-0.01743159649013003,0.0012113158591091334,0.1517339954678505,-0.016047482741377683,-0.031340707991752294,0.17869988342811013,0.13666666666666663,-0.010226326914117475,0.00657704574912521,RPL10A,1.0,1.0,0.0,1.0,1.0,1.0,1,3,1,0.47263705761987823,1
network,RPL11+ctrl,-0.5039660990074559,-0.2534820735391196,-0.2795388763564009,-0.03909141166580233,-0.0766354133682747,-0.0394905212672674,-0.022976841156681364,-0.016375802684340874,-0.03438866290345607,-0.001274027802866474,-0.0041044379080024335,-0.42877317029482914,-0.012894745864494425,-0.02337277048510437,-0.44349087366350837,-0.40666666666666673,-0.115454046147822,-0.0898448783999133,RPL11,1.0,1.0,1.0,1.0,1.0,1.0,1,4,1,0.2815817502243316,0
network,RPL13+ctrl,0.06184551225505693,0.018016615375583894,0.009748403246872058,0.018148797364919977,0.014141601376995874,0.058554069400209775,0.004779681873818268,0.001467871636278632,0.0023680095987773284,0.00393529075900742,0.00046814190379036665,0.02369944710347512,0.021012929163409206,0.044748758261860165,0.029212511617126458,0.07666666666666662,0.031756427660992646,0.014274574149584107,RPL13,1.0,1.0,1.0,1.0,1.0,1.0,1,4,1,0.30100383330480673,0
network,RPL18+ctrl,-0.025475507366069405,0.016043137643024192,0.0023980439173517665,-0.020237042113289732,-0.006491397296438032,-0.011812986049817767,-0.0026949203262726673,-0.0016042625282145877,-0.002249098770143121,0.0017409496459725355,-0.0004624568391591334,-0.00924669965751923,-0.0031377544159253055,-0.016675705217078434,-0.0019493792684848188,-0.03999999999999996,-0.02938278842155569,-0.009198011608962275,RPL18,1.0,1.0,0.0,1.0,1.0,1.0,1,3,1,0.4707930323896838,1
network,RPL35A+ctrl,-0.029363283964354576,-0.01733468019951882,-0.015548682630537436,-0.03644621999675598,-0.0033117584793032986,0.039549053285263,-0.0008249028275410658,5.769482256294071e-05,-0.0004692993069702611,-0.007476422496597866,1.4986804065633411e-05,0.015283577494202468,-0.011350977324868708,-0.021769833599444066,-0.0011615980944329474,-0.02666666666666669,-0.024514106458762636,-0.006697691808762414,RPL35A,1.0,0.0,0.0,1.0,1.0,1.0,1,2,0,0.20305529728283908,0
network,RPL8+ctrl,-0.020433972127181305,0.008186436529466157,0.002872262593016761,0.012390831374487063,0.005611053291972669,0.023846291877359187,0.0003299728656808657,3.457731455106897e-05,5.9059994458173413e-05,0.005235706922082732,1.0223380134733365e-05,0.0006618954412896579,0.014553455628407819,0.027857773925078117,0.004604842536340119,-0.029999999999999954,0.0169934536588431,0.010761025816714101,RPL8,1.0,1.0,0.0,1.0,1.0,1.0,1,3,1,0.6412681070638131,1
network,RPL9+ctrl,-0.01338052966908232,0.006268276862005077,-0.0023030414451631342,0.004749637648681369,0.0004322130701073605,0.028058391741267064,-0.002042385439078033,-0.0005628162431826252,-0.000995781191831265,0.004620151557164905,-0.0002066786206948,-0.00496427168433274,-0.0003845695330359315,0.01554081790908853,-0.010493706618549573,-0.033333333333333326,0.00626230296099491,0.0012312862660123585,RPL9,1.0,1.0,1.0,1.0,1.0,1.0,1,4,1,0.24689277560090636,0
network,RPP14+ctrl,-0.0712007134531774,-0.017185987560897287,-0.02149615432278888,-0.0319286463339137,-0.010287253969527843,-0.14896654998203385,-0.0017346503833929998,-0.0007082685474556852,-0.0008271947377963181,-0.006691968333771133,-0.00028289466475446665,-0.04429537640123634,-0.015694786959708384,-0.04940523534621166,-0.04448429623544146,-0.05666666666666664,-0.05018397176365778,-0.010239308314863601,RPP14,1.0,1.0,0.0,0.0,1.0,1.0,1,2,0,0.485861933568664,1
network,RPS14+ctrl,0.24619020597966856,0.05835445420901967,0.07367011332108604,0.011472889329428554,0.022721551943464906,0.13820723199417004,0.006040677428245534,0.00393527188316356,0.005440731313179015,0.011308682227202762,0.0009504813157643,0.10673831724235446,0.024173301802631702,0.05940241609331357,0.08285513779372038,0.19666666666666663,0.047091745510548476,0.016859874736623426,RPS14,1.0,1.0,1.0,1.0,1.0,1.0,1,4,1,0.41208764703172934,1
network,RPS19+ctrl,0.2403883342997216,0.05173667601812093,0.05095235308880375,0.024842114028875272,0.028939267075895964,-0.01912320537966611,0.006984511079887565,0.0035084930216702226,0.004783000015453102,0.012033665789796597,0.0009557602073376332,0.10217544977728958,0.022218325924469706,0.06525537908418348,0.09823312007618117,0.19333333333333336,0.05235431453352799,0.024875087366008426,RPS19,1.0,1.0,1.0,1.0,1.0,1.0,1,4,1,0.2063862569414467,0
network,RPS21+ctrl,0.08536808249948873,-0.0187220213890833,-0.01719994112445511,-0.02008775048069003,-0.01787797497805806,-0.05521541415687461,-0.0019593189160029335,-0.0019778918098855756,-0.001279386307236896,-0.006492694204095577,-0.0005098697341357332,0.031857129951585704,0.008598397570988089,-0.02416541550467007,0.02410527070824518,0.06999999999999999,-0.03031554888834929,-0.01222285005373728,RPS21,1.0,1.0,0.0,1.0,1.0,1.0,1,3,1,0.19331825649390655,0
network,RPS23+ctrl,0.10010976291980851,0.009328014707143137,0.011853804723503392,0.013433917642736382,0.0062419716621725145,-0.05741925321695344,0.002940562864144633,0.0020708833322434415,0.002628976208957301,0.002498148681786725,0.0005155167309567667,0.049366332768356856,0.008722280810571284,0.02341988661955115,0.04991589951744927,0.10666666666666665,0.025937924900980996,0.0038629959814729573,RPS23,1.0,1.0,1.0,1.0,1.0,1.0,1,4,1,0.27669441227368036,0
network,RPS26+ctrl,0.12663118789486572,-0.015933911041451587,-0.011474120474590935,0.03784791560071505,0.016387648044604335,0.09020582039027747,0.0033739140878120675,0.0016696598442793587,0.0018212469445964736,0.011530879596731344,0.0005108677626897666,0.03665870529640839,0.02181826522745482,0.06710352641421864,0.03428510731857189,0.10000000000000002,0.04773486880454769,0.017114580390363992,RPS26,1.0,1.0,0.0,1.0,1.0,1.0,1,3,1,0.40876770544792485,0
network,RPS5+ctrl,0.035222263908673036,-0.006702075208526208,-0.003860312049036733,-0.0009211421917347066,0.007719350754248298,0.05205781519150391,0.0013620946556329346,3.211535888806664e-05,0.0004945646516424743,0.0060182650843932,8.78667536502e-05,0.0063345422733258605,0.012247284055234342,0.0028642509076848657,0.011981966565774401,0.033333333333333326,0.002322953786165751,0.005749377207942663,RPS5,1.0,1.0,0.0,1.0,1.0,1.0,1,3,1,0.7047560626934194,1
network,RPS6+ctrl,0.007282160645439702,-0.004912321925821361,-0.008587805734188159,-0.015983909900185094,0.0036375714516161395,-0.07647005425984323,0.002127847323815034,0.0012118876597865258,0.0016164384802869562,-0.005659368018337598,0.0003215831626827666,0.011669783942632331,-0.001954481669463215,0.0018354516616898946,0.010422752992910178,0.013333333333333308,-0.016253577156464732,0.0011023791617946015,RPS6,1.0,1.0,1.0,1.0,1.0,1.0,1,4,1,0.22261362277080676,0
network,RRN3+ctrl,-0.19716896641510484,-0.04052690350130687,-0.049672618323872965,-0.0052949104818870345,-0.012097332186641977,0.02181667605225505,-0.0023102623720964006,-0.0034446713567662566,-0.004171044148116088,0.002213896402036314,-0.0008488072392841332,-0.27432858898451556,0.021836148656724747,-0.025183919467791083,-0.14548234563576673,-0.19333333333333336,-0.009099993167125434,-0.005169961910200138,RRN3,1.0,1.0,1.0,1.0,1.0,1.0,1,4,1,0.3987369819232302,0
network,RRP7A+ctrl,-0.05662164247085597,-0.012316492473278928,-0.024462224111025666,-0.023410325823423884,-0.009418105116357026,-0.18925897108845188,-0.0006562676280737005,-3.617187996392731e-05,-0.00010771474079844061,-0.007105817214584938,-8.242045684406663e-05,-0.012838890014450191,-0.010724457096588721,-0.031239219083914877,-0.00995312923290124,-0.010000000000000028,-0.04213278506546333,-0.010711825467511074,RRP7A,1.0,1.0,0.0,0.0,0.0,0.0,0,1,0,0.46232637556318545,1
network,SAP18+ctrl,-0.08948501507826186,0.002818641689873891,-0.004002419867028428,-0.0020028607020409206,0.00705079766252296,0.3217135648218576,0.0007211118936538974,0.00025644663376078736,-0.0005855321481390933,0.0006650411293368333,0.0002508618248005334,0.10623181430815565,-0.00042906195034505174,0.031660026787013705,0.034241021564450136,-0.11666666666666665,0.019508999487638384,0.004118374540892367,SAP18,1.0,1.0,0.0,1.0,1.0,1.0,1,3,1,0.26969579863930426,0
network,SART3+ctrl,-0.15381549182918833,-0.046653174834367296,-0.039079007897079854,-0.03578762327765147,-0.01680042974306357,-0.04961250960010479,-0.006506736700733466,-0.005071277439725241,-0.009668091954126287,-0.003696592676693635,-0.0013249552575871667,-0.14797435225583472,-0.005820549417786462,-0.003122429187076873,-0.10859861848876894,-0.14,-0.0560862261263701,-0.022489240691439243,SART3,1.0,1.0,1.0,0.0,1.0,1.0,1,3,1,0.6013617084568506,1
network,SCAF1+ctrl,0.1620533452950129,0.1329677594776729,0.10682060111171483,0.0667844858993957,0.025783001618100543,0.4863518747839944,0.0051334922512372315,0.0019747801152267077,0.006595187871649144,0.027679706123409937,0.0005962579743936665,0.32840464481192,0.06181919486726484,0.10527885160977417,0.2461561057857796,0.1366666666666667,0.10703179379021954,0.029801664331846094,SCAF1,1.0,1.0,1.0,0.0,0.0,0.0,0,2,0,0.269109781969321,0
network,SCFD1+ctrl,0.0741340035611412,-0.044212796144190825,-0.04626488978767329,0.011111530168112995,0.0026801139089233095,0.03418904705772611,0.00011876039206983394,-0.0007538054342963729,0.0008978865236919006,0.0020978700386988605,-0.00011506882340960002,0.10506932318162697,0.035017372697980775,0.07313904723217553,0.09270841913820003,0.06,0.012051932695299297,-0.0009438324256519545,SCFD1,1.0,1.0,0.0,0.0,0.0,0.0,0,1,0,0.2138316415513398,0
network,SDC1+ctrl,-0.021210224479501178,0.02334265061363912,0.019558965513243858,0.0005807682923598678,-0.0021350445163093403,-0.03945820518184057,0.002308090527852366,0.0014981515819228648,0.003591832487895963,-0.009449371239957075,0.00035964173730463337,0.047705978958474025,-0.02665936666982734,-0.030767707004149252,-0.0035990523664676997,-0.046666666666666655,0.011084673388145394,-0.00824883561647427,SDC1,1.0,1.0,0.0,0.0,1.0,0.0,1,2,0,0.15192865317328375,0
network,SEC13+ctrl,-0.04797594324560903,-0.02426507218834965,-0.022928012594003788,-0.028646042846346698,-0.014185697262348492,-0.03432147146762873,-0.0013597911844650985,-0.0007832366071103269,-0.002773832661098541,-0.009575411317478985,-0.00020326153996083336,-0.025067170295447656,-0.03127331092068205,-0.04636403168328407,-0.032962758735021414,-0.030000000000000027,-0.035403707766548775,-0.017065409408871874,SEC13,1.0,1.0,0.0,1.0,1.0,1.0,1,3,1,0.41469896924458305,1
network,SF3A2+ctrl,-0.05817917587453834,-0.009931268720653122,-0.008201174809792136,0.0021994285738574,-0.018073879419882487,0.024029514082639074,-0.004368010287483498,-0.0018591554251811138,-0.004896322380651297,-0.006692347702797169,-0.0006227204964185999,-0.03208970159090133,-0.027930210829538542,-0.005860193676697804,-0.021528511177974385,-0.05666666666666668,-0.00952200792522447,-0.02021879679128306,SF3A2,1.0,1.0,0.0,1.0,1.0,1.0,1,3,1,0.36016715960139584,0
network,SF3B2+ctrl,0.06967858281313026,0.0048859349750316845,0.003289105929459376,0.021164085624275807,0.03328843338237212,0.00026168147096713074,0.010713230197628335,0.009032333472504503,0.026303354899770315,0.007052390404487231,0.0022999324525395997,0.042719515589395095,0.024585209560220145,0.050544505046542176,0.058959659585991954,0.04666666666666667,0.04748276766879713,0.03152954178792433,SF3B2,1.0,1.0,0.0,1.0,1.0,1.0,1,3,1,0.31822583169843616,0
network,SF3B3+ctrl,0.3627460366172885,0.12017193588795812,0.08388816830479207,0.03427385835003766,0.04370260396789003,0.08650553669186056,0.014504408463835735,0.010783522033862384,0.033380097823124864,0.004549439430427793,0.0026782416583348997,0.29398895615661114,0.02325810935442126,0.1416004565535028,0.3349074728658496,0.22000000000000006,0.08166303003518387,0.05093671273772863,SF3B3,1.0,1.0,0.0,1.0,1.0,1.0,1,3,1,0.9999999999999996,1
network,SFPQ+ctrl,-0.027151547542791764,0.05603074525617202,0.07326536591845247,-0.05048738518807681,-0.013905110429443368,-0.42011715432780367,0.0009213623901208334,0.0023669949679582247,0.005977342735158893,-0.016728989377960468,0.0005868027607600004,0.04105535038850611,-0.011272275752017094,-0.01592160408810935,0.06294414186381236,-0.010000000000000009,-0.08098807021747954,-0.013172230809202379,SFPQ,1.0,1.0,1.0,1.0,1.0,1.0,1,4,1,0.5496692192875822,1
network,SFSWAP+ctrl,-0.014029725166163057,-0.018524071150374206,-0.005665645265026997,0.00390318670294811,0.015799625541616836,0.1297761614691125,0.0007153221716483653,0.0004149767642914748,0.0014086408006289686,0.010051971013801295,0.00010814343113449991,0.28827176962650464,0.012230141049017465,0.06196919107255846,0.157709357604073,-0.03999999999999998,0.00937928693522777,0.015043604835617471,SFSWAP,1.0,1.0,0.0,1.0,1.0,1.0,1,3,1,0.3659372464690601,0
network,SIN3A+ctrl,-0.041163858798757565,-0.022690215454130858,-0.0378555142514313,0.003573242776911669,-0.002680795508028966,-0.16015593451047994,0.007570860907435432,0.004795962121541246,0.013332405909296297,-0.031360948166003766,0.0012119078698258,-0.10315500897130063,-0.04171767374898394,-0.0765250380771398,-0.04783271501794107,-0.049999999999999996,0.027444671314970897,-0.016340676663016196,SIN3A,1.0,1.0,1.0,1.0,1.0,1.0,1,4,1,0.25354281791386835,0
network,SLU7+ctrl,0.17594318746260162,0.14440473885715677,0.09927383679798078,0.003454196205733173,0.04208095620313973,0.10761167591076382,0.009715323646863299,0.009491327957740436,0.02404313229852913,0.007727801837592733,0.002342073246836666,0.21029236641687135,0.0017498404641557164,0.10683149141536363,0.23109073347020556,0.11333333333333333,0.017698087906396487,0.03842644497250517,SLU7,1.0,1.0,0.0,1.0,1.0,1.0,1,3,1,0.38871378318914046,0
network,SMC4+ctrl,-0.07283451981175142,-0.027208931242934293,-0.021854268145951188,0.011810595780052585,0.0035020872095401965,0.006133691312914524,-0.0002976792554060653,-0.00027834593448731554,-0.00046984619480513096,0.014507742086533798,-7.109821308396665e-05,-0.058377539766147034,0.026381109025711447,0.040595503208805374,-0.023164161303896202,-0.06333333333333334,0.00780615034842283,0.011863641536101902,SMC4,1.0,1.0,0.0,1.0,1.0,1.0,1,3,1,0.8460675681672183,1
network,SMG5+ctrl,0.004236951221978628,-0.09056017086928013,-0.08793023283136148,-0.007070065723097031,0.003538734681776845,0.06814628625877832,-0.0018070557465156036,-0.0026821932268078865,-0.006348268197597373,0.019023350287152168,-0.0007238076068460667,-0.09047349064862482,0.0006347666842505539,0.02193608534423282,0.01700114985002936,0.01,-0.020587880657204516,0.019879635227221287,SMG5,1.0,1.0,0.0,0.0,1.0,0.0,1,2,0,0.2561412517892711,0
network,SNAPC3+ctrl,-0.07810836497190829,-0.06430236255185744,-0.07903321026788146,-0.00918031461638454,-0.004724111113764122,-0.04206611926521029,-0.00038287602365016704,-0.0003632971115062518,-0.001026683360953055,-0.0020843415246301344,-8.645969986296669e-05,-0.12257947970116971,-0.0020831711429442437,-0.01756090267869988,-0.06014763057810051,-0.06333333333333331,-0.012002928346640704,-0.007606330941929196,SNAPC3,1.0,1.0,0.0,0.0,1.0,1.0,1,2,0,0.22341894852785749,0
network,SNRNP200+ctrl,0.36904373784653516,0.09508009564124457,0.053743067075432895,0.09808148281512462,0.08360377220501052,0.5846230530869193,0.013712334136168132,0.010626852868712011,0.036996141991008126,0.03634581976338307,0.0028282605732480666,0.42922804120721275,0.05725409868210599,0.1970265695951524,0.4339737552043345,0.2633333333333333,0.19165893288897493,0.0775534624602207,SNRNP200,1.0,1.0,0.0,1.0,1.0,1.0,1,3,1,0.40187792133100547,0
network,SNRNP27+ctrl,0.003279657955014762,-0.07205058656418194,-0.0447850220658651,0.0014334074812111797,-0.018332335448310217,0.03445376313918606,-0.00639222562313083,-0.0032854666538948787,-0.006058026423657085,-0.0016646900222411405,-0.0011615452822297668,0.04152336535542786,-0.028043000544274815,0.02307789928424993,0.01397929594553206,0.03666666666666666,-0.019185410038765154,-0.016408786152532755,SNRNP27,1.0,1.0,0.0,1.0,0.0,0.0,0,2,0,0.37565656213214427,0
network,SNRNP48+ctrl,0.03473090852313756,0.011645252277004378,0.010199487411040745,-0.004421156645918856,0.003058937363732963,-0.032397145461059616,0.0005377934624751328,0.0002982006375773875,0.0008615324664984492,0.00018184833372583697,7.052094830823322e-05,0.03473500370355905,0.00030910080566074843,0.005366288051268524,0.02833619410773854,0.040000000000000036,-0.004388295851447306,-3.003898371038242e-05,SNRNP48,1.0,1.0,0.0,0.0,1.0,1.0,1,2,0,0.2656074809201809,0
network,SNRPD1+ctrl,0.05271732734541849,0.005459135495590443,0.010383033645472328,0.020215018504151954,0.017606970216177114,0.07786446479054066,0.001950574417908968,0.001557805612854272,0.005146739262051003,0.008670657188301836,0.00037454262686276667,0.006188205546782751,0.0003059035051903673,0.03445145139153094,0.009090619682034987,0.05666666666666664,0.035421539397340294,0.01648399574083485,SNRPD1,1.0,1.0,0.0,1.0,1.0,1.0,1,3,1,0.5156500616603079,1
network,SNRPE+ctrl,0.00698109335057658,-0.003961252516700912,-0.002722857951853156,0.004267681825082442,1.0536676623170335e-05,-0.010862192711372823,0.00020232548316320015,0.00010907698201016262,9.17483236599163e-05,-0.0008133874958423659,3.1801833150299974e-05,0.0021034114563016626,0.0028936709265067564,0.0011094632079043192,0.0011128874454772915,0.003333333333333336,0.003477809348574464,0.006757235106263988,SNRPE,1.0,1.0,0.0,1.0,1.0,1.0,1,3,1,0.5700105396635738,1
network,SNRPG+ctrl,0.004770998961140194,-0.0031828776981606133,-0.003606597354857984,0.003356264635304899,-0.01060312417751716,0.004438191075629945,-0.002374845867355667,-0.0013241942336131112,-0.0012010740083504186,0.0001090451360315677,-0.0004239866199592667,-0.004242976350822307,-0.01273609957334787,0.002150293547148093,-0.00471213932906563,0.006666666666666672,0.00032975691619451425,-0.011036165016662195,SNRPG,1.0,1.0,0.0,1.0,1.0,1.0,1,3,1,0.645857989942773,1
network,SON+ctrl,0.08714751263040739,0.05772217941333154,0.044102522610514804,-0.015610782819307797,0.012410539636194226,-0.18271889545664752,0.0021392020086447978,0.002745219505164783,0.004790837064396499,-0.00012651988848777496,0.0006675437713662668,0.2091468026819144,0.00037805769163975117,0.010041650868004367,0.152822974177657,0.10333333333333332,-0.02233948306886459,0.008149436221046432,SON,1.0,1.0,0.0,1.0,0.0,0.0,0,2,0,0.409644360875869,1
network,SPC25+ctrl,0.30998947359237733,0.03919161520304008,0.019203926468516874,0.06819358871630345,0.06536870948850194,0.7073929915237057,0.007329640910029435,0.0050854381846055325,0.013149803774116009,0.02945523221348631,0.0015354210821290333,0.2547509242193124,0.0287242273284886,0.13526577770271575,0.2266615143515225,0.18666666666666668,0.13929396986485276,0.06368053162666172,SPC25,1.0,1.0,0.0,1.0,1.0,1.0,1,3,1,0.356294670424564,0
network,SPCS3+ctrl,0.006692013098516465,0.041175256877317434,0.08284894040921954,0.015574229792726463,0.018563742912324283,0.2612551401386262,-0.001991454511880901,-0.0009278407199996656,-0.0018863068838735526,0.023322849756584756,-0.0002490978416366,0.10779118866404898,0.009395636385119088,0.05745129809177566,0.05014712433552967,-0.01,0.010509587059884964,0.02986634088516804,SPCS3,1.0,1.0,0.0,0.0,0.0,0.0,0,1,0,0.2417228495302478,0
network,SRBD1+ctrl,-0.013621233959171336,-0.0023652056811359254,-0.0032901958368418325,-0.016948518763013565,0.019336698021728983,-0.2011787084326121,0.0059002215663592,0.006183292649144227,0.008557342998599856,0.00025407690488228146,0.0015012690564617669,-0.09844301870364851,-0.03639504905069805,-0.03437341084304183,-0.07662565745255052,-0.02999999999999998,-0.01641419140054993,0.016376418954213785,SRBD1,1.0,1.0,0.0,0.0,0.0,0.0,0,1,0,0.5756183016076782,1
network,SRFBP1+ctrl,0.20397359801020273,0.013705335774415054,0.030908366348486704,0.02349720807057772,0.007442935257269116,-0.030020081454782965,0.0028756850709518006,0.0022646468532957487,0.0017785252149258672,0.00431991316747012,0.0007086558422694667,0.2913802254195927,0.018179993257245546,0.07697720236849563,0.10379393130996091,0.16666666666666666,0.03524867046536584,0.0003036331361185862,SRFBP1,1.0,1.0,0.0,0.0,0.0,0.0,0,1,0,0.4063697637131852,0
network,SRP68+ctrl,-0.01488641695392571,-0.00494847655894252,-0.006397849831191071,0.024297720178898318,0.005667560960102171,0.12846052596129504,0.0009813749541838664,-0.0001401115860882133,8.191918776682498e-05,0.006655446586746734,-6.255848954066628e-06,0.029476545191522856,0.038524004603728956,0.03366078627758599,0.060555849996450827,-0.02999999999999999,0.02999007224857725,0.009030092302239612,SRP68,1.0,1.0,1.0,1.0,0.0,0.0,0,3,1,0.31262356025591626,0
network,SRRM1+ctrl,0.019241638271056166,0.0009462922049173761,0.01323709985085956,0.02564877207033957,0.0026938398210876644,0.01425037916235041,0.0026714739700158655,0.0016221133860683985,0.0037573633184369757,-0.00526806315956907,0.0004480746962751,0.039459847088121704,-0.007339477745337016,0.0004435733010123751,0.015180007556084535,0.026666666666666672,0.03064227862693632,0.00549631188651567,SRRM1,1.0,1.0,0.0,1.0,1.0,1.0,1,3,1,0.6113009975947442,1
network,SSRP1+ctrl,-0.20090630929515776,-0.03591594752973345,-0.026739352025384355,-0.04414241528639339,-0.03823198274200785,-0.13067753019077533,-0.005139655123154333,-0.004028360047805453,-0.008410575416155086,-0.01782591104036237,-0.0010813395492732666,-0.23285416761715294,-0.032304255416249705,-0.10505592649547246,-0.17421886223351665,-0.1533333333333333,-0.07097405385087206,-0.0406369310721274,SSRP1,1.0,1.0,1.0,1.0,1.0,1.0,1,4,1,0.3813281949620255,0
network,SUGT1+ctrl,0.025807733595025858,0.006471718965423053,0.016391422018470936,0.020071120670285658,0.00562627492952078,0.0755671061723467,-0.001266282672683399,-0.0011963718865724375,-0.0016678387790119247,0.010531267379898466,-0.00032569720254589993,0.002740629362283397,0.006649877189484991,0.014494739037439364,0.024289355020115602,0.03666666666666668,0.011366906958454936,0.01053399182714787,SUGT1,1.0,1.0,0.0,1.0,0.0,0.0,0,2,0,0.5245924615043881,1
network,SURF6+ctrl,0.16216177184871233,-0.008545744637065108,-0.01625339263510428,0.02543259440700964,-0.007134645396316687,0.15949999188203054,-0.0028503549595674006,-0.0021288972784145508,-0.0015140108281392894,0.005945764037970637,-0.0005154910419757333,0.14373230758139724,0.04323911843041173,0.03727885523695181,0.15320861501280883,0.1466666666666667,0.015414948411033838,-0.004924606011263137,SURF6,1.0,1.0,1.0,0.0,0.0,0.0,0,2,0,0.4369064449610569,1
network,TAF10+ctrl,0.3925895002662784,-0.008524810981461886,-0.004155088001267034,0.10412305685008433,0.0253214036008782,0.23328708761440412,0.005900361885627134,0.007431161929717378,0.007949937479871641,0.005803836640721862,0.0018583379375438,0.17181273452581936,0.03603174453366894,0.12714146342159968,0.09642131314823026,0.28,0.13997779282114017,0.020823904630557315,TAF10,1.0,1.0,1.0,1.0,1.0,1.0,1,4,1,0.44414410929423925,1
network,TAF6+ctrl,0.07214843742706036,0.01266752206980648,0.021171674535785685,0.03240264232743156,0.02433106519404003,0.11154492399302827,0.0020692267765601673,0.0014667248575908805,0.0018200820811485514,0.016091863905383346,0.00047320096443096674,0.1297461122412676,0.03256373178376282,0.0993000036771543,0.12332494047899865,0.09666666666666668,0.04823915560006453,0.024318312345452602,TAF6,1.0,1.0,1.0,1.0,1.0,1.0,1,4,1,0.3496521614283542,0
network,TBL3+ctrl,-0.49503812608520487,-0.027588708637886317,-0.0399672011521203,-0.053856314639814024,-0.019255961047203857,0.07715560935177619,-0.008034602428476032,-0.004611187810930062,-0.006024680713361412,-0.003994636055885663,-0.0014180700527504336,-0.4765934039494728,-0.016392046659722603,-0.10698261505654172,-0.34101830847602604,-0.35000000000000003,-0.06514558097792549,-0.018946170865238237,TBL3,1.0,1.0,0.0,0.0,1.0,1.0,1,2,0,0.5424007548958424,1
network,TCP1+ctrl,-0.009988451229999104,-0.00594767063802167,-0.0067017204814062885,0.014545719098302897,0.0028584543614416646,0.05410555531382958,0.00032980491717656685,-1.3734980364499272e-05,0.0004323881209492564,0.001848390326765953,1.3580701003399948e-05,-0.0012358364864336242,0.015357753983176922,0.009216452023121416,0.0073138450612645345,0.013333333333333308,0.013095880968925019,0.0007097912743956325,TCP1,1.0,1.0,1.0,1.0,1.0,1.0,1,4,1,0.9150011412432962,1
network,TEX10+ctrl,0.19402022678390096,0.024876049634369807,0.03410232035120294,0.00791484552614353,0.022635755107203875,0.12396964017676049,0.0015755469600359333,0.0010978896757583012,0.0006786890667679346,0.02016567417810916,0.00029757093094909997,0.14406132012385067,0.020305927513582917,0.08820947394340721,0.06404006035237454,0.09000000000000001,0.0164533039231471,0.031591867027767805,TEX10,1.0,1.0,0.0,1.0,1.0,1.0,1,3,1,0.5472084677774889,1
network,THOC7+ctrl,-0.01131225796693732,-0.03439270970011057,-0.037453482041265564,-0.008117961679553467,0.004567081921469225,-0.09876236281508233,0.00037065893411640055,0.00012471794409215273,0.00019947907999510553,-0.0016470605176046686,5.2763808829066673e-05,0.01283672003338406,0.008406651872254867,-0.006526516520035923,0.003233927281903304,-0.016666666666666663,-0.01072589544727931,-0.002090743108577523,THOC7,1.0,1.0,0.0,0.0,1.0,1.0,1,2,0,0.3623114019185135,0
network,TRMT10C+ctrl,0.08953338286811639,-0.0015202795649418288,-0.001008747898954258,0.01737475910047766,0.0009664545863231252,0.014492227319003459,0.0015571347127358338,0.0006804440938438239,0.001479136331200892,-0.004071744554521158,0.0002098545276870333,0.1084337349628247,0.020280254442162676,0.016778810046488363,0.06695886070140193,0.04333333333333333,0.02281588083509049,-0.0017767549844293073,TRMT10C,1.0,1.0,0.0,0.0,1.0,1.0,1,2,0,0.20298931797199302,0
network,TRMT5+ctrl,-0.03817507559373334,0.008539289545817766,0.021791369661246878,0.01313545256420127,0.0007789079407227728,0.007014244332227193,0.0017491032679875645,0.0014098724511346639,0.0036079545213508015,-0.008833989112572096,0.00036783209846659996,0.21087442617789054,-0.005502993087260544,0.016832755179336394,0.1137008491848433,-0.04333333333333333,0.020678630368367645,-0.0015815671812035765,TRMT5,1.0,1.0,0.0,0.0,0.0,0.0,0,1,0,0.3015406880658885,0
network,TSEN2+ctrl,-0.007437779020748002,-0.009369696238931136,-0.01727800122251888,0.006560549314585662,0.005203834793898891,0.03377565507947761,0.0007815162340800002,-0.00026649611619615027,-0.0008188214251271253,0.0104468779820009,1.2115730593666191e-06,-0.037458438292891534,0.035951672970246075,0.017538781426294725,-0.004711240795934865,0.006666666666666664,0.006605642383566525,0.008278136067088862,TSEN2,1.0,1.0,0.0,0.0,1.0,1.0,1,2,0,0.21439894004183485,0
network,TSR1+ctrl,0.11656919272932514,0.0016810267995524726,-0.01186269946662107,0.02854442163892996,0.0017338032453968293,0.04644694997469676,0.0014474124958118,0.001193289216998461,0.0012212270893317372,-0.0012734077447928334,0.00030262387978533326,0.07333199045137222,0.009135005586284847,0.026189159947432355,0.06327631525236439,0.09333333333333337,0.029488459827135965,0.001216936458639221,TSR1,1.0,1.0,0.0,0.0,0.0,0.0,0,1,0,0.4128817226216927,1
network,TSR2+ctrl,-0.06887188358908991,0.005343687102130327,-0.001778806481755324,-0.01006929296641427,-4.423537561347909e-05,-0.01815299061400762,-0.0015649336079756673,3.0697800288489084e-05,-0.000827862329435621,0.0002624763441912333,-0.00011185991267363331,0.0480656394290593,-0.025358488703666193,-0.014409354207378045,0.010412853742192469,-0.020000000000000018,-0.01345008065846374,0.0027069432438420935,TSR2,1.0,1.0,0.0,0.0,0.0,0.0,0,1,0,0.22843338042327205,0
network,TTC27+ctrl,0.0039407273004124456,0.01765354943842797,0.01978432797257279,-0.004063576361131351,0.0053555636401174484,0.05662623144613647,0.001598593468467368,0.001005605065144392,0.004118719685529719,-0.0031129928681022934,0.0002518429343278334,0.1832372133931818,-0.0017331546444098918,0.02257865495085265,0.1397353649917657,-0.03,0.0022138821151592345,0.0019821173855110543,TTC27,1.0,1.0,0.0,0.0,0.0,0.0,0,1,0,0.41068156010206375,1
network,TXN+ctrl,0.01894986073994272,0.04893010698690825,0.05645290965726568,0.010515325392430303,0.009639954910400353,0.050943024938332505,0.0010243343810240335,0.0004964120832502047,0.0017478601582271436,0.0014764869096371425,0.00014964669632416667,0.04841554527115166,0.0017768353301144864,-0.004010774228419149,0.03375795280825824,0.006666666666666654,0.011774611510810273,0.012002864739281657,TXN,1.0,1.0,1.0,1.0,1.0,0.0,1,4,1,0.3289616304149065,0
network,U2AF1+ctrl,0.053554391009874025,-0.0034706807367003156,-0.002597473058160308,0.022920795710449842,0.01785741045360943,0.040546102339543255,0.0025479545195898,0.0020453818998705797,0.0050280674334016355,0.008155101730698175,0.0005399553726116666,0.18406896491512548,0.020141626648166766,0.04641587803896422,0.15120501102263226,0.06999999999999999,0.03230409838418099,0.012151790686394307,U2AF1,1.0,1.0,1.0,1.0,1.0,1.0,1,4,1,0.3417682317764551,0
network,UQCRB+ctrl,-0.06494544484235337,-0.00892652928809734,-0.011463489524315881,-0.0174555899754233,-0.0034798743103874874,-0.07999672322262509,-0.001015446459253666,-0.0004591270550455458,-0.0007705394068366159,0.003296312767950227,-0.00011719532388573336,-0.09355816809250467,0.0011542780978327876,-0.0006453213389456813,-0.04616577252295569,-0.05666666666666667,-0.023817942084985434,-0.0005073614391331027,UQCRB,1.0,1.0,0.0,0.0,0.0,0.0,0,1,0,0.32176513248147914,0
network,USP36+ctrl,-0.03368905982117543,-0.006201437490339375,0.0031445848635580274,0.018792536962350365,0.010647780054111497,0.01978241399678381,0.002384748309850701,0.0014243357566546822,0.0030470983944877275,0.0015959907954033643,0.00038245871352653323,0.10993847406293415,0.01589195997938253,0.039595476844491606,0.0470641284135614,-0.04666666666666666,0.022907362552311617,0.013666811881004123,USP36,1.0,1.0,0.0,1.0,0.0,0.0,0,2,0,0.4078980133925427,0
network,UTP3+ctrl,0.003751026288330831,-0.00716933579696825,-0.007627967459584643,0.015376470900472347,0.015005918942515314,0.0889447181681029,0.0028519630432128997,0.001343137940413926,0.0026151088547074672,0.004969585332542177,0.0005362092827757335,0.05628881640063865,0.022723282055123084,0.04695721760073812,0.08356589324533625,0.006666666666666691,0.02928110360543466,0.010757849524488439,UTP3,1.0,1.0,0.0,1.0,0.0,0.0,0,2,0,0.5405138736578827,1
network,VPS29+ctrl,-0.06358462917281044,-0.02499946555171954,-0.034038502322859245,-0.0021207503915036305,-0.008381693032044798,-0.06960352627716991,-0.0017245852698882004,-0.0010005360655628663,-0.0015613624304840663,-0.003213729513294933,-0.00025278584022696667,-0.2358006986795129,0.009161312517520726,-0.013776004925937743,-0.15889618860407786,-0.04666666666666666,-0.011485821769220953,-0.016744036091724035,VPS29,1.0,1.0,0.0,0.0,1.0,1.0,1,2,0,0.22582902049845377,0
network,VPS54+ctrl,-0.10609809857393594,-0.03382312991974956,-0.02626946854141976,8.296303000041028e-05,-0.008171893450386103,-0.07579582970340319,-0.0009240927174687334,-0.0002590426093637503,-0.0005351146934220452,-0.005255384607237595,-0.00010599622813363331,-0.07357566450968182,0.0030697534561750692,-0.020049503077726977,-0.0226167228787534,-0.09000000000000002,-0.011741229194788946,-0.014040922589080906,VPS54,1.0,1.0,0.0,0.0,1.0,0.0,1,2,0,0.5640945945394885,1
network,VPS72+ctrl,0.059536118255837406,-0.008126550859874496,0.003138683573096379,0.004716219030732595,-0.002990758300572438,-0.05853351953262664,0.0007830423613389356,0.0005300399331050754,0.0002162482640004626,-0.0046227831396724595,0.00017905177082866677,0.13439856775849343,-0.018030685339854746,0.009238544869282994,0.038414796809642236,0.07666666666666666,0.00841213084159866,-0.000815979276282186,VPS72,1.0,1.0,1.0,1.0,1.0,1.0,1,4,1,0.4252737889858132,1
network,WBP11+ctrl,-0.02838851497101943,0.028552504715757914,0.025705160056770444,-0.005919726559960592,0.0035006947063489224,-0.097448762760956,0.0003407436112562665,0.00017431434590657138,0.0003085057473182588,0.0007857756478511039,4.8013636842366706e-05,0.016679918775244107,-0.00026313384572954995,0.003184603272923433,0.03942291071352936,-0.03,-0.014965507073158468,0.005596844001876211,WBP11,1.0,1.0,0.0,0.0,1.0,1.0,1,2,0,0.42102504191650636,1
network,WDHD1+ctrl,-0.030137824854878602,0.006633967050464984,0.013664740684184698,0.007192945036037328,-0.0020200168316480047,-0.05133561028277697,-2.880456546943434e-05,-8.323365631908905e-06,0.00042482037683392687,0.0030372607974022228,-1.2043611301733329e-05,-0.09361323073234523,0.00317006196021045,-0.006860602120093577,-0.024418125440899014,-0.01,-0.00029873818677284003,0.000247321200462447,WDHD1,1.0,1.0,0.0,1.0,1.0,1.0,1,3,1,0.3280301452685464,0
network,WDR12+ctrl,0.05146554845190735,0.006630477567294883,0.004043002167479178,-0.011719957458693558,0.0035318588966469313,-0.13559649107737431,0.0014473187426726,0.0007403150837872463,0.0016239916653291164,-0.006730723679678613,0.00019680710587029998,0.033066853484924406,-0.0153380865152389,0.007360638475171173,0.039990936925168453,0.043333333333333335,-0.015237451046683392,0.0017313377583738632,WDR12,1.0,1.0,0.0,0.0,1.0,1.0,1,2,0,0.5140451056698891,1
network,WDR3+ctrl,-0.06509506734533584,-0.012258940671768803,-0.011691228092549522,-0.0018069631584318735,-0.015946568024761475,-0.0478530662766408,-0.003117352103193601,-0.0010372312148313838,-0.0014583330422276812,-0.0021556462733751114,-0.0003603861356775333,-0.045238570561046854,-0.00377982621414108,-0.034556707984726875,-0.06951455498654635,-0.043333333333333335,-0.015247511365267474,-0.018446674121191015,WDR3,1.0,1.0,0.0,0.0,0.0,0.0,0,1,0,0.6438446096605795,1
network,WDR43+ctrl,0.07076691778254822,0.011707465455471447,0.010411330879018244,0.06182646388497035,0.02826332879505013,0.24103677252222025,0.0039669312536715975,0.0034925439352122925,0.006301866365681382,0.011087068784244905,0.0009245418477803334,0.06378680128171976,0.01486151265735114,0.06411146859511978,0.07013849419792477,0.04666666666666667,0.09099318173745054,0.0210704063469002,WDR43,1.0,1.0,0.0,0.0,1.0,1.0,1,2,0,0.5092539631373229,1
network,WDR5+ctrl,-0.056094379669219936,0.0012027207545233232,0.00639093907041155,0.03609236693622921,0.03722379778343132,0.22271929723956252,0.0019042976200580642,0.0012837049252548323,0.0004056176178064419,0.018992630780079362,0.0005536495397488331,0.20365141869476966,0.04625203729091506,0.06592498926800903,0.09419649415517418,-0.06333333333333331,0.044638405482060696,0.02774397750837328,WDR5,1.0,1.0,1.0,1.0,1.0,1.0,1,4,1,0.6053603977036652,1
network,WDR70+ctrl,0.08324416063125138,0.022331710323377513,0.017248042686865046,0.02989526377176911,0.017441581031974313,0.10154600662516189,0.0017555728554725335,0.001173422228531673,0.004506805767061417,0.010220909658917051,0.0002989624238883333,0.08756125066010671,-0.00476312575216542,0.024102949497026998,0.07573013023271329,0.07333333333333336,0.03852708371372082,0.018156304868518786,WDR70,1.0,1.0,0.0,0.0,0.0,0.0,0,1,0,0.5656390988822039,1
network,WDR82+ctrl,-0.07963157293410443,0.009457218176256998,0.01370108636468039,-0.06547870258123113,-0.05387771229522672,-0.49711699053965397,-0.0035178611675897677,-0.0009377392477831389,0.0008787592032449462,-0.03372533549687625,-0.0006710256760319002,-0.2151674152848935,-0.06386292706319947,-0.12454702866436884,-0.14063057433595053,-0.05999999999999999,-0.1151886989445523,-0.050624348464467506,WDR82,1.0,1.0,1.0,0.0,1.0,1.0,1,3,1,0.5730442773818926,1
network,WDTC1+ctrl,0.0270933851357497,0.059094989131244446,0.06571839637312667,-0.0030142223119107117,-0.0011640052921709592,-0.04527651553601678,0.0014870036393403996,0.000625867637351211,0.0015857196558834625,-0.012965355588282768,0.0002071626173953331,0.03430327531498532,0.0008245250324647735,-0.011565274754855063,0.033998781225793695,0.003333333333333336,-0.0014728177931478774,-0.003670772373024489,WDTC1,1.0,1.0,1.0,0.0,1.0,1.0,1,3,1,0.4719341344251521,1
network,XPO1+ctrl,0.13399949712379053,0.07168323567193809,0.07809568963442122,0.03109939041128736,0.05050106620361263,0.23462935036561827,0.0043436388174693,0.004441925504327131,0.009037616137531809,0.02037798527568595,0.0012162843098243003,0.27109833619851437,0.03511600657768706,0.0817754732574239,0.21160799926869336,0.14333333333333334,0.057890951272054646,0.038107578491964555,XPO1,1.0,1.0,1.0,1.0,1.0,1.0,1,4,1,0.7068059810139609,1
network,XRCC6+ctrl,-0.024921717519407267,0.01092529072136624,0.011091499992500678,0.023357861707881695,0.0013676943198840756,-0.049410520918373425,5.109856526066177e-06,-0.00037955309446232227,-0.001623355144811674,0.0077759480159555845,-5.904336770376668e-05,-0.06008820286164331,0.03402280351326167,0.018822381455515475,-0.039041847817087694,-0.06333333333333331,0.018003716184851304,0.0021818754319770464,XRCC6,1.0,1.0,0.0,1.0,1.0,1.0,1,3,1,0.7934984411636616,1
network,YEATS2+ctrl,-0.050000792457994846,0.004093016779519158,0.0011226864259969622,0.022469034840799595,0.0005337707692513275,0.04299000630329105,-0.0015629970779021327,-0.0007029178707635234,-0.0017801956232504912,0.009035475468197699,-0.00019864105464266675,-0.01998668467423029,0.006405012041224123,0.022635005540870317,-0.03913337196815763,-0.06666666666666665,0.02266227524880669,0.0017383743884911522,YEATS2,1.0,1.0,0.0,0.0,1.0,1.0,1,2,0,0.46734752460625756,1
network,ZBTB17+ctrl,0.024810166440590337,0.0055952412981116195,-0.003145317470753454,-0.03903016344509333,-0.01676747933761937,-0.23590189381407553,-0.000847660625974335,0.00014400066971890593,-0.00023764633775432328,-0.015352362081280305,-8.650124073000086e-06,-0.11736072704516333,-0.045886571326462865,-0.056900544139648145,-0.11637485803764447,0.07,-0.055041512181097575,-0.021605313663352315,ZBTB17,1.0,1.0,1.0,1.0,1.0,1.0,1,4,1,0.7242755891408792,1
network,ZCRB1+ctrl,0.03225248355707134,0.036082196351289876,0.035628665570641704,0.03325452802660787,0.014495161198922394,0.12446931304515124,0.0042028663059075315,0.0019869308244560013,0.0048999451798093325,0.01015815264653061,0.0005735006804267667,0.1352534066764496,0.044560536177152464,0.04393235245523234,0.10152046539454672,0.03,0.04348095262034358,0.015640667317910695,ZCRB1,1.0,1.0,0.0,0.0,1.0,1.0,1,2,0,0.2678040058800341,0
network,ZNF335+ctrl,0.023863623553334934,0.007431970942975023,0.005120290461768484,0.006582982551216976,0.0010116347877545118,-0.005548998516749466,0.0008109634121259331,-4.483583282940037e-05,-0.00020462664818998721,-0.0049818546639991785,3.262151343126665e-05,-0.06775817327368147,0.014006893114323238,-0.003174385715881134,-0.02587986447577367,-0.003333333333333327,0.01049097751125754,0.0027686518707016328,ZNF335,1.0,1.0,1.0,1.0,1.0,1.0,1,4,1,0.5138099604104251,1
network,ZNHIT6+ctrl,-0.0562358184379849,-0.00922132557398662,-0.03991582152374321,0.015756279781666733,-0.022711939933885428,-0.13989032245084915,3.3111621936000404e-06,0.0009132155499478692,0.0019218805413562245,-0.010055412938804492,-2.7432416876200204e-05,-0.37648675569062845,-0.004925107744194486,-0.07319351042214173,-0.20203059607923488,-0.02666666666666666,0.009176449269070167,-0.02530731320192196,ZNHIT6,1.0,1.0,0.0,0.0,1.0,0.0,1,2,0,0.32028276024241287,0
