type	size_bytes	path	link_target
f	80	.gitignore	
f	5091	README.md	
d	96	artifacts	
d	96	artifacts/generated_cells	
d	96	artifacts/generated_cells/k562_only	
f	814	artifacts/generated_cells/k562_only/REMOTE_SOURCE.md	
d	288	baselines	
d	480	baselines/CellFlow	
f	292	baselines/CellFlow/.codecov.yaml	
f	932	baselines/CellFlow/.cruft.json	
d	128	baselines/CellFlow/.github	
d	160	baselines/CellFlow/.github/ISSUE_TEMPLATE	
f	3080	baselines/CellFlow/.github/ISSUE_TEMPLATE/bug_report.yml	
f	197	baselines/CellFlow/.github/ISSUE_TEMPLATE/config.yml	
f	392	baselines/CellFlow/.github/ISSUE_TEMPLATE/feature_request.yml	
d	224	baselines/CellFlow/.github/workflows	
f	702	baselines/CellFlow/.github/workflows/build.yaml	
f	1285	baselines/CellFlow/.github/workflows/lint.yml	
f	766	baselines/CellFlow/.github/workflows/release.yml	
f	1747	baselines/CellFlow/.github/workflows/test-slow.yaml	
f	1767	baselines/CellFlow/.github/workflows/test.yaml	
f	515	baselines/CellFlow/.pre-commit-config.yaml	
f	403	baselines/CellFlow/.readthedocs.yaml	
f	380	baselines/CellFlow/CHANGELOG.md	
f	1057	baselines/CellFlow/LICENSE	
f	2148	baselines/CellFlow/README.md	
d	384	baselines/CellFlow/docs	
d	96	baselines/CellFlow/docs/_templates	
d	96	baselines/CellFlow/docs/_templates/autosummary	
f	780	baselines/CellFlow/docs/_templates/autosummary/class.rst	
f	5324	baselines/CellFlow/docs/conf.py	
f	4619	baselines/CellFlow/docs/contributing.rst	
f	326	baselines/CellFlow/docs/developer.rst	
d	96	baselines/CellFlow/docs/extensions	
f	1124	baselines/CellFlow/docs/extensions/typed_returns.py	
f	1400	baselines/CellFlow/docs/index.rst	
f	762	baselines/CellFlow/docs/installation.rst	
d	96	baselines/CellFlow/docs/notebooks	
f	69	baselines/CellFlow/docs/notebooks/index.rst	
f	79	baselines/CellFlow/docs/references.rst	
d	416	baselines/CellFlow/docs/user	
f	165	baselines/CellFlow/docs/user/datasets.rst	
f	138	baselines/CellFlow/docs/user/external.rst	
f	204	baselines/CellFlow/docs/user/index.rst	
f	335	baselines/CellFlow/docs/user/metrics.rst	
f	125	baselines/CellFlow/docs/user/model.rst	
f	480	baselines/CellFlow/docs/user/networks.rst	
f	153	baselines/CellFlow/docs/user/plotting.rst	
f	404	baselines/CellFlow/docs/user/preprocessing.rst	
f	158	baselines/CellFlow/docs/user/solvers.rst	
f	368	baselines/CellFlow/docs/user/training.rst	
f	129	baselines/CellFlow/docs/user/utils.rst	
f	8854	baselines/CellFlow/pyproject.toml	
d	96	baselines/CellFlow/scripts	
f	3859	baselines/CellFlow/scripts/run_replogle_top100_seen.py	
d	128	baselines/CellFlow/src	
d	544	baselines/CellFlow/src/cellflow	
f	156	baselines/CellFlow/src/cellflow/__init__.py	
f	4259	baselines/CellFlow/src/cellflow/_compat.py	
f	151	baselines/CellFlow/src/cellflow/_constants.py	
f	555	baselines/CellFlow/src/cellflow/_logging.py	
f	616	baselines/CellFlow/src/cellflow/_types.py	
f	2567	baselines/CellFlow/src/cellflow/datasets.py	
d	160	baselines/CellFlow/src/cellflow/external	
f	46	baselines/CellFlow/src/cellflow/external/__init__.py	
f	7578	baselines/CellFlow/src/cellflow/external/_scvi.py	
f	4781	baselines/CellFlow/src/cellflow/external/_scvi_utils.py	
d	128	baselines/CellFlow/src/cellflow/metrics	
f	533	baselines/CellFlow/src/cellflow/metrics/__init__.py	
f	7510	baselines/CellFlow/src/cellflow/metrics/_metrics.py	
d	160	baselines/CellFlow/src/cellflow/model	
f	70	baselines/CellFlow/src/cellflow/model/__init__.py	
f	39068	baselines/CellFlow/src/cellflow/model/_cellflow.py	
f	988	baselines/CellFlow/src/cellflow/model/_utils.py	
d	192	baselines/CellFlow/src/cellflow/networks	
f	645	baselines/CellFlow/src/cellflow/networks/__init__.py	
f	9406	baselines/CellFlow/src/cellflow/networks/_set_encoders.py	
f	17256	baselines/CellFlow/src/cellflow/networks/_utils.py	
f	23851	baselines/CellFlow/src/cellflow/networks/_velocity_field.py	
d	160	baselines/CellFlow/src/cellflow/plotting	
f	105	baselines/CellFlow/src/cellflow/plotting/__init__.py	
f	5313	baselines/CellFlow/src/cellflow/plotting/_plotting.py	
f	3042	baselines/CellFlow/src/cellflow/plotting/_utils.py	
d	224	baselines/CellFlow/src/cellflow/preprocessing	
f	417	baselines/CellFlow/src/cellflow/preprocessing/__init__.py	
f	11785	baselines/CellFlow/src/cellflow/preprocessing/_gene_emb.py	
f	7177	baselines/CellFlow/src/cellflow/preprocessing/_pca.py	
f	8818	baselines/CellFlow/src/cellflow/preprocessing/_preprocessing.py	
f	8619	baselines/CellFlow/src/cellflow/preprocessing/_wknn.py	
d	192	baselines/CellFlow/src/cellflow/solvers	
f	131	baselines/CellFlow/src/cellflow/solvers/__init__.py	
f	13287	baselines/CellFlow/src/cellflow/solvers/_genot.py	
f	11591	baselines/CellFlow/src/cellflow/solvers/_otfm.py	
f	3218	baselines/CellFlow/src/cellflow/solvers/utils.py	
d	192	baselines/CellFlow/src/cellflow/training	
f	492	baselines/CellFlow/src/cellflow/training/__init__.py	
f	21132	baselines/CellFlow/src/cellflow/training/_callbacks.py	
f	5780	baselines/CellFlow/src/cellflow/training/_trainer.py	
f	0	baselines/CellFlow/src/cellflow/training/_utils.py	
f	2455	baselines/CellFlow/src/cellflow/utils.py	
d	96	baselines/CellFlow/src/cfp	
f	37	baselines/CellFlow/src/cfp/__init__.py	
d	384	baselines/CellFlow/tests	
f	9385	baselines/CellFlow/tests/conftest.py	
d	96	baselines/CellFlow/tests/external	
f	1228	baselines/CellFlow/tests/external/test_CFJaxSCVI.py	
d	96	baselines/CellFlow/tests/metrics	
f	2630	baselines/CellFlow/tests/metrics/test_metrics.py	
d	96	baselines/CellFlow/tests/model	
f	19017	baselines/CellFlow/tests/model/test_cellflow.py	
d	160	baselines/CellFlow/tests/networks	
f	1525	baselines/CellFlow/tests/networks/test_aggregators.py	
f	2662	baselines/CellFlow/tests/networks/test_condencoder.py	
f	7408	baselines/CellFlow/tests/networks/test_velocityfield.py	
d	128	baselines/CellFlow/tests/plotting	
f	651	baselines/CellFlow/tests/plotting/conftest.py	
f	841	baselines/CellFlow/tests/plotting/test_plotting.py	
d	192	baselines/CellFlow/tests/preprocessing	
f	2672	baselines/CellFlow/tests/preprocessing/test_gene_emb.py	
f	2026	baselines/CellFlow/tests/preprocessing/test_pca.py	
f	3432	baselines/CellFlow/tests/preprocessing/test_preprocessing.py	
f	3233	baselines/CellFlow/tests/preprocessing/test_wknn.py	
d	96	baselines/CellFlow/tests/solver	
f	5775	baselines/CellFlow/tests/solver/test_solver.py	
f	379	baselines/CellFlow/tests/test_datasets.py	
d	128	baselines/CellFlow/tests/trainer	
f	1767	baselines/CellFlow/tests/trainer/test_callbacks.py	
f	10261	baselines/CellFlow/tests/trainer/test_trainer.py	
d	224	baselines/GEARS	
f	1098	baselines/GEARS/LICENSE	
f	3850	baselines/GEARS/README.md	
d	320	baselines/GEARS/gears	
f	55	baselines/GEARS/gears/__init__.py	
f	18868	baselines/GEARS/gears/data_utils.py	
f	26531	baselines/GEARS/gears/gears.py	
f	33564	baselines/GEARS/gears/inference.py	
f	9797	baselines/GEARS/gears/model.py	
f	23924	baselines/GEARS/gears/pertdata.py	
f	20921	baselines/GEARS/gears/utils.py	
f	537	baselines/GEARS/gears/version.py	
f	131	baselines/GEARS/requirements.txt	
f	1149	baselines/GEARS/setup.py	
f	978	baselines/README.md	
d	576	baselines/STATE	
d	96	baselines/STATE/.compat	
d	320	baselines/STATE/.compat/cell-load	
d	96	baselines/STATE/.compat/cell-load/.github	
d	128	baselines/STATE/.compat/cell-load/.github/workflows	
f	1935	baselines/STATE/.compat/cell-load/.github/workflows/CI.yml	
f	597	baselines/STATE/.compat/cell-load/.github/workflows/release.yml	
f	1079	baselines/STATE/.compat/cell-load/LICENSE	
f	12467	baselines/STATE/.compat/cell-load/README.md	
d	96	baselines/STATE/.compat/cell-load/examples	
f	760	baselines/STATE/.compat/cell-load/examples/example.toml	
f	1076	baselines/STATE/.compat/cell-load/pyproject.toml	
f	76	baselines/STATE/.compat/cell-load/ruff.toml	
d	96	baselines/STATE/.compat/cell-load/src	
d	288	baselines/STATE/.compat/cell-load/src/cell_load	
f	0	baselines/STATE/.compat/cell-load/src/cell_load/__init__.py	
d	128	baselines/STATE/.compat/cell-load/src/cell_load/_cli	
f	0	baselines/STATE/.compat/cell-load/src/cell_load/_cli/__init__.py	
f	5698	baselines/STATE/.compat/cell-load/src/cell_load/_cli/filter_on_target_knockdown.py	
f	3274	baselines/STATE/.compat/cell-load/src/cell_load/config.py	
d	192	baselines/STATE/.compat/cell-load/src/cell_load/data_modules	
f	98	baselines/STATE/.compat/cell-load/src/cell_load/data_modules/__init__.py	
f	38563	baselines/STATE/.compat/cell-load/src/cell_load/data_modules/perturbation_dataloader.py	
f	20605	baselines/STATE/.compat/cell-load/src/cell_load/data_modules/samplers.py	
f	1657	baselines/STATE/.compat/cell-load/src/cell_load/data_modules/tasks.py	
d	160	baselines/STATE/.compat/cell-load/src/cell_load/dataset	
f	152	baselines/STATE/.compat/cell-load/src/cell_load/dataset/__init__.py	
f	2767	baselines/STATE/.compat/cell-load/src/cell_load/dataset/_metadata.py	
f	60358	baselines/STATE/.compat/cell-load/src/cell_load/dataset/_perturbation.py	
d	192	baselines/STATE/.compat/cell-load/src/cell_load/mapping_strategies	
f	233	baselines/STATE/.compat/cell-load/src/cell_load/mapping_strategies/__init__.py	
f	7599	baselines/STATE/.compat/cell-load/src/cell_load/mapping_strategies/batch.py	
f	4259	baselines/STATE/.compat/cell-load/src/cell_load/mapping_strategies/mapping_strategies.py	
f	11698	baselines/STATE/.compat/cell-load/src/cell_load/mapping_strategies/random.py	
d	160	baselines/STATE/.compat/cell-load/src/cell_load/utils	
f	16543	baselines/STATE/.compat/cell-load/src/cell_load/utils/data_utils.py	
f	978	baselines/STATE/.compat/cell-load/src/cell_load/utils/modules.py	
f	470	baselines/STATE/.compat/cell-load/src/cell_load/utils/singleton.py	
d	192	baselines/STATE/.compat/cell-load/tests	
f	3478	baselines/STATE/.compat/cell-load/tests/conftest.py	
f	27004	baselines/STATE/.compat/cell-load/tests/test_dataloader.py	
f	23099	baselines/STATE/.compat/cell-load/tests/test_mapping_strategy.py	
f	14577	baselines/STATE/.compat/cell-load/tests/test_sampler.py	
d	96	baselines/STATE/.github	
d	96	baselines/STATE/.github/workflows	
f	597	baselines/STATE/.github/workflows/release.yml	
f	20850	baselines/STATE/LICENSE	
f	5131	baselines/STATE/MODEL_ACCEPTABLE_USE_POLICY.md	
f	9865	baselines/STATE/MODEL_LICENSE.md	
f	1594	baselines/STATE/PYTHON39_COMPAT.md	
f	9208	baselines/STATE/README.md	
d	704	baselines/STATE/benchmarks	
d	192	baselines/STATE/benchmarks/batch_memory_20260718	
d	128	baselines/STATE/benchmarks/batch_memory_20260718/state_pathway3352_ddp2_bs1_steps20	
d	64	baselines/STATE/benchmarks/batch_memory_20260718/state_pathway3352_ddp2_bs1_steps20/checkpoints	
d	64	baselines/STATE/benchmarks/batch_memory_20260718/state_pathway3352_ddp2_bs1_steps20/version_0	
d	128	baselines/STATE/benchmarks/batch_memory_20260718/state_pathway3352_ddp2_bs2_steps20	
d	64	baselines/STATE/benchmarks/batch_memory_20260718/state_pathway3352_ddp2_bs2_steps20/checkpoints	
d	64	baselines/STATE/benchmarks/batch_memory_20260718/state_pathway3352_ddp2_bs2_steps20/version_0	
d	128	baselines/STATE/benchmarks/batch_memory_20260718/state_pathway3352_ddp2_bs4_steps20	
d	64	baselines/STATE/benchmarks/batch_memory_20260718/state_pathway3352_ddp2_bs4_steps20/checkpoints	
d	64	baselines/STATE/benchmarks/batch_memory_20260718/state_pathway3352_ddp2_bs4_steps20/version_0	
d	128	baselines/STATE/benchmarks/batch_memory_20260718/state_pathway3352_ddp2_bs8_steps20	
d	64	baselines/STATE/benchmarks/batch_memory_20260718/state_pathway3352_ddp2_bs8_steps20/checkpoints	
d	64	baselines/STATE/benchmarks/batch_memory_20260718/state_pathway3352_ddp2_bs8_steps20/version_0	
d	96	baselines/STATE/benchmarks/bs8_500step_memory_20260718	
d	128	baselines/STATE/benchmarks/bs8_500step_memory_20260718/state_pathway3352_ddp2_bs8_steps500	
d	64	baselines/STATE/benchmarks/bs8_500step_memory_20260718/state_pathway3352_ddp2_bs8_steps500/checkpoints	
d	64	baselines/STATE/benchmarks/bs8_500step_memory_20260718/state_pathway3352_ddp2_bs8_steps500/version_0	
f	1358	baselines/STATE/benchmarks/export_state_known55_predictions.py	
f	2685	baselines/STATE/benchmarks/prepare_state_allcovered_eval.py	
f	3214	baselines/STATE/benchmarks/prepare_state_allcovered_fixed2000_eval.py	
f	2476	baselines/STATE/benchmarks/prepare_state_known55_eval.py	
f	2939	baselines/STATE/benchmarks/prepare_state_known55_fixed2000_eval.py	
f	2375	baselines/STATE/benchmarks/run_state_batch_memory_benchmark.sh	
f	2474	baselines/STATE/benchmarks/run_state_bs8_30k_training.sh	
f	2224	baselines/STATE/benchmarks/run_state_bs8_500step_memory_test.sh	
f	6587	baselines/STATE/benchmarks/score_state_cloud_metrics.py	
f	5114	baselines/STATE/benchmarks/score_state_fixed2000_means.py	
f	5535	baselines/STATE/benchmarks/score_state_known55_fixed2000.py	
f	4670	baselines/STATE/benchmarks/score_state_known55_means.py	
f	254	baselines/STATE/benchmarks/txpert_pathway3352_k562_allcovered.toml	
f	284	baselines/STATE/benchmarks/txpert_pathway3352_k562_allcovered_fixed2000.toml	
f	242	baselines/STATE/benchmarks/txpert_pathway3352_k562_known55.toml	
f	282	baselines/STATE/benchmarks/txpert_pathway3352_k562_known55_fixed2000.toml	
f	243	baselines/STATE/benchmarks/txpert_pathway3352_xcell_zeroshot_k562.toml	
d	160	baselines/STATE/examples	
f	537	baselines/STATE/examples/fewshot.toml	
f	528	baselines/STATE/examples/mixed.toml	
f	431	baselines/STATE/examples/zeroshot.toml	
f	1997	baselines/STATE/pyproject.toml	
f	219	baselines/STATE/requirements-squidiff-py39.txt	
f	106	baselines/STATE/ruff.toml	
d	96	baselines/STATE/scripts	
f	1377	baselines/STATE/scripts/setup_python39.sh	
d	96	baselines/STATE/src	
d	256	baselines/STATE/src/state	
f	1	baselines/STATE/src/state/__init__.py	
f	3997	baselines/STATE/src/state/__main__.py	
d	160	baselines/STATE/src/state/_cli	
f	513	baselines/STATE/src/state/_cli/__init__.py	
d	256	baselines/STATE/src/state/_cli/_emb	
f	995	baselines/STATE/src/state/_cli/_emb/__init__.py	
f	11839	baselines/STATE/src/state/_cli/_emb/_eval.py	
f	1740	baselines/STATE/src/state/_cli/_emb/_fit.py	
f	13341	baselines/STATE/src/state/_cli/_emb/_preprocess.py	
f	4322	baselines/STATE/src/state/_cli/_emb/_query.py	
f	7629	baselines/STATE/src/state/_cli/_emb/_transform.py	
d	288	baselines/STATE/src/state/_cli/_tx	
f	811	baselines/STATE/src/state/_cli/_tx/__init__.py	
f	41936	baselines/STATE/src/state/_cli/_tx/_infer.py	
f	44893	baselines/STATE/src/state/_cli/_tx/_predict.py	
f	1814	baselines/STATE/src/state/_cli/_tx/_preprocess_train.py	
f	8332	baselines/STATE/src/state/_cli/_tx/_stream_h5ad.py	
f	17647	baselines/STATE/src/state/_cli/_tx/_train.py	
f	1815	baselines/STATE/src/state/_cli/_tx/_utils.py	
d	224	baselines/STATE/src/state/configs	
f	0	baselines/STATE/src/state/configs/__init__.py	
f	891	baselines/STATE/src/state/configs/config.yaml	
d	672	baselines/STATE/src/state/configs/model	
f	639	baselines/STATE/src/state/configs/model/celltypemean.yaml	
f	639	baselines/STATE/src/state/configs/model/context_mean.yaml	
f	525	baselines/STATE/src/state/configs/model/cpa.yaml	
f	638	baselines/STATE/src/state/configs/model/decoder_only.yaml	
f	303	baselines/STATE/src/state/configs/model/embedsum.yaml	
f	642	baselines/STATE/src/state/configs/model/globalsimplesum.yaml	
f	635	baselines/STATE/src/state/configs/model/old_neuralot.yaml	
f	1630	baselines/STATE/src/state/configs/model/pertsets.yaml	
f	639	baselines/STATE/src/state/configs/model/perturb_mean.yaml	
f	1343	baselines/STATE/src/state/configs/model/pseudobulk.yaml	
f	1428	baselines/STATE/src/state/configs/model/scgpt-chemical.yaml	
f	1424	baselines/STATE/src/state/configs/model/scgpt-genetic.yaml	
f	411	baselines/STATE/src/state/configs/model/scvi.yaml	
f	1362	baselines/STATE/src/state/configs/model/state.yaml	
f	1385	baselines/STATE/src/state/configs/model/state_lg.yaml	
f	1427	baselines/STATE/src/state/configs/model/state_sm.yaml	
f	1121	baselines/STATE/src/state/configs/model/tahoe_best.yaml	
f	1178	baselines/STATE/src/state/configs/model/tahoe_llama_212693232.yaml	
f	1119	baselines/STATE/src/state/configs/model/tahoe_llama_62089464.yaml	
f	8449	baselines/STATE/src/state/configs/state-defaults.yaml	
d	192	baselines/STATE/src/state/configs/training	
f	344	baselines/STATE/src/state/configs/training/cpa.yaml	
f	484	baselines/STATE/src/state/configs/training/default.yaml	
f	180	baselines/STATE/src/state/configs/training/scgpt.yaml	
f	204	baselines/STATE/src/state/configs/training/scvi.yaml	
d	352	baselines/STATE/src/state/emb	
f	1265	baselines/STATE/src/state/emb/__init__.py	
d	128	baselines/STATE/src/state/emb/eval	
f	68	baselines/STATE/src/state/emb/eval/__init__.py	
f	1947	baselines/STATE/src/state/emb/eval/emb.py	
f	15089	baselines/STATE/src/state/emb/finetune_decoder.py	
f	17012	baselines/STATE/src/state/emb/inference.py	
d	224	baselines/STATE/src/state/emb/nn	
f	0	baselines/STATE/src/state/emb/nn/__init__.py	
f	16540	baselines/STATE/src/state/emb/nn/eval_utils.py	
f	4071	baselines/STATE/src/state/emb/nn/flash_transformer.py	
f	4524	baselines/STATE/src/state/emb/nn/loss.py	
f	19188	baselines/STATE/src/state/emb/nn/model.py	
d	128	baselines/STATE/src/state/emb/tools	
f	0	baselines/STATE/src/state/emb/tools/__init__.py	
f	5986	baselines/STATE/src/state/emb/tools/slurm.py	
d	192	baselines/STATE/src/state/emb/train	
f	0	baselines/STATE/src/state/emb/train/__init__.py	
f	2086	baselines/STATE/src/state/emb/train/__main__.py	
f	8368	baselines/STATE/src/state/emb/train/callbacks.py	
f	6649	baselines/STATE/src/state/emb/train/trainer.py	
f	10270	baselines/STATE/src/state/emb/utils.py	
f	5695	baselines/STATE/src/state/emb/vectordb.py	
d	192	baselines/STATE/src/state/tx	
f	0	baselines/STATE/src/state/tx/__init__.py	
d	192	baselines/STATE/src/state/tx/callbacks	
f	1027	baselines/STATE/src/state/tx/callbacks/__init__.py	
f	2617	baselines/STATE/src/state/tx/callbacks/batch_speed_monitor.py	
f	3967	baselines/STATE/src/state/tx/callbacks/cumulative_flops.py	
f	8065	baselines/STATE/src/state/tx/callbacks/model_flops_utilization.py	
d	512	baselines/STATE/src/state/tx/models	
f	713	baselines/STATE/src/state/tx/models/__init__.py	
f	16274	baselines/STATE/src/state/tx/models/base.py	
f	10522	baselines/STATE/src/state/tx/models/context_mean.py	
d	288	baselines/STATE/src/state/tx/models/cpa	
f	77	baselines/STATE/src/state/tx/models/cpa/__init__.py	
f	10920	baselines/STATE/src/state/tx/models/cpa/_base_modules.py	
f	1219	baselines/STATE/src/state/tx/models/cpa/_callbacks.py	
f	12684	baselines/STATE/src/state/tx/models/cpa/_dists.py	
f	24526	baselines/STATE/src/state/tx/models/cpa/_model.py	
f	15107	baselines/STATE/src/state/tx/models/cpa/_module.py	
f	16648	baselines/STATE/src/state/tx/models/cpa/_task.py	
f	5533	baselines/STATE/src/state/tx/models/decoder_only.py	
f	9114	baselines/STATE/src/state/tx/models/decoders.py	
f	4911	baselines/STATE/src/state/tx/models/embed_sum.py	
f	10226	baselines/STATE/src/state/tx/models/old_neural_ot.py	
f	11563	baselines/STATE/src/state/tx/models/perturb_mean.py	
f	18269	baselines/STATE/src/state/tx/models/pseudobulk.py	
d	352	baselines/STATE/src/state/tx/models/scgpt	
f	417	baselines/STATE/src/state/tx/models/scgpt/__init__.py	
f	2281	baselines/STATE/src/state/tx/models/scgpt/dsbn.py	
f	13540	baselines/STATE/src/state/tx/models/scgpt/gene_tokenizer.py	
f	26541	baselines/STATE/src/state/tx/models/scgpt/generation_model.py	
f	469	baselines/STATE/src/state/tx/models/scgpt/grad_reverse.py	
f	11614	baselines/STATE/src/state/tx/models/scgpt/lightning_model.py	
f	1050	baselines/STATE/src/state/tx/models/scgpt/loss.py	
f	37670	baselines/STATE/src/state/tx/models/scgpt/model.py	
f	1241	baselines/STATE/src/state/tx/models/scgpt/utils.py	
d	288	baselines/STATE/src/state/tx/models/scvi	
f	79	baselines/STATE/src/state/tx/models/scvi/__init__.py	
f	9588	baselines/STATE/src/state/tx/models/scvi/_base_modules.py	
f	1219	baselines/STATE/src/state/tx/models/scvi/_callbacks.py	
f	12684	baselines/STATE/src/state/tx/models/scvi/_dists.py	
f	13486	baselines/STATE/src/state/tx/models/scvi/_model.py	
f	11182	baselines/STATE/src/state/tx/models/scvi/_module.py	
f	16650	baselines/STATE/src/state/tx/models/scvi/_task.py	
f	36271	baselines/STATE/src/state/tx/models/state_transition.py	
f	12904	baselines/STATE/src/state/tx/models/utils.py	
d	128	baselines/STATE/src/state/tx/utils	
f	13408	baselines/STATE/src/state/tx/utils/__init__.py	
f	486	baselines/STATE/src/state/tx/utils/singleton.py	
d	160	baselines/STATE/state_preprint_toml_files	
d	448	baselines/STATE/state_preprint_toml_files/parse_tomls	
f	2487	baselines/STATE/state_preprint_toml_files/parse_tomls/celltype.toml	
f	3156	baselines/STATE/state_preprint_toml_files/parse_tomls/donor.toml	
f	1103	baselines/STATE/state_preprint_toml_files/parse_tomls/split_1.toml	
f	439	baselines/STATE/state_preprint_toml_files/parse_tomls/split_1_zeroshot.toml	
f	1089	baselines/STATE/state_preprint_toml_files/parse_tomls/split_2.toml	
f	425	baselines/STATE/state_preprint_toml_files/parse_tomls/split_2_zeroshot.toml	
f	1093	baselines/STATE/state_preprint_toml_files/parse_tomls/split_3.toml	
f	429	baselines/STATE/state_preprint_toml_files/parse_tomls/split_3_zeroshot.toml	
f	1092	baselines/STATE/state_preprint_toml_files/parse_tomls/split_4.toml	
f	428	baselines/STATE/state_preprint_toml_files/parse_tomls/split_4_zeroshot.toml	
f	1091	baselines/STATE/state_preprint_toml_files/parse_tomls/split_5.toml	
f	427	baselines/STATE/state_preprint_toml_files/parse_tomls/split_5_zeroshot.toml	
d	320	baselines/STATE/state_preprint_toml_files/replogle_tomls	
f	9122	baselines/STATE/state_preprint_toml_files/replogle_tomls/hepg2.toml	
f	429	baselines/STATE/state_preprint_toml_files/replogle_tomls/hepg2_zeroshot.toml	
f	10393	baselines/STATE/state_preprint_toml_files/replogle_tomls/jurkat.toml	
f	430	baselines/STATE/state_preprint_toml_files/replogle_tomls/jurkat_zeroshot.toml	
f	9333	baselines/STATE/state_preprint_toml_files/replogle_tomls/k562.toml	
f	428	baselines/STATE/state_preprint_toml_files/replogle_tomls/k562_zeroshot.toml	
f	10158	baselines/STATE/state_preprint_toml_files/replogle_tomls/rpe1.toml	
f	428	baselines/STATE/state_preprint_toml_files/replogle_tomls/rpe1_zeroshot.toml	
d	96	baselines/STATE/state_preprint_toml_files/tahoe_tomls	
f	150875	baselines/STATE/state_preprint_toml_files/tahoe_tomls/generalization.toml	
d	160	baselines/STATE/tests	
f	12431	baselines/STATE/tests/test_bidirectional_models.py	
f	8421	baselines/STATE/tests/test_callbacks.py	
f	5325	baselines/STATE/tests/test_stream_h5ad.py	
d	192	baselines/Scouter	
f	1067	baselines/Scouter/LICENSE	
f	2319	baselines/Scouter/README.md	
d	288	baselines/Scouter/scouter	
f	16619	baselines/Scouter/scouter/Scouter.py	
f	11696	baselines/Scouter/scouter/ScouterData.py	
f	150	baselines/Scouter/scouter/__init__.py	
f	2667	baselines/Scouter/scouter/_datasets.py	
f	4514	baselines/Scouter/scouter/_model.py	
f	5135	baselines/Scouter/scouter/_utils.py	
f	22	baselines/Scouter/scouter/_version.py	
f	1086	baselines/Scouter/setup.py	
d	256	baselines/TxPert	
f	8072	baselines/TxPert/README.md	
d	256	baselines/TxPert/configs	
f	418	baselines/TxPert/configs/config-baseline.yaml	
f	1402	baselines/TxPert/configs/config-exphormer-mg.yaml	
f	1367	baselines/TxPert/configs/config-exphormer.yaml	
f	1211	baselines/TxPert/configs/config-gat.yaml	
f	425	baselines/TxPert/configs/config-x-cell-baseline.yaml	
f	1210	baselines/TxPert/configs/config-x-cell-gat.yaml	
f	3026	baselines/TxPert/eval_quick_corr_official_predictions.py	
d	256	baselines/TxPert/gspp	
f	1763	baselines/TxPert/gspp/constants.py	
f	2105	baselines/TxPert/gspp/evaluation.py	
f	19257	baselines/TxPert/gspp/metrics.py	
d	192	baselines/TxPert/gspp/models	
d	160	baselines/TxPert/gspp/models/basal_state_models	
f	1551	baselines/TxPert/gspp/models/basal_state_models/mlp.py	
f	8547	baselines/TxPert/gspp/models/basal_state_models/moe.py	
f	2165	baselines/TxPert/gspp/models/basal_state_models/vae.py	
f	19704	baselines/TxPert/gspp/models/baselines.py	
d	192	baselines/TxPert/gspp/models/pert_models	
f	4806	baselines/TxPert/gspp/models/pert_models/basic_gnn.py	
f	17634	baselines/TxPert/gspp/models/pert_models/exphormer.py	
f	7466	baselines/TxPert/gspp/models/pert_models/hybrid_wrapper.py	
f	15681	baselines/TxPert/gspp/models/pert_models/multi_graph.py	
f	11058	baselines/TxPert/gspp/models/txpert.py	
f	13708	baselines/TxPert/gspp/predictor.py	
f	3527	baselines/TxPert/gspp/utils.py	
f	3595	baselines/TxPert/main.py	
f	9712	baselines/TxPert/pyproject.toml	
d	288	baselines/experiment_runners	
d	224	baselines/experiment_runners/CellFlow	
f	3447	baselines/experiment_runners/CellFlow/cellflow_predict_saved_model.py	
f	6500	baselines/experiment_runners/CellFlow/eval_cellflow_txpert_unseen_fixed2000.py	
f	6728	baselines/experiment_runners/CellFlow/generate_txpert_esm2_embeddings.py	
f	1361	baselines/experiment_runners/CellFlow/run_cellflow_1000k_generate2000_20260511.sh	
f	3402	baselines/experiment_runners/CellFlow/run_cellflow_txpert_pathway5000_smoke.py	
d	96	baselines/experiment_runners/Direct_source	
f	5395	baselines/experiment_runners/Direct_source/generate_source_expression_baselines.py	
d	96	baselines/experiment_runners/GEARS	
f	15096	baselines/experiment_runners/GEARS/run_gears_txpert_pathway5000_fixed2000.py	
d	96	baselines/experiment_runners/GO_nearest_5	
f	8727	baselines/experiment_runners/GO_nearest_5/generate_replogle_go_nearest_perturb_cloud_baseline.py	
d	160	baselines/experiment_runners/STATE	
f	2474	baselines/experiment_runners/STATE/run_state_bs8_30k_training.sh	
f	284	baselines/experiment_runners/STATE/txpert_pathway3352_k562_allcovered_fixed2000.toml	
f	243	baselines/experiment_runners/STATE/txpert_pathway3352_xcell_zeroshot_k562.toml	
d	128	baselines/experiment_runners/Scouter	
f	17311	baselines/experiment_runners/Scouter/generate_eval_scouter_txpert_extended.py	
f	12372	baselines/experiment_runners/Scouter/run_scouter_txpert_pathway5000_unseen.py	
d	192	baselines/experiment_runners/TxPert	
d	160	baselines/experiment_runners/TxPert/current_txpert_official_fixed2000	
f	3509	baselines/experiment_runners/TxPert/current_txpert_official_fixed2000/convert_txpert_official_predictions_to_condition_npy.py	
f	6964	baselines/experiment_runners/TxPert/current_txpert_official_fixed2000/prepare_txpert_official_fixed2000_cache.py	
f	3854	baselines/experiment_runners/TxPert/current_txpert_official_fixed2000/run_txpert_official_k562_all_fixed2000_sharded4.sh	
f	12172	baselines/experiment_runners/TxPert/eval_txpert_scplad_fixed2000_pra_corr.py	
f	10026	baselines/experiment_runners/TxPert/generate_txpert_scplad_predictions_fixed.py	
f	3854	baselines/experiment_runners/TxPert/run_txpert_official_k562_all_fixed2000_sharded4.sh	
d	448	bin	
f	7340	bin/build_baseline_run_index.py	
f	1800	bin/build_manifest.py	
f	128	bin/build_manifest.sh	
f	4935	bin/build_portable_configs.py	
f	4549	bin/collect_baseline_evidence.py	
f	4177	bin/collect_small_assets.py	
f	6694	bin/copy_server7_artifacts.sh	
f	1044	bin/repair_server8_archive.sh	
f	3827	bin/verify_archive.sh	
f	2738	bin/verify_baseline_sources.py	
f	2904	bin/verify_small_assets.py	
d	224	configs	
d	288	configs/baselines	
d	96	configs/baselines/CellFlow	
d	128	configs/baselines/CellFlow/k562_only	
f	1796	configs/baselines/CellFlow/k562_only/resolved_run_evidence.json	
f	691	configs/baselines/CellFlow/k562_only/run_parameters.json	
d	96	configs/baselines/Direct_source	
d	96	configs/baselines/Direct_source/cross_cell_line	
f	858	configs/baselines/Direct_source/cross_cell_line/resolved_run_evidence.json	
d	96	configs/baselines/GEARS	
d	192	configs/baselines/GEARS/k562_only	
f	2272258	configs/baselines/GEARS/k562_only/config.pkl	
f	899	configs/baselines/GEARS/k562_only/metadata.json	
f	5273	configs/baselines/GEARS/k562_only/resolved_run_evidence.json	
f	2777	configs/baselines/GEARS/k562_only/summary.json	
d	96	configs/baselines/GO_nearest_5	
d	96	configs/baselines/GO_nearest_5/historical_k562	
f	672	configs/baselines/GO_nearest_5/historical_k562/resolved_run_evidence.json	
d	96	configs/baselines/STATE	
d	96	configs/baselines/STATE/cross_cell_line	
f	4557	configs/baselines/STATE/cross_cell_line/resolved_run_evidence.json	
d	96	configs/baselines/Scouter	
d	128	configs/baselines/Scouter/k562_only	
f	1969	configs/baselines/Scouter/k562_only/resolved_run_evidence.json	
f	1529	configs/baselines/Scouter/k562_only/run_summary.json	
d	128	configs/baselines/TxPert	
d	96	configs/baselines/TxPert/cross_cell_line	
f	2453	configs/baselines/TxPert/cross_cell_line/resolved_run_evidence.json	
d	96	configs/baselines/TxPert/k562_only	
f	2505	configs/baselines/TxPert/k562_only/resolved_run_evidence.json	
d	288	configs/cross_cell_line	
f	257373	configs/cross_cell_line/config.json	
f	2371	configs/cross_cell_line/control_anchor_meta.json	
f	107	configs/cross_cell_line/displacement_scaler.json	
f	645	configs/cross_cell_line/displacement_stats.json	
f	1047	configs/cross_cell_line/drdd_paper_exact.json	
f	1418	configs/cross_cell_line/launch_command.txt	
f	1386	configs/cross_cell_line/patchae_paper_exact.json	
d	192	configs/k562_only	
d	192	configs/k562_only/ablations	
f	238964	configs/k562_only/ablations/go_reactome_esm3_seed20260713.json	
f	238970	configs/k562_only/ablations/go_reactome_network_seed20260713.json	
f	238970	configs/k562_only/ablations/go_reactome_seed20260713.json	
f	238982	configs/k562_only/ablations/original_order_seed20260713.json	
f	238933	configs/k562_only/main_seed20260713.json	
f	909	configs/k562_only/patchae_original5000.json	
f	907	configs/k562_only/patchae_pathway5000.json	
f	719	configs/path_registry.yaml	
d	128	configs/portable	
d	160	configs/portable/cross_cell_line	
f	278318	configs/portable/cross_cell_line/config.json	
f	1552	configs/portable/cross_cell_line/drdd_paper_exact.json	
f	1906	configs/portable/cross_cell_line/patchae_paper_exact.json	
d	192	configs/portable/k562_only	
d	192	configs/portable/k562_only/ablations	
f	256873	configs/portable/k562_only/ablations/go_reactome_esm3_seed20260713.json	
f	256882	configs/portable/k562_only/ablations/go_reactome_network_seed20260713.json	
f	256862	configs/portable/k562_only/ablations/go_reactome_seed20260713.json	
f	256859	configs/portable/k562_only/ablations/original_order_seed20260713.json	
f	256802	configs/portable/k562_only/main_seed20260713.json	
f	1363	configs/portable/k562_only/patchae_original5000.json	
f	1359	configs/portable/k562_only/patchae_pathway5000.json	
d	160	data	
f	1887	data/README.md	
d	128	data/metadata	
d	96	data/metadata/cross_cell_line	
d	224	data/metadata/cross_cell_line/pathway3352	
f	44652	data/metadata/cross_cell_line/pathway3352/gene_order.json	
f	40193	data/metadata/cross_cell_line/pathway3352/gene_order_readable.tsv	
f	45652	data/metadata/cross_cell_line/pathway3352/gene_order_recomputed_metadata.json	
f	3518	data/metadata/cross_cell_line/pathway3352/prep_summary.json	
f	5657	data/metadata/cross_cell_line/pathway3352/raw_expression_norms_fold0.json	
d	128	data/metadata/k562_only	
d	192	data/metadata/k562_only/original5000	
f	67787	data/metadata/k562_only/original5000/gene_order.json	
f	61624	data/metadata/k562_only/original5000/gene_order_readable.tsv	
f	23008	data/metadata/k562_only/original5000/label_map.json	
f	1798	data/metadata/k562_only/original5000/summary.json	
d	224	data/metadata/k562_only/pathway5000	
f	149063	data/metadata/k562_only/pathway5000/gene_order.json	
f	61624	data/metadata/k562_only/pathway5000/gene_order_readable.tsv	
f	80517	data/metadata/k562_only/pathway5000/gene_order_table.csv	
f	23008	data/metadata/k562_only/pathway5000/label_map.json	
f	2784	data/metadata/k562_only/pathway5000/summary.json	
d	128	data/priors	
d	96	data/priors/cross_cell_line	
d	96	data/priors/cross_cell_line/pathway	
f	29061128	data/priors/cross_cell_line/pathway/gene_condition_features_bioprior_go256_reactome256_esm3pca256_string_omnipath_grn_complex_depmap.csv	
d	128	data/priors/k562_only	
d	96	data/priors/k562_only/original_order	
f	13846819	data/priors/k562_only/original_order/gene_condition_features_bioprior_2342_plusctrl_adapted.csv	
d	192	data/priors/k562_only/pathway	
f	13846819	data/priors/k562_only/pathway/gene_condition_features_bioprior_2342_plusctrl_adapted.csv	
f	8206908	data/priors/k562_only/pathway/gene_condition_features_pathway_go_reactome_esm3_zeroothers_2342_plusctrl_adapted.csv	
f	12040045	data/priors/k562_only/pathway/gene_condition_features_pathway_go_reactome_network_zeroothers_2342_plusctrl_adapted.csv	
f	9583041	data/priors/k562_only/pathway/gene_condition_features_pathwayonly_go_reactome_zeroothers_2342_plusctrl_adapted.csv	
d	320	docs	
f	5555	docs/BASELINE_RECOVERY_20260904.md	
f	1078	docs/DIRECTORY_LAYOUT.md	
f	1381	docs/ENTRYPOINTS.md	
f	9581	docs/EXPERIMENT_REGISTRY.md	
f	3693	docs/LOCAL_REPRODUCTION_ASSETS_20260904.md	
f	5558	docs/REPRODUCIBILITY_FIXES_20260904.md	
f	1091	docs/RESULTS_CATALOG.md	
f	1913	docs/SOURCE_PROVENANCE.md	
d	480	environment	
f	521	environment/README.md	
f	584	environment/server7_gpus.txt	
f	14	environment/server7_python.txt	
f	21	environment/server7_source_commit.txt	
f	2379	environment/server7_squidiff_conda_explicit.txt	
f	3983	environment/server7_squidiff_pip_freeze.txt	
f	123	environment/server7_uname.txt	
f	584	environment/server8_gpus.txt	
f	14	environment/server8_python.txt	
f	21	environment/server8_source_commit.txt	
f	2379	environment/server8_squidiff_conda_explicit.txt	
f	3968	environment/server8_squidiff_pip_freeze.txt	
f	123	environment/server8_uname.txt	
d	512	figure_reproduction	
f	3338	figure_reproduction/README.md	
f	1637	figure_reproduction/REPRODUCIBILITY_NOTES.md	
d	256	figure_reproduction/final_figures	
d	128	figure_reproduction/final_figures/Fig1	
f	2563144	figure_reproduction/final_figures/Fig1/figure1_final.pdf	
f	2817949	figure_reproduction/final_figures/Fig1/figure1_final.svg	
d	128	figure_reproduction/final_figures/Fig2	
f	411933	figure_reproduction/final_figures/Fig2/figure2_final.pdf	
f	828606	figure_reproduction/final_figures/Fig2/figure2_final.svg	
d	160	figure_reproduction/final_figures/Fig3	
f	215156	figure_reproduction/final_figures/Fig3/figure3_final.pdf	
f	664805	figure_reproduction/final_figures/Fig3/figure3_final.svg	
f	164411	figure_reproduction/final_figures/Fig3/figure3_final_before_svg_sync_20260727.pdf	
d	160	figure_reproduction/final_figures/Fig4	
f	78448	figure_reproduction/final_figures/Fig4/figure4_final.pdf	
f	149546	figure_reproduction/final_figures/Fig4/figure4_final.svg	
f	170404	figure_reproduction/final_figures/Fig4/figure4_final_before_mean_only_20260729.svg	
d	416	figure_reproduction/final_figures/Fig5	
f	346687	figure_reproduction/final_figures/Fig5/figure5_final.pdf	
f	347547	figure_reproduction/final_figures/Fig5/figure5_final.svg	
f	112112	figure_reproduction/final_figures/Fig5/figure5_final_before_range_20260727.pdf	
f	107165	figure_reproduction/final_figures/Fig5/figure5_final_before_range_20260727.svg	
f	344928	figure_reproduction/final_figures/Fig5/figure5_final_before_user_narrow_20260727.pdf	
f	344034	figure_reproduction/final_figures/Fig5/figure5_final_before_user_narrow_20260727.svg	
f	346692	figure_reproduction/final_figures/Fig5/figure5_final_c_compact.pdf	
f	351007	figure_reproduction/final_figures/Fig5/figure5_final_c_compact.svg	
f	350126	figure_reproduction/final_figures/Fig5/figure5_final_c_narrow.pdf	
f	353148	figure_reproduction/final_figures/Fig5/figure5_final_c_narrow.svg	
f	344034	figure_reproduction/final_figures/Fig5/figure5_final_user_modified_20260727.svg	
d	256	figure_reproduction/manifests	
f	3665	figure_reproduction/manifests/FIGURE_ASSET_INDEX.md	
f	1304	figure_reproduction/manifests/PANEL_REPRODUCIBILITY.md	
f	9449	figure_reproduction/manifests/PANEL_REPRODUCIBILITY.tsv	
f	2088	figure_reproduction/manifests/REPRODUCTION_REPORT_20260728.md	
f	3382	figure_reproduction/manifests/TABLE_REPRODUCIBILITY.tsv	
f	41277	figure_reproduction/manifests/final_figure_checksums.sha256	
d	384	figure_reproduction/notebooks	
f	7096	figure_reproduction/notebooks/00_reproduction_workflow.ipynb	
f	6368	figure_reproduction/notebooks/Fig1_framework_schematic.ipynb	
f	9222	figure_reproduction/notebooks/Fig2_metrics_patchae.ipynb	
f	8183	figure_reproduction/notebooks/Fig3_k562_benchmark_ablation.ipynb	
f	8313	figure_reproduction/notebooks/Fig4_cross_cell_transfer.ipynb	
f	7505	figure_reproduction/notebooks/Fig5_hspa9_case_study.ipynb	
f	20536	figure_reproduction/notebooks/build_figure_notebooks.py	
d	224	figure_reproduction/notebooks/html_previews	
f	3541103	figure_reproduction/notebooks/html_previews/Fig1_framework_schematic.html	
f	1242136	figure_reproduction/notebooks/html_previews/Fig2_metrics_patchae.html	
f	1072027	figure_reproduction/notebooks/html_previews/Fig3_k562_benchmark_ablation.html	
f	413439	figure_reproduction/notebooks/html_previews/Fig4_cross_cell_transfer.html	
f	567180	figure_reproduction/notebooks/html_previews/Fig5_hspa9_case_study.html	
f	1283	figure_reproduction/notebooks/run_all_notebooks.py	
d	256	figure_reproduction/panels	
d	288	figure_reproduction/panels/Fig1	
f	1642503	figure_reproduction/panels/Fig1/figure1_scplad_combined_abcd_uniform.pdf	
f	845180	figure_reproduction/panels/Fig1/figure1_scplad_combined_abcd_uniform.svg	
d	192	figure_reproduction/panels/Fig1/panel_a_cross_cell_task	
f	1664546	figure_reproduction/panels/Fig1/panel_a_cross_cell_task/figure1_expression_dot_matrix_white_unframed.pdf	
f	828186	figure_reproduction/panels/Fig1/panel_a_cross_cell_task/figure1_expression_dot_matrix_white_unframed.svg	
f	47152	figure_reproduction/panels/Fig1/panel_a_cross_cell_task/figure1a_cross_cell_context_hub.pdf	
f	17517	figure_reproduction/panels/Fig1/panel_a_cross_cell_task/figure1a_cross_cell_context_hub.svg	
d	64	figure_reproduction/panels/Fig1/panel_b_patchae	
d	64	figure_reproduction/panels/Fig1/panel_c_biological_priors	
d	64	figure_reproduction/panels/Fig1/panel_d_latent_diffusion	
d	576	figure_reproduction/panels/Fig1/standalone	
f	2565701	figure_reproduction/panels/Fig1/standalone/figure1a_standalone.pdf	
f	1806039	figure_reproduction/panels/Fig1/standalone/figure1a_standalone.png	
f	2469807	figure_reproduction/panels/Fig1/standalone/figure1a_standalone.svg	
f	3023146	figure_reproduction/panels/Fig1/standalone/figure1a_standalone.tiff	
f	217324	figure_reproduction/panels/Fig1/standalone/figure1b_standalone.pdf	
f	255966	figure_reproduction/panels/Fig1/standalone/figure1b_standalone.png	
f	2469807	figure_reproduction/panels/Fig1/standalone/figure1b_standalone.svg	
f	384884	figure_reproduction/panels/Fig1/standalone/figure1b_standalone.tiff	
f	187948	figure_reproduction/panels/Fig1/standalone/figure1c_standalone.pdf	
f	164304	figure_reproduction/panels/Fig1/standalone/figure1c_standalone.png	
f	2469806	figure_reproduction/panels/Fig1/standalone/figure1c_standalone.svg	
f	190874	figure_reproduction/panels/Fig1/standalone/figure1c_standalone.tiff	
f	161765	figure_reproduction/panels/Fig1/standalone/figure1d_standalone.pdf	
f	420763	figure_reproduction/panels/Fig1/standalone/figure1d_standalone.png	
f	2469810	figure_reproduction/panels/Fig1/standalone/figure1d_standalone.svg	
f	621984	figure_reproduction/panels/Fig1/standalone/figure1d_standalone.tiff	
d	224	figure_reproduction/panels/Fig2	
d	256	figure_reproduction/panels/Fig2/panel_a_erc	
f	30715	figure_reproduction/panels/Fig2/panel_a_erc/figure2a_erc_labeled.pdf	
f	100416	figure_reproduction/panels/Fig2/panel_a_erc/figure2a_erc_labeled.png	
f	15945	figure_reproduction/panels/Fig2/panel_a_erc/figure2a_erc_labeled.svg	
f	288300	figure_reproduction/panels/Fig2/panel_a_erc/figure2a_erc_labeled.tiff	
f	6623	figure_reproduction/panels/Fig2/panel_a_erc/figure2a_pra_no_text_vector.pdf	
f	5493	figure_reproduction/panels/Fig2/panel_a_erc/figure2a_pra_no_text_vector.svg	
d	256	figure_reproduction/panels/Fig2/panel_b_csa	
f	43124	figure_reproduction/panels/Fig2/panel_b_csa/figure2b_csa_labeled.pdf	
f	264520	figure_reproduction/panels/Fig2/panel_b_csa/figure2b_csa_labeled.png	
f	112976	figure_reproduction/panels/Fig2/panel_b_csa/figure2b_csa_labeled.svg	
f	1123970	figure_reproduction/panels/Fig2/panel_b_csa/figure2b_csa_labeled.tiff	
f	192705	figure_reproduction/panels/Fig2/panel_b_csa/figure2b_csa_no_text_vector.pdf	
f	105395	figure_reproduction/panels/Fig2/panel_b_csa/figure2b_csa_no_text_vector.svg	
d	256	figure_reproduction/panels/Fig2/panel_c_expression_distribution	
f	32026	figure_reproduction/panels/Fig2/panel_c_expression_distribution/figure2c_expression_distribution_labeled.pdf	
f	77771	figure_reproduction/panels/Fig2/panel_c_expression_distribution/figure2c_expression_distribution_labeled.png	
f	43055	figure_reproduction/panels/Fig2/panel_c_expression_distribution/figure2c_expression_distribution_labeled.svg	
f	197400	figure_reproduction/panels/Fig2/panel_c_expression_distribution/figure2c_expression_distribution_labeled.tiff	
f	11203	figure_reproduction/panels/Fig2/panel_c_expression_distribution/figure2c_expression_distribution_no_text_vector.pdf	
f	40337	figure_reproduction/panels/Fig2/panel_c_expression_distribution/figure2c_expression_distribution_no_text_vector.svg	
d	256	figure_reproduction/panels/Fig2/panel_d_latent_distribution	
f	34009	figure_reproduction/panels/Fig2/panel_d_latent_distribution/figure2d_latent_distribution_labeled.pdf	
f	77931	figure_reproduction/panels/Fig2/panel_d_latent_distribution/figure2d_latent_distribution_labeled.png	
f	39104	figure_reproduction/panels/Fig2/panel_d_latent_distribution/figure2d_latent_distribution_labeled.svg	
f	149590	figure_reproduction/panels/Fig2/panel_d_latent_distribution/figure2d_latent_distribution_labeled.tiff	
f	8681	figure_reproduction/panels/Fig2/panel_d_latent_distribution/figure2d_latent_distribution_no_text_vector.pdf	
f	36138	figure_reproduction/panels/Fig2/panel_d_latent_distribution/figure2d_latent_distribution_no_text_vector.svg	
d	192	figure_reproduction/panels/Fig2/panel_e_umap	
f	384208	figure_reproduction/panels/Fig2/panel_e_umap/figure2_patchae_vae_shared_umap.pdf	
f	469725	figure_reproduction/panels/Fig2/panel_e_umap/figure2_patchae_vae_shared_umap.png	
f	492883	figure_reproduction/panels/Fig2/panel_e_umap/figure2_patchae_vae_shared_umap.svg	
f	14052590	figure_reproduction/panels/Fig2/panel_e_umap/figure2_patchae_vae_shared_umap.tiff	
d	128	figure_reproduction/panels/Fig3	
d	192	figure_reproduction/panels/Fig3/panel_h_ablation	
f	70878	figure_reproduction/panels/Fig3/panel_h_ablation/figure4h_k562_ablation_bar_strip_20260716.pdf	
f	94500	figure_reproduction/panels/Fig3/panel_h_ablation/figure4h_k562_ablation_bar_strip_20260716.png	
f	31807	figure_reproduction/panels/Fig3/panel_h_ablation/figure4h_k562_ablation_bar_strip_20260716.svg	
f	473196	figure_reproduction/panels/Fig3/panel_h_ablation/figure4h_k562_ablation_bar_strip_20260716.tiff	
d	1024	figure_reproduction/panels/Fig3/panels_a_g_k562_benchmark	
f	157511	figure_reproduction/panels/Fig3/panels_a_g_k562_benchmark/figure3_k562_heldout_180mm_6pt.pdf	
f	546105	figure_reproduction/panels/Fig3/panels_a_g_k562_benchmark/figure3_k562_heldout_180mm_6pt.svg	
f	59836	figure_reproduction/panels/Fig3/panels_a_g_k562_benchmark/figure3a_delta_pcc.pdf	
f	106436	figure_reproduction/panels/Fig3/panels_a_g_k562_benchmark/figure3a_delta_pcc.png	
f	178569	figure_reproduction/panels/Fig3/panels_a_g_k562_benchmark/figure3a_delta_pcc.svg	
f	192212	figure_reproduction/panels/Fig3/panels_a_g_k562_benchmark/figure3a_delta_pcc.tiff	
f	58945	figure_reproduction/panels/Fig3/panels_a_g_k562_benchmark/figure3b_topk_de.pdf	
f	110161	figure_reproduction/panels/Fig3/panels_a_g_k562_benchmark/figure3b_topk_de.png	
f	163669	figure_reproduction/panels/Fig3/panels_a_g_k562_benchmark/figure3b_topk_de.svg	
f	188320	figure_reproduction/panels/Fig3/panels_a_g_k562_benchmark/figure3b_topk_de.tiff	
f	31311	figure_reproduction/panels/Fig3/panels_a_g_k562_benchmark/figure3c_pra_all.pdf	
f	97633	figure_reproduction/panels/Fig3/panels_a_g_k562_benchmark/figure3c_pra_all.png	
f	59313	figure_reproduction/panels/Fig3/panels_a_g_k562_benchmark/figure3c_pra_all.svg	
f	144362	figure_reproduction/panels/Fig3/panels_a_g_k562_benchmark/figure3c_pra_all.tiff	
f	44137	figure_reproduction/panels/Fig3/panels_a_g_k562_benchmark/figure3d_csa_pearson.pdf	
f	102596	figure_reproduction/panels/Fig3/panels_a_g_k562_benchmark/figure3d_csa_pearson.png	
f	111514	figure_reproduction/panels/Fig3/panels_a_g_k562_benchmark/figure3d_csa_pearson.svg	
f	164630	figure_reproduction/panels/Fig3/panels_a_g_k562_benchmark/figure3d_csa_pearson.tiff	
f	22249	figure_reproduction/panels/Fig3/panels_a_g_k562_benchmark/figure3e_gge_wasserstein.pdf	
f	61724	figure_reproduction/panels/Fig3/panels_a_g_k562_benchmark/figure3e_gge_wasserstein.png	
f	10334	figure_reproduction/panels/Fig3/panels_a_g_k562_benchmark/figure3e_gge_wasserstein.svg	
f	105300	figure_reproduction/panels/Fig3/panels_a_g_k562_benchmark/figure3e_gge_wasserstein.tiff	
f	23000	figure_reproduction/panels/Fig3/panels_a_g_k562_benchmark/figure3f_gge_mmd.pdf	
f	58386	figure_reproduction/panels/Fig3/panels_a_g_k562_benchmark/figure3f_gge_mmd.png	
f	10310	figure_reproduction/panels/Fig3/panels_a_g_k562_benchmark/figure3f_gge_mmd.svg	
f	99132	figure_reproduction/panels/Fig3/panels_a_g_k562_benchmark/figure3f_gge_mmd.tiff	
f	22485	figure_reproduction/panels/Fig3/panels_a_g_k562_benchmark/figure3g_gge_energy.pdf	
f	60846	figure_reproduction/panels/Fig3/panels_a_g_k562_benchmark/figure3g_gge_energy.png	
f	10313	figure_reproduction/panels/Fig3/panels_a_g_k562_benchmark/figure3g_gge_energy.svg	
f	102204	figure_reproduction/panels/Fig3/panels_a_g_k562_benchmark/figure3g_gge_energy.tiff	
d	224	figure_reproduction/panels/Fig4	
d	192	figure_reproduction/panels/Fig4/panel_a_overall	
f	30163	figure_reproduction/panels/Fig4/panel_a_overall/figure4a_cross_cell_overall_mean_metrics.pdf	
f	156864	figure_reproduction/panels/Fig4/panel_a_overall/figure4a_cross_cell_overall_mean_metrics.png	
f	15809	figure_reproduction/panels/Fig4/panel_a_overall/figure4a_cross_cell_overall_mean_metrics.svg	
f	18058454	figure_reproduction/panels/Fig4/panel_a_overall/figure4a_cross_cell_overall_mean_metrics.tiff	
d	128	figure_reproduction/panels/Fig4/panel_f_control_anchor	
f	57942	figure_reproduction/panels/Fig4/panel_f_control_anchor/figure4f_control_context_swap.pdf	
f	23985	figure_reproduction/panels/Fig4/panel_f_control_anchor/figure4f_control_context_swap.svg	
d	288	figure_reproduction/panels/Fig4/panel_f_interaction_context	
f	341	figure_reproduction/panels/Fig4/panel_f_interaction_context/README.md	
f	44827	figure_reproduction/panels/Fig4/panel_f_interaction_context/figure4f_prior_interaction_background.pdf	
f	98828	figure_reproduction/panels/Fig4/panel_f_interaction_context/figure4f_prior_interaction_background.png	
f	46016	figure_reproduction/panels/Fig4/panel_f_interaction_context/figure4f_prior_interaction_background.svg	
f	225974	figure_reproduction/panels/Fig4/panel_f_interaction_context/figure4f_prior_interaction_background.tiff	
f	1185	figure_reproduction/panels/Fig4/panel_f_interaction_context/interaction_context_three_seed_raw.csv	
f	836	figure_reproduction/panels/Fig4/panel_f_interaction_context/interaction_context_three_seed_summary.csv	
d	640	figure_reproduction/panels/Fig4/panels_b_e_coverage	
f	22307	figure_reproduction/panels/Fig4/panels_b_e_coverage/figure4b_delta_pcc_by_source_coverage.pdf	
f	125743	figure_reproduction/panels/Fig4/panels_b_e_coverage/figure4b_delta_pcc_by_source_coverage.png	
f	16189	figure_reproduction/panels/Fig4/panels_b_e_coverage/figure4b_delta_pcc_by_source_coverage.svg	
f	208958	figure_reproduction/panels/Fig4/panels_b_e_coverage/figure4b_delta_pcc_by_source_coverage.tiff	
f	23646	figure_reproduction/panels/Fig4/panels_b_e_coverage/figure4c_top100_de_by_source_coverage.pdf	
f	132496	figure_reproduction/panels/Fig4/panels_b_e_coverage/figure4c_top100_de_by_source_coverage.png	
f	16230	figure_reproduction/panels/Fig4/panels_b_e_coverage/figure4c_top100_de_by_source_coverage.svg	
f	223964	figure_reproduction/panels/Fig4/panels_b_e_coverage/figure4c_top100_de_by_source_coverage.tiff	
f	23853	figure_reproduction/panels/Fig4/panels_b_e_coverage/figure4d_erc_by_source_coverage.pdf	
f	98037	figure_reproduction/panels/Fig4/panels_b_e_coverage/figure4d_erc_by_source_coverage.png	
f	14778	figure_reproduction/panels/Fig4/panels_b_e_coverage/figure4d_erc_by_source_coverage.svg	
f	184256	figure_reproduction/panels/Fig4/panels_b_e_coverage/figure4d_erc_by_source_coverage.tiff	
f	22617	figure_reproduction/panels/Fig4/panels_b_e_coverage/figure4e_csa_by_source_coverage.pdf	
f	95532	figure_reproduction/panels/Fig4/panels_b_e_coverage/figure4e_csa_by_source_coverage.png	
f	14773	figure_reproduction/panels/Fig4/panels_b_e_coverage/figure4e_csa_by_source_coverage.svg	
f	184270	figure_reproduction/panels/Fig4/panels_b_e_coverage/figure4e_csa_by_source_coverage.tiff	
f	39122	figure_reproduction/panels/Fig4/panels_b_e_coverage/figure_cross_cell_coverage_b_e_mean_txpert.pdf	
f	38493	figure_reproduction/panels/Fig4/panels_b_e_coverage/figure_cross_cell_coverage_b_e_mean_txpert.svg	
d	160	figure_reproduction/panels/Fig5	
d	256	figure_reproduction/panels/Fig5/panel_a_external_targets	
f	87113	figure_reproduction/panels/Fig5/panel_a_external_targets/figure4f_hspa9_external_targets.pdf	
f	70966	figure_reproduction/panels/Fig5/panel_a_external_targets/figure4f_hspa9_external_targets.svg	
f	39786	figure_reproduction/panels/Fig5/panel_a_external_targets/figure5a_hspa9_external_targets.pdf	
f	264492	figure_reproduction/panels/Fig5/panel_a_external_targets/figure5a_hspa9_external_targets.png	
f	72125	figure_reproduction/panels/Fig5/panel_a_external_targets/figure5a_hspa9_external_targets.svg	
f	19295726	figure_reproduction/panels/Fig5/panel_a_external_targets/figure5a_hspa9_external_targets.tiff	
d	256	figure_reproduction/panels/Fig5/panel_b_csa_heatmaps	
f	39064	figure_reproduction/panels/Fig5/panel_b_csa_heatmaps/figure4g_hspa9_csa_heatmap.pdf	
f	31123	figure_reproduction/panels/Fig5/panel_b_csa_heatmaps/figure4g_hspa9_csa_heatmap.svg	
f	47775	figure_reproduction/panels/Fig5/panel_b_csa_heatmaps/figure5b_hspa9_csa_heatmap.pdf	
f	114078	figure_reproduction/panels/Fig5/panel_b_csa_heatmaps/figure5b_hspa9_csa_heatmap.png	
f	31351	figure_reproduction/panels/Fig5/panel_b_csa_heatmaps/figure5b_hspa9_csa_heatmap.svg	
f	19593422	figure_reproduction/panels/Fig5/panel_b_csa_heatmaps/figure5b_hspa9_csa_heatmap.tiff	
d	256	figure_reproduction/panels/Fig5/panel_c_expression_range	
f	73308	figure_reproduction/panels/Fig5/panel_c_expression_range/figure5c_hspa9_expression_range.pdf	
f	193428	figure_reproduction/panels/Fig5/panel_c_expression_range/figure5c_hspa9_expression_range.png	
f	95575	figure_reproduction/panels/Fig5/panel_c_expression_range/figure5c_hspa9_expression_range.svg	
f	465498	figure_reproduction/panels/Fig5/panel_c_expression_range/figure5c_hspa9_expression_range.tiff	
f	223316	figure_reproduction/panels/Fig5/panel_c_expression_range/figure5c_hspa9_expression_range_text_free.pdf	
f	88335	figure_reproduction/panels/Fig5/panel_c_expression_range/figure5c_hspa9_expression_range_text_free.svg	
d	224	figure_reproduction/previews	
f	411627	figure_reproduction/previews/figure1_preview.png	
f	210765	figure_reproduction/previews/figure2_preview.png	
f	159463	figure_reproduction/previews/figure3_preview.png	
f	104519	figure_reproduction/previews/figure4_preview.png	
f	162706	figure_reproduction/previews/figure5_preview.png	
d	256	figure_reproduction/reproduced	
d	128	figure_reproduction/reproduced/Fig1	
f	2563144	figure_reproduction/reproduced/Fig1/figure1_final.pdf	
f	2817949	figure_reproduction/reproduced/Fig1/figure1_final.svg	
d	576	figure_reproduction/reproduced/Fig2	
f	375230	figure_reproduction/reproduced/Fig2/figure2_patchae_vae_shared_umap.pdf	
f	468900	figure_reproduction/reproduced/Fig2/figure2_patchae_vae_shared_umap.png	
f	492162	figure_reproduction/reproduced/Fig2/figure2_patchae_vae_shared_umap.svg	
f	14065822	figure_reproduction/reproduced/Fig2/figure2_patchae_vae_shared_umap.tiff	
f	22016	figure_reproduction/reproduced/Fig2/figure2a_pra_no_text_vector.pdf	
f	15860	figure_reproduction/reproduced/Fig2/figure2a_pra_no_text_vector.svg	
f	27351	figure_reproduction/reproduced/Fig2/figure2a_pra_no_text_vector_preview.png	
f	34630	figure_reproduction/reproduced/Fig2/figure2b_csa_no_text_vector.pdf	
f	112612	figure_reproduction/reproduced/Fig2/figure2b_csa_no_text_vector.svg	
f	75625	figure_reproduction/reproduced/Fig2/figure2b_csa_no_text_vector_preview.png	
f	23463	figure_reproduction/reproduced/Fig2/figure2c_expression_distribution_no_text_vector.pdf	
f	41656	figure_reproduction/reproduced/Fig2/figure2c_expression_distribution_no_text_vector.svg	
f	23069	figure_reproduction/reproduced/Fig2/figure2c_expression_distribution_no_text_vector_preview.png	
f	25457	figure_reproduction/reproduced/Fig2/figure2d_latent_distribution_no_text_vector.pdf	
f	39602	figure_reproduction/reproduced/Fig2/figure2d_latent_distribution_no_text_vector.svg	
f	24532	figure_reproduction/reproduced/Fig2/figure2d_latent_distribution_no_text_vector_preview.png	
d	384	figure_reproduction/reproduced/Fig3	
f	139720	figure_reproduction/reproduced/Fig3/figure3_k562_heldout_180mm_6pt.pdf	
f	546105	figure_reproduction/reproduced/Fig3/figure3_k562_heldout_180mm_6pt.svg	
f	146719	figure_reproduction/reproduced/Fig3/figure3_k562_heldout_180mm_6pt_preview.png	
f	33285	figure_reproduction/reproduced/Fig3/figure4h_k562_ablation_bar_strip_20260716.pdf	
f	94500	figure_reproduction/reproduced/Fig3/figure4h_k562_ablation_bar_strip_20260716.png	
f	32399	figure_reproduction/reproduced/Fig3/figure4h_k562_ablation_bar_strip_20260716.svg	
f	473196	figure_reproduction/reproduced/Fig3/figure4h_k562_ablation_bar_strip_20260716.tiff	
f	2069	figure_reproduction/reproduced/Fig3/k562_ablation_paired_change_summary.csv	
f	7261	figure_reproduction/reproduced/Fig3/k562_ablation_paired_seed_changes.csv	
f	20978	figure_reproduction/reproduced/Fig3/k562_current_ablation_seed_metrics.csv	
d	1120	figure_reproduction/reproduced/Fig4	
f	216	figure_reproduction/reproduced/Fig4/README.md	
f	528	figure_reproduction/reproduced/Fig4/control_anchor_means.csv	
f	25910	figure_reproduction/reproduced/Fig4/figure4a_cross_cell_overall_mean_metrics.pdf	
f	156864	figure_reproduction/reproduced/Fig4/figure4a_cross_cell_overall_mean_metrics.png	
f	16806	figure_reproduction/reproduced/Fig4/figure4a_cross_cell_overall_mean_metrics.svg	
f	18058454	figure_reproduction/reproduced/Fig4/figure4a_cross_cell_overall_mean_metrics.tiff	
f	29778	figure_reproduction/reproduced/Fig4/figure4f_control_context_swap.pdf	
f	93809	figure_reproduction/reproduced/Fig4/figure4f_control_context_swap.png	
f	26540	figure_reproduction/reproduced/Fig4/figure4f_control_context_swap.svg	
f	216902	figure_reproduction/reproduced/Fig4/figure4f_control_context_swap.tiff	
f	29914	figure_reproduction/reproduced/Fig4/figure_cross_cell_coverage_b_e_mean_txpert.pdf	
f	253991	figure_reproduction/reproduced/Fig4/figure_cross_cell_coverage_b_e_mean_txpert.png	
f	40867	figure_reproduction/reproduced/Fig4/figure_cross_cell_coverage_b_e_mean_txpert.svg	
f	481198	figure_reproduction/reproduced/Fig4/figure_cross_cell_coverage_b_e_mean_txpert.tiff	
f	34501	figure_reproduction/reproduced/Fig4/figure_cross_cell_remaining_panels_b_g.pdf	
f	422386	figure_reproduction/reproduced/Fig4/figure_cross_cell_remaining_panels_b_g.png	
f	58998	figure_reproduction/reproduced/Fig4/figure_cross_cell_remaining_panels_b_g.svg	
f	1075230	figure_reproduction/reproduced/Fig4/figure_cross_cell_remaining_panels_b_g.tiff	
f	668	figure_reproduction/reproduced/Fig4/figure_metadata.json	
f	5841	figure_reproduction/reproduced/Fig4/original_per_seed_by_source_coverage.csv	
f	1827	figure_reproduction/reproduced/Fig4/original_source_unseen506_forced_anchor_extra_metrics.csv	
f	1349	figure_reproduction/reproduced/Fig4/original_source_unseen506_mean_baselines.csv	
f	5204	figure_reproduction/reproduced/Fig4/original_summary_by_source_coverage_across_3seeds.csv	
f	5746	figure_reproduction/reproduced/Fig4/source_data_individual_seeds_panels_b_e.csv	
f	719	figure_reproduction/reproduced/Fig4/source_data_overall_mean_metrics.csv	
f	268	figure_reproduction/reproduced/Fig4/source_data_panel_f.csv	
f	359	figure_reproduction/reproduced/Fig4/source_data_panel_g.csv	
f	5006	figure_reproduction/reproduced/Fig4/source_data_panels_b_e.csv	
f	523	figure_reproduction/reproduced/Fig4/source_data_source_cloud_transfer_panels_b_e.csv	
f	179	figure_reproduction/reproduced/Fig4/source_data_state20k_by_source_coverage_panels_b_e.csv	
f	254	figure_reproduction/reproduced/Fig4/source_data_state_global_mean_fallback.csv	
f	375	figure_reproduction/reproduced/Fig4/source_data_txpert_by_source_coverage_panels_b_e.csv	
f	75685	figure_reproduction/reproduced/Fig4/source_data_txpert_per_condition_panels_b_e.csv	
d	576	figure_reproduction/reproduced/Fig5	
f	31496	figure_reproduction/reproduced/Fig5/figure4f_hspa9_external_targets.pdf	
f	284497	figure_reproduction/reproduced/Fig5/figure4f_hspa9_external_targets.png	
f	75697	figure_reproduction/reproduced/Fig5/figure4f_hspa9_external_targets.svg	
f	19800686	figure_reproduction/reproduced/Fig5/figure4f_hspa9_external_targets.tiff	
f	39238	figure_reproduction/reproduced/Fig5/figure4g_hspa9_csa_heatmap.pdf	
f	114106	figure_reproduction/reproduced/Fig5/figure4g_hspa9_csa_heatmap.png	
f	31335	figure_reproduction/reproduced/Fig5/figure4g_hspa9_csa_heatmap.svg	
f	19593422	figure_reproduction/reproduced/Fig5/figure4g_hspa9_csa_heatmap.tiff	
f	43052	figure_reproduction/reproduced/Fig5/figure4g_hspa9_go_bp.pdf	
f	282549	figure_reproduction/reproduced/Fig5/figure4g_hspa9_go_bp.png	
f	25671	figure_reproduction/reproduced/Fig5/figure4g_hspa9_go_bp.svg	
f	26762606	figure_reproduction/reproduced/Fig5/figure4g_hspa9_go_bp.tiff	
f	64628	figure_reproduction/reproduced/Fig5/figure5c_hspa9_expression_range_text_free.pdf	
f	192789	figure_reproduction/reproduced/Fig5/figure5c_hspa9_expression_range_text_free.png	
f	95468	figure_reproduction/reproduced/Fig5/figure5c_hspa9_expression_range_text_free.svg	
f	464104	figure_reproduction/reproduced/Fig5/figure5c_hspa9_expression_range_text_free.tiff	
d	448	figure_reproduction/reproducibility	
f	2233	figure_reproduction/reproducibility/DATA_CONTRACT.md	
f	3766	figure_reproduction/reproducibility/README.md	
f	1051	figure_reproduction/reproducibility/build_checksums.sh	
d	160	figure_reproduction/reproducibility/configs	
f	6468	figure_reproduction/reproducibility/configs/custom_cross_cell_line.template.json	
f	6489	figure_reproduction/reproducibility/configs/custom_data.template.json	
f	2474	figure_reproduction/reproducibility/configs/provided_results.json	
f	10135	figure_reproduction/reproducibility/evaluate_custom_predictions.py	
f	2439	figure_reproduction/reproducibility/plot_custom_summary.py	
d	96	figure_reproduction/reproducibility/runs	
d	64	figure_reproduction/reproducibility/runs/paper_results	
f	8075	figure_reproduction/reproducibility/scplad_repro.py	
f	8820	figure_reproduction/reproducibility/validate_custom_inputs.py	
f	4530	figure_reproduction/reproducibility/validate_registry.py	
f	484	figure_reproduction/reproducibility/verify_checksums.sh	
f	253	figure_reproduction/requirements-figures.txt	
f	63	figure_reproduction/requirements-training.txt	
d	288	figure_reproduction/scripts	
d	288	figure_reproduction/scripts/Fig1	
f	16693	figure_reproduction/scripts/Fig1/build_figure1_180mm_uniform.py	
f	4715	figure_reproduction/scripts/Fig1/export_figure1_subpanels.py	
f	6330	figure_reproduction/scripts/Fig1/make_figure1_dot_white_unified.py	
f	5449	figure_reproduction/scripts/Fig1/make_figure1_embed_user_semantic_hub.py	
f	3026	figure_reproduction/scripts/Fig1/make_figure1_enlarge_user_hub.py	
f	7312	figure_reproduction/scripts/Fig1/make_figure1_text_prior_panel_c.py	
d	256	figure_reproduction/scripts/Fig2	
f	14779	figure_reproduction/scripts/Fig2/make_editable_svg_masters_20260722.py	
f	7410	figure_reproduction/scripts/Fig2/make_figure2_180mm_publication.py	
f	18381	figure_reproduction/scripts/Fig2/make_figure2_vector_no_text.py	
f	7874	figure_reproduction/scripts/Fig2/make_patchae_distribution_diagnostics.py	
f	10427	figure_reproduction/scripts/Fig2/make_patchae_vae_umap_20260721.py	
d	192	figure_reproduction/scripts/Fig3	
f	6519	figure_reproduction/scripts/Fig3/combine_figure3_with_k562_ablation_20260716.py	
f	12265	figure_reproduction/scripts/Fig3/make_figure3_180mm_publication.py	
f	8759	figure_reproduction/scripts/Fig3/make_k562_ablation_bar_strip_20260716.py	
d	256	figure_reproduction/scripts/Fig4	
f	4441	figure_reproduction/scripts/Fig4/make_control_context_swap_fig4_style_20260723.py	
f	6943	figure_reproduction/scripts/Fig4/make_cross_cell_overall_mean_bar_20260720.py	
f	21330	figure_reproduction/scripts/Fig4/make_cross_cell_remaining_panels_20260718.py	
f	14779	figure_reproduction/scripts/Fig4/make_editable_svg_masters_20260722.py	
f	8739	figure_reproduction/scripts/Fig4/make_interaction_context_ablation_fig4f_20260729.py	
d	320	figure_reproduction/scripts/Fig5	
f	6384	figure_reproduction/scripts/Fig5/compose_figure5_with_range_20260727.py	
f	7010	figure_reproduction/scripts/Fig5/extract_hspa9_csa_heatmap_data.py	
f	14779	figure_reproduction/scripts/Fig5/make_editable_svg_masters_20260722.py	
f	6604	figure_reproduction/scripts/Fig5/make_hspa9_csa_heatmap_20260721.py	
f	5769	figure_reproduction/scripts/Fig5/make_hspa9_external_panels_20260721.py	
f	4760	figure_reproduction/scripts/Fig5/make_hspa9_range_fig5_base_20260727.py	
d	128	figure_reproduction/scripts/Fig5/source_generation	
f	10869	figure_reproduction/scripts/Fig5/source_generation/go_enrichment_hspa9.py	
f	4260	figure_reproduction/scripts/Fig5/source_generation/plot_hspa9_external_causal_targets.py	
d	320	figure_reproduction/scripts/Tables	
f	11945	figure_reproduction/scripts/Tables/eval_condition_balanced_source_global_baseline.py	
f	5681	figure_reproduction/scripts/Tables/evaluate_patchae_vae_reconstruction.py	
d	128	figure_reproduction/scripts/Tables/exact_historical	
f	10088	figure_reproduction/scripts/Tables/exact_historical/eval_txpert_scplad_match_counts_corr.py	
f	10966	figure_reproduction/scripts/Tables/exact_historical/eval_txpert_scplad_source_cellline_known_fixed_corr.py	
f	6865	figure_reproduction/scripts/Tables/gge_metrics.py	
f	2856	figure_reproduction/scripts/Tables/summarize_prior_paired_gains.py	
f	1777	figure_reproduction/scripts/Tables/summarize_three_seed_validation_20260817.py	
f	5619	figure_reproduction/scripts/Tables/train_global_vae_baseline.py	
d	96	figure_reproduction/scripts/figures_cross_cell_20260727	
d	192	figure_reproduction/scripts/figures_cross_cell_20260727/hspa9_range_fig5_style	
f	42501	figure_reproduction/scripts/figures_cross_cell_20260727/hspa9_range_fig5_style/figure5c_hspa9_expression_range_text_free.pdf	
f	113168	figure_reproduction/scripts/figures_cross_cell_20260727/hspa9_range_fig5_style/figure5c_hspa9_expression_range_text_free.png	
f	88423	figure_reproduction/scripts/figures_cross_cell_20260727/hspa9_range_fig5_style/figure5c_hspa9_expression_range_text_free.svg	
f	381976	figure_reproduction/scripts/figures_cross_cell_20260727/hspa9_range_fig5_style/figure5c_hspa9_expression_range_text_free.tiff	
d	256	figure_reproduction/source_data	
d	64	figure_reproduction/source_data/Fig1	
d	480	figure_reproduction/source_data/Fig2	
f	38219	figure_reproduction/source_data/Fig2/SRSF7_real_control_centered_top300.csv	
f	495	figure_reproduction/source_data/Fig2/SRSF7_real_control_centered_top300_metadata.json	
f	2313	figure_reproduction/source_data/Fig2/patchae_dist_k5625000_val.json	
f	4157144	figure_reproduction/source_data/Fig2/patchae_dist_k5625000_val.npz	
f	2812	figure_reproduction/source_data/Fig2/patchae_dist_xcell3352_val.json	
f	4198786	figure_reproduction/source_data/Fig2/patchae_dist_xcell3352_val.npz	
f	596	figure_reproduction/source_data/Fig2/patchae_distribution_summary.csv	
f	705	figure_reproduction/source_data/Fig2/patchae_reconstruction_metrics.csv	
f	116708	figure_reproduction/source_data/Fig2/patchae_vs_globalvae_shared_umap.csv	
f	732453	figure_reproduction/source_data/Fig2/pra_control_mean_range_schematic_cells.csv	
f	37071	figure_reproduction/source_data/Fig2/pra_control_mean_range_schematic_summary.csv	
f	879831	figure_reproduction/source_data/Fig2/pra_expression_domain_schematic.csv	
f	304	figure_reproduction/source_data/Fig2/pra_schematic_intervals.csv	
d	320	figure_reproduction/source_data/Fig3	
f	2069	figure_reproduction/source_data/Fig3/k562_ablation_paired_change_summary.csv	
f	7261	figure_reproduction/source_data/Fig3/k562_ablation_paired_seed_changes.csv	
f	20978	figure_reproduction/source_data/Fig3/k562_current_ablation_seed_metrics.csv	
f	4102	figure_reproduction/source_data/Fig3/k562_current_ablation_three_seed_summary.csv	
f	1061	figure_reproduction/source_data/Fig3/k562_internal_heldout_comparison_metrics.csv	
f	134021	figure_reproduction/source_data/Fig3/k562_internal_heldout_per_condition_oldstyle.csv	
f	876	figure_reproduction/source_data/Fig3/k562_internal_heldout_seed_metrics.csv	
f	579	figure_reproduction/source_data/Fig3/k562_internal_heldout_summary_metrics.csv	
d	1056	figure_reproduction/source_data/Fig4	
d	128	figure_reproduction/source_data/Fig4/context_background_ablation_20260729	
f	673	figure_reproduction/source_data/Fig4/context_background_ablation_20260729/four_metrics_fixed2000_3seed_summary.csv	
f	922	figure_reproduction/source_data/Fig4/context_background_ablation_20260729/four_metrics_fixed2000_per_seed.csv	
f	1124	figure_reproduction/source_data/Fig4/control_anchor_three_seed_raw.csv	
f	1867	figure_reproduction/source_data/Fig4/dataset_and_coverage_summary.json	
f	55212	figure_reproduction/source_data/Fig4/k562_test_condition_source_coverage.csv	
f	257373	figure_reproduction/source_data/Fig4/mainline_seed20260601_config.json	
f	1410	figure_reproduction/source_data/Fig4/patchae_config.json	
f	1130	figure_reproduction/source_data/Fig4/patchae_nontrain_eval.json	
f	5841	figure_reproduction/source_data/Fig4/per_seed_by_source_coverage.csv	
f	359	figure_reproduction/source_data/Fig4/source_data.csv	
f	5746	figure_reproduction/source_data/Fig4/source_data_individual_seeds_panels_b_e.csv	
f	719	figure_reproduction/source_data/Fig4/source_data_overall_mean_metrics.csv	
f	268	figure_reproduction/source_data/Fig4/source_data_panel_f.csv	
f	359	figure_reproduction/source_data/Fig4/source_data_panel_g.csv	
f	5006	figure_reproduction/source_data/Fig4/source_data_panels_b_e.csv	
f	529	figure_reproduction/source_data/Fig4/source_data_source_cloud_transfer_panels_b_e.csv	
f	179	figure_reproduction/source_data/Fig4/source_data_state20k_by_source_coverage_panels_b_e.csv	
f	254	figure_reproduction/source_data/Fig4/source_data_state_global_mean_fallback.csv	
f	383	figure_reproduction/source_data/Fig4/source_data_txpert_by_source_coverage_panels_b_e.csv	
f	75685	figure_reproduction/source_data/Fig4/source_data_txpert_per_condition_panels_b_e.csv	
f	1827	figure_reproduction/source_data/Fig4/source_unseen506_forced_anchor_extra_metrics.csv	
f	1587	figure_reproduction/source_data/Fig4/source_unseen506_forced_anchor_mean_metrics.csv	
f	1349	figure_reproduction/source_data/Fig4/source_unseen506_mean_baselines.csv	
f	180	figure_reproduction/source_data/Fig4/state20k_by_source_coverage.csv	
f	122722	figure_reproduction/source_data/Fig4/state20k_global_mean_fallback_all1086_per_condition.csv	
f	254	figure_reproduction/source_data/Fig4/state20k_global_mean_fallback_all1086_summary.csv	
f	5204	figure_reproduction/source_data/Fig4/summary_by_source_coverage_across_3seeds.csv	
f	957	figure_reproduction/source_data/Fig4/three_seed_overall_metrics.csv	
f	1124	figure_reproduction/source_data/Fig4/three_seed_raw.csv	
f	309510	figure_reproduction/source_data/Fig4/txpert_per_condition_basic.csv	
f	134777	figure_reproduction/source_data/Fig4/txpert_per_condition_csa.csv	
f	198214	figure_reproduction/source_data/Fig4/txpert_per_condition_pra.csv	
d	416	figure_reproduction/source_data/Fig5	
f	785	figure_reproduction/source_data/Fig5/hspa9_csa_display_genes.csv	
f	589	figure_reproduction/source_data/Fig5/hspa9_csa_metadata.json	
d	160	figure_reproduction/source_data/Fig5/hspa9_csa_seeds	
d	128	figure_reproduction/source_data/Fig5/hspa9_csa_seeds/txpert_xcell_bioprior_noDepMap_drdd_lite_fixedtau500_film_priorfeature_x0_500k_seed20260713_v1	
f	588	figure_reproduction/source_data/Fig5/hspa9_csa_seeds/txpert_xcell_bioprior_noDepMap_drdd_lite_fixedtau500_film_priorfeature_x0_500k_seed20260713_v1/hspa9_csa_metadata.json	
f	14478	figure_reproduction/source_data/Fig5/hspa9_csa_seeds/txpert_xcell_bioprior_noDepMap_drdd_lite_fixedtau500_film_priorfeature_x0_500k_seed20260713_v1/hspa9_csa_top36_display.npz	
d	128	figure_reproduction/source_data/Fig5/hspa9_csa_seeds/txpert_xcell_bioprior_noDepMap_drdd_lite_fixedtau500_film_priorfeature_x0_500k_seed20260714_v1	
f	588	figure_reproduction/source_data/Fig5/hspa9_csa_seeds/txpert_xcell_bioprior_noDepMap_drdd_lite_fixedtau500_film_priorfeature_x0_500k_seed20260714_v1/hspa9_csa_metadata.json	
f	14490	figure_reproduction/source_data/Fig5/hspa9_csa_seeds/txpert_xcell_bioprior_noDepMap_drdd_lite_fixedtau500_film_priorfeature_x0_500k_seed20260714_v1/hspa9_csa_top36_display.npz	
d	128	figure_reproduction/source_data/Fig5/hspa9_csa_seeds/txpert_xcell_bioprior_noDepMap_drdd_lite_fixedtau500_film_priorfeature_x0_500k_v1	
f	589	figure_reproduction/source_data/Fig5/hspa9_csa_seeds/txpert_xcell_bioprior_noDepMap_drdd_lite_fixedtau500_film_priorfeature_x0_500k_v1/hspa9_csa_metadata.json	
f	14513	figure_reproduction/source_data/Fig5/hspa9_csa_seeds/txpert_xcell_bioprior_noDepMap_drdd_lite_fixedtau500_film_priorfeature_x0_500k_v1/hspa9_csa_top36_display.npz	
d	128	figure_reproduction/source_data/Fig5/hspa9_csa_state	
f	612	figure_reproduction/source_data/Fig5/hspa9_csa_state/hspa9_csa_metadata.json	
f	14475	figure_reproduction/source_data/Fig5/hspa9_csa_state/hspa9_csa_top36_display.npz	
f	201889	figure_reproduction/source_data/Fig5/hspa9_csa_top100_upper_triangle.csv	
f	14639	figure_reproduction/source_data/Fig5/hspa9_csa_top36_display.npz	
d	128	figure_reproduction/source_data/Fig5/hspa9_csa_txpert	
f	612	figure_reproduction/source_data/Fig5/hspa9_csa_txpert/hspa9_csa_metadata.json	
f	14464	figure_reproduction/source_data/Fig5/hspa9_csa_txpert/hspa9_csa_top36_display.npz	
f	28869	figure_reproduction/source_data/Fig5/hspa9_external_causal_target_recovery_source_data.csv	
f	31699	figure_reproduction/source_data/Fig5/hspa9_go_bp_enrichment_plot_data.csv	
f	16505	figure_reproduction/source_data/Fig5/hspa9_q10_q90_range_data.csv	
f	5765	figure_reproduction/source_data/Fig5/hspa9_range_seed20260713_source.csv	
d	224	figure_reproduction/source_data/Tables	
d	256	figure_reproduction/source_data/Tables/analysis_prior_coverage_20260714	
f	1196	figure_reproduction/source_data/Tables/analysis_prior_coverage_20260714/analysis_metadata.json	
f	3804	figure_reproduction/source_data/Tables/analysis_prior_coverage_20260714/continuous_informativeness_association.csv	
f	17135	figure_reproduction/source_data/Tables/analysis_prior_coverage_20260714/coverage_interaction_summary.csv	
f	5506	figure_reproduction/source_data/Tables/analysis_prior_coverage_20260714/overall_paired_gain_summary.csv	
f	751965	figure_reproduction/source_data/Tables/analysis_prior_coverage_20260714/per_condition_seed_gains.csv	
f	248434	figure_reproduction/source_data/Tables/analysis_prior_coverage_20260714/per_condition_three_seed_mean_gains.csv	
d	288	figure_reproduction/source_data/Tables/condition_balanced_source_global_baseline_20260811	
f	1387	figure_reproduction/source_data/Tables/condition_balanced_source_global_baseline_20260811/README.md	
f	45916	figure_reproduction/source_data/Tables/condition_balanced_source_global_baseline_20260811/global_effect_vectors.npz	
f	634	figure_reproduction/source_data/Tables/condition_balanced_source_global_baseline_20260811/metadata.json	
f	45724	figure_reproduction/source_data/Tables/condition_balanced_source_global_baseline_20260811/source_condition_counts.csv	
f	1098	figure_reproduction/source_data/Tables/condition_balanced_source_global_baseline_20260811/summary_fixed2000_across_seeds.csv	
f	1308	figure_reproduction/source_data/Tables/condition_balanced_source_global_baseline_20260811/summary_fixed2000_per_seed.csv	
f	364	figure_reproduction/source_data/Tables/condition_balanced_source_global_baseline_20260811/summary_mean_only.csv	
d	160	figure_reproduction/source_data/Tables/k562_external_comparison_fixed2000_20260721	
f	1045	figure_reproduction/source_data/Tables/k562_external_comparison_fixed2000_20260721/README.md	
f	1847	figure_reproduction/source_data/Tables/k562_external_comparison_fixed2000_20260721/k562_fixed2000_complete_metrics.csv	
f	3031	figure_reproduction/source_data/Tables/k562_external_comparison_fixed2000_20260721/source_paths.csv	
f	493	figure_reproduction/source_data/Tables/known55_checkpoint_context_metrics.csv	
d	352	figure_reproduction/source_data/Tables/three_seed_validation_20260817	
f	1464	figure_reproduction/source_data/Tables/three_seed_validation_20260817/README.md	
f	235962	figure_reproduction/source_data/Tables/three_seed_validation_20260817/seed20260601_per_condition_metrics.csv	
f	2400	figure_reproduction/source_data/Tables/three_seed_validation_20260817/seed20260601_summary.json	
f	236830	figure_reproduction/source_data/Tables/three_seed_validation_20260817/seed20260713_per_condition_metrics.csv	
f	2411	figure_reproduction/source_data/Tables/three_seed_validation_20260817/seed20260713_summary.json	
f	236626	figure_reproduction/source_data/Tables/three_seed_validation_20260817/seed20260714_per_condition_metrics.csv	
f	2413	figure_reproduction/source_data/Tables/three_seed_validation_20260817/seed20260714_summary.json	
f	554	figure_reproduction/source_data/Tables/three_seed_validation_20260817/validation_paired_comparisons.csv	
f	663	figure_reproduction/source_data/Tables/three_seed_validation_20260817/validation_summary.csv	
d	384	manifest	
f	7304	manifest/baseline_run_evidence_20260904.json	
f	1998	manifest/baseline_runs.tsv	
f	96822	manifest/baseline_sources_20260904.json	
f	7971	manifest/experiments.tsv	
f	2498	manifest/portable_configs.tsv	
f	1206	manifest/prior_validation.tsv	
f	2010	manifest/result_sources.tsv	
f	7309	manifest/small_assets_20260904.json	
d	96	results	
d	128	results/baselines	
d	192	results/baselines/cross_cell_line	
d	288	results/baselines/cross_cell_line/STATE	
d	128	results/baselines/cross_cell_line/STATE/eval_state20k_k562_all1086_global_mean_fallback_20260720	
f	122750	results/baselines/cross_cell_line/STATE/eval_state20k_k562_all1086_global_mean_fallback_20260720/per_condition_metrics.csv	
f	257	results/baselines/cross_cell_line/STATE/eval_state20k_k562_all1086_global_mean_fallback_20260720/summary_metrics.csv	
d	128	results/baselines/cross_cell_line/STATE/eval_state20k_k562_allcovered_matchcounts_20260719	
f	2994	results/baselines/cross_cell_line/STATE/eval_state20k_k562_allcovered_matchcounts_20260719/config.yaml	
d	192	results/baselines/cross_cell_line/STATE/eval_state20k_k562_allcovered_matchcounts_20260719/metrics_non_gge	
f	144099	results/baselines/cross_cell_line/STATE/eval_state20k_k562_allcovered_matchcounts_20260719/metrics_non_gge/per_condition_metrics.csv	
f	2190	results/baselines/cross_cell_line/STATE/eval_state20k_k562_allcovered_matchcounts_20260719/metrics_non_gge/summary.json	
f	919	results/baselines/cross_cell_line/STATE/eval_state20k_k562_allcovered_matchcounts_20260719/metrics_non_gge/summary.tsv	
f	723	results/baselines/cross_cell_line/STATE/eval_state20k_k562_allcovered_matchcounts_20260719/metrics_non_gge/summary_by_source_coverage.csv	
d	128	results/baselines/cross_cell_line/STATE/eval_state20k_known55_fixed2000_20260719	
f	2994	results/baselines/cross_cell_line/STATE/eval_state20k_known55_fixed2000_20260719/config.yaml	
d	160	results/baselines/cross_cell_line/STATE/eval_state20k_known55_fixed2000_20260719/metrics_non_gge	
f	13912	results/baselines/cross_cell_line/STATE/eval_state20k_known55_fixed2000_20260719/metrics_non_gge/per_condition_metrics.csv	
f	2175	results/baselines/cross_cell_line/STATE/eval_state20k_known55_fixed2000_20260719/metrics_non_gge/summary.json	
f	915	results/baselines/cross_cell_line/STATE/eval_state20k_known55_fixed2000_20260719/metrics_non_gge/summary.tsv	
f	40	results/baselines/cross_cell_line/STATE/memory_summary.tsv	
f	31	results/baselines/cross_cell_line/STATE/result.tsv	
d	192	results/baselines/cross_cell_line/STATE/state_pathway3352_ddp2_bs8_steps30000_seed42	
f	2994	results/baselines/cross_cell_line/STATE/state_pathway3352_ddp2_bs8_steps30000_seed42/config.yaml	
d	192	results/baselines/cross_cell_line/STATE/state_pathway3352_ddp2_bs8_steps30000_seed42/eval_step_20000_known55_20260719	
f	4836	results/baselines/cross_cell_line/STATE/state_pathway3352_ddp2_bs8_steps30000_seed42/eval_step_20000_known55_20260719/known55_per_condition_metrics.csv	
f	678	results/baselines/cross_cell_line/STATE/state_pathway3352_ddp2_bs8_steps30000_seed42/eval_step_20000_known55_20260719/known55_summary.json	
f	336	results/baselines/cross_cell_line/STATE/state_pathway3352_ddp2_bs8_steps30000_seed42/eval_step_20000_known55_20260719/known55_summary.tsv	
d	128	results/baselines/cross_cell_line/STATE/state_pathway3352_ddp2_bs8_steps30000_seed42/eval_step_20000_known55_20260719/pra_csa	
f	10858	results/baselines/cross_cell_line/STATE/state_pathway3352_ddp2_bs8_steps30000_seed42/eval_step_20000_known55_20260719/pra_csa/per_condition_pra_csa.csv	
f	1985	results/baselines/cross_cell_line/STATE/state_pathway3352_ddp2_bs8_steps30000_seed42/eval_step_20000_known55_20260719/pra_csa/summary_pra_csa.json	
d	160	results/baselines/cross_cell_line/STATE/state_pathway3352_ddp2_bs8_steps30000_seed42/eval_step_30000_known55_20260719	
f	4841	results/baselines/cross_cell_line/STATE/state_pathway3352_ddp2_bs8_steps30000_seed42/eval_step_30000_known55_20260719/known55_per_condition_metrics.csv	
f	680	results/baselines/cross_cell_line/STATE/state_pathway3352_ddp2_bs8_steps30000_seed42/eval_step_30000_known55_20260719/known55_summary.json	
f	338	results/baselines/cross_cell_line/STATE/state_pathway3352_ddp2_bs8_steps30000_seed42/eval_step_30000_known55_20260719/known55_summary.tsv	
d	128	results/baselines/cross_cell_line/STATE/state_pathway3352_ddp2_bs8_steps30000_seed42/version_0	
f	29997	results/baselines/cross_cell_line/STATE/state_pathway3352_ddp2_bs8_steps30000_seed42/version_0/hparams.yaml	
f	94355	results/baselines/cross_cell_line/STATE/state_pathway3352_ddp2_bs8_steps30000_seed42/version_0/metrics.csv	
f	489409	results/baselines/cross_cell_line/STATE/state_pathway3352_ddp2_bs8_steps30000_seed42_gpu_memory.tsv	
d	96	results/baselines/cross_cell_line/STATE_generated	
d	160	results/baselines/cross_cell_line/STATE_generated/state20k_k562_allcovered_fixed2000_20260719	
f	2994	results/baselines/cross_cell_line/STATE_generated/state20k_k562_allcovered_fixed2000_20260719/config.yaml	
d	224	results/baselines/cross_cell_line/STATE_generated/state20k_k562_allcovered_fixed2000_20260719/metrics_extended_non_gge	
f	144616	results/baselines/cross_cell_line/STATE_generated/state20k_k562_allcovered_fixed2000_20260719/metrics_extended_non_gge/per_condition_metrics.csv	
f	11374	results/baselines/cross_cell_line/STATE_generated/state20k_k562_allcovered_fixed2000_20260719/metrics_extended_non_gge/per_condition_top100_de_overlap.csv	
f	2204	results/baselines/cross_cell_line/STATE_generated/state20k_k562_allcovered_fixed2000_20260719/metrics_extended_non_gge/summary.json	
f	924	results/baselines/cross_cell_line/STATE_generated/state20k_k562_allcovered_fixed2000_20260719/metrics_extended_non_gge/summary.tsv	
f	238	results/baselines/cross_cell_line/STATE_generated/state20k_k562_allcovered_fixed2000_20260719/metrics_extended_non_gge/summary_top100_de_overlap.json	
d	160	results/baselines/cross_cell_line/STATE_generated/state20k_k562_allcovered_fixed2000_20260719/metrics_means_non_gge	
f	53075	results/baselines/cross_cell_line/STATE_generated/state20k_k562_allcovered_fixed2000_20260719/metrics_means_non_gge/per_condition_metrics.csv	
f	731	results/baselines/cross_cell_line/STATE_generated/state20k_k562_allcovered_fixed2000_20260719/metrics_means_non_gge/summary.json	
f	337	results/baselines/cross_cell_line/STATE_generated/state20k_k562_allcovered_fixed2000_20260719/metrics_means_non_gge/summary.tsv	
d	320	results/baselines/cross_cell_line/TxPert	
d	96	results/baselines/cross_cell_line/TxPert/frangieh_overlap45_match_txpert4000_geneplusctrl_v1_official_cell_gat_predict_v1	
d	160	results/baselines/cross_cell_line/TxPert/frangieh_overlap45_match_txpert4000_geneplusctrl_v1_official_cell_gat_predict_v1/eval_match_counts_our_corr	
f	12648	results/baselines/cross_cell_line/TxPert/frangieh_overlap45_match_txpert4000_geneplusctrl_v1_official_cell_gat_predict_v1/eval_match_counts_our_corr/compare_txpert_vs_ours.csv	
f	6565	results/baselines/cross_cell_line/TxPert/frangieh_overlap45_match_txpert4000_geneplusctrl_v1_official_cell_gat_predict_v1/eval_match_counts_our_corr/per_condition_metrics.csv	
f	1754	results/baselines/cross_cell_line/TxPert/frangieh_overlap45_match_txpert4000_geneplusctrl_v1_official_cell_gat_predict_v1/eval_match_counts_our_corr/summary.json	
d	160	results/baselines/cross_cell_line/TxPert/scplad_xcell_clean_quick100_k562heldout_officialorder_geneplusctrl_v1_official_cell_gat_predict_v1	
d	128	results/baselines/cross_cell_line/TxPert/scplad_xcell_clean_quick100_k562heldout_officialorder_geneplusctrl_v1_official_cell_gat_predict_v1/eval_k562_known55_match_counts_pra_csa_global_ctrl_from_scplad_bench	
f	9671	results/baselines/cross_cell_line/TxPert/scplad_xcell_clean_quick100_k562heldout_officialorder_geneplusctrl_v1_official_cell_gat_predict_v1/eval_k562_known55_match_counts_pra_csa_global_ctrl_from_scplad_bench/per_condition_pra_csa.csv	
f	1992	results/baselines/cross_cell_line/TxPert/scplad_xcell_clean_quick100_k562heldout_officialorder_geneplusctrl_v1_official_cell_gat_predict_v1/eval_k562_known55_match_counts_pra_csa_global_ctrl_from_scplad_bench/summary_pra_csa.json	
d	128	results/baselines/cross_cell_line/TxPert/scplad_xcell_clean_quick100_k562heldout_officialorder_geneplusctrl_v1_official_cell_gat_predict_v1/eval_our_corr_match_counts_global_ctrl	
f	9019	results/baselines/cross_cell_line/TxPert/scplad_xcell_clean_quick100_k562heldout_officialorder_geneplusctrl_v1_official_cell_gat_predict_v1/eval_our_corr_match_counts_global_ctrl/per_condition_metrics.csv	
f	699	results/baselines/cross_cell_line/TxPert/scplad_xcell_clean_quick100_k562heldout_officialorder_geneplusctrl_v1_official_cell_gat_predict_v1/eval_our_corr_match_counts_global_ctrl/summary.json	
d	128	results/baselines/cross_cell_line/TxPert/scplad_xcell_clean_quick100_k562heldout_officialorder_geneplusctrl_v1_official_cell_gat_predict_v1/eval_our_corr_match_counts_matched_ctrl	
f	9015	results/baselines/cross_cell_line/TxPert/scplad_xcell_clean_quick100_k562heldout_officialorder_geneplusctrl_v1_official_cell_gat_predict_v1/eval_our_corr_match_counts_matched_ctrl/per_condition_metrics.csv	
f	700	results/baselines/cross_cell_line/TxPert/scplad_xcell_clean_quick100_k562heldout_officialorder_geneplusctrl_v1_official_cell_gat_predict_v1/eval_our_corr_match_counts_matched_ctrl/summary.json	
d	128	results/baselines/cross_cell_line/TxPert/scplad_xcell_clean_quick100_k562heldout_officialorder_v1_official_cell_gat_predict_v1	
d	128	results/baselines/cross_cell_line/TxPert/scplad_xcell_clean_quick100_k562heldout_officialorder_v1_official_cell_gat_predict_v1/eval_our_corr_match_counts	
f	9298	results/baselines/cross_cell_line/TxPert/scplad_xcell_clean_quick100_k562heldout_officialorder_v1_official_cell_gat_predict_v1/eval_our_corr_match_counts/per_condition_metrics.csv	
f	694	results/baselines/cross_cell_line/TxPert/scplad_xcell_clean_quick100_k562heldout_officialorder_v1_official_cell_gat_predict_v1/eval_our_corr_match_counts/summary.json	
d	128	results/baselines/cross_cell_line/TxPert/scplad_xcell_clean_quick100_k562heldout_officialorder_v1_official_cell_gat_predict_v1/eval_our_corr_match_counts_global_ctrl	
f	9299	results/baselines/cross_cell_line/TxPert/scplad_xcell_clean_quick100_k562heldout_officialorder_v1_official_cell_gat_predict_v1/eval_our_corr_match_counts_global_ctrl/per_condition_metrics.csv	
f	687	results/baselines/cross_cell_line/TxPert/scplad_xcell_clean_quick100_k562heldout_officialorder_v1_official_cell_gat_predict_v1/eval_our_corr_match_counts_global_ctrl/summary.json	
d	256	results/baselines/cross_cell_line/TxPert/scplad_xcell_k562_all_fixed2000_officialorder_geneplusctrl_v1_official_cell_gat_predict_v1	
d	128	results/baselines/cross_cell_line/TxPert/scplad_xcell_k562_all_fixed2000_officialorder_geneplusctrl_v1_official_cell_gat_predict_v1/condition_npy	
f	1119	results/baselines/cross_cell_line/TxPert/scplad_xcell_k562_all_fixed2000_officialorder_geneplusctrl_v1_official_cell_gat_predict_v1/condition_npy/conversion_summary.json	
f	195589	results/baselines/cross_cell_line/TxPert/scplad_xcell_k562_all_fixed2000_officialorder_geneplusctrl_v1_official_cell_gat_predict_v1/condition_npy/prediction_counts.csv	
d	128	results/baselines/cross_cell_line/TxPert/scplad_xcell_k562_all_fixed2000_officialorder_geneplusctrl_v1_official_cell_gat_predict_v1/csa_top100_true_de_metrics	
f	134777	results/baselines/cross_cell_line/TxPert/scplad_xcell_k562_all_fixed2000_officialorder_geneplusctrl_v1_official_cell_gat_predict_v1/csa_top100_true_de_metrics/per_condition_csa.csv	
f	1037	results/baselines/cross_cell_line/TxPert/scplad_xcell_k562_all_fixed2000_officialorder_geneplusctrl_v1_official_cell_gat_predict_v1/csa_top100_true_de_metrics/summary_csa.json	
d	128	results/baselines/cross_cell_line/TxPert/scplad_xcell_k562_all_fixed2000_officialorder_geneplusctrl_v1_official_cell_gat_predict_v1/eval_known55_pra_csa_same55	
f	11764	results/baselines/cross_cell_line/TxPert/scplad_xcell_k562_all_fixed2000_officialorder_geneplusctrl_v1_official_cell_gat_predict_v1/eval_known55_pra_csa_same55/per_condition_pra_csa.csv	
f	1981	results/baselines/cross_cell_line/TxPert/scplad_xcell_k562_all_fixed2000_officialorder_geneplusctrl_v1_official_cell_gat_predict_v1/eval_known55_pra_csa_same55/summary_pra_csa.json	
d	128	results/baselines/cross_cell_line/TxPert/scplad_xcell_k562_all_fixed2000_officialorder_geneplusctrl_v1_official_cell_gat_predict_v1/native_extended_metrics	
f	309510	results/baselines/cross_cell_line/TxPert/scplad_xcell_k562_all_fixed2000_officialorder_geneplusctrl_v1_official_cell_gat_predict_v1/native_extended_metrics/per_condition_metrics.csv	
f	2196	results/baselines/cross_cell_line/TxPert/scplad_xcell_k562_all_fixed2000_officialorder_geneplusctrl_v1_official_cell_gat_predict_v1/native_extended_metrics/summary_metrics.json	
d	128	results/baselines/cross_cell_line/TxPert/scplad_xcell_k562_all_fixed2000_officialorder_geneplusctrl_v1_official_cell_gat_predict_v1/pra_q10_q90_metrics	
f	198214	results/baselines/cross_cell_line/TxPert/scplad_xcell_k562_all_fixed2000_officialorder_geneplusctrl_v1_official_cell_gat_predict_v1/pra_q10_q90_metrics/per_condition_pra.csv	
f	1498	results/baselines/cross_cell_line/TxPert/scplad_xcell_k562_all_fixed2000_officialorder_geneplusctrl_v1_official_cell_gat_predict_v1/pra_q10_q90_metrics/summary_pra.json	
d	160	results/baselines/cross_cell_line/TxPert/scplad_xcell_k562_all_fixed2000_officialorder_geneplusctrl_v1_official_cell_gat_predict_v1/tf_activity_trrust_unknown0	
f	190952	results/baselines/cross_cell_line/TxPert/scplad_xcell_k562_all_fixed2000_officialorder_geneplusctrl_v1_official_cell_gat_predict_v1/tf_activity_trrust_unknown0/per_condition_tf_activity_trrust.csv	
f	1726	results/baselines/cross_cell_line/TxPert/scplad_xcell_k562_all_fixed2000_officialorder_geneplusctrl_v1_official_cell_gat_predict_v1/tf_activity_trrust_unknown0/summary_tf_activity_trrust.json	
f	1052	results/baselines/cross_cell_line/TxPert/scplad_xcell_k562_all_fixed2000_officialorder_geneplusctrl_v1_official_cell_gat_predict_v1/tf_activity_trrust_unknown0/trrust_tf_metadata.csv	
d	128	results/baselines/cross_cell_line/TxPert/scplad_xcell_known55_source_celllines_gat_retrain320k_last_v1	
d	128	results/baselines/cross_cell_line/TxPert/scplad_xcell_known55_source_celllines_gat_retrain320k_last_v1/eval_known55_source_celllines_global_and_matched_ctrl	
f	19150	results/baselines/cross_cell_line/TxPert/scplad_xcell_known55_source_celllines_gat_retrain320k_last_v1/eval_known55_source_celllines_global_and_matched_ctrl/per_condition_cellline_txpert_corr.csv	
f	1915	results/baselines/cross_cell_line/TxPert/scplad_xcell_known55_source_celllines_gat_retrain320k_last_v1/eval_known55_source_celllines_global_and_matched_ctrl/summary_txpert_corr.json	
d	128	results/baselines/cross_cell_line/TxPert/scplad_xcell_known55_source_celllines_gat_retrain320k_last_v1/eval_known55_source_celllines_pra_csa_global_ctrl	
f	24891	results/baselines/cross_cell_line/TxPert/scplad_xcell_known55_source_celllines_gat_retrain320k_last_v1/eval_known55_source_celllines_pra_csa_global_ctrl/per_condition_cellline_pra_csa.csv	
f	1578	results/baselines/cross_cell_line/TxPert/scplad_xcell_known55_source_celllines_gat_retrain320k_last_v1/eval_known55_source_celllines_pra_csa_global_ctrl/summary_pra_csa.json	
d	256	results/baselines/cross_cell_line/TxPert/scplad_xcell_random50_known_source_celllines_gat_retrain320k_last_v1	
d	224	results/baselines/cross_cell_line/TxPert/scplad_xcell_random50_known_source_celllines_gat_retrain320k_last_v1/eval_random50_match_counts_pra_csa	
f	717	results/baselines/cross_cell_line/TxPert/scplad_xcell_random50_known_source_celllines_gat_retrain320k_last_v1/eval_random50_match_counts_pra_csa/compare_scplad1000k_txpert.csv	
f	26091	results/baselines/cross_cell_line/TxPert/scplad_xcell_random50_known_source_celllines_gat_retrain320k_last_v1/eval_random50_match_counts_pra_csa/per_condition_cellline_pra_csa.csv	
f	2336	results/baselines/cross_cell_line/TxPert/scplad_xcell_random50_known_source_celllines_gat_retrain320k_last_v1/eval_random50_match_counts_pra_csa/selected_pairs_all.csv	
f	5660	results/baselines/cross_cell_line/TxPert/scplad_xcell_random50_known_source_celllines_gat_retrain320k_last_v1/eval_random50_match_counts_pra_csa/summary_pra_csa.json	
f	2342	results/baselines/cross_cell_line/TxPert/scplad_xcell_random50_known_source_celllines_gat_retrain320k_last_v1/eval_random50_match_counts_pra_csa/summary_pra_csa_table.csv	
f	291	results/baselines/cross_cell_line/TxPert/scplad_xcell_random50_known_source_celllines_gat_retrain320k_last_v1/prepared_task_types.csv	
f	752	results/baselines/cross_cell_line/TxPert/scplad_xcell_random50_known_source_celllines_gat_retrain320k_last_v1/selected_pairs_RPE1.csv	
f	2336	results/baselines/cross_cell_line/TxPert/scplad_xcell_random50_known_source_celllines_gat_retrain320k_last_v1/selected_pairs_all.csv	
f	798	results/baselines/cross_cell_line/TxPert/scplad_xcell_random50_known_source_celllines_gat_retrain320k_last_v1/selected_pairs_hepg2.csv	
f	852	results/baselines/cross_cell_line/TxPert/scplad_xcell_random50_known_source_celllines_gat_retrain320k_last_v1/selected_pairs_jurkat.csv	
d	160	results/baselines/cross_cell_line/TxPert/txpert_mean_delta_control100_known55_k562_v1	
f	2023	results/baselines/cross_cell_line/TxPert/txpert_mean_delta_control100_known55_k562_v1/build_metadata.json	
d	128	results/baselines/cross_cell_line/TxPert/txpert_mean_delta_control100_known55_k562_v1/eval_known55_pra_csa	
f	12077	results/baselines/cross_cell_line/TxPert/txpert_mean_delta_control100_known55_k562_v1/eval_known55_pra_csa/per_condition_pra_csa.csv	
f	1931	results/baselines/cross_cell_line/TxPert/txpert_mean_delta_control100_known55_k562_v1/eval_known55_pra_csa/summary_pra_csa.json	
f	4063	results/baselines/cross_cell_line/TxPert/txpert_mean_delta_control100_known55_k562_v1/generated_conditions.csv	
d	160	results/baselines/cross_cell_line/TxPert/txpert_mean_delta_control2000_known55_k562_v1	
f	20969	results/baselines/cross_cell_line/TxPert/txpert_mean_delta_control2000_known55_k562_v1/build_metadata.json	
d	128	results/baselines/cross_cell_line/TxPert/txpert_mean_delta_control2000_known55_k562_v1/eval_known55_pra_csa	
f	12007	results/baselines/cross_cell_line/TxPert/txpert_mean_delta_control2000_known55_k562_v1/eval_known55_pra_csa/per_condition_pra_csa.csv	
f	1928	results/baselines/cross_cell_line/TxPert/txpert_mean_delta_control2000_known55_k562_v1/eval_known55_pra_csa/summary_pra_csa.json	
f	4108	results/baselines/cross_cell_line/TxPert/txpert_mean_delta_control2000_known55_k562_v1/generated_conditions.csv	
d	160	results/baselines/cross_cell_line/direct_source_perturbation_expression_allcells_20260719_v1	
d	128	results/baselines/cross_cell_line/direct_source_perturbation_expression_allcells_20260719_v1/direct_source_expression	
d	160	results/baselines/cross_cell_line/direct_source_perturbation_expression_allcells_20260719_v1/direct_source_expression/basic_metrics	
f	2369	results/baselines/cross_cell_line/direct_source_perturbation_expression_allcells_20260719_v1/direct_source_expression/basic_metrics/metrics_by_source_coverage.csv	
f	123021	results/baselines/cross_cell_line/direct_source_perturbation_expression_allcells_20260719_v1/direct_source_expression/basic_metrics/per_condition_basic_metrics.csv	
f	482	results/baselines/cross_cell_line/direct_source_perturbation_expression_allcells_20260719_v1/direct_source_expression/basic_metrics/summary_basic_metrics.json	
d	128	results/baselines/cross_cell_line/direct_source_perturbation_expression_allcells_20260719_v1/direct_source_expression/csa_top100_true_de_metrics	
f	59921	results/baselines/cross_cell_line/direct_source_perturbation_expression_allcells_20260719_v1/direct_source_expression/csa_top100_true_de_metrics/per_condition_csa.csv	
f	1003	results/baselines/cross_cell_line/direct_source_perturbation_expression_allcells_20260719_v1/direct_source_expression/csa_top100_true_de_metrics/summary_csa.json	
f	357	results/baselines/cross_cell_line/direct_source_perturbation_expression_allcells_20260719_v1/generation_summary.json	
f	48817	results/baselines/cross_cell_line/direct_source_perturbation_expression_allcells_20260719_v1/prediction_manifest.csv	
d	224	results/baselines/k562_only	
d	352	results/baselines/k562_only/CellFlow	
d	128	results/baselines/k562_only/CellFlow/gge_pca50_three_metrics_part0	
f	1106	results/baselines/k562_only/CellFlow/gge_pca50_three_metrics_part0/aggregate_gge_metrics.json	
f	5376	results/baselines/k562_only/CellFlow/gge_pca50_three_metrics_part0/per_condition_gge_metrics.csv	
d	128	results/baselines/k562_only/CellFlow/gge_pca50_three_metrics_part1	
f	1111	results/baselines/k562_only/CellFlow/gge_pca50_three_metrics_part1/aggregate_gge_metrics.json	
f	5373	results/baselines/k562_only/CellFlow/gge_pca50_three_metrics_part1/per_condition_gge_metrics.csv	
d	128	results/baselines/k562_only/CellFlow/gge_pca50_three_metrics_part2	
f	1112	results/baselines/k562_only/CellFlow/gge_pca50_three_metrics_part2/aggregate_gge_metrics.json	
f	5324	results/baselines/k562_only/CellFlow/gge_pca50_three_metrics_part2/per_condition_gge_metrics.csv	
d	128	results/baselines/k562_only/CellFlow/gge_pca50_three_metrics_part3	
f	1109	results/baselines/k562_only/CellFlow/gge_pca50_three_metrics_part3/aggregate_gge_metrics.json	
f	5319	results/baselines/k562_only/CellFlow/gge_pca50_three_metrics_part3/per_condition_gge_metrics.csv	
d	128	results/baselines/k562_only/CellFlow/native_extended_metrics	
f	54730	results/baselines/k562_only/CellFlow/native_extended_metrics/per_condition_metrics.csv	
f	1726	results/baselines/k562_only/CellFlow/native_extended_metrics/summary_metrics.json	
f	25118	results/baselines/k562_only/CellFlow/per_condition_metrics.csv	
d	128	results/baselines/k562_only/CellFlow/pra_csa_metrics	
f	53474	results/baselines/k562_only/CellFlow/pra_csa_metrics/per_condition_pra_csa.csv	
f	1435	results/baselines/k562_only/CellFlow/pra_csa_metrics/summary_pra_csa.json	
d	128	results/baselines/k562_only/CellFlow/pra_q10_q90_metrics	
f	43389	results/baselines/k562_only/CellFlow/pra_q10_q90_metrics/per_condition_pra.csv	
f	1241	results/baselines/k562_only/CellFlow/pra_q10_q90_metrics/summary_pra.json	
f	537	results/baselines/k562_only/CellFlow/summary_metrics.json	
d	384	results/baselines/k562_only/GEARS	
d	128	results/baselines/k562_only/GEARS/gge_pca50_three_metrics_fixed2000_merged	
f	1678	results/baselines/k562_only/GEARS/gge_pca50_three_metrics_fixed2000_merged/aggregate_gge_metrics.json	
f	22171	results/baselines/k562_only/GEARS/gge_pca50_three_metrics_fixed2000_merged/per_condition_gge_metrics.csv	
d	128	results/baselines/k562_only/GEARS/gge_pca50_three_metrics_fixed2000_part0	
f	1109	results/baselines/k562_only/GEARS/gge_pca50_three_metrics_fixed2000_part0/aggregate_gge_metrics.json	
f	2884	results/baselines/k562_only/GEARS/gge_pca50_three_metrics_fixed2000_part0/per_condition_gge_metrics.csv	
d	128	results/baselines/k562_only/GEARS/gge_pca50_three_metrics_fixed2000_part1	
f	1107	results/baselines/k562_only/GEARS/gge_pca50_three_metrics_fixed2000_part1/aggregate_gge_metrics.json	
f	2887	results/baselines/k562_only/GEARS/gge_pca50_three_metrics_fixed2000_part1/per_condition_gge_metrics.csv	
d	128	results/baselines/k562_only/GEARS/gge_pca50_three_metrics_fixed2000_part2	
f	1108	results/baselines/k562_only/GEARS/gge_pca50_three_metrics_fixed2000_part2/aggregate_gge_metrics.json	
f	2891	results/baselines/k562_only/GEARS/gge_pca50_three_metrics_fixed2000_part2/per_condition_gge_metrics.csv	
d	128	results/baselines/k562_only/GEARS/gge_pca50_three_metrics_fixed2000_part3	
f	1108	results/baselines/k562_only/GEARS/gge_pca50_three_metrics_fixed2000_part3/aggregate_gge_metrics.json	
f	2896	results/baselines/k562_only/GEARS/gge_pca50_three_metrics_fixed2000_part3/per_condition_gge_metrics.csv	
d	128	results/baselines/k562_only/GEARS/gge_pca50_three_metrics_fixed2000_part4	
f	1110	results/baselines/k562_only/GEARS/gge_pca50_three_metrics_fixed2000_part4/aggregate_gge_metrics.json	
f	2889	results/baselines/k562_only/GEARS/gge_pca50_three_metrics_fixed2000_part4/per_condition_gge_metrics.csv	
d	128	results/baselines/k562_only/GEARS/gge_pca50_three_metrics_fixed2000_part5	
f	1096	results/baselines/k562_only/GEARS/gge_pca50_three_metrics_fixed2000_part5/aggregate_gge_metrics.json	
f	2881	results/baselines/k562_only/GEARS/gge_pca50_three_metrics_fixed2000_part5/per_condition_gge_metrics.csv	
d	128	results/baselines/k562_only/GEARS/gge_pca50_three_metrics_fixed2000_part6	
f	1111	results/baselines/k562_only/GEARS/gge_pca50_three_metrics_fixed2000_part6/aggregate_gge_metrics.json	
f	2881	results/baselines/k562_only/GEARS/gge_pca50_three_metrics_fixed2000_part6/per_condition_gge_metrics.csv	
d	128	results/baselines/k562_only/GEARS/gge_pca50_three_metrics_fixed2000_part7	
f	1107	results/baselines/k562_only/GEARS/gge_pca50_three_metrics_fixed2000_part7/aggregate_gge_metrics.json	
f	2861	results/baselines/k562_only/GEARS/gge_pca50_three_metrics_fixed2000_part7/per_condition_gge_metrics.csv	
d	128	results/baselines/k562_only/GEARS/native_eval	
d	128	results/baselines/k562_only/GEARS/native_eval/native_extended_metrics	
f	54408	results/baselines/k562_only/GEARS/native_eval/native_extended_metrics/per_condition_metrics.csv	
f	1728	results/baselines/k562_only/GEARS/native_eval/native_extended_metrics/summary_metrics.json	
d	128	results/baselines/k562_only/GEARS/native_eval/pra_q10_q90_metrics	
f	23018	results/baselines/k562_only/GEARS/native_eval/pra_q10_q90_metrics/per_condition_pra.csv	
f	1017	results/baselines/k562_only/GEARS/native_eval/pra_q10_q90_metrics/summary_pra.json	
d	192	results/baselines/k562_only/GO_nearest_5	
d	224	results/baselines/k562_only/GO_nearest_5/gge_fixed2000_r1_skipw2_chunks	
d	160	results/baselines/k562_only/GO_nearest_5/gge_fixed2000_r1_skipw2_chunks/chunk0	
f	2034	results/baselines/k562_only/GO_nearest_5/gge_fixed2000_r1_skipw2_chunks/chunk0/aggregate_gge_metrics.json	
f	7043	results/baselines/k562_only/GO_nearest_5/gge_fixed2000_r1_skipw2_chunks/chunk0/per_condition_gge_metrics.csv	
f	6914	results/baselines/k562_only/GO_nearest_5/gge_fixed2000_r1_skipw2_chunks/chunk0/per_repeat_gge_metrics.csv	
d	160	results/baselines/k562_only/GO_nearest_5/gge_fixed2000_r1_skipw2_chunks/chunk1	
f	2032	results/baselines/k562_only/GO_nearest_5/gge_fixed2000_r1_skipw2_chunks/chunk1/aggregate_gge_metrics.json	
f	7026	results/baselines/k562_only/GO_nearest_5/gge_fixed2000_r1_skipw2_chunks/chunk1/per_condition_gge_metrics.csv	
f	6897	results/baselines/k562_only/GO_nearest_5/gge_fixed2000_r1_skipw2_chunks/chunk1/per_repeat_gge_metrics.csv	
d	160	results/baselines/k562_only/GO_nearest_5/gge_fixed2000_r1_skipw2_chunks/chunk2	
f	2030	results/baselines/k562_only/GO_nearest_5/gge_fixed2000_r1_skipw2_chunks/chunk2/aggregate_gge_metrics.json	
f	7012	results/baselines/k562_only/GO_nearest_5/gge_fixed2000_r1_skipw2_chunks/chunk2/per_condition_gge_metrics.csv	
f	6883	results/baselines/k562_only/GO_nearest_5/gge_fixed2000_r1_skipw2_chunks/chunk2/per_repeat_gge_metrics.csv	
d	160	results/baselines/k562_only/GO_nearest_5/gge_fixed2000_r1_skipw2_chunks/chunk3	
f	2032	results/baselines/k562_only/GO_nearest_5/gge_fixed2000_r1_skipw2_chunks/chunk3/aggregate_gge_metrics.json	
f	7017	results/baselines/k562_only/GO_nearest_5/gge_fixed2000_r1_skipw2_chunks/chunk3/per_condition_gge_metrics.csv	
f	6888	results/baselines/k562_only/GO_nearest_5/gge_fixed2000_r1_skipw2_chunks/chunk3/per_repeat_gge_metrics.csv	
f	1814	results/baselines/k562_only/GO_nearest_5/gge_fixed2000_r1_skipw2_chunks/pids.json	
d	160	results/baselines/k562_only/GO_nearest_5/gge_fixed2000_r1_skipw2_merged	
f	1846	results/baselines/k562_only/GO_nearest_5/gge_fixed2000_r1_skipw2_merged/aggregate_gge_metrics.json	
f	27044	results/baselines/k562_only/GO_nearest_5/gge_fixed2000_r1_skipw2_merged/per_condition_gge_metrics.csv	
f	26507	results/baselines/k562_only/GO_nearest_5/gge_fixed2000_r1_skipw2_merged/per_repeat_gge_metrics.csv	
f	16705	results/baselines/k562_only/GO_nearest_5/nearest_neighbor_metadata.csv	
f	430	results/baselines/k562_only/GO_nearest_5/summary.json	
d	576	results/baselines/k562_only/Scouter	
d	128	results/baselines/k562_only/Scouter/csa_top100_true_de_metrics	
f	28826	results/baselines/k562_only/Scouter/csa_top100_true_de_metrics/per_condition_csa.csv	
f	747	results/baselines/k562_only/Scouter/csa_top100_true_de_metrics/summary_csa.json	
f	2186	results/baselines/k562_only/Scouter/generation_summary.json	
d	128	results/baselines/k562_only/Scouter/gge_pca50_three_metrics_merged	
f	1222	results/baselines/k562_only/Scouter/gge_pca50_three_metrics_merged/aggregate_gge_metrics.json	
f	20812	results/baselines/k562_only/Scouter/gge_pca50_three_metrics_merged/per_condition_gge_metrics.csv	
d	128	results/baselines/k562_only/Scouter/gge_pca50_three_metrics_part0	
f	1109	results/baselines/k562_only/Scouter/gge_pca50_three_metrics_part0/aggregate_gge_metrics.json	
f	5338	results/baselines/k562_only/Scouter/gge_pca50_three_metrics_part0/per_condition_gge_metrics.csv	
d	128	results/baselines/k562_only/Scouter/gge_pca50_three_metrics_part1	
f	1111	results/baselines/k562_only/Scouter/gge_pca50_three_metrics_part1/aggregate_gge_metrics.json	
f	5341	results/baselines/k562_only/Scouter/gge_pca50_three_metrics_part1/per_condition_gge_metrics.csv	
d	128	results/baselines/k562_only/Scouter/gge_pca50_three_metrics_part2	
f	1112	results/baselines/k562_only/Scouter/gge_pca50_three_metrics_part2/aggregate_gge_metrics.json	
f	5298	results/baselines/k562_only/Scouter/gge_pca50_three_metrics_part2/per_condition_gge_metrics.csv	
d	128	results/baselines/k562_only/Scouter/gge_pca50_three_metrics_part3	
f	1109	results/baselines/k562_only/Scouter/gge_pca50_three_metrics_part3/aggregate_gge_metrics.json	
f	5306	results/baselines/k562_only/Scouter/gge_pca50_three_metrics_part3/per_condition_gge_metrics.csv	
f	1217	results/baselines/k562_only/Scouter/go_checkpoint_simple_gge_trend.csv	
d	128	results/baselines/k562_only/Scouter/native_corr_metrics	
f	24955	results/baselines/k562_only/Scouter/native_corr_metrics/per_condition_native_corr.csv	
f	920	results/baselines/k562_only/Scouter/native_corr_metrics/summary_native_corr.json	
d	128	results/baselines/k562_only/Scouter/native_extended_metrics	
f	54043	results/baselines/k562_only/Scouter/native_extended_metrics/per_condition_metrics.csv	
f	1726	results/baselines/k562_only/Scouter/native_extended_metrics/summary_metrics.json	
d	128	results/baselines/k562_only/Scouter/pra_q10_q90_metrics	
f	46806	results/baselines/k562_only/Scouter/pra_q10_q90_metrics/per_condition_pra.csv	
f	1266	results/baselines/k562_only/Scouter/pra_q10_q90_metrics/summary_pra.json	
f	40639	results/baselines/k562_only/Scouter/prediction_manifest.csv	
f	1148	results/baselines/k562_only/Scouter/scouter_extended_metric_summary.csv	
f	744	results/baselines/k562_only/Scouter/scouter_reference_comparison_condition_mean.csv	
f	1922	results/baselines/k562_only/Scouter/scouter_vs_scplad_go1300_extended_comparison.csv	
f	2300	results/baselines/k562_only/Scouter/scouter_vs_scplad_go1300_extended_comparison_with_csa.csv	
d	192	results/baselines/k562_only/TxPert	
d	128	results/baselines/k562_only/TxPert/csa_top100_true_de_metrics	
f	30019	results/baselines/k562_only/TxPert/csa_top100_true_de_metrics/per_condition_csa.csv	
f	836	results/baselines/k562_only/TxPert/csa_top100_true_de_metrics/summary_csa.json	
d	352	results/baselines/k562_only/TxPert/gge_pca50_three_metrics_fixed2000	
d	128	results/baselines/k562_only/TxPert/gge_pca50_three_metrics_fixed2000/merged	
f	610	results/baselines/k562_only/TxPert/gge_pca50_three_metrics_fixed2000/merged/aggregate_gge_metrics.json	
f	55191	results/baselines/k562_only/TxPert/gge_pca50_three_metrics_fixed2000/merged/per_condition_gge_metrics.csv	
d	160	results/baselines/k562_only/TxPert/gge_pca50_three_metrics_fixed2000/part0	
f	1968	results/baselines/k562_only/TxPert/gge_pca50_three_metrics_fixed2000/part0/aggregate_gge_metrics.json	
f	7140	results/baselines/k562_only/TxPert/gge_pca50_three_metrics_fixed2000/part0/per_condition_gge_metrics.csv	
f	7011	results/baselines/k562_only/TxPert/gge_pca50_three_metrics_fixed2000/part0/per_repeat_gge_metrics.csv	
d	160	results/baselines/k562_only/TxPert/gge_pca50_three_metrics_fixed2000/part1	
f	1977	results/baselines/k562_only/TxPert/gge_pca50_three_metrics_fixed2000/part1/aggregate_gge_metrics.json	
f	7144	results/baselines/k562_only/TxPert/gge_pca50_three_metrics_fixed2000/part1/per_condition_gge_metrics.csv	
f	7015	results/baselines/k562_only/TxPert/gge_pca50_three_metrics_fixed2000/part1/per_repeat_gge_metrics.csv	
d	160	results/baselines/k562_only/TxPert/gge_pca50_three_metrics_fixed2000/part2	
f	1977	results/baselines/k562_only/TxPert/gge_pca50_three_metrics_fixed2000/part2/aggregate_gge_metrics.json	
f	7110	results/baselines/k562_only/TxPert/gge_pca50_three_metrics_fixed2000/part2/per_condition_gge_metrics.csv	
f	6981	results/baselines/k562_only/TxPert/gge_pca50_three_metrics_fixed2000/part2/per_repeat_gge_metrics.csv	
d	160	results/baselines/k562_only/TxPert/gge_pca50_three_metrics_fixed2000/part3	
f	1969	results/baselines/k562_only/TxPert/gge_pca50_three_metrics_fixed2000/part3/aggregate_gge_metrics.json	
f	7130	results/baselines/k562_only/TxPert/gge_pca50_three_metrics_fixed2000/part3/per_condition_gge_metrics.csv	
f	7001	results/baselines/k562_only/TxPert/gge_pca50_three_metrics_fixed2000/part3/per_repeat_gge_metrics.csv	
d	160	results/baselines/k562_only/TxPert/gge_pca50_three_metrics_fixed2000/part4	
f	1974	results/baselines/k562_only/TxPert/gge_pca50_three_metrics_fixed2000/part4/aggregate_gge_metrics.json	
f	7145	results/baselines/k562_only/TxPert/gge_pca50_three_metrics_fixed2000/part4/per_condition_gge_metrics.csv	
f	7016	results/baselines/k562_only/TxPert/gge_pca50_three_metrics_fixed2000/part4/per_repeat_gge_metrics.csv	
d	160	results/baselines/k562_only/TxPert/gge_pca50_three_metrics_fixed2000/part5	
f	1977	results/baselines/k562_only/TxPert/gge_pca50_three_metrics_fixed2000/part5/aggregate_gge_metrics.json	
f	7119	results/baselines/k562_only/TxPert/gge_pca50_three_metrics_fixed2000/part5/per_condition_gge_metrics.csv	
f	6990	results/baselines/k562_only/TxPert/gge_pca50_three_metrics_fixed2000/part5/per_repeat_gge_metrics.csv	
d	160	results/baselines/k562_only/TxPert/gge_pca50_three_metrics_fixed2000/part6	
f	1975	results/baselines/k562_only/TxPert/gge_pca50_three_metrics_fixed2000/part6/aggregate_gge_metrics.json	
f	7146	results/baselines/k562_only/TxPert/gge_pca50_three_metrics_fixed2000/part6/per_condition_gge_metrics.csv	
f	7017	results/baselines/k562_only/TxPert/gge_pca50_three_metrics_fixed2000/part6/per_repeat_gge_metrics.csv	
d	160	results/baselines/k562_only/TxPert/gge_pca50_three_metrics_fixed2000/part7	
f	1970	results/baselines/k562_only/TxPert/gge_pca50_three_metrics_fixed2000/part7/aggregate_gge_metrics.json	
f	7124	results/baselines/k562_only/TxPert/gge_pca50_three_metrics_fixed2000/part7/per_condition_gge_metrics.csv	
f	6995	results/baselines/k562_only/TxPert/gge_pca50_three_metrics_fixed2000/part7/per_repeat_gge_metrics.csv	
d	128	results/baselines/k562_only/TxPert/native_extended_metrics	
f	54112	results/baselines/k562_only/TxPert/native_extended_metrics/per_condition_metrics.csv	
f	1720	results/baselines/k562_only/TxPert/native_extended_metrics/summary_metrics.json	
d	128	results/baselines/k562_only/TxPert/pra_q10_q90_metrics	
f	44719	results/baselines/k562_only/TxPert/pra_q10_q90_metrics/per_condition_pra.csv	
f	1253	results/baselines/k562_only/TxPert/pra_q10_q90_metrics/summary_pra.json	
d	256	scripts	
f	468	scripts/README.md	
d	128	scripts/ablations	
d	160	scripts/ablations/cross_cell_line	
f	58654	scripts/ablations/cross_cell_line/weighted_adaln.py	
f	55251	scripts/ablations/cross_cell_line/weighted_prior_joint.py	
d	128	scripts/ablations/k562_only	
f	58654	scripts/ablations/k562_only/weighted_adaln.py	
d	128	scripts/data_preparation	
d	160	scripts/data_preparation/cross_cell_line	
f	23213	scripts/data_preparation/cross_cell_line/build_full_prior.py	
f	6874	scripts/data_preparation/cross_cell_line/prepare_split.py	
d	160	scripts/data_preparation/k562_only	
f	8720	scripts/data_preparation/k562_only/build_reactome_features.py	
f	9624	scripts/data_preparation/k562_only/prepare_split.py	
d	192	scripts/evaluation	
d	160	scripts/evaluation/cross_cell_line	
f	16605	scripts/evaluation/cross_cell_line/context_swap.py	
f	12152	scripts/evaluation/cross_cell_line/source_expression_baseline.py	
d	96	scripts/evaluation/exact_historical	
d	160	scripts/evaluation/exact_historical/cross_cell_line	
f	10087	scripts/evaluation/exact_historical/cross_cell_line/eval_txpert_scplad_match_counts_corr.py	
f	10965	scripts/evaluation/exact_historical/cross_cell_line/eval_txpert_scplad_source_cellline_known_fixed_corr.py	
d	128	scripts/evaluation/k562_only	
f	8929	scripts/evaluation/k562_only/top_de_metrics.py	
d	256	scripts/evaluation/shared	
f	408	scripts/evaluation/shared/csa_metrics.py	
f	406	scripts/evaluation/shared/erc_metrics.py	
f	7657	scripts/evaluation/shared/evaluate_saved_predictions.py	
f	6864	scripts/evaluation/shared/gge_metrics.py	
f	4181	scripts/evaluation/shared/native_metrics.py	
d	128	scripts/inference	
d	128	scripts/inference/cross_cell_line	
f	28441	scripts/inference/cross_cell_line/generate_and_evaluate.py	
d	128	scripts/inference/k562_only	
f	28441	scripts/inference/k562_only/generate_and_evaluate.py	
d	160	scripts/training	
d	192	scripts/training/cross_cell_line	
f	1535	scripts/training/cross_cell_line/run_two_gpu.sh	
f	59090	scripts/training/cross_cell_line/train_drdd_lite.py	
f	11092	scripts/training/cross_cell_line/train_patchae.py	
d	96	scripts/training/exact_historical	
d	160	scripts/training/exact_historical/cross_cell_line	
f	53210	scripts/training/exact_historical/cross_cell_line/train_drdd_lite_fixed_noise_weighted_prior_ddp.py	
f	12634	scripts/training/exact_historical/cross_cell_line/train_patch_autoencoder_train_only.py	
d	160	scripts/training/k562_only	
f	59090	scripts/training/k562_only/train_drdd_lite.py	
f	10970	scripts/training/k562_only/train_patchae.py	
d	96	src	
d	192	src/scplad_transport	
f	82	src/scplad_transport/__init__.py	
f	4489	src/scplad_transport/metrics.py	
f	28417	src/scplad_transport/models.py	
d	160	tests	
f	1216	tests/test_metrics.py	
f	10399	tests/test_reproducibility.py	
