1784391029.162159801	1	1	0
1784391029.162159801	3	1	0
1784391039.255528101	1	1	0
1784391039.255528101	3	1	0
1784391049.355107147	1	4	0
1784391049.355107147	3	4	0
1784391059.451611476	1	1312	0
1784391059.451611476	3	1312	0
1784391069.548240797	1	1312	0
1784391069.548240797	3	1312	0
1784391079.650171226	1	1854	0
1784391079.650171226	3	1854	0
1784391089.943887111	1	1854	0
1784391089.943887111	3	1854	0
1784391100.050272095	1	1854	0
1784391100.050272095	3	1854	0
1784391110.278032883	1	1854	0
1784391110.278032883	3	1854	0
1784391120.378484925	1	4570	100
1784391120.378484925	3	1854	0
1784391130.913410352	1	4570	100
1784391130.913410352	3	1854	0
1784391141.006884732	1	4570	100
1784391141.006884732	3	2902	3
1784391151.118003793	1	5614	100
1784391151.118003793	3	5614	0
1784391161.227712317	1	5614	100
1784391161.227712317	3	5614	0
1784391171.591063573	1	5614	100
1784391171.591063573	3	5614	0
1784391181.708309320	1	5614	100
1784391181.708309320	3	5614	0
1784391192.229131370	1	5614	100
1784391192.229131370	3	5614	0
1784391202.329528164	1	5614	100
1784391202.329528164	3	5614	0
1784391212.868524945	1	5614	100
1784391212.868524945	3	5614	0
1784391223.019752832	1	5614	100
1784391223.019752832	3	5614	0
1784391233.483565550	1	5614	100
1784391233.483565550	3	5614	0
1784391244.828891325	1	5614	24
1784391244.828891325	3	5614	85
1784391254.910830176	1	5614	100
1784391254.910830176	3	5614	0
1784391264.994901708	1	5614	6
1784391264.994901708	3	5614	100
1784391275.118062695	1	5614	15
1784391275.118062695	3	5614	100
1784391285.824067232	1	5616	100
1784391285.824067232	3	5614	0
1784391295.924084619	1	5616	100
1784391295.924084619	3	5614	0
1784391306.189335476	1	5616	0
1784391306.189335476	3	5614	100
1784391318.460576679	1	5616	100
1784391318.460576679	3	5614	0
1784391328.556484351	1	5616	100
1784391328.556484351	3	5614	0
1784391338.635448839	1	5616	100
1784391338.635448839	3	5614	0
1784391348.759603284	1	5616	3
1784391348.759603284	3	5614	100
1784391361.898440549	1	5616	2
1784391361.898440549	3	5616	100
1784391372.528043929	1	5616	56
1784391372.528043929	3	5616	62
1784391382.622080296	1	5618	6
1784391382.622080296	3	5616	100
1784391392.715782182	1	5618	100
1784391392.715782182	3	5616	0
1784391403.393292301	1	5618	49
1784391403.393292301	3	5616	92
1784391413.497137553	1	5618	100
1784391413.497137553	3	5616	0
1784391423.602924115	1	5618	100
1784391423.602924115	3	5616	0
1784391434.017077669	1	5618	11
1784391434.017077669	3	5616	77
1784391444.126053183	1	5618	100
1784391444.126053183	3	5616	0
1784391454.205440128	1	5618	100
1784391454.205440128	3	5616	0
1784391464.294559640	1	5618	10
1784391464.294559640	3	5616	87
1784391474.400554685	1	5618	0
1784391474.400554685	3	5616	49
1784391484.489254442	1	5618	100
1784391484.489254442	3	5616	0
1784391494.579682681	1	5620	6
1784391494.579682681	3	5616	100
1784391506.645876274	1	5620	100
1784391506.645876274	3	5616	0
1784391516.729214175	1	5620	100
1784391516.729214175	3	5616	0
1784391526.815255152	1	5620	100
1784391526.815255152	3	5616	0
1784391536.901351513	1	5620	100
1784391536.901351513	3	5616	0
1784391546.992920898	1	5620	100
1784391546.992920898	3	5616	0
1784391557.089628807	1	5620	100
1784391557.089628807	3	5616	0
1784391567.173787400	1	5620	100
1784391567.173787400	3	5616	0
1784391577.460122061	1	5620	100
1784391577.460122061	3	5616	0
1784391587.553607558	1	5620	100
1784391587.553607558	3	5616	0
1784391597.902749403	1	5620	100
1784391597.902749403	3	5616	0
1784391608.003133788	1	5620	100
1784391608.003133788	3	5616	0
1784391618.207823323	1	5620	15
1784391618.207823323	3	5616	89
1784391628.293177050	1	5620	100
1784391628.293177050	3	5616	0
1784391638.481406604	1	5620	100
1784391638.481406604	3	5616	0
1784391648.569683331	1	5620	100
1784391648.569683331	3	5616	0
1784391658.697484997	1	5620	88
1784391658.697484997	3	5616	21
1784391668.792529185	1	5620	100
1784391668.792529185	3	5616	0
1784391679.090742728	1	5620	0
1784391679.090742728	3	5616	0
1784391689.174240147	1	5620	0
1784391689.174240147	3	5616	0
1784391699.348685403	1	5620	100
1784391699.348685403	3	5616	0
1784391709.446547122	1	5620	49
1784391709.446547122	3	5616	62
1784391720.167586340	1	5620	0
1784391720.167586340	3	5616	0
1784391731.824081503	1	5620	0
1784391731.824081503	3	5616	0
1784391741.907856652	1	5620	100
1784391741.907856652	3	5616	78
1784391753.324607156	1	5620	0
1784391753.324607156	3	5616	0
1784391763.413329545	1	5620	0
1784391763.413329545	3	5616	0
1784391773.502261992	1	5620	100
1784391773.502261992	3	5616	0
1784391783.587698520	1	5620	0
1784391783.587698520	3	5616	0
1784391793.694826602	1	5620	0
1784391793.694826602	3	5616	0
1784391803.782920717	1	5620	100
1784391803.782920717	3	5616	0
1784391813.879896068	1	5620	0
1784391813.879896068	3	5616	0
1784391824.301092952	1	5620	0
1784391824.301092952	3	5616	100
1784391834.486480805	1	5620	100
1784391834.486480805	3	5616	0
1784391844.570487335	1	5620	0
1784391844.570487335	3	5616	100
1784391854.656181400	1	5620	0
1784391854.656181400	3	5616	100
1784391864.993381156	1	5620	0
1784391864.993381156	3	5616	0
1784391875.094884699	1	5620	0
1784391875.094884699	3	5616	100
1784391885.186792388	1	5620	0
1784391885.186792388	3	5616	100
1784391895.289444607	1	5620	0
1784391895.289444607	3	5616	0
1784391905.387399458	1	5620	0
1784391905.387399458	3	5616	100
1784391915.470745663	1	5620	0
1784391915.470745663	3	5616	100
1784391925.553012836	1	5620	0
1784391925.553012836	3	5616	0
1784391935.639986998	1	5620	0
1784391935.639986998	3	5616	100
1784391945.734713512	1	5620	0
1784391945.734713512	3	5616	100
1784391955.822303272	1	5620	0
1784391955.822303272	3	5616	0
1784391965.912454744	1	5620	0
1784391965.912454744	3	5616	100
1784391975.996133666	1	5620	0
1784391975.996133666	3	5616	100
1784391986.141692424	1	5620	0
1784391986.141692424	3	5616	0
1784391996.229873043	1	5620	0
1784391996.229873043	3	5616	100
1784392006.315625135	1	5620	65
1784392006.315625135	3	5616	61
1784392016.404163639	1	5620	0
1784392016.404163639	3	5616	100
1784392026.495058092	1	5620	0
1784392026.495058092	3	5616	100
1784392036.580744842	1	5620	95
1784392036.580744842	3	5616	30
1784392046.685918096	1	5620	0
1784392046.685918096	3	5616	100
1784392057.538064027	1	5620	0
1784392057.538064027	3	5616	100
1784392068.387759255	1	5620	0
1784392068.387759255	3	5616	0
1784392078.475889682	1	5620	0
1784392078.475889682	3	5616	100
1784392088.560586587	1	5620	100
1784392088.560586587	3	5616	0
1784392098.649727480	1	5620	78
1784392098.649727480	3	5616	73
1784392108.740050106	1	5620	0
1784392108.740050106	3	5616	30
1784392118.837673608	1	5620	0
1784392118.837673608	3	5616	100
1784392129.271704528	1	5620	0
1784392129.271704528	3	5618	0
1784392139.838766140	1	5620	0
1784392139.838766140	3	5618	100
1784392150.705270611	1	5620	0
1784392150.705270611	3	5618	100
1784392161.111791970	1	5620	0
1784392161.111791970	3	5618	100
1784392171.194722148	1	5620	0
1784392171.194722148	3	5618	100
1784392181.292125720	1	5620	0
1784392181.292125720	3	5618	100
1784392191.388288088	1	5620	0
1784392191.388288088	3	5618	0
1784392201.477038923	1	5620	0
1784392201.477038923	3	5618	0
1784392211.587105087	1	5620	0
1784392211.587105087	3	5618	0
1784392221.672135030	1	5620	100
1784392221.672135030	3	5618	0
1784392231.755835825	1	5620	0
1784392231.755835825	3	5618	0
1784392241.839103801	1	5620	0
1784392241.839103801	3	5618	0
1784392251.934234213	1	5620	100
1784392251.934234213	3	5618	0
1784392262.162384746	1	5620	0
1784392262.162384746	3	5618	0
1784392272.243366888	1	5620	0
1784392272.243366888	3	5618	0
1784392282.476291392	1	5620	0
1784392282.476291392	3	5618	3
1784392292.577118413	1	5620	9
1784392292.577118413	3	5618	74
1784392302.811178708	1	5620	0
1784392302.811178708	3	5618	0
1784392312.911463149	1	5620	0
1784392312.911463149	3	5618	100
1784392323.015922889	1	5620	100
1784392323.015922889	3	5618	0
1784392333.097799281	1	5620	0
1784392333.097799281	3	5618	0
1784392343.204949019	1	5620	0
1784392343.204949019	3	5618	100
1784392353.306926923	1	5620	0
1784392353.306926923	3	5618	100
1784392363.561387988	1	5620	0
1784392363.561387988	3	5618	0
1784392373.645947138	1	5620	0
1784392373.645947138	3	5618	100
1784392383.921273242	1	5620	0
1784392383.921273242	3	5618	100
1784392394.003466014	1	5620	100
1784392394.003466014	3	5618	65
1784392404.293479387	1	5620	0
1784392404.293479387	3	5618	100
1784392414.394318699	1	5620	0
1784392414.394318699	3	5618	100
1784392424.681830831	1	5620	100
1784392424.681830831	3	5618	0
1784392434.768837362	1	5620	0
1784392434.768837362	3	5618	100
1784392445.024266569	1	5620	0
1784392445.024266569	3	5618	100
1784392455.110101669	1	5620	59
1784392455.110101669	3	5618	82
1784392465.477104354	1	5620	0
1784392465.477104354	3	5618	100
1784392475.582602924	1	5620	0
1784392475.582602924	3	5618	100
1784392486.017267159	1	5620	100
1784392486.017267159	3	5618	0
1784392496.114142358	1	5620	0
1784392496.114142358	3	5618	100
1784392506.455058456	1	5620	100
1784392506.455058456	3	5618	0
1784392516.555600913	1	5620	100
1784392516.555600913	3	5618	0
1784392526.869139998	1	5620	0
1784392526.869139998	3	5618	100
1784392536.967261552	1	5620	0
1784392536.967261552	3	5618	61
1784392547.339469546	1	5620	72
1784392547.339469546	3	5618	55
1784392557.433667169	1	5620	69
1784392557.433667169	3	5618	100
1784392567.734420172	1	5620	100
1784392567.734420172	3	5618	0
1784392577.831562894	1	5620	0
1784392577.831562894	3	5618	100
1784392588.324893601	1	5620	0
1784392588.324893601	3	5618	0
1784392598.425156449	1	5620	100
1784392598.425156449	3	5618	0
1784392608.739030229	1	5620	0
1784392608.739030229	3	5618	100
1784392618.842430467	1	5620	0
1784392618.842430467	3	5618	100
1784392629.098360979	1	5620	10
1784392629.098360979	3	5618	100
1784392639.191923952	1	5620	0
1784392639.191923952	3	5618	100
1784392649.538175564	1	5620	67
1784392649.538175564	3	5618	80
1784392659.641961630	1	5620	0
1784392659.641961630	3	5618	100
1784392669.873797625	1	5620	73
1784392669.873797625	3	5618	71
1784392679.971049239	1	5620	0
1784392679.971049239	3	5618	0
1784392690.184088156	1	5620	0
1784392690.184088156	3	5618	0
1784392700.272932623	1	5620	0
1784392700.272932623	3	5618	0
1784392712.430763681	1	5620	100
1784392712.430763681	3	5618	0
1784392722.842496213	1	5620	0
1784392722.842496213	3	5618	0
1784392732.932664052	1	5620	0
1784392732.932664052	3	5618	0
1784392743.221354630	1	5620	36
1784392743.221354630	3	5618	0
1784392753.316514443	1	5620	0
1784392753.316514443	3	5618	0
1784392763.677462860	1	5620	0
1784392763.677462860	3	5618	0
1784392773.782285722	1	5620	0
1784392773.782285722	3	5618	0
1784392784.067293938	1	5620	0
1784392784.067293938	3	5618	0
1784392794.168595901	1	5620	0
1784392794.168595901	3	5618	0
1784392804.526332971	1	5620	0
1784392804.526332971	3	5618	0
1784392814.607304362	1	5620	0
1784392814.607304362	3	5618	100
1784392824.883491316	1	5620	0
1784392824.883491316	3	5618	100
1784392834.969641098	1	5620	0
1784392834.969641098	3	5618	0
1784392845.050792658	1	5620	100
1784392845.050792658	3	5618	0
1784392855.156087648	1	5620	0
1784392855.156087648	3	5618	0
1784392865.449778033	1	5620	0
1784392865.449778033	3	5618	0
1784392875.552599322	1	5620	11
1784392875.552599322	3	5618	100
1784392885.719371966	1	5620	0
1784392885.719371966	3	5618	0
1784392895.810152879	1	5620	0
1784392895.810152879	3	5618	0
1784392906.005744303	1	5620	0
1784392906.005744303	3	5618	100
1784392916.103632088	1	5620	0
1784392916.103632088	3	5618	0
1784392926.342104549	1	5620	0
1784392926.342104549	3	5618	0
1784392936.445326062	1	5620	100
1784392936.445326062	3	5618	38
1784392946.667834234	1	5620	79
1784392946.667834234	3	5618	0
1784392956.775878096	1	5620	0
1784392956.775878096	3	5618	0
1784392967.072593606	1	5620	0
1784392967.072593606	3	5618	100
1784392977.158492640	1	5620	43
1784392977.158492640	3	5618	100
1784392987.586200971	1	5620	77
1784392987.586200971	3	5618	0
1784392997.683187382	1	5620	0
1784392997.683187382	3	5618	100
1784393007.838930488	1	5620	100
1784393007.838930488	3	5618	0
1784393017.930921906	1	5620	0
1784393017.930921906	3	5618	0
1784393028.230137425	1	5620	0
1784393028.230137425	3	5618	100
1784393038.312255664	1	5620	0
1784393038.312255664	3	5618	0
1784393048.596786801	1	5620	0
1784393048.596786801	3	5618	0
1784393058.706992429	1	5620	0
1784393058.706992429	3	5618	100
1784393068.946898973	1	5620	0
1784393068.946898973	3	5618	0
1784393079.030639436	1	5620	0
1784393079.030639436	3	5618	0
1784393089.122930497	1	5620	81
1784393089.122930497	3	5618	53
1784393099.212634330	1	5620	50
1784393099.212634330	3	5618	75
1784393109.300040994	1	5620	0
1784393109.300040994	3	5618	0
1784393119.391604838	1	5620	0
1784393119.391604838	3	5618	0
1784393129.474703883	1	5620	69
1784393129.474703883	3	5618	100
1784393139.950436454	1	5620	0
1784393139.950436454	3	5618	0
1784393150.035373140	1	5620	0
1784393150.035373140	3	5618	100
1784393160.128831002	1	5620	75
1784393160.128831002	3	5618	56
1784393170.222335524	1	5620	0
1784393170.222335524	3	5618	100
1784393180.306059537	1	5620	0
1784393180.306059537	3	5618	100
1784393190.388288876	1	5620	0
1784393190.388288876	3	5618	100
1784393200.482478074	1	5620	0
1784393200.482478074	3	5618	0
1784393210.568507446	1	5620	0
1784393210.568507446	3	5618	0
1784393220.673221188	1	5620	0
1784393220.673221188	3	5618	0
1784393230.758565290	1	5620	0
1784393230.758565290	3	5618	100
1784393240.851078769	1	5620	0
1784393240.851078769	3	5618	0
1784393250.937532028	1	5620	0
1784393250.937532028	3	5618	0
1784393261.023663560	1	5620	100
1784393261.023663560	3	5618	0
1784393271.110934188	1	5620	0
1784393271.110934188	3	5618	0
1784393281.434613667	1	5620	0
1784393281.434613667	3	5618	0
1784393291.533363193	1	5620	0
1784393291.533363193	3	5618	0
1784393301.637187717	1	5620	80
1784393301.637187717	3	5618	57
1784393311.726917303	1	5620	0
1784393311.726917303	3	5618	0
1784393321.806549319	1	5620	0
1784393321.806549319	3	5618	0
1784393331.895450724	1	5620	100
1784393331.895450724	3	5618	0
1784393341.981837798	1	5620	0
1784393341.981837798	3	5618	0
1784393352.067672146	1	5620	0
1784393352.067672146	3	5618	100
1784393362.167127531	1	5620	100
1784393362.167127531	3	5618	0
1784393372.408740393	1	5620	0
1784393372.408740393	3	5618	0
1784393382.506760255	1	5620	0
1784393382.506760255	3	5618	0
1784393392.842717188	1	5620	100
1784393392.842717188	3	5618	0
1784393402.927602059	1	5620	0
1784393402.927602059	3	5618	0
1784393413.200608221	1	5620	0
1784393413.200608221	3	5618	0
1784393423.313085991	1	5620	100
1784393423.313085991	3	5618	0
1784393433.504049350	1	5620	0
1784393433.504049350	3	5618	0
1784393443.605682110	1	5620	0
1784393443.605682110	3	5618	0
1784393453.867948610	1	5620	100
1784393453.867948610	3	5618	0
1784393463.951456397	1	5620	74
1784393463.951456397	3	5618	59
1784393474.307615826	1	5620	0
1784393474.307615826	3	5618	0
1784393484.393265564	1	5620	89
1784393484.393265564	3	5618	0
1784393494.745794151	1	5620	100
1784393494.745794151	3	5618	0
1784393504.847270116	1	5620	0
1784393504.847270116	3	5618	0
1784393514.932675180	1	5620	100
1784393514.932675180	3	5618	0
1784393525.017641494	1	5620	76
1784393525.017641494	3	5618	74
1784393535.120882556	1	5620	0
1784393535.120882556	3	5618	0
1784393545.204561620	1	5620	91
1784393545.204561620	3	5618	39
1784393555.296967837	1	5620	58
1784393555.296967837	3	5618	100
1784393565.403482093	1	5620	0
1784393565.403482093	3	5618	0
1784393575.492019246	1	5620	77
1784393575.492019246	3	5618	39
1784393585.579186727	1	5620	67
1784393585.579186727	3	5618	84
1784393595.665217914	1	5620	0
1784393595.665217914	3	5618	0
1784393605.750119782	1	5620	0
1784393605.750119782	3	5618	100
1784393615.833070465	1	5620	0
1784393615.833070465	3	5618	100
1784393626.020980006	1	5620	0
1784393626.020980006	3	5618	0
1784393636.105087094	1	5620	0
1784393636.105087094	3	5618	0
1784393646.257189387	1	5620	0
1784393646.257189387	3	5618	100
1784393656.346265806	1	5620	0
1784393656.346265806	3	5618	0
1784393666.664389302	1	5620	0
1784393666.664389302	3	5618	100
1784393676.765006164	1	5620	58
1784393676.765006164	3	5618	68
1784393687.030875698	1	5620	0
1784393687.030875698	3	5618	100
1784393697.127555533	1	5620	68
1784393697.127555533	3	5618	62
1784393707.356037337	1	5620	0
1784393707.356037337	3	5618	0
1784393717.461967067	1	5620	0
1784393717.461967067	3	5618	0
1784393727.545433487	1	5620	0
1784393727.545433487	3	5618	0
1784393737.631152595	1	5620	100
1784393737.631152595	3	5618	0
1784393747.800321239	1	5620	0
1784393747.800321239	3	5618	0
1784393757.896355918	1	5620	0
1784393757.896355918	3	5618	0
1784393768.209903827	1	5620	42
1784393768.209903827	3	5618	0
1784393778.297531899	1	5620	62
1784393778.297531899	3	5618	61
1784393788.392167180	1	5620	0
1784393788.392167180	3	5618	0
1784393798.483539912	1	5620	0
1784393798.483539912	3	5618	0
1784393808.572274836	1	5620	74
1784393808.572274836	3	5618	31
1784393818.661659034	1	5620	0
1784393818.661659034	3	5618	0
1784393828.766590303	1	5620	0
1784393828.766590303	3	5618	0
1784393838.852713026	1	5620	100
1784393838.852713026	3	5618	0
1784393848.948962679	1	5620	0
1784393848.948962679	3	5618	0
1784393859.050491561	1	5620	0
1784393859.050491561	3	5618	100
1784393869.143066518	1	5620	100
1784393869.143066518	3	5618	0
1784393879.387304206	1	5620	0
1784393879.387304206	3	5618	0
1784393889.488917676	1	5620	0
1784393889.488917676	3	5618	100
1784393899.713844346	1	5620	100
1784393899.713844346	3	5618	0
1784393909.807839173	1	5620	0
1784393909.807839173	3	5618	100
1784393920.108010624	1	5620	0
1784393920.108010624	3	5618	100
1784393930.209268280	1	5620	100
1784393930.209268280	3	5618	0
1784393940.516263999	1	5620	72
1784393940.516263999	3	5618	76
1784393950.612252763	1	5620	0
1784393950.612252763	3	5618	0
1784393960.888511838	1	5620	100
1784393960.888511838	3	5618	0
1784393970.975181858	1	5620	0
1784393970.975181858	3	5618	100
1784393981.256431016	1	5620	0
1784393981.256431016	3	5618	100
1784393991.346250830	1	5620	70
1784393991.346250830	3	5618	56
1784394001.648278561	1	5620	0
1784394001.648278561	3	5618	100
1784394011.736544930	1	5620	0
1784394011.736544930	3	5618	0
1784394022.052487911	1	5620	83
1784394022.052487911	3	5618	56
1784394032.147680478	1	5620	96
1784394032.147680478	3	5618	0
1784394042.469238687	1	5620	0
1784394042.469238687	3	5618	0
1784394052.551120311	1	5620	0
1784394052.551120311	3	5618	100
1784394062.882718061	1	5620	10
1784394062.882718061	3	5618	100
1784394072.995438817	1	5620	0
1784394072.995438817	3	5618	0
1784394083.231148368	1	5620	0
1784394083.231148368	3	5618	100
1784394093.331802881	1	5620	0
1784394093.331802881	3	5618	0
1784394103.721372984	1	5620	0
1784394103.721372984	3	5618	0
1784394113.803841141	1	5620	0
1784394113.803841141	3	5618	100
1784394124.043042483	1	5620	100
1784394124.043042483	3	5618	0
1784394134.133674000	1	5620	0
1784394134.133674000	3	5618	0
1784394144.377439392	1	5620	0
1784394144.377439392	3	5618	100
1784394154.475433922	1	5620	100
1784394154.475433922	3	5618	78
1784394164.780988228	1	5620	0
1784394164.780988228	3	5618	88
1784394174.871627320	1	5620	0
1784394174.871627320	3	5618	100
1784394185.229381920	1	5620	66
1784394185.229381920	3	5618	69
1784394195.321604332	1	5620	0
1784394195.321604332	3	5618	100
1784394205.664561055	1	5620	100
1784394205.664561055	3	5618	72
1784394215.761984813	1	5620	0
1784394215.761984813	3	5618	0
1784394225.905761757	1	5620	0
1784394225.905761757	3	5618	0
1784394235.995894186	1	5620	0
1784394235.995894186	3	5618	0
1784394246.463989211	1	5620	100
1784394246.463989211	3	5618	53
1784394256.558543740	1	5620	0
1784394256.558543740	3	5618	0
1784394266.965084489	1	5620	0
1784394266.965084489	3	5618	0
1784394277.065065354	1	5620	100
1784394277.065065354	3	5618	0
1784394287.432425699	1	5620	0
1784394287.432425699	3	5618	0
1784394297.560951170	1	5620	0
1784394297.560951170	3	5618	0
1784394307.847196515	1	5620	0
1784394307.847196515	3	5618	0
1784394317.944664734	1	5620	100
1784394317.944664734	3	5618	0
1784394328.312522027	1	5620	0
1784394328.312522027	3	5618	100
1784394338.397410198	1	5620	0
1784394338.397410198	3	5618	0
1784394348.809336313	1	5620	100
1784394348.809336313	3	5618	0
1784394358.913746300	1	5620	0
1784394358.913746300	3	5618	100
1784394369.422307233	1	5620	0
1784394369.422307233	3	5618	0
1784394379.504052743	1	5620	100
1784394379.504052743	3	5618	0
1784394389.788686397	1	5620	0
1784394389.788686397	3	5618	100
1784394399.909755341	1	5620	0
1784394399.909755341	3	5618	0
1784394410.217153806	1	5620	100
1784394410.217153806	3	5618	0
1784394420.325354631	1	5620	0
1784394420.325354631	3	5618	60
1784394430.725520902	1	5620	0
1784394430.725520902	3	5618	0
1784394440.832526331	1	5620	100
1784394440.832526331	3	5618	0
1784394451.131497750	1	5620	78
1784394451.131497750	3	5618	73
1784394461.243222723	1	5620	36
1784394461.243222723	3	5618	8
1784394471.676480999	1	5620	100
1784394471.676480999	3	5618	0
1784394481.779663216	1	5620	0
1784394481.779663216	3	5618	100
1784394492.152494656	1	5620	0
1784394492.152494656	3	5618	100
1784394502.232350481	1	5620	100
1784394502.232350481	3	5618	23
1784394512.841339896	1	5620	0
1784394512.841339896	3	5618	100
1784394522.958101000	1	5620	0
1784394522.958101000	3	5618	0
1784394533.415604249	1	5620	100
1784394533.415604249	3	5618	0
1784394543.514041718	1	5620	0
1784394543.514041718	3	5618	100
1784394553.868090911	1	5620	0
1784394553.868090911	3	5618	0
1784394563.971507438	1	5620	0
1784394563.971507438	3	5618	100
1784394574.466434636	1	5620	0
1784394574.466434636	3	5618	100
1784394584.564425456	1	5620	0
1784394584.564425456	3	5618	0
1784394594.925498485	1	5620	0
1784394594.925498485	3	5618	100
1784394605.034749587	1	5620	0
1784394605.034749587	3	5618	100
1784394615.339907070	1	5620	0
1784394615.339907070	3	5618	0
1784394625.429474327	1	5620	0
1784394625.429474327	3	5618	100
1784394635.866409974	1	5620	0
1784394635.866409974	3	5618	100
1784394645.987282103	1	5620	0
1784394645.987282103	3	5618	0
1784394656.547732532	1	5620	0
1784394656.547732532	3	5618	100
1784394666.628627709	1	5620	60
1784394666.628627709	3	5618	13
1784394677.083218023	1	5620	56
1784394677.083218023	3	5618	49
1784394687.193286212	1	5620	0
1784394687.193286212	3	5618	100
1784394697.621423074	1	5620	0
1784394697.621423074	3	5618	100
1784394707.716701532	1	5620	0
1784394707.716701532	3	5618	100
1784394718.178086537	1	5620	0
1784394718.178086537	3	5618	100
1784394728.257151232	1	5620	0
1784394728.257151232	3	5618	100
1784394738.506887414	1	5620	0
1784394738.506887414	3	5618	0
1784394748.588287276	1	5620	0
1784394748.588287276	3	5618	0
1784394758.965053533	1	5620	0
1784394758.965053533	3	5618	0
1784394769.051564963	1	5620	100
1784394769.051564963	3	5618	0
1784394779.451826660	1	5620	0
1784394779.451826660	3	5618	0
1784394789.536707435	1	5620	0
1784394789.536707435	3	5618	0
1784394799.939379530	1	5620	100
1784394799.939379530	3	5618	0
1784394810.022556757	1	5620	0
1784394810.022556757	3	5618	0
1784394820.463402922	1	5620	0
1784394820.463402922	3	5618	0
1784394830.561082474	1	5620	0
1784394830.561082474	3	5618	0
1784394840.867841886	1	5620	0
1784394840.867841886	3	5618	0
1784394850.956654224	1	5620	18
1784394850.956654224	3	5618	100
1784394861.395754840	1	5620	0
1784394861.395754840	3	5618	0
1784394871.517188280	1	5620	72
1784394871.517188280	3	5618	79
1784394881.678155129	1	5620	0
1784394881.678155129	3	5618	100
1784394891.777283033	1	5620	0
1784394891.777283033	3	5618	0
1784394902.143509243	1	5620	100
1784394902.143509243	3	5618	6
1784394912.228493736	1	5620	0
1784394912.228493736	3	5618	100
1784394922.555351377	1	5620	0
1784394922.555351377	3	5618	0
1784394932.643171766	1	5620	0
1784394932.643171766	3	5618	0
1784394943.140630975	1	5620	0
1784394943.140630975	3	5618	100
1784394953.255115539	1	5620	0
1784394953.255115539	3	5618	0
1784394963.669077475	1	5620	70
1784394963.669077475	3	5618	45
1784394973.792691084	1	5620	0
1784394973.792691084	3	5618	100
1784394984.224569592	1	5620	0
1784394984.224569592	3	5618	0
1784394994.327119349	1	5620	39
1784394994.327119349	3	5618	38
1784395004.725209536	1	5620	100
1784395004.725209536	3	5618	0
1784395014.828413407	1	5620	13
1784395014.828413407	3	5618	7
1784395025.262082446	1	5620	0
1784395025.262082446	3	5618	100
1784395035.359193443	1	5620	78
1784395035.359193443	3	5618	78
1784395045.811334546	1	5620	0
1784395045.811334546	3	5618	0
1784395055.912120557	1	5620	0
1784395055.912120557	3	5618	100
1784395066.252400339	1	5620	59
1784395066.252400339	3	5618	100
1784395076.345992910	1	5620	0
1784395076.345992910	3	5618	0
1784395086.605785858	1	5620	0
1784395086.605785858	3	5618	100
1784395096.705129887	1	5620	69
1784395096.705129887	3	5618	67
1784395107.039424568	1	5620	0
1784395107.039424568	3	5618	100
1784395117.124037854	1	5620	0
1784395117.124037854	3	5618	100
1784395127.546399296	1	5620	0
1784395127.546399296	3	5618	0
1784395137.643039610	1	5620	0
1784395137.643039610	3	5618	0
1784395147.901440534	1	5620	0
1784395147.901440534	3	5618	100
1784395157.991156176	1	5620	91
1784395157.991156176	3	5618	65
1784395168.404801890	1	5620	0
1784395168.404801890	3	5618	0
1784395178.487957785	1	5620	0
1784395178.487957785	3	5618	100
1784395188.824774130	1	5620	79
1784395188.824774130	3	5618	76
1784395198.909506476	1	5620	0
1784395198.909506476	3	5618	100
1784395209.317852842	1	5620	0
1784395209.317852842	3	5618	100
1784395219.400463138	1	5620	82
1784395219.400463138	3	5618	69
1784395229.932064331	1	5620	0
1784395229.932064331	3	5618	100
1784395240.032260820	1	5620	100
1784395240.032260820	3	5618	0
1784395250.236016203	1	5620	0
1784395250.236016203	3	5618	100
1784395260.316376188	1	5620	0
1784395260.316376188	3	5618	0
1784395270.852007740	1	5620	0
1784395270.852007740	3	5618	0
1784395280.937909193	1	5620	0
1784395280.937909193	3	5618	0
1784395291.453730801	1	5620	0
1784395291.453730801	3	5618	100
1784395301.551491583	1	5620	0
1784395301.551491583	3	5618	0
1784395312.044661217	1	5620	100
1784395312.044661217	3	5618	0
1784395322.138386796	1	5620	0
1784395322.138386796	3	5618	100
1784395332.550833380	1	5620	0
1784395332.550833380	3	5618	0
1784395342.652976577	1	5620	0
1784395342.652976577	3	5618	0
1784395352.843994809	1	5620	100
1784395352.843994809	3	5618	0
1784395362.947945195	1	5620	0
1784395362.947945195	3	5618	100
1784395373.245619409	1	5620	0
1784395373.245619409	3	5618	0
1784395383.329870792	1	5620	100
1784395383.329870792	3	5618	0
1784395393.646575012	1	5620	0
1784395393.646575012	3	5618	100
1784395403.749351935	1	5620	0
1784395403.749351935	3	5618	0
1784395413.961108103	1	5620	100
1784395413.961108103	3	5618	62
1784395424.048310151	1	5620	66
1784395424.048310151	3	5618	91
1784395434.383890590	1	5620	0
1784395434.383890590	3	5618	0
1784395444.491280048	1	5620	18
1784395444.491280048	3	5618	100
1784395454.628998181	1	5620	58
1784395454.628998181	3	5618	65
1784395464.714259284	1	5620	0
1784395464.714259284	3	5618	0
1784395475.071702962	1	5620	0
1784395475.071702962	3	5618	100
1784395485.179145861	1	5620	82
1784395485.179145861	3	5618	59
1784395495.450283487	1	5620	0
1784395495.450283487	3	5618	0
1784395505.533429953	1	5620	0
1784395505.533429953	3	5618	100
1784395515.726187576	1	5620	0
1784395515.726187576	3	5618	100
1784395525.814135204	1	5620	0
1784395525.814135204	3	5618	0
1784395536.106860149	1	5620	0
1784395536.106860149	3	5618	100
1784395546.202186908	1	5620	85
1784395546.202186908	3	5618	86
1784395556.516932990	1	5620	0
1784395556.516932990	3	5618	0
1784395566.609258240	1	5620	0
1784395566.609258240	3	5618	100
1784395576.851634773	1	5620	0
1784395576.851634773	3	5618	100
1784395586.949601993	1	5620	0
1784395586.949601993	3	5618	0
1784395597.151833396	1	5620	0
1784395597.151833396	3	5618	100
1784395607.253204934	1	5620	0
1784395607.253204934	3	5618	100
1784395617.549823103	1	5620	0
1784395617.549823103	3	5618	100
1784395627.635751440	1	5620	0
1784395627.635751440	3	5618	100
1784395637.959565355	1	5620	87
1784395637.959565355	3	5618	66
1784395648.054922692	1	5620	0
1784395648.054922692	3	5618	100
1784395658.364820237	1	5620	0
1784395658.364820237	3	5618	100
1784395668.454642275	1	5620	100
1784395668.454642275	3	5618	70
1784395678.682635454	1	5620	0
1784395678.682635454	3	5618	100
1784395688.770634678	1	5620	0
1784395688.770634678	3	5618	100
1784395699.049247075	1	5620	68
1784395699.049247075	3	5618	72
1784395709.133677762	1	5620	0
1784395709.133677762	3	5618	100
1784395719.540986921	1	5620	76
1784395719.540986921	3	5618	72
1784395729.645897005	1	5620	0
1784395729.645897005	3	5618	100
1784395739.991283084	1	5620	71
1784395739.991283084	3	5618	78
1784395750.095307439	1	5620	0
1784395750.095307439	3	5618	100
1784395760.386037382	1	5620	0
1784395760.386037382	3	5618	0
1784395770.477947430	1	5620	0
1784395770.477947430	3	5618	0
1784395780.613718837	1	5620	0
1784395780.613718837	3	5618	0
1784395790.706952041	1	5620	0
1784395790.706952041	3	5618	0
1784395801.248079684	1	5620	0
1784395801.248079684	3	5618	0
1784395811.339286689	1	5620	0
1784395811.339286689	3	5618	100
1784395821.476572390	1	5620	73
1784395821.476572390	3	5618	67
1784395831.572357035	1	5620	0
1784395831.572357035	3	5618	0
1784395841.879093026	1	5620	0
1784395841.879093026	3	5618	100
1784395851.987982632	1	5620	100
1784395851.987982632	3	5618	0
1784395862.363819881	1	5620	0
1784395862.363819881	3	5618	0
1784395872.460159720	1	5620	0
1784395872.460159720	3	5618	100
1784395882.706114869	1	5620	100
1784395882.706114869	3	5618	0
1784395892.797004417	1	5620	0
1784395892.797004417	3	5618	100
1784395903.073789120	1	5620	0
1784395903.073789120	3	5618	100
1784395913.156078461	1	5620	100
1784395913.156078461	3	5618	0
1784395923.542539926	1	5620	0
1784395923.542539926	3	5618	100
1784395933.632381303	1	5620	0
1784395933.632381303	3	5618	100
1784395943.927589243	1	5620	84
1784395943.927589243	3	5618	70
1784395954.011893405	1	5620	0
1784395954.011893405	3	5618	100
1784395964.344349665	1	5620	0
1784395964.344349665	3	5618	100
1784395974.429726796	1	5620	95
1784395974.429726796	3	5618	61
1784395984.743787022	1	5620	0
1784395984.743787022	3	5618	100
1784395994.830759360	1	5620	0
1784395994.830759360	3	5618	100
1784396005.253029371	1	5620	0
1784396005.253029371	3	5618	86
1784396015.348178762	1	5620	0
1784396015.348178762	3	5618	100
1784396025.729764002	1	5620	0
1784396025.729764002	3	5618	100
1784396035.836547459	1	5620	0
1784396035.836547459	3	5618	100
1784396046.095364234	1	5620	0
1784396046.095364234	3	5618	100
1784396056.209295860	1	5620	100
1784396056.209295860	3	5618	0
1784396066.420527852	1	5620	0
1784396066.420527852	3	5618	100
1784396076.517962024	1	5620	0
1784396076.517962024	3	5618	100
1784396086.755974031	1	5620	100
1784396086.755974031	3	5618	0
1784396096.863397795	1	5620	0
1784396096.863397795	3	5618	100
1784396107.090233728	1	5620	0
1784396107.090233728	3	5618	0
1784396117.174886752	1	5620	62
1784396117.174886752	3	5618	31
1784396127.424046460	1	5620	0
1784396127.424046460	3	5618	100
1784396137.519224162	1	5620	0
1784396137.519224162	3	5618	0
1784396147.791477279	1	5620	76
1784396147.791477279	3	5618	76
1784396157.872788172	1	5620	0
1784396157.872788172	3	5618	100
1784396168.147002879	1	5620	0
1784396168.147002879	3	5618	100
1784396178.247545762	1	5620	0
1784396178.247545762	3	5618	0
1784396188.551919250	1	5620	0
1784396188.551919250	3	5618	100
1784396198.662018851	1	5620	0
1784396198.662018851	3	5618	0
1784396209.020920124	1	5620	0
1784396209.020920124	3	5618	100
1784396219.114457755	1	5620	0
1784396219.114457755	3	5618	98
1784396229.465145909	1	5620	0
1784396229.465145909	3	5618	100
1784396239.565704488	1	5620	63
1784396239.565704488	3	5618	57
1784396249.902340092	1	5620	0
1784396249.902340092	3	5618	100
1784396259.999060881	1	5620	0
1784396259.999060881	3	5618	0
1784396270.206234337	1	5620	0
1784396270.206234337	3	5618	0
1784396280.309036466	1	5620	0
1784396280.309036466	3	5618	0
1784396290.551755454	1	5620	0
1784396290.551755454	3	5618	0
1784396300.653979161	1	5620	0
1784396300.653979161	3	5618	0
1784396310.853742554	1	5620	100
1784396310.853742554	3	5618	0
1784396320.948833326	1	5620	0
1784396320.948833326	3	5618	0
1784396331.232810616	1	5620	0
1784396331.232810616	3	5618	0
1784396341.318815301	1	5620	0
1784396341.318815301	3	5618	0
1784396351.570735303	1	5620	67
1784396351.570735303	3	5618	75
1784396361.669164986	1	5620	0
1784396361.669164986	3	5618	100
1784396372.047788504	1	5620	0
1784396372.047788504	3	5618	0
1784396382.150709458	1	5620	0
1784396382.150709458	3	5618	0
1784396392.406468141	1	5620	0
1784396392.406468141	3	5618	100
1784396402.510115034	1	5620	0
1784396402.510115034	3	5618	0
1784396412.774512374	1	5620	46
1784396412.774512374	3	5618	18
1784396422.880556142	1	5620	0
1784396422.880556142	3	5618	100
1784396433.134023027	1	5620	0
1784396433.134023027	3	5618	0
1784396443.227623004	1	5620	0
1784396443.227623004	3	5618	96
1784396453.463527739	1	5620	0
1784396453.463527739	3	5618	100
1784396463.567855860	1	5620	0
1784396463.567855860	3	5618	0
1784396473.853314012	1	5620	0
1784396473.853314012	3	5618	100
1784396483.947756229	1	5620	54
1784396483.947756229	3	5618	100
1784396494.293184747	1	5620	0
1784396494.293184747	3	5618	0
1784396504.379416029	1	5620	0
1784396504.379416029	3	5618	100
1784396514.746887847	1	5620	100
1784396514.746887847	3	5618	0
1784396524.850889416	1	5620	0
1784396524.850889416	3	5618	0
1784396535.125574084	1	5620	0
1784396535.125574084	3	5618	100
1784396545.211760970	1	5620	31
1784396545.211760970	3	5618	56
1784396555.553532847	1	5620	100
1784396555.553532847	3	5618	0
1784396565.644853047	1	5620	0
1784396565.644853047	3	5618	100
1784396575.917873095	1	5620	88
1784396575.917873095	3	5618	70
1784396586.024044125	1	5620	0
1784396586.024044125	3	5618	100
1784396596.209878523	1	5620	0
1784396596.209878523	3	5618	100
1784396606.295851664	1	5620	27
1784396606.295851664	3	5618	73
1784396616.560773252	1	5620	0
1784396616.560773252	3	5618	100
1784396626.650581992	1	5620	0
1784396626.650581992	3	5618	100
1784396636.895498339	1	5620	0
1784396636.895498339	3	5618	0
1784396646.994445788	1	5620	0
1784396646.994445788	3	5618	100
1784396657.258754039	1	5620	0
1784396657.258754039	3	5618	100
1784396667.363844141	1	5620	0
1784396667.363844141	3	5618	0
1784396677.575950987	1	5620	0
1784396677.575950987	3	5618	100
1784396687.671763804	1	5620	0
1784396687.671763804	3	5618	100
1784396698.015454846	1	5620	0
1784396698.015454846	3	5618	0
1784396708.115090559	1	5620	0
1784396708.115090559	3	5618	100
1784396718.423757280	1	5620	6
1784396718.423757280	3	5618	100
1784396728.516907788	1	5620	0
1784396728.516907788	3	5618	100
1784396738.959029175	1	5620	79
1784396738.959029175	3	5618	77
1784396749.059668004	1	5620	0
1784396749.059668004	3	5618	100
1784396759.361255090	1	5620	0
1784396759.361255090	3	5618	0
1784396769.452371178	1	5620	0
1784396769.452371178	3	5618	0
1784396779.622509469	1	5620	100
1784396779.622509469	3	5618	0
1784396789.722989136	1	5620	0
1784396789.722989136	3	5618	100
1784396800.054587507	1	5620	0
1784396800.054587507	3	5618	0
1784396810.156928945	1	5620	0
1784396810.156928945	3	5618	0
1784396820.260405197	1	5620	18
1784396820.260405197	3	5618	100
1784396830.361392799	1	5620	0
1784396830.361392799	3	5618	0
1784396840.620556360	1	5620	0
1784396840.620556360	3	5618	0
1784396850.721722870	1	5620	22
1784396850.721722870	3	5618	21
1784396860.998871540	1	5620	0
1784396860.998871540	3	5618	100
1784396871.116595822	1	5620	0
1784396871.116595822	3	5618	0
1784396881.238570857	1	5620	100
1784396881.238570857	3	5618	6
1784396891.326162536	1	5620	0
1784396891.326162536	3	5618	100
1784396901.553622103	1	5620	0
1784396901.553622103	3	5618	100
1784396911.635562342	1	5620	100
1784396911.635562342	3	5618	0
1784396921.814829702	1	5620	0
1784396921.814829702	3	5618	100
1784396931.923606548	1	5620	0
1784396931.923606548	3	5618	0
1784396942.181167889	1	5620	96
1784396942.181167889	3	5618	72
1784396952.293923959	1	5620	7
1784396952.293923959	3	5618	62
1784396962.378579994	1	5620	0
1784396962.378579994	3	5618	0
1784396972.479992202	1	5620	68
1784396972.479992202	3	5618	71
1784396982.565117336	1	5620	0
1784396982.565117336	3	5618	100
1784396993.506171330	1	5620	0
1784396993.506171330	3	5618	0
1784397003.601477105	1	5620	8
1784397003.601477105	3	5618	67
1784397013.696891794	1	5620	0
1784397013.696891794	3	5618	100
1784397023.794293404	1	5620	56
1784397023.794293404	3	5618	51
1784397033.891725692	1	5620	0
1784397033.891725692	3	5618	100
1784397043.990234394	1	5620	0
1784397043.990234394	3	5618	87
1784397054.086722846	1	5620	15
1784397054.086722846	3	5618	69
1784397064.184059855	1	5620	0
1784397064.184059855	3	5618	100
1784397074.274180419	1	5620	0
1784397074.274180419	3	5618	100
1784397084.362975623	1	5620	0
1784397084.362975623	3	5618	0
1784397094.439687998	1	5620	70
1784397094.439687998	3	5618	81
1784397104.533408811	1	5620	0
1784397104.533408811	3	5618	100
1784397114.621055116	1	5620	0
1784397114.621055116	3	5618	100
1784397124.715277187	1	5620	91
1784397124.715277187	3	5618	55
1784397134.801765644	1	5620	0
1784397134.801765644	3	5618	100
1784397144.909261650	1	5620	0
1784397144.909261650	3	5618	100
1784397154.997916295	1	5620	0
1784397154.997916295	3	5618	100
1784397165.087467921	1	5620	0
1784397165.087467921	3	5618	100
1784397175.175416194	1	5620	0
1784397175.175416194	3	5618	0
1784397185.265189074	1	5620	0
1784397185.265189074	3	5618	100
1784397195.353638639	1	5620	0
1784397195.353638639	3	5618	100
1784397205.450422294	1	5620	0
1784397205.450422294	3	5618	100
1784397215.550621776	1	5620	0
1784397215.550621776	3	5618	100
1784397225.636740443	1	5620	15
1784397225.636740443	3	5618	100
1784397235.772117569	1	5620	71
1784397235.772117569	3	5618	64
1784397245.875292887	1	5620	0
1784397245.875292887	3	5618	0
1784397256.077884755	1	5620	0
1784397256.077884755	3	5618	0
1784397266.193815935	1	5620	0
1784397266.193815935	3	5618	0
1784397276.299512266	1	5620	0
1784397276.299512266	3	5618	0
1784397286.401427237	1	5620	0
1784397286.401427237	3	5618	0
1784397296.542382495	1	5620	100
1784397296.542382495	3	5618	0
1784397306.642286119	1	5620	0
1784397306.642286119	3	5618	0
1784397316.739294762	1	5620	19
1784397316.739294762	3	5618	58
1784397326.845904552	1	5620	100
1784397326.845904552	3	5618	0
1784397336.951366942	1	5620	0
1784397336.951366942	3	5618	0
1784397347.053902201	1	5620	85
1784397347.053902201	3	5618	69
1784397357.156720885	1	5620	100
1784397357.156720885	3	5618	0
1784397367.257126501	1	5620	0
1784397367.257126501	3	5618	0
1784397377.357126769	1	5620	100
1784397377.357126769	3	5618	0
1784397387.450908937	1	5620	100
1784397387.450908937	3	5618	0
1784397397.539618646	1	5620	0
1784397397.539618646	3	5618	0
1784397407.640337277	1	5620	100
1784397407.640337277	3	5618	0
1784397417.742441333	1	5620	96
1784397417.742441333	3	5618	0
1784397427.843487162	1	5620	0
1784397427.843487162	3	5618	0
1784397437.947993386	1	5620	0
1784397437.947993386	3	5618	0
1784397448.054733984	1	5620	100
1784397448.054733984	3	5618	0
1784397458.160142172	1	5620	0
1784397458.160142172	3	5618	0
1784397468.264895464	1	5620	0
1784397468.264895464	3	5618	0
1784397478.365763450	1	5620	100
1784397478.365763450	3	5618	0
1784397488.462135641	1	5620	0
1784397488.462135641	3	5618	0
1784397498.559364283	1	5620	0
1784397498.559364283	3	5618	0
1784397508.642614207	1	5620	69
1784397508.642614207	3	5618	60
1784397518.728560641	1	5620	0
1784397518.728560641	3	5618	0
1784397528.823041478	1	5620	0
1784397528.823041478	3	5618	0
1784397538.916015449	1	5620	99
1784397538.916015449	3	5618	68
1784397548.998896158	1	5620	0
1784397548.998896158	3	5618	0
1784397559.080282881	1	5620	0
1784397559.080282881	3	5618	0
1784397569.178828913	1	5620	71
1784397569.178828913	3	5618	7
1784397579.280172758	1	5620	0
1784397579.280172758	3	5618	0
1784397589.383131136	1	5620	0
1784397589.383131136	3	5618	100
1784397599.470508003	1	5620	0
1784397599.470508003	3	5618	100
1784397609.568801279	1	5620	0
1784397609.568801279	3	5618	0
1784397619.768130641	1	5620	0
1784397619.768130641	3	5618	100
1784397629.864073587	1	5620	0
1784397629.864073587	3	5618	100
1784397639.967872525	1	5620	0
1784397639.967872525	3	5618	0
1784397650.069557270	1	5620	0
1784397650.069557270	3	5618	100
1784397660.301400607	1	5620	0
1784397660.301400607	3	5618	100
1784397670.401217141	1	5620	70
1784397670.401217141	3	5618	19
1784397680.683613602	1	5620	0
1784397680.683613602	3	5618	100
1784397690.781004940	1	5620	0
1784397690.781004940	3	5618	100
1784397700.901990676	1	5620	0
1784397700.901990676	3	5618	100
1784397710.999834390	1	5620	0
1784397710.999834390	3	5620	100
1784397721.108486873	1	5620	68
1784397721.108486873	3	5620	70
1784397731.208380740	1	5620	0
1784397731.208380740	3	5620	100
1784397741.337746449	1	5620	0
1784397741.337746449	3	5620	100
1784397751.422883732	1	5620	0
1784397751.422883732	3	5620	0
1784397761.568564908	1	5620	0
1784397761.568564908	3	5620	1
1784397771.674934046	1	5620	100
1784397771.674934046	3	5620	0
1784397781.860598135	1	5620	76
1784397781.860598135	3	5620	75
1784397791.944555187	1	5620	0
1784397791.944555187	3	5620	0
1784397802.068083259	1	5620	0
1784397802.068083259	3	5620	0
1784397812.172614692	1	5620	82
1784397812.172614692	3	5620	60
1784397822.276040788	1	5620	0
1784397822.276040788	3	5620	0
1784397832.378644647	1	5620	0
1784397832.378644647	3	5620	0
1784397842.461847770	1	5620	0
1784397842.461847770	3	5620	100
1784397852.555404720	1	5620	0
1784397852.555404720	3	5620	0
1784397862.640748338	1	5620	0
1784397862.640748338	3	5620	0
1784397872.745741368	1	5620	0
1784397872.745741368	3	5620	0
1784397882.844497391	1	5620	0
1784397882.844497391	3	5620	100
1784397892.949060904	1	5620	0
1784397892.949060904	3	5620	0
1784397903.037703521	1	5620	0
1784397903.037703521	3	5620	0
1784397913.137213778	1	5620	100
1784397913.137213778	3	5620	33
1784397923.217257864	1	5620	0
1784397923.217257864	3	5620	0
1784397933.307762494	1	5620	0
1784397933.307762494	3	5620	0
1784397943.410272390	1	5620	100
1784397943.410272390	3	5620	0
1784397953.497082470	1	5620	0
1784397953.497082470	3	5620	0
1784397963.579511166	1	5620	0
1784397963.579511166	3	5620	100
1784397973.685377492	1	5620	100
1784397973.685377492	3	5620	0
1784397983.761384716	1	5620	0
1784397983.761384716	3	5620	0
1784397993.860404154	1	5620	0
1784397993.860404154	3	5620	100
1784398003.973665630	1	5620	0
1784398003.973665630	3	5620	0
1784398014.081292425	1	5620	0
1784398014.081292425	3	5620	0
1784398024.339665922	1	5620	0
1784398024.339665922	3	5620	100
1784398034.439348702	1	5620	70
1784398034.439348702	3	5620	68
1784398044.631765504	1	5620	0
1784398044.631765504	3	5620	0
1784398054.724647249	1	5620	0
1784398054.724647249	3	5620	100
1784398064.837288819	1	5620	62
1784398064.837288819	3	5620	35
1784398074.939488343	1	5620	0
1784398074.939488343	3	5620	100
1784398085.126571894	1	5620	0
1784398085.126571894	3	5620	100
1784398095.211475828	1	5620	26
1784398095.211475828	3	5620	45
1784398105.413407717	1	5620	0
1784398105.413407717	3	5620	100
1784398115.498388512	1	5620	0
1784398115.498388512	3	5620	100
1784398125.709666773	1	5620	79
1784398125.709666773	3	5620	72
1784398135.794820186	1	5620	0
1784398135.794820186	3	5620	100
1784398146.008382904	1	5620	0
1784398146.008382904	3	5620	100
1784398156.111766823	1	5620	55
1784398156.111766823	3	5620	70
1784398166.343030068	1	5620	0
1784398166.343030068	3	5620	100
1784398176.445413081	1	5620	0
1784398176.445413081	3	5620	100
1784398186.643071029	1	5620	0
1784398186.643071029	3	5620	100
1784398196.747784289	1	5620	0
1784398196.747784289	3	5620	100
1784398207.122995448	1	5620	0
1784398207.122995448	3	5620	100
1784398217.212599416	1	5620	76
1784398217.212599416	3	5620	84
1784398227.426156513	1	5620	0
1784398227.426156513	3	5620	100
1784398237.519963112	1	5620	0
1784398237.519963112	3	5620	100
1784398247.677679526	1	5620	0
1784398247.677679526	3	5620	0
1784398257.790678093	1	5620	0
1784398257.790678093	3	5620	0
1784398267.895319198	1	5620	100
1784398267.895319198	3	5620	0
1784398277.986823464	1	5620	58
1784398277.986823464	3	5620	43
1784398288.169800993	1	5620	0
1784398288.169800993	3	5620	0
1784398298.271506762	1	5620	100
1784398298.271506762	3	5620	0
1784398308.375203842	1	5620	81
1784398308.375203842	3	5620	76
1784398318.478865552	1	5620	0
1784398318.478865552	3	5620	0
1784398328.650300821	1	5620	0
1784398328.650300821	3	5620	0
1784398338.749399681	1	5620	0
1784398338.749399681	3	5620	100
1784398348.882917649	1	5620	0
1784398348.882917649	3	5620	100
1784398358.987353488	1	5620	0
1784398358.987353488	3	5620	0
1784398369.144103589	1	5620	0
1784398369.144103589	3	5620	0
1784398379.230001016	1	5620	0
1784398379.230001016	3	5620	100
1784398389.479774336	1	5620	0
1784398389.479774336	3	5620	0
1784398399.586490428	1	5620	0
1784398399.586490428	3	5620	100
1784398409.700467519	1	5620	0
1784398409.700467519	3	5620	100
1784398419.784289668	1	5620	0
1784398419.784289668	3	5620	0
1784398429.968340451	1	5620	0
1784398429.968340451	3	5620	100
1784398440.063132896	1	5620	0
1784398440.063132896	3	5620	100
1784398450.219126184	1	5620	0
1784398450.219126184	3	5620	0
1784398460.314962819	1	5620	0
1784398460.314962819	3	5620	100
1784398470.488855315	1	5620	7
1784398470.488855315	3	5620	51
1784398480.589689045	1	5620	0
1784398480.589689045	3	5620	100
1784398491.353378729	1	5620	0
1784398491.353378729	3	5620	100
1784398501.447909546	1	5620	0
1784398501.447909546	3	5620	100
1784398511.611990970	1	5620	0
1784398511.611990970	3	5620	100
1784398521.704647864	1	5620	0
1784398521.704647864	3	5620	100
1784398531.871430432	1	5620	0
1784398531.871430432	3	5620	100
1784398541.959501801	1	5620	0
1784398541.959501801	3	5620	100
1784398552.259674863	1	5620	0
1784398552.259674863	3	5620	100
1784398562.361375957	1	5620	100
1784398562.361375957	3	5620	0
1784398572.441980301	1	5620	0
1784398572.441980301	3	5620	100
1784398582.525450178	1	5620	0
1784398582.525450178	3	5620	100
1784398592.682298603	1	5620	100
1784398592.682298603	3	5620	0
1784398602.781675099	1	5620	77
1784398602.781675099	3	5620	59
1784398613.020605568	1	5620	0
1784398613.020605568	3	5620	100
1784398623.119242294	1	5620	69
1784398623.119242294	3	5620	49
1784398633.296618695	1	5620	65
1784398633.296618695	3	5620	3
1784398643.380862787	1	5620	0
1784398643.380862787	3	5620	100
1784398653.518103695	1	5620	68
1784398653.518103695	3	5620	87
1784398663.618494456	1	5620	0
1784398663.618494456	3	5620	100
1784398673.885064630	1	5620	0
1784398673.885064630	3	5620	100
1784398683.986398485	1	5620	66
1784398683.986398485	3	5620	70
1784398694.358115288	1	5620	0
1784398694.358115288	3	5620	100
1784398704.460049804	1	5620	0
1784398704.460049804	3	5620	100
1784398714.794633680	1	5620	0
1784398714.794633680	3	5620	100
1784398724.891717140	1	5620	0
1784398724.891717140	3	5620	100
1784398735.233688447	1	5620	0
1784398735.233688447	3	5620	0
1784398745.329538842	1	5620	0
1784398745.329538842	3	5620	0
1784398755.447536908	1	5620	0
1784398755.447536908	3	5620	0
1784398765.542094541	1	5620	59
1784398765.542094541	3	5620	60
1784398775.669074288	1	5620	75
1784398775.669074288	3	5620	72
1784398785.759910603	1	5620	0
1784398785.759910603	3	5620	0
1784398795.890567450	1	5620	100
1784398795.890567450	3	5620	0
1784398805.978288597	1	5620	0
1784398805.978288597	3	5620	0
1784398816.180266739	1	5620	100
1784398816.180266739	3	5620	0
1784398826.271041318	1	5620	100
1784398826.271041318	3	5620	0
1784398836.376499170	1	5620	100
1784398836.376499170	3	5620	0
1784398846.480665491	1	5620	100
1784398846.480665491	3	5620	0
1784398856.594796016	1	5620	100
1784398856.594796016	3	5620	0
1784398866.677962238	1	5620	22
1784398866.677962238	3	5620	66
1784398876.784984342	1	5620	100
1784398876.784984342	3	5620	29
1784398886.873973927	1	5620	100
1784398886.873973927	3	5620	0
1784398896.961989302	1	5620	100
1784398896.961989302	3	5620	0
1784398907.063307567	1	5620	100
1784398907.063307567	3	5620	0
1784398917.150822132	1	5620	100
1784398917.150822132	3	5620	0
1784398927.249960937	1	5620	100
1784398927.249960937	3	5620	6
1784398937.332277632	1	5620	100
1784398937.332277632	3	5620	0
1784398947.427669608	1	5620	100
1784398947.427669608	3	5620	0
1784398957.535259493	1	5620	100
1784398957.535259493	3	5620	0
1784398967.644741842	1	5620	100
1784398967.644741842	3	5620	0
1784398977.861509143	1	5620	100
1784398977.861509143	3	5620	0
1784398987.945518353	1	5620	100
1784398987.945518353	3	5620	0
1784398998.731049715	1	5620	100
1784398998.731049715	3	5620	0
1784399008.837175471	1	5620	100
1784399008.837175471	3	5620	0
1784399019.140104069	1	5620	0
1784399019.140104069	3	5620	100
1784399029.241777327	1	5620	100
1784399029.241777327	3	5620	0
1784399039.478930086	1	5620	100
1784399039.478930086	3	5620	0
1784399049.566325688	1	5620	7
1784399049.566325688	3	5620	0
1784399059.907693615	1	5620	100
1784399059.907693615	3	5620	0
1784399069.992385504	1	5620	100
1784399069.992385504	3	5620	0
1784399080.175208722	1	5620	100
1784399080.175208722	3	5620	0
1784399090.282585740	1	5620	96
1784399090.282585740	3	5620	65
1784399100.629857945	1	5620	100
1784399100.629857945	3	5620	0
1784399110.735915170	1	5620	100
1784399110.735915170	3	5620	0
1784399121.068664371	1	5620	100
1784399121.068664371	3	5620	0
1784399131.168766139	1	5620	100
1784399131.168766139	3	5620	0
1784399141.413372461	1	5620	100
1784399141.413372461	3	5620	0
1784399151.499802606	1	5620	100
1784399151.499802606	3	5620	0
1784399161.840175146	1	5620	100
1784399161.840175146	3	5620	0
1784399171.938477560	1	5620	0
1784399171.938477560	3	5620	0
1784399182.265552251	1	5620	100
1784399182.265552251	3	5620	36
1784399192.370597062	1	5620	9
1784399192.370597062	3	5620	6
1784399202.721041227	1	5620	17
1784399202.721041227	3	5620	61
1784399212.823665476	1	5620	100
1784399212.823665476	3	5620	0
1784399223.107977244	1	5620	0
1784399223.107977244	3	5620	0
1784399233.214873354	1	5620	0
1784399233.214873354	3	5620	0
1784399243.794721648	1	5620	100
1784399243.794721648	3	5620	0
1784399253.905742340	1	5620	0
1784399253.905742340	3	5620	100
1784399264.286233210	1	5620	0
1784399264.286233210	3	5620	0
1784399274.401059445	1	5620	0
1784399274.401059445	3	5620	0
1784399284.579856960	1	5620	0
1784399284.579856960	3	5620	0
1784399294.688905180	1	5620	0
1784399294.688905180	3	5620	0
1784399304.931736608	1	5620	0
1784399304.931736608	3	5620	0
1784399315.014865561	1	5620	0
1784399315.014865561	3	5620	19
1784399325.344789184	1	5620	0
1784399325.344789184	3	5620	100
1784399335.451454270	1	5620	0
1784399335.451454270	3	5620	0
1784399345.634286146	1	5620	0
1784399345.634286146	3	5620	100
1784399355.745847217	1	5620	0
1784399355.745847217	3	5620	100
1784399365.947497809	1	5620	58
1784399365.947497809	3	5620	100
1784399376.037066422	1	5620	0
1784399376.037066422	3	5620	100
1784399386.285323618	1	5620	0
1784399386.285323618	3	5620	100
1784399396.383654894	1	5620	0
1784399396.383654894	3	5620	0
1784399406.665680900	1	5620	0
1784399406.665680900	3	5620	100
1784399416.770268161	1	5620	0
1784399416.770268161	3	5620	100
1784399427.122536950	1	5620	0
1784399427.122536950	3	5620	96
1784399437.226528793	1	5620	0
1784399437.226528793	3	5620	100
1784399447.608476294	1	5620	73
1784399447.608476294	3	5620	90
1784399457.703549285	1	5620	0
1784399457.703549285	3	5620	100
1784399467.950302878	1	5620	0
1784399467.950302878	3	5620	100
1784399478.042604002	1	5620	72
1784399478.042604002	3	5620	64
1784399488.489337126	1	5620	0
1784399488.489337126	3	5620	100
1784399498.603610189	1	5620	0
1784399498.603610189	3	5620	100
1784399508.916204454	1	5620	100
1784399508.916204454	3	5620	0
1784399519.022861194	1	5620	0
1784399519.022861194	3	5620	0
1784399529.456885887	1	5620	0
1784399529.456885887	3	5620	100
1784399539.549350114	1	5620	44
1784399539.549350114	3	5620	55
1784399549.849344202	1	5620	0
1784399549.849344202	3	5620	100
1784399559.936772567	1	5620	0
1784399559.936772567	3	5620	100
1784399570.290584143	1	5620	0
1784399570.290584143	3	5620	97
1784399580.400062783	1	5620	0
1784399580.400062783	3	5620	100
1784399590.747012818	1	5620	0
1784399590.747012818	3	5620	100
1784399600.843028555	1	5620	0
1784399600.843028555	3	5620	100
1784399611.189928783	1	5620	0
1784399611.189928783	3	5620	84
1784399621.296596547	1	5620	0
1784399621.296596547	3	5620	100
1784399631.503452827	1	5620	37
1784399631.503452827	3	5620	36
1784399641.642995826	1	5620	0
1784399641.642995826	3	5620	100
1784399651.741918078	1	5620	0
1784399651.741918078	3	5620	100
1784399662.383527365	1	5620	54
1784399662.383527365	3	5620	54
1784399672.471821391	1	5620	0
1784399672.471821391	3	5620	100
1784399683.333549134	1	5620	6
1784399683.333549134	3	5620	100
1784399693.423909117	1	5620	0
1784399693.423909117	3	5620	100
1784399703.799530873	1	5620	6
1784399703.799530873	3	5620	11
1784399713.882348829	1	5620	10
1784399713.882348829	3	5620	100
1784399724.124353897	1	5620	0
1784399724.124353897	3	5620	0
1784399734.231593351	1	5620	0
1784399734.231593351	3	5620	0
1784399744.396335919	1	5620	0
1784399744.396335919	3	5620	0
1784399754.509843813	1	5620	0
1784399754.509843813	3	5620	0
1784399764.752258320	1	5620	0
1784399764.752258320	3	5620	0
1784399774.859278140	1	5620	0
1784399774.859278140	3	5620	0
1784399785.139795388	1	5620	75
1784399785.139795388	3	5620	53
1784399795.245282690	1	5620	0
1784399795.245282690	3	5620	0
1784399805.466611105	1	5620	0
1784399805.466611105	3	5620	0
1784399815.575290353	1	5620	55
1784399815.575290353	3	5620	57
1784399825.867039947	1	5620	0
1784399825.867039947	3	5620	100
1784399835.958305780	1	5620	0
1784399835.958305780	3	5620	0
1784399846.228381832	1	5620	73
1784399846.228381832	3	5620	63
1784399856.329370089	1	5620	0
1784399856.329370089	3	5620	100
1784399866.800265670	1	5620	0
1784399866.800265670	3	5620	0
1784399876.904541609	1	5620	0
1784399876.904541609	3	5620	100
1784399887.220413838	1	5620	0
1784399887.220413838	3	5620	100
1784399897.328397570	1	5620	0
1784399897.328397570	3	5620	100
1784399907.687403588	1	5620	0
1784399907.687403588	3	5620	100
1784399917.790471924	1	5620	0
1784399917.790471924	3	5620	100
1784399928.168528275	1	5620	0
1784399928.168528275	3	5620	100
1784399938.271177776	1	5620	0
1784399938.271177776	3	5620	100
1784399948.519378188	1	5620	0
1784399948.519378188	3	5620	100
1784399958.623067367	1	5620	0
1784399958.623067367	3	5620	100
1784399968.887309563	1	5620	0
1784399968.887309563	3	5620	100
1784399978.970802352	1	5620	0
1784399978.970802352	3	5620	100
1784399989.244197372	1	5620	0
1784399989.244197372	3	5620	100
1784399999.343202668	1	5620	0
1784399999.343202668	3	5620	100
1784400009.606853290	1	5620	0
1784400009.606853290	3	5620	100
1784400019.710823292	1	5620	0
1784400019.710823292	3	5620	100
1784400029.974873674	1	5620	0
1784400029.974873674	3	5620	100
1784400040.069670485	1	5620	65
1784400040.069670485	3	5620	72
1784400050.394943289	1	5620	0
1784400050.394943289	3	5620	100
1784400060.500604878	1	5620	0
1784400060.500604878	3	5620	100
1784400070.771612576	1	5620	65
1784400070.771612576	3	5620	58
1784400080.862290275	1	5620	0
1784400080.862290275	3	5620	100
1784400091.382353061	1	5620	0
1784400091.382353061	3	5620	100
1784400101.471406816	1	5620	70
1784400101.471406816	3	5620	78
1784400111.888750701	1	5620	0
1784400111.888750701	3	5620	100
1784400122.015451302	1	5620	0
1784400122.015451302	3	5620	100
1784400132.503681898	1	5620	58
1784400132.503681898	3	5620	62
1784400142.666469212	1	5620	0
1784400142.666469212	3	5620	100
1784400153.003244850	1	5620	0
1784400153.003244850	3	5620	100
1784400163.092448614	1	5620	65
1784400163.092448614	3	5620	47
1784400173.686830355	1	5620	0
1784400173.686830355	3	5620	100
1784400183.782941771	1	5620	0
1784400183.782941771	3	5620	100
1784400194.400864986	1	5620	0
1784400194.400864986	3	5620	100
1784400204.496413860	1	5620	0
1784400204.496413860	3	5620	100
1784400214.829391865	1	5620	0
1784400214.829391865	3	5620	0
1784400224.934517481	1	5620	0
1784400224.934517481	3	5620	0
1784400235.361527425	1	5620	0
1784400235.361527425	3	5620	0
1784400245.468708440	1	5620	75
1784400245.468708440	3	5620	88
1784400256.043714881	1	5620	0
1784400256.043714881	3	5620	0
1784400266.147145884	1	5620	0
1784400266.147145884	3	5620	0
1784400276.508431377	1	5620	100
1784400276.508431377	3	5620	0
1784400286.590959073	1	5620	0
1784400286.590959073	3	5620	0
1784400297.008834017	1	5620	0
1784400297.008834017	3	5620	0
1784400307.113830139	1	5620	0
1784400307.113830139	3	5620	0
1784400317.497528393	1	5620	0
1784400317.497528393	3	5620	0
1784400327.585944395	1	5620	0
1784400327.585944395	3	5620	100
1784400338.135497720	1	5620	0
1784400338.135497720	3	5620	0
1784400348.248714371	1	5620	75
1784400348.248714371	3	5620	79
1784400358.747612510	1	5620	0
1784400358.747612510	3	5620	100
1784400368.843581363	1	5620	0
1784400368.843581363	3	5620	100
1784400379.225719639	1	5620	0
1784400379.225719639	3	5620	100
1784400389.328126215	1	5620	0
1784400389.328126215	3	5620	100
1784400399.811891087	1	5620	0
1784400399.811891087	3	5620	0
1784400409.898384074	1	5620	0
1784400409.898384074	3	5620	100
1784400420.400264246	1	5620	0
1784400420.400264246	3	5620	100
1784400430.487635825	1	5620	0
1784400430.487635825	3	5620	0
1784400441.112342905	1	5620	0
1784400441.112342905	3	5620	100
1784400451.202704827	1	5620	0
1784400451.202704827	3	5620	100
1784400461.632771671	1	5620	0
1784400461.632771671	3	5620	37
1784400471.714622340	1	5620	0
1784400471.714622340	3	5620	100
1784400482.123837647	1	5620	0
1784400482.123837647	3	5620	100
1784400492.224529060	1	5620	0
1784400492.224529060	3	5620	100
1784400502.643563529	1	5620	0
1784400502.643563529	3	5620	100
1784400512.728955806	1	5620	0
1784400512.728955806	3	5620	100
1784400523.182494011	1	5620	0
1784400523.182494011	3	5620	100
1784400533.269816537	1	5620	0
1784400533.269816537	3	5620	100
1784400543.650226695	1	5620	32
1784400543.650226695	3	5620	100
1784400553.747383750	1	5620	0
1784400553.747383750	3	5620	100
1784400564.195657567	1	5620	0
1784400564.195657567	3	5620	100
1784400574.306675358	1	5620	0
1784400574.306675358	3	5620	100
1784400584.535649661	1	5620	0
1784400584.535649661	3	5620	100
1784400594.640325187	1	5620	0
1784400594.640325187	3	5620	100
1784400605.165802409	1	5620	22
1784400605.165802409	3	5620	22
1784400615.267768658	1	5620	0
1784400615.267768658	3	5620	100
1784400625.793168017	1	5620	0
1784400625.793168017	3	5620	100
1784400635.874428040	1	5620	56
1784400635.874428040	3	5620	62
1784400646.522021464	1	5620	0
1784400646.522021464	3	5620	100
1784400656.623269804	1	5620	0
1784400656.623269804	3	5620	100
1784400667.005661817	1	5620	0
1784400667.005661817	3	5620	100
1784400677.099241265	1	5620	0
1784400677.099241265	3	5620	100
1784400687.534634743	1	5620	0
1784400687.534634743	3	5620	100
1784400697.631247943	1	5620	0
1784400697.631247943	3	5620	100
1784400708.183193368	1	5620	0
1784400708.183193368	3	5620	100
1784400718.280060684	1	5620	46
1784400718.280060684	3	5620	100
1784400728.623554487	1	5620	0
1784400728.623554487	3	5620	0
1784400738.722623541	1	5620	0
1784400738.722623541	3	5620	0
1784400748.998929357	1	5620	0
1784400748.998929357	3	5620	0
1784400759.101480539	1	5620	0
1784400759.101480539	3	5620	0
1784400769.545707332	1	5620	0
1784400769.545707332	3	5620	0
1784400779.649868473	1	5620	0
1784400779.649868473	3	5620	0
1784400790.053328007	1	5620	100
1784400790.053328007	3	5620	0
1784400800.137520309	1	5620	0
1784400800.137520309	3	5620	0
1784400810.556492904	1	5620	0
1784400810.556492904	3	5620	0
1784400820.656829446	1	5620	0
1784400820.656829446	3	5620	0
1784400831.054486773	1	5620	0
1784400831.054486773	3	5620	0
1784400841.139868001	1	5620	0
1784400841.139868001	3	5620	100
1784400851.571531373	1	5620	100
1784400851.571531373	3	5620	0
1784400861.656632616	1	5620	97
1784400861.656632616	3	5620	0
1784400872.130488697	1	5620	0
1784400872.130488697	3	5620	100
1784400882.265312671	1	5620	0
1784400882.265312671	3	5620	100
1784400892.689578540	1	5620	0
1784400892.689578540	3	5620	100
1784400902.793408233	1	5620	0
1784400902.793408233	3	5620	100
1784400913.253368838	1	5620	0
1784400913.253368838	3	5620	0
1784400923.353718144	1	5620	0
1784400923.353718144	3	5620	100
1784400933.794156678	1	5620	0
1784400933.794156678	3	5620	100
1784400943.897634275	1	5620	0
1784400943.897634275	3	5620	100
1784400954.331242000	1	5620	0
1784400954.331242000	3	5620	100
1784400964.416007539	1	5620	0
1784400964.416007539	3	5620	100
1784400975.051010751	1	5620	0
1784400975.051010751	3	5620	100
1784400985.189593542	1	5620	0
1784400985.189593542	3	5620	100
1784400995.759375058	1	5620	0
1784400995.759375058	3	5620	100
1784401005.851654724	1	5620	0
1784401005.851654724	3	5620	100
1784401016.226574869	1	5620	0
1784401016.226574869	3	5620	100
1784401026.324047522	1	5620	0
1784401026.324047522	3	5620	100
1784401036.807043240	1	5620	0
1784401036.807043240	3	5620	100
1784401046.935568239	1	5620	0
1784401046.935568239	3	5620	100
1784401057.389385255	1	5620	88
1784401057.389385255	3	5620	71
1784401067.476222208	1	5620	0
1784401067.476222208	3	5620	100
1784401077.964241452	1	5620	0
1784401077.964241452	3	5620	100
1784401088.062822918	1	5620	0
1784401088.062822918	3	5620	97
1784401098.492018980	1	5620	0
1784401098.492018980	3	5620	100
1784401108.583482222	1	5620	0
1784401108.583482222	3	5620	100
1784401119.057711247	1	5620	0
1784401119.057711247	3	5620	100
1784401129.148029256	1	5620	0
1784401129.148029256	3	5620	100
1784401139.806914014	1	5620	0
1784401139.806914014	3	5620	100
1784401149.912066883	1	5620	0
1784401149.912066883	3	5620	100
1784401160.254420717	1	5620	0
1784401160.254420717	3	5620	100
1784401170.334821580	1	5620	0
1784401170.334821580	3	5620	100
1784401180.816135445	1	5620	0
1784401180.816135445	3	5620	100
1784401190.930899394	1	5620	0
1784401190.930899394	3	5620	100
1784401201.558508047	1	5620	0
1784401201.558508047	3	5620	100
1784401211.674707525	1	5620	0
1784401211.674707525	3	5620	100
1784401222.270627487	1	5620	0
1784401222.270627487	3	5620	100
1784401232.367280455	1	5620	0
1784401232.367280455	3	5620	100
1784401242.910324115	1	5620	0
1784401242.910324115	3	5620	0
1784401253.004058290	1	5620	0
1784401253.004058290	3	5620	0
1784401263.255449017	1	5620	0
1784401263.255449017	3	5620	0
1784401273.364076070	1	5620	100
1784401273.364076070	3	5620	0
1784401283.717290333	1	5620	0
1784401283.717290333	3	5620	0
1784401293.818922188	1	5620	0
1784401293.818922188	3	5620	0
1784401304.202951342	1	5620	100
1784401304.202951342	3	5620	0
1784401314.303622081	1	5620	0
1784401314.303622081	3	5620	0
1784401324.766904839	1	5620	0
1784401324.766904839	3	5620	0
1784401334.861421697	1	5620	100
1784401334.861421697	3	5620	0
1784401344.944313545	1	5620	0
1784401344.944313545	3	5620	0
1784401355.660395594	1	5620	0
1784401355.660395594	3	5620	100
1784401365.747719461	1	5620	100
1784401365.747719461	3	5620	0
1784401376.099495355	1	5620	100
1784401376.099495355	3	5620	5
1784401386.194646500	1	5620	0
1784401386.194646500	3	5620	100
1784401396.727974668	1	5620	0
1784401396.727974668	3	5620	100
1784401406.831187869	1	5620	37
1784401406.831187869	3	5620	45
1784401417.301919354	1	5620	0
1784401417.301919354	3	5620	100
1784401427.387117218	1	5620	0
1784401427.387117218	3	5620	100
1784401437.824278095	1	5620	100
1784401437.824278095	3	5620	0
1784401447.927899960	1	5620	0
1784401447.927899960	3	5620	100
1784401458.335208099	1	5620	0
1784401458.335208099	3	5620	100
1784401468.425926234	1	5620	0
1784401468.425926234	3	5620	100
1784401478.808064128	1	5620	0
1784401478.808064128	3	5620	100
1784401488.906283553	1	5620	0
1784401488.906283553	3	5620	100
1784401499.240122466	1	5620	0
1784401499.240122466	3	5620	100
1784401509.328286707	1	5620	0
1784401509.328286707	3	5620	0
1784401519.680452066	1	5620	0
1784401519.680452066	3	5620	100
1784401529.774930422	1	5620	0
1784401529.774930422	3	5620	100
1784401540.189975241	1	5620	0
1784401540.189975241	3	5620	100
1784401550.273047795	1	5620	0
1784401550.273047795	3	5620	100
1784401560.677444465	1	5620	0
1784401560.677444465	3	5620	100
1784401570.781917950	1	5620	0
1784401570.781917950	3	5620	100
1784401581.159905123	1	5620	0
1784401581.159905123	3	5620	100
1784401591.256384741	1	5620	0
1784401591.256384741	3	5620	100
1784401601.696905210	1	5620	0
1784401601.696905210	3	5620	100
1784401611.796543116	1	5620	100
1784401611.796543116	3	5620	19
1784401622.325583628	1	5620	0
1784401622.325583628	3	5620	100
1784401632.426452838	1	5620	0
1784401632.426452838	3	5620	100
1784401642.803916457	1	5620	0
1784401642.803916457	3	5620	100
1784401652.890962921	1	5620	0
1784401652.890962921	3	5620	100
1784401663.534577490	1	5620	0
1784401663.534577490	3	5620	100
1784401673.626452009	1	5620	0
1784401673.626452009	3	5620	100
1784401684.311989967	1	5620	40
1784401684.311989967	3	5620	59
1784401694.406885520	1	5620	0
1784401694.406885520	3	5620	100
1784401704.977832679	1	5620	0
1784401704.977832679	3	5620	100
1784401715.076954097	1	5620	0
1784401715.076954097	3	5620	100
1784401725.718796434	1	5620	0
1784401725.718796434	3	5620	100
1784401735.827739248	1	5620	0
1784401735.827739248	3	5620	100
1784401746.460715089	1	5620	0
1784401746.460715089	3	5620	100
1784401756.557800847	1	5620	0
1784401756.557800847	3	5620	0
1784401767.040345006	1	5620	0
1784401767.040345006	3	5620	1
1784401777.140243664	1	5620	100
1784401777.140243664	3	5620	0
1784401787.643293936	1	5620	69
1784401787.643293936	3	5620	83
1784401797.759711706	1	5620	0
1784401797.759711706	3	5620	0
1784401808.213767257	1	5620	0
1784401808.213767257	3	5620	0
1784401818.324339160	1	5620	0
1784401818.324339160	3	5620	100
1784401828.692243530	1	5620	0
1784401828.692243530	3	5620	0
1784401838.784669361	1	5620	0
1784401838.784669361	3	5620	100
1784401849.131227072	1	5620	33
1784401849.131227072	3	5620	55
1784401859.213512320	1	5620	0
1784401859.213512320	3	5620	100
1784401869.717609627	1	5620	0
1784401869.717609627	3	5620	100
1784401879.817126930	1	5620	6
1784401879.817126930	3	5620	100
1784401890.175713455	1	5620	0
1784401890.175713455	3	5620	58
1784401900.274077447	1	5620	0
1784401900.274077447	3	5620	100
1784401910.742849736	1	5620	0
1784401910.742849736	3	5620	100
1784401920.851295485	1	5620	0
1784401920.851295485	3	5620	100
1784401931.285716743	1	5620	0
1784401931.285716743	3	5620	100
1784401941.371021796	1	5620	0
1784401941.371021796	3	5620	96
1784401951.987415513	1	5620	0
1784401951.987415513	3	5620	100
1784401962.074180342	1	5620	0
1784401962.074180342	3	5620	100
1784401972.652754413	1	5620	0
1784401972.652754413	3	5620	100
1784401982.763454129	1	5620	0
1784401982.763454129	3	5620	100
1784401993.218418480	1	5620	77
1784401993.218418480	3	5620	52
1784402003.327137752	1	5620	0
1784402003.327137752	3	5620	100
1784402013.742013231	1	5620	0
1784402013.742013231	3	5620	100
1784402023.832311292	1	5620	0
1784402023.832311292	3	5620	49
1784402034.247858410	1	5620	0
1784402034.247858410	3	5620	100
1784402044.351985490	1	5620	0
1784402044.351985490	3	5620	100
1784402054.618080009	1	5620	0
1784402054.618080009	3	5620	100
1784402064.727054246	1	5620	43
1784402064.727054246	3	5620	56
1784402074.816719420	1	5620	0
1784402074.816719420	3	5620	100
1784402084.905784107	1	5620	0
1784402084.905784107	3	5620	100
1784402094.993083843	1	5620	0
1784402094.993083843	3	5620	100
1784402105.085277771	1	5620	0
1784402105.085277771	3	5620	100
1784402115.185629198	1	5620	0
1784402115.185629198	3	5620	100
1784402125.274588417	1	5620	0
1784402125.274588417	3	5620	0
1784402135.377772651	1	5620	0
1784402135.377772651	3	5620	100
1784402146.165020014	1	5620	0
1784402146.165020014	3	5620	100
1784402156.251214022	1	5620	0
1784402156.251214022	3	5620	100
1784402166.352153745	1	5620	0
1784402166.352153745	3	5620	100
1784402176.689882926	1	5620	0
1784402176.689882926	3	5620	100
1784402186.793521459	1	5620	0
1784402186.793521459	3	5620	100
1784402197.256022236	1	5620	0
1784402197.256022236	3	5620	100
1784402207.350728995	1	5620	0
1784402207.350728995	3	5620	100
1784402217.961877313	1	5620	0
1784402217.961877313	3	5620	100
1784402228.064394149	1	5620	0
1784402228.064394149	3	5622	100
1784402238.748007785	1	5620	0
1784402238.748007785	3	5622	100
1784402248.849670665	1	5620	0
1784402248.849670665	3	5622	100
1784402259.519603792	1	5620	18
1784402259.519603792	3	5622	100
1784402269.618940550	1	5620	0
1784402269.618940550	3	5622	100
1784402280.227328105	1	5620	0
1784402280.227328105	3	5622	0
1784402290.309199912	1	5620	0
1784402290.309199912	3	5622	0
1784402300.661202241	1	5620	100
1784402300.661202241	3	5622	0
1784402310.741436661	1	5620	100
1784402310.741436661	3	5622	0
1784402321.173673886	1	5620	0
1784402321.173673886	3	5622	0
1784402331.274490346	1	5620	100
1784402331.274490346	3	5622	0
1784402341.604312139	1	5620	100
1784402341.604312139	3	5622	0
1784402351.692978182	1	5620	0
1784402351.692978182	3	5622	0
1784402361.786197762	1	5620	100
1784402361.786197762	3	5622	0
1784402371.882370542	1	5620	100
1784402371.882370542	3	5622	0
1784402381.974466762	1	5620	55
1784402381.974466762	3	5622	69
1784402392.072106178	1	5620	100
1784402392.072106178	3	5622	6
1784402402.163475432	1	5620	100
1784402402.163475432	3	5622	0
1784402412.964614811	1	5620	100
1784402412.964614811	3	5622	0
1784402423.049649035	1	5620	0
1784402423.049649035	3	5622	100
1784402433.647180137	1	5620	100
1784402433.647180137	3	5622	0
1784402443.759767578	1	5620	100
1784402443.759767578	3	5622	0
1784402454.540692686	1	5620	0
1784402454.540692686	3	5622	100
1784402464.623347619	1	5620	100
1784402464.623347619	3	5622	0
1784402475.422724964	1	5620	0
1784402475.422724964	3	5622	1
1784402485.522398851	1	5620	0
1784402485.522398851	3	5622	100
1784402495.964641025	1	5620	100
1784402495.964641025	3	5622	0
1784402506.063501077	1	5620	0
1784402506.063501077	3	5622	100
1784402516.539387676	1	5620	0
1784402516.539387676	3	5622	100
1784402526.637101214	1	5620	100
1784402526.637101214	3	5622	0
1784402537.118774253	1	5620	0
1784402537.118774253	3	5622	100
1784402547.215357545	1	5620	0
1784402547.215357545	3	5622	100
1784402557.707432457	1	5620	100
1784402557.707432457	3	5622	0
1784402567.790047193	1	5620	0
1784402567.790047193	3	5622	100
1784402578.248134473	1	5620	0
1784402578.248134473	3	5622	100
1784402588.333034607	1	5620	0
1784402588.333034607	3	5622	94
1784402598.934582953	1	5620	0
1784402598.934582953	3	5622	100
1784402609.039405969	1	5620	0
1784402609.039405969	3	5622	100
1784402619.394264268	1	5620	74
1784402619.394264268	3	5622	75
1784402630.274022172	1	5620	0
1784402630.274022172	3	5622	100
1784402640.369605795	1	5620	0
1784402640.369605795	3	5622	100
1784402650.456047300	1	5620	88
1784402650.456047300	3	5622	27
1784402660.541195460	1	5620	0
1784402660.541195460	3	5622	100
1784402670.649968286	1	5620	0
1784402670.649968286	3	5622	100
1784402680.736670723	1	5620	23
1784402680.736670723	3	5622	100
1784402690.821928061	1	5620	0
1784402690.821928061	3	5622	100
1784402700.918607278	1	5620	0
1784402700.918607278	3	5622	100
1784402711.013835238	1	5620	0
1784402711.013835238	3	5622	100
1784402721.106265845	1	5620	0
1784402721.106265845	3	5622	100
1784402731.204440436	1	5620	0
1784402731.204440436	3	5622	100
1784402741.448750056	1	5620	0
1784402741.448750056	3	5622	100
1784402751.531899141	1	5620	0
1784402751.531899141	3	5622	100
1784402762.103374125	1	5620	0
1784402762.103374125	3	5622	100
1784402772.179828010	1	5620	0
1784402772.179828010	3	5622	41
1784402782.646694126	1	5620	0
1784402782.646694126	3	5622	100
1784402792.742170065	1	5620	0
1784402792.742170065	3	5622	100
1784402803.209052210	1	5620	0
1784402803.209052210	3	5622	0
1784402813.290492223	1	5620	0
1784402813.290492223	3	5622	0
1784402823.656321104	1	5620	100
1784402823.656321104	3	5622	0
1784402833.736252373	1	5620	65
1784402833.736252373	3	5622	63
1784402843.825372607	1	5620	0
1784402843.825372607	3	5622	0
1784402853.910216230	1	5620	100
1784402853.910216230	3	5622	0
1784402863.999660757	1	5620	100
1784402863.999660757	3	5622	11
1784402874.090156530	1	5620	0
1784402874.090156530	3	5622	0
1784402884.171572588	1	5620	100
1784402884.171572588	3	5622	0
1784402894.267455834	1	5620	100
1784402894.267455834	3	5622	0
1784402904.823088346	1	5620	0
1784402904.823088346	3	5622	0
1784402914.906407815	1	5620	0
1784402914.906407815	3	5622	0
1784402925.400594630	1	5620	100
1784402925.400594630	3	5622	0
1784402935.497975436	1	5620	0
1784402935.497975436	3	5622	0
1784402945.942469636	1	5620	0
1784402945.942469636	3	5622	100
1784402956.029801875	1	5620	100
1784402956.029801875	3	5622	0
1784402966.476708688	1	5620	73
1784402966.476708688	3	5622	45
1784402976.565243740	1	5620	0
1784402976.565243740	3	5622	100
1784402987.160419844	1	5620	0
1784402987.160419844	3	5622	0
1784402997.249754549	1	5620	0
1784402997.249754549	3	5622	100
1784403007.625777572	1	5620	0
1784403007.625777572	3	5622	100
1784403017.722454676	1	5620	0
1784403017.722454676	3	5622	0
1784403028.228874097	1	5620	0
1784403028.228874097	3	5622	100
1784403038.321961295	1	5620	0
1784403038.321961295	3	5622	100
1784403048.866723069	1	5620	100
1784403048.866723069	3	5622	0
1784403058.974926942	1	5620	0
1784403058.974926942	3	5622	100
1784403069.451152717	1	5620	0
1784403069.451152717	3	5622	100
1784403079.530038666	1	5620	0
1784403079.530038666	3	5622	0
1784403090.089992628	1	5620	0
1784403090.089992628	3	5622	100
1784403100.171037341	1	5620	0
1784403100.171037341	3	5622	100
1784403110.602822431	1	5620	0
1784403110.602822431	3	5622	0
1784403120.695971515	1	5620	0
1784403120.695971515	3	5622	100
1784403131.290882351	1	5620	67
1784403131.290882351	3	5622	65
1784403141.380779716	1	5620	0
1784403141.380779716	3	5622	100
1784403151.931940345	1	5620	0
1784403151.931940345	3	5622	100
1784403162.030651339	1	5620	77
1784403162.030651339	3	5622	6
1784403172.609283144	1	5620	0
1784403172.609283144	3	5622	100
1784403182.690885530	1	5620	0
1784403182.690885530	3	5622	100
1784403193.314259672	1	5620	82
1784403193.314259672	3	5622	50
1784403203.405864929	1	5620	0
1784403203.405864929	3	5622	100
1784403213.914718876	1	5620	0
1784403213.914718876	3	5622	100
1784403224.009124649	1	5620	2
1784403224.009124649	3	5622	100
1784403234.422414015	1	5620	0
1784403234.422414015	3	5622	100
1784403244.522927079	1	5620	0
1784403244.522927079	3	5622	100
1784403255.094953880	1	5620	52
1784403255.094953880	3	5622	100
1784403265.195893764	1	5620	0
1784403265.195893764	3	5622	100
1784403275.776555490	1	5620	0
1784403275.776555490	3	5622	100
1784403285.861661656	1	5620	0
1784403285.861661656	3	5622	100
1784403296.462949397	1	5620	0
1784403296.462949397	3	5622	100
1784403306.563755088	1	5620	0
1784403306.563755088	3	5622	100
1784403317.187580286	1	5620	0
1784403317.187580286	3	5622	0
1784403327.289823382	1	5620	0
1784403327.289823382	3	5622	0
1784403337.688183152	1	5620	0
1784403337.688183152	3	5622	0
1784403347.781304301	1	5620	100
1784403347.781304301	3	5622	0
1784403358.201236897	1	5620	57
1784403358.201236897	3	5622	71
1784403368.312237222	1	5620	0
1784403368.312237222	3	5622	0
1784403378.718382574	1	5620	100
1784403378.718382574	3	5622	0
1784403388.825649954	1	5620	100
1784403388.825649954	3	5622	0
1784403399.336655241	1	5620	100
1784403399.336655241	3	5622	0
1784403409.436301036	1	5620	100
1784403409.436301036	3	5622	0
1784403419.764744746	1	5620	100
1784403419.764744746	3	5622	0
1784403429.863442412	1	5620	100
1784403429.863442412	3	5622	45
1784403440.269787603	1	5620	100
1784403440.269787603	3	5622	0
1784403450.376958027	1	5620	15
1784403450.376958027	3	5622	92
1784403460.676443924	1	5620	0
1784403460.676443924	3	5622	100
1784403470.780647235	1	5620	100
1784403470.780647235	3	5622	0
1784403481.263494277	1	5620	91
1784403481.263494277	3	5622	70
1784403491.378101008	1	5620	0
1784403491.378101008	3	5622	100
1784403501.812154439	1	5620	100
1784403501.812154439	3	5622	0
1784403511.898070204	1	5953	100
1784403511.898070204	3	5622	0
1784403525.293029498	1	6179	100
1784403525.293029498	3	5622	0
1784403538.856865178	1	6179	100
1784403538.856865178	3	5622	0
1784403548.944998818	1	6179	75
1784403548.944998818	3	5622	54
1784403559.034463365	1	6179	8
1784403559.034463365	3	5622	100
1784403569.124554042	1	6179	100
1784403569.124554042	3	5622	0
1784403579.230756573	1	6179	7
1784403579.230756573	3	5622	100
1784403589.328598773	1	6179	12
1784403589.328598773	3	5622	100
1784403599.439902210	1	6179	8
1784403599.439902210	3	5622	0
1784403609.546343770	1	6179	8
1784403609.546343770	3	5622	100
1784403619.626932541	1	6179	100
1784403619.626932541	3	5622	32
1784403629.708414810	1	6179	8
1784403629.708414810	3	5622	0
1784403639.873010553	1	6179	7
1784403639.873010553	3	5622	100
1784403649.965935043	1	6179	90
1784403649.965935043	3	5622	95
1784403660.050438623	1	6179	9
1784403660.050438623	3	5622	0
1784403670.130024908	1	6179	7
1784403670.130024908	3	5622	100
1784403680.216173280	1	6179	8
1784403680.216173280	3	5622	100
1784403690.312714063	1	6179	8
1784403690.312714063	3	5622	0
1784403700.415184860	1	6179	7
1784403700.415184860	3	5622	100
1784403710.514946495	1	6179	10
1784403710.514946495	3	5622	100
1784403720.615580935	1	6179	6
1784403720.615580935	3	5622	100
1784403730.716017266	1	6179	8
1784403730.716017266	3	5622	17
1784403740.912623496	1	6179	6
1784403740.912623496	3	5622	100
1784403751.005088928	1	6179	6
1784403751.005088928	3	5622	100
1784403761.108277346	1	6179	41
1784403761.108277346	3	5622	75
1784403771.226538231	1	6179	7
1784403771.226538231	3	5622	100
1784403781.330869320	1	6179	7
1784403781.330869320	3	5622	100
1784403791.415884268	1	6179	63
1784403791.415884268	3	5622	69
1784403801.519573069	1	6179	9
1784403801.519573069	3	5622	100
1784403811.604096442	1	5620	0
1784403811.604096442	3	5622	100
1784403821.689819076	1	5620	64
1784403821.689819076	3	5622	61
1784403832.527254237	1	5620	0
1784403832.527254237	3	5622	100
1784403842.624741814	1	5620	0
1784403842.624741814	3	5622	100
1784403853.147220419	1	5620	0
1784403853.147220419	3	5622	100
1784403863.228620275	1	5620	0
1784403863.228620275	3	5622	0
1784403873.762862561	1	5620	0
1784403873.762862561	3	5622	0
1784403883.851733938	1	5620	7
1784403883.851733938	3	5622	0
1784403894.388611213	1	5620	0
1784403894.388611213	3	5622	100
1784403904.472785903	1	5620	0
1784403904.472785903	3	5622	0
1784403915.086316366	1	5620	0
1784403915.086316366	3	5622	0
1784403925.185582351	1	5620	100
1784403925.185582351	3	5622	0
1784403935.735551906	1	5620	0
1784403935.735551906	3	5622	0
1784403945.817881897	1	5620	0
1784403945.817881897	3	5622	0
1784403956.321482880	1	5620	100
1784403956.321482880	3	5622	25
1784403966.441758606	1	5620	0
1784403966.441758606	3	5622	0
1784403976.937343446	1	5620	0
1784403976.937343446	3	5622	100
1784403987.021594471	1	5620	100
1784403987.021594471	3	5622	0
1784403997.413441941	1	5620	0
1784403997.413441941	3	5622	0
1784404007.503963129	1	5620	0
1784404007.503963129	3	5622	100
1784404017.999959768	1	5620	100
1784404017.999959768	3	5622	0
1784404028.081351777	1	5620	76
1784404028.081351777	3	5622	88
1784404038.569387941	1	5620	0
1784404038.569387941	3	5622	100
1784404048.657317880	1	5620	36
1784404048.657317880	3	5622	68
1784404059.157309402	1	5620	38
1784404059.157309402	3	5622	100
1784404069.242234177	1	5620	0
1784404069.242234177	3	5622	100
1784404079.626976963	1	5620	47
1784404079.626976963	3	5622	100
1784404089.718097161	1	5620	0
1784404089.718097161	3	5622	100
1784404100.183816305	1	5620	0
1784404100.183816305	3	5622	100
1784404110.274195059	1	5620	0
1784404110.274195059	3	5622	100
1784404120.795481184	1	5620	0
1784404120.795481184	3	5622	100
1784404130.894651263	1	5620	0
1784404130.894651263	3	5622	100
1784404141.377009465	1	5953	0
1784404141.377009465	3	5622	100
1784404151.475386145	1	6245	0
1784404151.475386145	3	5622	100
1784404162.762084371	1	6245	100
1784404162.762084371	3	5622	0
1784404172.868420973	1	6245	1
1784404172.868420973	3	5622	100
1784404182.979740805	1	6245	8
1784404182.979740805	3	5622	100
1784404193.099785353	1	6245	9
1784404193.099785353	3	5622	100
1784404203.197187645	1	6245	10
1784404203.197187645	3	5622	32
1784404213.296994770	1	6245	9
1784404213.296994770	3	5622	100
1784404223.422362152	1	6245	7
1784404223.422362152	3	5622	100
1784404233.546587452	1	6245	11
1784404233.546587452	3	5622	100
1784404243.649998355	1	6245	90
1784404243.649998355	3	5622	100
1784404253.741695764	1	6245	100
1784404253.741695764	3	5622	0
1784404263.833784397	1	6245	13
1784404263.833784397	3	5622	100
1784404274.072395092	1	6245	5
1784404274.072395092	3	5622	100
1784404284.166041082	1	6245	8
1784404284.166041082	3	5622	100
1784404294.273024638	1	6245	37
1784404294.273024638	3	5622	42
1784404304.357089977	1	6245	0
1784404304.357089977	3	5622	100
1784404314.448629567	1	6245	6
1784404314.448629567	3	5622	0
1784404324.556598135	1	6245	2
1784404324.556598135	3	5622	100
1784404334.669119733	1	5620	54
1784404334.669119733	3	5622	76
1784404344.759350816	1	5953	0
1784404344.759350816	3	5622	100
1784404354.836566445	1	6195	9
1784404354.836566445	3	5622	100
1784404364.924908297	1	6195	12
1784404364.924908297	3	5622	100
1784404375.005635823	1	6195	4
1784404375.005635823	3	5622	100
1784404385.087784202	1	6195	12
1784404385.087784202	3	5622	100
1784404395.176746222	1	6195	13
1784404395.176746222	3	5622	100
1784404405.259866929	1	6195	91
1784404405.259866929	3	5622	82
1784404415.344948743	1	6195	8
1784404415.344948743	3	5622	0
1784404425.461390265	1	6195	9
1784404425.461390265	3	5622	0
1784404435.571540876	1	6195	8
1784404435.571540876	3	5622	0
1784404445.666945620	1	6195	100
1784404445.666945620	3	5622	0
1784404455.760703823	1	6195	7
1784404455.760703823	3	5622	0
1784404465.847902899	1	6195	8
1784404465.847902899	3	5622	0
1784404476.605259292	1	6195	11
1784404476.605259292	3	5622	0
1784404486.706128468	1	6195	100
1784404486.706128468	3	5622	0
1784404496.805017351	1	6195	6
1784404496.805017351	3	5622	0
1784404506.913316552	1	6195	7
1784404506.913316552	3	5622	0
1784404517.033877241	1	6195	100
1784404517.033877241	3	5622	0
1784404527.181439602	1	6195	66
1784404527.181439602	3	5622	83
1784404537.272217303	1	6195	6
1784404537.272217303	3	5622	0
1784404547.361504745	1	6195	9
1784404547.361504745	3	5622	100
1784404558.110494257	1	6195	100
1784404558.110494257	3	5622	0
1784404568.197042105	1	6195	83
1784404568.197042105	3	5622	95
1784404578.300637272	1	6195	6
1784404578.300637272	3	5622	0
1784404588.391405291	1	6195	11
1784404588.391405291	3	5622	100
1784404598.483264115	1	6195	100
1784404598.483264115	3	5622	0
1784404608.584097325	1	6195	7
1784404608.584097325	3	5622	100
1784404618.692457855	1	6195	8
1784404618.692457855	3	5622	100
1784404628.778578838	1	5620	26
1784404628.778578838	3	5622	0
1784404638.885267592	1	5953	0
1784404638.885267592	3	5622	100
1784404648.984190382	1	6245	0
1784404648.984190382	3	5622	100
1784404659.090602976	1	6245	16
1784404659.090602976	3	5622	100
1784404669.194187479	1	6245	11
1784404669.194187479	3	5622	100
1784404679.302185439	1	6245	10
1784404679.302185439	3	5622	100
1784404689.395892694	1	6245	2
1784404689.395892694	3	5622	100
1784404699.483334580	1	6245	5
1784404699.483334580	3	5622	100
1784404709.589137417	1	6245	7
1784404709.589137417	3	5622	100
1784404719.686278082	1	6245	8
1784404719.686278082	3	5622	100
1784404729.786870748	1	6245	8
1784404729.786870748	3	5622	100
1784404739.875198004	1	6245	13
1784404739.875198004	3	5622	100
1784404749.966169069	1	6245	11
1784404749.966169069	3	5622	100
1784404760.051542492	1	6245	13
1784404760.051542492	3	5622	100
1784404770.158900862	1	6245	0
1784404770.158900862	3	5622	100
1784404780.243719716	1	5620	0
1784404780.243719716	3	5622	100
1784404790.347145122	1	5953	0
1784404790.347145122	3	5622	100
1784404800.449548717	1	6245	14
1784404800.449548717	3	5622	100
1784404810.537857624	1	6245	5
1784404810.537857624	3	5622	100
1784404820.638980030	1	6245	9
1784404820.638980030	3	5622	100
1784404830.724770244	1	6245	8
1784404830.724770244	3	5622	100
1784404840.819173515	1	6245	9
1784404840.819173515	3	5622	100
1784404850.921219769	1	6245	5
1784404850.921219769	3	5622	100
1784404861.015526298	1	6245	8
1784404861.015526298	3	5622	100
1784404871.100661733	1	6245	8
1784404871.100661733	3	5622	100
1784404881.195419078	1	6245	14
1784404881.195419078	3	5622	97
1784404891.280844019	1	6245	12
1784404891.280844019	3	5622	100
1784404901.383690699	1	6245	3
1784404901.383690699	3	5622	100
1784404911.487142824	1	6245	8
1784404911.487142824	3	5622	100
1784404921.598883340	1	6245	11
1784404921.598883340	3	5622	100
1784404931.699033919	1	6245	8
1784404931.699033919	3	5622	100
1784404941.785968415	1	6245	76
1784404941.785968415	3	5622	71
1784404951.868349846	1	6245	14
1784404951.868349846	3	5622	100
1784404961.978337300	1	6245	8
1784404961.978337300	3	5622	100
1784404972.079015824	1	6245	70
1784404972.079015824	3	5622	19
1784404982.175503489	1	6245	16
1784404982.175503489	3	5622	100
1784404992.258581368	1	5620	0
1784404992.258581368	3	5622	100
1784405002.382620953	1	5620	0
1784405002.382620953	3	5622	0
1784405012.467226357	1	5953	0
1784405012.467226357	3	5622	0
1784405022.551703766	1	6195	9
1784405022.551703766	3	5622	0
1784405032.644379672	1	6195	9
1784405032.644379672	3	5622	0
1784405042.735868825	1	6195	11
1784405042.735868825	3	5622	0
1784405052.833280138	1	6195	10
1784405052.833280138	3	5622	0
1784405062.930515400	1	6195	100
1784405062.930515400	3	5622	0
1784405073.012377576	1	6195	8
1784405073.012377576	3	5622	0
1784405083.097267294	1	6195	6
1784405083.097267294	3	5622	0
1784405093.188749293	1	6195	9
1784405093.188749293	3	5622	0
1784405103.285938274	1	6195	6
1784405103.285938274	3	5622	17
1784405113.398748181	1	6195	9
1784405113.398748181	3	5622	0
1784405123.477072328	1	6195	7
1784405123.477072328	3	5622	100
1784405133.565331433	1	6195	9
1784405133.565331433	3	5622	0
1784405143.649076438	1	6195	8
1784405143.649076438	3	5622	100
1784405153.746108227	1	6195	7
1784405153.746108227	3	5622	100
1784405163.830719085	1	6195	8
1784405163.830719085	3	5622	100
1784405173.912887238	1	6195	100
1784405173.912887238	3	5622	0
1784405184.000567093	1	6195	10
1784405184.000567093	3	5622	100
1784405194.088654102	1	6195	7
1784405194.088654102	3	5622	100
1784405204.202713120	1	6195	8
1784405204.202713120	3	5622	100
1784405214.304557828	1	6195	10
1784405214.304557828	3	5622	100
1784405224.401928706	1	6195	100
1784405224.401928706	3	5622	0
1784405234.490710994	1	6195	10
1784405234.490710994	3	5622	100
1784405244.598122742	1	6195	10
1784405244.598122742	3	5622	100
1784405254.695293211	1	6195	8
1784405254.695293211	3	5622	100
1784405264.792185399	1	6195	76
1784405264.792185399	3	5622	93
1784405274.879489128	1	6195	6
1784405274.879489128	3	5622	0
1784405285.017566477	1	6195	9
1784405285.017566477	3	5622	100
1784405295.105744885	1	5620	0
1784405295.105744885	3	5622	49
1784405305.215478324	1	5620	0
1784405305.215478324	3	5622	100
1784405315.316195909	1	5953	0
1784405315.316195909	3	5622	100
1784405325.410324325	1	6245	5
1784405325.410324325	3	5622	100
1784405335.507605755	1	6245	5
1784405335.507605755	3	5622	100
1784405345.598415761	1	6245	66
1784405345.598415761	3	5622	77
1784405355.689662773	1	6245	9
1784405355.689662773	3	5622	100
1784405365.782856940	1	6245	10
1784405365.782856940	3	5622	100
1784405375.893249214	1	6245	100
1784405375.893249214	3	5622	0
1784405385.979461704	1	6245	11
1784405385.979461704	3	5622	100
1784405396.070950335	1	6245	9
1784405396.070950335	3	5622	100
1784405406.154930906	1	6245	7
1784405406.154930906	3	5622	100
1784405416.273589320	1	6245	8
1784405416.273589320	3	5622	100
1784405426.370657056	1	6245	0
1784405426.370657056	3	5622	100
1784405436.470421814	1	6245	10
1784405436.470421814	3	5622	100
1784405446.556896529	1	6245	13
1784405446.556896529	3	5622	100
1784405456.730778205	1	6245	10
1784405456.730778205	3	5622	100
1784405466.823658347	1	6245	1
1784405466.823658347	3	5622	100
1784405476.941976499	1	6245	7
1784405476.941976499	3	5622	100
1784405487.060930599	1	6245	7
1784405487.060930599	3	5622	100
1784405497.185447087	1	6245	0
1784405497.185447087	3	5622	100
1784405507.282751279	1	5620	0
1784405507.282751279	3	5622	100
1784405517.381753264	1	5953	0
1784405517.381753264	3	5622	100
1784405527.482645456	1	6181	7
1784405527.482645456	3	5622	100
1784405537.615130497	1	6181	11
1784405537.615130497	3	5622	100
1784405547.709274547	1	6181	8
1784405547.709274547	3	5622	100
1784405557.822523297	1	6181	83
1784405557.822523297	3	5622	90
1784405567.901079369	1	6181	10
1784405567.901079369	3	5622	100
1784405578.010882680	1	6181	9
1784405578.010882680	3	5622	100
1784405588.096686150	1	6181	11
1784405588.096686150	3	5622	100
1784405598.194611226	1	6181	9
1784405598.194611226	3	5622	0
1784405608.288238463	1	6181	7
1784405608.288238463	3	5622	0
1784405618.382085227	1	6181	8
1784405618.382085227	3	5622	0
1784405628.474975593	1	6181	100
1784405628.474975593	3	5622	0
1784405638.561988920	1	6181	100
1784405638.561988920	3	5622	0
1784405648.670375133	1	6181	8
1784405648.670375133	3	5622	0
1784405658.777597424	1	6181	100
1784405658.777597424	3	5622	0
1784405668.884958094	1	6181	100
1784405668.884958094	3	5622	0
1784405679.052247530	1	6181	8
1784405679.052247530	3	5622	0
1784405689.136639910	1	6181	100
1784405689.136639910	3	5622	0
1784405699.560916181	1	6181	8
1784405699.560916181	3	5622	0
1784405709.645109551	1	6181	91
1784405709.645109551	3	5622	100
1784405720.071580524	1	6181	5
1784405720.071580524	3	5622	0
1784405730.192220066	1	6181	9
1784405730.192220066	3	5622	0
1784405740.642094048	1	6181	86
1784405740.642094048	3	5622	68
1784405750.767311554	1	6181	7
1784405750.767311554	3	5622	100
1784405761.273720578	1	6181	5
1784405761.273720578	3	5622	0
1784405771.364944830	1	6181	100
1784405771.364944830	3	5622	6
1784405781.870363150	1	6181	6
1784405781.870363150	3	5622	6
1784405791.952866603	1	6181	9
1784405791.952866603	3	5622	0
1784405802.522004538	1	6181	7
1784405802.522004538	3	5622	100
1784405812.633561483	1	6181	100
1784405812.633561483	3	5622	0
1784405823.381496554	1	6181	5
1784405823.381496554	3	5622	0
1784405833.482481647	1	6181	5
1784405833.482481647	3	5622	100
1784405843.914144194	1	6181	100
1784405843.914144194	3	5622	0
1784405854.001981567	1	6181	9
1784405854.001981567	3	5622	0
1784405864.714134092	1	6181	4
1784405864.714134092	3	5622	100
1784405874.842801405	1	6181	100
1784405874.842801405	3	5622	0
1784405885.338899950	1	6181	7
1784405885.338899950	3	5622	0
1784405895.475038846	1	6181	7
1784405895.475038846	3	5622	100
1784405905.963827725	1	6181	98
1784405905.963827725	3	5622	0
1784405916.073693553	1	6181	9
1784405916.073693553	3	5622	0
1784405926.738365447	1	6181	9
1784405926.738365447	3	5622	100
1784405936.836662674	1	6181	100
1784405936.836662674	3	5622	0
1784405947.486130958	1	6181	9
1784405947.486130958	3	5622	0
1784405957.597292521	1	6181	9
1784405957.597292521	3	5622	100
1784405968.138363023	1	6181	8
1784405968.138363023	3	5622	0
1784405978.225577980	1	6181	9
1784405978.225577980	3	5622	100
1784405988.869614595	1	6181	5
1784405988.869614595	3	5622	100
1784405998.952327676	1	5620	100
1784405998.952327676	3	5622	0
1784406009.591051031	1	5620	0
1784406009.591051031	3	5622	0
1784406019.691608618	1	5620	0
1784406019.691608618	3	5622	100
1784406030.211922831	1	5620	0
1784406030.211922831	3	5622	100
1784406040.332299707	1	5620	0
1784406040.332299707	3	5622	0
1784406050.880656073	1	5620	0
1784406050.880656073	3	5622	100
1784406060.964099721	1	5620	0
1784406060.964099721	3	5622	100
1784406071.571468437	1	5620	43
1784406071.571468437	3	5622	40
1784406081.654956431	1	5620	0
1784406081.654956431	3	5622	100
1784406092.401362514	1	5620	0
1784406092.401362514	3	5622	100
1784406102.499085051	1	5620	6
1784406102.499085051	3	5622	18
1784406113.195819237	1	5620	0
1784406113.195819237	3	5622	100
1784406123.290657180	1	5620	0
1784406123.290657180	3	5622	100
1784406133.829159063	1	5620	0
1784406133.829159063	3	5622	0
1784406143.955704219	1	5620	0
1784406143.955704219	3	5622	0
1784406154.207480790	1	5620	0
1784406154.207480790	3	5622	0
1784406164.292299761	1	5620	42
1784406164.292299761	3	5622	0
1784406174.871010855	1	5620	0
1784406174.871010855	3	5622	0
1784406184.970003475	1	5620	0
1784406184.970003475	3	5622	0
1784406195.629626642	1	5620	100
1784406195.629626642	3	5622	0
1784406205.713001311	1	5620	0
1784406205.713001311	3	5622	0
1784406216.233987749	1	5620	0
1784406216.233987749	3	5622	0
1784406226.330888713	1	5620	0
1784406226.330888713	3	5622	25
1784406236.684880321	1	5620	0
1784406236.684880321	3	5622	0
1784406246.787793913	1	5620	0
1784406246.787793913	3	5622	100
1784406257.346604656	1	5620	0
1784406257.346604656	3	5622	0
1784406267.446443556	1	5620	0
1784406267.446443556	3	5622	100
1784406278.051896800	1	5620	0
1784406278.051896800	3	5622	100
1784406288.148742060	1	5620	0
1784406288.148742060	3	5622	100
1784406298.591213971	1	5620	0
1784406298.591213971	3	5622	100
1784406308.692962186	1	5620	0
1784406308.692962186	3	5622	100
1784406319.211705884	1	5620	0
1784406319.211705884	3	5622	72
1784406329.322572511	1	5620	0
1784406329.322572511	3	5622	100
1784406339.731792180	1	5620	0
1784406339.731792180	3	5622	100
1784406349.823227500	1	5620	7
1784406349.823227500	3	5622	30
1784406360.313858497	1	5620	0
1784406360.313858497	3	5622	100
1784406370.416244054	1	5620	0
1784406370.416244054	3	5622	100
1784406380.895103626	1	5620	3
1784406380.895103626	3	5622	100
1784406391.003177610	1	5620	0
1784406391.003177610	3	5622	100
1784406401.406041306	1	5620	0
1784406401.406041306	3	5622	100
1784406411.498542982	1	5620	0
1784406411.498542982	3	5622	100
1784406422.056751716	1	5620	0
1784406422.056751716	3	5622	100
1784406432.145989456	1	5620	0
1784406432.145989456	3	5622	100
1784406442.603742245	1	5620	0
1784406442.603742245	3	5622	100
1784406452.705274492	1	5620	0
1784406452.705274492	3	5622	100
1784406463.124597359	1	5620	5
1784406463.124597359	3	5622	74
1784406473.214519692	1	5620	0
1784406473.214519692	3	5622	100
1784406483.745606096	1	5620	0
1784406483.745606096	3	5622	100
1784406493.829786634	1	5620	0
1784406493.829786634	3	5622	100
1784406504.126416447	1	5620	0
1784406504.126416447	3	5622	100
1784406514.217234103	1	5620	0
1784406514.217234103	3	5622	100
1784406524.490823800	1	5620	0
1784406524.490823800	3	5622	100
1784406534.571992114	1	5620	0
1784406534.571992114	3	5622	100
1784406544.973619754	1	5620	0
1784406544.973619754	3	5622	100
1784406555.076922103	1	5620	68
1784406555.076922103	3	5622	72
1784406565.422333038	1	5620	0
1784406565.422333038	3	5622	100
1784406575.524980399	1	5620	95
1784406575.524980399	3	5622	65
1784406585.939504249	1	5620	0
1784406585.939504249	3	5622	100
1784406596.038656126	1	5620	0
1784406596.038656126	3	5622	100
1784406606.652037766	1	5620	0
1784406606.652037766	3	5622	100
1784406616.759010539	1	5620	0
1784406616.759010539	3	5622	100
1784406627.377092362	1	5620	0
1784406627.377092362	3	5622	100
1784406637.481578673	1	5620	0
1784406637.481578673	3	5622	100
1784406647.582094194	1	5620	0
1784406647.582094194	3	5622	0
1784406657.682974502	1	5620	0
1784406657.682974502	3	5622	0
1784406667.769064935	1	5620	0
1784406667.769064935	3	5622	0
1784406678.471954122	1	5620	84
1784406678.471954122	3	5622	59
1784406688.559650784	1	5620	0
1784406688.559650784	3	5622	0
1784406699.108281422	1	5620	0
1784406699.108281422	3	5622	0
1784406709.194618262	1	5620	0
1784406709.194618262	3	5622	100
1784406719.309510677	1	5620	0
1784406719.309510677	3	5622	0
1784406730.014436368	1	5620	0
1784406730.014436368	3	5622	0
1784406740.103862289	1	5620	0
1784406740.103862289	3	5622	100
1784406750.199273076	1	5620	0
1784406750.199273076	3	5622	0
1784406760.304685784	1	5620	0
1784406760.304685784	3	5622	100
1784406770.404354042	1	5620	100
1784406770.404354042	3	5622	0
1784406780.485769868	1	5620	0
1784406780.485769868	3	5622	0
1784406790.586312793	1	5620	0
1784406790.586312793	3	5622	100
1784406800.686370915	1	5620	0
1784406800.686370915	3	5622	100
1784406810.767586359	1	5620	0
1784406810.767586359	3	5622	100
1784406821.191498736	1	5620	0
1784406821.191498736	3	5622	100
1784406831.293816989	1	5620	70
1784406831.293816989	3	5622	95
1784406841.383370395	1	5620	0
1784406841.383370395	3	5622	100
1784406851.461135739	1	5620	0
1784406851.461135739	3	5622	100
1784406861.735274347	1	5620	0
1784406861.735274347	3	5622	100
1784406871.840175882	1	5620	0
1784406871.840175882	3	5622	100
1784406881.932674446	1	5620	0
1784406881.932674446	3	5622	100
1784406892.027691845	1	5620	0
1784406892.027691845	3	5622	100
1784406902.516693469	1	5620	0
1784406902.516693469	3	5622	100
1784406912.619946925	1	5620	61
1784406912.619946925	3	5622	86
1784406922.702066177	1	5620	0
1784406922.702066177	3	5622	100
1784406932.787998830	1	5620	0
1784406932.787998830	3	5622	100
1784406942.882068113	1	5620	43
1784406942.882068113	3	5622	77
1784406953.583213651	1	5620	0
1784406953.583213651	3	5622	100
1784406963.682904695	1	5620	0
1784406963.682904695	3	5622	100
1784406973.773036466	1	5620	14
1784406973.773036466	3	5622	56
1784406983.856494466	1	5620	0
1784406983.856494466	3	5622	100
1784406993.967844415	1	5620	0
1784406993.967844415	3	5622	100
1784407004.069068793	1	5620	63
1784407004.069068793	3	5622	77
1784407014.155671683	1	5620	0
1784407014.155671683	3	5622	100
1784407024.236494090	1	5620	0
1784407024.236494090	3	5622	100
1784407034.341224672	1	5620	9
1784407034.341224672	3	5622	60
1784407044.421984141	1	5620	0
1784407044.421984141	3	5622	100
1784407055.258095961	1	5620	71
1784407055.258095961	3	5622	14
1784407065.364493515	1	5620	0
1784407065.364493515	3	5622	100
1784407075.451989154	1	5620	0
1784407075.451989154	3	5622	100
1784407085.544679746	1	5620	0
1784407085.544679746	3	5622	100
1784407096.194007321	1	5620	0
1784407096.194007321	3	5622	100
1784407106.279667542	1	5620	0
1784407106.279667542	3	5622	100
1784407116.374666559	1	5620	0
1784407116.374666559	3	5622	100
1784407127.181023000	1	5620	0
1784407127.181023000	3	5622	100
1784407137.282706934	1	5620	0
1784407137.282706934	3	5622	100
1784407147.363428294	1	5620	0
1784407147.363428294	3	5622	100
1784407157.693663602	1	5620	40
1784407157.693663602	3	5622	100
1784407167.789537689	1	5620	0
1784407167.789537689	3	5622	0
1784407177.887300653	1	5620	0
1784407177.887300653	3	5622	0
1784407187.987088527	1	5620	100
1784407187.987088527	3	5622	0
1784407198.077288191	1	5620	74
1784407198.077288191	3	5622	89
1784407208.185676430	1	5620	0
1784407208.185676430	3	5622	0
1784407218.279297675	1	5620	44
1784407218.279297675	3	5622	59
1784407228.366730045	1	5620	69
1784407228.366730045	3	5622	62
1784407238.464678864	1	5620	0
1784407238.464678864	3	5622	0
1784407248.574163729	1	5620	100
1784407248.574163729	3	5622	6
1784407258.662390508	1	5620	0
1784407258.662390508	3	5622	97
1784407268.747890558	1	5620	0
1784407268.747890558	3	5622	0
1784407278.833382365	1	5620	0
1784407278.833382365	3	5622	0
1784407288.928244921	1	5620	33
1784407288.928244921	3	5622	42
1784407299.027116355	1	5620	0
1784407299.027116355	3	5622	0
1784407309.127042796	1	5620	0
1784407309.127042796	3	5622	100
1784407319.995058659	1	5620	0
1784407319.995058659	3	5622	100
1784407330.104608336	1	5620	0
1784407330.104608336	3	5622	0
1784407340.187692166	1	5620	0
1784407340.187692166	3	5622	100
1784407350.273686509	1	5620	0
1784407350.273686509	3	5622	100
1784407360.367409460	1	5620	0
1784407360.367409460	3	5622	0
1784407370.454201057	1	5620	0
1784407370.454201057	3	5622	100
1784407380.539033083	1	5620	0
1784407380.539033083	3	5622	100
1784407390.638762449	1	5620	0
1784407390.638762449	3	5622	100
1784407401.187776704	1	5620	0
1784407401.187776704	3	5622	100
1784407411.287062352	1	5620	0
1784407411.287062352	3	5622	100
1784407421.644356585	1	5620	0
1784407421.644356585	3	5622	100
1784407431.728072178	1	5620	0
1784407431.728072178	3	5622	100
1784407442.115126957	1	5620	71
1784407442.115126957	3	5622	65
1784407452.199050301	1	5620	0
1784407452.199050301	3	5622	100
1784407462.655853831	1	5620	12
1784407462.655853831	3	5622	100
1784407472.746717098	1	5620	0
1784407472.746717098	3	5622	100
1784407483.250129197	1	5620	0
1784407483.250129197	3	5622	100
1784407493.361217938	1	5620	0
1784407493.361217938	3	5622	100
1784407503.928816844	1	5620	0
1784407503.928816844	3	5622	100
1784407514.020337105	1	5620	6
1784407514.020337105	3	5622	100
1784407524.418645924	1	5620	0
1784407524.418645924	3	5622	100
1784407534.504917717	1	5620	70
1784407534.504917717	3	5622	100
1784407545.101658142	1	5620	0
1784407545.101658142	3	5622	100
1784407555.202498748	1	5620	0
1784407555.202498748	3	5622	100
1784407565.630441127	1	5620	0
1784407565.630441127	3	5622	100
1784407575.741857405	1	5620	0
1784407575.741857405	3	5622	100
1784407586.084204188	1	5620	0
1784407586.084204188	3	5622	100
1784407596.167906002	1	5620	0
1784407596.167906002	3	5622	100
1784407606.728034111	1	5620	0
1784407606.728034111	3	5622	100
1784407616.836977203	1	5620	0
1784407616.836977203	3	5622	100
1784407627.328509988	1	5620	0
1784407627.328509988	3	5622	100
1784407637.434700731	1	5620	0
1784407637.434700731	3	5622	100
1784407648.069904427	1	5620	0
1784407648.069904427	3	5622	100
1784407658.168177122	1	5620	0
1784407658.168177122	3	5622	100
1784407668.810763251	1	5620	0
1784407668.810763251	3	5622	0
1784407678.905398584	1	5620	0
1784407678.905398584	3	5622	0
1784407689.357124903	1	5620	0
1784407689.357124903	3	5622	0
1784407699.447456631	1	5620	23
1784407699.447456631	3	5622	94
1784407709.917234225	1	5620	0
1784407709.917234225	3	5622	0
1784407720.003758610	1	5620	0
1784407720.003758610	3	5622	0
1784407730.514449256	1	5620	100
1784407730.514449256	3	5622	0
1784407740.596786253	1	5620	0
1784407740.596786253	3	5622	0
1784407751.240120325	1	5620	0
1784407751.240120325	3	5622	0
1784407761.323913722	1	5620	0
1784407761.323913722	3	5622	0
1784407771.654870862	1	5620	0
1784407771.654870862	3	5622	0
1784407781.736913224	1	5620	0
1784407781.736913224	3	5622	100
1784407792.123484830	1	5620	0
1784407792.123484830	3	5622	0
1784407802.219231699	1	5620	0
1784407802.219231699	3	5622	100
1784407812.607745392	1	5620	0
1784407812.607745392	3	5622	100
1784407822.691243089	1	5620	0
1784407822.691243089	3	5622	100
1784407833.030959436	1	5620	0
1784407833.030959436	3	5622	100
1784407843.134773694	1	5620	0
1784407843.134773694	3	5622	100
1784407853.660085736	1	5620	0
1784407853.660085736	3	5622	0
1784407863.758780720	1	5620	0
1784407863.758780720	3	5622	100
1784407874.074626151	1	5620	0
1784407874.074626151	3	5622	100
1784407884.182983904	1	5620	0
1784407884.182983904	3	5622	100
1784407894.683310040	1	5620	0
1784407894.683310040	3	5622	100
1784407904.787438640	1	5620	0
1784407904.787438640	3	5622	100
1784407915.185393883	1	5620	0
1784407915.185393883	3	5622	100
1784407925.267802071	1	5620	0
1784407925.267802071	3	5622	100
1784407935.776696341	1	5620	15
1784407935.776696341	3	5622	96
1784407945.885784092	1	5620	0
1784407945.885784092	3	5622	100
1784407956.344064972	1	5620	0
1784407956.344064972	3	5622	100
1784407966.436010924	1	5620	67
1784407966.436010924	3	5622	0
1784407976.918386818	1	5620	96
1784407976.918386818	3	5622	14
1784407987.028233487	1	5620	0
1784407987.028233487	3	5622	100
1784407997.458129445	1	5620	90
1784407997.458129445	3	5622	47
1784408007.554821348	1	5620	0
1784408007.554821348	3	5622	100
1784408017.964890489	1	5620	0
1784408017.964890489	3	5622	100
1784408028.051189093	1	5620	20
1784408028.051189093	3	5622	100
1784408038.600640088	1	5620	0
1784408038.600640088	3	5622	100
1784408048.686121505	1	5620	0
1784408048.686121505	3	5622	100
1784408059.162042859	1	5620	0
1784408059.162042859	3	5622	100
1784408069.275855470	1	5620	0
1784408069.275855470	3	5622	100
1784408079.370264251	1	5620	0
1784408079.370264251	3	5622	100
1784408089.472936299	1	5620	0
1784408089.472936299	3	5622	0
1784408099.995851112	1	5620	0
1784408099.995851112	3	5622	100
1784408110.093979760	1	5620	0
1784408110.093979760	3	5622	100
1784408120.571244908	1	5620	64
1784408120.571244908	3	5622	70
1784408130.657239086	1	5620	0
1784408130.657239086	3	5622	100
1784408141.203602719	1	5620	0
1784408141.203602719	3	5622	100
1784408151.305155116	1	5620	0
1784408151.305155116	3	5622	100
1784408161.977816796	1	5620	0
1784408161.977816796	3	5622	76
1784408172.068981616	1	5620	0
1784408172.068981616	3	5622	0
1784408182.590886286	1	5620	0
1784408182.590886286	3	5622	0
1784408192.678837266	1	5620	0
1784408192.678837266	3	5622	0
1784408202.923763546	1	5620	100
1784408202.923763546	3	5622	0
1784408213.026770317	1	5620	79
1784408213.026770317	3	5622	65
1784408223.122650225	1	5620	0
1784408223.122650225	3	5622	0
1784408233.209722525	1	5620	100
1784408233.209722525	3	5622	0
1784408243.300087578	1	5620	0
1784408243.300087578	3	5622	100
1784408253.719338543	1	5620	100
1784408253.719338543	3	5622	0
1784408263.817517825	1	5620	100
1784408263.817517825	3	5622	0
1784408274.133402124	1	5620	0
1784408274.133402124	3	5622	100
1784408284.224457477	1	5620	100
1784408284.224457477	3	5622	0
1784408294.692830998	1	5620	100
1784408294.692830998	3	5622	0
1784408304.775714264	1	5620	100
1784408304.775714264	3	5622	0
1784408315.139832929	1	5620	0
1784408315.139832929	3	5622	0
1784408325.222361412	1	5620	100
1784408325.222361412	3	5622	0
1784408335.709965140	1	5620	100
1784408335.709965140	3	5622	0
1784408345.811746491	1	5620	100
1784408345.811746491	3	5622	0
1784408356.202903724	1	5620	100
1784408356.202903724	3	5622	0
1784408366.280790598	1	5620	100
1784408366.280790598	3	5622	0
1784408376.579273746	1	5620	100
1784408376.579273746	3	5622	0
1784408386.662514222	1	5620	100
1784408386.662514222	3	5622	0
1784408397.126463748	1	5620	100
1784408397.126463748	3	5622	0
1784408407.234417544	1	5620	100
1784408407.234417544	3	5622	0
1784408417.627170062	1	5620	100
1784408417.627170062	3	5622	0
1784408427.732829930	1	5620	100
1784408427.732829930	3	5622	0
1784408438.173224884	1	5620	100
1784408438.173224884	3	5622	0
1784408448.267786434	1	5620	0
1784408448.267786434	3	5622	10
1784408458.788463173	1	5620	100
1784408458.788463173	3	5622	0
1784408468.867256421	1	5620	100
1784408468.867256421	3	5622	0
1784408479.265961006	1	5620	100
1784408479.265961006	3	5622	0
1784408489.359583908	1	5620	100
1784408489.359583908	3	5622	0
1784408500.241020414	1	5620	100
1784408500.241020414	3	5622	0
1784408510.330582776	1	5620	100
1784408510.330582776	3	5622	0
1784408520.429319038	1	5620	0
1784408520.429319038	3	5622	96
1784408530.529928784	1	5620	100
1784408530.529928784	3	5622	0
1784408540.633658865	1	5620	100
1784408540.633658865	3	5622	0
1784408550.717407100	1	5620	0
1784408550.717407100	3	5622	0
1784408560.801936177	1	5620	100
1784408560.801936177	3	5622	0
1784408571.387122135	1	5620	100
1784408571.387122135	3	5622	0
1784408581.492244833	1	5620	3
1784408581.492244833	3	5622	61
1784408591.579321801	1	5620	100
1784408591.579321801	3	5622	0
1784408601.676994188	1	5620	100
1784408601.676994188	3	5622	0
1784408611.775411615	1	5620	100
1784408611.775411615	3	5622	0
1784408621.872113405	1	5620	100
1784408621.872113405	3	5622	0
1784408632.166285002	1	5620	100
1784408632.166285002	3	5622	0
1784408642.270707557	1	5620	0
1784408642.270707557	3	5622	100
1784408652.348309379	1	5620	100
1784408652.348309379	3	5622	0
1784408662.431097357	1	5620	73
1784408662.431097357	3	5622	100
1784408672.526184981	1	5620	100
1784408672.526184981	3	5622	0
1784408683.112016356	1	5620	0
1784408683.112016356	3	5622	0
1784408693.219854095	1	5620	0
1784408693.219854095	3	5622	0
1784408703.325198148	1	5620	100
1784408703.325198148	3	5622	0
1784408713.422033775	1	5620	71
1784408713.422033775	3	5622	76
1784408723.512818493	1	5620	0
1784408723.512818493	3	5622	0
1784408733.963285266	1	5620	0
1784408733.963285266	3	5622	0
1784408744.063303359	1	5620	100
1784408744.063303359	3	5622	0
1784408754.707087843	1	5620	0
1784408754.707087843	3	5622	0
1784408764.802610951	1	5620	0
1784408764.802610951	3	5622	100
1784408775.731217660	1	5620	100
1784408775.731217660	3	5622	0
1784408785.845953300	1	5620	0
1784408785.845953300	3	5622	100
1784408796.383327170	1	5620	0
1784408796.383327170	3	5622	100
1784408806.694837485	1	5620	100
1784408806.694837485	3	5622	0
1784408816.785346348	1	5620	0
1784408816.785346348	3	5622	100
1784408827.344749635	1	5620	0
1784408827.344749635	3	5622	100
1784408837.446386176	1	5620	100
1784408837.446386176	3	5622	0
1784408847.933300901	1	5620	0
1784408847.933300901	3	5622	100
1784408858.039428279	1	5620	0
1784408858.039428279	3	5622	100
1784408868.631214314	1	5620	0
1784408868.631214314	3	5622	0
1784408878.735499676	1	5620	100
1784408878.735499676	3	5622	25
1784408889.390075527	1	5620	0
1784408889.390075527	3	5622	100
1784408899.486499303	1	5620	0
1784408899.486499303	3	5622	100
1784408909.927673034	1	5620	0
1784408909.927673034	3	5622	100
1784408920.026059240	1	5620	0
1784408920.026059240	3	5622	100
1784408930.613003866	1	5620	0
1784408930.613003866	3	5622	100
1784408940.710638320	1	5620	0
1784408940.710638320	3	5622	100
1784408951.228851362	1	5620	0
1784408951.228851362	3	5622	100
1784408961.333435872	1	5620	0
1784408961.333435872	3	5622	100
1784408971.925563321	1	5620	0
1784408971.925563321	3	5622	100
1784408982.027168094	1	5620	100
1784408982.027168094	3	5622	0
1784408992.637273387	1	5620	0
1784408992.637273387	3	5622	100
1784409002.726995558	1	5620	0
1784409002.726995558	3	5622	100
1784409013.132524901	1	5620	0
1784409013.132524901	3	5622	100
1784409023.222148207	1	5620	0
1784409023.222148207	3	5622	100
1784409033.611414141	1	5620	0
1784409033.611414141	3	5622	100
1784409043.715608870	1	5620	0
1784409043.715608870	3	5622	100
1784409054.262678753	1	5620	59
1784409054.262678753	3	5622	73
1784409064.347606763	1	5620	0
1784409064.347606763	3	5622	100
1784409074.860147806	1	5620	6
1784409074.860147806	3	5622	100
1784409084.952574796	1	5620	0
1784409084.952574796	3	5622	100
1784409095.406698174	1	5620	0
1784409095.406698174	3	5622	100
1784409105.509740791	1	5620	55
1784409105.509740791	3	5622	64
1784409116.443752955	1	5620	0
1784409116.443752955	3	5622	100
1784409126.527885682	1	5620	0
1784409126.527885682	3	5622	100
1784409136.632421854	1	5620	0
1784409136.632421854	3	5622	100
1784409146.734745527	1	5620	0
1784409146.734745527	3	5622	100
1784409156.833571093	1	5620	0
1784409156.833571093	3	5622	100
1784409167.134821412	1	5620	0
1784409167.134821412	3	5622	100
1784409177.214400250	1	5620	69
1784409177.214400250	3	5622	58
1784409187.753565330	1	5620	0
1784409187.753565330	3	5622	0
1784409197.857879404	1	5620	0
1784409197.857879404	3	5622	0
1784409208.285216004	1	5620	0
1784409208.285216004	3	5622	0
1784409218.378174965	1	5620	100
1784409218.378174965	3	5622	0
1784409228.907790019	1	5620	100
1784409228.907790019	3	5622	0
1784409239.017225348	1	5620	0
1784409239.017225348	3	5622	0
1784409249.425711076	1	5620	100
1784409249.425711076	3	5622	0
1784409259.531465974	1	5620	100
1784409259.531465974	3	5622	0
1784409269.866214648	1	5620	0
1784409269.866214648	3	5622	0
1784409279.948343313	1	5620	0
1784409279.948343313	3	5622	0
1784409290.431978838	1	5620	100
1784409290.431978838	3	5622	0
1784409300.531910695	1	5620	0
1784409300.531910695	3	5622	0
1784409311.077150552	1	5620	0
1784409311.077150552	3	5622	0
1784409321.175664737	1	5620	100
1784409321.175664737	3	5622	0
1784409331.586849151	1	5620	70
1784409331.586849151	3	5622	35
1784409341.674173887	1	5620	0
1784409341.674173887	3	5622	100
1784409352.314175981	1	5620	100
1784409352.314175981	3	5622	0
1784409362.418289142	1	5620	100
1784409362.418289142	3	5622	0
1784409372.819117094	1	5620	0
1784409372.819117094	3	5622	0
1784409382.905158988	1	5620	100
1784409382.905158988	3	5622	0
1784409393.147403033	1	5620	100
1784409393.147403033	3	5622	0
1784409403.250290007	1	5620	0
1784409403.250290007	3	5622	0
1784409413.334515549	1	5620	100
1784409413.334515549	3	5622	0
1784409423.450681449	1	5620	100
1784409423.450681449	3	5622	0
1784409433.552714691	1	5620	100
1784409433.552714691	3	5622	3
1784409443.663720905	1	5620	100
1784409443.663720905	3	5622	0
1784409453.770979426	1	5620	100
1784409453.770979426	3	5622	0
1784409463.881802904	1	5620	100
1784409463.881802904	3	5622	0
1784409474.302487635	1	5620	0
1784409474.302487635	3	5622	100
1784409484.399283080	1	5620	100
1784409484.399283080	3	5622	0
1784409494.487296495	1	5620	100
1784409494.487296495	3	5622	0
1784409504.585873168	1	5620	100
1784409504.585873168	3	5622	0
1784409514.690313530	1	5620	100
1784409514.690313530	3	5622	0
1784409525.328984273	1	5620	16
1784409525.328984273	3	5622	0
1784409535.432336945	1	5620	100
1784409535.432336945	3	5622	0
1784409545.521470289	1	5620	100
1784409545.521470289	3	5622	0
1784409555.606558159	1	5620	100
1784409555.606558159	3	5622	0
1784409565.711363725	1	5620	100
1784409565.711363725	3	5622	0
1784409575.792540738	1	5620	69
1784409575.792540738	3	5622	100
1784409585.888126537	1	5620	100
1784409585.888126537	3	5622	0
1784409595.998133673	1	5620	100
1784409595.998133673	3	5622	0
1784409606.099793542	1	5620	100
1784409606.099793542	3	5622	0
1784409616.184535728	1	5620	100
1784409616.184535728	3	5622	0
1784409626.996764610	1	5620	100
1784409626.996764610	3	5622	6
1784409637.257084707	1	5620	100
1784409637.257084707	3	5622	0
1784409647.335879469	1	5620	91
1784409647.335879469	3	5622	44
1784409657.412897302	1	5620	100
1784409657.412897302	3	5622	0
1784409667.494842216	1	5620	100
1784409667.494842216	3	5622	0
1784409677.590406164	1	5620	100
1784409677.590406164	3	5622	0
1784409687.691107123	1	5620	100
1784409687.691107123	3	5622	0
1784409697.787467262	1	5620	100
1784409697.787467262	3	5622	0
1784409707.865165846	1	5620	0
1784409707.865165846	3	5622	0
1784409718.747152552	1	5620	0
1784409718.747152552	3	5622	0
1784409728.854233713	1	5620	0
1784409728.854233713	3	5622	0
1784409739.273078189	1	5620	100
1784409739.273078189	3	5622	0
1784409749.380654515	1	5620	0
1784409749.380654515	3	5622	0
1784409759.932092379	1	5620	0
1784409759.932092379	3	5622	0
1784409770.039396685	1	5620	0
1784409770.039396685	3	5622	100
1784409780.601624317	1	5620	0
1784409780.601624317	3	5622	0
1784409790.714510723	1	5620	0
1784409790.714510723	3	5622	100
1784409801.339061243	1	5620	0
1784409801.339061243	3	5622	100
1784409811.422361266	1	5620	0
1784409811.422361266	3	5622	0
1784409822.027344862	1	5620	0
1784409822.027344862	3	5622	100
1784409832.116167420	1	5620	0
1784409832.116167420	3	5622	100
1784409842.644834231	1	5620	86
1784409842.644834231	3	5622	60
1784409852.901446882	1	5620	0
1784409852.901446882	3	5622	100
1784409862.985514285	1	5620	0
1784409862.985514285	3	5622	100
1784409873.560291580	1	5620	0
1784409873.560291580	3	5622	100
1784409883.655519674	1	5620	74
1784409883.655519674	3	5622	48
1784409894.110642259	1	5620	0
1784409894.110642259	3	5622	100
1784409904.204664964	1	5620	0
1784409904.204664964	3	5622	100
1784409914.717255104	1	5620	97
1784409914.717255104	3	5622	0
1784409924.817556110	1	5620	0
1784409924.817556110	3	5622	100
1784409935.387425666	1	5620	0
1784409935.387425666	3	5622	100
1784409945.498495712	1	5620	76
1784409945.498495712	3	5622	59
1784409955.970285111	1	5620	0
1784409955.970285111	3	5622	100
1784409966.080540368	1	5620	0
1784409966.080540368	3	5622	100
1784409976.754625038	1	5620	0
1784409976.754625038	3	5622	100
1784409986.873861362	1	5620	0
1784409986.873861362	3	5622	100
1784409997.385748680	1	5620	0
1784409997.385748680	3	5622	100
1784410007.483259700	1	5620	0
1784410007.483259700	3	5622	100
1784410017.931743841	1	5620	0
1784410017.931743841	3	5622	100
1784410028.014022944	1	5620	0
1784410028.014022944	3	5622	100
1784410038.569072168	1	5620	0
1784410038.569072168	3	5622	100
1784410048.673897513	1	5620	0
1784410048.673897513	3	5622	100
1784410059.068998945	1	5620	79
1784410059.068998945	3	5622	54
1784410069.164193937	1	5620	0
1784410069.164193937	3	5622	100
1784410079.602218776	1	5620	0
1784410079.602218776	3	5622	100
1784410089.757648356	1	5620	89
1784410089.757648356	3	5622	31
1784410099.860879226	1	5620	0
1784410099.860879226	3	5622	100
1784410110.294862822	1	5620	0
1784410110.294862822	3	5622	100
1784410120.392833538	1	5620	80
1784410120.392833538	3	5622	68
1784410130.841355139	1	5620	0
1784410130.841355139	3	5622	100
1784410140.950714917	1	5620	0
1784410140.950714917	3	5622	100
1784410151.521987555	1	5620	90
1784410151.521987555	3	5622	58
1784410161.611424519	1	5620	0
1784410161.611424519	3	5622	100
1784410172.227667887	1	5620	0
1784410172.227667887	3	5622	100
1784410182.323262722	1	5620	0
1784410182.323262722	3	5622	100
1784410192.924908723	1	5620	0
1784410192.924908723	3	5622	100
1784410203.023565141	1	5620	0
1784410203.023565141	3	5622	100
1784410213.595903168	1	5620	0
1784410213.595903168	3	5622	0
1784410223.695094483	1	5620	0
1784410223.695094483	3	5622	0
1784410233.955921583	1	5620	0
1784410233.955921583	3	5622	0
1784410244.039476578	1	5620	100
1784410244.039476578	3	5622	59
1784410254.538026235	1	5620	0
1784410254.538026235	3	5622	0
1784410264.632999739	1	5620	0
1784410264.632999739	3	5622	0
1784410275.018089797	1	5620	100
1784410275.018089797	3	5622	0
1784410285.116927477	1	5620	0
1784410285.116927477	3	5622	0
1784410295.597405550	1	5620	0
1784410295.597405550	3	5622	0
1784410305.702365615	1	5620	100
1784410305.702365615	3	5622	0
1784410315.923731241	1	5620	0
1784410315.923731241	3	5622	0
1784410326.026287185	1	5620	0
1784410326.026287185	3	5622	100
1784410336.399580866	1	5620	100
1784410336.399580866	3	5622	0
1784410346.498138656	1	5620	76
1784410346.498138656	3	5622	74
1784410357.112633781	1	5620	0
1784410357.112633781	3	5622	100
1784410367.224591628	1	5620	100
1784410367.224591628	3	5622	0
1784410377.627249651	1	5620	100
1784410377.627249651	3	5622	0
1784410387.715218342	1	5620	0
1784410387.715218342	3	5622	100
1784410398.157748783	1	5620	100
1784410398.157748783	3	5622	0
1784410408.246250493	1	5620	52
1784410408.246250493	3	5622	79
1784410419.087202279	1	5620	0
1784410419.087202279	3	5622	100
1784410429.178991030	1	5620	100
1784410429.178991030	3	5622	0
1784410439.584636584	1	5620	100
1784410439.584636584	3	5622	34
1784410449.679679445	1	5620	0
1784410449.679679445	3	5622	100
1784410460.058000696	1	5620	100
1784410460.058000696	3	5622	0
1784410470.162191129	1	5620	93
1784410470.162191129	3	5622	65
1784410480.507171052	1	5620	100
1784410480.507171052	3	5622	0
1784410490.606252036	1	5620	100
1784410490.606252036	3	5622	0
1784410501.138644790	1	5620	3
1784410501.138644790	3	5622	100
1784410511.250871635	1	5620	0
1784410511.250871635	3	5622	0
1784410521.692721614	1	5620	100
1784410521.692721614	3	5622	0
1784410531.788293199	1	5620	13
1784410531.788293199	3	5622	100
1784410542.429485260	1	5620	100
1784410542.429485260	3	5622	0
1784410552.562767411	1	5620	100
1784410552.562767411	3	5622	0
1784410563.107166533	1	5620	100
1784410563.107166533	3	5622	0
1784410573.217851443	1	5620	100
1784410573.217851443	3	5622	0
1784410583.330763408	1	5620	100
1784410583.330763408	3	5622	0
1784410593.453069813	1	5620	100
1784410593.453069813	3	5622	0
1784410603.534567160	1	5620	100
1784410603.534567160	3	5622	77
1784410613.625598235	1	5620	100
1784410613.625598235	3	5622	0
1784410623.808445636	1	5620	100
1784410623.808445636	3	5622	0
1784410634.572622760	1	5620	74
1784410634.572622760	3	5622	0
1784410644.654509626	1	5620	100
1784410644.654509626	3	5622	0
1784410654.733800492	1	5620	100
1784410654.733800492	3	5622	0
1784410664.812415643	1	5620	100
1784410664.812415643	3	5622	0
1784410674.904716198	1	5620	100
1784410674.904716198	3	5622	0
1784410685.012272257	1	5620	96
1784410685.012272257	3	5622	45
1784410695.122496768	1	5620	100
1784410695.122496768	3	5622	0
1784410705.207935196	1	5620	100
1784410705.207935196	3	5622	0
1784410715.308102032	1	5620	100
1784410715.308102032	3	5622	0
1784410725.402739214	1	5620	0
1784410725.402739214	3	5622	0
1784410736.063054019	1	5620	0
1784410736.063054019	3	5622	0
1784410746.176592997	1	5620	0
1784410746.176592997	3	5622	0
1784410756.538133638	1	5620	74
1784410756.538133638	3	5622	64
1784410766.632112253	1	5620	0
1784410766.632112253	3	5622	0
1784410777.301138038	1	5620	0
1784410777.301138038	3	5622	0
1784410787.391089235	1	5620	100
1784410787.391089235	3	5622	0
1784410798.092268107	1	5620	0
1784410798.092268107	3	5622	0
1784410808.174210011	1	5620	0
1784410808.174210011	3	5622	0
1784410818.821262401	1	5620	65
1784410818.821262401	3	5622	44
1784410828.907380124	1	5620	100
1784410828.907380124	3	5622	0
1784410839.456578310	1	5620	0
1784410839.456578310	3	5622	96
1784410849.554934201	1	5620	0
1784410849.554934201	3	5622	100
1784410859.996941592	1	5620	100
1784410859.996941592	3	5622	0
1784410870.094948080	1	5620	0
1784410870.094948080	3	5622	100
1784410880.727326936	1	5620	0
1784410880.727326936	3	5622	100
1784410890.809083489	1	5620	0
1784410890.809083489	3	5622	100
1784410901.349596108	1	5620	100
1784410901.349596108	3	5622	20
1784410911.439541783	1	5620	0
1784410911.439541783	3	5622	100
1784410921.544433366	1	5620	0
1784410921.544433366	3	5622	100
1784410931.644899313	1	5620	100
1784410931.644899313	3	5622	0
1784410941.747267681	1	5620	0
1784410941.747267681	3	5622	100
1784410951.852874982	1	5620	0
1784410951.852874982	3	5622	100
1784410962.225140808	1	5620	0
1784410962.225140808	3	5622	100
1784410972.331260997	1	5620	0
1784410972.331260997	3	5622	100
1784410983.022213259	1	5620	0
1784410983.022213259	3	5622	100
1784410993.118020631	1	5620	0
1784410993.118020631	3	5622	100
1784411003.668559533	1	5620	100
1784411003.668559533	3	5622	0
1784411013.778181033	1	5620	0
1784411013.778181033	3	5622	100
1784411024.234887867	1	5620	0
1784411024.234887867	3	5622	100
1784411034.318166637	1	5620	71
1784411034.318166637	3	5622	100
1784411045.015197728	1	5620	0
1784411045.015197728	3	5622	100
1784411055.156127172	1	5620	100
1784411055.156127172	3	5622	0
1784411065.723429555	1	5620	100
1784411065.723429555	3	5622	0
1784411075.817376823	1	5620	0
1784411075.817376823	3	5622	100
1784411086.406749642	1	5620	100
1784411086.406749642	3	5622	0
1784411096.494968744	1	5620	100
1784411096.494968744	3	5622	0
1784411107.006041691	1	5620	0
1784411107.006041691	3	5622	100
1784411117.086024202	1	5620	100
1784411117.086024202	3	5622	0
1784411127.758104850	1	5620	100
1784411127.758104850	3	5622	0
1784411137.850275858	1	5620	0
1784411137.850275858	3	5622	100
1784411148.138397466	1	5620	100
1784411148.138397466	3	5622	0
1784411158.241670721	1	5620	100
1784411158.241670721	3	5622	0
1784411168.344701497	1	5620	0
1784411168.344701497	3	5622	100
1784411179.281839408	1	5620	0
1784411179.281839408	3	5622	100
1784411190.174107341	1	5620	100
1784411190.174107341	3	5622	0
1784411200.255182089	1	5620	0
1784411200.255182089	3	5622	100
1784411210.349432955	1	5620	0
1784411210.349432955	3	5622	0
1784411220.442625167	1	5620	0
1784411220.442625167	3	5622	100
1784411230.537526842	1	5620	100
1784411230.537526842	3	5622	0
1784411240.632359923	1	5620	100
1784411240.632359923	3	5622	0
1784411250.712340743	1	5620	0
1784411250.712340743	3	5622	0
1784411260.815777226	1	5620	0
1784411260.815777226	3	5622	0
1784411270.927848091	1	5620	0
1784411270.927848091	3	5622	0
1784411281.026076804	1	5620	0
1784411281.026076804	3	5622	0
1784411291.134198042	1	5620	0
1784411291.134198042	3	5622	0
1784411301.229242649	1	5620	0
1784411301.229242649	3	5622	0
1784411311.329036302	1	5620	0
1784411311.329036302	3	5622	100
1784411321.442410180	1	5620	0
1784411321.442410180	3	5622	26
1784411331.560421779	1	5620	0
1784411331.560421779	3	5622	0
1784411341.667177281	1	5620	0
1784411341.667177281	3	5622	100
1784411352.230080697	1	5620	0
1784411352.230080697	3	5622	100
1784411362.356561857	1	5620	0
1784411362.356561857	3	5622	100
1784411372.698725547	1	5620	0
1784411372.698725547	3	5622	100
1784411382.796081741	1	5620	73
1784411382.796081741	3	5622	78
1784411393.446489656	1	5620	0
1784411393.446489656	3	5622	100
1784411403.551501609	1	5620	0
1784411403.551501609	3	5622	100
1784411413.671509100	1	5620	0
1784411413.671509100	3	5622	100
1784411423.782878664	1	5620	0
1784411423.782878664	3	5622	100
1784411433.869414540	1	5620	0
1784411433.869414540	3	5622	100
1784411443.966888075	1	5620	0
1784411443.966888075	3	5622	100
1784411454.055413558	1	5620	0
1784411454.055413558	3	5622	100
1784411464.461473271	1	5620	0
1784411464.461473271	3	5622	100
1784411474.565658616	1	5620	0
1784411474.565658616	3	5622	100
1784411484.683975613	1	5620	0
1784411484.683975613	3	5622	100
1784411494.776625574	1	5620	0
1784411494.776625574	3	5622	0
1784411504.865686947	1	5620	0
1784411504.865686947	3	5622	100
1784411514.982180959	1	5620	0
1784411514.982180959	3	5622	100
1784411525.072475878	1	5620	100
1784411525.072475878	3	5622	0
1784411535.170006952	1	5620	0
1784411535.170006952	3	5622	100
1784411545.270863727	1	5620	0
1784411545.270863727	3	5622	100
1784411555.371198835	1	5620	0
1784411555.371198835	3	5622	100
1784411565.453416790	1	5620	0
1784411565.453416790	3	5622	100
1784411575.558459162	1	5620	0
1784411575.558459162	3	5622	100
1784411585.644119327	1	5620	0
1784411585.644119327	3	5622	100
1784411595.721408215	1	5620	100
1784411595.721408215	3	5622	0
1784411605.985471563	1	5620	0
1784411605.985471563	3	5622	100
1784411616.071674659	1	5620	0
1784411616.071674659	3	5622	100
1784411626.458064940	1	5620	0
1784411626.458064940	3	5622	100
1784411636.534630895	1	5620	0
1784411636.534630895	3	5622	100
1784411646.966824151	1	5620	0
1784411646.966824151	3	5622	100
1784411657.059462820	1	5620	0
1784411657.059462820	3	5622	100
1784411667.386370937	1	5620	0
1784411667.386370937	3	5622	100
1784411677.461034615	1	5620	0
1784411677.461034615	3	5622	100
1784411687.962988414	1	5620	0
1784411687.962988414	3	5622	100
1784411698.064700869	1	5620	0
1784411698.064700869	3	5622	100
1784411708.516149020	1	5620	74
1784411708.516149020	3	5622	100
1784411718.612282869	1	5620	0
1784411718.612282869	3	5622	100
1784411729.180589239	1	5620	0
1784411729.180589239	3	5622	100
1784411739.274767403	1	5620	0
1784411739.274767403	3	5622	100
1784411749.815929699	1	5620	0
1784411749.815929699	3	5622	100
1784411759.907291912	1	5620	0
1784411759.907291912	3	5622	100
1784411770.269551805	1	5620	0
1784411770.269551805	3	5622	0
1784411780.359431691	1	5620	0
1784411780.359431691	3	5622	0
1784411790.750238643	1	5620	0
1784411790.750238643	3	5622	0
1784411800.833322632	1	5620	100
1784411800.833322632	3	5622	0
1784411811.172055990	1	5620	0
1784411811.172055990	3	5622	0
1784411821.262879295	1	5620	0
1784411821.262879295	3	5622	0
1784411831.658028967	1	5620	100
1784411831.658028967	3	5622	0
1784411841.733232928	1	5620	69
1784411841.733232928	3	5622	61
1784411852.205545835	1	5620	0
1784411852.205545835	3	5622	0
1784411862.287465497	1	5620	83
1784411862.287465497	3	5622	0
1784411872.556819620	1	5620	73
1784411872.556819620	3	5622	74
1784411882.644097495	1	5620	0
1784411882.644097495	3	5622	100
1784411892.986590421	1	5620	100
1784411892.986590421	3	5622	0
1784411903.089483142	1	5620	70
1784411903.089483142	3	5622	84
1784411913.289950223	1	5620	0
1784411913.289950223	3	5622	100
1784411923.392501978	1	5620	0
1784411923.392501978	3	5622	100
1784411933.644778157	1	5620	100
1784411933.644778157	3	5622	0
1784411943.735461349	1	5620	0
1784411943.735461349	3	5622	100
1784411953.999010759	1	5620	0
1784411953.999010759	3	5622	100
1784411964.077032840	1	5620	72
1784411964.077032840	3	5622	51
1784411974.537583353	1	5620	0
1784411974.537583353	3	5622	100
1784411984.629589349	1	5620	0
1784411984.629589349	3	5622	100
1784411995.061593366	1	5620	100
1784411995.061593366	3	5622	0
1784412005.139035576	1	5620	0
1784412005.139035576	3	5622	100
1784412015.522780238	1	5620	0
1784412015.522780238	3	5622	100
1784412025.629831241	1	5620	0
1784412025.629831241	3	5622	100
1784412036.044414870	1	5620	0
1784412036.044414870	3	5622	100
1784412046.134675016	1	5620	0
1784412046.134675016	3	5622	100
1784412056.427569328	1	5620	0
1784412056.427569328	3	5622	100
1784412066.518351430	1	5620	0
1784412066.518351430	3	5622	100
1784412076.959742513	1	5620	100
1784412076.959742513	3	5622	0
1784412087.049888737	1	5620	0
1784412087.049888737	3	5622	100
1784412097.370401923	1	5620	0
1784412097.370401923	3	5622	0
1784412107.474843858	1	5620	0
1784412107.474843858	3	5622	100
1784412117.743873281	1	5620	6
1784412117.743873281	3	5622	100
1784412127.844609055	1	5620	0
1784412127.844609055	3	5622	0
1784412138.241981227	1	5620	0
1784412138.241981227	3	5622	100
1784412148.317234429	1	5620	54
1784412148.317234429	3	5622	83
1784412158.732452837	1	5620	0
1784412158.732452837	3	5622	0
1784412168.819854977	1	5620	0
1784412168.819854977	3	5622	100
1784412179.216746086	1	5620	0
1784412179.216746086	3	5622	100
1784412189.311297788	1	5620	0
1784412189.311297788	3	5622	0
1784412199.739181345	1	5620	0
1784412199.739181345	3	5622	100
1784412209.840531223	1	5620	0
1784412209.840531223	3	5622	100
1784412220.359718686	1	5620	0
1784412220.359718686	3	5622	100
1784412230.459333683	1	5620	0
1784412230.459333683	3	5622	100
1784412240.842644932	1	5620	49
1784412240.842644932	3	5622	71
1784412250.930505259	1	5620	0
1784412250.930505259	3	5622	100
1784412261.288766344	1	5620	97
1784412261.288766344	3	5622	12
1784412271.379006682	1	5620	0
1784412271.379006682	3	5622	0
1784412281.577641497	1	5620	0
1784412281.577641497	3	5622	0
1784412291.685362421	1	5620	0
1784412291.685362421	3	5622	0
1784412301.771779917	1	5620	58
1784412301.771779917	3	5622	0
1784412311.860614383	1	5620	0
1784412311.860614383	3	5622	0
1784412322.010061275	1	5620	100
1784412322.010061275	3	5622	0
1784412332.099869619	1	5620	100
1784412332.099869619	3	5622	0
1784412342.242910467	1	5620	0
1784412342.242910467	3	5622	0
1784412352.327769495	1	5620	100
1784412352.327769495	3	5622	0
1784412362.478542356	1	5620	100
1784412362.478542356	3	5622	0
1784412372.569086973	1	5620	0
1784412372.569086973	3	5622	0
1784412382.777648715	1	5620	0
1784412382.777648715	3	5622	0
1784412392.882446025	1	5620	100
1784412392.882446025	3	5622	0
1784412402.977914805	1	5620	0
1784412402.977914805	3	5622	0
1784412413.071357356	1	5620	0
1784412413.071357356	3	5622	100
1784412423.319645819	1	5620	100
1784412423.319645819	3	5622	0
1784412433.426750009	1	5620	81
1784412433.426750009	3	5622	50
1784412443.664311213	1	5620	6
1784412443.664311213	3	5622	100
1784412453.763617925	1	5620	100
1784412453.763617925	3	5622	0
1784412464.003698413	1	5620	71
1784412464.003698413	3	5622	59
1784412474.091795153	1	5620	0
1784412474.091795153	3	5622	100
1784412484.322687462	1	5620	76
1784412484.322687462	3	5622	0
1784412494.412986971	1	5620	0
1784412494.412986971	3	5622	100
1784412504.745112100	1	5620	0
1784412504.745112100	3	5622	100
1784412514.826694951	1	5620	0
1784412514.826694951	3	5622	100
1784412525.157628281	1	5620	0
1784412525.157628281	3	5622	100
1784412535.250633700	1	5620	0
1784412535.250633700	3	5622	100
1784412545.484559256	1	5620	0
1784412545.484559256	3	5622	100
1784412555.573197830	1	5620	0
1784412555.573197830	3	5622	100
1784412565.748768555	1	5620	7
1784412565.748768555	3	5622	100
1784412575.856114591	1	5620	0
1784412575.856114591	3	5622	100
1784412586.175211392	1	5620	0
1784412586.175211392	3	5622	100
1784412596.265319658	1	5620	0
1784412596.265319658	3	5622	100
1784412606.554220535	1	5620	0
1784412606.554220535	3	5622	100
1784412616.650052609	1	5620	0
1784412616.650052609	3	5622	100
1784412626.886748243	1	5620	0
1784412626.886748243	3	5622	100
1784412636.975406177	1	5620	0
1784412636.975406177	3	5622	38
1784412647.301358558	1	5620	0
1784412647.301358558	3	5622	100
1784412657.399167173	1	5620	0
1784412657.399167173	3	5622	100
1784412667.779303379	1	5620	0
1784412667.779303379	3	5622	100
1784412677.887247184	1	5620	0
1784412677.887247184	3	5622	100
1784412688.233451168	1	5620	0
1784412688.233451168	3	5622	100
1784412698.323039680	1	5620	0
1784412698.323039680	3	5622	100
1784412708.612593824	1	5620	0
1784412708.612593824	3	5622	100
1784412718.720840903	1	5620	0
1784412718.720840903	3	5622	100
1784412729.183056762	1	5620	0
1784412729.183056762	3	5622	100
1784412739.273142314	1	5620	0
1784412739.273142314	3	5622	100
1784412749.569039117	1	5620	0
1784412749.569039117	3	5622	100
1784412759.656887853	1	5620	0
1784412759.656887853	3	5622	100
1784412769.900042026	1	5620	0
1784412769.900042026	3	5622	0
1784412779.985697799	1	5620	0
1784412779.985697799	3	5622	0
1784412790.093847489	1	5620	100
1784412790.093847489	3	5622	0
1784412800.192058352	1	5620	43
1784412800.192058352	3	5622	90
1784412810.582713356	1	5620	0
1784412810.582713356	3	5622	0
1784412820.674930804	1	5620	100
1784412820.674930804	3	5622	0
1784412830.905650055	1	5620	46
1784412830.905650055	3	5622	71
1784412840.995877366	1	5620	0
1784412840.995877366	3	5622	0
1784412851.280993479	1	5620	100
1784412851.280993479	3	5622	0
1784412861.368660651	1	5620	85
1784412861.368660651	3	5622	57
1784412871.500018188	1	5620	0
1784412871.500018188	3	5622	0
1784412881.593017382	1	5620	0
1784412881.593017382	3	5622	0
1784412891.813612206	1	5620	100
1784412891.813612206	3	5622	0
1784412901.905453759	1	5620	0
1784412901.905453759	3	5622	0
1784412912.120165081	1	5620	0
1784412912.120165081	3	5622	100
1784412922.214490431	1	5620	100
1784412922.214490431	3	5622	0
1784412932.426799320	1	5620	0
1784412932.426799320	3	5622	0
1784412942.518046736	1	5620	0
1784412942.518046736	3	5622	0
1784412952.781579469	1	5620	0
1784412952.781579469	3	5622	100
1784412962.872917659	1	5620	0
1784412962.872917659	3	5622	0
1784412973.107848373	1	5620	0
1784412973.107848373	3	5622	0
1784412983.199507211	1	5620	0
1784412983.199507211	3	5622	100
1784412993.430183009	1	5620	0
1784412993.430183009	3	5622	100
1784413003.523056003	1	5620	100
1784413003.523056003	3	5622	0
1784413013.794586444	1	5620	6
1784413013.794586444	3	5622	100
1784413023.899608732	1	5620	100
1784413023.899608732	3	5622	0
1784413034.182835094	1	5620	0
1784413034.182835094	3	5622	0
1784413044.286480227	1	5620	0
1784413044.286480227	3	5622	100
1784413054.509997648	1	5620	100
1784413054.509997648	3	5622	0
1784413064.599538125	1	5620	6
1784413064.599538125	3	5622	100
1784413074.886249891	1	5620	0
1784413074.886249891	3	5622	100
1784413084.972333670	1	5620	100
1784413084.972333670	3	5622	0
1784413095.252947260	1	5620	0
1784413095.252947260	3	5622	100
1784413105.362223431	1	5620	0
1784413105.362223431	3	5622	100
1784413115.605238510	1	5620	100
1784413115.605238510	3	5622	0
1784413125.695075483	1	5620	100
1784413125.695075483	3	5622	0
1784413135.957321102	1	5620	0
1784413135.957321102	3	5622	100
1784413146.065766665	1	5620	100
1784413146.065766665	3	5622	0
1784413156.394735195	1	5620	100
1784413156.394735195	3	5622	0
1784413166.487266832	1	5620	0
1784413166.487266832	3	5622	100
1784413176.811246497	1	5620	72
1784413176.811246497	3	5622	59
1784413186.905697378	1	5620	100
1784413186.905697378	3	5622	0
1784413197.071061246	1	5620	0
1784413197.071061246	3	5622	100
1784413207.174667165	1	5620	100
1784413207.174667165	3	5622	0
1784413217.553452870	1	5620	0
1784413217.553452870	3	5622	100
1784413227.633104099	1	5620	0
1784413227.633104099	3	5622	100
1784413238.010052264	1	5620	0
1784413238.010052264	3	5622	100
1784413248.109345992	1	5620	33
1784413248.109345992	3	5622	60
1784413258.370033482	1	5620	5
1784413258.370033482	3	5622	0
1784413268.454132049	1	5620	0
1784413268.454132049	3	5622	0
1784413278.599042494	1	5620	0
1784413278.599042494	3	5622	0
1784413288.710035133	1	5620	100
1784413288.710035133	3	5622	0
1784413298.942892830	1	5620	100
1784413298.942892830	3	5622	19
1784413309.054558684	1	5620	0
1784413309.054558684	3	5622	0
1784413319.225174507	1	5620	100
1784413319.225174507	3	5622	0
1784413329.315683076	1	5620	0
1784413329.315683076	3	5622	0
1784413339.562960798	1	5620	100
1784413339.562960798	3	5622	0
1784413349.650206233	1	5620	100
1784413349.650206233	3	5622	0
1784413359.823852680	1	5620	0
1784413359.823852680	3	5622	0
1784413369.912099398	1	5620	0
1784413369.912099398	3	5622	0
1784413380.119632240	1	5620	100
1784413380.119632240	3	5622	0
1784413390.209747064	1	5620	70
1784413390.209747064	3	5622	79
1784413400.391785377	1	5620	0
1784413400.391785377	3	5622	100
1784413410.497108311	1	5620	100
1784413410.497108311	3	5622	0
1784413420.688971920	1	5620	100
1784413420.688971920	3	5622	35
1784413430.787272783	1	5620	0
1784413430.787272783	3	5622	0
1784413441.098828145	1	5620	100
1784413441.098828145	3	5622	0
1784413451.191555741	1	5620	100
1784413451.191555741	3	5622	0
1784413461.472006204	1	5620	0
1784413461.472006204	3	5622	0
1784413471.575670224	1	5620	100
1784413471.575670224	3	5622	0
1784413481.765734320	1	5620	100
1784413481.765734320	3	5622	0
1784413491.849175012	1	5620	100
1784413491.849175012	3	5622	0
1784413502.194924730	1	5620	100
1784413502.194924730	3	5622	0
1784413512.304030396	1	5620	100
1784413512.304030396	3	5622	0
1784413522.610719283	1	5620	100
1784413522.610719283	3	5622	0
1784413532.712336816	1	5620	0
1784413532.712336816	3	5622	100
1784413543.136138286	1	5620	0
1784413543.136138286	3	5622	0
1784413553.239934642	1	5620	100
1784413553.239934642	3	5622	0
1784413563.470320354	1	5620	0
1784413563.470320354	3	5622	100
1784413573.555545359	1	5620	0
1784413573.555545359	3	5622	0
1784413583.910443509	1	5620	15
1784413583.910443509	3	5622	80
1784413593.998515051	1	5620	0
1784413593.998515051	3	5622	100
1784413604.256435183	1	5620	0
1784413604.256435183	3	5622	0
1784413614.364503176	1	5620	0
1784413614.364503176	3	5622	100
1784413624.728697526	1	5620	73
1784413624.728697526	3	5622	66
1784413634.804751906	1	5620	0
1784413634.804751906	3	5622	0
1784413645.096482336	1	5620	0
1784413645.096482336	3	5622	100
1784413655.201150169	1	5620	20
1784413655.201150169	3	5622	100
1784413665.471618789	1	5620	0
1784413665.471618789	3	5622	0
1784413675.577246346	1	5620	0
1784413675.577246346	3	5622	100
1784413685.827596108	1	5620	0
1784413685.827596108	3	5622	100
1784413695.916029341	1	5620	0
1784413695.916029341	3	5622	0
1784413706.312847917	1	5620	0
1784413706.312847917	3	5622	0
1784413716.411817361	1	5620	0
1784413716.411817361	3	5622	100
1784413726.824746359	1	5620	0
1784413726.824746359	3	5622	100
1784413736.913035489	1	5620	66
1784413736.913035489	3	5622	61
1784413747.134068221	1	5620	0
1784413747.134068221	3	5622	0
1784413757.227249028	1	5620	0
1784413757.227249028	3	5622	0
1784413767.311884681	1	5620	100
1784413767.311884681	3	5622	0
1784413777.412380341	1	5620	0
1784413777.412380341	3	5622	100
1784413787.687295186	1	5620	0
1784413787.687295186	3	5622	0
1784413797.786764207	1	5620	100
1784413797.786764207	3	5622	0
1784413807.882964215	1	5620	54
1784413807.882964215	3	5622	59
1784413817.967148833	1	5620	0
1784413817.967148833	3	5622	0
1784413828.126336290	1	5620	0
1784413828.126336290	3	5622	0
1784413838.217578030	1	5620	0
1784413838.217578030	3	5622	100
1784413848.451303755	1	5620	0
1784413848.451303755	3	5622	0
1784413858.544343994	1	5620	100
1784413858.544343994	3	5622	0
1784413868.716647509	1	5620	52
1784413868.716647509	3	5622	62
1784413878.822583458	1	5620	0
1784413878.822583458	3	5622	100
1784413889.071692216	1	5620	0
1784413889.071692216	3	5622	100
1784413899.178110559	1	5620	73
1784413899.178110559	3	5622	89
1784413909.435948056	1	5620	0
1784413909.435948056	3	5622	100
1784413919.541319506	1	5620	100
1784413919.541319506	3	5622	0
1784413929.735978877	1	5620	100
1784413929.735978877	3	5622	0
1784413939.832137845	1	5620	0
1784413939.832137845	3	5622	100
1784413950.152573693	1	5620	100
1784413950.152573693	3	5622	0
1784413960.260516532	1	5620	0
1784413960.260516532	3	5622	100
1784413970.493568555	1	5620	0
1784413970.493568555	3	5622	100
1784413980.592548786	1	5620	100
1784413980.592548786	3	5622	0
1784413990.820172412	1	5620	0
1784413990.820172412	3	5622	100
1784414000.924689435	1	5620	0
1784414000.924689435	3	5622	100
1784414011.186852198	1	5620	0
1784414011.186852198	3	5622	100
1784414021.286578151	1	5620	0
1784414021.286578151	3	5622	100
1784414031.580897810	1	5620	100
1784414031.580897810	3	5622	0
1784414041.683566463	1	5620	0
1784414041.683566463	3	5622	100
1784414052.035722532	1	5620	100
1784414052.035722532	3	5622	0
1784414062.120636951	1	5620	0
1784414062.120636951	3	5622	0
1784414072.387076363	1	5620	0
1784414072.387076363	3	5622	100
1784414082.474478178	1	5620	0
1784414082.474478178	3	5622	0
1784414092.831535128	1	5620	56
1784414092.831535128	3	5622	58
1784414102.924499621	1	5620	0
1784414102.924499621	3	5622	100
1784414113.164835748	1	5620	0
1784414113.164835748	3	5622	0
1784414123.269532002	1	5620	0
1784414123.269532002	3	5622	0
1784414133.560234782	1	5620	0
1784414133.560234782	3	5622	100
1784414143.666680056	1	5620	0
1784414143.666680056	3	5622	0
1784414153.935593686	1	5620	0
1784414153.935593686	3	5622	100
1784414164.038542247	1	5620	0
1784414164.038542247	3	5622	100
1784414174.438674226	1	5620	0
1784414174.438674226	3	5622	0
1784414184.538635940	1	5620	0
1784414184.538635940	3	5622	100
1784414194.956495620	1	5620	0
1784414194.956495620	3	5622	100
1784414205.046293836	1	5620	0
1784414205.046293836	3	5622	100
1784414215.387633347	1	5620	62
1784414215.387633347	3	5622	59
1784414225.476386819	1	5620	0
1784414225.476386819	3	5622	0
1784414235.743908450	1	5620	0
1784414235.743908450	3	5622	0
1784414245.835886196	1	5620	0
1784414245.835886196	3	5622	0
1784414255.983095463	1	5620	100
1784414255.983095463	3	5622	6
1784414266.072587723	1	5620	0
1784414266.072587723	3	5622	0
1784414276.326798071	1	5620	0
1784414276.326798071	3	5622	0
1784414286.401666892	1	5620	100
1784414286.401666892	3	5622	0
1784414296.581364250	1	5620	0
1784414296.581364250	3	5622	0
1784414306.675580010	1	5620	0
1784414306.675580010	3	5622	0
1784414316.789765947	1	5620	100
1784414316.789765947	3	5622	0
1784414326.883784251	1	5620	0
1784414326.883784251	3	5622	0
1784414337.233265052	1	5620	0
1784414337.233265052	3	5622	100
1784414347.327657418	1	5620	100
1784414347.327657418	3	5622	0
1784414357.538867286	1	5620	79
1784414357.538867286	3	5622	62
1784414367.613009525	1	5620	0
1784414367.613009525	3	5622	100
1784414377.871150651	1	5620	100
1784414377.871150651	3	5622	0
1784414387.959482411	1	5620	96
1784414387.959482411	3	5622	0
1784414398.252277686	1	5620	0
1784414398.252277686	3	5622	100
1784414408.342070429	1	5620	100
1784414408.342070429	3	5622	0
1784414418.488185821	1	5620	0
1784414418.488185821	3	5622	100
1784414428.577505800	1	5620	0
1784414428.577505800	3	5622	100
1784414438.861700613	1	5620	100
1784414438.861700613	3	5622	0
1784414448.970799953	1	5620	0
1784414448.970799953	3	5622	100
1784414459.268287031	1	5620	0
1784414459.268287031	3	5622	100
1784414469.384195227	1	5620	100
1784414469.384195227	3	5622	0
1784414479.662225245	1	5620	40
1784414479.662225245	3	5622	58
1784414489.754605492	1	5620	0
1784414489.754605492	3	5622	100
1784414500.006356518	1	5620	0
1784414500.006356518	3	5622	100
1784414510.114076078	1	5620	0
1784414510.114076078	3	5622	100
1784414520.385886940	1	5620	100
1784414520.385886940	3	5622	0
1784414530.475999199	1	5620	0
1784414530.475999199	3	5622	100
1784414540.737158899	1	5620	0
1784414540.737158899	3	5622	0
1784414550.833076512	1	5620	0
1784414550.833076512	3	5622	0
1784414561.244762080	1	5620	0
1784414561.244762080	3	5622	100
1784414571.325570280	1	5620	0
1784414571.325570280	3	5622	0
1784414581.642556819	1	5620	0
1784414581.642556819	3	5622	100
1784414591.732789996	1	5620	73
1784414591.732789996	3	5622	11
1784414602.033558701	1	5620	0
1784414602.033558701	3	5622	0
1784414612.125165700	1	5620	0
1784414612.125165700	3	5622	100
1784414622.449604855	1	5620	32
1784414622.449604855	3	5622	100
1784414632.527394315	1	5620	0
1784414632.527394315	3	5622	0
1784414642.698324427	1	5620	53
1784414642.698324427	3	5622	13
1784414652.806486221	1	5620	66
1784414652.806486221	3	5622	75
1784414663.197589755	1	5620	0
1784414663.197589755	3	5622	100
1784414673.300489900	1	5620	0
1784414673.300489900	3	5622	100
1784414683.600315051	1	5620	0
1784414683.600315051	3	5622	100
1784414693.707332079	1	5620	0
1784414693.707332079	3	5622	100
1784414704.082604167	1	5620	0
1784414704.082604167	3	5622	100
1784414714.171266907	1	5620	0
1784414714.171266907	3	5622	0
1784414724.371451774	1	5620	0
1784414724.371451774	3	5622	0
1784414734.461391392	1	5620	100
1784414734.461391392	3	5622	0
1784414744.677502577	1	5620	0
1784414744.677502577	3	5622	0
1784414754.770027841	1	5620	0
1784414754.770027841	3	5622	0
1784414765.069442855	1	5620	100
1784414765.069442855	3	5622	0
1784414775.170860312	1	5620	0
1784414775.170860312	3	5622	100
1784414785.572744072	1	5620	0
1784414785.572744072	3	5622	0
1784414795.662022601	1	5620	0
1784414795.662022601	3	5622	0
1784414805.761476976	1	5620	0
1784414805.761476976	3	5622	0
1784414815.855430032	1	5620	0
1784414815.855430032	3	5622	100
1784414826.092592740	1	5620	100
1784414826.092592740	3	5622	0
1784414836.199356900	1	5620	74
1784414836.199356900	3	5622	62
1784414846.356408718	1	5620	0
1784414846.356408718	3	5622	100
1784414856.445073139	1	5620	100
1784414856.445073139	3	5622	0
1784414866.805409844	1	5620	80
1784414866.805409844	3	5622	59
1784414876.897845747	1	5620	0
1784414876.897845747	3	5622	100
1784414887.034417359	1	5620	100
1784414887.034417359	3	5622	0
1784414897.122666568	1	5620	75
1784414897.122666568	3	5622	56
1784414907.385943976	1	5620	0
1784414907.385943976	3	5622	100
1784414917.458824854	1	5620	100
1784414917.458824854	3	5622	0
1784414927.663446383	1	5620	70
1784414927.663446383	3	5622	73
1784414937.739508088	1	5620	0
1784414937.739508088	3	5622	100
1784414948.088610113	1	5620	100
1784414948.088610113	3	5622	0
1784414958.169016365	1	5620	0
1784414958.169016365	3	5622	100
1784414968.331412972	1	5620	0
1784414968.331412972	3	5622	100
1784414978.410740191	1	5620	0
1784414978.410740191	3	5622	100
1784414988.634818511	1	5620	0
1784414988.634818511	3	5622	100
1784414998.713080454	1	5620	0
1784414998.713080454	3	5622	0
1784415008.928978374	1	5620	0
1784415008.928978374	3	5622	100
1784415019.026640151	1	5620	100
1784415019.026640151	3	5622	0
1784415029.151261756	1	5620	0
1784415029.151261756	3	5622	0
1784415039.256120421	1	5620	0
1784415039.256120421	3	5622	100
1784415049.432186594	1	5620	68
1784415049.432186594	3	5622	52
1784415059.510581384	1	5620	0
1784415059.510581384	3	5622	93
1784415069.873342243	1	5620	0
1784415069.873342243	3	5622	100
1784415079.970171230	1	5620	0
1784415079.970171230	3	5622	0
1784415090.181198817	1	5620	83
1784415090.181198817	3	5622	71
1784415100.268003501	1	5620	0
1784415100.268003501	3	5622	100
1784415110.420407129	1	5620	0
1784415110.420407129	3	5622	0
1784415120.522630610	1	5620	0
1784415120.522630610	3	5622	100
1784415130.797020475	1	5620	0
1784415130.797020475	3	5622	100
1784415140.902161607	1	5620	0
1784415140.902161607	3	5622	0
1784415151.286313047	1	5620	0
1784415151.286313047	3	5622	100
1784415161.377581111	1	5620	0
1784415161.377581111	3	5622	100
1784415171.779111261	1	5620	0
1784415171.779111261	3	5622	100
1784415181.877149341	1	5620	0
1784415181.877149341	3	5622	100
1784415192.121155560	1	5620	0
1784415192.121155560	3	5622	0
1784415202.226008840	1	5620	0
1784415202.226008840	3	5622	0
1784415212.469338655	1	5620	0
1784415212.469338655	3	5622	0
1784415222.560036705	1	5620	100
1784415222.560036705	3	5622	0
1784415232.750884011	1	5620	0
1784415232.750884011	3	5622	0
1784415242.838614770	1	5620	0
1784415242.838614770	3	5622	0
1784415252.927503517	1	5620	100
1784415252.927503517	3	5622	0
1784415263.006599571	1	5620	0
1784415263.006599571	3	5622	0
1784415273.381794409	1	5620	0
1784415273.381794409	3	5622	0
1784415283.466713297	1	5620	100
1784415283.466713297	3	5622	0
1784415293.606266599	1	5620	0
1784415293.606266599	3	5622	0
1784415303.711884826	1	5620	0
1784415303.711884826	3	5622	100
1784415313.869642798	1	5620	100
1784415313.869642798	3	5622	0
1784415323.971266260	1	5620	0
1784415323.971266260	3	5622	0
1784415334.162769638	1	5620	0
1784415334.162769638	3	5622	100
1784415344.237799509	1	5620	100
1784415344.237799509	3	5622	0
1784415354.435117139	1	5620	100
1784415354.435117139	3	5622	0
1784415364.526483898	1	5620	0
1784415364.526483898	3	5622	100
1784415374.866219077	1	5620	96
1784415374.866219077	3	5622	87
1784415384.969461496	1	5620	100
1784415384.969461496	3	5622	0
1784415395.303109871	1	5620	0
1784415395.303109871	3	5622	100
1784415405.394016605	1	5620	0
1784415405.394016605	3	5622	100
1784415415.609996490	1	5620	100
1784415415.609996490	3	5622	0
1784415425.701161841	1	5620	0
1784415425.701161841	3	5622	100
1784415436.020834851	1	5620	0
1784415436.020834851	3	5622	100
1784415446.107818966	1	5620	100
1784415446.107818966	3	5622	0
1784415456.440680853	1	5620	0
1784415456.440680853	3	5622	100
1784415466.532467897	1	5620	0
1784415466.532467897	3	5622	100
1784415476.746404394	1	5620	0
1784415476.746404394	3	5622	100
1784415486.836223945	1	5620	100
1784415486.836223945	3	5622	0
1784415497.100460501	1	5620	0
1784415497.100460501	3	5622	100
1784415507.208267641	1	5620	59
1784415507.208267641	3	5622	68
1784415517.526093580	1	5620	0
1784415517.526093580	3	5622	100
1784415527.626901558	1	5620	0
1784415527.626901558	3	5622	100
1784415537.905554883	1	5620	0
1784415537.905554883	3	5622	0
1784415548.010874807	1	5620	0
1784415548.010874807	3	5622	100
1784415558.356952296	1	5620	78
1784415558.356952296	3	5622	82
1784415568.459279734	1	5620	0
1784415568.459279734	3	5622	0
1784415578.711689942	1	5620	0
1784415578.711689942	3	5622	100
1784415588.809497795	1	5620	0
1784415588.809497795	3	5622	100
1784415599.237148420	1	5620	0
1784415599.237148420	3	5622	0
1784415609.333738968	1	5620	0
1784415609.333738968	3	5622	100
1784415619.621885355	1	5620	57
1784415619.621885355	3	5622	46
1784415629.705337354	1	5620	0
1784415629.705337354	3	5622	100
1784415640.025544783	1	5620	68
1784415640.025544783	3	5622	57
1784415650.113442083	1	5620	0
1784415650.113442083	3	5622	100
1784415660.538619141	1	5620	0
1784415660.538619141	3	5622	100
1784415670.633657519	1	5620	0
1784415670.633657519	3	5622	100
1784415680.984372289	1	5620	0
1784415680.984372289	3	5622	0
1784415691.078635887	1	5620	0
1784415691.078635887	3	5622	0
1784415701.185069219	1	5620	100
1784415701.185069219	3	5622	0
1784415711.289893466	1	5620	100
1784415711.289893466	3	5622	42
1784415721.586748660	1	5620	0
1784415721.586748660	3	5622	0
1784415731.696167754	1	5620	0
1784415731.696167754	3	5622	0
1784415741.840892949	1	5620	66
1784415741.840892949	3	5622	60
1784415751.930444568	1	5620	0
1784415751.930444568	3	5622	0
1784415762.132166293	1	5620	100
1784415762.132166293	3	5622	0
1784415772.219938383	1	5620	0
1784415772.219938383	3	5622	100
1784415782.479892506	1	5620	0
1784415782.479892506	3	5622	100
1784415792.569197133	1	5620	100
1784415792.569197133	3	5622	0
1784415802.782374942	1	5620	7
1784415802.782374942	3	5622	0
1784415812.877037757	1	5620	0
1784415812.877037757	3	5622	100
1784415823.070721084	1	5620	100
1784415823.070721084	3	5622	0
1784415833.166669445	1	5620	100
1784415833.166669445	3	5622	0
1784415843.535512125	1	5620	0
1784415843.535512125	3	5622	100
1784415853.628722212	1	5620	100
1784415853.628722212	3	5622	0
1784415863.850147510	1	5620	96
1784415863.850147510	3	5622	0
1784415873.953913573	1	5620	0
1784415873.953913573	3	5622	100
1784415884.165387612	1	5620	100
1784415884.165387612	3	5622	0
1784415894.259452181	1	5620	51
1784415894.259452181	3	5622	52
1784415904.539116466	1	5620	0
1784415904.539116466	3	5622	100
1784415914.618728736	1	5620	100
1784415914.618728736	3	5622	0
1784415924.907277437	1	5620	0
1784415924.907277437	3	5622	100
1784415934.988578920	1	5620	0
1784415934.988578920	3	5622	100
1784415945.396575512	1	5620	0
1784415945.396575512	3	5622	100
1784415955.484690057	1	5620	56
1784415955.484690057	3	5622	77
1784415965.825295502	1	5620	100
1784415965.825295502	3	5622	0
1784415975.937504986	1	5620	0
1784415975.937504986	3	5622	100
1784415986.196478018	1	5620	100
1784415986.196478018	3	5622	0
1784415996.285097219	1	5620	74
1784415996.285097219	3	5622	77
1784416006.573294360	1	5620	0
1784416006.573294360	3	5622	100
1784416016.680763869	1	5620	0
1784416016.680763869	3	5622	0
1784416026.871968580	1	5620	0
1784416026.871968580	3	5622	100
1784416036.964016754	1	5620	0
1784416036.964016754	3	5622	100
1784416047.174377389	1	5620	0
1784416047.174377389	3	5622	0
1784416057.259117522	1	5620	0
1784416057.259117522	3	5622	100
1784416067.568660139	1	5620	0
1784416067.568660139	3	5622	100
1784416077.674539006	1	5620	0
1784416077.674539006	3	5622	0
1784416087.925945515	1	5620	6
1784416087.925945515	3	5622	100
1784416098.019755049	1	5620	0
1784416098.019755049	3	5622	100
1784416108.339793212	1	5620	0
1784416108.339793212	3	5622	100
1784416118.442083776	1	5620	0
1784416118.442083776	3	5622	100
1784416128.839610105	1	5620	45
1784416128.839610105	3	5622	57
1784416138.942380011	1	5620	0
1784416138.942380011	3	5622	100
1784416149.359718939	1	5620	66
1784416149.359718939	3	5622	66
1784416159.457673377	1	5620	0
1784416159.457673377	3	5622	0
1784416169.600703951	1	5620	0
1784416169.600703951	3	5622	0
1784416179.693262550	1	5620	30
1784416179.693262550	3	5622	0
1784416189.853922862	1	5620	100
1784416189.853922862	3	5622	0
1784416199.946828688	1	5620	0
1784416199.946828688	3	5622	0
1784416210.186231537	1	5620	100
1784416210.186231537	3	5622	0
1784416220.265216962	1	5620	54
1784416220.265216962	3	5622	64
1784416230.466088138	1	5620	0
1784416230.466088138	3	5622	0
1784416240.543163964	1	5620	100
1784416240.543163964	3	5622	0
1784416250.645333226	1	5620	0
1784416250.645333226	3	5622	59
1784416260.739778409	1	5620	0
1784416260.739778409	3	5622	0
1784416270.875535465	1	5620	0
1784416270.875535465	3	5622	0
1784416280.956409247	1	5620	100
1784416280.956409247	3	5622	0
1784416291.161175685	1	5620	0
1784416291.161175685	3	5622	100
1784416301.267395084	1	5620	0
1784416301.267395084	3	5622	100
1784416311.465285642	1	5620	100
1784416311.465285642	3	5622	0
1784416321.568885036	1	5620	0
1784416321.568885036	3	5622	100
1784416331.837629334	1	5620	0
1784416331.837629334	3	5622	0
1784416341.928281106	1	5620	69
1784416341.928281106	3	5622	66
1784416352.178332769	1	5620	0
1784416352.178332769	3	5622	100
1784416362.285685162	1	5620	0
1784416362.285685162	3	5622	0
1784416372.417835644	1	5620	0
1784416372.417835644	3	5622	60
1784416382.527408930	1	5620	0
1784416382.527408930	3	5622	100
1784416392.777519750	1	5620	0
1784416392.777519750	3	5622	0
1784416402.882818660	1	5620	0
1784416402.882818660	3	5622	100
1784416413.200821950	1	5620	0
1784416413.200821950	3	5622	100
1784416423.303991717	1	5620	0
1784416423.303991717	3	5622	0
1784416433.506499560	1	5620	0
1784416433.506499560	3	5622	100
1784416443.587491626	1	5620	0
1784416443.587491626	3	5622	0
1784416454.005100644	1	5620	0
1784416454.005100644	3	5622	93
1784416464.107190497	1	5620	62
1784416464.107190497	3	5622	0
1784416474.319802207	1	5620	0
1784416474.319802207	3	5622	0
1784416484.422799701	1	5620	2
1784416484.422799701	3	5622	68
1784416494.686032501	1	5620	100
1784416494.686032501	3	5622	0
1784416504.790732126	1	5620	0
1784416504.790732126	3	5622	100
1784416515.090062906	1	5620	0
1784416515.090062906	3	5622	100
1784416525.189474050	1	5620	0
1784416525.189474050	3	5622	0
1784416535.617549208	1	5620	0
1784416535.617549208	3	5622	100
1784416545.699247786	1	5620	0
1784416545.699247786	3	5622	100
1784416556.049089098	1	5620	0
1784416556.049089098	3	5622	100
1784416566.149266666	1	5620	0
1784416566.149266666	3	5622	72
1784416576.515084847	1	5620	61
1784416576.515084847	3	5622	54
1784416586.601549029	1	5620	0
1784416586.601549029	3	5622	0
1784416596.998692699	1	5620	0
1784416596.998692699	3	5622	100
1784416607.092509603	1	5620	0
1784416607.092509603	3	5622	100
1784416617.482387562	1	5620	0
1784416617.482387562	3	5622	100
1784416627.568372126	1	5620	0
1784416627.568372126	3	5622	100
1784416637.938090404	1	5620	0
1784416637.938090404	3	5622	100
1784416648.033284172	1	5620	0
1784416648.033284172	3	5622	0
1784416658.215735621	1	5620	0
1784416658.215735621	3	5622	0
1784416668.307100048	1	5620	100
1784416668.307100048	3	5622	0
1784416678.509996904	1	5620	62
1784416678.509996904	3	5622	79
1784416688.597507425	1	5620	0
1784416688.597507425	3	5622	0
1784416698.821116738	1	5620	0
1784416698.821116738	3	5622	0
1784416708.922659398	1	5620	0
1784416708.922659398	3	5622	100
1784416719.091587939	1	5620	0
1784416719.091587939	3	5622	0
1784416729.180467555	1	5620	0
1784416729.180467555	3	5622	0
1784416739.350415751	1	5620	100
1784416739.350415751	3	5622	0
1784416749.444783475	1	5620	0
1784416749.444783475	3	5622	100
1784416759.565457829	1	5620	0
1784416759.565457829	3	5622	0
1784416769.652217821	1	5620	0
1784416769.652217821	3	5622	0
1784416780.006120796	1	5620	0
1784416780.006120796	3	5622	100
1784416790.094056077	1	5620	0
1784416790.094056077	3	5622	100
1784416800.282184192	1	5620	0
1784416800.282184192	3	5622	28
1784416810.367460003	1	5620	0
1784416810.367460003	3	5622	100
1784416820.711544766	1	5620	0
1784416820.711544766	3	5622	0
1784416830.812267998	1	5620	80
1784416830.812267998	3	5622	56
1784416841.095076947	1	5620	0
1784416841.095076947	3	5622	100
1784416851.183956750	1	5620	100
1784416851.183956750	3	5622	0
1784416861.367104420	1	5620	22
1784416861.367104420	3	5622	100
1784416871.457211847	1	5620	0
1784416871.457211847	3	5622	100
1784416881.811581626	1	5620	100
1784416881.811581626	3	5622	0
1784416891.904554556	1	5620	0
1784416891.904554556	3	5622	100
1784416902.137594990	1	5620	0
1784416902.137594990	3	5622	100
1784416912.221309216	1	5620	100
1784416912.221309216	3	5622	0
1784416922.345608548	1	5620	0
1784416922.345608548	3	5622	100
1784416932.454337982	1	5620	0
1784416932.454337982	3	5622	0
1784416942.657267780	1	5620	100
1784416942.657267780	3	5622	0
1784416952.735649248	1	5620	100
1784416952.735649248	3	5622	0
1784416963.072104208	1	5620	0
1784416963.072104208	3	5622	0
1784416973.149503475	1	5620	0
1784416973.149503475	3	5622	100
1784416983.320442315	1	5620	25
1784416983.320442315	3	5622	66
1784416993.408300267	1	5620	0
1784416993.408300267	3	5622	100
1784417003.625020554	1	5620	0
1784417003.625020554	3	5622	100
1784417013.719251953	1	5620	0
1784417013.719251953	3	5622	0
1784417024.015292950	1	5620	0
1784417024.015292950	3	5622	85
1784417034.088981536	1	5620	0
1784417034.088981536	3	5622	100
1784417044.267135959	1	5620	0
1784417044.267135959	3	5622	0
1784417054.360100150	1	5620	0
1784417054.360100150	3	5622	0
1784417064.508586124	1	5620	0
1784417064.508586124	3	5622	100
1784417074.613544679	1	5620	0
1784417074.613544679	3	5622	0
1784417084.977613106	1	5620	0
1784417084.977613106	3	5622	100
1784417095.070571034	1	5620	97
1784417095.070571034	3	5622	0
1784417105.424965504	1	5620	0
1784417105.424965504	3	5622	100
1784417115.514096776	1	5620	28
1784417115.514096776	3	5622	72
1784417125.875090903	1	5620	0
1784417125.875090903	3	5622	0
1784417135.965597098	1	5620	0
1784417135.965597098	3	5622	0
1784417146.116780913	1	5620	0
1784417146.116780913	3	5622	0
1784417156.205756522	1	5620	0
1784417156.205756522	3	5622	30
1784417166.498319478	1	5620	0
1784417166.498319478	3	5622	0
1784417176.600890346	1	5620	0
1784417176.600890346	3	5622	0
1784417186.705142721	1	5620	100
1784417186.705142721	3	5622	0
1784417196.791163452	1	5620	0
1784417196.791163452	3	5622	0
1784417207.107689852	1	5620	0
1784417207.107689852	3	5622	0
1784417217.211565516	1	5620	100
1784417217.211565516	3	5622	0
1784417227.301951163	1	5620	0
1784417227.301951163	3	5622	100
1784417237.404650049	1	5620	0
1784417237.404650049	3	5622	100
1784417247.554736291	1	5620	100
1784417247.554736291	3	5622	0
1784417257.649273910	1	5620	31
1784417257.649273910	3	5622	56
1784417267.749924502	1	5620	0
1784417267.749924502	3	5622	100
1784417277.847822592	1	5620	100
1784417277.847822592	3	5622	0
1784417288.074193114	1	5620	0
1784417288.074193114	3	5622	100
1784417298.165046863	1	5620	0
1784417298.165046863	3	5622	100
1784417308.409197183	1	5620	0
1784417308.409197183	3	5622	0
1784417318.488264478	1	5620	0
1784417318.488264478	3	5622	0
1784417328.631881613	1	5620	61
1784417328.631881613	3	5622	62
1784417338.739792464	1	5620	100
1784417338.739792464	3	5622	0
1784417348.987936093	1	5620	0
1784417348.987936093	3	5622	100
1784417359.066158850	1	5620	0
1784417359.066158850	3	5622	100
1784417369.288085426	1	5620	100
1784417369.288085426	3	5622	0
1784417379.394132927	1	5620	0
1784417379.394132927	3	5622	100
1784417389.633129946	1	5620	0
1784417389.633129946	3	5622	100
1784417399.721292854	1	5620	0
1784417399.721292854	3	5622	100
1784417410.006112642	1	5620	0
1784417410.006112642	3	5622	100
1784417420.088598178	1	5620	0
1784417420.088598178	3	5622	0
1784417430.239897809	1	5620	0
1784417430.239897809	3	5622	100
1784417440.330840699	1	5620	0
1784417440.330840699	3	5622	100
1784417450.521382272	1	5620	0
1784417450.521382272	3	5622	0
1784417460.601869335	1	5620	0
1784417460.601869335	3	5622	100
1784417470.947447935	1	5620	0
1784417470.947447935	3	5622	100
1784417481.039054365	1	5620	0
1784417481.039054365	3	5622	100
1784417491.369231618	1	5620	0
1784417491.369231618	3	5622	100
1784417501.461214834	1	5620	0
1784417501.461214834	3	5622	100
1784417511.691664332	1	5620	0
1784417511.691664332	3	5622	100
1784417521.773827407	1	5620	0
1784417521.773827407	3	5622	100
1784417532.052240602	1	5620	0
1784417532.052240602	3	5622	100
1784417542.151825260	1	5620	0
1784417542.151825260	3	5622	100
1784417552.507918907	1	5620	0
1784417552.507918907	3	5622	100
1784417562.594380029	1	5620	79
1784417562.594380029	3	5622	66
1784417572.997209637	1	5620	0
1784417572.997209637	3	5622	100
1784417583.087053441	1	5620	0
1784417583.087053441	3	5622	100
1784417593.507727811	1	5620	0
1784417593.507727811	3	5622	100
1784417603.604198093	1	5620	74
1784417603.604198093	3	5622	76
1784417613.904152568	1	5620	0
1784417613.904152568	3	5622	0
1784417623.994844477	1	5620	0
1784417623.994844477	3	5622	0
1784417634.153463619	1	5620	0
1784417634.153463619	3	5622	0
1784417644.231683047	1	5620	100
1784417644.231683047	3	5622	0
1784417654.488706443	1	5620	0
1784417654.488706443	3	5622	0
1784417664.591190461	1	5620	100
1784417664.591190461	3	5622	0
1784417674.777724653	1	5620	100
1784417674.777724653	3	5622	0
1784417684.870719617	1	5620	0
1784417684.870719617	3	5622	0
1784417695.153319185	1	5620	100
1784417695.153319185	3	5622	0
1784417705.249253684	1	5620	100
1784417705.249253684	3	5622	0
1784417715.382401234	1	5620	0
1784417715.382401234	3	5622	0
1784417725.469575662	1	5620	0
1784417725.469575662	3	5622	0
1784417735.575540477	1	5620	100
1784417735.575540477	3	5622	0
1784417745.664478396	1	5620	0
1784417745.664478396	3	5622	100
1784417755.938654352	1	5620	0
1784417755.938654352	3	5622	100
1784417766.039955784	1	5620	100
1784417766.039955784	3	5622	0
1784417776.249401335	1	5620	0
1784417776.249401335	3	5622	100
1784417786.353983114	1	5620	0
1784417786.353983114	3	5622	0
1784417796.719209470	1	5620	61
1784417796.719209470	3	5622	66
1784417806.821533829	1	5620	0
1784417806.821533829	3	5622	100
1784417817.089671634	1	5620	0
1784417817.089671634	3	5622	0
1784417827.197704407	1	5620	0
1784417827.197704407	3	5622	100
1784417837.460551904	1	5620	0
1784417837.460551904	3	5622	100
1784417847.565754606	1	5620	100
1784417847.565754606	3	5622	0
1784417857.870769826	1	5620	0
1784417857.870769826	3	5622	100
1784417867.974786174	1	5620	17
1784417867.974786174	3	5622	100
1784417878.182451271	1	5620	100
1784417878.182451271	3	5622	0
1784417888.292152548	1	5620	0
1784417888.292152548	3	5622	100
1784417898.741471848	1	5620	0
1784417898.741471848	3	5622	0
1784417908.829854050	1	5620	80
1784417908.829854050	3	5622	70
1784417919.071988794	1	5620	0
1784417919.071988794	3	5622	100
1784417929.182207605	1	5620	0
1784417929.182207605	3	5622	0
1784417939.426530343	1	5620	0
1784417939.426530343	3	5622	100
1784417949.513335600	1	5620	0
1784417949.513335600	3	5622	100
1784417959.857127319	1	5620	0
1784417959.857127319	3	5622	100
1784417969.945636378	1	5620	2
1784417969.945636378	3	5622	100
1784417980.361957658	1	5620	0
1784417980.361957658	3	5622	100
1784417990.452150165	1	5620	0
1784417990.452150165	3	5622	100
1784418000.801671408	1	5620	0
1784418000.801671408	3	5622	100
1784418010.910206547	1	5620	68
1784418010.910206547	3	5622	36
1784418021.110259583	1	5620	0
1784418021.110259583	3	5622	11
1784418031.203486425	1	5620	0
1784418031.203486425	3	5622	100
1784418041.628631266	1	5620	100
1784418041.628631266	3	5622	0
1784418051.727906296	1	5620	0
1784418051.727906296	3	5622	100
1784418062.096105777	1	5620	0
1784418062.096105777	3	5622	100
1784418072.195684516	1	5620	0
1784418072.195684516	3	5622	100
1784418082.681642094	1	5620	0
1784418082.681642094	3	5622	100
1784418092.764997891	1	5620	0
1784418092.764997891	3	5622	100
1784418102.983345771	1	5620	0
1784418102.983345771	3	5622	0
1784418113.095153399	1	5620	0
1784418113.095153399	3	5622	0
1784418123.171157616	1	5620	36
1784418123.171157616	3	5622	0
1784418133.260360467	1	5620	100
1784418133.260360467	3	5622	0
1784418143.550686091	1	5620	0
1784418143.550686091	3	5622	0
1784418153.642405010	1	5620	100
1784418153.642405010	3	5622	0
1784418163.871725874	1	5620	100
1784418163.871725874	3	5622	0
1784418173.968930885	1	5620	0
1784418173.968930885	3	5622	0
1784418184.199887694	1	5620	100
1784418184.199887694	3	5622	0
1784418194.310978632	1	5620	85
1784418194.310978632	3	5622	75
1784418204.488249197	1	5620	0
1784418204.488249197	3	5622	0
1784418214.591717304	1	5620	0
1784418214.591717304	3	5622	0
1784418224.875459237	1	5620	100
1784418224.875459237	3	5622	0
1784418234.964676358	1	5620	0
1784418234.964676358	3	5622	100
1784418245.327519764	1	5620	0
1784418245.327519764	3	5622	100
1784418255.434835460	1	5620	100
1784418255.434835460	3	5622	0
1784418265.642215052	1	5620	0
1784418265.642215052	3	5622	100
1784418275.739018930	1	5620	0
1784418275.739018930	3	5622	0
1784418286.068130417	1	5620	0
1784418286.068130417	3	5622	100
1784418296.159041235	1	5620	0
1784418296.159041235	3	5622	0
1784418306.369171000	1	5620	0
1784418306.369171000	3	5622	0
1784418316.465257725	1	5620	0
1784418316.465257725	3	5622	100
1784418326.653854895	1	5620	62
1784418326.653854895	3	5622	80
1784418336.746681691	1	5620	100
1784418336.746681691	3	5622	0
1784418347.073612904	1	5620	0
1784418347.073612904	3	5622	100
1784418357.161100571	1	5620	0
1784418357.161100571	3	5622	100
1784418367.411756428	1	5620	100
1784418367.411756428	3	5622	0
1784418377.505323600	1	5620	0
1784418377.505323600	3	5622	100
1784418387.782405572	1	5620	0
1784418387.782405572	3	5622	100
1784418397.882320695	1	5620	100
1784418397.882320695	3	5622	0
1784418408.176972864	1	5620	0
1784418408.176972864	3	5622	100
1784418418.287050974	1	5620	0
1784418418.287050974	3	5622	0
1784418428.517228981	1	5620	0
1784418428.517228981	3	5622	100
1784418438.609831841	1	5620	0
1784418438.609831841	3	5622	100
1784418448.805575658	1	5620	0
1784418448.805575658	3	5622	0
1784418458.916399252	1	5620	0
1784418458.916399252	3	5622	100
1784418469.201398033	1	5620	0
1784418469.201398033	3	5622	100
1784418479.307073097	1	5620	0
1784418479.307073097	3	5622	0
1784418489.659747044	1	5620	0
1784418489.659747044	3	5622	100
1784418499.738778913	1	5620	0
1784418499.738778913	3	5622	100
1784418510.074561354	1	5620	0
1784418510.074561354	3	5622	0
1784418520.171560920	1	5620	0
1784418520.171560920	3	5622	100
1784418530.377403326	1	5620	0
1784418530.377403326	3	5622	100
1784418540.464369635	1	5620	0
1784418540.464369635	3	5622	100
1784418550.676231837	1	5620	6
1784418550.676231837	3	5622	100
1784418560.758463650	1	5620	55
1784418560.758463650	3	5622	31
1784418571.110226806	1	5620	0
1784418571.110226806	3	5622	100
1784418581.196633160	1	5620	0
1784418581.196633160	3	5622	100
1784418591.443601807	1	5620	0
1784418591.443601807	3	5622	0
1784418601.536731153	1	5620	0
1784418601.536731153	3	5622	0
1784418611.639970340	1	5620	25
1784418611.639970340	3	5622	0
1784418621.743692759	1	5620	0
1784418621.743692759	3	5622	96
1784418632.154480447	1	5620	0
1784418632.154480447	3	5622	0
1784418642.246361293	1	5620	100
1784418642.246361293	3	5622	0
1784418652.328448743	1	5620	100
1784418652.328448743	3	5622	55
1784418662.418552144	1	5620	0
1784418662.418552144	3	5622	0
1784418672.620940825	1	5620	0
1784418672.620940825	3	5622	0
1784418682.716602114	1	5620	0
1784418682.716602114	3	5622	23
1784418693.044445424	1	5620	0
1784418693.044445424	3	5622	100
1784418703.136439575	1	5620	100
1784418703.136439575	3	5622	0
1784418713.265109389	1	5620	100
1784418713.265109389	3	5622	30
1784418723.356647668	1	5620	0
1784418723.356647668	3	5622	100
1784418733.639651594	1	5620	0
1784418733.639651594	3	5622	100
1784418743.735096549	1	5620	0
1784418743.735096549	3	5622	0
1784418753.972267520	1	5620	0
1784418753.972267520	3	5622	100
1784418764.060307314	1	5620	100
1784418764.060307314	3	5622	0
1784418774.313044871	1	5620	100
1784418774.313044871	3	5622	0
1784418784.405709045	1	5620	0
1784418784.405709045	3	5622	100
1784418794.761581500	1	5620	100
1784418794.761581500	3	5622	0
1784418804.848311489	1	5620	0
1784418804.848311489	3	5622	100
1784418815.118228007	1	5620	0
1784418815.118228007	3	5622	100
1784418825.202175384	1	5620	100
1784418825.202175384	3	5622	0
1784418835.410094118	1	5620	0
1784418835.410094118	3	5622	100
1784418845.521988920	1	5620	0
1784418845.521988920	3	5622	100
1784418855.729275612	1	5620	88
1784418855.729275612	3	5622	80
1784418865.828332711	1	5620	0
1784418865.828332711	3	5622	100
1784418875.997721947	1	5620	0
1784418875.997721947	3	5622	0
1784418886.087157408	1	5620	9
1784418886.087157408	3	5622	100
1784418896.441066299	1	5620	0
1784418896.441066299	3	5622	98
1784418906.532635874	1	5620	0
1784418906.532635874	3	5622	0
1784418916.640763988	1	5620	0
1784418916.640763988	3	5622	100
1784418926.750338223	1	5620	0
1784418926.750338223	3	5622	100
1784418936.971064601	1	5620	0
1784418936.971064601	3	5622	100
1784418947.070408503	1	5620	0
1784418947.070408503	3	5622	100
1784418957.276580603	1	5620	0
1784418957.276580603	3	5622	100
1784418967.383126952	1	5620	67
1784418967.383126952	3	5622	77
1784418977.717490920	1	5620	0
1784418977.717490920	3	5622	100
1784418987.808354131	1	5620	0
1784418987.808354131	3	5622	100
1784418998.171290473	1	5620	0
1784418998.171290473	3	5622	0
1784419008.263895172	1	5620	0
1784419008.263895172	3	5622	100
1784419018.516749954	1	5620	0
1784419018.516749954	3	5622	0
1784419028.625398020	1	5620	0
1784419028.625398020	3	5622	100
1784419038.997787976	1	5620	0
1784419038.997787976	3	5622	100
1784419049.098345650	1	5620	0
1784419049.098345650	3	5622	100
1784419059.541497681	1	5620	0
1784419059.541497681	3	5622	100
1784419069.628229785	1	5620	0
1784419069.628229785	3	5622	0
1784419079.822056838	1	5620	0
1784419079.822056838	3	5622	0
1784419089.927252367	1	5620	0
1784419089.927252367	3	5622	0
1784419100.031350254	1	5620	0
1784419100.031350254	3	5622	100
1784419110.118357146	1	5620	0
1784419110.118357146	3	5622	0
1784419120.439676869	1	5620	0
1784419120.439676869	3	5622	0
1784419130.529089773	1	5620	100
1784419130.529089773	3	5622	0
1784419140.645115147	1	5620	0
1784419140.645115147	3	5622	0
1784419150.745788668	1	5620	0
1784419150.745788668	3	5622	0
1784419160.976350110	1	5620	100
1784419160.976350110	3	5622	0
1784419171.085879776	1	5620	0
1784419171.085879776	3	5622	0
1784419181.210923473	1	5620	0
1784419181.210923473	3	5622	100
1784419191.289264204	1	5620	100
1784419191.289264204	3	5622	0
1784419201.440742140	1	5620	0
1784419201.440742140	3	5622	0
1784419211.536254001	1	5620	0
1784419211.536254001	3	5622	100
1784419221.678859953	1	5620	100
1784419221.678859953	3	5622	0
1784419231.776029368	1	5620	0
1784419231.776029368	3	5622	0
1784419242.186472748	1	5620	0
1784419242.186472748	3	5622	100
1784419252.277085423	1	5620	100
1784419252.277085423	3	5622	0
1784419262.521642159	1	5620	0
1784419262.521642159	3	5622	100
1784419272.615411306	1	5620	0
1784419272.615411306	3	5622	100
1784419282.774792831	1	5620	5
1784419282.774792831	3	5622	80
1784419292.882586025	1	5620	0
1784419292.882586025	3	5622	100
1784419303.165008676	1	5620	0
1784419303.165008676	3	5622	100
1784419313.269654433	1	5620	0
1784419313.269654433	3	5622	100
1784419323.511845350	1	5620	0
1784419323.511845350	3	5622	100
1784419333.604318340	1	5620	0
1784419333.604318340	3	5622	100
1784419343.957184267	1	5620	0
1784419343.957184267	3	5622	0
1784419354.049646180	1	5620	0
1784419354.049646180	3	5622	100
1784419364.345946770	1	5620	100
1784419364.345946770	3	5622	0
1784419374.439951658	1	5620	0
1784419374.439951658	3	5622	100
1784419384.664999391	1	5620	0
1784419384.664999391	3	5622	0
1784419394.756783384	1	5620	0
1784419394.756783384	3	5622	100
1784419405.025089187	1	5620	0
1784419405.025089187	3	5622	100
1784419415.130195031	1	5620	0
1784419415.130195031	3	5622	0
1784419425.301499149	1	5620	0
1784419425.301499149	3	5622	100
1784419435.390296549	1	5620	39
1784419435.390296549	3	5622	88
1784419445.770304491	1	5620	0
1784419445.770304491	3	5622	0
1784419455.867302201	1	5620	0
1784419455.867302201	3	5622	100
1784419466.076207195	1	5620	69
1784419466.076207195	3	5622	50
1784419476.165394487	1	5620	0
1784419476.165394487	3	5622	0
1784419486.446779156	1	5620	0
1784419486.446779156	3	5622	100
1784419496.535409048	1	5620	55
1784419496.535409048	3	5622	10
1784419506.914481973	1	5620	0
1784419506.914481973	3	5622	100
1784419517.020352640	1	5620	0
1784419517.020352640	3	5622	100
1784419527.470626392	1	5620	0
1784419527.470626392	3	5622	100
1784419537.574712894	1	5620	0
1784419537.574712894	3	5622	100
1784419547.992244948	1	5620	0
1784419547.992244948	3	5622	100
1784419558.079217566	1	5620	0
1784419558.079217566	3	5622	0
1784419568.406151338	1	5620	0
1784419568.406151338	3	5622	0
1784419578.508483393	1	5620	100
1784419578.508483393	3	5622	0
1784419588.702751335	1	5620	83
1784419588.702751335	3	5622	72
1784419598.796145606	1	5620	0
1784419598.796145606	3	5622	0
1784419609.042180506	1	5620	0
1784419609.042180506	3	5622	0
1784419619.146461914	1	5620	0
1784419619.146461914	3	5622	100
1784419629.346704299	1	5620	0
1784419629.346704299	3	5622	0
1784419639.441911950	1	5620	0
1784419639.441911950	3	5622	0
1784419649.532631168	1	5620	100
1784419649.532631168	3	5622	21
1784419659.625214044	1	5620	0
1784419659.625214044	3	5622	100
1784419669.872846611	1	5620	55
1784419669.872846611	3	5622	0
1784419679.966615164	1	5620	79
1784419679.966615164	3	5622	84
1784419690.181534300	1	5620	0
1784419690.181534300	3	5622	100
1784419700.276590322	1	5620	100
1784419700.276590322	3	5622	0
1784419710.566692011	1	5620	67
1784419710.566692011	3	5622	96
1784419720.668988357	1	5620	0
1784419720.668988357	3	5622	100
1784419731.059316524	1	5620	0
1784419731.059316524	3	5622	0
1784419741.149428926	1	5620	100
1784419741.149428926	3	5622	0
1784419751.444136178	1	5620	0
1784419751.444136178	3	5622	100
1784419761.541207319	1	5620	100
1784419761.541207319	3	5622	0
1784419771.837768775	1	5620	100
1784419771.837768775	3	5622	15
1784419781.930423699	1	5620	46
1784419781.930423699	3	5622	35
1784419792.161288443	1	5620	100
1784419792.161288443	3	5622	0
1784419802.265256992	1	5620	0
1784419802.265256992	3	5622	100
1784419812.525541064	1	5620	0
1784419812.525541064	3	5622	100
1784419822.617514387	1	5620	0
1784419822.617514387	3	5622	100
1784419832.999149496	1	5620	0
1784419832.999149496	3	5622	100
1784419843.107481447	1	5620	0
1784419843.107481447	3	5622	0
1784419853.376619518	1	5620	0
1784419853.376619518	3	5622	100
1784419863.469729039	1	5620	100
1784419863.469729039	3	5622	6
1784419873.776452102	1	5620	0
1784419873.776452102	3	5622	0
1784419883.860491626	1	5620	0
1784419883.860491626	3	5622	100
1784419894.093272134	1	5620	0
1784419894.093272134	3	5622	0
1784419904.204036776	1	5620	65
1784419904.204036776	3	5622	90
1784419914.476162475	1	5620	0
1784419914.476162475	3	5622	100
1784419924.569667052	1	5620	0
1784419924.569667052	3	5622	0
1784419934.891349767	1	5620	0
1784419934.891349767	3	5622	100
1784419944.995603353	1	5620	0
1784419944.995603353	3	5622	100
1784419955.249934871	1	5620	0
1784419955.249934871	3	5622	0
1784419965.361548081	1	5620	0
1784419965.361548081	3	5622	100
1784419975.608448340	1	5620	0
1784419975.608448340	3	5622	100
1784419985.711013606	1	5620	0
1784419985.711013606	3	5622	0
1784419996.120474008	1	5620	0
1784419996.120474008	3	5622	100
1784420006.226568292	1	5620	60
1784420006.226568292	3	5622	23
1784420016.735998795	1	5620	0
1784420016.735998795	3	5622	100
1784420026.824369926	1	5620	28
1784420026.824369926	3	5622	100
1784420037.158625703	1	5620	0
1784420037.158625703	3	5622	100
1784420047.256940342	1	5620	0
1784420047.256940342	3	5622	0
1784420057.369461541	1	5620	0
1784420057.369461541	3	5622	0
1784420067.451321473	1	5620	100
1784420067.451321473	3	5622	0
1784420077.857667527	1	5620	0
1784420077.857667527	3	5622	100
1784420087.947909631	1	5620	0
1784420087.947909631	3	5622	0
1784420098.199224288	1	5620	100
1784420098.199224288	3	5622	0
1784420108.290982981	1	5620	0
1784420108.290982981	3	5622	0
1784420118.704787938	1	5620	100
1784420118.704787938	3	5622	0
1784420128.815554511	1	5620	100
1784420128.815554511	3	5622	0
1784420139.061615527	1	5620	100
1784420139.061615527	3	5622	0
1784420149.138412095	1	5620	100
1784420149.138412095	3	5622	0
1784420159.397844228	1	5620	100
1784420159.397844228	3	5622	0
1784420169.488782467	1	5620	64
1784420169.488782467	3	5622	68
1784420179.973231541	1	5620	6
1784420179.973231541	3	5622	7
1784420190.061023787	1	5620	100
1784420190.061023787	3	5622	0
1784420200.450612445	1	5620	16
1784420200.450612445	3	5622	73
1784420210.535304992	1	5620	0
1784420210.535304992	3	5622	0
1784420221.007840602	1	5620	100
1784420221.007840602	3	5622	0
1784420231.111890167	1	5620	100
1784420231.111890167	3	5622	0
1784420241.423097468	1	5620	0
1784420241.423097468	3	5622	0
1784420251.526368952	1	5620	100
1784420251.526368952	3	5622	0
1784420261.877348262	1	5620	100
1784420261.877348262	3	5622	0
1784420271.982186338	1	5620	100
1784420271.982186338	3	5622	0
1784420282.378383512	1	5620	100
1784420282.378383512	3	5622	0
1784420292.461837047	1	5620	100
1784420292.461837047	3	5622	49
1784420302.707008135	1	5620	100
1784420302.707008135	3	5622	0
1784420312.809326243	1	5620	100
1784420312.809326243	3	5622	0
1784420323.052849252	1	5620	100
1784420323.052849252	3	5622	0
1784420333.164577906	1	5620	100
1784420333.164577906	3	5622	0
1784420343.413421084	1	5620	100
1784420343.413421084	3	5622	0
1784420353.510244319	1	5620	100
1784420353.510244319	3	5622	0
1784420363.870207763	1	5620	0
1784420363.870207763	3	5622	100
1784420373.962035725	1	5620	0
1784420373.962035725	3	5622	100
1784420384.307318205	1	5620	100
1784420384.307318205	3	5622	0
1784420394.395865403	1	5620	0
1784420394.395865403	3	5622	100
1784420404.616839620	1	5620	64
1784420404.616839620	3	5622	61
1784420414.690698267	1	5620	100
1784420414.690698267	3	5622	0
1784420425.041627175	1	5620	0
1784420425.041627175	3	5622	100
1784420435.134064185	1	5620	50
1784420435.134064185	3	5622	67
1784420445.344254891	1	5620	0
1784420445.344254891	3	5622	100
1784420455.441944564	1	5620	0
1784420455.441944564	3	5622	100
1784420465.831474785	1	5620	0
1784420465.831474785	3	5622	100
1784420475.932626140	1	5620	0
1784420475.932626140	3	5622	100
1784420486.263858420	1	5620	0
1784420486.263858420	3	5622	100
1784420496.352605253	1	5620	0
1784420496.352605253	3	5622	100
1784420506.664460894	1	5620	100
1784420506.664460894	3	5622	0
1784420516.758748597	1	5620	0
1784420516.758748597	3	5622	100
1784420527.098888975	1	5620	0
1784420527.098888975	3	5622	0
1784420537.184010389	1	5620	0
1784420537.184010389	3	5622	0
1784420547.374408051	1	5620	18
1784420547.374408051	3	5622	0
1784420557.460780149	1	5620	100
1784420557.460780149	3	5622	0
1784420567.829383617	1	5620	0
1784420567.829383617	3	5622	0
1784420577.930085824	1	5620	0
1784420577.930085824	3	5622	0
1784420588.011530163	1	5620	0
1784420588.011530163	3	5622	0
1784420598.101678811	1	5620	0
1784420598.101678811	3	5622	0
1784420608.407329813	1	5620	0
1784420608.407329813	3	5622	0
1784420618.499003272	1	5620	76
1784420618.499003272	3	5622	61
1784420628.861046585	1	5620	0
1784420628.861046585	3	5622	100
1784420638.960325904	1	5620	0
1784420638.960325904	3	5622	0
1784420649.146893230	1	5620	62
1784420649.146893230	3	5622	56
1784420659.241614397	1	5620	0
1784420659.241614397	3	5622	100
1784420669.514171503	1	5620	0
1784420669.514171503	3	5622	100
1784420679.621465543	1	5620	0
1784420679.621465543	3	5622	100
1784420689.957002943	1	5620	0
1784420689.957002943	3	5622	100
1784420700.057008319	1	5620	0
1784420700.057008319	3	5622	100
1784420710.404026173	1	5620	0
1784420710.404026173	3	5622	100
1784420720.494492082	1	5620	0
1784420720.494492082	3	5622	100
1784420730.778669071	1	5620	0
1784420730.778669071	3	5622	100
1784420740.880961216	1	5620	0
1784420740.880961216	3	5622	100
1784420751.212897273	1	5620	0
1784420751.212897273	3	5622	100
1784420761.312771408	1	5620	0
1784420761.312771408	3	5622	100
1784420771.661087368	1	5620	0
1784420771.661087368	3	5622	100
1784420781.743738988	1	5620	0
1784420781.743738988	3	5622	100
1784420792.099678175	1	5620	0
1784420792.099678175	3	5622	100
1784420802.199626929	1	5620	0
1784420802.199626929	3	5622	100
1784420812.544219278	1	5620	0
1784420812.544219278	3	5622	0
1784420822.643417001	1	5620	0
1784420822.643417001	3	5622	100
1784420832.906891788	1	5620	60
1784420832.906891788	3	5622	66
1784420843.003610918	1	5620	0
1784420843.003610918	3	5622	100
1784420853.341084384	1	5620	0
1784420853.341084384	3	5622	100
1784420863.450567007	1	5620	57
1784420863.450567007	3	5622	79
1784420873.807009637	1	5620	0
1784420873.807009637	3	5622	100
1784420883.901903993	1	5620	0
1784420883.901903993	3	5622	100
1784420894.143344044	1	5620	0
1784420894.143344044	3	5622	0
1784420904.236665003	1	5620	0
1784420904.236665003	3	5622	100
1784420914.607591758	1	5620	0
1784420914.607591758	3	5622	100
1784420924.707350725	1	5620	0
1784420924.707350725	3	5622	0
1784420935.129121668	1	5620	0
1784420935.129121668	3	5622	100
1784420945.225893898	1	5620	0
1784420945.225893898	3	5622	100
1784420955.471083377	1	5620	0
1784420955.471083377	3	5622	87
1784420965.562918450	1	5620	0
1784420965.562918450	3	5622	100
1784420975.990631553	1	5620	0
1784420975.990631553	3	5622	100
1784420986.079481354	1	5620	0
1784420986.079481354	3	5622	100
1784420996.361107294	1	5620	0
1784420996.361107294	3	5622	100
1784421006.448292196	1	5620	0
1784421006.448292196	3	5622	0
1784421016.639642304	1	5620	0
1784421016.639642304	3	5622	0
1784421026.733653139	1	5620	0
1784421026.733653139	3	5622	0
1784421036.835454852	1	5620	100
1784421036.835454852	3	5622	0
1784421046.930214324	1	5620	0
1784421046.930214324	3	5622	0
1784421057.295256269	1	5620	0
1784421057.295256269	3	5622	0
1784421067.383307785	1	5620	100
1784421067.383307785	3	5622	0
1784421077.602970064	1	5620	0
1784421077.602970064	3	5622	0
1784421087.708713249	1	5620	0
1784421087.708713249	3	5622	0
1784421097.867628358	1	5620	0
1784421097.867628358	3	5622	100
1784421107.962452109	1	5620	67
1784421107.962452109	3	5622	77
1784421118.336001333	1	5620	1
1784421118.336001333	3	5622	100
1784421128.441506006	1	5620	100
1784421128.441506006	3	5622	0
1784421138.646180544	1	5620	60
1784421138.646180544	3	5622	55
1784421148.764888791	1	5620	0
1784421148.764888791	3	5622	100
1784421159.080067592	1	5620	100
1784421159.080067592	3	5622	57
1784421169.174281832	1	5620	0
1784421169.174281832	3	5622	100
1784421179.418510066	1	5620	0
1784421179.418510066	3	5622	100
1784421189.522102324	1	5620	0
1784421189.522102324	3	5622	100
1784421199.852599231	1	5620	0
1784421199.852599231	3	5622	100
1784421209.951629824	1	5620	0
1784421209.951629824	3	5622	100
1784421220.251695136	1	5620	0
1784421220.251695136	3	5622	100
1784421230.355208015	1	5620	0
1784421230.355208015	3	5622	100
1784421240.667037193	1	5620	0
1784421240.667037193	3	5622	100
1784421250.776797521	1	5620	0
1784421250.776797521	3	5622	100
1784421261.170407931	1	5620	58
1784421261.170407931	3	5622	39
1784421271.270735211	1	5620	0
1784421271.270735211	3	5622	100
1784421281.528266994	1	5620	0
1784421281.528266994	3	5622	100
1784421291.630119561	1	5620	0
1784421291.630119561	3	5622	100
1784421301.911725894	1	5620	0
1784421301.911725894	3	5622	100
1784421312.018332534	1	5620	0
1784421312.018332534	3	5622	100
1784421322.373647452	1	5620	0
1784421322.373647452	3	5622	100
1784421332.477651796	1	5620	0
1784421332.477651796	3	5622	100
1784421342.892343811	1	5620	0
1784421342.892343811	3	5622	100
1784421352.996447276	1	5620	0
1784421352.996447276	3	5622	100
1784421363.360877890	1	5620	0
1784421363.360877890	3	5622	100
1784421373.462973951	1	5620	0
1784421373.462973951	3	5622	100
1784421383.747470716	1	5620	64
1784421383.747470716	3	5622	53
1784421393.861901382	1	5620	0
1784421393.861901382	3	5622	100
1784421404.341500968	1	5620	0
1784421404.341500968	3	5622	100
1784421414.447512170	1	5620	59
1784421414.447512170	3	5622	100
1784421424.848368753	1	5620	0
1784421424.848368753	3	5622	100
1784421434.954614361	1	5620	0
1784421434.954614361	3	5622	100
1784421445.450459862	1	5620	34
1784421445.450459862	3	5622	10
1784421455.546375246	1	5620	0
1784421455.546375246	3	5622	100
1784421465.946171347	1	5620	68
1784421465.946171347	3	5622	69
1784421476.038079699	1	5620	100
1784421476.038079699	3	5622	0
1784421486.453390915	1	5620	40
1784421486.453390915	3	5622	37
1784421496.542384480	1	5620	0
1784421496.542384480	3	5622	0
1784421506.710354499	1	5620	0
1784421506.710354499	3	5622	0
1784421516.798305643	1	5620	100
1784421516.798305643	3	5622	17
1784421527.047794736	1	5620	0
1784421527.047794736	3	5622	0
1784421537.135311626	1	5620	100
1784421537.135311626	3	5622	0
1784421547.355344539	1	5620	0
1784421547.355344539	3	5622	0
1784421557.447782246	1	5620	0
1784421557.447782246	3	5622	0
1784421567.692053642	1	5620	100
1784421567.692053642	3	5622	0
1784421577.778224222	1	5620	0
1784421577.778224222	3	5622	0
1784421587.920041796	1	5620	0
1784421587.920041796	3	5622	0
1784421598.011271690	1	5620	0
1784421598.011271690	3	5622	0
1784421608.243577131	1	5620	0
1784421608.243577131	3	5622	0
1784421618.338868139	1	5620	21
1784421618.338868139	3	5622	20
1784421628.499629959	1	5620	0
1784421628.499629959	3	5622	100
1784421638.588273263	1	5620	0
1784421638.588273263	3	5622	0
1784421648.760136808	1	5620	0
1784421648.760136808	3	5622	0
1784421658.854012620	1	5620	0
1784421658.854012620	3	5622	100
1784421668.936870924	1	5620	0
1784421668.936870924	3	5622	0
1784421679.028592296	1	5620	0
1784421679.028592296	3	5622	0
1784421689.254300181	1	5620	0
1784421689.254300181	3	5622	0
1784421699.356545727	1	5620	53
1784421699.356545727	3	5622	46
1784421709.455908489	1	5620	0
1784421709.455908489	3	5622	100
1784421719.561776939	1	5620	0
1784421719.561776939	3	5622	0
1784421729.803658678	1	5620	0
1784421729.803658678	3	5622	100
1784421739.896873283	1	5620	57
1784421739.896873283	3	5622	63
1784421749.999437998	1	5620	0
1784421749.999437998	3	5622	0
1784421760.105606945	1	5620	0
1784421760.105606945	3	5622	100
1784421770.262477420	1	5620	0
1784421770.262477420	3	5622	0
1784421780.367632467	1	5620	0
1784421780.367632467	3	5622	0
1784421790.489997712	1	5620	0
1784421790.489997712	3	5622	100
1784421800.578395576	1	5620	0
1784421800.578395576	3	5622	0
1784421810.834753771	1	5620	0
1784421810.834753771	3	5622	100
1784421820.928586451	1	5620	0
1784421820.928586451	3	5622	100
1784421831.077769231	1	5620	0
1784421831.077769231	3	5622	0
1784421841.168416048	1	5620	0
1784421841.168416048	3	5622	100
1784421851.294723772	1	5620	0
1784421851.294723772	3	5622	100
1784421861.388275978	1	5620	0
1784421861.388275978	3	5622	0
1784421871.576755512	1	5620	0
1784421871.576755512	3	5622	100
1784421881.659454438	1	5620	100
1784421881.659454438	3	5622	0
1784421891.964523192	1	5620	0
1784421891.964523192	3	5622	0
1784421902.057340661	1	5620	0
1784421902.057340661	3	5622	100
1784421912.207229217	1	5620	48
1784421912.207229217	3	5622	100
1784421922.311054453	1	5620	0
1784421922.311054453	3	5622	100
1784421932.701952515	1	5620	0
1784421932.701952515	3	5622	100
1784421942.794683039	1	5620	59
1784421942.794683039	3	5622	60
1784421953.171567975	1	5620	0
1784421953.171567975	3	5622	100
1784421963.260068389	1	5620	60
1784421963.260068389	3	5622	62
1784421973.592583662	1	5620	0
1784421973.592583662	3	5622	0
1784421983.682421610	1	5620	0
1784421983.682421610	3	5622	0
1784421993.773180365	1	5620	0
1784421993.773180365	3	5622	0
1784422003.850575496	1	5620	71
1784422003.850575496	3	5622	67
1784422014.136723856	1	5620	0
1784422014.136723856	3	5622	0
1784422024.227956964	1	5620	100
1784422024.227956964	3	5622	0
1784422034.351798542	1	5620	100
1784422034.351798542	3	5622	0
1784422044.431029786	1	5620	0
1784422044.431029786	3	5622	0
1784422054.718876412	1	5620	100
1784422054.718876412	3	5622	0
1784422064.824603016	1	5620	85
1784422064.824603016	3	5622	66
1784422075.015647926	1	5620	0
1784422075.015647926	3	5622	0
1784422085.107418715	1	5620	0
1784422085.107418715	3	5622	0
1784422095.250425012	1	5620	100
1784422095.250425012	3	5622	0
1784422105.338457134	1	5620	0
1784422105.338457134	3	5622	0
1784422115.499663292	1	5620	0
1784422115.499663292	3	5622	100
1784422125.575698471	1	5620	100
1784422125.575698471	3	5622	0
1784422135.798944753	1	5620	0
1784422135.798944753	3	5622	0
1784422145.885587660	1	5620	0
1784422145.885587660	3	5622	0
1784422156.117997004	1	5620	100
1784422156.117997004	3	5622	0
1784422166.225376403	1	5620	0
1784422166.225376403	3	5622	100
1784422176.462634507	1	5620	0
1784422176.462634507	3	5622	0
1784422186.569223641	1	5620	77
1784422186.569223641	3	5622	77
1784422196.665450109	1	5620	0
1784422196.665450109	3	5622	100
1784422206.770033096	1	5620	100
1784422206.770033096	3	5622	0
1784422216.985538821	1	5620	86
1784422216.985538821	3	5622	76
1784422227.074411806	1	5620	0
1784422227.074411806	3	5622	100
1784422237.387594757	1	5620	100
1784422237.387594757	3	5622	0
1784422247.479601002	1	5620	0
1784422247.479601002	3	5622	100
1784422257.598015428	1	5620	0
1784422257.598015428	3	5622	0
1784422267.689501904	1	5620	100
1784422267.689501904	3	5622	0
1784422277.835703118	1	5620	100
1784422277.835703118	3	5622	0
1784422287.935308091	1	5620	0
1784422287.935308091	3	5622	0
1784422298.189577558	1	5620	52
1784422298.189577558	3	5622	76
1784422308.269096177	1	5620	73
1784422308.269096177	3	5622	76
1784422318.502780397	1	5620	0
1784422318.502780397	3	5622	0
1784422328.598042251	1	5620	0
1784422328.598042251	3	5622	100
1784422338.725933420	1	5620	0
1784422338.725933420	3	5622	0
1784422348.813646443	1	5620	0
1784422348.813646443	3	5622	0
1784422359.008617680	1	5620	0
1784422359.008617680	3	5622	100
1784422369.094640665	1	5620	21
1784422369.094640665	3	5622	24
1784422379.448420627	1	5620	0
1784422379.448420627	3	5622	0
1784422389.541032568	1	5620	0
1784422389.541032568	3	5622	100
1784422399.627787235	1	5620	0
1784422399.627787235	3	5622	0
1784422409.737556182	1	5620	0
1784422409.737556182	3	5622	0
1784422419.899402627	1	5620	0
1784422419.899402627	3	5622	100
1784422430.000434821	1	5620	0
1784422430.000434821	3	5622	100
1784422440.367928670	1	5620	0
1784422440.367928670	3	5622	100
1784422450.455214259	1	5620	0
1784422450.455214259	3	5622	0
1784422460.820453908	1	5620	0
1784422460.820453908	3	5622	0
1784422470.908171274	1	5620	0
1784422470.908171274	3	5622	0
1784422481.026738598	1	5620	100
1784422481.026738598	3	5622	0
1784422491.110781654	1	5620	0
1784422491.110781654	3	5622	0
1784422501.472155530	1	5620	0
1784422501.472155530	3	5622	0
1784422511.582749233	1	5620	100
1784422511.582749233	3	5622	0
1784422521.669838680	1	5620	0
1784422521.669838680	3	5622	0
1784422531.772979150	1	5620	97
1784422531.772979150	3	5622	0
1784422541.997134355	1	5620	100
1784422541.997134355	3	5622	0
1784422552.096540377	1	5620	0
1784422552.096540377	3	5622	0
1784422562.368421025	1	5620	0
1784422562.368421025	3	5622	0
1784422572.467449338	1	5620	100
1784422572.467449338	3	5622	0
1784422582.649314407	1	5620	0
1784422582.649314407	3	5622	0
1784422592.763653348	1	5620	0
1784422592.763653348	3	5622	100
1784422603.005065856	1	5620	100
1784422603.005065856	3	5622	0
1784422613.094540615	1	5620	5
1784422613.094540615	3	5622	65
1784422623.372660251	1	5620	0
1784422623.372660251	3	5622	0
1784422633.459831522	1	5620	80
1784422633.459831522	3	5622	78
1784422643.706247448	1	5620	0
1784422643.706247448	3	5622	100
1784422653.799107106	1	5620	0
1784422653.799107106	3	5622	0
1784422663.983072018	1	5620	0
1784422663.983072018	3	5622	97
1784422674.074682133	1	5620	0
1784422674.074682133	3	5622	100
1784422684.360446994	1	5620	100
1784422684.360446994	3	5622	0
1784422694.454195197	1	5620	0
1784422694.454195197	3	5622	100
1784422704.645826808	1	5620	0
1784422704.645826808	3	5622	100
1784422714.737609519	1	5620	100
1784422714.737609519	3	5622	0
1784422724.966336177	1	5620	0
1784422724.966336177	3	5622	100
1784422735.050556566	1	5620	0
1784422735.050556566	3	5622	0
1784422745.332135949	1	5620	100
1784422745.332135949	3	5622	0
1784422755.434396881	1	5620	0
1784422755.434396881	3	5622	100
1784422765.585380146	1	5620	0
1784422765.585380146	3	5622	0
1784422775.661458744	1	5620	0
1784422775.661458744	3	5622	100
1784422785.838413861	1	5620	0
1784422785.838413861	3	5622	100
1784422795.931741306	1	5620	0
1784422795.931741306	3	5622	0
1784422806.141147050	1	5620	0
1784422806.141147050	3	5622	100
1784422816.234495476	1	5620	72
1784422816.234495476	3	5622	67
1784422826.557946988	1	5620	0
1784422826.557946988	3	5622	0
1784422836.651233483	1	5620	0
1784422836.651233483	3	5622	100
1784422846.886644329	1	5620	55
1784422846.886644329	3	5622	64
1784422856.980161182	1	5620	0
1784422856.980161182	3	5622	0
1784422867.258267700	1	5620	0
1784422867.258267700	3	5622	100
1784422877.367282310	1	5620	48
1784422877.367282310	3	5622	79
1784422887.749462635	1	5620	0
1784422887.749462635	3	5622	100
1784422897.842552662	1	5620	14
1784422897.842552662	3	5622	17
1784422908.253013576	1	5620	0
1784422908.253013576	3	5622	100
1784422918.341387876	1	5620	85
1784422918.341387876	3	5622	72
1784422928.600603749	1	5620	0
1784422928.600603749	3	5622	100
1784422938.682796175	1	5620	0
1784422938.682796175	3	5622	0
1784422948.834277657	1	5620	0
1784422948.834277657	3	5622	0
1784422958.935969516	1	5620	100
1784422958.935969516	3	5622	0
1784422969.057519881	1	5620	0
1784422969.057519881	3	5622	0
1784422979.157544938	1	5620	0
1784422979.157544938	3	5622	0
1784422989.373686307	1	5620	100
1784422989.373686307	3	5622	0
1784422999.478607234	1	5620	0
1784422999.478607234	3	5622	0
1784423009.803776923	1	5620	0
1784423009.803776923	3	5622	0
1784423019.899794520	1	5620	100
1784423019.899794520	3	5622	0
1784423029.995732309	1	5620	0
1784423029.995732309	3	5622	0
1784423040.091071006	1	5620	0
1784423040.091071006	3	5622	100
1784423050.225787597	1	5620	100
1784423050.225787597	3	5622	0
1784423060.327101179	1	5620	0
1784423060.327101179	3	5622	0
1784423070.676313003	1	5620	0
1784423070.676313003	3	5622	100
1784423080.782846684	1	5620	100
1784423080.782846684	3	5622	0
1784423091.054318688	1	5620	100
1784423091.054318688	3	5622	0
1784423101.139039493	1	5620	0
1784423101.139039493	3	5622	100
1784423111.519282487	1	5620	100
1784423111.519282487	3	5622	0
1784423121.606238319	1	5620	59
1784423121.606238319	3	5622	92
1784423131.936289951	1	5620	0
1784423131.936289951	3	5622	100
1784423142.035752051	1	5620	0
1784423142.035752051	3	5622	100
1784423152.321837387	1	5620	66
1784423152.321837387	3	5622	94
1784423162.422294144	1	5620	0
1784423162.422294144	3	5622	100
1784423172.798278844	1	5620	0
1784423172.798278844	3	5622	100
1784423182.898399368	1	5620	59
1784423182.898399368	3	5622	69
1784423193.198894205	1	5620	0
1784423193.198894205	3	5622	100
1784423203.304123464	1	5620	0
1784423203.304123464	3	5622	100
1784423213.587208165	1	5620	0
1784423213.587208165	3	5622	100
1784423223.691470882	1	5620	100
1784423223.691470882	3	5622	0
1784423233.916527860	1	5620	0
1784423233.916527860	3	5622	100
1784423244.018138804	1	5620	0
1784423244.018138804	3	5622	0
1784423254.397288380	1	5620	6
1784423254.397288380	3	5622	100
1784423264.498618362	1	5620	0
1784423264.498618362	3	5622	100
1784423274.744960677	1	5620	0
1784423274.744960677	3	5622	0
1784423284.840580175	1	5620	0
1784423284.840580175	3	5622	100
1784423295.224467452	1	5620	0
1784423295.224467452	3	5622	100
1784423305.311594902	1	5620	0
1784423305.311594902	3	5622	0
1784423315.728058140	1	5620	0
1784423315.728058140	3	5622	100
1784423325.841397797	1	5620	0
1784423325.841397797	3	5622	100
1784423336.132588655	1	5620	0
1784423336.132588655	3	5622	0
1784423346.235221941	1	5620	55
1784423346.235221941	3	5622	100
1784423356.624620341	1	5620	0
1784423356.624620341	3	5622	100
1784423366.724944155	1	5620	0
1784423366.724944155	3	5622	100
1784423377.092023550	1	5620	0
1784423377.092023550	3	5622	100
1784423387.195764036	1	5620	0
1784423387.195764036	3	5622	100
1784423397.650096677	1	5620	0
1784423397.650096677	3	5622	100
1784423407.735124196	1	5620	0
1784423407.735124196	3	5622	100
1784423417.978165227	1	5620	0
1784423417.978165227	3	5622	0
1784423428.063276597	1	5620	0
1784423428.063276597	3	5622	0
1784423438.169474497	1	5620	100
1784423438.169474497	3	5622	0
1784423448.269749312	1	5620	100
1784423448.269749312	3	5622	0
1784423458.438797883	1	5620	0
1784423458.438797883	3	5622	0
1784423468.543996898	1	5620	100
1784423468.543996898	3	5622	0
1784423478.623603468	1	5620	45
1784423478.623603468	3	5622	100
1784423488.700780501	1	5620	0
1784423488.700780501	3	5622	0
1784423498.820493991	1	5620	100
1784423498.820493991	3	5622	0
1784423508.927312104	1	5620	68
1784423508.927312104	3	5622	66
1784423519.107576723	1	5620	0
1784423519.107576723	3	5622	0
1784423529.200450420	1	5620	100
1784423529.200450420	3	5622	0
1784423539.320922000	1	5620	69
1784423539.320922000	3	5622	67
1784423549.408908522	1	5620	0
1784423549.408908522	3	5622	100
1784423559.670337591	1	5620	100
1784423559.670337591	3	5622	0
1784423569.764583634	1	5620	0
1784423569.764583634	3	5622	88
1784423579.994686317	1	5620	0
1784423579.994686317	3	5622	100
1784423590.078908962	1	5620	100
1784423590.078908962	3	5622	0
1784423600.357489572	1	5620	0
1784423600.357489572	3	5622	100
1784423610.435730933	1	5620	0
1784423610.435730933	3	5622	100
1784423620.728373781	1	5620	100
1784423620.728373781	3	5622	0
1784423630.836230605	1	5620	22
1784423630.836230605	3	5622	37
1784423641.135934216	1	5620	0
1784423641.135934216	3	5622	100
1784423651.226210039	1	5620	100
1784423651.226210039	3	5622	0
1784423661.550533358	1	5620	0
1784423661.550533358	3	5622	100
1784423671.643264271	1	5620	59
1784423671.643264271	3	5622	100
1784423681.948362716	1	5620	0
1784423681.948362716	3	5622	96
1784423692.063364248	1	5620	0
1784423692.063364248	3	5622	100
1784423702.236983976	1	5620	0
1784423702.236983976	3	5622	100
1784423712.327642384	1	5620	0
1784423712.327642384	3	5622	100
1784423722.745283851	1	5620	0
1784423722.745283851	3	5622	100
1784423732.820542840	1	5620	0
1784423732.820542840	3	5622	0
1784423743.079363032	1	5620	0
1784423743.079363032	3	5622	100
1784423753.177473644	1	5620	0
1784423753.177473644	3	5622	100
1784423763.530933977	1	5620	57
1784423763.530933977	3	5622	100
1784423773.633904903	1	5620	0
1784423773.633904903	3	5622	100
1784423784.019859482	1	5620	0
1784423784.019859482	3	5622	100
1784423794.124860557	1	5620	0
1784423794.124860557	3	5622	0
1784423804.591102497	1	5620	0
1784423804.591102497	3	5622	100
1784423814.679363614	1	5620	0
1784423814.679363614	3	5622	100
1784423824.960753830	1	5620	0
1784423824.960753830	3	5622	100
1784423835.068206217	1	5620	0
1784423835.068206217	3	5622	100
1784423845.627947066	1	5620	0
1784423845.627947066	3	5622	100
1784423855.731839700	1	5620	0
1784423855.731839700	3	5622	100
1784423866.106341837	1	5620	0
1784423866.106341837	3	5622	100
1784423876.196550017	1	5620	0
1784423876.196550017	3	5622	100
1784423886.570717356	1	5620	53
1784423886.570717356	3	5622	32
1784423896.665477615	1	5620	0
1784423896.665477615	3	5622	0
1784423906.884834847	1	5620	0
1784423906.884834847	3	5622	0
1784423916.989062694	1	5620	100
1784423916.989062694	3	5622	0
1784423927.098017750	1	5620	100
1784423927.098017750	3	5622	0
1784423937.183915710	1	5620	0
1784423937.183915710	3	5622	0
1784423947.424752300	1	5620	100
1784423947.424752300	3	5622	0
1784423957.517813965	1	5620	100
1784423957.517813965	3	5622	0
1784423967.712681688	1	5620	0
1784423967.712681688	3	5622	0
1784423977.815587768	1	5620	100
1784423977.815587768	3	5622	0
1784423988.036845402	1	5620	100
1784423988.036845402	3	5622	0
1784423998.138339079	1	5620	0
1784423998.138339079	3	5622	0
1784424008.388544275	1	5620	0
1784424008.388544275	3	5622	0
1784424018.475276060	1	5620	100
1784424018.475276060	3	5622	0
1784424028.721505666	1	5620	0
1784424028.721505666	3	5622	0
1784424038.820032366	1	5620	0
1784424038.820032366	3	5622	0
1784424049.061621946	1	5620	100
1784424049.061621946	3	5622	0
1784424059.157750700	1	5620	100
1784424059.157750700	3	5622	0
1784424069.525736696	1	5620	0
1784424069.525736696	3	5622	0
1784424079.625970560	1	5620	24
1784424079.625970560	3	5622	41
1784424089.792887226	1	5620	100
1784424089.792887226	3	5622	80
1784424099.897375677	1	5620	0
1784424099.897375677	3	5622	0
1784424110.076780357	1	5620	0
1784424110.076780357	3	5622	100
1784424120.178273586	1	5620	0
1784424120.178273586	3	5622	100
1784424130.444017743	1	5620	100
1784424130.444017743	3	5622	0
1784424140.541985693	1	5620	0
1784424140.541985693	3	5622	100
1784424150.765512649	1	5620	0
1784424150.765512649	3	5622	100
1784424160.864271255	1	5620	100
1784424160.864271255	3	5622	0
1784424171.121151498	1	5620	0
1784424171.121151498	3	5622	55
1784424181.219741951	1	5620	0
1784424181.219741951	3	5622	100
1784424191.489251270	1	5620	100
1784424191.489251270	3	5622	0
1784424201.599442238	1	5620	0
1784424201.599442238	3	5622	41
1784424211.846076479	1	5620	0
1784424211.846076479	3	5622	0
1784424221.940868652	1	5620	0
1784424221.940868652	3	5622	100
1784424232.295902913	1	5620	0
1784424232.295902913	3	5622	100
1784424242.388136750	1	5620	53
1784424242.388136750	3	5622	69
1784424252.623470001	1	5620	0
1784424252.623470001	3	5622	100
1784424262.723277973	1	5620	0
1784424262.723277973	3	5622	100
1784424273.015300693	1	5620	54
1784424273.015300693	3	5622	81
1784424283.095013954	1	5620	0
1784424283.095013954	3	5622	100
1784424293.489742372	1	5620	0
1784424293.489742372	3	5622	100
1784424303.578533508	1	5620	62
1784424303.578533508	3	5622	61
1784424313.863280844	1	5620	0
1784424313.863280844	3	5622	100
1784424323.956535698	1	5620	0
1784424323.956535698	3	5622	100
1784424334.351399761	1	5620	0
1784424334.351399761	3	5622	100
1784424344.438613394	1	5620	0
1784424344.438613394	3	5622	100
1784424354.867525380	1	5620	100
1784424354.867525380	3	5622	2
1784424364.957335561	1	5620	0
1784424364.957335561	3	5622	100
1784424375.356233671	1	5620	0
1784424375.356233671	3	5622	100
1784424385.445177088	1	5620	0
1784424385.445177088	3	5622	0
1784424395.626262541	1	5620	0
1784424395.626262541	3	5622	0
1784424405.717375034	1	5620	100
1784424405.717375034	3	5622	0
1784424416.027507957	1	5620	0
1784424416.027507957	3	5622	0
1784424426.128941690	1	5620	0
1784424426.128941690	3	5622	0
1784424436.303832767	1	5620	100
1784424436.303832767	3	5622	0
1784424446.417081829	1	5620	0
1784424446.417081829	3	5622	0
1784424456.742963815	1	5620	0
1784424456.742963815	3	5622	0
1784424466.836766951	1	5620	100
1784424466.836766951	3	5622	0
1784424477.011649099	1	5620	0
1784424477.011649099	3	5622	0
1784424487.105823804	1	5620	0
1784424487.105823804	3	5622	0
1784424497.250440538	1	5620	100
1784424497.250440538	3	5622	0
1784424507.358841280	1	5620	100
1784424507.358841280	3	5622	38
1784424517.608351793	1	5620	0
1784424517.608351793	3	5622	100
1784424527.706662872	1	5620	100
1784424527.706662872	3	5622	0
1784424537.933743094	1	5620	100
1784424537.933743094	3	5622	42
1784424548.021743183	1	5620	0
1784424548.021743183	3	5622	100
1784424558.206396089	1	5620	100
1784424558.206396089	3	5622	0
1784424568.304670553	1	5620	0
1784424568.304670553	3	5622	6
1784424578.543237211	1	5620	0
1784424578.543237211	3	5622	0
1784424588.641183730	1	5620	100
1784424588.641183730	3	5622	0
1784424598.751962561	1	5620	0
1784424598.751962561	3	5622	100
1784424608.832648634	1	5620	0
1784424608.832648634	3	5622	0
1784424618.938210897	1	5620	100
1784424618.938210897	3	5622	0
1784424629.033103258	1	5620	0
1784424629.033103258	3	5622	100
1784424639.197879684	1	5620	0
1784424639.197879684	3	5622	0
1784424649.290848568	1	5620	0
1784424649.290848568	3	5622	100
1784424659.541656573	1	5620	0
1784424659.541656573	3	5622	0
1784424669.639690348	1	5620	100
1784424669.639690348	3	5622	0
1784424679.746706417	1	5620	0
1784424679.746706417	3	5622	100
1784424689.839548516	1	5620	0
1784424689.839548516	3	5622	0
1784424700.111691837	1	5620	30
1784424700.111691837	3	5622	56
1784424710.215148941	1	5620	0
1784424710.215148941	3	5622	100
1784424720.453027049	1	5620	0
1784424720.453027049	3	5622	0
1784424730.547780022	1	5620	0
1784424730.547780022	3	5622	100
1784424740.971233311	1	5620	36
1784424740.971233311	3	5622	100
1784424751.062107452	1	5620	0
1784424751.062107452	3	5622	0
1784424761.383507765	1	5620	0
1784424761.383507765	3	5622	100
1784424771.490218161	1	5620	0
1784424771.490218161	3	5622	78
1784424781.740783081	1	5620	0
1784424781.740783081	3	5622	0
1784424791.845190280	1	5620	71
1784424791.845190280	3	5622	79
1784424802.054535122	1	5620	100
1784424802.054535122	3	5622	0
1784424812.157559572	1	5620	0
1784424812.157559572	3	5622	100
1784424822.502947578	1	5620	0
1784424822.502947578	3	5622	100
1784424832.601093577	1	5620	0
1784424832.601093577	3	5622	100
1784424842.975336871	1	5620	0
1784424842.975336871	3	5622	100
1784424853.063829451	1	5620	0
1784424853.063829451	3	5622	100
1784424863.261738362	1	5620	0
1784424863.261738362	3	5622	0
1784424873.354183012	1	5620	0
1784424873.354183012	3	5622	0
1784424883.435085701	1	5620	100
1784424883.435085701	3	5622	0
1784424893.534179785	1	5620	9
1784424893.534179785	3	5622	72
1784424903.896958736	1	5620	0
1784424903.896958736	3	5622	0
1784424914.009623650	1	5620	100
1784424914.009623650	3	5622	0
1784424924.200774858	1	5620	65
1784424924.200774858	3	5622	67
1784424934.303563978	1	5620	0
1784424934.303563978	3	5622	0
1784424944.515705489	1	5620	100
1784424944.515705489	3	5622	0
1784424954.627911414	1	5620	0
1784424954.627911414	3	5622	0
1784424964.745022447	1	5620	0
1784424964.745022447	3	5622	100
1784424974.841422602	1	5620	100
1784424974.841422602	3	5622	0
1784424984.962745618	1	5620	65
1784424984.962745618	3	5622	5
1784424995.040343082	1	5620	0
1784424995.040343082	3	5622	100
1784425005.224498475	1	5620	100
1784425005.224498475	3	5622	0
1784425015.325049873	1	5620	0
1784425015.325049873	3	5622	0
1784425025.612982110	1	5620	0
1784425025.612982110	3	5622	100
1784425035.711338660	1	5620	100
1784425035.711338660	3	5622	0
1784425045.921407109	1	5620	0
1784425045.921407109	3	5622	100
1784425056.016204883	1	5620	0
1784425056.016204883	3	5622	100
1784425066.394142144	1	5620	17
1784425066.394142144	3	5622	100
1784425076.474698819	1	5620	36
1784425076.474698819	3	5622	100
1784425086.688140253	1	5620	0
1784425086.688140253	3	5622	100
1784425096.788460320	1	5620	0
1784425096.788460320	3	5622	100
1784425107.049782582	1	5620	0
1784425107.049782582	3	5622	100
1784425117.144986352	1	5620	0
1784425117.144986352	3	5622	100
1784425127.459320653	1	5620	0
1784425127.459320653	3	5622	100
1784425137.557299097	1	5620	76
1784425137.557299097	3	5622	96
1784425147.836625562	1	5620	0
1784425147.836625562	3	5622	100
1784425157.943950718	1	5620	0
1784425157.943950718	3	5622	76
1784425168.391533388	1	5620	0
1784425168.391533388	3	5622	100
1784425178.489906586	1	5620	65
1784425178.489906586	3	5622	58
1784425188.759186038	1	5620	58
1784425188.759186038	3	5622	59
1784425198.869765518	1	5620	0
1784425198.869765518	3	5622	100
1784425209.085823783	1	5620	0
1784425209.085823783	3	5622	100
1784425219.186012399	1	5620	0
1784425219.186012399	3	5622	98
1784425229.469087038	1	5620	0
1784425229.469087038	3	5622	100
1784425239.570649618	1	5620	100
1784425239.570649618	3	5622	0
1784425249.771581399	1	5620	63
1784425249.771581399	3	5622	74
1784425259.874015935	1	5620	0
1784425259.874015935	3	5622	100
1784425270.055658873	1	5620	100
1784425270.055658873	3	5622	0
1784425280.165878661	1	5620	0
1784425280.165878661	3	5622	100
1784425290.642436991	1	5620	0
1784425290.642436991	3	5622	100
1784425300.716858405	1	5620	0
1784425300.716858405	3	5622	100
1784425311.115849131	1	5620	0
1784425311.115849131	3	5622	100
1784425321.218291045	1	5620	0
1784425321.218291045	3	5622	100
1784425331.489666877	1	5620	0
1784425331.489666877	3	5622	100
1784425341.574396392	1	5620	0
1784425341.574396392	3	5622	100
1784425351.734991995	1	5620	0
1784425351.734991995	3	5622	0
1784425361.822122444	1	5620	6
1784425361.822122444	3	5622	0
1784425372.017142672	1	5620	100
1784425372.017142672	3	5622	0
1784425382.102764495	1	5620	62
1784425382.102764495	3	5622	76
1784425392.360552570	1	5620	100
1784425392.360552570	3	5622	0
1784425402.464331021	1	5620	87
1784425402.464331021	3	5622	0
1784425412.791798855	1	5620	60
1784425412.791798855	3	5622	56
1784425422.904629688	1	5620	100
1784425422.904629688	3	5622	0
1784425433.090904141	1	5620	100
1784425433.090904141	3	5622	0
1784425443.202278250	1	5620	51
1784425443.202278250	3	5622	13
1784425453.403960351	1	5620	0
1784425453.403960351	3	5622	0
1784425463.495062868	1	5620	100
1784425463.495062868	3	5622	0
1784425473.709032879	1	5620	0
1784425473.709032879	3	5622	100
1784425483.814901002	1	5620	0
1784425483.814901002	3	5622	0
1784425494.167787728	1	5620	100
1784425494.167787728	3	5622	0
1784425504.279562503	1	5620	100
1784425504.279562503	3	5622	77
1784425514.459634164	1	5620	0
1784425514.459634164	3	5622	0
1784425524.564398449	1	5620	100
1784425524.564398449	3	5622	0
1784425534.742737980	1	5620	100
1784425534.742737980	3	5622	0
1784425544.826420114	1	5620	0
1784425544.826420114	3	5622	0
1784425555.149328177	1	5620	100
1784425555.149328177	3	5622	0
1784425565.251798574	1	5620	0
1784425565.251798574	3	5622	100
1784425575.569644096	1	5620	100
1784425575.569644096	3	5622	0
1784425585.664277623	1	5620	58
1784425585.664277623	3	5622	67
1784425595.833800323	1	5620	0
1784425595.833800323	3	5622	100
1784425605.929229027	1	5620	63
1784425605.929229027	3	5622	89
1784425616.215211579	1	5620	5
1784425616.215211579	3	5622	53
1784425626.308568516	1	5620	0
1784425626.308568516	3	5622	100
1784425636.549045070	1	5620	68
1784425636.549045070	3	5622	91
1784425646.644270974	1	5620	0
1784425646.644270974	3	5622	100
1784425657.028953674	1	5620	0
1784425657.028953674	3	5622	100
1784425667.124413675	1	5620	2
1784425667.124413675	3	5622	100
1784425677.378189707	1	5620	0
1784425677.378189707	3	5622	100
1784425687.482989264	1	5620	0
1784425687.482989264	3	5622	100
1784425697.706467836	1	5620	19
1784425697.706467836	3	5622	82
1784425707.793215610	1	5620	0
1784425707.793215610	3	5622	100
1784425718.095388935	1	5620	0
1784425718.095388935	3	5622	100
1784425728.197018510	1	5620	55
1784425728.197018510	3	5622	53
1784425738.471525191	1	5620	0
1784425738.471525191	3	5622	100
1784425748.567911870	1	5620	0
1784425748.567911870	3	5622	100
1784425758.905781082	1	5620	0
1784425758.905781082	3	5622	100
1784425769.006951407	1	5620	0
1784425769.006951407	3	5622	100
1784425779.369943782	1	5620	0
1784425779.369943782	3	5622	100
1784425789.470402813	1	5620	50
1784425789.470402813	3	5622	55
1784425799.820739867	1	5620	0
1784425799.820739867	3	5622	100
1784425809.917012467	1	5620	0
1784425809.917012467	3	5622	100
1784425820.163724088	1	5620	0
1784425820.163724088	3	5622	100
1784425830.250547058	1	5620	57
1784425830.250547058	3	5622	56
1784425840.506358337	1	5620	0
1784425840.506358337	3	5622	0
1784425850.599659216	1	5620	0
1784425850.599659216	3	5622	0
1784425860.706710260	1	5620	100
1784425860.706710260	3	5622	0
1784425870.809857833	1	5620	64
1784425870.809857833	3	5622	0
1784425881.130996920	1	5620	0
1784425881.130996920	3	5622	0
1784425891.241150287	1	5620	100
1784425891.241150287	3	5622	0
1784425901.379053115	1	5620	85
1784425901.379053115	3	5622	67
1784425911.471458324	1	5620	0
1784425911.471458324	3	5622	0
1784425921.833469172	1	5620	100
1784425921.833469172	3	5622	0
1784425931.931487120	1	5620	96
1784425931.931487120	3	5622	0
1784425942.113046238	1	5620	0
1784425942.113046238	3	5622	100
1784425952.200864076	1	5620	100
1784425952.200864076	3	5622	0
1784425962.375867629	1	5620	61
1784425962.375867629	3	5622	73
1784425972.454426415	1	5620	0
1784425972.454426415	3	5622	100
1784425982.717211514	1	5620	100
1784425982.717211514	3	5622	0
1784425992.812829205	1	5620	63
1784425992.812829205	3	5622	80
1784426003.038548713	1	5620	0
1784426003.038548713	3	5622	100
1784426013.133861585	1	5620	67
1784426013.133861585	3	5622	68
1784426023.420385701	1	5620	34
1784426023.420385701	3	5622	58
1784426033.518208288	1	5620	0
1784426033.518208288	3	5622	100
1784426043.661693016	1	5620	0
1784426043.661693016	3	5622	0
1784426053.755184765	1	5620	100
1784426053.755184765	3	5622	0
1784426063.986157277	1	5620	0
1784426063.986157277	3	5622	100
1784426074.095645976	1	5620	0
1784426074.095645976	3	5622	0
1784426084.274260475	1	5620	100
1784426084.274260475	3	5622	0
1784426094.385707529	1	5620	77
1784426094.385707529	3	5622	75
1784426104.562611182	1	5620	81
1784426104.562611182	3	5622	59
1784426114.665963925	1	5620	0
1784426114.665963925	3	5622	0
1784426124.929126845	1	5620	77
1784426124.929126845	3	5622	80
1784426135.012208561	1	5620	0
1784426135.012208561	3	5622	0
1784426145.349015244	1	5620	0
1784426145.349015244	3	5622	0
1784426155.454428340	1	5620	0
1784426155.454428340	3	5622	100
1784426165.775146462	1	5620	38
1784426165.775146462	3	5622	61
1784426175.860566291	1	5620	0
1784426175.860566291	3	5622	0
1784426186.171006553	1	5620	0
1784426186.171006553	3	5622	100
1784426196.264627633	1	5620	56
1784426196.264627633	3	5622	0
1784426206.620713943	1	5620	0
1784426206.620713943	3	5622	0
1784426216.716771892	1	5620	61
1784426216.716771892	3	5622	78
1784426226.927392619	1	5620	92
1784426226.927392619	3	5622	57
1784426237.009793424	1	5620	6
1784426237.009793424	3	5622	0
1784426247.267119858	1	5620	66
1784426247.267119858	3	5622	67
1784426257.354599160	1	5620	0
1784426257.354599160	3	5622	100
1784426267.806912444	1	5620	100
1784426267.806912444	3	5622	0
1784426277.900433133	1	5620	0
1784426277.900433133	3	5622	100
1784426288.245459997	1	5620	0
1784426288.245459997	3	5622	100
1784426298.346668356	1	5620	54
1784426298.346668356	3	5622	69
1784426308.706605316	1	5620	0
1784426308.706605316	3	5622	100
1784426318.805090143	1	5620	0
1784426318.805090143	3	5622	100
1784426328.967971791	1	5620	0
1784426328.967971791	3	5622	0
1784426339.059344610	1	5620	0
1784426339.059344610	3	5622	0
1784426349.306359632	1	5620	100
1784426349.306359632	3	5622	0
1784426359.392313096	1	5620	100
1784426359.392313096	3	5622	0
1784426369.587310943	1	5620	0
1784426369.587310943	3	5622	0
1784426379.680037534	1	5620	53
1784426379.680037534	3	5622	19
1784426389.855489832	1	5620	55
1784426389.855489832	3	5622	79
1784426399.962798550	1	5620	0
1784426399.962798550	3	5622	0
1784426410.113656805	1	5620	100
1784426410.113656805	3	5622	0
1784426420.190241128	1	5620	30
1784426420.190241128	3	5622	96
1784426430.376404682	1	5620	0
1784426430.376404682	3	5622	100
1784426440.468061330	1	5620	100
1784426440.468061330	3	5622	0
1784426450.568384206	1	5620	18
1784426450.568384206	3	5622	56
1784426460.643195415	1	5620	0
1784426460.643195415	3	5622	100
1784426470.905259631	1	5620	100
1784426470.905259631	3	5622	0
1784426480.990267194	1	5620	100
1784426480.990267194	3	5622	0
1784426491.250828766	1	5620	0
1784426491.250828766	3	5622	100
1784426501.344694862	1	5620	100
1784426501.344694862	3	5622	0
1784426511.512395175	1	5620	100
1784426511.512395175	3	5622	0
1784426521.613598366	1	5620	0
1784426521.613598366	3	5622	100
1784426531.774506655	1	5620	100
1784426531.774506655	3	5622	0
1784426541.863227682	1	5620	82
1784426541.863227682	3	5622	73
1784426552.152524594	1	5620	0
1784426552.152524594	3	5622	0
1784426562.256758686	1	5620	100
1784426562.256758686	3	5622	0
1784426572.352149435	1	5620	0
1784426572.352149435	3	5622	100
1784426582.442416953	1	5620	0
1784426582.442416953	3	5622	100
1784426592.723731260	1	5620	0
1784426592.723731260	3	5622	28
1784426602.816511459	1	5620	71
1784426602.816511459	3	5622	23
1784426613.089098021	1	5620	100
1784426613.089098021	3	5622	0
1784426623.199910559	1	5620	0
1784426623.199910559	3	5622	100
1784426633.350718497	1	5620	0
1784426633.350718497	3	5622	0
1784426643.459950247	1	5620	61
1784426643.459950247	3	5622	14
1784426653.673948492	1	5620	0
1784426653.673948492	3	5622	100
1784426663.764225462	1	5620	0
1784426663.764225462	3	5622	0
1784426674.165173037	1	5620	0
1784426674.165173037	3	5622	100
1784426684.261471763	1	5620	100
1784426684.261471763	3	5622	0
1784426694.552002806	1	5620	0
1784426694.552002806	3	5622	0
1784426704.657975841	1	5620	0
1784426704.657975841	3	5622	100
1784426714.854639892	1	5620	0
1784426714.854639892	3	5622	100
1784426724.951774067	1	5620	0
1784426724.951774067	3	5622	0
1784426735.278706424	1	5620	0
1784426735.278706424	3	5622	100
1784426745.385768124	1	5620	0
1784426745.385768124	3	5622	100
1784426755.669166506	1	5620	0
1784426755.669166506	3	5622	0
1784426765.777958455	1	5620	0
1784426765.777958455	3	5622	100
1784426776.045294448	1	5620	77
1784426776.045294448	3	5622	63
1784426786.135290643	1	5620	0
1784426786.135290643	3	5622	100
1784426796.388031884	1	5620	0
1784426796.388031884	3	5622	100
1784426806.485566960	1	5620	0
1784426806.485566960	3	5622	0
1784426816.683144881	1	5620	0
1784426816.683144881	3	5622	0
1784426826.775554096	1	5620	100
1784426826.775554096	3	5622	0
1784426836.981994645	1	5620	100
1784426836.981994645	3	5622	0
1784426847.075187239	1	5620	0
1784426847.075187239	3	5622	0
1784426857.199159770	1	5620	100
1784426857.199159770	3	5622	0
1784426867.288246286	1	5620	41
1784426867.288246286	3	5622	100
1784426877.525694853	1	5620	0
1784426877.525694853	3	5622	0
1784426887.635355961	1	5620	100
1784426887.635355961	3	5622	0
1784426897.768988788	1	5620	74
1784426897.768988788	3	5622	79
1784426907.875857487	1	5620	0
1784426907.875857487	3	5622	0
1784426918.035866050	1	5620	100
1784426918.035866050	3	5622	0
1784426928.139077403	1	5620	0
1784426928.139077403	3	5622	100
1784426938.399229957	1	5620	0
1784426938.399229957	3	5622	0
1784426948.502550686	1	5620	100
1784426948.502550686	3	5622	0
1784426958.644068256	1	5620	50
1784426958.644068256	3	5622	74
1784426968.754983456	1	5620	0
1784426968.754983456	3	5622	62
1784426979.078022923	1	5620	0
1784426979.078022923	3	5622	0
1784426989.171239395	1	5620	0
1784426989.171239395	3	5622	16
1784426999.424191667	1	5620	0
1784426999.424191667	3	5622	100
1784427009.498799229	1	5620	100
1784427009.498799229	3	5622	0
1784427019.938889751	1	5620	0
1784427019.938889751	3	5622	100
1784427030.034275628	1	5620	0
1784427030.034275628	3	5622	100
1784427040.386137134	1	5620	80
1784427040.386137134	3	5622	70
1784427050.479914224	1	5620	0
1784427050.479914224	3	5622	100
1784427060.754123766	1	5620	80
1784427060.754123766	3	5622	66
1784427070.847340483	1	5620	0
1784427070.847340483	3	5622	100
1784427081.211416656	1	5620	0
1784427081.211416656	3	5622	100
1784427091.308153737	1	5620	97
1784427091.308153737	3	5622	0
1784427101.563300413	1	5620	0
1784427101.563300413	3	5622	100
1784427111.672357773	1	5620	0
1784427111.672357773	3	5622	100
1784427121.921182542	1	5620	0
1784427121.921182542	3	5622	100
1784427132.038642328	1	5620	0
1784427132.038642328	3	5622	100
1784427142.357416150	1	5620	23
1784427142.357416150	3	5622	40
1784427152.457390585	1	5620	0
1784427152.457390585	3	5622	100
1784427162.733040928	1	5620	0
1784427162.733040928	3	5622	100
1784427172.834751607	1	5620	29
1784427172.834751607	3	5622	61
1784427183.242262783	1	5620	2
1784427183.242262783	3	5622	58
1784427193.341048457	1	5620	46
1784427193.341048457	3	5622	72
1784427203.662849171	1	5620	0
1784427203.662849171	3	5622	100
1784427213.770273547	1	5620	0
1784427213.770273547	3	5622	100
1784427224.087352317	1	5620	0
1784427224.087352317	3	5622	100
1784427234.198952599	1	5620	52
1784427234.198952599	3	5622	100
1784427244.621423536	1	5620	0
1784427244.621423536	3	5622	100
1784427254.717458272	1	5620	0
1784427254.717458272	3	5622	100
1784427265.040700717	1	5620	0
1784427265.040700717	3	5622	100
1784427275.138523573	1	5620	57
1784427275.138523573	3	5622	0
1784427285.284164685	1	5620	0
1784427285.284164685	3	5622	0
1784427295.380326906	1	5620	0
1784427295.380326906	3	5622	0
1784427305.559664513	1	5620	100
1784427305.559664513	3	5622	0
1784427315.665196866	1	5620	80
1784427315.665196866	3	5622	62
1784427325.943621403	1	5620	0
1784427325.943621403	3	5622	0
1784427336.051617165	1	5620	100
1784427336.051617165	3	5622	0
1784427346.241441366	1	5620	0
1784427346.241441366	3	5622	92
1784427356.349025697	1	5620	0
1784427356.349025697	3	5622	0
1784427366.729382077	1	5620	0
1784427366.729382077	3	5622	0
1784427376.839879525	1	5620	53
1784427376.839879525	3	5622	69
1784427386.995504842	1	5620	0
1784427386.995504842	3	5622	100
1784427397.088446911	1	5620	0
1784427397.088446911	3	5622	0
1784427407.268523161	1	5620	91
1784427407.268523161	3	5622	55
1784427417.371041334	1	5620	0
1784427417.371041334	3	5622	100
1784427427.661132164	1	5620	0
1784427427.661132164	3	5622	100
1784427437.747370579	1	5620	0
1784427437.747370579	3	5622	100
1784427448.047847737	1	5620	0
1784427448.047847737	3	5622	100
1784427458.141446735	1	5620	0
1784427458.141446735	3	5622	0
1784427468.494587182	1	5620	0
1784427468.494587182	3	5622	100
1784427478.589327938	1	5620	0
1784427478.589327938	3	5622	100
1784427488.927871018	1	5620	0
1784427488.927871018	3	5622	100
1784427499.021798089	1	5620	0
1784427499.021798089	3	5622	100
1784427509.234686624	1	5620	0
1784427509.234686624	3	5622	100
1784427519.328446553	1	5620	0
1784427519.328446553	3	5622	100
1784427529.627021517	1	5620	0
1784427529.627021517	3	5622	100
1784427539.719860965	1	5620	0
1784427539.719860965	3	5622	100
1784427549.896560830	1	5620	2
1784427549.896560830	3	5622	100
1784427560.003165224	1	5620	0
1784427560.003165224	3	5622	100
1784427570.319347822	1	5620	57
1784427570.319347822	3	5622	60
1784427580.428049423	1	5620	0
1784427580.428049423	3	5622	100
1784427590.773193228	1	5620	0
1784427590.773193228	3	5622	100
1784427600.880967251	1	5620	0
1784427600.880967251	3	5622	100
1784427611.172707607	1	5620	0
1784427611.172707607	3	5622	100
1784427621.269156712	1	5620	0
1784427621.269156712	3	5622	100
1784427631.609323436	1	5620	0
1784427631.609323436	3	5622	100
1784427641.704871936	1	5620	0
1784427641.704871936	3	5622	100
1784427651.977143218	1	5620	0
1784427651.977143218	3	5622	100
1784427662.057714020	1	5620	0
1784427662.057714020	3	5622	100
1784427672.344102218	1	5620	0
1784427672.344102218	3	5622	100
1784427682.441874318	1	5620	0
1784427682.441874318	3	5622	100
1784427692.678649771	1	5620	0
1784427692.678649771	3	5622	100
1784427702.785705849	1	5620	20
1784427702.785705849	3	5622	63
1784427713.241977564	1	5620	0
1784427713.241977564	3	5622	100
1784427723.341103557	1	5620	0
1784427723.341103557	3	5622	100
1784427733.706330882	1	5620	65
1784427733.706330882	3	5622	100
1784427743.805520277	1	5620	57
1784427743.805520277	3	5622	81
1784427754.274742685	1	5620	5
1784427754.274742685	3	5622	54
1784427764.363329414	1	5620	49
1784427764.363329414	3	5622	100
1784427774.645107657	1	5620	0
1784427774.645107657	3	5622	0
1784427784.741532341	1	5620	0
1784427784.741532341	3	5622	0
1784427794.895697713	1	5620	100
1784427794.895697713	3	5622	0
1784427804.981105588	1	5620	0
1784427804.981105588	3	5622	0
1784427815.256836381	1	5620	0
1784427815.256836381	3	5622	0
1784427825.350406395	1	5620	100
1784427825.350406395	3	5622	0
1784427835.556090559	1	5620	0
1784427835.556090559	3	5622	0
1784427845.646999278	1	5620	6
1784427845.646999278	3	5622	0
1784427855.748850419	1	5620	100
1784427855.748850419	3	5622	0
1784427865.844024409	1	5620	100
1784427865.844024409	3	5622	28
1784427876.092641622	1	5620	0
1784427876.092641622	3	5622	0
1784427886.184413076	1	5620	100
1784427886.184413076	3	5622	0
1784427896.277636683	1	5620	63
1784427896.277636683	3	5622	100
1784427906.368837992	1	5620	0
1784427906.368837992	3	5622	100
1784427916.548249070	1	5620	100
1784427916.548249070	3	5622	0
1784427926.652743952	1	5620	0
1784427926.652743952	3	5622	100
1784427936.764686712	1	5620	0
1784427936.764686712	3	5622	100
1784427946.869263164	1	5620	100
1784427946.869263164	3	5622	0
1784427957.011583010	1	5620	0
1784427957.011583010	3	5622	100
1784427967.122967005	1	5620	0
1784427967.122967005	3	5622	8
1784427977.362363940	1	5620	51
1784427977.362363940	3	5622	0
1784427987.458586212	1	5620	0
1784427987.458586212	3	5622	100
1784427997.667009179	1	5620	6
1784427997.667009179	3	5622	0
1784428007.774861677	1	5620	0
1784428007.774861677	3	5622	100
1784428017.978755915	1	5620	0
1784428017.978755915	3	5622	100
1784428028.061382459	1	5620	0
1784428028.061382459	3	5622	0
1784428038.368512645	1	5620	0
1784428038.368512645	3	5622	100
1784428048.465717062	1	5620	100
1784428048.465717062	3	5622	28
1784428058.681859797	1	5620	100
1784428058.681859797	3	5622	0
1784428068.777958825	1	5620	0
1784428068.777958825	3	5622	100
1784428079.088903924	1	5620	0
1784428079.088903924	3	5622	100
1784428089.193235034	1	5620	52
1784428089.193235034	3	5622	60
1784428099.508784648	1	5620	0
1784428099.508784648	3	5622	100
1784428109.615996925	1	5620	0
1784428109.615996925	3	5622	100
1784428120.005556914	1	5620	0
1784428120.005556914	3	5622	100
1784428130.099096668	1	5620	0
1784428130.099096668	3	5622	100
1784428140.462950858	1	5620	51
1784428140.462950858	3	5622	100
1784428150.572839850	1	5620	0
1784428150.572839850	3	5622	100
1784428160.931427150	1	5620	0
1784428160.931427150	3	5622	100
1784428171.037742867	1	5620	0
1784428171.037742867	3	5622	0
1784428181.349623324	1	5620	76
1784428181.349623324	3	5622	67
1784428191.456697093	1	5620	0
1784428191.456697093	3	5622	100
1784428201.752697129	1	5620	0
1784428201.752697129	3	5622	100
1784428211.837857529	1	5620	0
1784428211.837857529	3	5622	100
1784428222.327874315	1	5620	92
1784428222.327874315	3	5622	47
1784428232.433191030	1	5620	0
1784428232.433191030	3	5622	100
1784428242.914069726	1	5620	0
1784428242.914069726	3	5622	100
1784428252.998692053	1	5620	0
1784428252.998692053	3	5622	0
1784428263.251448332	1	5620	0
1784428263.251448332	3	5622	0
1784428273.342074549	1	5620	100
1784428273.342074549	3	5622	0
1784428283.502613527	1	5620	58
1784428283.502613527	3	5622	82
1784428293.603942493	1	5620	0
1784428293.603942493	3	5622	0
1784428303.878788292	1	5620	100
1784428303.878788292	3	5622	0
1784428313.990392005	1	5620	64
1784428313.990392005	3	5622	61
1784428324.287548809	1	5620	0
1784428324.287548809	3	5622	0
1784428334.392016292	1	5620	28
1784428334.392016292	3	5622	0
1784428344.563381195	1	5620	0
1784428344.563381195	3	5622	100
1784428354.663880073	1	5620	0
1784428354.663880073	3	5622	78
1784428364.891322490	1	5620	0
1784428364.891322490	3	5622	0
1784428374.994832974	1	5620	32
1784428374.994832974	3	5622	64
1784428385.273567402	1	5620	0
1784428385.273567402	3	5622	100
1784428395.356974405	1	5620	65
1784428395.356974405	3	5622	31
1784428405.524466153	1	5620	0
1784428405.524466153	3	5622	100
1784428415.617266564	1	5620	0
1784428415.617266564	3	5622	100
1784428425.918642565	1	5620	0
1784428425.918642565	3	5622	0
1784428436.015584203	1	5620	66
1784428436.015584203	3	5622	68
1784428446.207608414	1	5620	0
1784428446.207608414	3	5622	100
1784428456.306602962	1	5620	93
1784428456.306602962	3	5622	0
1784428466.481211484	1	5620	0
1784428466.481211484	3	5622	100
1784428476.567770584	1	5620	0
1784428476.567770584	3	5622	100
1784428486.900868571	1	5620	100
1784428486.900868571	3	5622	6
1784428497.003913976	1	5620	0
1784428497.003913976	3	5622	100
1784428507.296482706	1	5620	0
1784428507.296482706	3	5622	100
1784428517.396415791	1	5620	6
1784428517.396415791	3	5622	100
1784428527.676755006	1	5620	0
1784428527.676755006	3	5622	100
1784428537.776449514	1	5620	0
1784428537.776449514	3	5622	0
1784428547.995318594	1	5620	0
1784428547.995318594	3	5622	100
1784428558.103153019	1	5620	100
1784428558.103153019	3	5622	0
1784428568.369877185	1	5620	0
1784428568.369877185	3	5622	100
1784428578.476757307	1	5620	0
1784428578.476757307	3	5622	100
1784428588.633130934	1	5620	84
1784428588.633130934	3	5622	63
1784428598.720952705	1	5620	0
1784428598.720952705	3	5622	100
1784428609.037622433	1	5620	0
1784428609.037622433	3	5622	100
1784428619.126484582	1	5620	0
1784428619.126484582	3	5622	0
1784428629.353515690	1	5620	0
1784428629.353515690	3	5622	100
1784428639.448567726	1	5620	0
1784428639.448567726	3	5622	100
1784428649.613723133	1	5620	0
1784428649.613723133	3	5622	0
1784428659.709157304	1	5620	0
1784428659.709157304	3	5622	100
1784428669.920923126	1	5620	0
1784428669.920923126	3	5622	100
1784428680.025008896	1	5620	0
1784428680.025008896	3	5622	100
1784428690.400492443	1	5620	0
1784428690.400492443	3	5622	100
1784428700.486699556	1	5620	5
1784428700.486699556	3	5622	100
1784428710.935303763	1	5620	0
1784428710.935303763	3	5622	100
1784428721.025455790	1	5620	84
1784428721.025455790	3	5622	62
1784428731.370794459	1	5620	0
1784428731.370794459	3	5622	0
1784428741.468051678	1	5620	0
1784428741.468051678	3	5622	0
1784428751.561619925	1	5620	0
1784428751.561619925	3	5622	0
1784428761.655001031	1	5620	66
1784428761.655001031	3	5622	64
1784428771.950602678	1	5620	0
1784428771.950602678	3	5622	0
1784428782.048465924	1	5620	100
1784428782.048465924	3	5622	0
1784428792.200662549	1	5620	100
1784428792.200662549	3	5622	0
1784428802.306057236	1	5620	0
1784428802.306057236	3	5622	0
1784428812.595717431	1	5620	100
1784428812.595717431	3	5622	0
1784428822.708180683	1	5620	100
1784428822.708180683	3	5622	0
1784428832.796394528	1	5620	0
1784428832.796394528	3	5622	0
1784428842.896001929	1	5620	0
1784428842.896001929	3	5622	0
1784428853.168362269	1	5620	100
1784428853.168362269	3	5622	0
1784428863.264455129	1	5620	0
1784428863.264455129	3	5622	100
1784428873.578282399	1	5620	0
1784428873.578282399	3	5622	100
1784428883.664732360	1	5620	100
1784428883.664732360	3	5622	0
1784428893.868656397	1	5620	0
1784428893.868656397	3	5622	100
1784428903.966127499	1	5620	0
1784428903.966127499	3	5622	0
1784428914.185876931	1	5620	93
1784428914.185876931	3	5622	47
1784428924.281632047	1	5620	0
1784428924.281632047	3	5622	100
1784428934.542828173	1	5620	0
1784428934.542828173	3	5622	0
1784428944.621948080	1	5620	0
1784428944.621948080	3	5622	100
1784428954.751013811	1	5620	0
1784428954.751013811	3	5622	100
1784428964.846580743	1	5620	100
1784428964.846580743	3	5622	0
1784428975.065573713	1	5620	0
1784428975.065573713	3	5622	100
1784428985.165274690	1	5620	0
1784428985.165274690	3	5622	0
1784428995.466354129	1	5620	100
1784428995.466354129	3	5622	0
1784429005.574654711	1	5620	0
1784429005.574654711	3	5622	100
1784429015.783856621	1	5620	0
1784429015.783856621	3	5622	0
1784429025.890357139	1	5620	100
1784429025.890357139	3	5622	0
1784429036.136391990	1	5620	0
1784429036.136391990	3	5622	0
1784429046.235963598	1	5620	0
1784429046.235963598	3	5622	0
1784429056.557673940	1	5620	0
1784429056.557673940	3	5622	100
1784429066.654761089	1	5620	0
1784429066.654761089	3	5622	100
1784429076.834720487	1	5620	0
1784429076.834720487	3	5622	0
1784429086.931101563	1	5620	0
1784429086.931101563	3	5622	100
1784429097.266371417	1	5620	0
1784429097.266371417	3	5622	100
1784429107.370124184	1	5620	0
1784429107.370124184	3	5622	56
1784429117.682769853	1	5620	0
1784429117.682769853	3	5622	100
1784429127.779546024	1	5620	0
1784429127.779546024	3	5622	100
1784429138.091608967	1	5620	0
1784429138.091608967	3	5622	0
1784429148.184351503	1	5620	0
1784429148.184351503	3	5622	100
1784429158.500098292	1	5620	0
1784429158.500098292	3	5622	100
1784429168.592628831	1	5620	0
1784429168.592628831	3	5622	100
1784429179.006002928	1	5620	0
1784429179.006002928	3	5622	100
1784429189.102068289	1	5620	0
1784429189.102068289	3	5622	100
1784429199.527060928	1	5620	34
1784429199.527060928	3	5622	66
1784429209.612589612	1	5620	0
1784429209.612589612	3	5622	100
1784429219.822858234	1	5620	0
1784429219.822858234	3	5622	0
1784429229.912468731	1	5620	0
1784429229.912468731	3	5622	0
1784429240.096197262	1	5620	100
1784429240.096197262	3	5622	0
1784429250.205372853	1	5620	62
1784429250.205372853	3	5622	74
1784429260.525053072	1	5620	0
1784429260.525053072	3	5622	0
1784429270.617854311	1	5620	100
1784429270.617854311	3	5622	0
1784429280.856975908	1	5620	62
1784429280.856975908	3	5622	86
1784429290.942741590	1	5620	0
1784429290.942741590	3	5622	0
1784429301.173030273	1	5620	0
1784429301.173030273	3	5622	0
1784429311.269648214	1	5620	0
1784429311.269648214	3	5622	0
1784429321.432736770	1	5620	0
1784429321.432736770	3	5622	100
1784429331.537620777	1	5620	100
1784429331.537620777	3	5622	0
1784429341.756371422	1	5620	85
1784429341.756371422	3	5622	51
1784429351.849276306	1	5620	0
1784429351.849276306	3	5622	100
1784429362.081655837	1	5620	100
1784429362.081655837	3	5622	0
1784429372.176523562	1	5620	0
1784429372.176523562	3	5622	100
1784429382.494946772	1	5620	0
1784429382.494946772	3	5622	100
1784429392.581694051	1	5620	100
1784429392.581694051	3	5622	0
1784429402.682212811	1	5620	0
1784429402.682212811	3	5622	0
1784429412.788426680	1	5620	0
1784429412.788426680	3	5622	100
1784429422.960732975	1	5620	100
1784429422.960732975	3	5622	0
1784429433.067955502	1	5620	0
1784429433.067955502	3	5622	0
1784429443.336183520	1	5620	6
1784429443.336183520	3	5622	100
1784429453.444236990	1	5620	0
1784429453.444236990	3	5622	100
1784429463.604874651	1	5620	0
1784429463.604874651	3	5622	100
1784429473.698761380	1	5620	0
1784429473.698761380	3	5622	100
1784429483.834175898	1	5620	0
1784429483.834175898	3	5622	100
1784429493.943412569	1	5620	65
1784429493.943412569	3	5622	57
1784429504.145095393	1	5620	100
1784429504.145095393	3	5622	0
1784429514.247105438	1	5620	0
1784429514.247105438	3	5622	100
1784429524.455284986	1	5620	0
1784429524.455284986	3	5622	0
1784429534.551948552	1	5620	0
1784429534.551948552	3	5622	100
1784429544.745943343	1	5620	0
1784429544.745943343	3	5622	100
1784429554.832499807	1	5620	0
1784429554.832499807	3	5622	0
1784429565.060327184	1	5620	76
1784429565.060327184	3	5622	78
1784429575.147775714	1	5620	0
1784429575.147775714	3	5622	100
1784429585.299673373	1	5620	0
1784429585.299673373	3	5622	0
1784429595.394684419	1	5620	0
1784429595.394684419	3	5622	0
1784429605.627288023	1	5620	0
1784429605.627288023	3	5622	100
1784429615.728418175	1	5620	0
1784429615.728418175	3	5622	0
1784429626.062494863	1	5620	0
1784429626.062494863	3	5622	100
1784429636.141955692	1	5620	0
1784429636.141955692	3	5622	100
1784429646.382747240	1	5620	0
1784429646.382747240	3	5622	100
1784429656.479246022	1	5620	0
1784429656.479246022	3	5622	100
1784429666.858947942	1	5620	7
1784429666.858947942	3	5622	100
1784429676.948300076	1	5620	0
1784429676.948300076	3	5622	100
1784429687.315718082	1	5620	73
1784429687.315718082	3	5622	64
1784429697.396207697	1	5620	0
1784429697.396207697	3	5622	0
1784429707.632171805	1	5620	0
1784429707.632171805	3	5622	0
1784429717.723043991	1	5620	0
1784429717.723043991	3	5622	0
1784429727.853679325	1	5620	100
1784429727.853679325	3	5622	0
1784429737.951451687	1	5620	0
1784429737.951451687	3	5622	0
1784429748.168521131	1	5620	100
1784429748.168521131	3	5622	0
1784429758.263147709	1	5620	82
1784429758.263147709	3	5622	58
1784429768.502624198	1	5620	0
1784429768.502624198	3	5622	0
1784429778.600092430	1	5620	100
1784429778.600092430	3	5622	0
1784429788.826635280	1	5620	0
1784429788.826635280	3	5622	100
1784429798.922549846	1	5620	0
1784429798.922549846	3	5622	0
1784429809.216288360	1	5620	0
1784429809.216288360	3	5622	0
1784429819.311437930	1	5620	63
1784429819.311437930	3	5622	90
1784429829.523648827	1	5620	0
1784429829.523648827	3	5622	100
1784429839.614233536	1	5620	0
1784429839.614233536	3	5622	100
1784429849.830223616	1	5620	96
1784429849.830223616	3	5622	0
1784429859.917722945	1	5620	0
1784429859.917722945	3	5622	100
1784429870.226749982	1	5620	0
1784429870.226749982	3	5622	0
1784429880.323478509	1	5620	0
1784429880.323478509	3	5622	100
1784429890.563794852	1	5620	0
1784429890.563794852	3	5622	100
1784429900.658454946	1	5620	0
1784429900.658454946	3	5622	0
1784429910.844128223	1	5620	0
1784429910.844128223	3	5622	100
1784429920.924748572	1	5620	0
1784429920.924748572	3	5622	100
1784429931.182649318	1	5620	100
1784429931.182649318	3	5622	0
1784429941.277355065	1	5620	0
1784429941.277355065	3	5622	100
1784429951.659282815	1	5620	0
1784429951.659282815	3	5622	100
1784429961.751852590	1	5620	0
1784429961.751852590	3	5622	0
1784429972.036121025	1	5620	0
1784429972.036121025	3	5622	100
1784429982.137439725	1	5620	0
1784429982.137439725	3	5622	0
1784429992.382935545	1	5620	0
1784429992.382935545	3	5622	100
1784430002.463184722	1	5620	0
1784430002.463184722	3	5622	100
1784430012.678610356	1	5620	0
1784430012.678610356	3	5622	0
1784430022.774324482	1	5620	0
1784430022.774324482	3	5622	100
1784430033.143142278	1	5620	0
1784430033.143142278	3	5622	100
1784430043.248257964	1	5620	0
1784430043.248257964	3	5622	100
1784430053.512667409	1	5620	0
1784430053.512667409	3	5622	100
1784430063.600551772	1	5620	74
1784430063.600551772	3	5622	73
1784430073.916690606	1	5620	0
1784430073.916690606	3	5622	100
1784430084.024280571	1	5620	0
1784430084.024280571	3	5622	100
1784430094.395566987	1	5620	99
1784430094.395566987	3	5622	30
1784430104.492705903	1	5620	0
1784430104.492705903	3	5622	100
1784430114.805599583	1	5620	0
1784430114.805599583	3	5622	100
1784430124.902763715	1	5620	22
1784430124.902763715	3	5622	48
1784430135.313549172	1	5620	0
1784430135.313549172	3	5622	100
1784430145.401418922	1	5620	0
1784430145.401418922	3	5622	100
1784430155.892587436	1	5620	0
1784430155.892587436	3	5622	100
1784430165.991838817	1	5620	70
1784430165.991838817	3	5622	98
1784430176.255425603	1	5620	0
1784430176.255425603	3	5622	100
1784430186.339146816	1	5620	0
1784430186.339146816	3	5622	0
1784430196.508088241	1	5620	0
1784430196.508088241	3	5622	0
1784430206.597916329	1	5620	96
1784430206.597916329	3	5622	0
1784430216.864010813	1	5620	0
1784430216.864010813	3	5622	0
1784430226.951902656	1	5620	0
1784430226.951902656	3	5622	0
1784430237.140382781	1	5620	100
1784430237.140382781	3	5622	0
1784430247.241509866	1	5620	0
1784430247.241509866	3	5622	0
1784430257.523742816	1	5620	0
1784430257.523742816	3	5622	0
1784430267.625379447	1	5620	98
1784430267.625379447	3	5622	36
1784430277.866652597	1	5620	0
1784430277.866652597	3	5622	0
1784430287.966549434	1	5620	0
1784430287.966549434	3	5622	100
1784430298.080619953	1	5620	100
1784430298.080619953	3	5622	0
1784430308.177359503	1	5620	0
1784430308.177359503	3	5622	0
1784430318.487484097	1	5620	0
1784430318.487484097	3	5622	100
1784430328.575717405	1	5620	100
1784430328.575717405	3	5622	0
1784430338.889854273	1	5620	100
1784430338.889854273	3	5622	10
1784430348.997393634	1	5620	0
1784430348.997393634	3	5622	100
1784430359.264997298	1	5620	66
1784430359.264997298	3	5622	50
1784430369.375644291	1	5620	7
1784430369.375644291	3	5622	0
1784430379.621570902	1	5620	0
1784430379.621570902	3	5622	100
1784430389.703182155	1	5620	7
1784430389.703182155	3	5622	55
1784430400.017153062	1	5620	16
1784430400.017153062	3	5622	94
1784430410.115226514	1	5620	0
1784430410.115226514	3	5622	100
1784430420.447261213	1	5620	0
1784430420.447261213	3	5622	100
1784430430.548591399	1	5620	0
1784430430.548591399	3	5622	100
1784430440.830824833	1	5620	0
1784430440.830824833	3	5622	100
1784430450.931946043	1	5620	0
1784430450.931946043	3	5622	0
1784430461.205002457	1	5620	0
1784430461.205002457	3	5622	100
1784430471.317376651	1	6181	8
1784430471.317376651	3	5622	0
1784430481.405312869	1	6181	7
1784430481.405312869	3	5622	100
1784430491.500405526	1	6181	9
1784430491.500405526	3	5622	100
1784430501.602850847	1	6181	9
1784430501.602850847	3	5622	100
1784430511.823442412	1	6181	8
1784430511.823442412	3	5622	100
1784430522.377394248	1	6181	9
1784430522.377394248	3	5622	100
1784430532.471414570	1	6181	8
1784430532.471414570	3	5622	100
1784430542.785668942	1	6181	9
1784430542.785668942	3	5622	100
1784430553.727876353	1	6181	7
1784430553.727876353	3	5622	100
1784430563.820880233	1	6181	6
1784430563.820880233	3	5622	100
1784430573.922485110	1	6181	8
1784430573.922485110	3	5622	100
1784430584.026122548	1	6181	7
1784430584.026122548	3	5622	100
1784430594.111593572	1	6181	100
1784430594.111593572	3	5622	0
1784430604.199434021	1	6181	8
1784430604.199434021	3	5622	100
1784430614.297840514	1	6181	9
1784430614.297840514	3	5622	100
1784430624.388426267	1	6181	9
1784430624.388426267	3	5622	100
1784430634.774344643	1	6181	9
1784430634.774344643	3	5622	100
1784430644.859332612	1	6181	7
1784430644.859332612	3	5622	100
1784430654.967578872	1	6181	72
1784430654.967578872	3	5622	76
1784430665.074628778	1	6181	9
1784430665.074628778	3	5622	100
1784430675.179375341	1	6181	10
1784430675.179375341	3	5622	100
1784430685.258556467	1	6181	2
1784430685.258556467	3	5622	100
1784430695.339833095	1	5620	0
1784430695.339833095	3	5622	0
1784430705.492443778	1	6181	8
1784430705.492443778	3	5622	0
1784430715.575288782	1	6181	8
1784430715.575288782	3	5622	0
1784430725.659623906	1	6181	100
1784430725.659623906	3	5622	0
1784430735.760604594	1	6181	8
1784430735.760604594	3	5622	0
1784430745.846299995	1	6181	8
1784430745.846299995	3	5622	0
1784430755.929951472	1	6181	100
1784430755.929951472	3	5622	0
1784430766.143972614	1	6181	9
1784430766.143972614	3	5622	0
1784430776.226678995	1	6181	3
1784430776.226678995	3	5622	0
1784430786.624371499	1	6181	10
1784430786.624371499	3	5622	0
1784430796.709291811	1	6181	8
1784430796.709291811	3	5622	0
1784430807.181501245	1	6181	8
1784430807.181501245	3	5622	100
1784430817.282167826	1	6181	10
1784430817.282167826	3	5622	0
1784430827.785836729	1	6181	88
1784430827.785836729	3	5622	100
1784430837.875916687	1	6181	7
1784430837.875916687	3	5622	100
1784430848.429261779	1	6181	8
1784430848.429261779	3	5622	100
1784430858.522470849	1	6181	29
1784430858.522470849	3	5622	68
1784430869.089087831	1	6181	9
1784430869.089087831	3	5622	100
1784430879.180541835	1	6181	9
1784430879.180541835	3	5622	100
1784430889.758478123	1	6181	8
1784430889.758478123	3	5622	100
1784430899.843582471	1	6181	81
1784430899.843582471	3	5622	47
1784430910.370269289	1	6181	7
1784430910.370269289	3	5622	100
1784430920.461797704	1	6181	8
1784430920.461797704	3	5622	100
1784430930.891531742	1	6181	9
1784430930.891531742	3	5622	100
1784430940.992800929	1	6181	7
1784430940.992800929	3	5622	100
1784430951.537409209	1	6181	8
1784430951.537409209	3	5622	100
1784430961.626557510	1	6181	9
1784430961.626557510	3	5622	100
1784430972.129131507	1	6181	8
1784430972.129131507	3	5622	63
1784430982.215620857	1	6181	7
1784430982.215620857	3	5622	100
1784430992.788943151	1	6181	9
1784430992.788943151	3	5622	100
1784431002.876179537	1	6181	100
1784431002.876179537	3	5622	0
1784431012.991086498	1	6181	8
1784431012.991086498	3	5622	100
1784431023.084138612	1	6181	7
1784431023.084138612	3	5622	100
1784431033.168620999	1	6181	85
1784431033.168620999	3	5622	70
1784431043.255413332	1	6181	8
1784431043.255413332	3	5622	100
1784431053.360766043	1	6181	8
1784431053.360766043	3	5622	100
1784431063.796411760	1	6181	100
1784431063.796411760	3	5622	0
1784431073.882190324	1	6181	10
1784431073.882190324	3	5622	100
1784431084.425829135	1	6181	7
1784431084.425829135	3	5622	100
1784431094.526647733	1	6181	100
1784431094.526647733	3	5622	0
1784431104.620900436	1	6181	6
1784431104.620900436	3	5622	100
1784431114.729127850	1	6181	9
1784431114.729127850	3	5622	100
1784431124.817058920	1	6181	9
1784431124.817058920	3	5622	100
1784431134.911816790	1	6181	9
1784431134.911816790	3	5622	100
1784431145.009184058	1	6181	7
1784431145.009184058	3	5622	100
1784431155.099166819	1	6181	90
1784431155.099166819	3	5622	100
1784431165.190344887	1	6181	9
1784431165.190344887	3	5622	100
1784431175.281168738	1	6181	7
1784431175.281168738	3	5622	100
1784431185.359669171	1	6181	0
1784431185.359669171	3	5622	100
1784431195.731140808	1	5620	0
1784431195.731140808	3	5622	100
1784431205.829130234	1	6181	10
1784431205.829130234	3	5622	100
1784431216.338649867	1	6181	100
1784431216.338649867	3	5622	84
1784431226.419507482	1	6181	6
1784431226.419507482	3	5622	0
1784431236.857666668	1	6181	7
1784431236.857666668	3	5622	0
1784431246.947008746	1	6181	7
1784431246.947008746	3	5622	0
1784431257.257085811	1	6181	8
1784431257.257085811	3	5622	0
1784431267.350880044	1	6181	5
1784431267.350880044	3	5622	100
1784431277.774817162	1	6181	8
1784431277.774817162	3	5622	0
1784431287.870836735	1	6181	100
1784431287.870836735	3	5622	0
1784431298.285730514	1	6181	88
1784431298.285730514	3	5622	57
1784431308.387773454	1	6181	9
1784431308.387773454	3	5622	0
1784431318.792746813	1	6181	64
1784431318.792746813	3	5622	100
1784431328.882564352	1	6181	8
1784431328.882564352	3	5622	100
1784431339.233163950	1	6181	7
1784431339.233163950	3	5622	6
1784431349.324672668	1	6181	7
1784431349.324672668	3	5622	100
1784431359.798875916	1	6181	100
1784431359.798875916	3	5622	0
1784431369.896037729	1	6181	7
1784431369.896037729	3	5622	100
1784431379.984576907	1	6181	9
1784431379.984576907	3	5622	100
1784431390.072658182	1	6181	9
1784431390.072658182	3	5622	100
1784431400.365692188	1	6181	7
1784431400.365692188	3	5622	100
1784431410.459750412	1	6181	6
1784431410.459750412	3	5622	0
1784431421.065457972	1	6181	8
1784431421.065457972	3	5622	100
1784431431.157357004	1	6181	8
1784431431.157357004	3	5622	100
1784431441.643254536	1	6181	5
1784431441.643254536	3	5622	100
1784431451.732605097	1	6181	6
1784431451.732605097	3	5622	100
1784431462.298443186	1	6181	9
1784431462.298443186	3	5622	100
1784431472.387451365	1	6181	9
1784431472.387451365	3	5622	100
1784431482.850851630	1	6181	0
1784431482.850851630	3	5622	100
1784431492.948751253	1	5620	0
1784431492.948751253	3	5622	100
1784431503.523857430	1	6181	5
1784431503.523857430	3	5622	100
1784431513.625003312	1	6181	42
1784431513.625003312	3	5622	87
1784431524.205227826	1	6181	9
1784431524.205227826	3	5622	50
1784431534.293667459	1	6181	9
1784431534.293667459	3	5622	100
1784431544.946228001	1	6181	21
1784431544.946228001	3	5622	100
1784431555.051903518	1	6181	9
1784431555.051903518	3	5622	100
1784431565.570198994	1	6181	8
1784431565.570198994	3	5622	100
1784431575.650947771	1	6181	6
1784431575.650947771	3	5622	100
1784431586.196842577	1	6181	8
1784431586.196842577	3	5622	100
1784431596.296912117	1	6181	8
1784431596.296912117	3	5622	100
1784431606.884606387	1	6181	8
1784431606.884606387	3	5622	100
1784431616.985873549	1	6181	85
1784431616.985873549	3	5622	70
1784431627.072825855	1	6181	8
1784431627.072825855	3	5622	100
1784431637.910514750	1	6181	7
1784431637.910514750	3	5622	100
1784431648.002024473	1	6181	79
1784431648.002024473	3	5622	55
1784431658.562381736	1	6181	77
1784431658.562381736	3	5622	73
1784431668.648070153	1	6181	9
1784431668.648070153	3	5622	100
1784431679.428393405	1	6181	6
1784431679.428393405	3	5622	100
1784431689.512665003	1	6181	6
1784431689.512665003	3	5622	100
1784431700.343081348	1	6181	7
1784431700.343081348	3	5622	100
1784431710.679236053	1	6181	8
1784431710.679236053	3	5622	100
1784431720.764253564	1	6181	7
1784431720.764253564	3	5622	100
1784431730.847418157	1	6181	9
1784431730.847418157	3	5622	100
1784431741.294870272	1	6181	81
1784431741.294870272	3	5622	68
1784431751.386331749	1	6181	8
1784431751.386331749	3	5622	100
1784431761.955870777	1	6181	8
1784431761.955870777	3	5622	100
1784431772.043166505	1	6181	5
1784431772.043166505	3	5622	0
1784431782.557447627	1	6181	5
1784431782.557447627	3	5622	0
1784431792.640530759	1	6181	8
1784431792.640530759	3	5622	0
1784431803.029995629	1	6181	100
1784431803.029995629	3	5622	0
1784431813.120206111	1	6181	8
1784431813.120206111	3	5622	0
1784431823.659443690	1	6181	7
1784431823.659443690	3	5622	0
1784431833.756689746	1	6181	100
1784431833.756689746	3	5622	0
1784431844.061889402	1	6181	7
1784431844.061889402	3	5622	0
1784431854.163524257	1	6181	10
1784431854.163524257	3	5622	0
1784431864.634575551	1	6181	6
1784431864.634575551	3	5622	0
1784431874.731756190	1	6181	8
1784431874.731756190	3	5622	0
1784431885.154516862	1	6181	7
1784431885.154516862	3	5622	100
1784431895.248925259	1	6181	11
1784431895.248925259	3	5622	0
1784431905.638524690	1	6181	70
1784431905.638524690	3	5622	75
1784431915.743887574	1	5620	0
1784431915.743887574	3	5622	100
1784431926.180631381	1	5620	6
1784431926.180631381	3	5622	100
1784431936.268847222	1	5620	0
1784431936.268847222	3	5622	100
1784431946.626963913	1	5620	0
1784431946.626963913	3	5622	100
1784431956.707827573	1	5620	0
1784431956.707827573	3	5622	0
1784431966.961168718	1	5620	0
1784431966.961168718	3	5622	100
1784431977.061171359	1	5620	0
1784431977.061171359	3	5622	100
1784431987.365978057	1	5620	0
1784431987.365978057	3	5622	0
1784431997.468207801	1	5620	0
1784431997.468207801	3	5622	100
1784432007.856043298	1	5620	0
1784432007.856043298	3	5622	100
1784432017.957133185	1	5620	0
1784432017.957133185	3	5622	100
1784432028.214472377	1	5620	0
1784432028.214472377	3	5622	100
1784432038.299169403	1	5620	72
1784432038.299169403	3	5622	83
1784432048.721832099	1	5620	0
1784432048.721832099	3	5622	100
1784432058.830891380	1	5620	0
1784432058.830891380	3	5622	100
1784432069.199488041	1	5620	0
1784432069.199488041	3	5622	100
1784432079.308683490	1	5620	38
1784432079.308683490	3	5622	79
1784432089.724059211	1	5953	0
1784432089.724059211	3	5622	100
1784432099.837762410	1	6181	61
1784432099.837762410	3	5622	81
1784432110.233672566	1	6181	9
1784432110.233672566	3	5622	100
1784432120.335442699	1	6181	6
1784432120.335442699	3	5622	100
1784432130.818644557	1	6181	98
1784432130.818644557	3	5622	16
1784432140.915242513	1	6181	8
1784432140.915242513	3	5622	100
1784432151.497423250	1	6181	7
1784432151.497423250	3	5622	100
1784432161.602646341	1	6181	77
1784432161.602646341	3	5622	97
1784432172.053036620	1	6181	7
1784432172.053036620	3	5622	100
1784432182.153040917	1	6181	8
1784432182.153040917	3	5622	100
1784432192.650688208	1	6181	7
1784432192.650688208	3	5622	100
1784432202.758019844	1	6181	8
1784432202.758019844	3	5622	100
1784432213.275574626	1	6181	8
1784432213.275574626	3	5622	100
1784432223.363413469	1	6181	10
1784432223.363413469	3	5622	100
1784432233.897886029	1	6181	7
1784432233.897886029	3	5622	100
1784432243.986876472	1	6181	9
1784432243.986876472	3	5622	100
1784432254.407503809	1	6181	60
1784432254.407503809	3	5622	86
1784432264.510940660	1	6181	11
1784432264.510940660	3	5622	100
1784432275.027870491	1	6181	6
1784432275.027870491	3	5622	100
1784432285.115337428	1	6181	9
1784432285.115337428	3	5622	100
1784432295.515121182	1	6181	9
1784432295.515121182	3	5622	0
1784432305.616772871	1	6181	10
1784432305.616772871	3	5622	0
1784432316.085908818	1	6181	8
1784432316.085908818	3	5622	0
1784432326.177272800	1	6181	100
1784432326.177272800	3	5622	0
1784432336.264667009	1	6181	9
1784432336.264667009	3	5622	0
1784432346.374260885	1	6181	9
1784432346.374260885	3	5622	0
1784432356.612932112	1	6181	100
1784432356.612932112	3	5622	0
1784432366.700658091	1	6181	25
1784432366.700658091	3	5622	0
1784432377.247352974	1	6181	5
1784432377.247352974	3	5622	0
1784432387.346020489	1	6181	6
1784432387.346020489	3	5622	0
1784432397.734941416	1	6181	7
1784432397.734941416	3	5622	100
1784432407.829986607	1	6181	10
1784432407.829986607	3	5622	100
1784432418.288957497	1	6181	10
1784432418.288957497	3	5622	100
1784432428.385491926	1	6181	7
1784432428.385491926	3	5622	100
1784432438.987195484	1	6181	6
1784432438.987195484	3	5622	100
1784432449.087085627	1	6181	9
1784432449.087085627	3	5622	100
1784432459.680796300	1	6181	8
1784432459.680796300	3	5622	100
1784432469.781755793	1	6181	8
1784432469.781755793	3	5622	75
1784432480.348959744	1	6181	9
1784432480.348959744	3	5622	100
1784432490.443598465	1	6181	5
1784432490.443598465	3	5622	100
1784432501.118093961	1	6181	9
1784432501.118093961	3	5622	100
1784432511.222864674	1	6181	0
1784432511.222864674	3	5622	100
1784432521.752846333	1	5620	0
1784432521.752846333	3	5622	100
1784432531.850715711	1	5620	0
1784432531.850715711	3	5622	100
1784432542.086865526	1	5620	0
1784432542.086865526	3	5622	100
1784432552.185554695	1	5620	0
1784432552.185554695	3	5622	100
1784432562.503300510	1	5620	0
1784432562.503300510	3	5622	100
1784432572.614128060	1	5620	0
1784432572.614128060	3	5622	100
1784432583.027171491	1	5620	0
1784432583.027171491	3	5622	100
1784432593.108277121	1	5620	0
1784432593.108277121	3	5622	100
1784432603.347758110	1	5620	0
1784432603.347758110	3	5622	100
1784432613.441051892	1	5620	0
1784432613.441051892	3	5622	100
1784432623.702203764	1	5620	0
1784432623.702203764	3	5622	100
1784432633.812435745	1	5620	0
1784432633.812435745	3	5622	100
1784432644.070589468	1	5620	78
1784432644.070589468	3	5622	58
1784432654.174137315	1	5620	0
1784432654.174137315	3	5622	100
1784432664.402765576	1	5620	0
1784432664.402765576	3	5622	100
1784432674.510818569	1	5620	0
1784432674.510818569	3	5622	100
1784432684.861780814	1	5620	0
1784432684.861780814	3	5622	100
1784432694.968441350	1	5620	0
1784432694.968441350	3	5622	100
1784432705.324752255	1	5620	100
1784432705.324752255	3	5622	81
1784432715.413897745	1	5620	0
1784432715.413897745	3	5622	100
1784432725.736024577	1	5620	0
1784432725.736024577	3	5622	100
1784432735.822950233	1	5620	0
1784432735.822950233	3	5622	100
1784432746.350452934	1	6181	10
1784432746.350452934	3	5622	100
1784432756.434626515	1	6181	10
1784432756.434626515	3	5622	100
1784432766.954063700	1	6181	8
1784432766.954063700	3	5622	100
1784432777.041195844	1	6181	92
1784432777.041195844	3	5622	48
1784432787.573525537	1	6181	7
1784432787.573525537	3	5622	100
1784432797.659602800	1	6181	9
1784432797.659602800	3	5622	100
1784432808.095950872	1	6181	12
1784432808.095950872	3	5622	100
1784432818.172689794	1	6181	9
1784432818.172689794	3	5622	0
1784432828.547623307	1	6181	8
1784432828.547623307	3	5622	0
1784432838.637531625	1	6181	100
1784432838.637531625	3	5622	0
1784432849.012777577	1	6181	100
1784432849.012777577	3	5622	0
1784432859.111142684	1	6181	8
1784432859.111142684	3	5622	0
1784432869.678606683	1	6181	100
1784432869.678606683	3	5622	0
1784432879.763823170	1	6181	100
1784432879.763823170	3	5622	0
1784432890.267496303	1	6181	8
1784432890.267496303	3	5622	0
1784432900.369116913	1	6181	9
1784432900.369116913	3	5622	0
1784432910.857581566	1	6181	100
1784432910.857581566	3	5622	0
1784432920.964703560	1	6181	9
1784432920.964703560	3	5622	0
1784432931.332410038	1	6181	9
1784432931.332410038	3	5622	100
1784432941.428023112	1	6181	12
1784432941.428023112	3	5622	0
1784432951.843745062	1	6181	29
1784432951.843745062	3	5622	73
1784432961.938329555	1	6181	9
1784432961.938329555	3	5622	100
1784432972.388929123	1	6181	10
1784432972.388929123	3	5622	100
1784432982.473513210	1	6181	9
1784432982.473513210	3	5622	96
1784432993.125504472	1	6181	8
1784432993.125504472	3	5622	100
1784433003.215676625	1	6181	8
1784433003.215676625	3	5622	0
1784433013.742440055	1	6181	7
1784433013.742440055	3	5622	100
1784433023.838320414	1	6181	100
1784433023.838320414	3	5622	0
1784433034.309202162	1	6181	8
1784433034.309202162	3	5622	100
1784433044.400237957	1	6181	13
1784433044.400237957	3	5622	69
1784433054.920068094	1	6181	2
1784433054.920068094	3	5622	100
1784433065.016412477	1	6181	6
1784433065.016412477	3	5622	100
1784433075.622370709	1	6181	8
1784433075.622370709	3	5622	100
1784433085.727348976	1	6181	49
1784433085.727348976	3	5622	93
1784433096.268644345	1	6181	9
1784433096.268644345	3	5622	100
1784433106.353287902	1	6181	25
1784433106.353287902	3	5622	100
1784433116.942254659	1	6181	8
1784433116.942254659	3	5622	100
1784433127.031536298	1	6181	88
1784433127.031536298	3	5622	74
1784433137.579702715	1	6181	8
1784433137.579702715	3	5622	100
1784433147.671368995	1	6181	6
1784433147.671368995	3	5622	100
1784433158.267683996	1	6181	62
1784433158.267683996	3	5622	89
1784433168.361422928	1	5620	0
1784433168.361422928	3	5622	100
1784433178.858995859	1	5620	0
1784433178.858995859	3	5622	100
1784433188.952489070	1	6181	7
1784433188.952489070	3	5622	100
1784433199.412222014	1	6181	7
1784433199.412222014	3	5622	100
1784433209.508324578	1	6181	7
1784433209.508324578	3	5622	100
1784433220.188172699	1	6181	8
1784433220.188172699	3	5622	100
1784433230.295861296	1	6181	8
1784433230.295861296	3	5622	100
1784433240.786207996	1	6181	12
1784433240.786207996	3	5622	100
1784433250.870636256	1	6181	0
1784433250.870636256	3	5622	100
1784433261.373618185	1	6181	65
1784433261.373618185	3	5622	100
1784433271.457568364	1	6181	8
1784433271.457568364	3	5622	100
1784433282.010025589	1	6181	88
1784433282.010025589	3	5622	100
1784433292.106850706	1	6181	9
1784433292.106850706	3	5622	100
1784433302.666882511	1	6181	7
1784433302.666882511	3	5622	100
1784433312.748270656	1	6181	7
1784433312.748270656	3	5622	100
1784433323.295891406	1	6181	8
1784433323.295891406	3	5622	100
1784433333.398643012	1	6181	11
1784433333.398643012	3	5622	100
1784433343.886341557	1	6181	64
1784433343.886341557	3	5622	83
1784433353.975053916	1	6181	9
1784433353.975053916	3	5622	100
1784433364.362233609	1	6181	7
1784433364.362233609	3	5622	0
1784433374.459407179	1	6181	6
1784433374.459407179	3	5622	0
1784433384.887393741	1	6181	12
1784433384.887393741	3	5622	0
1784433394.971188869	1	6181	100
1784433394.971188869	3	5622	0
1784433405.536746409	1	6181	7
1784433405.536746409	3	5622	0
1784433415.634270356	1	6181	7
1784433415.634270356	3	5622	0
1784433425.838003668	1	6181	10
1784433425.838003668	3	5622	100
1784433435.926463016	1	6181	100
1784433435.926463016	3	5622	0
1784433446.289673257	1	6181	9
1784433446.289673257	3	5622	100
1784433456.374972222	1	6181	8
1784433456.374972222	3	5622	100
1784433466.834303937	1	6181	100
1784433466.834303937	3	5622	0
1784433476.927833142	1	6181	5
1784433476.927833142	3	5622	100
1784433487.205898007	1	6181	7
1784433487.205898007	3	5622	100
1784433497.286958220	1	6181	100
1784433497.286958220	3	5622	0
1784433507.735484309	1	6181	10
1784433507.735484309	3	5622	100
1784433517.811996027	1	6181	83
1784433517.811996027	3	5622	100
1784433528.175245141	1	6181	6
1784433528.175245141	3	5622	100
1784433538.269425094	1	6181	69
1784433538.269425094	3	5622	98
1784433548.647485746	1	6181	8
1784433548.647485746	3	5622	100
1784433558.724540647	1	6181	8
1784433558.724540647	3	5622	100
1784433569.110962071	1	6181	8
1784433569.110962071	3	5622	100
1784433579.206085338	1	6181	7
1784433579.206085338	3	5622	100
1784433589.647064952	1	6181	7
1784433589.647064952	3	5622	100
1784433599.741911567	1	5620	33
1784433599.741911567	3	5622	6
1784433610.068103389	1	5620	0
1784433610.068103389	3	5622	100
1784433620.155997045	1	5620	0
1784433620.155997045	3	5622	100
1784433630.531754890	1	5620	0
1784433630.531754890	3	5622	100
1784433640.622177964	1	5620	0
1784433640.622177964	3	5622	100
1784433650.951953353	1	5620	0
1784433650.951953353	3	5622	100
1784433661.055967390	1	5620	0
1784433661.055967390	3	5622	0
1784433671.425308210	1	5620	0
1784433671.425308210	3	5622	100
1784433681.521654972	1	5620	0
1784433681.521654972	3	5622	100
1784433691.848506150	1	5620	0
1784433691.848506150	3	5622	100
1784433701.943746733	1	5620	0
1784433701.943746733	3	5622	100
1784433712.203694447	1	5620	0
1784433712.203694447	3	5622	100
1784433722.306432370	1	5620	0
1784433722.306432370	3	5622	100
1784433732.605644452	1	5620	0
1784433732.605644452	3	5622	100
1784433742.710951630	1	5620	0
1784433742.710951630	3	5622	100
1784433752.968751480	1	5620	0
1784433752.968751480	3	5622	100
1784433763.077250961	1	5620	11
1784433763.077250961	3	5622	81
1784433773.462756143	1	5620	0
1784433773.462756143	3	5622	100
1784433783.555162618	1	5620	0
1784433783.555162618	3	5622	100
1784433793.940171273	1	5620	0
1784433793.940171273	3	5622	100
1784433804.043168610	1	5620	0
1784433804.043168610	3	5622	100
1784433814.399209264	1	5620	0
1784433814.399209264	3	5622	100
1784433824.497321675	1	5620	0
1784433824.497321675	3	5622	100
1784433834.853125770	1	5620	0
1784433834.853125770	3	5622	100
1784433844.944999074	1	5620	0
1784433844.944999074	3	5622	100
1784433855.261471508	1	5620	0
1784433855.261471508	3	5622	100
1784433865.353791109	1	5620	0
1784433865.353791109	3	5622	0
1784433875.501584619	1	5620	0
1784433875.501584619	3	5622	0
1784433885.607104247	1	5620	100
1784433885.607104247	3	5622	0
1784433895.821983861	1	5620	0
1784433895.821983861	3	5622	100
1784433905.904505972	1	5620	0
1784433905.904505972	3	5622	0
1784433916.135471144	1	5620	100
1784433916.135471144	3	5622	0
1784433926.244209456	1	5620	62
1784433926.244209456	3	5622	67
1784433936.440579887	1	5620	0
1784433936.440579887	3	5622	0
1784433946.531577831	1	5620	0
1784433946.531577831	3	5622	61
1784433956.799987224	1	5620	9
1784433956.799987224	3	5622	100
1784433966.887916835	1	5620	0
1784433966.887916835	3	5622	0
1784433977.165142593	1	5620	0
1784433977.165142593	3	5622	100
1784433987.253070316	1	5620	100
1784433987.253070316	3	5622	0
1784433997.488265771	1	5620	0
1784433997.488265771	3	5622	100
1784434007.592698487	1	5620	0
1784434007.592698487	3	5622	100
1784434017.844445432	1	5620	0
1784434017.844445432	3	5622	100
1784434027.941169238	1	5620	0
1784434027.941169238	3	5622	100
1784434038.287249920	1	5620	0
1784434038.287249920	3	5622	100
1784434048.373434911	1	5620	71
1784434048.373434911	3	5622	55
1784434058.705875611	1	5620	0
1784434058.705875611	3	5622	100
1784434068.797848237	1	5620	0
1784434068.797848237	3	5622	100
1784434079.093363693	1	5620	0
1784434079.093363693	3	5622	100
1784434089.201147455	1	5620	0
1784434089.201147455	3	5622	100
1784434099.446710922	1	5620	0
1784434099.446710922	3	5622	100
1784434109.547659417	1	5620	0
1784434109.547659417	3	5622	100
1784434119.874915935	1	5620	0
1784434119.874915935	3	5622	100
1784434129.957413120	1	5620	0
1784434129.957413120	3	5622	100
1784434140.184909527	1	5620	0
1784434140.184909527	3	5622	100
1784434150.281137278	1	5620	0
1784434150.281137278	3	5622	100
1784434160.525187578	1	5620	0
1784434160.525187578	3	5622	100
1784434170.617181762	1	5620	4
1784434170.617181762	3	5622	100
1784434181.201711919	1	5620	0
1784434181.201711919	3	5622	0
1784434191.295538891	1	5620	0
1784434191.295538891	3	5622	100
1784434201.393940452	1	5620	0
1784434201.393940452	3	5622	100
1784434211.482514849	1	5620	0
1784434211.482514849	3	5622	100
1784434221.580577016	1	5620	0
1784434221.580577016	3	5622	100
1784434231.795769475	1	5620	0
1784434231.795769475	3	5622	100
1784434241.903488755	1	5620	0
1784434241.903488755	3	5622	100
1784434251.983307617	1	5620	0
1784434251.983307617	3	5622	100
1784434262.297339988	1	5620	65
1784434262.297339988	3	5622	100
1784434272.397796704	1	5620	0
1784434272.397796704	3	5622	100
1784434282.511611461	1	5620	65
1784434282.511611461	3	5622	100
1784434292.605265529	1	5620	100
1784434292.605265529	3	5622	10
1784434303.447213546	1	5620	0
1784434303.447213546	3	5622	100
1784434313.531052075	1	5620	0
1784434313.531052075	3	5622	100
1784434324.513468845	1	5620	0
1784434324.513468845	3	5622	100
1784434335.350240602	1	5620	0
1784434335.350240602	3	5622	100
1784434345.448902279	1	5620	0
1784434345.448902279	3	5622	100
1784434355.697417881	1	5620	0
1784434355.697417881	3	5622	0
1784434365.794747157	1	5620	0
1784434365.794747157	3	5622	0
1784434376.317176390	1	5620	100
1784434376.317176390	3	5622	0
1784434386.403686165	1	5620	100
1784434386.403686165	3	5622	0
1784434396.510553308	1	5620	0
1784434396.510553308	3	5622	0
1784434407.066274980	1	5620	100
1784434407.066274980	3	5622	0
1784434417.175559811	1	5620	70
1784434417.175559811	3	5622	57
1784434427.477161096	1	5620	0
1784434427.477161096	3	5622	0
1784434437.583174541	1	5620	0
1784434437.583174541	3	5622	0
1784434448.067783214	1	5620	100
1784434448.067783214	3	5622	0
1784434458.161445029	1	5620	0
1784434458.161445029	3	5622	100
1784434468.436298091	1	5620	0
1784434468.436298091	3	5622	0
1784434478.542487317	1	5620	39
1784434478.542487317	3	5622	84
1784434488.941079184	1	5620	0
1784434488.941079184	3	5622	100
1784434499.040995787	1	5620	0
1784434499.040995787	3	5622	100
1784434509.247916926	1	5620	0
1784434509.247916926	3	5622	100
1784434519.344739397	1	5620	0
1784434519.344739397	3	5622	100
1784434529.798829301	1	5620	0
1784434529.798829301	3	5622	0
1784434539.889381830	1	5620	0
1784434539.889381830	3	5622	100
1784434549.976156849	1	5620	0
1784434549.976156849	3	5622	100
1784434560.081134293	1	5620	0
1784434560.081134293	3	5622	0
1784434570.175562599	1	5620	0
1784434570.175562599	3	5622	100
1784434580.280734720	1	5620	0
1784434580.280734720	3	5622	100
1784434590.999398111	1	5620	96
1784434590.999398111	3	5622	0
1784434601.755960314	1	5620	0
1784434601.755960314	3	5622	100
1784434611.843195795	1	5620	0
1784434611.843195795	3	5622	100
1784434622.005045414	1	5620	13
1784434622.005045414	3	5622	65
1784434632.108672308	1	5620	0
1784434632.108672308	3	5622	100
1784434642.481195418	1	5620	0
1784434642.481195418	3	5622	100
1784434652.594679716	1	5620	0
1784434652.594679716	3	5622	100
1784434662.966420074	1	5620	0
1784434662.966420074	3	5622	100
1784434673.075404552	1	5620	80
1784434673.075404552	3	5622	31
1784434683.163795085	1	5620	0
1784434683.163795085	3	5622	100
1784434693.259615438	1	5620	0
1784434693.259615438	3	5622	100
1784434703.346496829	1	5620	0
1784434703.346496829	3	5622	100
1784434713.432848029	1	5620	0
1784434713.432848029	3	5622	100
1784434723.540009388	1	5620	0
1784434723.540009388	3	5622	100
1784434733.645278658	1	5620	0
1784434733.645278658	3	5622	100
1784434743.727775427	1	5620	0
1784434743.727775427	3	5622	100
1784434753.842709500	1	5620	0
1784434753.842709500	3	5622	100
1784434763.948503553	1	5620	0
1784434763.948503553	3	5622	100
1784434774.060154158	1	5620	6
1784434774.060154158	3	5622	100
1784434784.150542613	1	5620	0
1784434784.150542613	3	5622	100
1784434794.241597798	1	5620	0
1784434794.241597798	3	5622	100
1784434804.339361379	1	5620	0
1784434804.339361379	3	5622	100
1784434814.593371018	1	5620	0
1784434814.593371018	3	5622	100
1784434824.694098018	1	5620	0
1784434824.694098018	3	5622	100
1784434835.149145650	1	5620	0
1784434835.149145650	3	5622	100
1784434845.225756691	1	5620	0
1784434845.225756691	3	5622	0
1784434855.601427034	1	5620	0
1784434855.601427034	3	5622	0
1784434865.697017773	1	5620	100
1784434865.697017773	3	5622	0
1784434875.808132950	1	5620	100
1784434875.808132950	3	5622	0
1784434885.913495826	1	5620	0
1784434885.913495826	3	5622	0
1784434896.298388144	1	5620	100
1784434896.298388144	3	5622	0
1784434906.386326293	1	5620	100
1784434906.386326293	3	5622	0
1784434916.660128058	1	5620	0
1784434916.660128058	3	5622	0
1784434926.744986376	1	5620	100
1784434926.744986376	3	5622	0
1784434936.947777626	1	5620	100
1784434936.947777626	3	5622	0
1784434947.053379404	1	5620	0
1784434947.053379404	3	5622	0
1784434957.378410238	1	5620	0
1784434957.378410238	3	5622	0
1784434967.472725153	1	5620	100
1784434967.472725153	3	5622	0
1784434977.776580213	1	5620	0
1784434977.776580213	3	5622	0
1784434987.883607386	1	5620	0
1784434987.883607386	3	5622	0
1784434998.317196490	1	5620	100
1784434998.317196490	3	5622	0
1784435008.415309135	1	5620	20
1784435008.415309135	3	5622	100
1784435018.738525558	1	5620	0
1784435018.738525558	3	5622	0
1784435028.829964960	1	5620	100
1784435028.829964960	3	5622	0
1784435039.125437352	1	5620	0
1784435039.125437352	3	5622	100
1784435049.209500988	1	5620	0
1784435049.209500988	3	5622	0
1784435059.663217015	1	5620	25
1784435059.663217015	3	5622	73
1784435069.749060923	1	5620	0
1784435069.749060923	3	5622	100
1784435079.993865718	1	5620	0
1784435079.993865718	3	5622	100
1784435090.078568140	1	5620	38
1784435090.078568140	3	5622	82
1784435100.170850192	1	5620	0
1784435100.170850192	3	5622	100
1784435110.279513930	1	5620	0
1784435110.279513930	3	5622	100
1784435120.479535136	1	5620	73
1784435120.479535136	3	5622	73
1784435130.574297122	1	5620	0
1784435130.574297122	3	5622	100
1784435140.971090502	1	5620	0
1784435140.971090502	3	5622	100
1784435151.052779348	1	5620	100
1784435151.052779348	3	5622	64
1784435161.427223153	1	5620	0
1784435161.427223153	3	5622	100
1784435171.535004417	1	5620	1
1784435171.535004417	3	5622	100
1784435181.841819917	1	5620	0
1784435181.841819917	3	5622	100
1784435191.949252964	1	5620	0
1784435191.949252964	3	5622	100
1784435202.405554006	1	5620	0
1784435202.405554006	3	5622	100
1784435212.499651357	1	5620	0
1784435212.499651357	3	5622	100
1784435223.008052146	1	5620	0
1784435223.008052146	3	5622	100
1784435233.105708489	1	5620	0
1784435233.105708489	3	5622	100
1784435243.469425269	1	5620	0
1784435243.469425269	3	5622	100
1784435253.553646101	1	5620	0
1784435253.553646101	3	5622	100
1784435264.056678064	1	5620	0
1784435264.056678064	3	5622	100
1784435274.151353499	1	5620	0
1784435274.151353499	3	5622	100
1784435284.624773249	1	5620	0
1784435284.624773249	3	5622	100
1784435294.738327573	1	5620	0
1784435294.738327573	3	5622	100
1784435305.126251929	1	5620	0
1784435305.126251929	3	5622	100
1784435315.220030276	1	5620	0
1784435315.220030276	3	5622	100
1784435325.515587653	1	5620	0
1784435325.515587653	3	5622	100
1784435335.603166310	1	5620	0
1784435335.603166310	3	5622	0
1784435345.967481777	1	5620	0
1784435345.967481777	3	5622	0
1784435356.050522291	1	5620	0
1784435356.050522291	3	5622	0
1784435366.134424257	1	5620	100
1784435366.134424257	3	5622	0
1784435376.223749996	1	5620	0
1784435376.223749996	3	5622	0
1784435386.633901717	1	5620	100
1784435386.633901717	3	5622	0
1784435396.724727781	1	5620	100
1784435396.724727781	3	5622	0
1784435406.818644340	1	5620	82
1784435406.818644340	3	5622	70
1784435416.907893184	1	5620	100
1784435416.907893184	3	5622	0
1784435427.215508198	1	5620	100
1784435427.215508198	3	5622	0
1784435437.304996394	1	5620	0
1784435437.304996394	3	5622	0
1784435447.624448548	1	5620	0
1784435447.624448548	3	5622	0
1784435457.711057338	1	5620	100
1784435457.711057338	3	5622	0
1784435467.947763108	1	5620	0
1784435467.947763108	3	5622	100
1784435478.058236507	1	5620	0
1784435478.058236507	3	5622	100
1784435488.353088065	1	5620	100
1784435488.353088065	3	5622	0
1784435498.445587904	1	5620	100
1784435498.445587904	3	5622	4
1784435508.742519288	1	5620	0
1784435508.742519288	3	5622	0
1784435518.830384821	1	5620	100
1784435518.830384821	3	5622	0
1784435529.063343453	1	5620	6
1784435529.063343453	3	5622	100
1784435539.147063146	1	5620	0
1784435539.147063146	3	5622	0
1784435549.548131116	1	5620	100
1784435549.548131116	3	5622	6
1784435559.629925429	1	5620	0
1784435559.629925429	3	5622	100
1784435569.866447821	1	5620	100
1784435569.866447821	3	5622	6
1784435579.958778631	1	5620	51
1784435579.958778631	3	5622	85
1784435590.464592491	1	5620	0
1784435590.464592491	3	5622	100
1784435600.565900477	1	5620	0
1784435600.565900477	3	5622	100
1784435611.106119461	1	5620	0
1784435611.106119461	3	5622	100
1784435621.199950674	1	5620	0
1784435621.199950674	3	5622	100
1784435631.574340194	1	5620	68
1784435631.574340194	3	5622	66
1784435641.661162407	1	5620	0
1784435641.661162407	3	5622	100
1784435652.033546226	1	5620	0
1784435652.033546226	3	5622	100
1784435662.128927414	1	5620	0
1784435662.128927414	3	5622	100
1784435672.429660557	1	5620	0
1784435672.429660557	3	5622	100
1784435682.506415113	1	5620	0
1784435682.506415113	3	5622	100
1784435692.837785477	1	5620	0
1784435692.837785477	3	5622	92
1784435702.932312002	1	5620	0
1784435702.932312002	3	5622	100
1784435713.268082794	1	5620	0
1784435713.268082794	3	5622	100
1784435723.378746623	1	5620	0
1784435723.378746623	3	5622	19
1784435733.757278478	1	5620	0
1784435733.757278478	3	5622	100
1784435743.851406997	1	5620	0
1784435743.851406997	3	5622	100
1784435754.073647175	1	5620	0
1784435754.073647175	3	5622	100
1784435764.150574807	1	5620	0
1784435764.150574807	3	5622	100
1784435774.506194459	1	5620	0
1784435774.506194459	3	5622	100
1784435784.598837139	1	5620	0
1784435784.598837139	3	5622	100
1784435795.001158030	1	5620	0
1784435795.001158030	3	5622	100
1784435805.105160683	1	5620	0
1784435805.105160683	3	5622	100
1784435815.506283164	1	5620	0
1784435815.506283164	3	5622	100
1784435825.601001496	1	5620	58
1784435825.601001496	3	5622	69
1784435835.930859452	1	5620	0
1784435835.930859452	3	5622	0
1784435846.036137202	1	5620	0
1784435846.036137202	3	5622	0
1784435856.209273414	1	5620	12
1784435856.209273414	3	5622	100
1784435866.322943823	1	5620	6
1784435866.322943823	3	5622	76
1784435876.703211059	1	5620	0
1784435876.703211059	3	5622	0
1784435886.809641592	1	5620	0
1784435886.809641592	3	5622	100
1784435897.114377850	1	5620	0
1784435897.114377850	3	5622	100
1784435907.228117328	1	5620	0
1784435907.228117328	3	5622	0
1784435917.571839748	1	5620	0
1784435917.571839748	3	5622	100
1784435927.667596018	1	5620	0
1784435927.667596018	3	5622	100
1784435938.006898096	1	5620	0
1784435938.006898096	3	5622	45
1784435948.118488463	1	5620	0
1784435948.118488463	3	5622	100
1784435958.473663824	1	5620	0
1784435958.473663824	3	5622	100
1784435968.568434165	1	5620	0
1784435968.568434165	3	5622	100
1784435978.935451616	1	5620	0
1784435978.935451616	3	5622	100
1784435989.042175976	1	5620	0
1784435989.042175976	3	5622	100
1784435999.269271965	1	5620	55
1784435999.269271965	3	5622	59
1784436009.353978191	1	5620	62
1784436009.353978191	3	5622	73
1784436019.807367595	1	5620	0
1784436019.807367595	3	5622	100
1784436029.898788452	1	5620	0
1784436029.898788452	3	5622	100
1784436040.206987227	1	5620	76
1784436040.206987227	3	5622	0
1784436050.310864074	1	5620	0
1784436050.310864074	3	5622	100
1784436060.575167095	1	5620	74
1784436060.575167095	3	5622	71
1784436070.658742023	1	5620	0
1784436070.658742023	3	5622	100
1784436081.059693159	1	5620	0
1784436081.059693159	3	5622	100
1784436091.156951301	1	5620	0
1784436091.156951301	3	5622	100
1784436101.492770279	1	5620	0
1784436101.492770279	3	5622	100
1784436111.601838068	1	5620	0
1784436111.601838068	3	5622	100
1784436121.919348956	1	5620	0
1784436121.919348956	3	5622	100
1784436132.026200674	1	5620	0
1784436132.026200674	3	5622	100
1784436142.321628765	1	5620	0
1784436142.321628765	3	5622	100
1784436152.418917442	1	5620	0
1784436152.418917442	3	5622	100
1784436162.864114909	1	5620	29
1784436162.864114909	3	5622	100
1784436172.950793222	1	5620	0
1784436172.950793222	3	5622	100
1784436183.343555204	1	5620	0
1784436183.343555204	3	5622	100
1784436193.430007801	1	5620	0
1784436193.430007801	3	5622	100
1784436203.816789481	1	5620	0
1784436203.816789481	3	5622	100
1784436213.905633643	1	5620	0
1784436213.905633643	3	5622	100
1784436224.355160475	1	5620	0
1784436224.355160475	3	5622	100
1784436234.448067089	1	5620	0
1784436234.448067089	3	5622	100
1784436244.756233315	1	5620	0
1784436244.756233315	3	5622	100
1784436254.860492907	1	5620	84
1784436254.860492907	3	5622	40
1784436265.233685156	1	5620	0
1784436265.233685156	3	5622	100
1784436275.337830702	1	5620	0
1784436275.337830702	3	5622	100
1784436285.674288599	1	5620	69
1784436285.674288599	3	5622	80
1784436295.778460699	1	5620	0
1784436295.778460699	3	5622	100
1784436306.039342329	1	5620	65
1784436306.039342329	3	5622	67
1784436316.142530792	1	5620	0
1784436316.142530792	3	5622	100
1784436326.527681038	1	5620	0
1784436326.527681038	3	5622	0
1784436336.627078879	1	5620	0
1784436336.627078879	3	5622	100
1784436346.843384639	1	5620	0
1784436346.843384639	3	5622	0
1784436356.944967919	1	5620	0
1784436356.944967919	3	5622	0
1784436367.150522047	1	5620	100
1784436367.150522047	3	5622	0
1784436377.228999358	1	5620	73
1784436377.228999358	3	5622	78
1784436387.506074023	1	5620	0
1784436387.506074023	3	5622	0
1784436397.602779491	1	5620	100
1784436397.602779491	3	5622	6
1784436407.850618546	1	5620	0
1784436407.850618546	3	5622	100
1784436417.952875198	1	5620	100
1784436417.952875198	3	5622	0
1784436428.204485340	1	5620	100
1784436428.204485340	3	5622	0
1784436438.308497582	1	5620	70
1784436438.308497582	3	5622	67
1784436448.656052559	1	5620	100
1784436448.656052559	3	5622	0
1784436458.778141723	1	5620	100
1784436458.778141723	3	5622	0
1784436469.068017703	1	5620	100
1784436469.068017703	3	5622	0
1784436479.164453989	1	5620	100
1784436479.164453989	3	5622	0
1784436489.687088120	1	5620	100
1784436489.687088120	3	5622	0
1784436499.785082139	1	5620	100
1784436499.785082139	3	5622	0
1784436510.093995402	1	5620	100
1784436510.093995402	3	5622	0
1784436520.177776469	1	5620	100
1784436520.177776469	3	5622	0
1784436530.479405744	1	5620	100
1784436530.479405744	3	5622	0
1784436540.595976776	1	5620	74
1784436540.595976776	3	5622	66
1784436550.958867473	1	5620	100
1784436550.958867473	3	5622	0
1784436561.076292718	1	5620	100
1784436561.076292718	3	5622	0
1784436571.486176229	1	5620	57
1784436571.486176229	3	5622	41
1784436581.590046676	1	5620	100
1784436581.590046676	3	5622	0
1784436591.913096544	1	5620	100
1784436591.913096544	3	5622	0
1784436602.022494894	1	5620	100
1784436602.022494894	3	5622	0
1784436612.134953306	1	5620	100
1784436612.134953306	3	5622	0
1784436622.255851475	1	5620	100
1784436622.255851475	3	5622	0
1784436632.356693335	1	5620	100
1784436632.356693335	3	5622	0
1784436642.459681868	1	5620	100
1784436642.459681868	3	5622	0
1784436652.555449302	1	5620	100
1784436652.555449302	3	5622	0
1784436662.660486619	1	5620	100
1784436662.660486619	3	5622	0
1784436672.783296380	1	5620	100
1784436672.783296380	3	5622	0
1784436682.874593818	1	5620	0
1784436682.874593818	3	5622	100
1784436692.979419939	1	5620	100
1784436692.979419939	3	5622	0
1784436703.062520179	1	5620	100
1784436703.062520179	3	5622	0
1784436713.937771631	1	5620	80
1784436713.937771631	3	5622	66
1784436724.013315922	1	5620	100
1784436724.013315922	3	5622	0
1784436734.386679727	1	5620	100
1784436734.386679727	3	5622	0
1784436744.464524961	1	5620	0
1784436744.464524961	3	5622	32
1784436754.725865460	1	5620	100
1784436754.725865460	3	5622	0
1784436764.812983827	1	5620	100
1784436764.812983827	3	5622	0
1784436775.091585091	1	5620	100
1784436775.091585091	3	5622	0
1784436785.187340385	1	5620	100
1784436785.187340385	3	5622	0
1784436795.561466026	1	5620	100
1784436795.561466026	3	5622	0
1784436805.656735944	1	5620	76
1784436805.656735944	3	5622	63
1784436815.824960816	1	5620	100
1784436815.824960816	3	5622	0
1784436825.904398744	1	5620	66
1784436825.904398744	3	5622	35
1784436836.091140359	1	5620	100
1784436836.091140359	3	5622	0
1784436846.189437227	1	5620	0
1784436846.189437227	3	5622	0
1784436856.331776931	1	5620	1
1784436856.331776931	3	5622	0
1784436866.427736981	1	5620	100
1784436866.427736981	3	5622	23
1784436876.865682233	1	5620	56
1784436876.865682233	3	5622	100
1784436886.965662634	1	5620	0
1784436886.965662634	3	5622	0
1784436897.246193001	1	5620	100
1784436897.246193001	3	5622	0
1784436907.344541346	1	5620	0
1784436907.344541346	3	5622	0
1784436917.777883985	1	5620	0
1784436917.777883985	3	5622	0
1784436927.879414985	1	5620	0
1784436927.879414985	3	5622	0
1784436938.068366467	1	5620	0
1784436938.068366467	3	5622	100
1784436948.151100069	1	5620	0
1784436948.151100069	3	5622	100
1784436958.424670051	1	5620	100
1784436958.424670051	3	5622	0
1784436968.511529210	1	5620	15
1784436968.511529210	3	5622	0
1784436978.848498461	1	5620	0
1784436978.848498461	3	5622	100
1784436988.930389382	1	5620	100
1784436988.930389382	3	5622	0
1784436999.212913567	1	5620	0
1784436999.212913567	3	5622	100
1784437009.298372054	1	5620	0
1784437009.298372054	3	5622	100
1784437019.685551668	1	5620	0
1784437019.685551668	3	5622	0
1784437029.774042815	1	5620	0
1784437029.774042815	3	5622	100
1784437040.255339415	1	5620	0
1784437040.255339415	3	5622	100
1784437050.339166031	1	5620	100
1784437050.339166031	3	5622	0
1784437060.639090507	1	5620	0
1784437060.639090507	3	5622	100
1784437070.732609696	1	5620	0
1784437070.732609696	3	5622	100
1784437081.184312625	1	5620	100
1784437081.184312625	3	5622	0
1784437091.295913498	1	5620	0
1784437091.295913498	3	5622	100
1784437101.663209598	1	5620	0
1784437101.663209598	3	5622	100
1784437111.754757066	1	5620	100
1784437111.754757066	3	5622	0
1784437122.164343466	1	5620	0
1784437122.164343466	3	5622	68
1784437132.251817495	1	5953	0
1784437132.251817495	3	5622	0
1784437142.790489412	1	6181	100
1784437142.790489412	3	5622	0
1784437153.121288972	1	6181	8
1784437153.121288972	3	5622	100
1784437163.213192068	1	6181	7
1784437163.213192068	3	5622	0
1784437173.343480261	1	6181	7
1784437173.343480261	3	5622	100
1784437183.445177549	1	6181	8
1784437183.445177549	3	5622	100
1784437193.532634889	1	6181	6
1784437193.532634889	3	5622	0
1784437204.458802782	1	6181	6
1784437204.458802782	3	5622	100
1784437214.547327916	1	6181	2
1784437214.547327916	3	5622	100
1784437225.231169073	1	6181	7
1784437225.231169073	3	5622	0
1784437235.363371930	1	6181	6
1784437235.363371930	3	5622	40
1784437245.445544512	1	6181	9
1784437245.445544512	3	5622	100
1784437255.533562290	1	6181	90
1784437255.533562290	3	5622	71
1784437266.008108825	1	6181	8
1784437266.008108825	3	5622	100
1784437276.092340441	1	6181	8
1784437276.092340441	3	5622	100
1784437286.178893329	1	6181	38
1784437286.178893329	3	5622	28
1784437296.273528843	1	6181	9
1784437296.273528843	3	5622	100
1784437306.395458821	1	6181	7
1784437306.395458821	3	5622	100
1784437316.492533503	1	6181	76
1784437316.492533503	3	5622	87
1784437327.079202446	1	6181	10
1784437327.079202446	3	5622	100
1784437337.152300445	1	6181	10
1784437337.152300445	3	5622	100
1784437347.643869623	1	6181	8
1784437347.643869623	3	5622	0
1784437357.734314899	1	6181	8
1784437357.734314899	3	5622	0
1784437368.154551359	1	6181	8
1784437368.154551359	3	5622	0
1784437378.245615724	1	6181	8
1784437378.245615724	3	5622	100
1784437388.926742573	1	6181	13
1784437388.926742573	3	5622	100
1784437399.035282118	1	6181	8
1784437399.035282118	3	5622	0
1784437409.675701648	1	6181	8
1784437409.675701648	3	5622	0
1784437419.776354371	1	6181	8
1784437419.776354371	3	5622	0
1784437430.391215206	1	6181	8
1784437430.391215206	3	5622	0
1784437440.484148060	1	6181	9
1784437440.484148060	3	5622	0
1784437451.059104822	1	6181	8
1784437451.059104822	3	5622	100
1784437461.148179799	1	6181	8
1784437461.148179799	3	5622	100
1784437471.701653887	1	6181	8
1784437471.701653887	3	5622	0
1784437481.790265095	1	6181	9
1784437481.790265095	3	5622	100
1784437492.477679821	1	6181	7
1784437492.477679821	3	5622	100
1784437502.572524501	1	6181	6
1784437502.572524501	3	5622	100
1784437513.313722790	1	6181	8
1784437513.313722790	3	5622	0
1784437523.411549225	1	6181	82
1784437523.411549225	3	5622	77
1784437534.257969622	1	6181	0
1784437534.257969622	3	5622	100
1784437544.344387793	1	5620	0
1784437544.344387793	3	5622	100
1784437554.934153611	1	5620	0
1784437554.934153611	3	5622	100
1784437565.016889751	1	5620	0
1784437565.016889751	3	5622	100
1784437575.470512712	1	5620	0
1784437575.470512712	3	5622	100
1784437585.552153037	1	5620	0
1784437585.552153037	3	5622	100
1784437596.014970437	1	5620	0
1784437596.014970437	3	5622	100
1784437606.109130122	1	5620	0
1784437606.109130122	3	5622	100
1784437616.624194246	1	5620	0
1784437616.624194246	3	5622	100
1784437626.713578055	1	5620	0
1784437626.713578055	3	5622	100
1784437637.000047375	1	5620	100
1784437637.000047375	3	5622	0
1784437647.096910912	1	5620	0
1784437647.096910912	3	5622	100
1784437657.380901934	1	5620	0
1784437657.380901934	3	5622	100
1784437667.481240139	1	5620	0
1784437667.481240139	3	5622	100
1784437677.958572443	1	5620	0
1784437677.958572443	3	5622	100
1784437688.050886824	1	5620	0
1784437688.050886824	3	5622	100
1784437698.274213931	1	5620	0
1784437698.274213931	3	5622	100
1784437708.382341617	1	5620	0
1784437708.382341617	3	5622	100
1784437718.657260207	1	5620	0
1784437718.657260207	3	5622	100
1784437728.766989538	1	5620	0
1784437728.766989538	3	5622	100
1784437739.068765562	1	5620	100
1784437739.068765562	3	5622	70
1784437749.155454336	1	5620	0
1784437749.155454336	3	5622	100
1784437759.409445080	1	5620	0
1784437759.409445080	3	5622	100
1784437769.496685995	1	5620	100
1784437769.496685995	3	5622	0
1784437779.795855677	1	5620	0
1784437779.795855677	3	5622	100
1784437789.888370729	1	5620	79
1784437789.888370729	3	5622	66
1784437800.131357536	1	5620	59
1784437800.131357536	3	5622	62
1784437810.215606381	1	5620	0
1784437810.215606381	3	5622	100
1784437820.581611779	1	5620	0
1784437820.581611779	3	5622	100
1784437830.690828894	1	5620	0
1784437830.690828894	3	5622	100
1784437841.182305624	1	5620	0
1784437841.182305624	3	5622	100
1784437851.266676568	1	5620	0
1784437851.266676568	3	5622	100
1784437861.506394184	1	5620	0
1784437861.506394184	3	5622	0
1784437871.594131586	1	5620	0
1784437871.594131586	3	5622	1
1784437881.752192488	1	5620	0
1784437881.752192488	3	5622	0
1784437891.838181092	1	5620	75
1784437891.838181092	3	5622	55
1784437902.172285266	1	5620	0
1784437902.172285266	3	5622	0
1784437912.250124302	1	5620	18
1784437912.250124302	3	5622	31
1784437922.517711209	1	5620	66
1784437922.517711209	3	5622	69
1784437932.620354033	1	5620	0
1784437932.620354033	3	5622	0
1784437942.837456391	1	5620	92
1784437942.837456391	3	5622	53
1784437952.935142767	1	5620	0
1784437952.935142767	3	5622	0
1784437963.220581626	1	5620	0
1784437963.220581626	3	5622	24
1784437973.307972186	1	5620	100
1784437973.307972186	3	5622	0
1784437983.563015333	1	5620	0
1784437983.563015333	3	5622	0
1784437993.682740361	1	5620	0
1784437993.682740361	3	5622	100
1784438003.879540347	1	5620	0
1784438003.879540347	3	5622	100
1784438013.971143269	1	5620	0
1784438013.971143269	3	5622	100
1784438024.352719081	1	5620	0
1784438024.352719081	3	5622	100
1784438034.453094232	1	5620	0
1784438034.453094232	3	5622	100
1784438044.666499352	1	5620	0
1784438044.666499352	3	5622	100
1784438054.779234347	1	5620	0
1784438054.779234347	3	5622	100
1784438065.120977714	1	5620	0
1784438065.120977714	3	5622	100
1784438075.228255432	1	5620	0
1784438075.228255432	3	5622	100
1784438085.500142082	1	5620	0
1784438085.500142082	3	5622	100
1784438095.598980035	1	5620	23
1784438095.598980035	3	5622	100
1784438105.883020190	1	5620	0
1784438105.883020190	3	5622	100
1784438115.990104613	1	5620	0
1784438115.990104613	3	5622	100
1784438126.482843514	1	5620	0
1784438126.482843514	3	5622	100
1784438136.576654043	1	5620	0
1784438136.576654043	3	5622	100
1784438146.913344264	1	5620	0
1784438146.913344264	3	5622	100
1784438157.014438560	1	5620	0
1784438157.014438560	3	5622	100
1784438167.384801475	1	5620	0
1784438167.384801475	3	5622	100
1784438177.477351133	1	5620	0
1784438177.477351133	3	5622	100
1784438187.818425941	1	5620	0
1784438187.818425941	3	5622	100
1784438197.900581733	1	5620	0
1784438197.900581733	3	5622	100
1784438208.217962726	1	5620	0
1784438208.217962726	3	5622	100
1784438218.329310057	1	5953	0
1784438218.329310057	3	5622	100
1784438228.433887962	1	6181	20
1784438228.433887962	3	5622	100
1784438238.530641770	1	6181	7
1784438238.530641770	3	5622	100
1784438248.619564994	1	6181	8
1784438248.619564994	3	5622	100
1784438258.706528326	1	6181	8
1784438258.706528326	3	5622	100
1784438269.146694900	1	6181	34
1784438269.146694900	3	5622	50
1784438279.229517592	1	6181	6
1784438279.229517592	3	5622	100
1784438289.316513274	1	6181	8
1784438289.316513274	3	5622	100
1784438299.447557896	1	6181	83
1784438299.447557896	3	5622	59
1784438309.532169558	1	6181	9
1784438309.532169558	3	5622	100
1784438319.630391873	1	6181	1
1784438319.630391873	3	5622	100
1784438329.740117374	1	6181	88
1784438329.740117374	3	5622	77
1784438339.825440390	1	6181	9
1784438339.825440390	3	5622	100
1784438349.923612863	1	6181	10
1784438349.923612863	3	5622	100
1784438360.015133256	1	6181	39
1784438360.015133256	3	5622	100
1784438370.094400466	1	6181	8
1784438370.094400466	3	5622	0
1784438380.216058895	1	6181	8
1784438380.216058895	3	5622	0
1784438390.334467581	1	6181	100
1784438390.334467581	3	5622	0
1784438400.432575288	1	6181	56
1784438400.432575288	3	5622	24
1784438410.518977178	1	6181	6
1784438410.518977178	3	5622	0
1784438421.076199813	1	6181	100
1784438421.076199813	3	5622	0
1784438431.188978712	1	6181	6
1784438431.188978712	3	5622	100
1784438441.277532447	1	6181	3
1784438441.277532447	3	5622	0
1784438451.373774216	1	6181	9
1784438451.373774216	3	5622	0
1784438461.461890035	1	6181	6
1784438461.461890035	3	5622	0
1784438471.565475702	1	6181	4
1784438471.565475702	3	5622	0
1784438481.650239573	1	6181	6
1784438481.650239573	3	5622	100
1784438491.748216182	1	6181	32
1784438491.748216182	3	5622	0
1784438501.829083771	1	6181	64
1784438501.829083771	3	5622	95
1784438511.925752728	1	6181	7
1784438511.925752728	3	5622	100
1784438522.017144676	1	6181	7
1784438522.017144676	3	5622	100
1784438532.116485708	1	6181	100
1784438532.116485708	3	5622	0
1784438542.210945062	1	6181	7
1784438542.210945062	3	5622	7
1784438552.316186542	1	6181	7
1784438552.316186542	3	5622	100
1784438562.405222968	1	6181	100
1784438562.405222968	3	5622	0
1784438572.502938635	1	6181	58
1784438572.502938635	3	5622	25
1784438582.599447385	1	6181	8
1784438582.599447385	3	5622	100
1784438592.714419942	1	6181	100
1784438592.714419942	3	5622	0
1784438602.817537666	1	6181	85
1784438602.817537666	3	5622	60
1784438612.914340716	1	6181	7
1784438612.914340716	3	5622	100
1784438623.000542553	1	6181	8
1784438623.000542553	3	5622	100
1784438633.109470663	1	6181	12
1784438633.109470663	3	5622	77
1784438643.212515347	1	6181	8
1784438643.212515347	3	5622	100
1784438653.298256881	1	6181	7
1784438653.298256881	3	5622	100
1784438663.397318274	1	6181	8
1784438663.397318274	3	5622	100
1784438673.479483330	1	6181	7
1784438673.479483330	3	5622	100
1784438684.142599344	1	6181	6
1784438684.142599344	3	5622	0
1784438694.252611906	1	5620	0
1784438694.252611906	3	5622	100
1784438704.769414332	1	5620	0
1784438704.769414332	3	5622	100
1784438714.869064629	1	5620	0
1784438714.869064629	3	5622	0
1784438725.250482900	1	5620	0
1784438725.250482900	3	5622	100
1784438735.332932093	1	5620	79
1784438735.332932093	3	5622	44
1784438745.790970110	1	5620	0
1784438745.790970110	3	5622	100
1784438755.891091735	1	5620	0
1784438755.891091735	3	5622	100
1784438766.161854953	1	5620	0
1784438766.161854953	3	5622	100
1784438776.243070429	1	5620	0
1784438776.243070429	3	5622	0
1784438786.705577060	1	5620	0
1784438786.705577060	3	5622	100
1784438796.791498649	1	5620	0
1784438796.791498649	3	5622	100
1784438807.249741869	1	5620	0
1784438807.249741869	3	5622	0
1784438817.341840644	1	5620	80
1784438817.341840644	3	5622	66
1784438827.816363384	1	5620	0
1784438827.816363384	3	5622	100
1784438837.914056274	1	5620	0
1784438837.914056274	3	5622	100
1784438848.351360628	1	5620	0
1784438848.351360628	3	5622	100
1784438858.440360266	1	5620	0
1784438858.440360266	3	5622	100
1784438868.688197004	1	5620	0
1784438868.688197004	3	5622	100
1784438878.775525312	1	5620	0
1784438878.775525312	3	5622	100
1784438889.184882967	1	5620	0
1784438889.184882967	3	5622	0
1784438899.288204019	1	5620	0
1784438899.288204019	3	5622	0
1784438909.375404325	1	5620	0
1784438909.375404325	3	5622	0
1784438919.473104262	1	5620	100
1784438919.473104262	3	5622	0
1784438929.875980892	1	5620	0
1784438929.875980892	3	5622	0
1784438939.975087186	1	5620	0
1784438939.975087186	3	5622	0
1784438950.145868736	1	5620	100
1784438950.145868736	3	5622	19
1784438960.232435036	1	5620	0
1784438960.232435036	3	5622	0
1784438970.491369660	1	5620	0
1784438970.491369660	3	5622	0
1784438980.577345092	1	5620	0
1784438980.577345092	3	5622	100
1784438990.748645875	1	5620	0
1784438990.748645875	3	5622	0
1784439000.835410666	1	5620	0
1784439000.835410666	3	5622	100
1784439011.123327159	1	5620	0
1784439011.123327159	3	5622	100
1784439021.218520088	1	5620	0
1784439021.218520088	3	5622	0
1784439031.503248770	1	5620	0
1784439031.503248770	3	5622	100
1784439041.601543747	1	5620	0
1784439041.601543747	3	5622	100
1784439052.003677333	1	5620	17
1784439052.003677333	3	5622	100
1784439062.109509591	1	5620	0
1784439062.109509591	3	5622	100
1784439072.383465598	1	5620	0
1784439072.383465598	3	5622	100
1784439082.485209756	1	5620	12
1784439082.485209756	3	5622	74
1784439092.813115944	1	5620	0
1784439092.813115944	3	5622	100
1784439102.895700412	1	5620	0
1784439102.895700412	3	5622	100
1784439113.301736814	1	5620	78
1784439113.301736814	3	5622	71
1784439123.393382884	1	5620	0
1784439123.393382884	3	5622	100
1784439133.759181855	1	5620	0
1784439133.759181855	3	5622	100
1784439143.863322966	1	5620	0
1784439143.863322966	3	5622	100
1784439154.414950671	1	5620	0
1784439154.414950671	3	5622	100
1784439164.525115757	1	5620	0
1784439164.525115757	3	5622	100
1784439174.828044288	1	5620	0
1784439174.828044288	3	5622	100
1784439184.925929387	1	5620	6
1784439184.925929387	3	5622	100
1784439195.225721777	1	5620	0
1784439195.225721777	3	5622	100
1784439205.328470697	1	5620	9
1784439205.328470697	3	5622	100
1784439215.621311442	1	5620	0
1784439215.621311442	3	5622	100
1784439225.718575913	1	5620	0
1784439225.718575913	3	5622	100
1784439236.165470113	1	5620	100
1784439236.165470113	3	5622	0
1784439246.269051362	1	5620	6
1784439246.269051362	3	5622	100
1784439256.483136612	1	5620	0
1784439256.483136612	3	5622	100
1784439266.586008084	1	5620	96
1784439266.586008084	3	5622	0
1784439276.893885555	1	5953	0
1784439276.893885555	3	5622	100
1784439286.999000655	1	6181	8
1784439286.999000655	3	5622	100
1784439297.083466286	1	6181	48
1784439297.083466286	3	5622	98
1784439307.175319030	1	6181	6
1784439307.175319030	3	5622	100
1784439317.269935562	1	6181	6
1784439317.269935562	3	5622	100
1784439327.369902658	1	6181	8
1784439327.369902658	3	5622	100
1784439337.476440849	1	6181	9
1784439337.476440849	3	5622	100
1784439347.581885349	1	6181	11
1784439347.581885349	3	5622	100
1784439357.667027368	1	6181	45
1784439357.667027368	3	5622	21
1784439367.747208519	1	6181	11
1784439367.747208519	3	5622	100
1784439377.830105000	1	6181	8
1784439377.830105000	3	5622	100
1784439387.913160837	1	6181	8
1784439387.913160837	3	5622	0
1784439397.988667459	1	6181	6
1784439397.988667459	3	5622	0
1784439408.083168621	1	6181	5
1784439408.083168621	3	5622	0
1784439418.167963874	1	6181	8
1784439418.167963874	3	5622	0
1784439428.268529841	1	6181	100
1784439428.268529841	3	5622	0
1784439438.361553950	1	6181	5
1784439438.361553950	3	5622	0
1784439449.142681848	1	6181	9
1784439449.142681848	3	5622	0
1784439459.794585603	1	6181	40
1784439459.794585603	3	5622	0
1784439469.899035376	1	6181	12
1784439469.899035376	3	5622	18
1784439480.075582332	1	6181	3
1784439480.075582332	3	5622	0
1784439490.284428984	1	6181	4
1784439490.284428984	3	5622	0
1784439500.424821650	1	6181	5
1784439500.424821650	3	5622	0
1784439510.584929929	1	6181	100
1784439510.584929929	3	5622	0
1784439520.753772097	1	6181	5
1784439520.753772097	3	5622	0
1784439532.306890591	1	6181	5
1784439532.306890591	3	5622	100
1784439542.465741026	1	6181	4
1784439542.465741026	3	5622	0
1784439552.661695626	1	6181	100
1784439552.661695626	3	5622	0
1784439562.861939992	1	6181	45
1784439562.861939992	3	5622	76
1784439572.999338762	1	6181	4
1784439572.999338762	3	5622	0
1784439583.155659216	1	6181	7
1784439583.155659216	3	5622	100
1784439593.247332021	1	6181	100
1784439593.247332021	3	5622	0
1784439603.366794850	1	6181	5
1784439603.366794850	3	5622	100
1784439613.515002421	1	6181	100
1784439613.515002421	3	5622	0
1784439623.673940173	1	6181	5
1784439623.673940173	3	5622	0
1784439633.822968066	1	6181	100
1784439633.822968066	3	5622	0
1784439643.988265479	1	6181	3
1784439643.988265479	3	5622	100
1784439654.167060851	1	6181	6
1784439654.167060851	3	5622	100
1784439665.824814785	1	6181	39
1784439665.824814785	3	5622	100
1784439676.048771283	1	6181	57
1784439676.048771283	3	5622	92
1784439686.254357702	1	6181	4
1784439686.254357702	3	5622	100
1784439696.409991444	1	6181	3
1784439696.409991444	3	5622	100
1784439706.586538313	1	6181	4
1784439706.586538313	3	5622	100
1784439716.776177758	1	6181	39
1784439716.776177758	3	5622	100
1784439726.867992794	1	6181	7
1784439726.867992794	3	5622	100
1784439736.972861065	1	6181	4
1784439736.972861065	3	5622	100
1784439747.107396920	1	6181	5
1784439747.107396920	3	5622	100
1784439758.231857012	1	6181	4
1784439758.231857012	3	5622	100
1784439768.376864885	1	6181	4
1784439768.376864885	3	5622	100
1784439778.536899893	1	6181	5
1784439778.536899893	3	5622	100
1784439788.732905799	1	6181	5
1784439788.732905799	3	5622	100
1784439798.904967430	1	6181	4
1784439798.904967430	3	5622	100
1784439809.062407279	1	6181	100
1784439809.062407279	3	5622	0
1784439819.237966647	1	6181	5
1784439819.237966647	3	5622	100
1784439829.444959842	1	6181	5
1784439829.444959842	3	5622	100
1784439839.576767453	1	6181	5
1784439839.576767453	3	5622	100
1784439850.261785568	1	6181	85
1784439850.261785568	3	5622	63
1784439861.571746706	1	6181	10
1784439861.571746706	3	5622	100
1784439871.694031191	1	6181	5
1784439871.694031191	3	5622	100
1784439881.870455889	1	6181	0
1784439881.870455889	3	5622	100
1784439892.058886423	1	5620	53
1784439892.058886423	3	5622	35
1784439902.186785425	1	5620	0
1784439902.186785425	3	5622	100
1784439912.374698708	1	5620	0
1784439912.374698708	3	5622	100
1784439922.645849325	1	5620	0
1784439922.645849325	3	5622	100
1784439933.157842884	1	5620	45
1784439933.157842884	3	5622	99
1784439944.105760517	1	5620	0
1784439944.105760517	3	5622	47
1784439954.807915080	1	5620	0
1784439954.807915080	3	5622	100
1784439965.707767364	1	5620	0
1784439965.707767364	3	5622	100
1784439976.455585829	1	5620	0
1784439976.455585829	3	5622	100
1784439987.122577526	1	5620	0
1784439987.122577526	3	5622	100
1784439997.234005161	1	5620	0
1784439997.234005161	3	5622	100
1784440007.422862034	1	5620	0
1784440007.422862034	3	5622	100
1784440017.678799198	1	5620	0
1784440017.678799198	3	5622	100
1784440027.847936341	1	5620	0
1784440027.847936341	3	5622	100
1784440037.984282553	1	5620	0
1784440037.984282553	3	5622	100
1784440048.140739857	1	5620	0
1784440048.140739857	3	5622	100
1784440058.425084378	1	5620	43
1784440058.425084378	3	5622	51
1784440068.565679792	1	5620	0
1784440068.565679792	3	5622	100
1784440078.940486729	1	5620	0
1784440078.940486729	3	5622	0
1784440089.041548926	1	5620	0
1784440089.041548926	3	5622	0
1784440100.211906792	1	5620	0
1784440100.211906792	3	5622	0
1784440110.810942327	1	5620	0
1784440110.810942327	3	5622	0
1784440121.645987581	1	5620	0
1784440121.645987581	3	5622	100
1784440132.460577068	1	5620	0
1784440132.460577068	3	5622	100
1784440143.885975432	1	5620	0
1784440143.885975432	3	5622	0
1784440154.901908102	1	5620	100
1784440154.901908102	3	5622	0
1784440165.622141324	1	5620	0
1784440165.622141324	3	5622	100
1784440176.167321201	1	5620	0
1784440176.167321201	3	5622	100
1784440186.813879356	1	5620	0
1784440186.813879356	3	5622	0
1784440197.641945811	1	5620	0
1784440197.641945811	3	5622	0
1784440207.740182445	1	5620	100
1784440207.740182445	3	5622	0
1784440217.840811095	1	5620	19
1784440217.840811095	3	5622	11
1784440228.005924913	1	5620	0
1784440228.005924913	3	5622	0
1784440238.144913844	1	5620	0
1784440238.144913844	3	5622	0
1784440248.293829490	1	5620	100
1784440248.293829490	3	5622	6
1784440259.168714452	1	5620	0
1784440259.168714452	3	5622	100
1784440269.734864825	1	5620	0
1784440269.734864825	3	5622	0
1784440280.741824804	1	5620	0
1784440280.741824804	3	5622	0
1784440291.591171786	1	5620	0
1784440291.591171786	3	5622	0
1784440302.317590516	1	5620	0
1784440302.317590516	3	5622	100
1784440313.398115235	1	5620	53
1784440313.398115235	3	5622	38
1784440324.402651230	1	5620	0
1784440324.402651230	3	5622	0
1784440334.482716448	1	5620	0
1784440334.482716448	3	5622	0
1784440345.293439784	1	5620	0
1784440345.293439784	3	5622	100
1784440355.909885994	1	5620	13
1784440355.909885994	3	5622	65
1784440366.473166006	1	5620	0
1784440366.473166006	3	5622	0
1784440377.088794634	1	5620	0
1784440377.088794634	3	5622	0
1784440387.587067970	1	5620	100
1784440387.587067970	3	5622	0
1784440398.138910802	1	5620	0
1784440398.138910802	3	5622	100
1784440408.905956455	1	5620	0
1784440408.905956455	3	5622	0
1784440419.570042094	1	5620	0
1784440419.570042094	3	5622	0
1784440429.985938815	1	5620	100
1784440429.985938815	3	5622	0
1784440441.178425854	1	5620	0
1784440441.178425854	3	5622	100
1784440451.569231049	1	5620	0
1784440451.569231049	3	5622	0
1784440461.682847668	1	5620	0
1784440461.682847668	3	5622	0
1784440472.906898815	1	5620	0
1784440472.906898815	3	5622	100
1784440483.199020020	1	5620	0
1784440483.199020020	3	5622	100
1784440493.508890070	1	5620	0
1784440493.508890070	3	5622	0
1784440503.988048771	1	5620	100
1784440503.988048771	3	5622	0
1784440515.022887191	1	5620	0
1784440515.022887191	3	5622	100
1784440525.887039428	1	5620	0
1784440525.887039428	3	5622	100
1784440536.682202266	1	5620	100
1784440536.682202266	3	5622	0
1784440547.381016380	1	5620	0
1784440547.381016380	3	5622	100
1784440558.166437408	1	5620	0
1784440558.166437408	3	5622	100
1784440568.847661403	1	5620	0
1784440568.847661403	3	5622	100
1784440578.960740652	1	5620	0
1784440578.960740652	3	5622	100
1784440590.459450409	1	5620	0
1784440590.459450409	3	5622	100
1784440600.912911094	1	5620	0
1784440600.912911094	3	5622	100
1784440611.322778080	1	5620	4
1784440611.322778080	3	5622	53
1784440622.279847186	1	5620	0
1784440622.279847186	3	5622	100
1784440632.641510607	1	5620	0
1784440632.641510607	3	5622	100
1784440643.181253766	1	5620	0
1784440643.181253766	3	5622	100
1784440653.928738849	1	5620	0
1784440653.928738849	3	5622	100
1784440664.328825143	1	5620	100
1784440664.328825143	3	5622	0
1784440674.765626525	1	5620	0
1784440674.765626525	3	5622	100
1784440684.868339729	1	5620	0
1784440684.868339729	3	5622	100
1784440694.975906754	1	5620	0
1784440694.975906754	3	5622	100
1784440705.125129570	1	5620	0
1784440705.125129570	3	5622	100
1784440715.260612848	1	5620	0
1784440715.260612848	3	5622	100
1784440725.417628685	1	5620	0
1784440725.417628685	3	5622	100
1784440735.538462008	1	5620	0
1784440735.538462008	3	5622	100
1784440745.678617727	1	5620	0
1784440745.678617727	3	5622	100
1784440756.921628424	1	5620	0
1784440756.921628424	3	5622	59
1784440767.340170563	1	5620	0
1784440767.340170563	3	5622	0
1784440777.448907587	1	5620	0
1784440777.448907587	3	5622	0
1784440788.418840111	1	5620	0
1784440788.418840111	3	5622	0
1784440798.882347866	1	5620	11
1784440798.882347866	3	5622	5
1784440809.676886101	1	5620	0
1784440809.676886101	3	5622	0
1784440820.598140812	1	5620	0
1784440820.598140812	3	5622	0
1784440831.246303398	1	5620	100
1784440831.246303398	3	5622	0
1784440841.562990600	1	5620	100
1784440841.562990600	3	5622	0
1784440852.167903953	1	5620	55
1784440852.167903953	3	5622	41
1784440862.853837986	1	5620	100
1784440862.853837986	3	5622	0
1784440873.508902878	1	5620	0
1784440873.508902878	3	5622	0
1784440883.956588947	1	5620	93
1784440883.956588947	3	5622	59
1784440894.056579134	1	5620	0
1784440894.056579134	3	5622	100
1784440904.573712192	1	5620	0
1784440904.573712192	3	5622	0
1784440914.659584404	1	5620	52
1784440914.659584404	3	5622	57
1784440925.537977519	1	5620	0
1784440925.537977519	3	5622	100
1784440935.644313080	1	5620	0
1784440935.644313080	3	5622	0
1784440945.854891560	1	5620	0
1784440945.854891560	3	5622	100
1784440956.044939300	1	5620	41
1784440956.044939300	3	5622	13
1784440966.215948364	1	5620	0
1784440966.215948364	3	5622	100
1784440976.369932551	1	5620	0
1784440976.369932551	3	5622	0
1784440986.765838300	1	5620	0
1784440986.765838300	3	5622	100
1784440997.278837431	1	5620	46
1784440997.278837431	3	5622	70
1784441008.037504751	1	5620	0
1784441008.037504751	3	5622	100
1784441018.788870696	1	5620	100
1784441018.788870696	3	5622	5
1784441029.721815925	1	5620	5
1784441029.721815925	3	5622	100
1784441040.475585525	1	5620	0
1784441040.475585525	3	5622	100
1784441051.582346707	1	5620	0
1784441051.582346707	3	5622	100
1784441061.686360731	1	5620	0
1784441061.686360731	3	5622	100
1784441071.792872518	1	5620	0
1784441071.792872518	3	5622	33
1784441082.728973522	1	5620	0
1784441082.728973522	3	5622	100
1784441093.233730126	1	5620	12
1784441093.233730126	3	5622	100
1784441103.537917864	1	5620	100
1784441103.537917864	3	5622	0
1784441114.331760195	1	5620	0
1784441114.331760195	3	5622	100
1784441124.896260418	1	5620	100
1784441124.896260418	3	5622	0
1784441135.480832730	1	5620	0
1784441135.480832730	3	5622	100
1784441146.382947039	1	5620	0
1784441146.382947039	3	5622	100
1784441156.867913170	1	5620	100
1784441156.867913170	3	5622	0
1784441167.979904626	1	5620	100
1784441167.979904626	3	5622	0
1784441178.524784156	1	5620	0
1784441178.524784156	3	5622	100
1784441188.622851391	1	5620	83
1784441188.622851391	3	5622	75
1784441198.812603229	1	5620	100
1784441198.812603229	3	5622	0
1784441208.970877821	1	5620	100
1784441208.970877821	3	5622	0
1784441219.105781333	1	5620	28
1784441219.105781333	3	5622	24
1784441229.734558586	1	5620	100
1784441229.734558586	3	5622	0
1784441240.531029199	1	5620	100
1784441240.531029199	3	5622	0
1784441251.256317646	1	5620	100
1784441251.256317646	3	5622	0
1784441262.032246000	1	5620	0
1784441262.032246000	3	5622	23
1784441273.357739818	1	5620	100
1784441273.357739818	3	5622	0
1784441283.982460057	1	5620	62
1784441283.982460057	3	5622	0
1784441294.083019909	1	5620	0
1784441294.083019909	3	5622	100
1784441304.236794197	1	5620	0
1784441304.236794197	3	5622	0
1784441314.372819536	1	5620	100
1784441314.372819536	3	5622	0
1784441324.525914750	1	5620	0
1784441324.525914750	3	5622	100
1784441334.678525375	1	5620	52
1784441334.678525375	3	5622	38
1784441344.828644569	1	5620	100
1784441344.828644569	3	5622	0
1784441354.965729834	1	5620	72
1784441354.965729834	3	5622	53
1784441365.092666257	1	5620	100
1784441365.092666257	3	5622	0
1784441375.498444223	1	5620	0
1784441375.498444223	3	5622	0
1784441385.593323477	1	5620	0
1784441385.593323477	3	5622	0
1784441395.744948660	1	5620	0
1784441395.744948660	3	5622	0
1784441405.876942496	1	5620	5
1784441405.876942496	3	5622	100
1784441416.028779128	1	5620	100
1784441416.028779128	3	5622	0
1784441426.203774058	1	5620	0
1784441426.203774058	3	5622	0
1784441436.821918794	1	5620	0
1784441436.821918794	3	5622	0
1784441447.426512265	1	5620	100
1784441447.426512265	3	5622	0
1784441458.208887428	1	5620	0
1784441458.208887428	3	5622	0
1784441468.919835721	1	5620	0
1784441468.919835721	3	5622	0
1784441479.774859651	1	5620	100
1784441479.774859651	3	5622	0
1784441490.243929269	1	5620	0
1784441490.243929269	3	5622	100
1784441500.334183354	1	5620	0
1784441500.334183354	3	5622	0
1784441510.491828198	1	5620	0
1784441510.491828198	3	5622	100
1784441520.632800067	1	5620	100
1784441520.632800067	3	5622	0
1784441530.782831997	1	5620	43
1784441530.782831997	3	5622	100
1784441540.926872484	1	5620	0
1784441540.926872484	3	5622	0
1784441551.097517228	1	5620	0
1784441551.097517228	3	5622	100
1784441561.341654626	1	5620	0
1784441561.341654626	3	5622	78
1784441572.143358493	1	5620	53
1784441572.143358493	3	5622	100
1784441582.909035193	1	5620	0
1784441582.909035193	3	5622	0
1784441593.477853666	1	5620	0
1784441593.477853666	3	5622	0
1784441604.155011158	1	5620	0
1784441604.155011158	3	5622	100
1784441614.250854352	1	5620	0
1784441614.250854352	3	5622	0
1784441624.422568682	1	5620	0
1784441624.422568682	3	5622	0
1784441634.572757371	1	5620	100
1784441634.572757371	3	5622	5
1784441644.704077085	1	5620	0
1784441644.704077085	3	5622	100
1784441655.461387373	1	5620	21
1784441655.461387373	3	5622	29
1784441666.007268919	1	5620	0
1784441666.007268919	3	5622	100
1784441676.405851377	1	5620	0
1784441676.405851377	3	5622	100
1784441686.609982647	1	5620	50
1784441686.609982647	3	5622	14
1784441697.162924915	1	5620	0
1784441697.162924915	3	5622	0
1784441707.712887311	1	5620	40
1784441707.712887311	3	5622	100
1784441717.830936060	1	5620	0
1784441717.830936060	3	5622	100
1784441727.970284354	1	5620	6
1784441727.970284354	3	5622	100
1784441738.145961045	1	5620	100
1784441738.145961045	3	5622	0
1784441748.293102333	1	5620	0
1784441748.293102333	3	5622	100
1784441758.443504494	1	5620	0
1784441758.443504494	3	5622	100
1784441769.330547593	1	5620	0
1784441769.330547593	3	5622	100
1784441780.086854160	1	5620	0
1784441780.086854160	3	5622	100
1784441791.166926387	1	5620	0
1784441791.166926387	3	5622	100
1784441802.005482745	1	5620	0
1784441802.005482745	3	5622	100
1784441812.967802644	1	5620	0
1784441812.967802644	3	5622	100
1784441823.090803193	1	5620	0
1784441823.090803193	3	5622	100
1784441833.244838619	1	5620	0
1784441833.244838619	3	5622	100
1784441843.392929591	1	5620	0
1784441843.392929591	3	5622	100
1784441853.578959071	1	5620	0
1784441853.578959071	3	5622	100
1784441863.882310280	1	5620	0
1784441863.882310280	3	5622	100
1784441874.282358969	1	5620	0
1784441874.282358969	3	5622	100
1784441884.798802943	1	5620	0
1784441884.798802943	3	5622	87
1784441895.351595805	1	5620	0
1784441895.351595805	3	5622	100
1784441905.774909978	1	5620	100
1784441905.774909978	3	5622	0
1784441916.130890573	1	5620	0
1784441916.130890573	3	5622	100
1784441926.760333283	1	5620	0
1784441926.760333283	3	5622	100
1784441936.852903499	1	5620	55
1784441936.852903499	3	5622	58
1784441947.002740253	1	5620	0
1784441947.002740253	3	5622	100
1784441957.144363938	1	5620	0
1784441957.144363938	3	5622	100
1784441967.318645854	1	5620	0
1784441967.318645854	3	5622	100
1784441977.635829581	1	5620	100
1784441977.635829581	3	5622	0
1784441988.103703808	1	5620	0
1784441988.103703808	3	5622	100
1784441998.278674519	1	5620	88
1784441998.278674519	3	5622	71
1784442008.396241905	1	5620	0
1784442008.396241905	3	5622	100
1784442018.502857169	1	5620	0
1784442018.502857169	3	5622	0
1784442028.637957057	1	5620	0
1784442028.637957057	3	5622	0
1784442038.811106974	1	5620	0
1784442038.811106974	3	5622	0
1784442048.963833915	1	5620	0
1784442048.963833915	3	5622	0
1784442059.135559169	1	5620	0
1784442059.135559169	3	5622	0
1784442069.588945234	1	5620	0
1784442069.588945234	3	5622	100
1784442080.363294839	1	5620	0
1784442080.363294839	3	5622	0
1784442090.915867328	1	5620	0
1784442090.915867328	3	5622	0
1784442101.110863113	1	5620	100
1784442101.110863113	3	5622	0
1784442111.786861276	1	5620	0
1784442111.786861276	3	5622	0
1784442122.489275501	1	5620	0
1784442122.489275501	3	5622	0
1784442132.576968377	1	5620	0
1784442132.576968377	3	5622	0
1784442142.709873865	1	5620	0
1784442142.709873865	3	5622	0
1784442152.849897398	1	5620	100
1784442152.849897398	3	5622	0
1784442162.974429233	1	5620	12
1784442162.974429233	3	5622	100
1784442173.108816918	1	5620	0
1784442173.108816918	3	5622	100
1784442183.239914984	1	5620	0
1784442183.239914984	3	5622	100
1784442193.478909818	1	5620	100
1784442193.478909818	3	5622	0
1784442204.586798757	1	5620	100
1784442204.586798757	3	5622	0
1784442215.248268379	1	5620	0
1784442215.248268379	3	5622	100
1784442225.431084088	1	5620	0
1784442225.431084088	3	5622	100
1784442235.544836276	1	5620	100
1784442235.544836276	3	5622	0
1784442245.702876495	1	5620	0
1784442245.702876495	3	5622	0
1784442255.868889411	1	5620	0
1784442255.868889411	3	5622	0
1784442266.010801638	1	5620	0
1784442266.010801638	3	5622	100
1784442276.596281695	1	5620	100
1784442276.596281695	3	5622	0
1784442287.176575800	1	5620	36
1784442287.176575800	3	5622	16
1784442297.556519553	1	5620	0
1784442297.556519553	3	5622	0
1784442308.230861311	1	5620	27
1784442308.230861311	3	5622	0
1784442318.551625882	1	5620	100
1784442318.551625882	3	5622	0
1784442329.108851460	1	5620	0
1784442329.108851460	3	5622	100
1784442339.873153570	1	5620	0
1784442339.873153570	3	5622	0
1784442349.979027163	1	5620	100
1784442349.979027163	3	5622	0
1784442360.131959377	1	5620	100
1784442360.131959377	3	5622	0
1784442370.275454875	1	5620	39
1784442370.275454875	3	5622	80
1784442380.427416855	1	5620	0
1784442380.427416855	3	5622	0
1784442390.923965090	1	5620	100
1784442390.923965090	3	5622	0
1784442401.339327796	1	5620	100
1784442401.339327796	3	5622	0
1784442412.253838244	1	5620	0
1784442412.253838244	3	5622	100
1784442422.826853619	1	5620	100
1784442422.826853619	3	5622	0
1784442433.828014262	1	5620	100
1784442433.828014262	3	5622	0
1784442444.368966188	1	5620	100
1784442444.368966188	3	5622	0
1784442454.459793317	1	5620	100
1784442454.459793317	3	5622	0
1784442464.598309956	1	5620	100
1784442464.598309956	3	5622	0
1784442474.751814344	1	5620	100
1784442474.751814344	3	5622	6
1784442484.910832577	1	5620	100
1784442484.910832577	3	5622	0
1784442495.061741716	1	5620	100
1784442495.061741716	3	5622	0
1784442505.242043069	1	5620	100
1784442505.242043069	3	5622	0
1784442515.582757904	1	5620	100
1784442515.582757904	3	5622	0
1784442526.385823028	1	5620	58
1784442526.385823028	3	5622	62
1784442537.406429832	1	5620	100
1784442537.406429832	3	5622	0
1784442548.423798853	1	5620	100
1784442548.423798853	3	5622	0
1784442559.108859451	1	5620	100
1784442559.108859451	3	5622	6
1784442569.230696592	1	5620	100
1784442569.230696592	3	5622	0
1784442579.395756900	1	5620	100
1784442579.395756900	3	5622	0
1784442589.538743038	1	5620	100
1784442589.538743038	3	5622	0
1784442599.987121046	1	5620	61
1784442599.987121046	3	5622	37
1784442611.025858760	1	5620	100
1784442611.025858760	3	5622	0
1784442621.790876434	1	5620	100
1784442621.790876434	3	5622	0
1784442632.323811334	1	5620	12
1784442632.323811334	3	5622	46
1784442642.520710381	1	5620	100
1784442642.520710381	3	5622	0
1784442652.880698407	1	5620	100
1784442652.880698407	3	5622	0
1784442663.263661283	1	5620	100
1784442663.263661283	3	5622	0
1784442673.374477448	1	5620	100
1784442673.374477448	3	5622	0
1784442683.504931462	1	5620	0
1784442683.504931462	3	5622	0
1784442693.672338790	1	5620	0
1784442693.672338790	3	5622	0
1784442703.820249255	1	5620	0
1784442703.820249255	3	5622	0
1784442713.973101295	1	5620	0
1784442713.973101295	3	5622	0
1784442724.113863984	1	5620	0
1784442724.113863984	3	5622	100
1784442734.480082152	1	5620	0
1784442734.480082152	3	5622	0
1784442745.352885929	1	5620	0
1784442745.352885929	3	5622	0
1784442755.930936557	1	5620	100
1784442755.930936557	3	5622	0
1784442766.799760602	1	5620	100
1784442766.799760602	3	5622	0
1784442776.891968089	1	5620	0
1784442776.891968089	3	5622	0
1784442787.075989774	1	5620	0
1784442787.075989774	3	5622	0
1784442797.288847637	1	5620	100
1784442797.288847637	3	5622	0
1784442807.871286997	1	5620	87
1784442807.871286997	3	5622	59
1784442818.555213668	1	5620	0
1784442818.555213668	3	5622	0
1784442829.124994024	1	5620	0
1784442829.124994024	3	5622	0
1784442839.615771296	1	5620	100
1784442839.615771296	3	5622	0
1784442850.319530826	1	5620	68
1784442850.319530826	3	5622	22
1784442860.535419638	1	5620	0
1784442860.535419638	3	5622	0
1784442871.075476596	1	5620	0
1784442871.075476596	3	5622	6
1784442881.539204347	1	5620	100
1784442881.539204347	3	5622	0
1784442891.632863084	1	5620	0
1784442891.632863084	3	5622	100
1784442901.786938851	1	5620	0
1784442901.786938851	3	5622	0
1784442911.932896793	1	5620	0
1784442911.932896793	3	5622	0
1784442922.179756030	1	5620	100
1784442922.179756030	3	5622	0
1784442932.787886014	1	5620	20
1784442932.787886014	3	5622	100
1784442942.919985821	1	5620	0
1784442942.919985821	3	5622	0
1784442953.827852947	1	5620	100
1784442953.827852947	3	5622	0
1784442964.496948444	1	5620	100
1784442964.496948444	3	5622	0
1784442974.969501573	1	5620	33
1784442974.969501573	3	5622	0
1784442985.590077876	1	5620	0
1784442985.590077876	3	5622	0
1784442995.692694105	1	5620	100
1784442995.692694105	3	5622	0
1784443005.872049260	1	5620	100
1784443005.872049260	3	5622	0
1784443015.991922687	1	5620	42
1784443015.991922687	3	5622	39
1784443026.135857343	1	5620	0
1784443026.135857343	3	5622	0
1784443036.857790465	1	5620	100
1784443036.857790465	3	5622	0
1784443047.607378791	1	5620	100
1784443047.607378791	3	5622	0
1784443058.136386218	1	5620	0
1784443058.136386218	3	5622	0
1784443068.981383300	1	5620	100
1784443068.981383300	3	5622	0
1784443079.430815625	1	5620	100
1784443079.430815625	3	5622	0
1784443090.078898574	1	5620	100
1784443090.078898574	3	5622	0
1784443100.873457328	1	5620	45
1784443100.873457328	3	5622	12
1784443110.972522103	1	5620	100
1784443110.972522103	3	5622	0
1784443121.164788659	1	5620	100
1784443121.164788659	3	5622	0
1784443131.331389496	1	5620	100
1784443131.331389496	3	5622	0
1784443141.473828207	1	5620	100
1784443141.473828207	3	5622	0
1784443151.874206054	1	5620	100
1784443151.874206054	3	5622	0
1784443162.721919331	1	5620	100
1784443162.721919331	3	5622	0
1784443173.593831115	1	5620	100
1784443173.593831115	3	5622	0
1784443184.193894201	1	5620	100
1784443184.193894201	3	5622	0
1784443194.626790345	1	5620	100
1784443194.626790345	3	5622	0
1784443205.713687110	1	5620	100
1784443205.713687110	3	5622	0
1784443216.063423967	1	5620	0
1784443216.063423967	3	5622	100
1784443226.176222604	1	5620	100
1784443226.176222604	3	5622	0
1784443236.331756366	1	5620	100
1784443236.331756366	3	5622	0
1784443246.495853307	1	5620	100
1784443246.495853307	3	5622	0
1784443257.057770305	1	5620	100
1784443257.057770305	3	5622	0
1784443267.538889410	1	5620	100
1784443267.538889410	3	5622	0
1784443277.965819725	1	5620	100
1784443277.965819725	3	5622	0
1784443288.415791561	1	5620	0
1784443288.415791561	3	5622	100
1784443299.030473751	1	5620	100
1784443299.030473751	3	5622	0
1784443309.223931360	1	5620	41
1784443309.223931360	3	5622	62
1784443319.332605042	1	5620	100
1784443319.332605042	3	5622	0
1784443329.465832614	1	5620	0
1784443329.465832614	3	5622	0
1784443339.597889703	1	5620	0
1784443339.597889703	3	5622	0
1784443349.725871362	1	5620	0
1784443349.725871362	3	5622	0
1784443359.856352433	1	5620	100
1784443359.856352433	3	5622	0
1784443369.996034023	1	5620	100
1784443369.996034023	3	5622	0
1784443380.149884608	1	5620	0
1784443380.149884608	3	5622	0
1784443390.811890539	1	5620	0
1784443390.811890539	3	5622	0
1784443401.362040217	1	5620	73
1784443401.362040217	3	5622	81
1784443411.472889137	1	5620	0
1784443411.472889137	3	5622	59
1784443421.623962811	1	5620	0
1784443421.623962811	3	5622	0
1784443431.779606311	1	5620	0
1784443431.779606311	3	5622	0
1784443441.957898864	1	5620	0
1784443441.957898864	3	5622	100
1784443452.124703552	1	5620	100
1784443452.124703552	3	5622	0
1784443462.753218353	1	5620	0
1784443462.753218353	3	5622	0
1784443473.345982915	1	5620	0
1784443473.345982915	3	5622	100
1784443483.892297463	1	5620	100
1784443483.892297463	3	5622	0
1784443494.657951320	1	5620	0
1784443494.657951320	3	5622	100
1784443505.538420300	1	5620	0
1784443505.538420300	3	5622	100
1784443516.186137003	1	5620	0
1784443516.186137003	3	5622	100
1784443526.363862402	1	5620	0
1784443526.363862402	3	5622	100
1784443536.532831346	1	5620	71
1784443536.532831346	3	5622	0
1784443546.689852558	1	5620	0
1784443546.689852558	3	5622	100
1784443556.850914312	1	5620	0
1784443556.850914312	3	5622	100
1784443567.435110148	1	5620	0
1784443567.435110148	3	5622	100
1784443578.185234829	1	5620	100
1784443578.185234829	3	5622	0
1784443588.850869557	1	5620	0
1784443588.850869557	3	5622	100
1784443599.321003227	1	5620	0
1784443599.321003227	3	5622	100
1784443610.124904292	1	5620	16
1784443610.124904292	3	5622	44
1784443620.800496179	1	5620	0
1784443620.800496179	3	5622	100
1784443631.196006276	1	5620	0
1784443631.196006276	3	5622	100
1784443641.299964546	1	5620	0
1784443641.299964546	3	5622	100
1784443651.432847725	1	5620	69
1784443651.432847725	3	5622	69
1784443661.597079557	1	5620	0
1784443661.597079557	3	5622	100
1784443671.737890323	1	5620	0
1784443671.737890323	3	5622	100
1784443682.004841363	1	5620	0
1784443682.004841363	3	5622	100
1784443692.149864772	1	5620	65
1784443692.149864772	3	5622	60
1784443702.648786526	1	5620	0
1784443702.648786526	3	5622	100
1784443713.637797960	1	5620	100
1784443713.637797960	3	5622	0
1784443724.569343472	1	5620	0
1784443724.569343472	3	5622	100
1784443735.113556491	1	5620	0
1784443735.113556491	3	5622	100
1784443745.658781299	1	5620	0
1784443745.658781299	3	5622	0
1784443755.754500879	1	5620	0
1784443755.754500879	3	5622	0
1784443765.918792930	1	5620	44
1784443765.918792930	3	5622	38
1784443776.096001964	1	5620	39
1784443776.096001964	3	5622	22
1784443786.235267463	1	5620	100
1784443786.235267463	3	5622	0
1784443796.390789170	1	5620	100
1784443796.390789170	3	5622	0
1784443806.543851218	1	5620	0
1784443806.543851218	3	5622	100
1784443817.403888635	1	5620	100
1784443817.403888635	3	5622	0
1784443828.162802579	1	5620	100
1784443828.162802579	3	5622	0
1784443838.747869659	1	5620	100
1784443838.747869659	3	5622	0
1784443849.588221127	1	5620	0
1784443849.588221127	3	5622	100
1784443859.949772178	1	5620	100
1784443859.949772178	3	5622	0
1784443870.089176346	1	5620	100
1784443870.089176346	3	5622	0
1784443880.246598111	1	5620	54
1784443880.246598111	3	5622	48
1784443890.761783641	1	5620	5
1784443890.761783641	3	5622	100
1784443901.566159935	1	5620	100
1784443901.566159935	3	5622	0
1784443912.175813912	1	5620	100
1784443912.175813912	3	5622	0
1784443922.397542244	1	5620	0
1784443922.397542244	3	5622	100
1784443932.686688524	1	5620	100
1784443932.686688524	3	5622	0
1784443943.170665415	1	5620	100
1784443943.170665415	3	5622	0
1784443953.268045412	1	5620	0
1784443953.268045412	3	5622	0
1784443963.430868892	1	5620	0
1784443963.430868892	3	5622	0
1784443973.590484351	1	5620	0
1784443973.590484351	3	5622	0
1784443983.729431242	1	5620	0
1784443983.729431242	3	5622	0
1784443993.885887922	1	5620	0
1784443993.885887922	3	5622	100
1784444004.025873031	1	5620	22
1784444004.025873031	3	5622	16
1784444014.169840188	1	5620	0
1784444014.169840188	3	5622	0
1784444024.424656723	1	5620	0
1784444024.424656723	3	5622	0
1784444034.828873518	1	5620	100
1784444034.828873518	3	5622	0
1784444045.220599378	1	5620	32
1784444045.220599378	3	5622	36
1784444055.620403620	1	5620	0
1784444055.620403620	3	5622	0
1784444065.718914111	1	5620	0
1784444065.718914111	3	5622	0
1784444075.852842240	1	5620	100
1784444075.852842240	3	5622	0
1784444086.069966186	1	5620	100
1784444086.069966186	3	5622	0
1784444096.847455145	1	5620	0
1784444096.847455145	3	5622	0
1784444107.891888912	1	5620	100
1784444107.891888912	3	5622	0
1784444118.785413367	1	5620	100
1784444118.785413367	3	5622	0
1784444128.952020040	1	5620	100
1784444128.952020040	3	5622	0
1784444139.644821533	1	5620	0
1784444139.644821533	3	5622	0
1784444150.689629336	1	5620	100
1784444150.689629336	3	5622	0
1784444161.329550785	1	5620	100
1784444161.329550785	3	5622	0
1784444171.878914979	1	5620	21
1784444171.878914979	3	5622	97
1784444182.028022885	1	5620	83
1784444182.028022885	3	5622	57
1784444192.273520121	1	5620	100
1784444192.273520121	3	5622	0
1784444202.943856540	1	5620	100
1784444202.943856540	3	5622	0
1784444213.138322837	1	5620	0
1784444213.138322837	3	5622	100
1784444223.625532831	1	5620	100
1784444223.625532831	3	5622	0
1784444234.632100428	1	5620	100
1784444234.632100428	3	5622	0
1784444245.485358380	1	5620	100
1784444245.485358380	3	5622	0
1784444256.201828948	1	5620	25
1784444256.201828948	3	5622	85
1784444266.999341191	1	5620	100
1784444266.999341191	3	5622	0
1784444277.995514047	1	5620	100
1784444277.995514047	3	5622	0
1784444288.108716107	1	5620	100
1784444288.108716107	3	5622	0
1784444298.240835502	1	5620	100
1784444298.240835502	3	5622	54
1784444308.393848253	1	5620	100
1784444308.393848253	3	5622	0
1784444318.562223606	1	5620	100
1784444318.562223606	3	5622	0
1784444328.740312517	1	5620	100
1784444328.740312517	3	5622	0
1784444338.914057934	1	5620	100
1784444338.914057934	3	5622	0
1784444349.777821234	1	5620	100
1784444349.777821234	3	5622	0
1784444359.922414682	1	5620	100
1784444359.922414682	3	5622	0
1784444370.792353109	1	5620	100
1784444370.792353109	3	5622	0
1784444381.544464368	1	5620	100
1784444381.544464368	3	5622	0
1784444391.666173552	1	5620	100
1784444391.666173552	3	5622	0
1784444401.839109738	1	5620	100
1784444401.839109738	3	5622	0
1784444411.984862811	1	5620	44
1784444411.984862811	3	5622	28
1784444422.132559774	1	5620	100
1784444422.132559774	3	5622	0
1784444432.289750092	1	5620	100
1784444432.289750092	3	5622	0
1784444442.440476780	1	5620	100
1784444442.440476780	3	5622	0
1784444453.272905027	1	5620	19
1784444453.272905027	3	5622	17
1784444463.430354952	1	5620	100
1784444463.430354952	3	5622	0
1784444473.605205817	1	5620	100
1784444473.605205817	3	5622	0
1784444483.770320052	1	5620	100
1784444483.770320052	3	5622	0
1784444493.954967586	1	5620	100
1784444493.954967586	3	5622	0
1784444504.106583183	1	5620	100
1784444504.106583183	3	5622	0
1784444514.258799055	1	5620	100
1784444514.258799055	3	5622	0
1784444524.418087572	1	5620	100
1784444524.418087572	3	5622	0
1784444534.573247522	1	5620	47
1784444534.573247522	3	5622	39
1784444545.038721279	1	5620	100
1784444545.038721279	3	5622	0
1784444555.677071859	1	5620	100
1784444555.677071859	3	5622	0
1784444566.031719700	1	5620	100
1784444566.031719700	3	5622	0
1784444576.773659442	1	5620	100
1784444576.773659442	3	5622	0
1784444586.877709363	1	5620	100
1784444586.877709363	3	5622	0
1784444596.983601484	1	5620	100
1784444596.983601484	3	5622	6
1784444607.128846386	1	5620	0
1784444607.128846386	3	5622	0
1784444617.278011786	1	5620	0
1784444617.278011786	3	5622	0
1784444627.409905382	1	5620	0
1784444627.409905382	3	5622	0
1784444637.562489390	1	5620	0
1784444637.562489390	3	5622	100
1784444647.733778835	1	5620	100
1784444647.733778835	3	5622	0
1784444658.562853758	1	5620	0
1784444658.562853758	3	5622	0
1784444669.229948032	1	5620	0
1784444669.229948032	3	5622	0
1784444679.864877141	1	5620	0
1784444679.864877141	3	5622	100
1784444690.006484828	1	5620	73
1784444690.006484828	3	5622	74
1784444700.100879279	1	5620	0
1784444700.100879279	3	5622	0
1784444710.231972267	1	5620	0
1784444710.231972267	3	5622	0
1784444720.393820804	1	5620	100
1784444720.393820804	3	5622	0
1784444730.525174429	1	5620	100
1784444730.525174429	3	5622	0
1784444740.844518815	1	5620	0
1784444740.844518815	3	5622	100
1784444751.204635199	1	5620	19
1784444751.204635199	3	5622	5
1784444761.758415109	1	5620	0
1784444761.758415109	3	5622	100
1784444772.404268369	1	5620	0
1784444772.404268369	3	5622	100
1784444782.927901356	1	5620	0
1784444782.927901356	3	5622	100
1784444793.769686102	1	5620	6
1784444793.769686102	3	5622	100
1784444804.689960786	1	5620	0
1784444804.689960786	3	5622	100
1784444814.786510169	1	5620	0
1784444814.786510169	3	5622	100
1784444824.922904009	1	5620	0
1784444824.922904009	3	5622	100
1784444835.083944746	1	5620	6
1784444835.083944746	3	5622	100
1784444845.266869611	1	5620	0
1784444845.266869611	3	5622	100
1784444855.408340016	1	5620	0
1784444855.408340016	3	5622	100
1784444865.517582165	1	5620	0
1784444865.517582165	3	5622	100
1784444875.754664517	1	5620	0
1784444875.754664517	3	5622	100
1784444886.609158232	1	5620	0
1784444886.609158232	3	5622	100
1784444896.719872309	1	5620	0
1784444896.719872309	3	5622	100
1784444907.029308363	1	5620	0
1784444907.029308363	3	5622	100
1784444917.126321653	1	5620	0
1784444917.126321653	3	5622	100
1784444927.415291690	1	5620	0
1784444927.415291690	3	5622	100
1784444937.518955664	1	5620	0
1784444937.518955664	3	5622	100
1784444948.454752683	1	5620	0
1784444948.454752683	3	5622	100
1784444958.545249116	1	5620	0
1784444958.545249116	3	5622	100
1784444968.878666348	1	5620	0
1784444968.878666348	3	5622	100
1784444979.022381686	1	5620	0
1784444979.022381686	3	5622	100
1784444989.336627284	1	5620	7
1784444989.336627284	3	5622	26
1784444999.456341155	1	5620	0
1784444999.456341155	3	5622	100
1784445010.092068032	1	5620	0
1784445010.092068032	3	5622	100
1784445020.217007578	1	5620	0
1784445020.217007578	3	5622	100
1784445031.205821045	1	5620	0
1784445031.205821045	3	5622	100
1784445041.402246171	1	5620	0
1784445041.402246171	3	5622	100
1784445052.983331766	1	5620	0
1784445052.983331766	3	5622	100
1784445063.145291894	1	5620	0
1784445063.145291894	3	5622	100
1784445075.160950972	1	5620	0
1784445075.160950972	3	5622	100
1784445085.345873411	1	5620	0
1784445085.345873411	3	5622	100
1784445096.443450542	1	5620	0
1784445096.443450542	3	5622	0
1784445106.599174294	1	5620	0
1784445106.599174294	3	5622	100
1784445116.723753922	1	5620	100
1784445116.723753922	3	5622	0
1784445128.177160979	1	5620	0
1784445128.177160979	3	5622	100
1784445138.344764875	1	5620	0
1784445138.344764875	3	5622	100
1784445148.525713003	1	5620	0
1784445148.525713003	3	5622	100
1784445158.723433789	1	5620	29
1784445158.723433789	3	5622	22
1784445169.625736341	1	5620	0
1784445169.625736341	3	5622	100
1784445179.804696305	1	5620	0
1784445179.804696305	3	5622	100
1784445189.931249418	1	5620	0
1784445189.931249418	3	5622	100
1784445200.036356528	1	5620	0
1784445200.036356528	3	5622	100
1784445210.730877016	1	5620	0
1784445210.730877016	3	5622	100
1784445220.886816721	1	5620	4
1784445220.886816721	3	5622	6
1784445231.930861402	1	5620	0
1784445231.930861402	3	5622	100
1784445242.559792024	1	5620	72
1784445242.559792024	3	5622	75
1784445252.702893264	1	5620	0
1784445252.702893264	3	5622	100
1784445262.851454432	1	5620	100
1784445262.851454432	3	5622	0
1784445273.857725710	1	5620	0
1784445273.857725710	3	5622	100
1784445285.361602936	1	5620	0
1784445285.361602936	3	5622	100
1784445296.591873540	1	5620	0
1784445296.591873540	3	5622	0
1784445308.081756525	1	5620	0
1784445308.081756525	3	5622	0
1784445318.246778723	1	5620	0
1784445318.246778723	3	5622	0
1784445328.976440612	1	5620	0
1784445328.976440612	3	5622	0
1784445339.152277163	1	5620	100
1784445339.152277163	3	5622	0
1784445350.100199086	1	5620	100
1784445350.100199086	3	5622	0
1784445360.240979200	1	5620	100
1784445360.240979200	3	5622	0
1784445370.420695264	1	5620	70
1784445370.420695264	3	5622	38
1784445380.543400096	1	5620	100
1784445380.543400096	3	5622	0
1784445390.692261767	1	5620	100
1784445390.692261767	3	5622	0
1784445401.555913085	1	5620	100
1784445401.555913085	3	5622	0
1784445411.767920806	1	5620	54
1784445411.767920806	3	5622	0
1784445423.748331407	1	5620	100
1784445423.748331407	3	5622	0
1784445433.933834867	1	5620	100
1784445433.933834867	3	5622	0
1784445445.802740999	1	5620	100
1784445445.802740999	3	5622	0
1784445455.999800847	1	5620	100
1784445455.999800847	3	5622	0
1784445466.727651904	1	5620	100
1784445466.727651904	3	5622	0
1784445478.080817951	1	5620	32
1784445478.080817951	3	5622	0
1784445488.274765836	1	5620	100
1784445488.274765836	3	5622	0
1784445498.454068705	1	5620	5
1784445498.454068705	3	5622	0
1784445508.629514323	1	5620	100
1784445508.629514323	3	5622	0
1784445519.281267679	1	5620	100
1784445519.281267679	3	5622	0
1784445529.419636151	1	5620	100
1784445529.419636151	3	5622	0
1784445539.926113838	1	5620	0
1784445539.926113838	3	5622	100
1784445550.462916267	1	5620	100
1784445550.462916267	3	5622	0
1784445560.574770415	1	5620	100
1784445560.574770415	3	5622	0
1784445570.767302309	1	5620	100
1784445570.767302309	3	5622	0
1784445582.683964989	1	5620	100
1784445582.683964989	3	5622	0
1784445592.903775956	1	5620	0
1784445592.903775956	3	5622	100
1784445603.133733067	1	5620	100
1784445603.133733067	3	5622	0
1784445613.320999278	1	5620	100
1784445613.320999278	3	5622	0
1784445623.919467907	1	5620	100
1784445623.919467907	3	5622	0
1784445635.759932272	1	5620	100
1784445635.759932272	3	5622	0
1784445646.912565258	1	5620	0
1784445646.912565258	3	5622	0
1784445657.061573399	1	5620	100
1784445657.061573399	3	5622	0
1784445667.220483522	1	5620	100
1784445667.220483522	3	5622	0
1784445677.422339271	1	5620	100
1784445677.422339271	3	5622	6
1784445688.579758006	1	5620	100
1784445688.579758006	3	5622	0
1784445698.728749066	1	5620	56
1784445698.728749066	3	5622	53
1784445710.266727975	1	5620	100
1784445710.266727975	3	5622	0
1784445720.463987194	1	5620	100
1784445720.463987194	3	5622	1
1784445730.627001711	1	5620	100
1784445730.627001711	3	5622	0
1784445742.302814683	1	5620	100
1784445742.302814683	3	5622	1
1784445752.497771361	1	5620	100
1784445752.497771361	3	5622	0
1784445764.634838072	1	5620	100
1784445764.634838072	3	5622	0
1784445774.775325152	1	5620	100
1784445774.775325152	3	5622	0
1784445785.612087155	1	5620	100
1784445785.612087155	3	5622	0
1784445795.804826842	1	5620	100
1784445795.804826842	3	5622	0
1784445807.275879996	1	5620	100
1784445807.275879996	3	5622	0
1784445817.428075615	1	5620	100
1784445817.428075615	3	5622	0
1784445827.603731136	1	5620	100
1784445827.603731136	3	5622	0
1784445839.379397613	1	5620	100
1784445839.379397613	3	5622	0
1784445849.593974314	1	5620	100
1784445849.593974314	3	5622	0
1784445862.645447160	1	5620	1
1784445862.645447160	3	5622	100
1784445881.418169954	1	5620	100
1784445881.418169954	3	5622	0
1784445893.423642755	1	5620	100
1784445893.423642755	3	5622	0
1784445903.610916877	1	5620	100
1784445903.610916877	3	5622	0
1784445913.700376178	1	5620	100
1784445913.700376178	3	5622	0
1784445923.876349589	1	5620	100
1784445923.876349589	3	5622	32
1784445934.053317923	1	5620	100
1784445934.053317923	3	5622	0
1784445944.237845589	1	5620	100
1784445944.237845589	3	5622	0
1784445955.621440068	1	5620	15
1784445955.621440068	3	5622	46
1784445965.814930239	1	5620	100
1784445965.814930239	3	5622	0
1784445976.137891641	1	5620	100
1784445976.137891641	3	5622	0
1784445986.348710576	1	5620	100
1784445986.348710576	3	5622	0
1784445996.512517844	1	5620	100
1784445996.512517844	3	5622	0
1784446006.945035718	1	5620	100
1784446006.945035718	3	5622	0
1784446018.744935888	1	5620	84
1784446018.744935888	3	5622	7
1784446028.890241030	1	5620	8
1784446028.890241030	3	5622	10
1784446039.792735345	1	5620	100
1784446039.792735345	3	5622	0
1784446051.146815044	1	5620	100
1784446051.146815044	3	5622	0
1784446062.723933650	1	5620	100
1784446062.723933650	3	5622	0
1784446074.604573829	1	5620	100
1784446074.604573829	3	5622	0
1784446084.708775941	1	5620	100
1784446084.708775941	3	5622	0
1784446094.918727086	1	5620	100
1784446094.918727086	3	5622	0
1784446105.105259613	1	5620	100
1784446105.105259613	3	5622	0
1784446115.546742662	1	5620	100
1784446115.546742662	3	5622	0
1784446125.720136068	1	5620	80
1784446125.720136068	3	5622	73
1784446135.891097639	1	5620	100
1784446135.891097639	3	5622	0
1784446147.121180725	1	5620	100
1784446147.121180725	3	5622	0
1784446157.236471152	1	5620	100
1784446157.236471152	3	5622	0
1784446167.369452889	1	5620	100
1784446167.369452889	3	5622	0
1784446177.580624677	1	5620	100
1784446177.580624677	3	5622	0
1784446188.167417892	1	5620	100
1784446188.167417892	3	5622	0
1784446199.403821217	1	5620	0
1784446199.403821217	3	5622	0
1784446211.278852004	1	5620	0
1784446211.278852004	3	5622	0
1784446221.447909817	1	5620	0
1784446221.447909817	3	5622	0
1784446231.600363248	1	5620	0
1784446231.600363248	3	5622	0
1784446241.754825277	1	5620	100
1784446241.754825277	3	5622	0
1784446251.902271527	1	5620	0
1784446251.902271527	3	5622	0
1784446262.653476298	1	5620	100
1784446262.653476298	3	5622	0
1784446274.624118463	1	5620	0
1784446274.624118463	3	5622	0
1784446285.999241570	1	5620	0
1784446285.999241570	3	5622	0
1784446298.147412347	1	5620	100
1784446298.147412347	3	5622	0
1784446310.025857705	1	5620	100
1784446310.025857705	3	5622	0
1784446320.221863264	1	5620	88
1784446320.221863264	3	5622	65
1784446330.390613810	1	5620	0
1784446330.390613810	3	5622	0
1784446341.374989364	1	5620	100
1784446341.374989364	3	5622	0
1784446352.878882255	1	5620	100
1784446352.878882255	3	5622	0
1784446363.069264656	1	5620	100
1784446363.069264656	3	5622	0
1784446373.208831662	1	5620	37
1784446373.208831662	3	5622	17
1784446383.373431873	1	5620	0
1784446383.373431873	3	5622	0
1784446393.564348684	1	5620	0
1784446393.564348684	3	5622	0
1784446403.943231696	1	5620	100
1784446403.943231696	3	5622	0
1784446414.124916958	1	5620	100
1784446414.124916958	3	5622	0
1784446424.241794530	1	5620	0
1784446424.241794530	3	5622	100
1784446435.394868136	1	5620	100
1784446435.394868136	3	5622	0
1784446445.589902867	1	5620	0
1784446445.589902867	3	5622	0
1784446455.723981874	1	5620	100
1784446455.723981874	3	5622	0
1784446467.449553532	1	5620	100
1784446467.449553532	3	5622	0
1784446477.628318530	1	5620	100
1784446477.628318530	3	5622	0
1784446488.187309439	1	5620	100
1784446488.187309439	3	5622	0
1784446498.403827845	1	5620	100
1784446498.403827845	3	5622	0
1784446508.561749897	1	5620	100
1784446508.561749897	3	5622	0
1784446519.152551139	1	5620	100
1784446519.152551139	3	5622	0
1784446530.372622013	1	5620	100
1784446530.372622013	3	5622	0
1784446541.383793170	1	5620	100
1784446541.383793170	3	5622	0
1784446551.567291766	1	5620	100
1784446551.567291766	3	5622	0
1784446563.197694517	1	5620	91
1784446563.197694517	3	5622	61
1784446573.428412488	1	5620	100
1784446573.428412488	3	5622	5
1784446584.041749932	1	5620	100
1784446584.041749932	3	5622	17
1784446595.333938187	1	5620	100
1784446595.333938187	3	5622	0
1784446605.533426211	1	5620	100
1784446605.533426211	3	5622	0
1784446616.655476835	1	5620	100
1784446616.655476835	3	5622	6
1784446626.834300742	1	5620	100
1784446626.834300742	3	5622	0
1784446637.840821172	1	5620	0
1784446637.840821172	3	5622	100
1784446648.026151641	1	5620	100
1784446648.026151641	3	5622	0
1784446659.680362264	1	5620	100
1784446659.680362264	3	5622	0
1784446669.869879641	1	5620	100
1784446669.869879641	3	5622	0
1784446680.493922225	1	5620	100
1784446680.493922225	3	5622	0
1784446691.610390533	1	5620	100
1784446691.610390533	3	5622	0
1784446701.738857012	1	5620	0
1784446701.738857012	3	5622	100
1784446712.086621157	1	5620	100
1784446712.086621157	3	5622	0
1784446722.258508053	1	5620	100
1784446722.258508053	3	5622	0
1784446732.931105351	1	5620	100
1784446732.931105351	3	5622	0
1784446744.955857322	1	5620	100
1784446744.955857322	3	5622	0
1784446755.114447984	1	5620	0
1784446755.114447984	3	5622	0
1784446765.781712651	1	5620	100
1784446765.781712651	3	5622	0
1784446776.172979859	1	5620	100
1784446776.172979859	3	5622	0
1784446786.351665003	1	5620	100
1784446786.351665003	3	5622	6
1784446798.116787148	1	5620	100
1784446798.116787148	3	5622	0
1784446808.340894824	1	5620	100
1784446808.340894824	3	5622	0
1784446819.690896293	1	5620	0
1784446819.690896293	3	5622	100
1784446829.857243856	1	5620	100
1784446829.857243856	3	5622	0
1784446840.781802488	1	5620	100
1784446840.781802488	3	5622	6
1784446850.974081226	1	5620	100
1784446850.974081226	3	5622	0
1784446862.719732426	1	5620	100
1784446862.719732426	3	5622	0
1784446874.142481325	1	5620	0
1784446874.142481325	3	5622	74
1784446884.304833084	1	5620	100
1784446884.304833084	3	5622	25
1784446894.453519676	1	5620	100
1784446894.453519676	3	5622	40
1784446904.653836216	1	5620	100
1784446904.653836216	3	5622	0
1784446915.761174882	1	5620	100
1784446915.761174882	3	5622	0
1784446925.904299940	1	5620	0
1784446925.904299940	3	5622	100
1784446936.435960688	1	5620	73
1784446936.435960688	3	5622	0
1784446947.124259129	1	5620	0
1784446947.124259129	3	5622	0
1784446957.228719853	1	5620	100
1784446957.228719853	3	5622	0
1784446968.029863914	1	5620	100
1784446968.029863914	3	5622	0
1784446978.245005233	1	5620	100
1784446978.245005233	3	5622	0
1784446988.434521058	1	5620	0
1784446988.434521058	3	5622	100
1784447000.212860946	1	5620	100
1784447000.212860946	3	5622	0
1784447011.653919667	1	5620	100
1784447011.653919667	3	5622	0
1784447023.395942373	1	5620	100
1784447023.395942373	3	5622	0
1784447035.006176461	1	5620	43
1784447035.006176461	3	5622	73
1784447045.934433186	1	5620	100
1784447045.934433186	3	5622	0
1784447057.065820702	1	5620	100
1784447057.065820702	3	5622	0
1784447068.267729072	1	5620	31
1784447068.267729072	3	5622	46
1784447079.933001742	1	5620	0
1784447079.933001742	3	5622	100
1784447090.780592676	1	5620	100
1784447090.780592676	3	5622	0
1784447102.255951510	1	5620	100
1784447102.255951510	3	5622	5
1784447113.051909151	1	5620	0
1784447113.051909151	3	5622	0
1784447123.242115331	1	5620	0
1784447123.242115331	3	5622	0
1784447133.459097419	1	5620	0
1784447133.459097419	3	5622	0
1784447143.664311472	1	5620	0
1784447143.664311472	3	5622	0
1784447154.483192975	1	5620	0
1784447154.483192975	3	5622	0
1784447164.633762062	1	5620	0
1784447164.633762062	3	5622	0
1784447176.321758978	1	5620	0
1784447176.321758978	3	5622	100
1784447186.477783810	1	5620	0
1784447186.477783810	3	5622	0
1784447197.065052161	1	5620	0
1784447197.065052161	3	5622	0
1784447208.665057609	1	5620	0
1784447208.665057609	3	5622	0
1784447218.823833613	1	5620	100
1784447218.823833613	3	5622	0
1784447228.992468721	1	5620	100
1784447228.992468721	3	5622	0
1784447239.165891932	1	5620	17
1784447239.165891932	3	5622	4
1784447249.632238022	1	5620	0
1784447249.632238022	3	5622	0
1784447260.827279831	1	5620	0
1784447260.827279831	3	5622	100
1784447270.971643410	1	5620	0
1784447270.971643410	3	5622	0
1784447281.142348719	1	5620	0
1784447281.142348719	3	5622	0
1784447291.620626715	1	5620	0
1784447291.620626715	3	5622	100
1784447302.511516106	1	5620	0
1784447302.511516106	3	5622	100
1784447313.962677380	1	5620	13
1784447313.962677380	3	5622	27
1784447324.161040682	1	5620	0
1784447324.161040682	3	5622	0
1784447334.782705785	1	5620	100
1784447334.782705785	3	5622	5
1784447344.980771250	1	5620	100
1784447344.980771250	3	5622	0
1784447356.256166589	1	5620	0
1784447356.256166589	3	5622	100
1784447366.403782823	1	5620	0
1784447366.403782823	3	5622	100
1784447377.696856774	1	5620	0
1784447377.696856774	3	5622	100
1784447388.895880858	1	5620	100
1784447388.895880858	3	5622	48
1784447400.919071786	1	5620	0
1784447400.919071786	3	5622	100
1784447411.086259381	1	5620	0
1784447411.086259381	3	5622	100
1784447421.601333499	1	5620	0
1784447421.601333499	3	5622	100
1784447433.056789452	1	5620	0
1784447433.056789452	3	5622	100
1784447443.246475138	1	5620	0
1784447443.246475138	3	5622	100
1784447453.939786871	1	5620	0
1784447453.939786871	3	5622	100
1784447465.295742756	1	5620	0
1784447465.295742756	3	5622	100
1784447475.456794161	1	5620	33
1784447475.456794161	3	5622	20
1784447485.620181616	1	5620	100
1784447485.620181616	3	5622	0
1784447496.997442086	1	5620	0
1784447496.997442086	3	5622	100
1784447507.191864795	1	5620	0
1784447507.191864795	3	5622	100
1784447517.842371404	1	5620	0
1784447517.842371404	3	5622	100
1784447528.060915556	1	5620	0
1784447528.060915556	3	5622	100
1784447538.729566961	1	5620	0
1784447538.729566961	3	5622	100
1784447548.950786543	1	5620	78
1784447548.950786543	3	5622	31
1784447559.877839241	1	5620	100
1784447559.877839241	3	5622	0
1784447571.733697856	1	5620	100
1784447571.733697856	3	5622	0
1784447581.851125193	1	5620	100
1784447581.851125193	3	5622	0
1784447592.017798625	1	5620	100
1784447592.017798625	3	5622	0
1784447602.203781903	1	5620	0
1784447602.203781903	3	5622	100
1784447613.198910401	1	5620	0
1784447613.198910401	3	5622	100
1784447623.445031820	1	5620	0
1784447623.445031820	3	5622	100
1784447634.548193919	1	5620	100
1784447634.548193919	3	5622	0
1784447646.434982233	1	5620	100
1784447646.434982233	3	5622	0
1784447657.812619320	1	5620	100
1784447657.812619320	3	5622	0
1784447667.985591243	1	5620	0
1784447667.985591243	3	5622	100
1784447678.147127529	1	5620	0
1784447678.147127529	3	5622	100
1784447689.480938140	1	5620	0
1784447689.480938140	3	5622	100
1784447699.659239658	1	5620	53
1784447699.659239658	3	5622	53
1784447711.712589497	1	5620	100
1784447711.712589497	3	5622	0
1784447721.889461458	1	5620	100
1784447721.889461458	3	5622	0
1784447733.611931675	1	5620	100
1784447733.611931675	3	5622	0
1784447743.819219216	1	5620	0
1784447743.819219216	3	5622	100
1784447755.521023614	1	5620	0
1784447755.521023614	3	5622	100
1784447766.709035704	1	5620	0
1784447766.709035704	3	5622	100
1784447777.782763922	1	5620	0
1784447777.782763922	3	5622	100
1784447787.972435311	1	5620	100
1784447787.972435311	3	5622	0
1784447798.203391483	1	5620	100
1784447798.203391483	3	5622	0
1784447808.394403522	1	5620	100
1784447808.394403522	3	5622	0
1784447819.916139815	1	5620	100
1784447819.916139815	3	5622	0
1784447830.114919680	1	5620	0
1784447830.114919680	3	5622	100
1784447840.439690800	1	5620	100
1784447840.439690800	3	5622	0
1784447850.924173566	1	5620	100
1784447850.924173566	3	5622	0
1784447861.038940781	1	5620	100
1784447861.038940781	3	5622	0
1784447871.228879954	1	5620	100
1784447871.228879954	3	5622	0
1784447882.312292579	1	5620	100
1784447882.312292579	3	5622	0
1784447892.472634623	1	5620	0
1784447892.472634623	3	5622	100
1784447902.884107489	1	5620	0
1784447902.884107489	3	5622	100
1784447913.050550904	1	5620	100
1784447913.050550904	3	5622	0
1784447923.189559886	1	5620	100
1784447923.189559886	3	5622	0
1784447934.693844266	1	5620	17
1784447934.693844266	3	5622	5
1784447944.875643703	1	5620	0
1784447944.875643703	3	5622	100
1784447955.053020269	1	5620	0
1784447955.053020269	3	5622	0
1784447965.220107216	1	5620	100
1784447965.220107216	3	5622	0
1784447976.548869685	1	5620	100
1784447976.548869685	3	5622	0
1784447987.997991936	1	5620	0
1784447987.997991936	3	5622	100
1784447999.680415884	1	5620	0
1784447999.680415884	3	5622	100
1784448011.535228322	1	5620	0
1784448011.535228322	3	5622	100
1784448023.074964001	1	5620	100
1784448023.074964001	3	5622	0
1784448033.390874091	1	5620	100
1784448033.390874091	3	5622	0
1784448043.533739989	1	5620	0
1784448043.533739989	3	5622	100
1784448054.504787682	1	5620	62
1784448054.504787682	3	5622	6
1784448065.634769870	1	5620	0
1784448065.634769870	3	5622	100
1784448076.766054673	1	5620	0
1784448076.766054673	3	5622	0
1784448087.603724539	1	5620	0
1784448087.603724539	3	5622	100
1784448098.789735869	1	5620	0
1784448098.789735869	3	5622	100
1784448109.943203573	1	5620	0
1784448109.943203573	3	5622	0
1784448121.300465436	1	5620	0
1784448121.300465436	3	5622	0
1784448132.802400060	1	5620	0
1784448132.802400060	3	5622	0
1784448144.353973184	1	5620	0
1784448144.353973184	3	5622	0
1784448154.519837420	1	5620	100
1784448154.519837420	3	5622	0
1784448165.175134003	1	5620	59
1784448165.175134003	3	5622	61
1784448175.343587131	1	5620	100
1784448175.343587131	3	5622	0
1784448185.526701357	1	5620	0
1784448185.526701357	3	5622	0
1784448195.696954604	1	5620	0
1784448195.696954604	3	5622	0
1784448205.830884878	1	5620	0
1784448205.830884878	3	5622	0
1784448215.989941433	1	5620	100
1784448215.989941433	3	5622	0
1784448226.163892774	1	5620	0
1784448226.163892774	3	5622	28
1784448237.142473644	1	5620	100
1784448237.142473644	3	5622	0
1784448247.321174171	1	5620	0
1784448247.321174171	3	5622	0
1784448257.460767382	1	5620	100
1784448257.460767382	3	5622	0
1784448268.612904081	1	5620	0
1784448268.612904081	3	5622	0
1784448278.811293608	1	5620	100
1784448278.811293608	3	5622	0
1784448289.047966833	1	5620	100
1784448289.047966833	3	5622	0
1784448300.529842715	1	5620	100
1784448300.529842715	3	5622	0
1784448310.727114972	1	5620	100
1784448310.727114972	3	5622	5
1784448320.920849176	1	5620	0
1784448320.920849176	3	5622	0
1784448331.094570016	1	5620	0
1784448331.094570016	3	5622	0
1784448341.237757693	1	5620	100
1784448341.237757693	3	5622	0
1784448351.397216924	1	5620	100
1784448351.397216924	3	5622	0
1784448362.785007887	1	5620	100
1784448362.785007887	3	5622	0
1784448373.844050528	1	5620	52
1784448373.844050528	3	5622	78
1784448383.967379761	1	5620	0
1784448383.967379761	3	5622	100
1784448394.738362553	1	5620	0
1784448394.738362553	3	5622	100
1784448404.880883486	1	5620	100
1784448404.880883486	3	5622	0
1784448415.697417107	1	5620	100
1784448415.697417107	3	5622	0
1784448427.881830659	1	5620	15
1784448427.881830659	3	5622	100
1784448439.832902010	1	5620	0
1784448439.832902010	3	5622	0
1784448449.985844922	1	5620	0
1784448449.985844922	3	5622	100
1784448460.134845207	1	5620	100
1784448460.134845207	3	5622	0
1784448471.418182557	1	5620	100
1784448471.418182557	3	5622	0
1784448482.831812374	1	5620	0
1784448482.831812374	3	5622	0
1784448494.037759013	1	5620	0
1784448494.037759013	3	5622	0
1784448504.205578048	1	5620	100
1784448504.205578048	3	5622	0
1784448515.563862449	1	5620	0
1784448515.563862449	3	5622	100
1784448527.359168058	1	5620	0
1784448527.359168058	3	5622	100
1784448539.444890507	1	5620	100
1784448539.444890507	3	5622	12
1784448549.668074559	1	5620	0
1784448549.668074559	3	5622	0
1784448559.796764204	1	5620	100
1784448559.796764204	3	5622	0
1784448571.155861837	1	5620	0
1784448571.155861837	3	5622	100
1784448581.380990892	1	5620	0
1784448581.380990892	3	5622	100
1784448591.960771710	1	5620	0
1784448591.960771710	3	5622	100
1784448602.144772244	1	5620	0
1784448602.144772244	3	5622	100
1784448613.022820637	1	5620	100
1784448613.022820637	3	5622	0
1784448624.827973471	1	5620	100
1784448624.827973471	3	5622	0
1784448636.411268330	1	5620	0
1784448636.411268330	3	5622	100
1784448646.588758826	1	5620	0
1784448646.588758826	3	5622	100
1784448656.786143569	1	5620	0
1784448656.786143569	3	5622	0
1784448668.158255488	1	5620	0
1784448668.158255488	3	5622	0
1784448678.293296312	1	5620	100
1784448678.293296312	3	5622	0
1784448688.501032975	1	5620	100
1784448688.501032975	3	5622	56
1784448698.669518716	1	5620	0
1784448698.669518716	3	5622	100
1784448708.820027219	1	5620	100
1784448708.820027219	3	5622	0
1784448720.628958682	1	5620	0
1784448720.628958682	3	5622	0
1784448730.749289911	1	5620	0
1784448730.749289911	3	5622	0
1784448740.909970254	1	5620	0
1784448740.909970254	3	5622	100
1784448752.157829513	1	5620	0
1784448752.157829513	3	5622	100
1784448763.589821512	1	5620	100
1784448763.589821512	3	5622	0
1784448773.782880202	1	5620	100
1784448773.782880202	3	5622	0
1784448784.785827709	1	5620	100
1784448784.785827709	3	5622	0
1784448794.958816957	1	5620	100
1784448794.958816957	3	5622	0
1784448805.116139943	1	5620	0
1784448805.116139943	3	5622	100
1784448815.281910111	1	5620	0
1784448815.281910111	3	5622	100
1784448825.434707016	1	5620	100
1784448825.434707016	3	5622	0
1784448837.098732824	1	5620	78
1784448837.098732824	3	5622	0
1784448848.748814484	1	5620	100
1784448848.748814484	3	5622	0
1784448860.450036268	1	5620	0
1784448860.450036268	3	5622	83
1784448872.530945344	1	5620	0
1784448872.530945344	3	5622	100
1784448884.444550068	1	5620	0
1784448884.444550068	3	5622	100
1784448896.118634036	1	5620	30
1784448896.118634036	3	5622	55
1784448906.360821520	1	5620	100
1784448906.360821520	3	5622	0
1784448916.460567777	1	5620	0
1784448916.460567777	3	5622	100
1784448926.854748711	1	5620	100
1784448926.854748711	3	5622	0
1784448936.953606567	1	5620	17
1784448936.953606567	3	5622	100
1784448947.410972626	1	5620	70
1784448947.410972626	3	5622	9
1784448957.512664264	1	5620	100
1784448957.512664264	3	5622	5
1784448967.756033100	1	5620	0
1784448967.756033100	3	5622	100
1784448977.853031387	1	5620	100
1784448977.853031387	3	5622	0
1784448988.123119374	1	5620	0
1784448988.123119374	3	5622	0
1784448998.226434624	1	5620	0
1784448998.226434624	3	5622	0
1784449008.351845998	1	5620	0
1784449008.351845998	3	5622	0
1784449018.460038932	1	5620	100
1784449018.460038932	3	5622	0
1784449028.842325988	1	5620	0
1784449028.842325988	3	5622	0
1784449038.953518043	1	5620	0
1784449038.953518043	3	5622	44
1784449049.234073218	1	5620	100
1784449049.234073218	3	5622	0
1784449059.339604882	1	5620	52
1784449059.339604882	3	5622	100
1784449069.684509898	1	5620	0
1784449069.684509898	3	5622	100
1784449079.794787621	1	5620	100
1784449079.794787621	3	5622	0
1784449090.129895451	1	5620	100
1784449090.129895451	3	5622	0
1784449100.240854150	1	5620	0
1784449100.240854150	3	5622	100
1784449110.581645350	1	5620	100
1784449110.581645350	3	5622	0
1784449120.687979183	1	5620	100
1784449120.687979183	3	5622	0
1784449130.972112078	1	5620	100
1784449130.972112078	3	5622	0
1784449141.072834567	1	5620	0
1784449141.072834567	3	5622	100
1784449151.495879343	1	5620	100
1784449151.495879343	3	5622	0
1784449161.607760867	1	5620	100
1784449161.607760867	3	5622	0
1784449171.947927566	1	5620	0
1784449171.947927566	3	5622	0
1784449182.053117134	1	5620	100
1784449182.053117134	3	5622	0
1784449192.516858049	1	5620	100
1784449192.516858049	3	5622	0
1784449202.625055061	1	5620	0
1784449202.625055061	3	5622	100
1784449213.049230551	1	5620	100
1784449213.049230551	3	5622	0
1784449223.160840577	1	5620	100
1784449223.160840577	3	5622	0
1784449233.434345771	1	5620	0
1784449233.434345771	3	5622	100
1784449243.541322450	1	5620	100
1784449243.541322450	3	5622	0
1784449253.884472824	1	5620	100
1784449253.884472824	3	5622	0
1784449263.989574647	1	5620	59
1784449263.989574647	3	5622	91
1784449274.427443725	1	5620	100
1784449274.427443725	3	5622	0
1784449284.537133126	1	5620	100
1784449284.537133126	3	5622	0
1784449294.810541465	1	5620	69
1784449294.810541465	3	5622	76
1784449304.916792103	1	5620	100
1784449304.916792103	3	5622	0
1784449315.334559874	1	5620	100
1784449315.334559874	3	5622	0
1784449325.445322592	1	5620	100
1784449325.445322592	3	5622	0
1784449335.815343910	1	5620	100
1784449335.815343910	3	5622	0
1784449345.929386300	1	5620	100
1784449345.929386300	3	5622	0
1784449356.199027237	1	5620	0
1784449356.199027237	3	5622	100
1784449366.304822126	1	5620	100
1784449366.304822126	3	5622	0
1784449376.648302083	1	5620	100
1784449376.648302083	3	5622	0
1784449386.753555388	1	5620	0
1784449386.753555388	3	5622	0
1784449397.090854382	1	5620	100
1784449397.090854382	3	5622	0
1784449407.196385812	1	5620	100
1784449407.196385812	3	5622	0
1784449417.466554452	1	5620	0
1784449417.466554452	3	5622	65
1784449427.571500776	1	5620	0
1784449427.571500776	3	5622	0
1784449438.041068169	1	5620	100
1784449438.041068169	3	5622	0
1784449448.146465676	1	5620	0
1784449448.146465676	3	5622	0
1784449458.568457471	1	5620	60
1784449458.568457471	3	5622	58
1784449468.673008102	1	5620	0
1784449468.673008102	3	5622	0
1784449478.992194967	1	5620	0
1784449478.992194967	3	5622	100
1784449489.087172904	1	5620	78
1784449489.087172904	3	5622	69
1784449499.405641828	1	5620	0
1784449499.405641828	3	5622	0
1784449509.510503396	1	5620	0
1784449509.510503396	3	5622	0
1784449519.611799423	1	5620	100
1784449519.611799423	3	5622	0
1784449529.715955544	1	5620	0
1784449529.715955544	3	5622	0
1784449540.039956981	1	5620	0
1784449540.039956981	3	5622	0
1784449550.145416859	1	5620	100
1784449550.145416859	3	5622	0
1784449560.424545966	1	5620	0
1784449560.424545966	3	5622	100
1784449570.515874395	1	5620	100
1784449570.515874395	3	5622	0
1784449580.865036927	1	5620	100
1784449580.865036927	3	5622	0
1784449590.964578420	1	5620	67
1784449590.964578420	3	5622	73
1784449601.185500010	1	5620	0
1784449601.185500010	3	5622	0
1784449611.271456557	1	5620	100
1784449611.271456557	3	5622	0
1784449621.508323695	1	5620	83
1784449621.508323695	3	5622	85
1784449631.610190355	1	5620	0
1784449631.610190355	3	5622	100
1784449641.947097071	1	5620	100
1784449641.947097071	3	5622	0
1784449652.057755665	1	5620	0
1784449652.057755665	3	5622	100
1784449662.268635508	1	5620	0
1784449662.268635508	3	5622	100
1784449672.372569630	1	5620	100
1784449672.372569630	3	5622	0
1784449682.669949653	1	5620	0
1784449682.669949653	3	5622	100
1784449692.763061791	1	5620	0
1784449692.763061791	3	5622	100
1784449703.106392926	1	5620	100
1784449703.106392926	3	5622	14
1784449713.214361249	1	5620	0
1784449713.214361249	3	5622	100
1784449723.418265269	1	5620	7
1784449723.418265269	3	5622	100
1784449733.524944520	1	5620	0
1784449733.524944520	3	5622	100
1784449743.822228190	1	5620	0
1784449743.822228190	3	5622	100
1784449753.924854741	1	5620	100
1784449753.924854741	3	5622	0
1784449764.154905782	1	5620	0
1784449764.154905782	3	5622	100
1784449774.258674765	1	5620	0
1784449774.258674765	3	5622	100
1784449784.538164724	1	5620	0
1784449784.538164724	3	5622	100
1784449794.638425347	1	5620	0
1784449794.638425347	3	5622	100
1784449805.013308580	1	5620	0
1784449805.013308580	3	5622	100
1784449815.115778481	1	5620	0
1784449815.115778481	3	5622	100
1784449825.363874823	1	5620	31
1784449825.363874823	3	5622	97
1784449835.472260536	1	5620	0
1784449835.472260536	3	5622	100
1784449845.822614569	1	5620	0
1784449845.822614569	3	5622	100
1784449855.927710804	1	5620	0
1784449855.927710804	3	5622	100
1784449866.411154892	1	5620	0
1784449866.411154892	3	5622	66
1784449876.513524882	1	5620	0
1784449876.513524882	3	5622	100
1784449886.808943406	1	5620	0
1784449886.808943406	3	5622	100
1784449896.922857507	1	5620	0
1784449896.922857507	3	5622	100
1784449907.247430977	1	5620	0
1784449907.247430977	3	5622	100
1784449917.349223967	1	5620	0
1784449917.349223967	3	5622	100
1784449927.904244858	1	5620	57
1784449927.904244858	3	5622	44
1784449938.003241749	1	5620	0
1784449938.003241749	3	5622	100
1784449948.374064066	1	5620	0
1784449948.374064066	3	5622	100
1784449958.477423961	1	5620	0
1784449958.477423961	3	5622	100
1784449968.864592102	1	5620	0
1784449968.864592102	3	5622	100
1784449978.961612057	1	5620	0
1784449978.961612057	3	5622	73
1784449989.301341371	1	5620	0
1784449989.301341371	3	5622	0
1784449999.382032727	1	5620	0
1784449999.382032727	3	5622	0
1784450009.652202822	1	5620	100
1784450009.652202822	3	5622	0
1784450019.759165218	1	5620	100
1784450019.759165218	3	5622	0
1784450030.039874095	1	5620	0
1784450030.039874095	3	5622	0
1784450040.151866417	1	5620	100
1784450040.151866417	3	5622	0
1784450050.492322402	1	5620	93
1784450050.492322402	3	5622	58
1784450060.592685163	1	5620	0
1784450060.592685163	3	5622	0
1784450070.924997312	1	5620	100
1784450070.924997312	3	5622	0
1784450081.031675147	1	5620	100
1784450081.031675147	3	5622	0
1784450091.408845595	1	5620	0
1784450091.408845595	3	5622	0
1784450101.495460769	1	5620	100
1784450101.495460769	3	5622	0
1784450111.812198769	1	5620	100
1784450111.812198769	3	5622	0
1784450121.916790835	1	5620	100
1784450121.916790835	3	5622	0
1784450132.220155210	1	5620	100
1784450132.220155210	3	5622	0
1784450142.334070546	1	5620	0
1784450142.334070546	3	5622	100
1784450152.621495292	1	5620	56
1784450152.621495292	3	5622	85
1784450162.719497860	1	5620	0
1784450162.719497860	3	5622	0
1784450173.065669293	1	5620	0
1784450173.065669293	3	5622	100
1784450183.174639536	1	5620	0
1784450183.174639536	3	5622	100
1784450193.552564567	1	5620	0
1784450193.552564567	3	5622	100
1784450203.661650915	1	5620	0
1784450203.661650915	3	5622	100
1784450213.964422619	1	5620	0
1784450213.964422619	3	5622	100
1784450224.057449973	1	5620	0
1784450224.057449973	3	5622	100
1784450234.375024063	1	5620	0
1784450234.375024063	3	5622	100
1784450244.476649381	1	5620	0
1784450244.476649381	3	5622	100
1784450254.747440557	1	5620	0
1784450254.747440557	3	5622	100
1784450264.858127863	1	5620	0
1784450264.858127863	3	5622	100
1784450275.356009822	1	5620	0
1784450275.356009822	3	5622	100
1784450285.455762892	1	5620	0
1784450285.455762892	3	5622	100
1784450295.697740369	1	5620	100
1784450295.697740369	3	5622	0
1784450305.800413353	1	5620	0
1784450305.800413353	3	5622	71
1784450316.294139480	1	5620	73
1784450316.294139480	3	5622	61
1784450326.388825967	1	5620	100
1784450326.388825967	3	5622	0
1784450336.693609266	1	5620	0
1784450336.693609266	3	5622	100
1784450346.795699996	1	5620	0
1784450346.795699996	3	5622	100
1784450357.009631462	1	5620	0
1784450357.009631462	3	5622	0
1784450367.119519802	1	5620	9
1784450367.119519802	3	5622	94
1784450377.521164318	1	5620	0
1784450377.521164318	3	5622	100
1784450387.625439009	1	5620	0
1784450387.625439009	3	5622	100
1784450398.017059920	1	5620	0
1784450398.017059920	3	5622	100
1784450408.123848672	1	5620	0
1784450408.123848672	3	5622	100
1784450418.486853966	1	5620	0
1784450418.486853966	3	5622	100
1784450428.592420382	1	5620	5
1784450428.592420382	3	5622	100
1784450439.522324890	1	5620	85
1784450439.522324890	3	5622	65
1784450449.623654299	1	5620	100
1784450449.623654299	3	5622	78
1784450460.071658836	1	5620	0
1784450460.071658836	3	5622	100
1784450470.174769930	1	5620	0
1784450470.174769930	3	5622	100
1784450480.351906110	1	5620	0
1784450480.351906110	3	5622	0
1784450490.445051855	1	5620	0
1784450490.445051855	3	5622	0
1784450500.596858871	1	5620	0
1784450500.596858871	3	5622	0
1784450510.686726463	1	5620	63
1784450510.686726463	3	5622	48
1784450520.998890174	1	5620	67
1784450520.998890174	3	5622	64
1784450531.102977373	1	5620	0
1784450531.102977373	3	5622	0
1784450541.362243067	1	5620	100
1784450541.362243067	3	5622	0
1784450551.467989189	1	5620	0
1784450551.467989189	3	5622	0
1784450561.779916477	1	5620	0
1784450561.779916477	3	5622	0
1784450571.885035326	1	5620	100
1784450571.885035326	3	5622	0
1784450581.984292678	1	5620	0
1784450581.984292678	3	5622	0
1784450592.084006443	1	5620	0
1784450592.084006443	3	5622	100
1784450602.263142593	1	5620	100
1784450602.263142593	3	5622	0
1784450612.375592784	1	5620	100
1784450612.375592784	3	5622	0
1784450622.647383075	1	5620	0
1784450622.647383075	3	5622	100
1784450632.753948516	1	5620	100
1784450632.753948516	3	5622	0
1784450643.076558515	1	5620	100
1784450643.076558515	3	5622	0
1784450653.158795688	1	5620	0
1784450653.158795688	3	5622	100
1784450663.424488649	1	5620	0
1784450663.424488649	3	5622	97
1784450673.529636813	1	5620	23
1784450673.529636813	3	5622	66
1784450683.839818163	1	5620	0
1784450683.839818163	3	5622	100
1784450693.936838341	1	5620	0
1784450693.936838341	3	5622	100
1784450704.246474205	1	5620	0
1784450704.246474205	3	5622	56
1784450714.348863910	1	5620	0
1784450714.348863910	3	5622	100
1784450724.657626980	1	5620	0
1784450724.657626980	3	5622	100
1784450734.767871064	1	5620	0
1784450734.767871064	3	5622	100
1784450745.082255077	1	5620	0
1784450745.082255077	3	5622	100
1784450755.194795723	1	5620	0
1784450755.194795723	3	5622	100
1784450765.303363678	1	5620	0
1784450765.303363678	3	5622	100
1784450775.409019499	1	5620	0
1784450775.409019499	3	5622	100
1784450785.521549761	1	5620	100
1784450785.521549761	3	5622	0
1784450795.624768502	1	5620	22
1784450795.624768502	3	5622	100
1784450805.725361778	1	5620	0
1784450805.725361778	3	5622	100
1784450815.831176428	1	5620	100
1784450815.831176428	3	5622	0
1784450825.938051346	1	5620	44
1784450825.938051346	3	5622	100
1784450836.046509323	1	5620	0
1784450836.046509323	3	5622	100
1784450846.155082995	1	5620	100
1784450846.155082995	3	5622	0
1784450856.264230752	1	5620	0
1784450856.264230752	3	5622	0
1784450866.386823217	1	5620	0
1784450866.386823217	3	5622	100
1784450876.484117914	1	5620	100
1784450876.484117914	3	5622	0
1784450886.580718965	1	5620	0
1784450886.580718965	3	5622	100
1784450896.688181685	1	5620	0
1784450896.688181685	3	5622	100
1784450906.794946357	1	5620	0
1784450906.794946357	3	5622	100
1784450916.905702210	1	5620	0
1784450916.905702210	3	5622	100
1784450927.007683649	1	5620	0
1784450927.007683649	3	5622	100
1784450937.109539393	1	5620	34
1784450937.109539393	3	5622	80
1784450947.217596867	1	5620	0
1784450947.217596867	3	5622	100
1784450957.319519110	1	5620	0
1784450957.319519110	3	5622	100
1784450967.416517315	1	5620	0
1784450967.416517315	3	5622	100
1784450977.513911637	1	5620	0
1784450977.513911637	3	5622	0
1784450987.628586870	1	5620	0
1784450987.628586870	3	5622	0
1784450997.734584132	1	5620	100
1784450997.734584132	3	5622	0
1784451007.842571538	1	5620	100
1784451007.842571538	3	5622	0
1784451017.945476025	1	5620	0
1784451017.945476025	3	5622	0
1784451028.045253226	1	5620	100
1784451028.045253226	3	5622	11
1784451038.144370661	1	5620	100
1784451038.144370661	3	5622	0
1784451048.251076019	1	5620	0
1784451048.251076019	3	5622	0
1784451058.356317152	1	5620	21
1784451058.356317152	3	5622	46
1784451068.465461803	1	5620	85
1784451068.465461803	3	5622	61
1784451078.557011065	1	5620	0
1784451078.557011065	3	5622	0
1784451088.644834897	1	5620	100
1784451088.644834897	3	5622	0
1784451098.744585307	1	5620	65
1784451098.744585307	3	5622	78
1784451108.835483614	1	5620	0
1784451108.835483614	3	5622	100
1784451118.950853140	1	5620	100
1784451118.950853140	3	5622	0
1784451129.055983422	1	5620	55
1784451129.055983422	3	5622	80
1784451139.151943996	1	5620	0
1784451139.151943996	3	5622	100
1784451149.252315384	1	5620	100
1784451149.252315384	3	5622	0
1784451159.362429508	1	5620	0
1784451159.362429508	3	5622	100
1784451169.468042322	1	5620	0
1784451169.468042322	3	5622	100
1784451179.583704114	1	5620	100
1784451179.583704114	3	5622	0
1784451189.690555746	1	5620	0
1784451189.690555746	3	5622	100
1784451199.794326000	1	5620	13
1784451199.794326000	3	5622	100
1784451209.908914437	1	5620	100
1784451209.908914437	3	5622	0
1784451220.013111202	1	5620	0
1784451220.013111202	3	5622	100
1784451230.131621452	1	5620	0
1784451230.131621452	3	5622	100
1784451240.237322069	1	5620	0
1784451240.237322069	3	5622	99
1784451250.331469138	1	5620	0
1784451250.331469138	3	5622	100
1784451260.436436582	1	5620	74
1784451260.436436582	3	5622	51
1784451270.548495356	1	5620	100
1784451270.548495356	3	5622	0
1784451280.654770605	1	5620	0
1784451280.654770605	3	5622	100
1784451290.756919487	1	5620	0
1784451290.756919487	3	5622	0
1784451300.859562742	1	5620	100
1784451300.859562742	3	5622	0
1784451310.965325128	1	5620	93
1784451310.965325128	3	5622	53
1784451321.067655716	1	5620	0
1784451321.067655716	3	5622	100
1784451331.174900218	1	5620	0
1784451331.174900218	3	5622	0
1784451341.284304040	1	5620	100
1784451341.284304040	3	5622	0
1784451351.389261533	1	5620	0
1784451351.389261533	3	5622	100
1784451361.495146658	1	5620	100
1784451361.495146658	3	5622	0
1784451371.602919192	1	5620	0
1784451371.602919192	3	5622	100
1784451381.710566950	1	5620	0
1784451381.710566950	3	5622	100
1784451391.822433678	1	5620	42
1784451391.822433678	3	5622	74
1784451401.910380986	1	5620	0
1784451401.910380986	3	5622	100
1784451412.016856282	1	5620	0
1784451412.016856282	3	5622	100
1784451422.119390059	1	5620	0
1784451422.119390059	3	5622	100
1784451432.226008725	1	5620	0
1784451432.226008725	3	5622	100
1784451442.323277246	1	5620	0
1784451442.323277246	3	5622	100
1784451452.421873104	1	5620	83
1784451452.421873104	3	5622	66
1784451462.525378837	1	5620	0
1784451462.525378837	3	5622	0
1784451472.610432332	1	5620	0
1784451472.610432332	3	5622	0
1784451482.712847237	1	5620	100
1784451482.712847237	3	5622	0
1784451492.819041381	1	5620	100
1784451492.819041381	3	5622	0
1784451502.926530957	1	5620	0
1784451502.926530957	3	5622	0
1784451513.038631790	1	5620	100
1784451513.038631790	3	5622	0
1784451523.151146275	1	5620	100
1784451523.151146275	3	5622	0
1784451533.258028153	1	5620	0
1784451533.258028153	3	5622	0
1784451543.362071650	1	5620	0
1784451543.362071650	3	5622	0
1784451553.464235808	1	5620	0
1784451553.464235808	3	5622	97
1784451563.568960229	1	5620	0
1784451563.568960229	3	5622	95
1784451573.673250401	1	5620	0
1784451573.673250401	3	5622	0
1784451583.771330728	1	5620	0
1784451583.771330728	3	5622	100
1784451593.873566151	1	5620	0
1784451593.873566151	3	5622	100
1784451603.985309907	1	5620	0
1784451603.985309907	3	5622	100
1784451614.102900347	1	5620	100
1784451614.102900347	3	5622	0
1784451624.210380828	1	5620	0
1784451624.210380828	3	5622	100
1784451634.323280740	1	5620	0
1784451634.323280740	3	5622	0
1784451644.426633288	1	5620	100
1784451644.426633288	3	5622	0
1784451654.530120328	1	5620	100
1784451654.530120328	3	5622	0
1784451664.642581684	1	5620	0
1784451664.642581684	3	5622	0
1784451674.742430518	1	5620	100
1784451674.742430518	3	5622	0
1784451684.829750615	1	5620	100
1784451684.829750615	3	5622	0
1784451694.935269665	1	5620	0
1784451694.935269665	3	5622	0
1784451705.040774861	1	5620	100
1784451705.040774861	3	5622	0
1784451715.134643055	1	5620	0
1784451715.134643055	3	5622	100
1784451725.241687448	1	5620	0
1784451725.241687448	3	5622	0
1784451735.344447358	1	5620	100
1784451735.344447358	3	5622	0
1784451745.455670293	1	5620	100
1784451745.455670293	3	5622	0
1784451755.567968639	1	5620	0
1784451755.567968639	3	5622	0
1784451765.667504487	1	5620	100
1784451765.667504487	3	5622	0
1784451775.776865923	1	5620	0
1784451775.776865923	3	5622	100
1784451785.880540840	1	5620	0
1784451785.880540840	3	5622	0
1784451795.993590775	1	5620	100
1784451795.993590775	3	5622	0
1784451806.095768186	1	5620	0
1784451806.095768186	3	5622	100
1784451816.199305718	1	5620	0
1784451816.199305718	3	5622	0
1784451826.308417687	1	5620	100
1784451826.308417687	3	5622	0
1784451836.419065910	1	5620	85
1784451836.419065910	3	5622	62
1784451846.522368711	1	5620	0
1784451846.522368711	3	5622	0
1784451856.626507517	1	5620	100
1784451856.626507517	3	5622	0
1784451866.733238170	1	5620	100
1784451866.733238170	3	5622	0
1784451876.840614896	1	5620	0
1784451876.840614896	3	5622	0
1784451886.944779023	1	5620	0
1784451886.944779023	3	5622	0
1784451897.055049728	1	5620	65
1784451897.055049728	3	5622	68
1784451907.141225666	1	5620	0
1784451907.141225666	3	5622	0
1784451917.243133384	1	5620	16
1784451917.243133384	3	5622	55
1784451927.319050095	1	5620	0
1784451927.319050095	3	5622	0
1784451937.416348328	1	5620	69
1784451937.416348328	3	5622	54
1784451947.515885373	1	5620	0
1784451947.515885373	3	5622	0
1784451957.611201477	1	5620	0
1784451957.611201477	3	5622	0
1784451967.722614304	1	5620	0
1784451967.722614304	3	5622	0
1784451977.834561592	1	5620	100
1784451977.834561592	3	5622	0
1784451987.947065767	1	5620	0
1784451987.947065767	3	5622	0
1784451998.053404808	1	5620	0
1784451998.053404808	3	5622	0
1784452008.158656508	1	5620	100
1784452008.158656508	3	5622	0
1784452018.263384738	1	5620	0
1784452018.263384738	3	5622	100
1784452028.369487297	1	5620	0
1784452028.369487297	3	5622	0
1784452038.481681074	1	5620	100
1784452038.481681074	3	5622	0
1784452048.584209919	1	5620	100
1784452048.584209919	3	5622	0
1784452058.682396468	1	5620	0
1784452058.682396468	3	5622	100
1784452068.785481764	1	5620	100
1784452068.785481764	3	5622	0
1784452078.892716553	1	5620	100
1784452078.892716553	3	5622	0
1784452088.999668384	1	5620	0
1784452088.999668384	3	5622	0
1784452099.103466710	1	5620	100
1784452099.103466710	3	5622	0
1784452109.211624644	1	5620	100
1784452109.211624644	3	5622	0
1784452119.311523013	1	5620	58
1784452119.311523013	3	5622	64
1784452129.412969831	1	5620	100
1784452129.412969831	3	5622	0
1784452139.522271306	1	5620	100
1784452139.522271306	3	5622	0
1784452149.630835404	1	5620	0
1784452149.630835404	3	5622	100
1784452159.740017912	1	5620	100
1784452159.740017912	3	5622	0
1784452169.845752670	1	5620	100
1784452169.845752670	3	5622	0
1784452179.944517624	1	5620	0
1784452179.944517624	3	5622	100
1784452190.053342925	1	5620	100
1784452190.053342925	3	5622	0
1784452200.161786253	1	5620	100
1784452200.161786253	3	5622	1
1784452210.284391661	1	5620	0
1784452210.284391661	3	5622	100
1784452220.395531243	1	5620	100
1784452220.395531243	3	5622	0
1784452230.489736338	1	5620	0
1784452230.489736338	3	5622	100
1784452240.590369624	1	5620	0
1784452240.590369624	3	5622	0
1784452250.697587437	1	5620	100
1784452250.697587437	3	5622	0
1784452260.801445555	1	5620	57
1784452260.801445555	3	5622	53
1784452270.905774001	1	5620	0
1784452270.905774001	3	5622	0
1784452281.012874554	1	5620	73
1784452281.012874554	3	5622	57
1784452291.121403670	1	5620	75
1784452291.121403670	3	5622	73
1784452301.227048800	1	5620	0
1784452301.227048800	3	5622	0
1784452311.338722675	1	5620	0
1784452311.338722675	3	5622	100
1784452321.445714504	1	5620	67
1784452321.445714504	3	5622	25
1784452331.548742776	1	5620	0
1784452331.548742776	3	5622	0
1784452341.641930034	1	5620	0
1784452341.641930034	3	5622	100
1784452351.747149326	1	5620	100
1784452351.747149326	3	5622	59
1784452361.854422525	1	5620	0
1784452361.854422525	3	5622	0
1784452371.956695558	1	5620	0
1784452371.956695558	3	5622	100
1784452382.053449627	1	5620	63
1784452382.053449627	3	5622	65
1784452392.165977314	1	5620	0
1784452392.165977314	3	5622	100
1784452402.273395102	1	5620	0
1784452402.273395102	3	5622	100
1784452412.372855074	1	5620	0
1784452412.372855074	3	5622	100
1784452422.468440322	1	5620	0
1784452422.468440322	3	5622	100
1784452432.548178416	1	5620	0
1784452432.548178416	3	5622	0
1784452442.643580446	1	5620	0
1784452442.643580446	3	5622	0
1784452452.762543300	1	5620	100
1784452452.762543300	3	5622	0
1784452462.868306157	1	5620	100
1784452462.868306157	3	5622	0
1784452472.971931998	1	5620	0
1784452472.971931998	3	5622	0
1784452483.078639877	1	5620	100
1784452483.078639877	3	5622	0
1784452493.179395625	1	5620	100
1784452493.179395625	3	5622	0
1784452503.278284773	1	5620	0
1784452503.278284773	3	5622	0
1784452513.394509486	1	5620	100
1784452513.394509486	3	5622	0
1784452523.502327816	1	5620	100
1784452523.502327816	3	5622	0
1784452533.620517017	1	5620	100
1784452533.620517017	3	5622	0
1784452543.727245830	1	5620	100
1784452543.727245830	3	5622	0
1784452553.811761534	1	5620	100
1784452553.811761534	3	5622	0
1784452563.920219051	1	5620	0
1784452563.920219051	3	5622	100
1784452574.026399824	1	5620	100
1784452574.026399824	3	5622	0
1784452584.119816591	1	5620	100
1784452584.119816591	3	5622	0
1784452594.226694317	1	5620	0
1784452594.226694317	3	5622	100
1784452604.334884756	1	5620	100
1784452604.334884756	3	5622	0
1784452614.427025220	1	5620	100
1784452614.427025220	3	5622	0
1784452624.531039584	1	5620	0
1784452624.531039584	3	5622	100
1784452634.625785112	1	5620	0
1784452634.625785112	3	5622	100
1784452644.720239068	1	5620	100
1784452644.720239068	3	5622	0
1784452654.827871241	1	5620	0
1784452654.827871241	3	5622	100
1784452664.937609046	1	5620	0
1784452664.937609046	3	5622	100
1784452675.040348410	1	5620	100
1784452675.040348410	3	5622	0
1784452685.146924624	1	5620	0
1784452685.146924624	3	5622	100
1784452695.254730788	1	5620	0
1784452695.254730788	3	5622	100
1784452705.365128926	1	5620	65
1784452705.365128926	3	5622	100
1784452715.468517939	1	5620	0
1784452715.468517939	3	5622	100
1784452725.576317678	1	5620	0
1784452725.576317678	3	5622	100
1784452735.663025697	1	5620	24
1784452735.663025697	3	5622	86
1784452745.765417624	1	5620	0
1784452745.765417624	3	5622	100
1784452755.871395137	1	5620	0
1784452755.871395137	3	5622	100
1784452765.977895791	1	5620	0
1784452765.977895791	3	5622	100
1784452776.088823351	1	5620	0
1784452776.088823351	3	5622	100
1784452786.193316810	1	5620	0
1784452786.193316810	3	5622	100
1784452796.298781685	1	5620	0
1784452796.298781685	3	5622	0
1784452806.413949729	1	5620	0
1784452806.413949729	3	5622	100
1784452816.527915908	1	5620	0
1784452816.527915908	3	5622	100
1784452826.631306615	1	5620	0
1784452826.631306615	3	5622	100
1784452836.741591417	1	5620	0
1784452836.741591417	3	5622	100
1784452846.849208151	1	5620	0
1784452846.849208151	3	5622	100
1784452856.950759875	1	5620	100
1784452856.950759875	3	5622	34
1784452867.058201507	1	5620	0
1784452867.058201507	3	5622	100
1784452877.162993714	1	5620	0
1784452877.162993714	3	5622	100
1784452887.271138703	1	5620	0
1784452887.271138703	3	5622	100
1784452897.366936557	1	5620	62
1784452897.366936557	3	5622	75
1784452907.470625248	1	5620	0
1784452907.470625248	3	5622	100
1784452917.571245548	1	5620	0
1784452917.571245548	3	5622	0
1784452927.677101373	1	5620	0
1784452927.677101373	3	5622	0
1784452937.786825876	1	5620	0
1784452937.786825876	3	5622	0
1784452947.891201483	1	5620	47
1784452947.891201483	3	5622	62
1784452958.005246742	1	5620	0
1784452958.005246742	3	5622	0
1784452968.114339737	1	5620	100
1784452968.114339737	3	5622	0
1784452978.216203371	1	5620	52
1784452978.216203371	3	5622	74
1784452988.325687653	1	5620	0
1784452988.325687653	3	5622	0
1784452998.428219832	1	5620	100
1784452998.428219832	3	5622	6
1784453008.526393118	1	5620	100
1784453008.526393118	3	5622	7
1784453018.623199234	1	5620	0
1784453018.623199234	3	5622	0
1784453028.715882939	1	5620	0
1784453028.715882939	3	5622	0
1784453038.812276274	1	5620	75
1784453038.812276274	3	5622	78
1784453048.917105802	1	5620	0
1784453048.917105802	3	5622	100
1784453059.020195799	1	5620	0
1784453059.020195799	3	5622	100
1784453069.119341976	1	5620	0
1784453069.119341976	3	5622	100
1784453079.225543895	1	5620	0
1784453079.225543895	3	5622	100
1784453089.327191117	1	5620	57
1784453089.327191117	3	5622	26
1784453099.438365788	1	5620	0
1784453099.438365788	3	5622	100
1784453109.544616515	1	5620	0
1784453109.544616515	3	5622	100
1784453119.650426370	1	5620	0
1784453119.650426370	3	5622	0
1784453129.756993190	1	5620	0
1784453129.756993190	3	5622	100
1784453139.845731520	1	5620	0
1784453139.845731520	3	5622	100
1784453149.948854592	1	5620	100
1784453149.948854592	3	5622	0
1784453160.058689749	1	5620	0
1784453160.058689749	3	5622	100
1784453170.160999794	1	5620	60
1784453170.160999794	3	5622	16
1784453180.259066095	1	5620	0
1784453180.259066095	3	5622	0
1784453190.366041964	1	5620	0
1784453190.366041964	3	5622	100
1784453200.472691853	1	5620	73
1784453200.472691853	3	5622	60
1784453210.586374093	1	5620	0
1784453210.586374093	3	5622	100
1784453220.692375981	1	5620	0
1784453220.692375981	3	5622	100
1784453230.799280498	1	5620	0
1784453230.799280498	3	5622	100
1784453240.902048856	1	5620	35
1784453240.902048856	3	5622	0
1784453251.007350692	1	5620	0
1784453251.007350692	3	5622	100
1784453261.116991153	1	5620	0
1784453261.116991153	3	5622	100
1784453271.222633961	1	5620	0
1784453271.222633961	3	5622	100
1784453281.328428144	1	5620	0
1784453281.328428144	3	5622	100
1784453291.424784255	1	5620	0
1784453291.424784255	3	5622	100
1784453301.530310289	1	5620	0
1784453301.530310289	3	5622	100
1784453311.633323511	1	5620	0
1784453311.633323511	3	5622	33
1784453321.740319953	1	5620	0
1784453321.740319953	3	5622	100
1784453331.845408396	1	5620	0
1784453331.845408396	3	5622	100
1784453341.950627233	1	5620	0
1784453341.950627233	3	5622	100
1784453352.045740439	1	5620	0
1784453352.045740439	3	5622	100
1784453362.148658647	1	5620	0
1784453362.148658647	3	5622	100
1784453372.250675622	1	5620	59
1784453372.250675622	3	5622	73
1784453382.355669028	1	5620	0
1784453382.355669028	3	5622	100
1784453392.453313296	1	5620	78
1784453392.453313296	3	5622	57
1784453402.556086386	1	5620	0
1784453402.556086386	3	5622	0
1784453412.660594933	1	5620	0
1784453412.660594933	3	5622	0
1784453422.771113727	1	5620	100
1784453422.771113727	3	5622	0
1784453432.858663038	1	5620	0
1784453432.858663038	3	5622	0
1784453442.960440224	1	5620	0
1784453442.960440224	3	5622	0
1784453453.045765126	1	5620	100
1784453453.045765126	3	5622	0
1784453463.151062112	1	5620	0
1784453463.151062112	3	5622	0
1784453473.256081005	1	5620	0
1784453473.256081005	3	5622	0
1784453483.361383626	1	5620	100
1784453483.361383626	3	5622	0
1784453493.463289785	1	5620	0
1784453493.463289785	3	5622	100
1784453503.575079593	1	5620	0
1784453503.575079593	3	5622	0
1784453513.680011719	1	5620	100
1784453513.680011719	3	5622	0
1784453523.783098009	1	5620	100
1784453523.783098009	3	5622	9
1784453533.871559814	1	5620	0
1784453533.871559814	3	5622	0
1784453543.977161715	1	5620	100
1784453543.977161715	3	5622	0
1784453554.073567128	1	5620	0
1784453554.073567128	3	5622	100
1784453564.162439729	1	5620	61
1784453564.162439729	3	5622	54
1784453574.271601689	1	5620	100
1784453574.271601689	3	5622	0
1784453584.377496208	1	5620	0
1784453584.377496208	3	5622	100
1784453594.488442589	1	5620	0
1784453594.488442589	3	5622	100
1784453604.595030049	1	5620	100
1784453604.595030049	3	5622	0
1784453614.700853103	1	5620	0
1784453614.700853103	3	5622	100
1784453624.799899243	1	5620	0
1784453624.799899243	3	5622	0
1784453634.895740956	1	5620	100
1784453634.895740956	3	5622	0
1784453645.000253324	1	5620	0
1784453645.000253324	3	5622	100
1784453655.104248184	1	5620	0
1784453655.104248184	3	5622	100
1784453665.209347272	1	5620	0
1784453665.209347272	3	5622	0
1784453675.315161476	1	5620	0
1784453675.315161476	3	5622	100
1784453685.403769792	1	5620	0
1784453685.403769792	3	5622	100
1784453695.517743341	1	5620	100
1784453695.517743341	3	5622	65
1784453705.636572403	1	5620	0
1784453705.636572403	3	5622	100
1784453715.739409971	1	5620	0
1784453715.739409971	3	5622	100
1784453725.843071568	1	5620	31
1784453725.843071568	3	5622	66
1784453735.952433414	1	5620	0
1784453735.952433414	3	5622	100
1784453746.056729634	1	5620	0
1784453746.056729634	3	5622	100
1784453756.159294652	1	5620	0
1784453756.159294652	3	5622	100
1784453766.260932550	1	5620	0
1784453766.260932550	3	5622	100
1784453776.357973552	1	5620	0
1784453776.357973552	3	5622	100
1784453786.471911098	1	5620	100
1784453786.471911098	3	5622	0
1784453796.571760373	1	5620	0
1784453796.571760373	3	5622	100
1784453806.668476239	1	5620	0
1784453806.668476239	3	5622	100
1784453816.775345696	1	5620	43
1784453816.775345696	3	5622	83
1784453826.886321241	1	5620	0
1784453826.886321241	3	5622	100
1784453836.991512158	1	5620	0
1784453836.991512158	3	5622	100
1784453847.099850503	1	5620	0
1784453847.099850503	3	5622	100
1784453857.192674052	1	5620	0
1784453857.192674052	3	5622	100
1784453867.288718495	1	5620	0
1784453867.288718495	3	5622	100
1784453877.390611066	1	5620	0
1784453877.390611066	3	5622	100
1784453887.492771781	1	5620	0
1784453887.492771781	3	5622	0
1784453897.602693748	1	5620	0
1784453897.602693748	3	5622	0
1784453907.707548663	1	5620	100
1784453907.707548663	3	5622	0
1784453917.812925913	1	5620	82
1784453917.812925913	3	5622	59
1784453927.903911152	1	5620	0
1784453927.903911152	3	5622	0
1784453938.009391125	1	5620	100
1784453938.009391125	3	5622	6
1784453948.106991331	1	5620	94
1784453948.106991331	3	5622	53
1784453958.215100340	1	5620	0
1784453958.215100340	3	5622	0
1784453968.315652269	1	5620	0
1784453968.315652269	3	5622	0
1784453978.421164550	1	5620	55
1784453978.421164550	3	5622	74
1784453988.525535672	1	5620	0
1784453988.525535672	3	5622	0
1784453998.632861864	1	5620	0
1784453998.632861864	3	5622	0
1784454008.740364831	1	5620	64
1784454008.740364831	3	5622	54
1784454018.847744505	1	5620	0
1784454018.847744505	3	5622	100
1784454028.930766267	1	5620	0
1784454028.930766267	3	5622	100
1784454039.032356057	1	5620	0
1784454039.032356057	3	5622	100
1784454049.117866832	1	5620	0
1784454049.117866832	3	5622	100
1784454059.232653140	1	5620	0
1784454059.232653140	3	5622	0
1784454069.336225456	1	5620	0
1784454069.336225456	3	5622	100
1784454079.442219318	1	5620	0
1784454079.442219318	3	5622	100
1784454089.556262801	1	5620	0
1784454089.556262801	3	5622	0
1784454099.669800823	1	5620	0
1784454099.669800823	3	5622	100
1784454109.772921499	1	5620	79
1784454109.772921499	3	5622	44
1784454119.884469783	1	5620	100
1784454119.884469783	3	5622	0
1784454129.986932200	1	5620	0
1784454129.986932200	3	5622	100
1784454140.095558674	1	5620	0
1784454140.095558674	3	5622	100
1784454150.199702535	1	5620	59
1784454150.199702535	3	5622	9
1784454160.287525603	1	5620	0
1784454160.287525603	3	5622	100
1784454170.396307561	1	5620	0
1784454170.396307561	3	5622	100
1784454180.510027377	1	5620	0
1784454180.510027377	3	5622	100
1784454190.608902060	1	5620	0
1784454190.608902060	3	5622	100
1784454200.715823318	1	5620	0
1784454200.715823318	3	5622	84
1784454210.827677019	1	5620	0
1784454210.827677019	3	5622	0
1784454220.937836994	1	5620	0
1784454220.937836994	3	5622	100
1784454231.048747770	1	5620	0
1784454231.048747770	3	5622	100
1784454241.154638282	1	5620	0
1784454241.154638282	3	5622	100
1784454251.253078189	1	5620	0
1784454251.253078189	3	5622	100
1784454261.367543067	1	5620	0
1784454261.367543067	3	5622	100
1784454271.474647098	1	5620	0
1784454271.474647098	3	5622	100
1784454281.581363052	1	5620	0
1784454281.581363052	3	5622	100
1784454291.683798980	1	5620	0
1784454291.683798980	3	5622	100
1784454301.791657193	1	5620	34
1784454301.791657193	3	5622	82
1784454311.903258961	1	5620	0
1784454311.903258961	3	5622	100
1784454322.009669820	1	5620	0
1784454322.009669820	3	5622	100
1784454332.118113048	1	5620	0
1784454332.118113048	3	5622	100
1784454342.218279951	1	5620	78
1784454342.218279951	3	5622	68
1784454352.296057357	1	5620	0
1784454352.296057357	3	5622	100
1784454362.374392917	1	5620	0
1784454362.374392917	3	5622	100
1784454372.473626767	1	5620	0
1784454372.473626767	3	5622	0
1784454382.578756843	1	5620	0
1784454382.578756843	3	5622	0
1784454392.682461058	1	5620	100
1784454392.682461058	3	5622	0
1784454402.786507523	1	5620	100
1784454402.786507523	3	5622	0
1784454412.896002356	1	5620	0
1784454412.896002356	3	5622	0
1784454423.005250566	1	5620	100
1784454423.005250566	3	5622	0
1784454433.092863252	1	5620	100
1784454433.092863252	3	5622	0
1784454443.180315901	1	5620	0
1784454443.180315901	3	5622	0
1784454453.265493029	1	5620	100
1784454453.265493029	3	5622	0
1784454463.357463402	1	5620	100
1784454463.357463402	3	5622	0
1784454473.461382970	1	5620	100
1784454473.461382970	3	5622	0
1784454483.569709095	1	5620	100
1784454483.569709095	3	5622	0
1784454493.673411167	1	5620	100
1784454493.673411167	3	5622	0
1784454503.784425732	1	5620	59
1784454503.784425732	3	5622	73
1784454513.889361288	1	5620	100
1784454513.889361288	3	5622	0
1784454523.992927706	1	5620	100
1784454523.992927706	3	5622	0
1784454534.098513357	1	5620	53
1784454534.098513357	3	5622	0
1784454544.206197810	1	5620	100
1784454544.206197810	3	5622	0
1784454554.313214015	1	5620	100
1784454554.313214015	3	5622	0
1784454564.408692328	1	5620	100
1784454564.408692328	3	5622	0
1784454574.502688006	1	5620	100
1784454574.502688006	3	5622	0
1784454584.608402042	1	5620	100
1784454584.608402042	3	5622	0
1784454594.714909107	1	5620	100
1784454594.714909107	3	5622	0
1784454604.821161545	1	5620	100
1784454604.821161545	3	5622	0
1784454614.910069216	1	5620	100
1784454614.910069216	3	5622	0
1784454625.009548942	1	5620	19
1784454625.009548942	3	5622	0
1784454635.096097661	1	5620	100
1784454635.096097661	3	5622	0
1784454645.179850816	1	5620	100
1784454645.179850816	3	5622	0
1784454655.264727289	1	5620	100
1784454655.264727289	3	5622	0
1784454665.373005131	1	5620	62
1784454665.373005131	3	5622	54
1784454675.471371962	1	5620	100
1784454675.471371962	3	5622	0
1784454685.578595678	1	5620	100
1784454685.578595678	3	5622	0
1784454695.677470920	1	5620	0
1784454695.677470920	3	5622	100
1784454705.776944897	1	5620	35
1784454705.776944897	3	5622	85
1784454715.876237056	1	5620	100
1784454715.876237056	3	5622	0
1784454725.986132569	1	5620	0
1784454725.986132569	3	5622	100
1784454736.081975658	1	5620	59
1784454736.081975658	3	5622	29
1784454746.184277113	1	5620	100
1784454746.184277113	3	5622	0
1784454756.266929093	1	5620	0
1784454756.266929093	3	5622	100
1784454766.368413332	1	5620	0
1784454766.368413332	3	5622	100
1784454776.473302066	1	5620	100
1784454776.473302066	3	5622	6
1784454786.573139774	1	5620	0
1784454786.573139774	3	5622	100
1784454796.673705046	1	5620	0
1784454796.673705046	3	5622	100
1784454806.777145594	1	5620	72
1784454806.777145594	3	5622	49
1784454816.885109439	1	5620	0
1784454816.885109439	3	5622	100
1784454826.990788414	1	5620	100
1784454826.990788414	3	5622	0
1784454837.075456404	1	5620	0
1784454837.075456404	3	5622	100
1784454847.173394711	1	5620	0
1784454847.173394711	3	5622	100
1784454857.251757362	1	5620	0
1784454857.251757362	3	5622	0
1784454867.360976286	1	5620	0
1784454867.360976286	3	5622	0
1784454877.452677395	1	5620	0
1784454877.452677395	3	5622	0
1784454887.550902924	1	5620	71
1784454887.550902924	3	5622	18
1784454897.664188994	1	5620	0
1784454897.664188994	3	5622	100
1784454907.755677113	1	5620	0
1784454907.755677113	3	5622	0
1784454917.840747777	1	5620	52
1784454917.840747777	3	5622	79
1784454927.927344589	1	5620	0
1784454927.927344589	3	5622	100
1784454938.010897039	1	5620	100
1784454938.010897039	3	5622	0
1784454948.095793147	1	5620	57
1784454948.095793147	3	5622	79
1784454958.194506967	1	5620	6
1784454958.194506967	3	5622	100
1784454968.279959431	1	5620	0
1784454968.279959431	3	5622	0
1784454978.362427294	1	5620	100
1784454978.362427294	3	5622	0
1784454988.468078012	1	5620	0
1784454988.468078012	3	5622	100
1784454998.550354875	1	5620	0
1784454998.550354875	3	5622	100
1784455008.650985091	1	5620	100
1784455008.650985091	3	5622	0
1784455018.756548225	1	5620	0
1784455018.756548225	3	5622	0
1784455028.846065959	1	5620	0
1784455028.846065959	3	5622	0
1784455038.956205414	1	5620	100
1784455038.956205414	3	5622	0
1784455049.060713692	1	5620	100
1784455049.060713692	3	5622	0
1784455059.143791029	1	5620	100
1784455059.143791029	3	5622	0
1784455069.250318936	1	5620	100
1784455069.250318936	3	5622	0
1784455079.355146852	1	5620	100
1784455079.355146852	3	5622	62
1784455089.455191216	1	5620	100
1784455089.455191216	3	5622	0
1784455099.537999800	1	5620	100
1784455099.537999800	3	5622	0
1784455109.640310225	1	5620	100
1784455109.640310225	3	5622	0
1784455119.746892777	1	5620	100
1784455119.746892777	3	5622	0
1784455129.831594779	1	5620	100
1784455129.831594779	3	5622	0
1784455139.917189857	1	5620	100
1784455139.917189857	3	5622	67
1784455150.000731780	1	5620	100
1784455150.000731780	3	5622	0
1784455160.090722220	1	5620	100
1784455160.090722220	3	5622	0
1784455170.171175132	1	5620	100
1784455170.171175132	3	5622	0
1784455180.268007468	1	5620	100
1784455180.268007468	3	5622	0
1784455190.349482663	1	5620	70
1784455190.349482663	3	5622	71
1784455200.455065564	1	5620	100
1784455200.455065564	3	5622	0
1784455210.562325374	1	5620	100
1784455210.562325374	3	5622	0
1784455220.674370641	1	5620	100
1784455220.674370641	3	5622	0
1784455230.773071906	1	5620	100
1784455230.773071906	3	5622	0
1784455240.877387114	1	5620	100
1784455240.877387114	3	5622	0
1784455250.972794710	1	5620	100
1784455250.972794710	3	5622	0
1784455261.070462719	1	5620	0
1784455261.070462719	3	5622	100
1784455271.178472591	1	5620	100
1784455271.178472591	3	5622	0
1784455281.284385673	1	5620	100
1784455281.284385673	3	5622	0
1784455291.393347628	1	5620	0
1784455291.393347628	3	5622	100
1784455301.470394436	1	5620	100
1784455301.470394436	3	5622	0
1784455311.574502524	1	5620	61
1784455311.574502524	3	5622	70
1784455321.670740979	1	5620	100
1784455321.670740979	3	5622	0
1784455331.750332699	1	5620	66
1784455331.750332699	3	5622	65
1784455341.848237629	1	5620	100
1784455341.848237629	3	5622	0
1784455351.938173809	1	5620	0
1784455351.938173809	3	5622	0
1784455362.022742818	1	5620	0
1784455362.022742818	3	5622	0
1784455372.131844039	1	5620	100
1784455372.131844039	3	5622	0
1784455382.249835711	1	5620	0
1784455382.249835711	3	5622	100
1784455392.348982968	1	5620	0
1784455392.348982968	3	5622	0
1784455402.443289609	1	5620	100
1784455402.443289609	3	5622	0
1784455412.546229462	1	5620	76
1784455412.546229462	3	5622	53
1784455422.638784320	1	5620	0
1784455422.638784320	3	5622	0
1784455432.740734492	1	5620	100
1784455432.740734492	3	5622	0
1784455442.834836164	1	5620	100
1784455442.834836164	3	5622	64
1784455452.920415669	1	5620	6
1784455452.920415669	3	5622	0
1784455463.026406218	1	5620	100
1784455463.026406218	3	5622	0
1784455473.126517506	1	5620	100
1784455473.126517506	3	5622	0
1784455483.233751730	1	5620	0
1784455483.233751730	3	5622	0
1784455493.341888929	1	5620	100
1784455493.341888929	3	5622	0
1784455503.459233838	1	5620	100
1784455503.459233838	3	5622	0
1784455513.563872834	1	5620	0
1784455513.563872834	3	5622	0
1784455523.674760169	1	5620	100
1784455523.674760169	3	5622	0
1784455533.763463507	1	5620	100
1784455533.763463507	3	5622	0
1784455543.880881632	1	5620	100
1784455543.880881632	3	5622	0
1784455553.995745677	1	5620	100
1784455553.995745677	3	5622	0
1784455564.111520644	1	5620	100
1784455564.111520644	3	5622	0
1784455574.221044462	1	5620	100
1784455574.221044462	3	5622	0
1784455584.340823193	1	5620	100
1784455584.340823193	3	5622	0
1784455594.454227010	1	5620	100
1784455594.454227010	3	5622	0
1784455604.566387916	1	5620	100
1784455604.566387916	3	5622	0
1784455614.665677357	1	5620	100
1784455614.665677357	3	5622	0
1784455624.776749582	1	5620	79
1784455624.776749582	3	5622	52
1784455634.875263118	1	5620	61
1784455634.875263118	3	5622	65
1784455644.986689740	1	5620	100
1784455644.986689740	3	5622	0
1784455655.087267362	1	5620	100
1784455655.087267362	3	5622	0
1784455665.195064336	1	5620	38
1784455665.195064336	3	5622	89
1784455675.313040150	1	5620	100
1784455675.313040150	3	5622	0
1784455685.412914295	1	5620	0
1784455685.412914295	3	5622	100
1784455695.518676582	1	5620	0
1784455695.518676582	3	5622	100
1784455705.612460004	1	5620	100
1784455705.612460004	3	5622	0
1784455715.719988632	1	5620	0
1784455715.719988632	3	5622	100
1784455725.816858600	1	5620	0
1784455725.816858600	3	5622	100
1784455735.910495108	1	5620	100
1784455735.910495108	3	5622	0
1784455745.996853460	1	5620	0
1784455745.996853460	3	5622	100
1784455756.106299098	1	5620	65
1784455756.106299098	3	5622	60
1784455766.216482749	1	5620	100
1784455766.216482749	3	5622	0
1784455776.321523753	1	5620	0
1784455776.321523753	3	5622	100
1784455786.413966730	1	5620	100
1784455786.413966730	3	5622	0
1784455796.526471710	1	5620	100
1784455796.526471710	3	5622	6
1784455806.604378432	1	5620	100
1784455806.604378432	3	5622	0
1784455816.714802757	1	5620	100
1784455816.714802757	3	5622	79
1784455826.819687072	1	5620	100
1784455826.819687072	3	5622	0
1784455836.914634575	1	5620	0
1784455836.914634575	3	5622	0
1784455847.021065799	1	5620	0
1784455847.021065799	3	5622	0
1784455857.112141639	1	5620	100
1784455857.112141639	3	5622	0
1784455867.213187741	1	5620	0
1784455867.213187741	3	5622	0
1784455877.325091789	1	5620	0
1784455877.325091789	3	5622	0
1784455887.431697178	1	5620	100
1784455887.431697178	3	5622	0
1784455897.546714919	1	5620	33
1784455897.546714919	3	5622	84
1784455907.648328184	1	5620	0
1784455907.648328184	3	5622	0
1784455917.750324965	1	5620	100
1784455917.750324965	3	5622	0
1784455927.844044202	1	5620	100
1784455927.844044202	3	5622	0
1784455937.940330816	1	5620	100
1784455937.940330816	3	5622	0
1784455948.045479370	1	5620	100
1784455948.045479370	3	5622	0
1784455958.145023105	1	5620	100
1784455958.145023105	3	5622	0
1784455968.249496038	1	5620	67
1784455968.249496038	3	5622	21
1784455978.354394550	1	5620	100
1784455978.354394550	3	5622	0
1784455988.458318212	1	5620	100
1784455988.458318212	3	5622	0
1784455998.561030438	1	5620	52
1784455998.561030438	3	5622	74
1784456008.668547471	1	5620	100
1784456008.668547471	3	5622	0
1784456018.773525995	1	5620	100
1784456018.773525995	3	5622	0
1784456028.882735542	1	5620	100
1784456028.882735542	3	5622	0
1784456038.991000987	1	5620	100
1784456038.991000987	3	5622	0
1784456049.093834147	1	5620	100
1784456049.093834147	3	5622	0
1784456059.201361060	1	5620	100
1784456059.201361060	3	5622	0
1784456069.301896959	1	5620	100
1784456069.301896959	3	5622	0
1784456079.402726122	1	5620	100
1784456079.402726122	3	5622	0
1784456089.508977107	1	5620	100
1784456089.508977107	3	5622	0
1784456099.622196307	1	5620	100
1784456099.622196307	3	5622	0
1784456109.720876388	1	5620	100
1784456109.720876388	3	5622	0
1784456119.815112939	1	5620	100
1784456119.815112939	3	5622	0
1784456129.927568449	1	5620	100
1784456129.927568449	3	5622	0
1784456140.030686549	1	5620	100
1784456140.030686549	3	5622	0
1784456150.137913977	1	5620	100
1784456150.137913977	3	5622	0
1784456160.249309483	1	5620	100
1784456160.249309483	3	5622	0
1784456170.357332317	1	5620	49
1784456170.357332317	3	5622	78
1784456180.461925769	1	5620	100
1784456180.461925769	3	5622	0
1784456190.567352825	1	5620	100
1784456190.567352825	3	5622	0
1784456200.669349153	1	5620	100
1784456200.669349153	3	5622	0
1784456210.775394837	1	5620	100
1784456210.775394837	3	5622	0
1784456220.876623228	1	5620	100
1784456220.876623228	3	5622	0
1784456230.982477496	1	5620	100
1784456230.982477496	3	5622	0
1784456241.088774610	1	5620	100
1784456241.088774610	3	5622	0
1784456251.192929949	1	5620	100
1784456251.192929949	3	5622	0
1784456261.299674355	1	5620	85
1784456261.299674355	3	5622	0
1784456271.403044985	1	5620	100
1784456271.403044985	3	5622	0
1784456281.481656438	1	5620	66
1784456281.481656438	3	5622	95
1784456291.562383473	1	5620	11
1784456291.562383473	3	5622	0
1784456301.665685053	1	5620	70
1784456301.665685053	3	5622	100
1784456311.765201265	1	5620	65
1784456311.765201265	3	5622	47
1784456321.873533352	1	5620	0
1784456321.873533352	3	5622	0
1784456331.979382659	1	5620	0
1784456331.979382659	3	5622	0
1784456342.085526712	1	5620	0
1784456342.085526712	3	5622	100
1784456352.189209696	1	5620	62
1784456352.189209696	3	5622	100
1784456362.298466530	1	5620	0
1784456362.298466530	3	5622	0
1784456372.403480331	1	5620	100
1784456372.403480331	3	5622	0
1784456382.507622750	1	5620	0
1784456382.507622750	3	5622	0
1784456392.614438609	1	5620	0
1784456392.614438609	3	5622	0
1784456402.716431431	1	5620	53
1784456402.716431431	3	5622	43
1784456412.803007198	1	5620	0
1784456412.803007198	3	5622	0
1784456422.908787258	1	5620	0
1784456422.908787258	3	5622	100
1784456433.018227869	1	5620	100
1784456433.018227869	3	5622	0
1784456443.112681300	1	5620	0
1784456443.112681300	3	5622	0
1784456453.218532349	1	5620	0
1784456453.218532349	3	5622	100
1784456463.325358288	1	5620	100
1784456463.325358288	3	5622	6
1784456473.431074627	1	5620	76
1784456473.431074627	3	5622	45
1784456483.539509724	1	5620	0
1784456483.539509724	3	5622	100
1784456493.640853088	1	5620	100
1784456493.640853088	3	5622	0
1784456503.744082581	1	5620	52
1784456503.744082581	3	5622	72
1784456513.847121018	1	5620	0
1784456513.847121018	3	5622	100
1784456523.955691606	1	5620	0
1784456523.955691606	3	5622	100
1784456534.060206518	1	5620	55
1784456534.060206518	3	5622	49
1784456544.166206817	1	5620	0
1784456544.166206817	3	5622	100
1784456554.260843045	1	5620	0
1784456554.260843045	3	5622	100
1784456564.366132357	1	5620	0
1784456564.366132357	3	5622	100
1784456574.472062582	1	5620	0
1784456574.472062582	3	5622	100
1784456584.579172969	1	5620	0
1784456584.579172969	3	5622	100
1784456594.672367650	1	5620	0
1784456594.672367650	3	5622	100
1784456604.764975519	1	5620	0
1784456604.764975519	3	5622	100
1784456614.869756893	1	5620	0
1784456614.869756893	3	5622	100
1784456624.974150769	1	5620	51
1784456624.974150769	3	5622	44
1784456635.071458945	1	5620	0
1784456635.071458945	3	5622	100
1784456645.174513675	1	5620	0
1784456645.174513675	3	5622	100
1784456655.274540348	1	5620	100
1784456655.274540348	3	5622	0
1784456665.370479771	1	5620	0
1784456665.370479771	3	5622	100
1784456675.475310599	1	5620	0
1784456675.475310599	3	5622	100
1784456685.577692842	1	5620	100
1784456685.577692842	3	5622	0
1784456695.682203718	1	5620	63
1784456695.682203718	3	5622	63
1784456705.785794562	1	5620	0
1784456705.785794562	3	5622	100
1784456715.886047558	1	5620	0
1784456715.886047558	3	5622	100
1784456725.986292303	1	5620	0
1784456725.986292303	3	5622	100
1784456736.095132340	1	5620	0
1784456736.095132340	3	5622	100
1784456746.198732314	1	5620	0
1784456746.198732314	3	5622	100
1784456756.301513020	1	5620	0
1784456756.301513020	3	5622	100
1784456766.390611965	1	5620	0
1784456766.390611965	3	5622	100
1784456776.488553005	1	5620	0
1784456776.488553005	3	5622	100
1784456786.584127348	1	5620	0
1784456786.584127348	3	5622	100
1784456796.676315683	1	5620	0
1784456796.676315683	3	5622	0
1784456806.781117986	1	5620	0
1784456806.781117986	3	5622	0
1784456816.885711818	1	5620	0
1784456816.885711818	3	5622	0
1784456827.000504163	1	5620	100
1784456827.000504163	3	5622	6
1784456837.092794772	1	5620	0
1784456837.092794772	3	5622	0
1784456847.198445116	1	5620	100
1784456847.198445116	3	5622	0
1784456857.299960344	1	5620	56
1784456857.299960344	3	5622	80
1784456867.387143037	1	5620	0
1784456867.387143037	3	5622	0
1784456877.492789551	1	5620	100
1784456877.492789551	3	5622	0
1784456887.592788999	1	5620	69
1784456887.592788999	3	5622	52
1784456897.697292797	1	5620	0
1784456897.697292797	3	5622	0
1784456907.801689394	1	5620	100
1784456907.801689394	3	5622	0
1784456917.911740871	1	5620	80
1784456917.911740871	3	5622	55
1784456928.015104877	1	5620	0
1784456928.015104877	3	5622	100
1784456938.103449300	1	5620	0
1784456938.103449300	3	5622	100
1784456948.209733033	1	5620	61
1784456948.209733033	3	5622	58
1784456958.316378545	1	5620	0
1784456958.316378545	3	5622	100
1784456968.423698856	1	5620	29
1784456968.423698856	3	5622	100
1784456978.511762025	1	5620	79
1784456978.511762025	3	5622	51
1784456988.617258463	1	5620	0
1784456988.617258463	3	5622	100
1784456998.723959325	1	5620	57
1784456998.723959325	3	5622	0
1784457008.831330020	1	5620	0
1784457008.831330020	3	5622	100
1784457018.940754244	1	5620	0
1784457018.940754244	3	5622	100
1784457029.047143046	1	5620	100
1784457029.047143046	3	5622	0
1784457039.154161101	1	5620	0
1784457039.154161101	3	5622	100
1784457049.260541229	1	5620	0
1784457049.260541229	3	5622	100
1784457059.365098640	1	5620	15
1784457059.365098640	3	5622	100
1784457069.471022257	1	5620	0
1784457069.471022257	3	5622	100
1784457079.576363839	1	5620	0
1784457079.576363839	3	5622	100
1784457089.684887059	1	5620	0
1784457089.684887059	3	5622	100
1784457099.786646351	1	5620	100
1784457099.786646351	3	5622	0
1784457109.895719028	1	5620	0
1784457109.895719028	3	5622	0
1784457119.998796066	1	5620	0
1784457119.998796066	3	5622	100
1784457130.109682347	1	5620	100
1784457130.109682347	3	5622	0
1784457140.219140383	1	5620	100
1784457140.219140383	3	5622	0
1784457150.313367839	1	5620	0
1784457150.313367839	3	5622	100
1784457160.416731916	1	5620	0
1784457160.416731916	3	5622	100
1784457170.522562916	1	5620	0
1784457170.522562916	3	5622	100
1784457180.634853229	1	5620	0
1784457180.634853229	3	5622	100
1784457190.734974778	1	5620	0
1784457190.734974778	3	5622	100
1784457200.838625080	1	5620	6
1784457200.838625080	3	5622	100
1784457210.931104003	1	5620	27
1784457210.931104003	3	5622	100
1784457221.036960164	1	5620	0
1784457221.036960164	3	5622	100
1784457231.141137908	1	5620	0
1784457231.141137908	3	5622	100
1784457241.244797182	1	5620	97
1784457241.244797182	3	5622	0
1784457251.346700902	1	5620	0
1784457251.346700902	3	5622	100
1784457261.445355929	1	5620	43
1784457261.445355929	3	5622	70
1784457271.542448182	1	5620	0
1784457271.542448182	3	5622	0
1784457281.647553965	1	5620	0
1784457281.647553965	3	5622	0
1784457291.752376298	1	5620	0
1784457291.752376298	3	5622	0
1784457301.853916720	1	5620	61
1784457301.853916720	3	5622	0
1784457311.959634188	1	5620	0
1784457311.959634188	3	5622	0
1784457322.065168683	1	5620	0
1784457322.065168683	3	5622	0
1784457332.149827793	1	5620	100
1784457332.149827793	3	5622	0
1784457342.256470263	1	5620	0
1784457342.256470263	3	5622	0
1784457352.361539391	1	5620	6
1784457352.361539391	3	5622	0
1784457362.468254275	1	5620	71
1784457362.468254275	3	5622	75
1784457372.569326727	1	5620	0
1784457372.569326727	3	5622	0
1784457382.674074995	1	5620	0
1784457382.674074995	3	5622	100
1784457392.776605791	1	5620	100
1784457392.776605791	3	5622	0
1784457402.877232316	1	5620	0
1784457402.877232316	3	5622	6
1784457412.985062539	1	5620	0
1784457412.985062539	3	5622	100
1784457423.091059934	1	5620	1
1784457423.091059934	3	5622	74
1784457433.198477575	1	5620	0
1784457433.198477575	3	5622	100
1784457443.306184263	1	5620	0
1784457443.306184263	3	5622	100
1784457453.404285703	1	5620	0
1784457453.404285703	3	5622	100
1784457463.506222073	1	5620	0
1784457463.506222073	3	5622	100
1784457473.612701415	1	5620	0
1784457473.612701415	3	5622	100
1784457483.713504114	1	5620	35
1784457483.713504114	3	5622	90
1784457493.819182042	1	5620	0
1784457493.819182042	3	5622	100
1784457503.924318114	1	5620	0
1784457503.924318114	3	5622	100
1784457514.032150709	1	5620	0
1784457514.032150709	3	5622	100
1784457524.129622287	1	5620	0
1784457524.129622287	3	5622	100
1784457534.235898166	1	5620	0
1784457534.235898166	3	5622	100
1784457544.330849968	1	5620	0
1784457544.330849968	3	5622	100
1784457554.436684379	1	5620	0
1784457554.436684379	3	5622	100
1784457564.538789773	1	5620	91
1784457564.538789773	3	5622	53
1784457574.650582560	1	5620	0
1784457574.650582560	3	5622	100
1784457584.757161535	1	5620	72
1784457584.757161535	3	5622	44
1784457594.863069654	1	5620	100
1784457594.863069654	3	5622	0
1784457604.964107972	1	5620	0
1784457604.964107972	3	5622	100
1784457615.067118329	1	5620	100
1784457615.067118329	3	5622	0
1784457625.173294257	1	5620	100
1784457625.173294257	3	5622	0
1784457635.272089720	1	5620	0
1784457635.272089720	3	5622	100
1784457645.376371907	1	5620	100
1784457645.376371907	3	5622	0
1784457655.482878713	1	5620	0
1784457655.482878713	3	5622	97
1784457665.590462018	1	5620	0
1784457665.590462018	3	5622	100
1784457675.690263199	1	5620	0
1784457675.690263199	3	5622	100
1784457685.789954618	1	5620	0
1784457685.789954618	3	5622	100
1784457695.892250990	1	5620	0
1784457695.892250990	3	5622	100
1784457705.996217906	1	5620	0
1784457705.996217906	3	5622	100
1784457716.092075292	1	5620	0
1784457716.092075292	3	5622	100
1784457726.193879001	1	5620	0
1784457726.193879001	3	5622	100
1784457736.292164587	1	5620	60
1784457736.292164587	3	5622	78
1784457746.391486234	1	5620	0
1784457746.391486234	3	5622	0
1784457756.497606433	1	5620	0
1784457756.497606433	3	5622	0
1784457766.597257555	1	5620	0
1784457766.597257555	3	5622	0
1784457776.700002211	1	5620	96
1784457776.700002211	3	5622	0
1784457786.803185149	1	5620	0
1784457786.803185149	3	5622	0
1784457796.910305176	1	5620	0
1784457796.910305176	3	5622	0
1784457807.018237981	1	5620	81
1784457807.018237981	3	5622	55
1784457817.120839628	1	5620	0
1784457817.120839628	3	5622	0
1784457827.226357133	1	5620	0
1784457827.226357133	3	5622	0
1784457837.351001905	1	5620	0
1784457837.351001905	3	5622	100
1784457847.457284564	1	5620	0
1784457847.457284564	3	5622	0
1784457857.565307120	1	5620	0
1784457857.565307120	3	5622	0
1784457867.677346556	1	5620	81
1784457867.677346556	3	5622	77
1784457877.786485493	1	5620	0
1784457877.786485493	3	5622	100
1784457887.891899295	1	5620	0
1784457887.891899295	3	5622	100
1784457897.994902534	1	5620	22
1784457897.994902534	3	5622	100
1784457908.102306234	1	5620	0
1784457908.102306234	3	5622	100
1784457918.207553665	1	5620	0
1784457918.207553665	3	5622	100
1784457928.314969573	1	5620	67
1784457928.314969573	3	5622	53
1784457938.420919050	1	5620	0
1784457938.420919050	3	5622	100
1784457948.527017539	1	5620	0
1784457948.527017539	3	5622	100
1784457958.630505814	1	5620	0
1784457958.630505814	3	5622	100
1784457968.734594579	1	5620	0
1784457968.734594579	3	5622	100
1784457978.835238523	1	5620	0
1784457978.835238523	3	5622	100
1784457988.937698437	1	5620	0
1784457988.937698437	3	5622	100
1784457999.045030068	1	5620	0
1784457999.045030068	3	5622	100
1784458009.151233274	1	5620	0
1784458009.151233274	3	5622	100
1784458019.256611837	1	5620	0
1784458019.256611837	3	5622	100
1784458029.362532615	1	5620	0
1784458029.362532615	3	5622	100
1784458039.467996738	1	5620	0
1784458039.467996738	3	5622	100
1784458049.572585452	1	5620	83
1784458049.572585452	3	5622	56
1784458059.685313284	1	5620	0
1784458059.685313284	3	5622	100
1784458069.791395509	1	5620	0
1784458069.791395509	3	5622	100
1784458079.894345232	1	5620	0
1784458079.894345232	3	5622	100
1784458090.002796054	1	5620	84
1784458090.002796054	3	5622	40
1784458100.087388365	1	5620	0
1784458100.087388365	3	5622	100
1784458110.195307078	1	5620	0
1784458110.195307078	3	5622	100
1784458120.303473263	1	5620	53
1784458120.303473263	3	5622	79
1784458130.412219347	1	5620	0
1784458130.412219347	3	5622	100
1784458140.499946907	1	5620	0
1784458140.499946907	3	5622	100
1784458150.598276160	1	5620	0
1784458150.598276160	3	5622	100
1784458160.702678916	1	5620	0
1784458160.702678916	3	5622	100
1784458170.804822948	1	5620	0
1784458170.804822948	3	5622	100
1784458180.907881465	1	5620	0
1784458180.907881465	3	5622	100
1784458191.014686709	1	5620	0
1784458191.014686709	3	5622	100
1784458201.090114540	1	5620	5
1784458201.090114540	3	5622	100
1784458211.188750159	1	5620	0
1784458211.188750159	3	5622	100
1784458221.285634298	1	5620	0
1784458221.285634298	3	5622	0
1784458231.388889615	1	5620	0
1784458231.388889615	3	5622	0
1784458241.495346332	1	5620	0
1784458241.495346332	3	5622	0
1784458251.597030518	1	5620	100
1784458251.597030518	3	5622	0
1784458261.702917641	1	5620	0
1784458261.702917641	3	5622	0
1784458271.809903619	1	5620	1
1784458271.809903619	3	5622	0
1784458281.921225470	1	5620	100
1784458281.921225470	3	5622	66
1784458292.019589816	1	5620	0
1784458292.019589816	3	5622	0
1784458302.126642613	1	5620	0
1784458302.126642613	3	5622	6
1784458312.209110346	1	5620	66
1784458312.209110346	3	5622	67
1784458322.314618842	1	5620	0
1784458322.314618842	3	5622	0
1784458332.415999789	1	5620	0
1784458332.415999789	3	5622	100
1784458342.502787946	1	5620	0
1784458342.502787946	3	5622	100
1784458352.612313495	1	5620	0
1784458352.612313495	3	5622	100
1784458362.717167663	1	5620	0
1784458362.717167663	3	5622	100
1784458372.806874212	1	5620	100
1784458372.806874212	3	5622	0
1784458382.915578269	1	5620	0
1784458382.915578269	3	5622	100
1784458393.018624253	1	5620	0
1784458393.018624253	3	5622	100
1784458403.130689306	1	5620	62
1784458403.130689306	3	5622	50
1784458413.250014510	1	5620	0
1784458413.250014510	3	5622	100
1784458423.356439391	1	5620	0
1784458423.356439391	3	5622	100
1784458433.465135356	1	5620	0
1784458433.465135356	3	5622	17
1784458443.571158187	1	5620	0
1784458443.571158187	3	5622	100
1784458453.676597803	1	5620	0
1784458453.676597803	3	5622	100
1784458463.782727980	1	5620	0
1784458463.782727980	3	5622	100
1784458473.887142233	1	5620	0
1784458473.887142233	3	5622	100
1784458483.992926056	1	5620	0
1784458483.992926056	3	5622	100
1784458494.100677215	1	5620	0
1784458494.100677215	3	5622	100
1784458504.206637210	1	5620	0
1784458504.206637210	3	5622	100
1784458514.310282995	1	5620	0
1784458514.310282995	3	5622	100
1784458524.411347049	1	5620	0
1784458524.411347049	3	5622	100
1784458534.507396865	1	5620	0
1784458534.507396865	3	5622	100
1784458544.609650511	1	5620	0
1784458544.609650511	3	5622	100
1784458554.716370063	1	5620	0
1784458554.716370063	3	5622	100
1784458564.823498616	1	5620	0
1784458564.823498616	3	5622	100
1784458574.927442732	1	5620	0
1784458574.927442732	3	5622	100
1784458585.032685881	1	5620	0
1784458585.032685881	3	5622	100
1784458595.137471470	1	5620	0
1784458595.137471470	3	5622	100
1784458605.247680077	1	5620	6
1784458605.247680077	3	5622	100
1784458615.346990665	1	5620	0
1784458615.346990665	3	5622	100
1784458625.451154159	1	5620	0
1784458625.451154159	3	5622	100
1784458635.557514522	1	5620	0
1784458635.557514522	3	5622	100
1784458645.656112997	1	5620	0
1784458645.656112997	3	5622	100
1784458655.760644071	1	5620	0
1784458655.760644071	3	5622	100
1784458665.862290678	1	5620	86
1784458665.862290678	3	5622	26
1784458675.966098515	1	5620	0
1784458675.966098515	3	5622	100
1784458686.071280849	1	5620	0
1784458686.071280849	3	5622	60
1784458696.166423052	1	5620	0
1784458696.166423052	3	5622	0
1784458706.269537487	1	5620	0
1784458706.269537487	3	5622	0
1784458716.370149542	1	5620	0
1784458716.370149542	3	5622	0
1784458726.474155207	1	5620	100
1784458726.474155207	3	5622	6
1784458736.579958632	1	5620	0
1784458736.579958632	3	5622	0
1784458746.684503744	1	5620	0
1784458746.684503744	3	5622	0
1784458756.792714267	1	5620	79
1784458756.792714267	3	5622	52
1784458766.904841960	1	5620	0
1784458766.904841960	3	5622	0
1784458777.008051901	1	5620	0
1784458777.008051901	3	5622	0
1784458787.128011922	1	5620	6
1784458787.128011922	3	5622	100
1784458797.233124396	1	5620	0
1784458797.233124396	3	5622	0
1784458807.339107859	1	5620	0
1784458807.339107859	3	5622	100
1784458817.445457197	1	5620	100
1784458817.445457197	3	5622	0
1784458827.551688554	1	5620	0
1784458827.551688554	3	5622	100
1784458837.650831281	1	5620	0
1784458837.650831281	3	5622	100
1784458847.754261520	1	5620	100
1784458847.754261520	3	5622	0
1784458857.853526166	1	5620	0
1784458857.853526166	3	5622	100
1784458867.957856999	1	5620	0
1784458867.957856999	3	5622	100
1784458878.064847730	1	5620	0
1784458878.064847730	3	5622	100
1784458888.173647609	1	5620	0
1784458888.173647609	3	5622	100
1784458898.275749298	1	5620	0
1784458898.275749298	3	5622	100
1784458908.380213068	1	5620	0
1784458908.380213068	3	5622	100
1784458918.481145352	1	5620	0
1784458918.481145352	3	5622	100
1784458928.588404727	1	5620	0
1784458928.588404727	3	5622	100
1784458938.693587523	1	5620	0
1784458938.693587523	3	5622	100
1784458948.799486431	1	5620	0
1784458948.799486431	3	5622	100
1784458958.907394368	1	5620	1
1784458958.907394368	3	5622	100
1784458969.013462421	1	5620	81
1784458969.013462421	3	5622	56
1784458979.119364771	1	5620	0
1784458979.119364771	3	5622	100
1784458989.222925665	1	5620	87
1784458989.222925665	3	5622	31
1784458999.311973290	1	5620	68
1784458999.311973290	3	5622	28
1784459009.422293353	1	5620	0
1784459009.422293353	3	5622	0
1784459019.527542183	1	5620	0
1784459019.527542183	3	5622	100
1784459029.627819173	1	5620	0
1784459029.627819173	3	5622	100
1784459039.731550328	1	5620	100
1784459039.731550328	3	5622	0
1784459049.840671522	1	5620	0
1784459049.840671522	3	5622	100
1784459059.948848336	1	5620	0
1784459059.948848336	3	5622	100
1784459070.059626846	1	5620	87
1784459070.059626846	3	5622	55
1784459080.172727885	1	5620	0
1784459080.172727885	3	5622	100
1784459090.275578455	1	5620	0
1784459090.275578455	3	5622	100
1784459100.379362731	1	5620	0
1784459100.379362731	3	5622	0
1784459110.483525052	1	5620	0
1784459110.483525052	3	5622	100
1784459120.588727098	1	5620	0
1784459120.588727098	3	5622	100
1784459130.693381886	1	5620	0
1784459130.693381886	3	5622	100
1784459140.801435407	1	5620	0
1784459140.801435407	3	5622	100
1784459150.907051434	1	5620	0
1784459150.907051434	3	5622	100
1784459161.005414392	1	5620	66
1784459161.005414392	3	5622	66
1784459171.106762808	1	5620	0
1784459171.106762808	3	5622	0
1784459181.206880633	1	5620	0
1784459181.206880633	3	5622	0
1784459191.307627344	1	5620	0
1784459191.307627344	3	5622	0
1784459201.407976883	1	5620	100
1784459201.407976883	3	5622	0
1784459211.513826330	1	5620	0
1784459211.513826330	3	5622	0
1784459221.617311041	1	5620	100
1784459221.617311041	3	5622	0
1784459231.719856082	1	5620	19
1784459231.719856082	3	5622	75
1784459241.821607108	1	5620	0
1784459241.821607108	3	5622	0
1784459251.926143843	1	5620	0
1784459251.926143843	3	5622	0
1784459262.012692519	1	5620	60
1784459262.012692519	3	5622	17
1784459272.119060455	1	5620	0
1784459272.119060455	3	5622	100
1784459282.219795087	1	5620	0
1784459282.219795087	3	5622	0
1784459292.322857942	1	5620	100
1784459292.322857942	3	5622	0
1784459302.427878528	1	5620	0
1784459302.427878528	3	5622	100
1784459312.530438108	1	5620	0
1784459312.530438108	3	5622	100
1784459322.637231404	1	5620	0
1784459322.637231404	3	5622	100
1784459332.750708712	1	5620	0
1784459332.750708712	3	5622	100
1784459342.857688540	1	5620	0
1784459342.857688540	3	5622	0
1784459352.962860277	1	5620	0
1784459352.962860277	3	5622	100
1784459363.070411269	1	5620	0
1784459363.070411269	3	5622	100
1784459373.172020218	1	5620	0
1784459373.172020218	3	5622	0
1784459383.266037904	1	5620	0
1784459383.266037904	3	5622	100
1784459393.362861213	1	5620	0
1784459393.362861213	3	5622	100
1784459403.464795633	1	5620	100
1784459403.464795633	3	5622	0
1784459413.572726872	1	5620	0
1784459413.572726872	3	5622	100
1784459423.675455739	1	5620	0
1784459423.675455739	3	5622	100
1784459433.782797492	1	5620	71
1784459433.782797492	3	5622	83
1784459443.889899149	1	5620	0
1784459443.889899149	3	5622	42
1784459453.972861146	1	5620	30
1784459453.972861146	3	5622	95
1784459464.077642618	1	5620	0
1784459464.077642618	3	5622	100
1784459474.179818704	1	5620	0
1784459474.179818704	3	5622	100
1784459484.283708789	1	5620	0
1784459484.283708789	3	5622	100
1784459494.391714861	1	5620	0
1784459494.391714861	3	5622	100
1784459504.495575269	1	5620	100
1784459504.495575269	3	5622	0
1784459514.596707285	1	5620	0
1784459514.596707285	3	5622	100
1784459524.701475776	1	5620	0
1784459524.701475776	3	5622	100
1784459534.811245620	1	5620	0
1784459534.811245620	3	5622	71
1784459544.919521052	1	5620	0
1784459544.919521052	3	5622	100
1784459555.025053595	1	5620	0
1784459555.025053595	3	5622	100
1784459565.131410941	1	5620	0
1784459565.131410941	3	5622	100
1784459575.237080323	1	5620	0
1784459575.237080323	3	5622	100
1784459585.345149485	1	5620	0
1784459585.345149485	3	5622	100
1784459595.448835276	1	5620	0
1784459595.448835276	3	5622	100
1784459605.554444289	1	5620	0
1784459605.554444289	3	5622	100
1784459615.656887527	1	5620	38
1784459615.656887527	3	5622	93
1784459625.757903639	1	5620	18
1784459625.757903639	3	5622	100
1784459635.853515741	1	5620	0
1784459635.853515741	3	5622	100
1784459645.950506919	1	5620	0
1784459645.950506919	3	5622	0
1784459656.053754355	1	5620	0
1784459656.053754355	3	5622	0
1784459666.157287985	1	5620	0
1784459666.157287985	3	5622	0
1784459676.259472258	1	5620	100
1784459676.259472258	3	5622	0
1784459686.359918016	1	5620	0
1784459686.359918016	3	5622	0
1784459696.466154405	1	5620	0
1784459696.466154405	3	5622	0
1784459706.566875185	1	5620	100
1784459706.566875185	3	5622	0
1784459716.665030125	1	5620	0
1784459716.665030125	3	5622	0
1784459726.756589352	1	5620	0
1784459726.756589352	3	5622	0
1784459736.861400919	1	5620	71
1784459736.861400919	3	5622	64
1784459746.965849440	1	5620	58
1784459746.965849440	3	5622	70
1784459757.058104651	1	5620	6
1784459757.058104651	3	5622	100
1784459767.167593119	1	5620	100
1784459767.167593119	3	5622	0
1784459777.266722234	1	5620	14
1784459777.266722234	3	5622	80
1784459787.366975455	1	5620	0
1784459787.366975455	3	5622	100
1784459797.475897742	1	5620	100
1784459797.475897742	3	5622	0
1784459807.584300946	1	5620	0
1784459807.584300946	3	5622	100
1784459817.688494419	1	5620	0
1784459817.688494419	3	5622	100
1784459827.782770178	1	5620	0
1784459827.782770178	3	5622	100
1784459837.888133966	1	5620	0
1784459837.888133966	3	5622	100
1784459847.993205020	1	5620	0
1784459847.993205020	3	5622	100
1784459858.099759759	1	5620	0
1784459858.099759759	3	5622	100
1784459868.210829388	1	5620	0
1784459868.210829388	3	5622	100
1784459878.309576483	1	5620	0
1784459878.309576483	3	5622	100
1784459888.416061569	1	5620	0
1784459888.416061569	3	5622	100
1784459898.522568648	1	5620	64
1784459898.522568648	3	5622	56
1784459908.625596660	1	5620	0
1784459908.625596660	3	5622	100
1784459918.735302136	1	5620	0
1784459918.735302136	3	5622	100
1784459928.833600154	1	5620	100
1784459928.833600154	3	5622	0
1784459938.939089734	1	5620	100
1784459938.939089734	3	5622	0
1784459949.046081413	1	5620	0
1784459949.046081413	3	5622	100
1784459959.157700468	1	5620	41
1784459959.157700468	3	5622	87
1784459969.263770489	1	5620	100
1784459969.263770489	3	5622	0
1784459979.369472633	1	5620	0
1784459979.369472633	3	5622	100
1784459989.460465079	1	5620	76
1784459989.460465079	3	5622	55
1784459999.548573199	1	5620	100
1784459999.548573199	3	5622	0
1784460009.658951298	1	5620	0
1784460009.658951298	3	5622	100
1784460019.771448545	1	5620	100
1784460019.771448545	3	5622	0
1784460029.877271759	1	5620	26
1784460029.877271759	3	5622	80
1784460039.985603574	1	5620	0
1784460039.985603574	3	5622	100
1784460050.096294100	1	5620	0
1784460050.096294100	3	5622	100
1784460060.181774125	1	5620	0
1784460060.181774125	3	5622	100
1784460070.282677155	1	5620	0
1784460070.282677155	3	5622	100
1784460080.387108494	1	5620	0
1784460080.387108494	3	5622	100
1784460090.489853768	1	5620	0
1784460090.489853768	3	5622	100
1784460100.596561059	1	5620	0
1784460100.596561059	3	5622	100
1784460110.700507799	1	5620	0
1784460110.700507799	3	5622	100
1784460120.804009579	1	5620	64
1784460120.804009579	3	5622	67
1784460130.905520059	1	5620	0
1784460130.905520059	3	5622	0
1784460141.007141330	1	5620	0
1784460141.007141330	3	5622	0
1784460151.113130710	1	5620	100
1784460151.113130710	3	5622	64
1784460161.214951411	1	5620	0
1784460161.214951411	3	5622	0
1784460171.320684184	1	5620	0
1784460171.320684184	3	5622	0
1784460181.424605071	1	5620	100
1784460181.424605071	3	5622	0
1784460191.529562493	1	5620	0
1784460191.529562493	3	5622	0
1784460201.636221709	1	5620	0
1784460201.636221709	3	5622	0
1784460211.741385796	1	5620	100
1784460211.741385796	3	5622	0
1784460221.846158825	1	5620	3
1784460221.846158825	3	5622	0
1784460231.944711657	1	5620	0
1784460231.944711657	3	5622	100
1784460242.052466691	1	5620	100
1784460242.052466691	3	5622	0
1784460252.153837100	1	5620	0
1784460252.153837100	3	5622	0
1784460262.258468691	1	5620	0
1784460262.258468691	3	5622	100
1784460272.356606958	1	5620	100
1784460272.356606958	3	5622	0
1784460282.464582640	1	5620	0
1784460282.464582640	3	5622	100
1784460292.567917482	1	5620	0
1784460292.567917482	3	5622	100
1784460302.670680129	1	5620	100
1784460302.670680129	3	5622	0
1784460312.766290758	1	5620	77
1784460312.766290758	3	5622	50
1784460322.849193824	1	5620	0
1784460322.849193824	3	5622	100
1784460332.957533685	1	5620	100
1784460332.957533685	3	5622	0
1784460343.050218607	1	5620	73
1784460343.050218607	3	5622	75
1784460353.135045835	1	5620	0
1784460353.135045835	3	5622	100
1784460363.225421507	1	5620	0
1784460363.225421507	3	5622	100
1784460373.337653977	1	5620	6
1784460373.337653977	3	5622	100
1784460383.432718614	1	5620	0
1784460383.432718614	3	5622	100
1784460393.538410878	1	5620	0
1784460393.538410878	3	5622	100
1784460403.647722322	1	5620	47
1784460403.647722322	3	5622	55
1784460413.752259860	1	5620	100
1784460413.752259860	3	5622	0
1784460423.857127724	1	5620	0
1784460423.857127724	3	5622	100
1784460433.959075831	1	5620	0
1784460433.959075831	3	5622	100
1784460444.066588878	1	5620	21
1784460444.066588878	3	5622	0
1784460454.171883961	1	5620	0
1784460454.171883961	3	5622	100
1784460464.274763778	1	5620	0
1784460464.274763778	3	5622	0
1784460474.377877514	1	5620	0
1784460474.377877514	3	5622	100
1784460484.479720528	1	5620	0
1784460484.479720528	3	5622	100
1784460494.589090626	1	5620	0
1784460494.589090626	3	5622	0
1784460504.691598182	1	5620	0
1784460504.691598182	3	5622	100
1784460514.798165554	1	5620	0
1784460514.798165554	3	5622	100
1784460524.903707460	1	5620	0
1784460524.903707460	3	5622	0
1784460535.012988008	1	5620	68
1784460535.012988008	3	5622	32
1784460545.119686672	1	5620	100
1784460545.119686672	3	5622	60
1784460555.235048200	1	5620	0
1784460555.235048200	3	5622	100
1784460565.334647017	1	5620	0
1784460565.334647017	3	5622	100
1784460575.435590107	1	5620	0
1784460575.435590107	3	5622	100
1784460585.535520791	1	5620	0
1784460585.535520791	3	5622	100
1784460595.634596674	1	5620	0
1784460595.634596674	3	5622	100
1784460605.734260642	1	5620	0
1784460605.734260642	3	5622	0
1784460615.841328935	1	5620	0
1784460615.841328935	3	5622	0
1784460625.950350189	1	5620	100
1784460625.950350189	3	5622	6
1784460636.060283810	1	5620	0
1784460636.060283810	3	5622	34
1784460646.158337315	1	5620	0
1784460646.158337315	3	5622	0
1784460656.261354802	1	5620	100
1784460656.261354802	3	5622	0
1784460666.352081105	1	5620	36
1784460666.352081105	3	5622	93
1784460676.458843923	1	5620	0
1784460676.458843923	3	5622	0
1784460686.562854055	1	5620	100
1784460686.562854055	3	5622	0
1784460696.664586015	1	5620	0
1784460696.664586015	3	5622	0
1784460706.765092003	1	5620	0
1784460706.765092003	3	5622	100
1784460716.868702611	1	5620	100
1784460716.868702611	3	5622	0
1784460726.978209147	1	5620	57
1784460726.978209147	3	5622	50
1784460737.080429164	1	5620	0
1784460737.080429164	3	5622	100
1784460747.169361172	1	5620	0
1784460747.169361172	3	5622	100
1784460757.266965975	1	5620	43
1784460757.266965975	3	5622	0
1784460767.353481684	1	5620	0
1784460767.353481684	3	5622	100
1784460777.454215209	1	5620	54
1784460777.454215209	3	5622	100
1784460787.555360084	1	5620	0
1784460787.555360084	3	5622	0
1784460797.660196572	1	5620	0
1784460797.660196572	3	5622	100
1784460807.767467673	1	5620	74
1784460807.767467673	3	5622	0
1784460817.863403646	1	5620	0
1784460817.863403646	3	5622	100
1784460827.956028718	1	5620	0
1784460827.956028718	3	5622	100
1784460838.050539150	1	5620	100
1784460838.050539150	3	5622	0
1784460848.154271943	1	5620	0
1784460848.154271943	3	5622	100
1784460858.262146609	1	5620	0
1784460858.262146609	3	5622	100
1784460868.354394387	1	5620	6
1784460868.354394387	3	5622	100
1784460878.444060087	1	5620	0
1784460878.444060087	3	5622	100
1784460888.553954336	1	5620	67
1784460888.553954336	3	5622	100
1784460898.666371118	1	5620	0
1784460898.666371118	3	5622	100
1784460908.777059757	1	5620	0
1784460908.777059757	3	5622	100
1784460918.876507957	1	5620	0
1784460918.876507957	3	5622	0
1784460928.975574630	1	5620	6
1784460928.975574630	3	5622	100
1784460939.064331409	1	5620	0
1784460939.064331409	3	5622	100
1784460949.172789187	1	5620	0
1784460949.172789187	3	5622	100
1784460959.277790437	1	5620	0
1784460959.277790437	3	5622	100
1784460969.384965218	1	5620	0
1784460969.384965218	3	5622	100
1784460979.488635821	1	5620	0
1784460979.488635821	3	5622	100
1784460989.594081021	1	5620	0
1784460989.594081021	3	5622	100
1784460999.693284909	1	5620	0
1784460999.693284909	3	5622	100
1784461009.795032411	1	5620	0
1784461009.795032411	3	5622	100
1784461019.893419046	1	5620	0
1784461019.893419046	3	5622	100
1784461029.999585102	1	5620	0
1784461029.999585102	3	5622	100
1784461040.107608481	1	5620	92
1784461040.107608481	3	5622	20
1784461050.210266368	1	5620	0
1784461050.210266368	3	5622	100
1784461060.309763837	1	5620	0
1784461060.309763837	3	5622	100
1784461070.408488626	1	5620	0
1784461070.408488626	3	5622	100
1784461080.499952558	1	5620	0
1784461080.499952558	3	5622	0
1784461090.607668866	1	5620	0
1784461090.607668866	3	5622	0
1784461100.713091823	1	5620	100
1784461100.713091823	3	5622	0
1784461110.807881037	1	5620	0
1784461110.807881037	3	5622	0
1784461120.917767417	1	5620	0
1784461120.917767417	3	5622	0
1784461131.021525234	1	5620	100
1784461131.021525234	3	5622	25
1784461141.108720866	1	5620	0
1784461141.108720866	3	5622	100
1784461151.216845279	1	5620	0
1784461151.216845279	3	5622	0
1784461161.321889526	1	5620	0
1784461161.321889526	3	5622	0
1784461171.425365331	1	5620	70
1784461171.425365331	3	5622	70
1784461181.520059567	1	5620	0
1784461181.520059567	3	5622	6
1784461191.626758204	1	5620	100
1784461191.626758204	3	5622	0
1784461201.721793925	1	5620	73
1784461201.721793925	3	5622	84
1784461211.808179091	1	5620	0
1784461211.808179091	3	5622	100
1784461221.902306269	1	5620	0
1784461221.902306269	3	5622	100
1784461232.008513863	1	5620	0
1784461232.008513863	3	5622	100
1784461242.113495283	1	5620	0
1784461242.113495283	3	5622	100
1784461252.220507513	1	5620	0
1784461252.220507513	3	5622	100
1784461262.325784135	1	5620	0
1784461262.325784135	3	5622	100
1784461272.433514816	1	5620	0
1784461272.433514816	3	5622	100
1784461282.534907159	1	5620	0
1784461282.534907159	3	5622	100
1784461292.707658465	1	5620	0
1784461292.707658465	3	5622	100
1784461302.795423078	1	5620	0
1784461302.795423078	3	5622	100
1784461312.883451186	1	5620	0
1784461312.883451186	3	5622	100
1784461322.964927064	1	5620	0
1784461322.964927064	3	5622	100
1784461333.053926749	1	5620	0
1784461333.053926749	3	5622	100
1784461343.167824942	1	5620	0
1784461343.167824942	3	5622	100
1784461353.249407755	1	5620	0
1784461353.249407755	3	5622	100
1784461363.349294833	1	5620	0
1784461363.349294833	3	5622	100
1784461373.461336939	1	5620	100
1784461373.461336939	3	5622	0
1784461383.552370724	1	5620	0
1784461383.552370724	3	5622	100
1784461393.656662283	1	5620	0
1784461393.656662283	3	5622	100
1784461403.753885184	1	5620	0
1784461403.753885184	3	5622	100
1784461413.854755413	1	5620	0
1784461413.854755413	3	5622	100
1784461424.065351782	1	5620	0
1784461424.065351782	3	5622	0
1784461434.185047982	1	5620	0
1784461434.185047982	3	5622	100
1784461444.302648889	1	5620	0
1784461444.302648889	3	5622	100
1784461454.403739032	1	5620	0
1784461454.403739032	3	5622	100
1784461464.521984871	1	5620	0
1784461464.521984871	3	5622	100
1784461474.623129293	1	5620	0
1784461474.623129293	3	5622	100
1784461484.735249455	1	5620	0
1784461484.735249455	3	5622	100
1784461494.836018735	1	5620	0
1784461494.836018735	3	5622	100
1784461504.947532077	1	5620	0
1784461504.947532077	3	5622	100
1784461515.049453282	1	5620	0
1784461515.049453282	3	5622	100
1784461525.158836597	1	5620	0
1784461525.158836597	3	5622	100
1784461535.253115062	1	5620	0
1784461535.253115062	3	5622	100
1784461545.342887124	1	5620	0
1784461545.342887124	3	5622	100
1784461555.421681947	1	5620	0
1784461555.421681947	3	5622	100
1784461565.519567627	1	5620	0
1784461565.519567627	3	5622	100
1784461575.613560600	1	5620	0
1784461575.613560600	3	5622	0
1784461585.698448251	1	5620	0
1784461585.698448251	3	5622	0
1784461595.779373208	1	5620	0
1784461595.779373208	3	5622	0
1784461605.872230581	1	5620	46
1784461605.872230581	3	5622	47
1784461616.066561406	1	5620	0
1784461616.066561406	3	5622	0
1784461626.163950007	1	5620	67
1784461626.163950007	3	5622	40
1784461636.262031438	1	5620	0
1784461636.262031438	3	5622	100
1784461646.363868846	1	5620	0
1784461646.363868846	3	5622	0
1784461656.446724559	1	5620	100
1784461656.446724559	3	5622	0
1784461666.538892087	1	5620	0
1784461666.538892087	3	5622	70
1784461676.679096279	1	5620	0
1784461676.679096279	3	5622	0
1784461686.813243303	1	5620	0
1784461686.813243303	3	5622	100
1784461696.894745335	1	5620	7
1784461696.894745335	3	5622	82
1784461706.992560897	1	5620	0
1784461706.992560897	3	5622	0
1784461717.086899921	1	5620	0
1784461717.086899921	3	5622	100
1784461727.185251129	1	5620	100
1784461727.185251129	3	5622	0
1784461737.325957873	1	5620	0
1784461737.325957873	3	5622	0
1784461747.449674661	1	5620	0
1784461747.449674661	3	5622	100
1784461757.580853567	1	5620	100
1784461757.580853567	3	5622	0
1784461767.663689386	1	5620	80
1784461767.663689386	3	5622	58
1784461777.753737562	1	5620	0
1784461777.753737562	3	5622	100
1784461787.858348301	1	5620	100
1784461787.858348301	3	5622	0
1784461797.972974236	1	5620	0
1784461797.972974236	3	5622	100
1784461808.059380457	1	5620	0
1784461808.059380457	3	5622	100
1784461818.140860489	1	5620	100
1784461818.140860489	3	5622	0
1784461828.222294298	1	5620	0
1784461828.222294298	3	5622	100
1784461838.322013333	1	5620	79
1784461838.322013333	3	5622	43
1784461848.407372416	1	5620	0
1784461848.407372416	3	5622	100
1784461858.507047901	1	5620	0
1784461858.507047901	3	5622	100
1784461868.617658501	1	5620	0
1784461868.617658501	3	5622	99
1784461878.725893743	1	5620	100
1784461878.725893743	3	5622	0
1784461888.836870907	1	5620	0
1784461888.836870907	3	5622	100
1784461898.965638500	1	5620	61
1784461898.965638500	3	5622	23
1784461909.079530217	1	5620	0
1784461909.079530217	3	5622	100
1784461919.202121220	1	5620	0
1784461919.202121220	3	5622	100
1784461929.306553953	1	5620	29
1784461929.306553953	3	5622	100
1784461939.435010955	1	5620	0
1784461939.435010955	3	5622	100
1784461949.546870511	1	5620	0
1784461949.546870511	3	5622	100
1784461959.652196825	1	5620	0
1784461959.652196825	3	5622	100
1784461969.804477303	1	5620	0
1784461969.804477303	3	5622	100
1784461979.887029981	1	5620	0
1784461979.887029981	3	5622	100
1784461989.982107627	1	5620	0
1784461989.982107627	3	5622	100
1784462000.083441393	1	5620	100
1784462000.083441393	3	5622	0
1784462010.207315825	1	5620	76
1784462010.207315825	3	5622	58
1784462020.297880469	1	5620	0
1784462020.297880469	3	5622	100
1784462030.381842689	1	5620	0
1784462030.381842689	3	5622	100
1784462040.467137219	1	5620	0
1784462040.467137219	3	5622	100
1784462050.567748249	1	5620	0
1784462050.567748249	3	5622	100
1784462060.664353028	1	5620	0
1784462060.664353028	3	5622	100
1784462070.744552832	1	5620	72
1784462070.744552832	3	5622	59
1784462080.853628256	1	5620	0
1784462080.853628256	3	5622	0
1784462090.973873497	1	5620	0
1784462090.973873497	3	5622	0
1784462101.100784318	1	5620	0
1784462101.100784318	3	5622	0
1784462111.197292193	1	5620	0
1784462111.197292193	3	5622	0
1784462121.301681726	1	5620	0
1784462121.301681726	3	5622	0
1784462131.406711857	1	5620	100
1784462131.406711857	3	5622	0
1784462141.484464983	1	5620	64
1784462141.484464983	3	5622	75
1784462151.568484740	1	5620	0
1784462151.568484740	3	5622	0
1784462161.681217200	1	5620	0
1784462161.681217200	3	5622	0
1784462171.787427433	1	5620	74
1784462171.787427433	3	5622	24
1784462181.909614784	1	5620	0
1784462181.909614784	3	5622	17
1784462192.011028747	1	5620	0
1784462192.011028747	3	5622	0
1784462202.117352833	1	5620	100
1784462202.117352833	3	5622	23
1784462212.226788292	1	5620	0
1784462212.226788292	3	5622	100
1784462222.349883016	1	5620	0
1784462222.349883016	3	5622	100
1784462232.479375250	1	5620	84
1784462232.479375250	3	5622	54
1784462242.593253828	1	5620	0
1784462242.593253828	3	5622	100
1784462252.677921721	1	5620	0
1784462252.677921721	3	5622	100
1784462262.799993398	1	5620	58
1784462262.799993398	3	5622	59
1784462272.884724202	1	5620	100
1784462272.884724202	3	5622	0
1784462282.981919568	1	5620	0
1784462282.981919568	3	5622	100
1784462293.088680406	1	5620	100
1784462293.088680406	3	5622	73
1784462303.220159567	1	5620	0
1784462303.220159567	3	5622	100
1784462313.322601143	1	5620	0
1784462313.322601143	3	5622	100
1784462323.486730900	1	5620	100
1784462323.486730900	3	5622	0
1784462333.596316208	1	5620	17
1784462333.596316208	3	5622	38
1784462343.750846439	1	5620	0
1784462343.750846439	3	5622	100
1784462353.869325274	1	5620	77
1784462353.869325274	3	5622	46
1784462363.951877297	1	5620	0
1784462363.951877297	3	5622	100
1784462374.063225735	1	5620	55
1784462374.063225735	3	5622	19
1784462384.204888065	1	5620	9
1784462384.204888065	3	5622	92
1784462394.303997945	1	5620	0
1784462394.303997945	3	5622	100
1784462404.415317484	1	5620	100
1784462404.415317484	3	5622	71
1784462414.502353064	1	5620	0
1784462414.502353064	3	5622	100
1784462424.599429527	1	5620	0
1784462424.599429527	3	5622	100
1784462434.701319678	1	5620	39
1784462434.701319678	3	5622	76
1784462444.803645904	1	5620	0
1784462444.803645904	3	5622	100
1784462454.915437873	1	5620	0
1784462454.915437873	3	5622	100
1784462465.022918956	1	5620	0
1784462465.022918956	3	5622	0
1784462475.120364941	1	5620	0
1784462475.120364941	3	5622	100
1784462485.237250545	1	5620	0
1784462485.237250545	3	5622	100
1784462495.329332924	1	5620	0
1784462495.329332924	3	5622	0
1784462505.411500813	1	5620	0
1784462505.411500813	3	5622	100
1784462515.544396587	1	5620	0
1784462515.544396587	3	5622	100
1784462525.631045208	1	5620	0
1784462525.631045208	3	5622	0
1784462535.730673142	1	5620	0
1784462535.730673142	3	5622	100
1784462545.809030031	1	5620	72
1784462545.809030031	3	5622	73
1784462555.928309785	1	5620	0
1784462555.928309785	3	5622	100
1784462566.028465804	1	5620	78
1784462566.028465804	3	5622	82
1784462576.113528828	1	5620	0
1784462576.113528828	3	5622	0
1784462586.218996444	1	5620	0
1784462586.218996444	3	5622	0
1784462596.308150544	1	5620	0
1784462596.308150544	3	5622	0
1784462606.423135388	1	5620	100
1784462606.423135388	3	5622	0
1784462616.514172682	1	5620	0
1784462616.514172682	3	5622	0
1784462626.615592268	1	5620	0
1784462626.615592268	3	5622	0
1784462636.711704581	1	5620	100
1784462636.711704581	3	5622	0
1784462646.809403769	1	5620	0
1784462646.809403769	3	5622	0
1784462656.896111294	1	5620	0
1784462656.896111294	3	5622	0
1784462667.021941276	1	5620	100
1784462667.021941276	3	5622	0
1784462677.136756393	1	5620	0
1784462677.136756393	3	5622	0
1784462687.270439387	1	5620	0
1784462687.270439387	3	5622	100
1784462697.408625475	1	5620	100
1784462697.408625475	3	5622	0
1784462707.503599429	1	5620	91
1784462707.503599429	3	5622	65
1784462717.612109417	1	5620	0
1784462717.612109417	3	5622	100
1784462727.698646433	1	5620	100
1784462727.698646433	3	5622	0
1784462737.780958929	1	5620	1
1784462737.780958929	3	5622	75
1784462747.897439233	1	5620	0
1784462747.897439233	3	5622	100
1784462758.004973710	1	5620	100
1784462758.004973710	3	5622	0
1784462768.093755218	1	5620	6
1784462768.093755218	3	5622	100
1784462778.187590705	1	5620	0
1784462778.187590705	3	5622	100
1784462788.289701192	1	5620	100
1784462788.289701192	3	5622	0
1784462798.393225272	1	5620	35
1784462798.393225272	3	5622	100
1784462808.481058411	1	5620	0
1784462808.481058411	3	5622	100
1784462818.593374043	1	5620	100
1784462818.593374043	3	5622	0
1784462828.711962633	1	5620	0
1784462828.711962633	3	5622	100
1784462838.843765715	1	5620	46
1784462838.843765715	3	5622	24
1784462848.989874496	1	5620	0
1784462848.989874496	3	5622	100
1784462859.129822679	1	5620	63
1784462859.129822679	3	5622	100
1784462869.261793559	1	5620	0
1784462869.261793559	3	5622	93
1784462879.413245847	1	5620	93
1784462879.413245847	3	5622	68
1784462889.579860082	1	5620	100
1784462889.579860082	3	5622	0
1784462899.716842334	1	5620	0
1784462899.716842334	3	5622	100
1784462909.865567514	1	5620	0
1784462909.865567514	3	5622	100
1784462920.012783662	1	5620	0
1784462920.012783662	3	5622	0
1784462930.123848100	1	5620	0
1784462930.123848100	3	5622	100
1784462940.229912357	1	5620	0
1784462940.229912357	3	5622	100
1784462950.343427460	1	5620	0
1784462950.343427460	3	5622	0
1784462960.480819013	1	5620	100
1784462960.480819013	3	5622	0
1784462970.633791952	1	5620	0
1784462970.633791952	3	5622	100
1784462980.802791110	1	5620	0
1784462980.802791110	3	5622	100
1784462990.920182260	1	5620	0
1784462990.920182260	3	5622	0
1784463001.051904121	1	5620	0
1784463001.051904121	3	5622	100
1784463011.180784763	1	5620	0
1784463011.180784763	3	5622	100
1784463021.317960754	1	5620	12
1784463021.317960754	3	5622	15
1784463031.459834722	1	5620	0
1784463031.459834722	3	5622	0
1784463041.628092161	1	5620	0
1784463041.628092161	3	5622	100
1784463051.725206679	1	5620	0
1784463051.725206679	3	5622	100
1784463061.870940939	1	5620	0
1784463061.870940939	3	5622	0
1784463072.015863859	1	5620	0
1784463072.015863859	3	5622	100
1784463082.145790806	1	5620	0
1784463082.145790806	3	5622	100
1784463092.277846684	1	5620	0
1784463092.277846684	3	5622	100
1784463102.413775735	1	5620	0
1784463102.413775735	3	5622	100
1784463112.555166948	1	5620	64
1784463112.555166948	3	5622	38
1784463122.674060637	1	5620	5
1784463122.674060637	3	5622	100
1784463132.784971659	1	5620	0
1784463132.784971659	3	5622	0
1784463142.928143498	1	5620	0
1784463142.928143498	3	5622	0
1784463153.070869454	1	5620	100
1784463153.070869454	3	5622	0
1784463163.208908821	1	5620	100
1784463163.208908821	3	5622	0
1784463173.355789820	1	5620	0
1784463173.355789820	3	5622	100
1784463183.500502090	1	5620	0
1784463183.500502090	3	5622	0
1784463193.648963383	1	5620	0
1784463193.648963383	3	5622	0
1784463203.816713253	1	5620	100
1784463203.816713253	3	5622	0
1784463213.991872051	1	5620	0
1784463213.991872051	3	5622	0
1784463224.146629313	1	5620	0
1784463224.146629313	3	5622	0
1784463234.258998115	1	5620	0
1784463234.258998115	3	5622	0
1784463244.435934222	1	5620	0
1784463244.435934222	3	5622	100
1784463254.613846215	1	5620	0
1784463254.613846215	3	5622	100
1784463264.755838281	1	5620	0
1784463264.755838281	3	5622	0
1784463274.903954074	1	5620	100
1784463274.903954074	3	5622	0
1784463285.077407984	1	5620	100
1784463285.077407984	3	5622	0
1784463295.278886667	1	5620	0
1784463295.278886667	3	5622	100
1784463305.435877808	1	5620	0
1784463305.435877808	3	5622	0
1784463315.580246508	1	5620	100
1784463315.580246508	3	5622	0
1784463325.720364356	1	5620	0
1784463325.720364356	3	5622	0
1784463335.838244430	1	5620	0
1784463335.838244430	3	5622	0
1784463345.948311588	1	5620	0
1784463345.948311588	3	5622	0
1784463356.099820713	1	5620	0
1784463356.099820713	3	5622	0
1784463366.246878049	1	5620	100
1784463366.246878049	3	5622	0
1784463376.393045218	1	5620	0
1784463376.393045218	3	5622	0
1784463386.559935196	1	5620	0
1784463386.559935196	3	5622	0
1784463396.734366710	1	5620	86
1784463396.734366710	3	5622	48
1784463406.878051581	1	5620	100
1784463406.878051581	3	5622	0
1784463417.044913525	1	5620	100
1784463417.044913525	3	5622	0
1784463427.219411215	1	5620	100
1784463427.219411215	3	5622	0
1784463437.377897267	1	5620	100
1784463437.377897267	3	5622	0
1784463447.494778561	1	5620	100
1784463447.494778561	3	5622	0
1784463457.628918755	1	5620	100
1784463457.628918755	3	5622	0
1784463467.779800925	1	5620	100
1784463467.779800925	3	5622	0
1784463477.919867232	1	5620	100
1784463477.919867232	3	5622	0
1784463488.051127206	1	5620	100
1784463488.051127206	3	5622	0
1784463498.233901775	1	5620	61
1784463498.233901775	3	5622	45
1784463508.382483034	1	5620	100
1784463508.382483034	3	5622	0
1784463518.536918933	1	5620	100
1784463518.536918933	3	5622	0
1784463528.666799842	1	5620	100
1784463528.666799842	3	5622	0
1784463538.829406702	1	5620	100
1784463538.829406702	3	5622	0
1784463548.958143749	1	5620	100
1784463548.958143749	3	5622	0
1784463559.098948876	1	5620	100
1784463559.098948876	3	5622	0
1784463569.235971509	1	5620	100
1784463569.235971509	3	5622	0
1784463579.386850589	1	5620	100
1784463579.386850589	3	5622	0
1784463589.535844541	1	5620	100
1784463589.535844541	3	5622	0
1784463599.690037842	1	5620	100
1784463599.690037842	3	5622	0
1784463609.843920656	1	5620	55
1784463609.843920656	3	5622	72
1784463619.996900587	1	5620	100
1784463619.996900587	3	5622	0
1784463630.198938809	1	5620	100
1784463630.198938809	3	5622	0
1784463640.349779594	1	5620	100
1784463640.349779594	3	5622	0
1784463650.487010671	1	5620	8
1784463650.487010671	3	5622	42
1784463660.622364854	1	5620	100
1784463660.622364854	3	5622	0
1784463670.796872266	1	5620	26
1784463670.796872266	3	5622	12
1784463680.954813504	1	5620	100
1784463680.954813504	3	5622	0
1784463691.084801515	1	5620	100
1784463691.084801515	3	5622	0
1784463701.215758608	1	5620	62
1784463701.215758608	3	5622	39
1784463711.349813175	1	5620	0
1784463711.349813175	3	5622	100
1784463721.486821026	1	5620	100
1784463721.486821026	3	5622	0
1784463731.611172459	1	5620	0
1784463731.611172459	3	5622	0
1784463741.739237282	1	5620	0
1784463741.739237282	3	5622	0
1784463751.873942354	1	5620	0
1784463751.873942354	3	5622	0
1784463762.026987823	1	5620	0
1784463762.026987823	3	5622	0
1784463772.149901755	1	5620	84
1784463772.149901755	3	5622	0
1784463782.306793319	1	5620	0
1784463782.306793319	3	5622	100
1784463792.455307723	1	5620	0
1784463792.455307723	3	5622	0
1784463802.597095358	1	5620	0
1784463802.597095358	3	5622	0
1784463812.775335972	1	5620	0
1784463812.775335972	3	5622	100
1784463822.932344707	1	5620	0
1784463822.932344707	3	5622	0
1784463833.064816907	1	5620	0
1784463833.064816907	3	5622	0
1784463843.223053538	1	5620	0
1784463843.223053538	3	5622	3
1784463853.355925341	1	5620	0
1784463853.355925341	3	5622	100
1784463863.459563135	1	5620	0
1784463863.459563135	3	5622	0
1784463873.623868598	1	5620	0
1784463873.623868598	3	5622	100
1784463883.767929927	1	5620	100
1784463883.767929927	3	5622	0
1784463893.902773717	1	5620	0
1784463893.902773717	3	5622	100
1784463904.060349570	1	5620	0
1784463904.060349570	3	5622	0
1784463914.201158164	1	5620	0
1784463914.201158164	3	5622	100
1784463924.407851014	1	5620	0
1784463924.407851014	3	5622	100
1784463934.592837404	1	5620	0
1784463934.592837404	3	5622	100
1784463944.751916605	1	5620	0
1784463944.751916605	3	5622	0
1784463954.936039120	1	5620	0
1784463954.936039120	3	5622	100
1784463965.093638966	1	5620	0
1784463965.093638966	3	5622	100
1784463975.182457171	1	5620	0
1784463975.182457171	3	5622	100
1784463988.370870343	1	5620	0
1784463988.370870343	3	5622	100
1784463998.529453464	1	5620	11
1784463998.529453464	3	5622	100
1784464008.706595945	1	5620	0
1784464008.706595945	3	5622	100
1784464018.893247186	1	5620	0
1784464018.893247186	3	5622	100
1784464029.042281882	1	5620	0
1784464029.042281882	3	5622	100
1784464039.226899828	1	5620	0
1784464039.226899828	3	5622	100
1784464049.365170465	1	5620	0
1784464049.365170465	3	5622	100
1784464059.520018008	1	5620	0
1784464059.520018008	3	5622	100
1784464069.665289410	1	5620	0
1784464069.665289410	3	5622	100
1784464079.816821292	1	5620	37
1784464079.816821292	3	5622	44
1784464089.927288829	1	5620	0
1784464089.927288829	3	5622	100
1784464100.094868411	1	5620	0
1784464100.094868411	3	5622	100
1784464110.262818356	1	5620	0
1784464110.262818356	3	5622	100
1784464120.402758907	1	5620	0
1784464120.402758907	3	5622	100
1784464130.541989298	1	5620	97
1784464130.541989298	3	5622	16
1784464140.681165809	1	5620	0
1784464140.681165809	3	5622	100
1784464150.831987519	1	5620	0
1784464150.831987519	3	5622	100
1784464160.994202820	1	5620	5
1784464160.994202820	3	5622	100
1784464171.152943943	1	5620	0
1784464171.152943943	3	5622	0
1784464181.319845652	1	5620	53
1784464181.319845652	3	5622	100
1784464191.458523893	1	5620	0
1784464191.458523893	3	5622	100
1784464201.560858260	1	5620	100
1784464201.560858260	3	5622	4
1784464211.695376276	1	5620	0
1784464211.695376276	3	5622	6
1784464221.848615638	1	5620	0
1784464221.848615638	3	5622	100
1784464231.984448210	1	5620	0
1784464231.984448210	3	5622	100
1784464242.134716953	1	5620	59
1784464242.134716953	3	5622	31
1784464252.284830861	1	5620	0
1784464252.284830861	3	5622	5
1784464262.424839574	1	5620	0
1784464262.424839574	3	5622	100
1784464272.552886494	1	5620	0
1784464272.552886494	3	5622	100
1784464282.696365644	1	5620	0
1784464282.696365644	3	5622	0
1784464292.846979630	1	5620	0
1784464292.846979630	3	5622	100
1784464302.946999642	1	5620	0
1784464302.946999642	3	5622	100
1784464313.091914737	1	5620	0
1784464313.091914737	3	5622	100
1784464323.242801771	1	5620	5
1784464323.242801771	3	5622	100
1784464333.382692030	1	5620	0
1784464333.382692030	3	5622	100
1784464343.554530689	1	5620	0
1784464343.554530689	3	5622	0
1784464353.694332531	1	5620	0
1784464353.694332531	3	5622	0
1784464363.844953151	1	5620	0
1784464363.844953151	3	5622	0
1784464374.009872163	1	5620	100
1784464374.009872163	3	5622	0
1784464384.210903181	1	5620	100
1784464384.210903181	3	5622	0
1784464394.391307789	1	5620	0
1784464394.391307789	3	5622	0
1784464404.483474612	1	5620	100
1784464404.483474612	3	5622	0
1784464414.658907904	1	5620	81
1784464414.658907904	3	5622	16
1784464424.826943870	1	5620	37
1784464424.826943870	3	5622	100
1784464434.952014471	1	5620	0
1784464434.952014471	3	5622	0
1784464445.088928566	1	5620	100
1784464445.088928566	3	5622	1
1784464455.265841579	1	5620	100
1784464455.265841579	3	5622	0
1784464465.418949987	1	5620	100
1784464465.418949987	3	5622	0
1784464475.671184522	1	5620	100
1784464475.671184522	3	5622	0
1784464485.833001702	1	5620	100
1784464485.833001702	3	5622	0
1784464495.970979201	1	5620	100
1784464495.970979201	3	5622	0
1784464506.085844074	1	5620	100
1784464506.085844074	3	5622	0
1784464516.239860453	1	5620	100
1784464516.239860453	3	5622	0
1784464526.383955799	1	5620	100
1784464526.383955799	3	5622	0
1784464536.547027534	1	5620	26
1784464536.547027534	3	5622	6
1784464546.697948755	1	5620	100
1784464546.697948755	3	5622	0
1784464556.853834016	1	5620	100
1784464556.853834016	3	5622	0
1784464567.020401684	1	5620	100
1784464567.020401684	3	5622	0
1784464577.157988672	1	5620	12
1784464577.157988672	3	5622	26
1784464587.322936280	1	5620	100
1784464587.322936280	3	5622	0
1784464597.478828255	1	5620	51
1784464597.478828255	3	5622	0
1784464607.624793298	1	5620	100
1784464607.624793298	3	5622	0
1784464617.722798545	1	5620	100
1784464617.722798545	3	5622	0
1784464627.862957921	1	5620	100
1784464627.862957921	3	5622	0
1784464638.029911255	1	5620	100
1784464638.029911255	3	5622	0
1784464648.181769563	1	5620	41
1784464648.181769563	3	5622	87
1784464658.329890870	1	5620	100
1784464658.329890870	3	5622	0
1784464668.471406365	1	5620	100
1784464668.471406365	3	5622	0
1784464680.138888201	1	5620	100
1784464680.138888201	3	5622	0
1784464690.288378589	1	5620	100
1784464690.288378589	3	5622	0
1784464700.458947322	1	5620	100
1784464700.458947322	3	5622	0
1784464710.600629392	1	5620	100
1784464710.600629392	3	5622	0
1784464720.685318018	1	5620	100
1784464720.685318018	3	5622	0
1784464735.896867296	1	5620	100
1784464735.896867296	3	5622	0
1784464746.082536740	1	5620	100
1784464746.082536740	3	5622	0
1784464756.243932997	1	5620	100
1784464756.243932997	3	5622	0
1784464766.424074044	1	5620	73
1784464766.424074044	3	5622	71
1784464776.586925897	1	5620	100
1784464776.586925897	3	5622	0
1784464786.745259323	1	5620	100
1784464786.745259323	3	5622	0
1784464796.921828884	1	5620	100
1784464796.921828884	3	5622	0
1784464807.091876395	1	5620	100
1784464807.091876395	3	5622	0
1784464817.254962426	1	5620	15
1784464817.254962426	3	5622	33
1784464827.412167669	1	5620	9
1784464827.412167669	3	5622	0
1784464837.573890511	1	5620	100
1784464837.573890511	3	5622	0
1784464847.759934066	1	5620	0
1784464847.759934066	3	5622	100
1784464857.934005414	1	5620	100
1784464857.934005414	3	5622	0
1784464868.091070253	1	5620	100
1784464868.091070253	3	5622	0
1784464878.256867938	1	5620	100
1784464878.256867938	3	5622	0
1784464888.416021246	1	5620	97
1784464888.416021246	3	5622	73
1784464898.556843378	1	5620	100
1784464898.556843378	3	5622	0
1784464908.683931713	1	5620	100
1784464908.683931713	3	5622	0
1784464918.845843043	1	5620	22
1784464918.845843043	3	5622	7
1784464929.004558923	1	5620	100
1784464929.004558923	3	5622	0
1784464939.099636026	1	5620	100
1784464939.099636026	3	5622	0
1784464949.233768580	1	5620	100
1784464949.233768580	3	5622	0
1784464959.364800962	1	5620	0
1784464959.364800962	3	5622	0
1784464969.513114947	1	5620	0
1784464969.513114947	3	5622	0
1784464979.648254499	1	5620	0
1784464979.648254499	3	5622	0
1784464989.815983669	1	5620	0
1784464989.815983669	3	5622	0
1784464999.983430104	1	5620	100
1784464999.983430104	3	5622	0
1784465010.169317196	1	5620	0
1784465010.169317196	3	5622	0
1784465020.326619864	1	5620	0
1784465020.326619864	3	5622	0
1784465030.504186977	1	5620	100
1784465030.504186977	3	5622	0
1784465040.629844265	1	5620	28
1784465040.629844265	3	5622	17
1784465050.763884650	1	5620	0
1784465050.763884650	3	5622	0
1784465060.908942706	1	5620	0
1784465060.908942706	3	5622	0
1784465071.089914620	1	5620	100
1784465071.089914620	3	5622	0
1784465081.238909604	1	5620	100
1784465081.238909604	3	5622	0
1784465091.378236294	1	5620	0
1784465091.378236294	3	5622	100
1784465101.546955595	1	5620	100
1784465101.546955595	3	5622	0
1784465111.690896745	1	5620	100
1784465111.690896745	3	5622	0
1784465121.836759441	1	5620	100
1784465121.836759441	3	5622	0
1784465131.982067723	1	5620	0
1784465131.982067723	3	5622	100
1784465142.078903840	1	5620	100
1784465142.078903840	3	5622	0
1784465152.211859666	1	5620	66
1784465152.211859666	3	5622	65
1784465162.388874242	1	5620	100
1784465162.388874242	3	5622	0
1784465172.518909183	1	5620	0
1784465172.518909183	3	5622	0
1784465182.657834246	1	5620	100
1784465182.657834246	3	5622	0
1784465192.808368331	1	5620	100
1784465192.808368331	3	5622	0
1784465202.941483965	1	5620	100
1784465202.941483965	3	5622	63
1784465213.077332892	1	5620	100
1784465213.077332892	3	5622	0
1784465223.239855005	1	5620	0
1784465223.239855005	3	5622	81
1784465233.388866078	1	5620	5
1784465233.388866078	3	5622	100
1784465243.524029907	1	5620	16
1784465243.524029907	3	5622	100
1784465256.907922303	1	5620	100
1784465256.907922303	3	5622	0
1784465267.072992448	1	5620	0
1784465267.072992448	3	5622	100
1784465277.239699824	1	5620	100
1784465277.239699824	3	5622	0
1784465287.382901680	1	5620	100
1784465287.382901680	3	5622	0
1784465297.524909364	1	5620	100
1784465297.524909364	3	5622	0
1784465307.667347244	1	5620	0
1784465307.667347244	3	5622	100
1784465317.831801039	1	5620	10
1784465317.831801039	3	5622	0
1784465327.944994328	1	5620	100
1784465327.944994328	3	5622	0
1784465338.075857599	1	5620	100
1784465338.075857599	3	5622	0
1784465348.209800604	1	5620	100
1784465348.209800604	3	5622	0
1784465359.694878383	1	5620	100
1784465359.694878383	3	5622	0
1784465369.795862764	1	5620	0
1784465369.795862764	3	5622	99
1784465379.954941024	1	5620	100
1784465379.954941024	3	5622	0
1784465390.099725112	1	5620	100
1784465390.099725112	3	5622	0
1784465400.263527860	1	5620	100
1784465400.263527860	3	5622	0
1784465410.440762397	1	5620	100
1784465410.440762397	3	5622	0
1784465420.621443326	1	5620	15
1784465420.621443326	3	5622	100
1784465430.762015342	1	5620	100
1784465430.762015342	3	5622	0
1784465440.926238015	1	5620	100
1784465440.926238015	3	5622	0
1784465451.101596516	1	5620	100
1784465451.101596516	3	5622	0
1784465461.242770000	1	5620	67
1784465461.242770000	3	5622	37
1784465471.375449403	1	5620	100
1784465471.375449403	3	5622	0
1784465481.474970456	1	5620	100
1784465481.474970456	3	5622	0
1784465491.615407799	1	5620	100
1784465491.615407799	3	5622	2
1784465501.783090133	1	5620	0
1784465501.783090133	3	5622	0
1784465511.984886721	1	5620	100
1784465511.984886721	3	5622	0
1784465522.128032072	1	5620	100
1784465522.128032072	3	5622	0
1784465532.281799061	1	5620	66
1784465532.281799061	3	5622	54
1784465542.421887476	1	5620	100
1784465542.421887476	3	5622	0
1784465552.555766347	1	5620	100
1784465552.555766347	3	5622	0
1784465562.673164584	1	5620	100
1784465562.673164584	3	5622	0
1784465572.772373067	1	5620	0
1784465572.772373067	3	5622	0
1784465582.939096796	1	5620	0
1784465582.939096796	3	5622	0
1784465593.094946293	1	5620	0
1784465593.094946293	3	5622	0
1784465603.241926560	1	5620	0
1784465603.241926560	3	5622	0
1784465613.415014477	1	5620	0
1784465613.415014477	3	5622	100
1784465623.575842655	1	5620	0
1784465623.575842655	3	5622	0
1784465633.746912524	1	5620	0
1784465633.746912524	3	5622	0
1784465643.873855754	1	5620	0
1784465643.873855754	3	5622	0
1784465654.007263505	1	5620	0
1784465654.007263505	3	5622	80
1784465664.146122278	1	5620	0
1784465664.146122278	3	5622	0
1784465674.264086710	1	5620	0
1784465674.264086710	3	5622	0
1784465684.400014328	1	5620	0
1784465684.400014328	3	5622	100
1784465694.585904524	1	5620	41
1784465694.585904524	3	5622	30
1784465704.740971248	1	5620	0
1784465704.740971248	3	5622	100
1784465714.937914874	1	5620	0
1784465714.937914874	3	5622	0
1784465725.091862011	1	5620	100
1784465725.091862011	3	5622	0
1784465735.219045357	1	5620	16
1784465735.219045357	3	5622	10
1784465745.354521943	1	5620	0
1784465745.354521943	3	5622	100
1784465755.485851354	1	5620	0
1784465755.485851354	3	5622	100
1784465765.639355700	1	5620	69
1784465765.639355700	3	5622	100
1784465775.751738680	1	5620	64
1784465775.751738680	3	5622	93
1784465785.886424808	1	5620	0
1784465785.886424808	3	5622	100
1784465796.028893809	1	5620	0
1784465796.028893809	3	5622	100
1784465806.158594553	1	5620	0
1784465806.158594553	3	5622	100
1784465816.306922461	1	5620	71
1784465816.306922461	3	5622	43
1784465826.454294518	1	5620	0
1784465826.454294518	3	5622	100
1784465836.595204636	1	5620	1
1784465836.595204636	3	5622	100
1784465846.723318650	1	5620	0
1784465846.723318650	3	5622	100
1784465856.858860458	1	5620	100
1784465856.858860458	3	5622	0
1784465866.999112025	1	5620	0
1784465866.999112025	3	5622	100
1784465877.107575540	1	5620	0
1784465877.107575540	3	5622	100
1784465887.214907897	1	5620	0
1784465887.214907897	3	5622	100
1784465897.398921944	1	5620	0
1784465897.398921944	3	5622	0
1784465907.580861220	1	5620	0
1784465907.580861220	3	5622	100
1784465917.712840180	1	5620	0
1784465917.712840180	3	5622	100
1784465927.854426450	1	5620	0
1784465927.854426450	3	5622	100
1784465937.991368116	1	5620	85
1784465937.991368116	3	5622	2
1784465948.130220642	1	5620	0
1784465948.130220642	3	5622	100
1784465958.261854265	1	5620	0
1784465958.261854265	3	5622	100
1784465968.394933293	1	5620	0
1784465968.394933293	3	5622	100
1784465978.527038232	1	5620	100
1784465978.527038232	3	5622	0
1784465988.693960283	1	5620	51
1784465988.693960283	3	5622	34
1784465998.863787883	1	5620	0
1784465998.863787883	3	5622	100
1784466009.012421654	1	5620	0
1784466009.012421654	3	5622	100
1784466019.178843902	1	5620	100
1784466019.178843902	3	5622	0
1784466029.320411006	1	5620	15
1784466029.320411006	3	5622	51
1784466039.449799009	1	5620	0
1784466039.449799009	3	5622	100
1784466049.604900170	1	5620	0
1784466049.604900170	3	5622	100
1784466059.736759750	1	5620	100
1784466059.736759750	3	5622	6
1784466069.873143085	1	5620	37
1784466069.873143085	3	5622	12
1784466080.011892598	1	5620	0
1784466080.011892598	3	5622	100
1784466090.133109017	1	5620	0
1784466090.133109017	3	5622	100
1784466100.271851839	1	5620	0
1784466100.271851839	3	5622	100
1784466110.403782543	1	5620	0
1784466110.403782543	3	5622	100
1784466120.551504227	1	5620	0
1784466120.551504227	3	5622	100
1784466130.700739202	1	5620	0
1784466130.700739202	3	5622	79
1784466140.842761691	1	5620	0
1784466140.842761691	3	5622	100
1784466150.979699259	1	5620	0
1784466150.979699259	3	5622	100
1784466161.112620384	1	5620	0
1784466161.112620384	3	5622	100
1784466171.227602937	1	5620	28
1784466171.227602937	3	5622	0
1784466181.319774811	1	5620	0
1784466181.319774811	3	5622	100
1784466191.452973424	1	5620	100
1784466191.452973424	3	5622	0
1784466201.592466495	1	5620	0
1784466201.592466495	3	5622	100
1784466211.717840432	1	5620	0
1784466211.717840432	3	5622	0
1784466221.843961283	1	5620	0
1784466221.843961283	3	5622	0
1784466231.978021241	1	5620	0
1784466231.978021241	3	5622	0
1784466242.130031888	1	5620	100
1784466242.130031888	3	5622	0
1784466252.261937898	1	5620	100
1784466252.261937898	3	5622	0
1784466262.397486246	1	5620	0
1784466262.397486246	3	5622	0
1784466273.126778652	1	5620	100
1784466273.126778652	3	5622	0
1784466283.267327657	1	5620	100
1784466283.267327657	3	5622	0
1784466293.400870694	1	5620	100
1784466293.400870694	3	5622	1
1784466303.531105064	1	5620	100
1784466303.531105064	3	5622	2
1784466313.678820736	1	5620	0
1784466313.678820736	3	5622	0
1784466323.814872413	1	5620	100
1784466323.814872413	3	5622	0
1784466333.955905062	1	5620	64
1784466333.955905062	3	5622	0
1784466344.101836238	1	5620	0
1784466344.101836238	3	5622	100
1784466354.240787114	1	5620	100
1784466354.240787114	3	5622	0
1784466364.403847307	1	5620	100
1784466364.403847307	3	5622	0
1784466374.541426944	1	5620	0
1784466374.541426944	3	5622	2
1784466384.639241169	1	5620	0
1784466384.639241169	3	5622	100
1784466394.806914250	1	5620	100
1784466394.806914250	3	5622	0
1784466404.938945229	1	5620	47
1784466404.938945229	3	5622	39
1784466415.053932055	1	5620	0
1784466415.053932055	3	5622	0
1784466425.210742682	1	5620	0
1784466425.210742682	3	5622	100
1784466435.347070434	1	5620	100
1784466435.347070434	3	5622	0
1784466445.466838693	1	5620	67
1784466445.466838693	3	5622	58
1784466455.615867745	1	5620	0
1784466455.615867745	3	5622	0
1784466465.776149477	1	5620	0
1784466465.776149477	3	5622	100
1784466475.905894522	1	5620	100
1784466475.905894522	3	5622	0
1784466486.036898240	1	5620	10
1784466486.036898240	3	5622	1
1784466496.173070457	1	5620	0
1784466496.173070457	3	5622	100
1784466506.308930248	1	5620	100
1784466506.308930248	3	5622	0
1784466516.448883965	1	5620	100
1784466516.448883965	3	5622	0
1784466526.587886968	1	5620	0
1784466526.587886968	3	5622	0
1784466536.753843847	1	5620	0
1784466536.753843847	3	5622	100
1784466546.866382745	1	5620	100
1784466546.866382745	3	5622	0
1784466557.044589149	1	5620	27
1784466557.044589149	3	5622	8
1784466567.202868881	1	5620	0
1784466567.202868881	3	5622	100
1784466577.361779678	1	5620	100
1784466577.361779678	3	5622	0
1784466587.476974663	1	5620	100
1784466587.476974663	3	5622	0
1784466597.630441305	1	5620	17
1784466597.630441305	3	5622	45
1784466607.801907969	1	5620	100
1784466607.801907969	3	5622	0
1784466617.934509953	1	5620	100
1784466617.934509953	3	5622	0
1784466628.105920931	1	5620	100
1784466628.105920931	3	5622	0
1784466638.241610320	1	5620	0
1784466638.241610320	3	5622	0
1784466648.428635706	1	5620	100
1784466648.428635706	3	5622	0
1784466658.585017408	1	5620	0
1784466658.585017408	3	5622	0
1784466668.719223200	1	5620	0
1784466668.719223200	3	5622	100
1784466678.888776060	1	5620	0
1784466678.888776060	3	5622	0
1784466689.025212993	1	5620	100
1784466689.025212993	3	5622	0
1784466699.142882543	1	5620	93
1784466699.142882543	3	5622	0
1784466709.278800526	1	5620	0
1784466709.278800526	3	5622	0
1784466719.439729967	1	5620	0
1784466719.439729967	3	5622	0
1784466729.579834856	1	5620	100
1784466729.579834856	3	5622	0
1784466739.741747947	1	5620	11
1784466739.741747947	3	5622	10
1784466749.882388117	1	5620	0
1784466749.882388117	3	5622	100
1784466760.019430697	1	5620	0
1784466760.019430697	3	5622	0
1784466772.420390154	1	5620	100
1784466772.420390154	3	5622	6
1784466782.661235398	1	5620	0
1784466782.661235398	3	5622	100
1784466796.994592884	1	5620	0
1784466796.994592884	3	5622	0
1784466807.100695688	1	5620	0
1784466807.100695688	3	5622	100
1784466817.258640903	1	5620	100
1784466817.258640903	3	5622	0
1784466827.400851965	1	5620	0
1784466827.400851965	3	5622	0
1784466837.545787397	1	5620	0
1784466837.545787397	3	5622	0
1784466847.712042214	1	5620	0
1784466847.712042214	3	5622	0
1784466857.891891042	1	5620	0
1784466857.891891042	3	5622	0
1784466868.033940900	1	5620	100
1784466868.033940900	3	5622	0
1784466878.207957522	1	5620	15
1784466878.207957522	3	5622	80
1784466888.350352131	1	5620	0
1784466888.350352131	3	5622	0
1784466898.444522814	1	5620	100
1784466898.444522814	3	5622	0
1784466908.553970581	1	5620	100
1784466908.553970581	3	5622	0
1784466918.749766820	1	5620	0
1784466918.749766820	3	5622	0
1784466928.938837882	1	5620	0
1784466928.938837882	3	5622	0
1784466939.123637021	1	5620	100
1784466939.123637021	3	5622	0
1784466949.266997505	1	5620	0
1784466949.266997505	3	5622	100
1784466959.417949973	1	5620	43
1784466959.417949973	3	5622	52
1784466969.587409971	1	5620	0
1784466969.587409971	3	5622	100
1784466979.757091932	1	5620	0
1784466979.757091932	3	5622	100
1784466989.912956509	1	5620	34
1784466989.912956509	3	5622	37
1784467000.051859356	1	5620	0
1784467000.051859356	3	5622	0
1784467010.178392678	1	5620	0
1784467010.178392678	3	5622	100
1784467020.281924525	1	5620	0
1784467020.281924525	3	5622	100
1784467030.417924145	1	5620	0
1784467030.417924145	3	5622	100
1784467040.570737553	1	5620	100
1784467040.570737553	3	5622	0
1784467050.722042151	1	5620	0
1784467050.722042151	3	5622	100
1784467060.882904926	1	5620	0
1784467060.882904926	3	5622	100
1784467071.020901306	1	5620	100
1784467071.020901306	3	5622	0
1784467081.172880595	1	5620	100
1784467081.172880595	3	5622	0
1784467091.312415130	1	5620	100
1784467091.312415130	3	5622	0
1784467101.458089557	1	5620	0
1784467101.458089557	3	5622	100
1784467111.667951850	1	5620	70
1784467111.667951850	3	5622	80
1784467121.784100657	1	5620	0
1784467121.784100657	3	5622	0
1784467131.876929450	1	5620	100
1784467131.876929450	3	5622	57
1784467142.028820437	1	5620	0
1784467142.028820437	3	5622	100
1784467152.146439828	1	5620	8
1784467152.146439828	3	5622	15
1784467162.299449235	1	5620	0
1784467162.299449235	3	5622	0
1784467172.453969893	1	5620	0
1784467172.453969893	3	5622	100
1784467182.615303298	1	5620	0
1784467182.615303298	3	5622	100
1784467192.758918258	1	5620	0
1784467192.758918258	3	5622	100
1784467202.937000293	1	5620	0
1784467202.937000293	3	5622	0
1784467213.121836540	1	5620	0
1784467213.121836540	3	5622	100
1784467223.280008707	1	5620	0
1784467223.280008707	3	5622	100
1784467233.410115024	1	5620	0
1784467233.410115024	3	5622	0
1784467243.523926804	1	5620	0
1784467243.523926804	3	5622	0
1784467253.665940615	1	5620	0
1784467253.665940615	3	5622	0
1784467263.808043364	1	5620	39
1784467263.808043364	3	5622	28
1784467273.965795717	1	5620	0
1784467273.965795717	3	5622	0
1784467284.147277948	1	5620	0
1784467284.147277948	3	5622	0
1784467294.309904912	1	5620	0
1784467294.309904912	3	5622	100
1784467304.478917390	1	5620	100
1784467304.478917390	3	5622	5
1784467314.644874592	1	5620	0
1784467314.644874592	3	5622	0
1784467324.800034684	1	5620	0
1784467324.800034684	3	5622	7
1784467334.970449393	1	5620	100
1784467334.970449393	3	5622	65
1784467345.109693602	1	5620	100
1784467345.109693602	3	5622	2
1784467355.230980346	1	5620	0
1784467355.230980346	3	5622	0
1784467365.371835690	1	5620	0
1784467365.371835690	3	5622	100
1784467375.502794497	1	5620	66
1784467375.502794497	3	5622	82
1784467385.653828771	1	5620	0
1784467385.653828771	3	5622	0
1784467395.789276432	1	5620	0
1784467395.789276432	3	5622	100
1784467405.917674929	1	5620	0
1784467405.917674929	3	5622	100
1784467416.079266295	1	5620	0
1784467416.079266295	3	5622	100
1784467426.235733092	1	5620	0
1784467426.235733092	3	5622	100
1784467436.399783644	1	5620	0
1784467436.399783644	3	5622	100
1784467446.561789316	1	5620	0
1784467446.561789316	3	5622	100
1784467456.685609047	1	5620	29
1784467456.685609047	3	5622	100
1784467466.791343858	1	5620	66
1784467466.791343858	3	5622	93
1784467476.888703402	1	5620	84
1784467476.888703402	3	5622	76
1784467486.988406694	1	5620	0
1784467486.988406694	3	5622	0
1784467497.110734767	1	5620	0
1784467497.110734767	3	5622	0
1784467507.212996983	1	5620	0
1784467507.212996983	3	5622	100
1784467517.323510022	1	5620	0
1784467517.323510022	3	5622	100
1784467527.411700034	1	5620	0
1784467527.411700034	3	5622	0
1784467537.494298445	1	5620	0
1784467537.494298445	3	5622	100
1784467547.600965077	1	5620	0
1784467547.600965077	3	5622	100
1784467557.695652696	1	5620	0
1784467557.695652696	3	5622	0
1784467567.801534084	1	5620	0
1784467567.801534084	3	5622	100
1784467577.900387200	1	5620	0
1784467577.900387200	3	5622	100
1784467588.011875787	1	5620	0
1784467588.011875787	3	5622	100
1784467598.120445914	1	5620	0
1784467598.120445914	3	5622	100
1784467608.215796220	1	5620	0
1784467608.215796220	3	5622	100
1784467618.341963697	1	5620	100
1784467618.341963697	3	5622	0
1784467628.455783517	1	5620	49
1784467628.455783517	3	5622	75
1784467638.543715907	1	5620	0
1784467638.543715907	3	5622	100
1784467648.636281644	1	5620	0
1784467648.636281644	3	5622	100
1784467658.771447856	1	5620	0
1784467658.771447856	3	5622	100
1784467668.862795569	1	5620	0
1784467668.862795569	3	5622	0
1784467678.957145782	1	5620	0
1784467678.957145782	3	5622	100
1784467689.047429599	1	5620	0
1784467689.047429599	3	5622	100
1784467699.151418127	1	5620	0
1784467699.151418127	3	5622	100
1784467709.258933746	1	5620	0
1784467709.258933746	3	5622	100
1784467719.358018624	1	5620	0
1784467719.358018624	3	5622	100
1784467729.445944173	1	5620	0
1784467729.445944173	3	5622	100
1784467739.538310660	1	5620	54
1784467739.538310660	3	5622	76
1784467749.629648715	1	5620	0
1784467749.629648715	3	5622	100
1784467759.720386043	1	5620	0
1784467759.720386043	3	5622	100
1784467769.826777994	1	5620	72
1784467769.826777994	3	5622	87
1784467779.924881121	1	5620	0
1784467779.924881121	3	5622	62
1784467790.033060326	1	5620	0
1784467790.033060326	3	5622	100
1784467800.151752030	1	5620	0
1784467800.151752030	3	5622	100
1784467810.253193306	1	5620	0
1784467810.253193306	3	5622	100
1784467820.356720380	1	5620	0
1784467820.356720380	3	5622	100
1784467830.467927217	1	5620	0
1784467830.467927217	3	5622	100
1784467840.574781032	1	5620	0
1784467840.574781032	3	5622	100
1784467850.702355597	1	5620	0
1784467850.702355597	3	5624	100
1784467860.808166326	1	5620	0
1784467860.808166326	3	5624	100
1784467870.922759841	1	5620	0
1784467870.922759841	3	5624	100
1784467881.028528390	1	5620	53
1784467881.028528390	3	5624	36
1784467891.148006148	1	5620	0
1784467891.148006148	3	5624	100
1784467901.261276107	1	5620	0
1784467901.261276107	3	5624	100
1784467911.362361129	1	5620	0
1784467911.362361129	3	5624	100
1784467921.452249745	1	5620	0
1784467921.452249745	3	5624	100
1784467931.563381293	1	5620	0
1784467931.563381293	3	5624	100
1784467941.677487696	1	5620	90
1784467941.677487696	3	5624	0
1784467951.776564722	1	5620	0
1784467951.776564722	3	5624	100
1784467961.873086158	1	5620	0
1784467961.873086158	3	5624	100
1784467971.969089083	1	5620	0
1784467971.969089083	3	5624	100
1784467982.069866614	1	5620	0
1784467982.069866614	3	5624	100
1784467992.180170562	1	5620	46
1784467992.180170562	3	5624	100
1784468002.282986037	1	5620	0
1784468002.282986037	3	5624	100
1784468012.383509680	1	5620	0
1784468012.383509680	3	5624	74
1784468022.482235206	1	5620	0
1784468022.482235206	3	5624	0
1784468032.588684496	1	5620	0
1784468032.588684496	3	5624	0
1784468042.676121878	1	5620	100
1784468042.676121878	3	5624	0
1784468052.765462944	1	5620	100
1784468052.765462944	3	5624	0
1784468062.882651155	1	5620	0
1784468062.882651155	3	5624	100
1784468072.983032749	1	5620	0
1784468072.983032749	3	5624	0
1784468083.072462247	1	5620	0
1784468083.072462247	3	5624	67
1784468093.195761203	1	5620	100
1784468093.195761203	3	5624	0
1784468103.288275775	1	5620	0
1784468103.288275775	3	5624	100
1784468113.378387537	1	5620	0
1784468113.378387537	3	5624	100
1784468123.479507110	1	5620	100
1784468123.479507110	3	5624	0
1784468133.581942922	1	5620	0
1784468133.581942922	3	5624	100
1784468143.690961615	1	5620	0
1784468143.690961615	3	5624	100
1784468153.794488159	1	5620	0
1784468153.794488159	3	5624	100
1784468163.892827843	1	5620	0
1784468163.892827843	3	5624	100
1784468173.993875497	1	5620	0
1784468173.993875497	3	5624	100
1784468184.093882984	1	5620	0
1784468184.093882984	3	5624	100
1784468194.199643887	1	5620	0
1784468194.199643887	3	5624	100
1784468204.300533882	1	5620	0
1784468204.300533882	3	5624	100
1784468214.405940309	1	5620	0
1784468214.405940309	3	5624	100
1784468224.514353874	1	5620	0
1784468224.514353874	3	5624	100
1784468234.629316073	1	5620	100
1784468234.629316073	3	5624	0
1784468244.737672196	1	5620	0
1784468244.737672196	3	5624	100
1784468254.841295922	1	5620	59
1784468254.841295922	3	5624	80
1784468264.945407329	1	5620	0
1784468264.945407329	3	5624	100
1784468275.027496295	1	5620	0
1784468275.027496295	3	5624	100
1784468285.132922894	1	5620	0
1784468285.132922894	3	5624	100
1784468295.240042264	1	5620	0
1784468295.240042264	3	5624	100
1784468305.343311742	1	5620	0
1784468305.343311742	3	5624	0
1784468315.442388546	1	5620	0
1784468315.442388546	3	5624	100
1784468325.553549002	1	5620	0
1784468325.553549002	3	5624	100
1784468335.657446248	1	5620	61
1784468335.657446248	3	5624	74
1784468345.760084470	1	5620	65
1784468345.760084470	3	5624	89
1784468355.848001777	1	5620	0
1784468355.848001777	3	5624	100
1784468365.944959023	1	5620	0
1784468365.944959023	3	5624	100
1784468376.051781182	1	5620	100
1784468376.051781182	3	5624	0
1784468386.156696831	1	5620	0
1784468386.156696831	3	5624	100
1784468396.268984790	1	5620	0
1784468396.268984790	3	5624	100
1784468406.360175788	1	5620	0
1784468406.360175788	3	5624	100
1784468416.448860309	1	5620	0
1784468416.448860309	3	5624	100
1784468426.539994597	1	5620	0
1784468426.539994597	3	5624	100
1784468436.640763422	1	5620	0
1784468436.640763422	3	5624	100
1784468446.739563182	1	5620	0
1784468446.739563182	3	5624	100
1784468456.845976638	1	5620	97
1784468456.845976638	3	5624	64
1784468466.951514536	1	5620	0
1784468466.951514536	3	5624	100
1784468477.052212060	1	5620	0
1784468477.052212060	3	5624	100
1784468487.153679141	1	5620	0
1784468487.153679141	3	5624	100
1784468497.253278237	1	5620	50
1784468497.253278237	3	5624	23
1784468507.354856841	1	5620	9
1784468507.354856841	3	5624	100
1784468517.450726926	1	5620	0
1784468517.450726926	3	5624	100
1784468527.552851444	1	5620	0
1784468527.552851444	3	5624	100
1784468537.654133769	1	5620	100
1784468537.654133769	3	5624	1
1784468547.748077805	1	5620	0
1784468547.748077805	3	5624	100
1784468557.844120349	1	5620	0
1784468557.844120349	3	5624	0
1784468567.939785930	1	5620	0
1784468567.939785930	3	5624	0
1784468578.053463646	1	5620	100
1784468578.053463646	3	5624	0
1784468588.159872727	1	5620	52
1784468588.159872727	3	5624	75
1784468598.272944554	1	5620	0
1784468598.272944554	3	5624	0
1784468608.364999914	1	5620	0
1784468608.364999914	3	5624	0
1784468618.472816227	1	5620	100
1784468618.472816227	3	5624	0
1784468628.573288751	1	5620	24
1784468628.573288751	3	5624	100
1784468638.686560140	1	5620	0
1784468638.686560140	3	5624	0
1784468648.792194502	1	5620	100
1784468648.792194502	3	5624	0
1784468658.896296338	1	5620	100
1784468658.896296338	3	5624	0
1784468669.003227419	1	5620	17
1784468669.003227419	3	5624	12
1784468679.106554514	1	5620	0
1784468679.106554514	3	5624	0
1784468689.188664243	1	5620	100
1784468689.188664243	3	5624	0
1784468699.292099301	1	5620	0
1784468699.292099301	3	5624	96
1784468709.392818957	1	5620	0
1784468709.392818957	3	5624	0
1784468719.489218402	1	5620	0
1784468719.489218402	3	5624	0
1784468729.604904460	1	5620	59
1784468729.604904460	3	5624	63
1784468739.696591537	1	5620	0
1784468739.696591537	3	5624	100
1784468749.782113864	1	5620	0
1784468749.782113864	3	5624	0
1784468759.880397517	1	5620	100
1784468759.880397517	3	5624	0
1784468769.988994715	1	5620	0
1784468769.988994715	3	5624	100
1784468780.093099602	1	5620	0
1784468780.093099602	3	5624	0
1784468790.195446766	1	5620	100
1784468790.195446766	3	5624	0
1784468800.295735694	1	5620	100
1784468800.295735694	3	5624	0
1784468810.410753836	1	5620	100
1784468810.410753836	3	5624	0
1784468820.520181928	1	5620	0
1784468820.520181928	3	5624	0
1784468830.623561955	1	5620	100
1784468830.623561955	3	5624	0
1784468840.719417277	1	5620	0
1784468840.719417277	3	5624	100
1784468850.824936934	1	5620	0
1784468850.824936934	3	5624	0
1784468860.916025051	1	5620	100
1784468860.916025051	3	5624	0
1784468871.017360577	1	5620	100
1784468871.017360577	3	5624	0
1784468881.121826836	1	5620	17
1784468881.121826836	3	5624	100
1784468891.205837857	1	5620	100
1784468891.205837857	3	5624	0
1784468901.315272095	1	5620	100
1784468901.315272095	3	5624	0
1784468911.416496104	1	5620	0
1784468911.416496104	3	5624	100
1784468921.529245793	1	5620	100
1784468921.529245793	3	5624	0
1784468931.637780819	1	5620	0
1784468931.637780819	3	5624	100
1784468941.740094389	1	5620	0
1784468941.740094389	3	5624	100
1784468951.846539142	1	5620	100
1784468951.846539142	3	5624	0
1784468961.931665179	1	5620	0
1784468961.931665179	3	5624	100
1784468972.038695389	1	5620	0
1784468972.038695389	3	5624	100
1784468982.136580415	1	5620	100
1784468982.136580415	3	5624	0
1784468992.247431816	1	5620	0
1784468992.247431816	3	5624	100
1784469002.359724942	1	5620	0
1784469002.359724942	3	5624	100
1784469012.463897787	1	5620	8
1784469012.463897787	3	5624	92
1784469022.554715179	1	5620	0
1784469022.554715179	3	5624	100
1784469032.655730286	1	5620	23
1784469032.655730286	3	5624	100
1784469042.766399260	1	5620	0
1784469042.766399260	3	5624	100
1784469052.867628364	1	5620	0
1784469052.867628364	3	5624	100
1784469062.973020291	1	5620	0
1784469062.973020291	3	5624	100
1784469073.075708841	1	5620	0
1784469073.075708841	3	5624	100
1784469083.173792989	1	5620	0
1784469083.173792989	3	5624	0
1784469093.263203355	1	5620	0
1784469093.263203355	3	5624	0
1784469103.363990870	1	5620	0
1784469103.363990870	3	5624	0
1784469113.468262444	1	5620	100
1784469113.468262444	3	5624	0
1784469123.559559623	1	5620	0
1784469123.559559623	3	5624	100
1784469133.693244366	1	5620	0
1784469133.693244366	3	5624	0
1784469143.778621919	1	5620	100
1784469143.778621919	3	5624	0
1784469153.888567615	1	5620	100
1784469153.888567615	3	5624	0
1784469163.988776028	1	5620	0
1784469163.988776028	3	5624	0
1784469174.098131169	1	5620	0
1784469174.098131169	3	5624	0
1784469184.202687772	1	5620	100
1784469184.202687772	3	5624	0
1784469194.317534289	1	5620	0
1784469194.317534289	3	5624	100
1784469204.455078861	1	5620	0
1784469204.455078861	3	5624	0
1784469214.563534676	1	5620	100
1784469214.563534676	3	5624	0
1784469224.672204624	1	5620	82
1784469224.672204624	3	5624	66
1784469234.786549990	1	5620	0
1784469234.786549990	3	5624	0
1784469244.899088806	1	5620	0
1784469244.899088806	3	5624	0
1784469255.018092774	1	5620	65
1784469255.018092774	3	5624	100
1784469265.125985804	1	5620	0
1784469265.125985804	3	5624	100
1784469275.241802279	1	5620	0
1784469275.241802279	3	5624	0
1784469285.355026675	1	5620	0
1784469285.355026675	3	5624	0
1784469295.471897169	1	5620	0
1784469295.471897169	3	5624	100
1784469305.579433355	1	5620	0
1784469305.579433355	3	5624	84
1784469315.681194528	1	5620	0
1784469315.681194528	3	5624	0
1784469325.790204430	1	5620	100
1784469325.790204430	3	5624	0
1784469335.908202050	1	5620	0
1784469335.908202050	3	5624	100
1784469346.018027630	1	5620	0
1784469346.018027630	3	5624	0
1784469356.119752794	1	5620	0
1784469356.119752794	3	5624	0
1784469366.210194530	1	5620	0
1784469366.210194530	3	5624	100
1784469376.318358888	1	5620	0
1784469376.318358888	3	5624	100
1784469386.409823347	1	5620	0
1784469386.409823347	3	5624	0
1784469396.512856692	1	5620	100
1784469396.512856692	3	5624	0
1784469406.617743891	1	5620	0
1784469406.617743891	3	5624	100
1784469416.715724982	1	5620	0
1784469416.715724982	3	5624	0
1784469426.812629722	1	5620	100
1784469426.812629722	3	5624	0
1784469436.928880967	1	5620	0
1784469436.928880967	3	5624	100
1784469447.038763003	1	5620	0
1784469447.038763003	3	5624	0
1784469457.142168234	1	5620	100
1784469457.142168234	3	5624	0
1784469467.256273129	1	5620	0
1784469467.256273129	3	5624	100
1784469477.362669849	1	5620	78
1784469477.362669849	3	5624	72
1784469487.461592532	1	5620	0
1784469487.461592532	3	5624	100
1784469497.567442431	1	5620	0
1784469497.567442431	3	5624	100
1784469507.667893103	1	5620	0
1784469507.667893103	3	5624	6
1784469517.771862158	1	5620	0
1784469517.771862158	3	5624	100
1784469527.874682471	1	5620	0
1784469527.874682471	3	5624	100
1784469537.977617327	1	5620	0
1784469537.977617327	3	5624	100
1784469548.077885829	1	5620	0
1784469548.077885829	3	5624	100
1784469558.181029092	1	5620	64
1784469558.181029092	3	5624	90
1784469568.281270789	1	5620	0
1784469568.281270789	3	5624	100
1784469578.387728901	1	5620	85
1784469578.387728901	3	5624	15
1784469588.491649428	1	5620	85
1784469588.491649428	3	5624	83
1784469598.588325004	1	5620	0
1784469598.588325004	3	5624	100
1784469608.686358965	1	5620	41
1784469608.686358965	3	5624	100
1784469618.792283387	1	5620	0
1784469618.792283387	3	5624	0
1784469628.914628203	1	5620	0
1784469628.914628203	3	5624	0
1784469639.015258252	1	5620	100
1784469639.015258252	3	5624	0
1784469649.123777055	1	5620	15
1784469649.123777055	3	5624	100
1784469659.238611568	1	5620	0
1784469659.238611568	3	5624	0
1784469669.348402541	1	5620	100
1784469669.348402541	3	5624	0
1784469679.453238889	1	5620	100
1784469679.453238889	3	5624	0
1784469689.545531829	1	5620	0
1784469689.545531829	3	5624	100
1784469699.658506377	1	5620	0
1784469699.658506377	3	5624	0
1784469709.773212116	1	5620	100
1784469709.773212116	3	5624	1
1784469719.887879502	1	5620	100
1784469719.887879502	3	5624	0
1784469729.988834921	1	5620	100
1784469729.988834921	3	5624	0
1784469740.096160935	1	5620	100
1784469740.096160935	3	5624	0
1784469750.197973471	1	5620	11
1784469750.197973471	3	5624	100
1784469760.302868096	1	5620	0
1784469760.302868096	3	5624	100
1784469770.408370005	1	5620	0
1784469770.408370005	3	5624	0
1784469780.516502517	1	5620	100
1784469780.516502517	3	5624	0
1784469790.623831211	1	5620	0
1784469790.623831211	3	5624	100
1784469800.729394293	1	5620	0
1784469800.729394293	3	5624	100
1784469810.832478867	1	5620	100
1784469810.832478867	3	5624	0
1784469820.950781512	1	5620	100
1784469820.950781512	3	5624	0
1784469831.058411063	1	5620	0
1784469831.058411063	3	5624	100
1784469841.168069282	1	5620	58
1784469841.168069282	3	5624	65
1784469851.276321029	1	5620	100
1784469851.276321029	3	5624	0
1784469861.370419044	1	5620	100
1784469861.370419044	3	5624	0
1784469871.466924194	1	5620	0
1784469871.466924194	3	5624	100
1784469881.550113876	1	5620	100
1784469881.550113876	3	5624	0
1784469891.663316714	1	5620	100
1784469891.663316714	3	5624	0
1784469901.755840405	1	5620	0
1784469901.755840405	3	5624	100
1784469911.861921144	1	5620	0
1784469911.861921144	3	5624	0
1784469921.957073465	1	5620	100
1784469921.957073465	3	5624	0
1784469932.059135812	1	5620	98
1784469932.059135812	3	5624	0
1784469942.140772808	1	5620	100
1784469942.140772808	3	5624	0
1784469952.240625842	1	5620	100
1784469952.240625842	3	5624	0
1784469962.350802324	1	5620	100
1784469962.350802324	3	5624	0
1784469972.456675847	1	5620	100
1784469972.456675847	3	5624	21
1784469982.589127969	1	5620	100
1784469982.589127969	3	5624	0
1784469992.697861585	1	5620	100
1784469992.697861585	3	5624	0
1784470002.801076413	1	5620	0
1784470002.801076413	3	5624	100
1784470012.902834391	1	5620	100
1784470012.902834391	3	5624	0
1784470022.995177619	1	5620	100
1784470022.995177619	3	5624	0
1784470033.100595438	1	5620	0
1784470033.100595438	3	5624	100
1784470043.202588213	1	5620	100
1784470043.202588213	3	5624	0
1784470053.303525884	1	5620	100
1784470053.303525884	3	5624	0
1784470063.412944424	1	5620	0
1784470063.412944424	3	5624	100
1784470073.522477841	1	5620	100
1784470073.522477841	3	5624	0
1784470083.622255544	1	5620	0
1784470083.622255544	3	5624	100
1784470093.724176126	1	5620	0
1784470093.724176126	3	5624	100
1784470103.822997715	1	5620	0
1784470103.822997715	3	5624	100
1784470113.919856521	1	5620	0
1784470113.919856521	3	5624	100
1784470124.017650354	1	5620	0
1784470124.017650354	3	5624	100
1784470134.116931352	1	5620	0
1784470134.116931352	3	5624	100
1784470144.217946804	1	5620	0
1784470144.217946804	3	5624	0
1784470154.297510258	1	5620	0
1784470154.297510258	3	5624	0
1784470164.390757610	1	5620	0
1784470164.390757610	3	5624	0
1784470174.508835859	1	5620	100
1784470174.508835859	3	5624	0
1784470184.644800919	1	5620	48
1784470184.644800919	3	5624	66
1784470194.726472119	1	5620	0
1784470194.726472119	3	5624	0
1784470204.833530798	1	5620	0
1784470204.833530798	3	5624	1
1784470214.939319335	1	5620	100
1784470214.939319335	3	5624	0
1784470225.039970564	1	5620	0
1784470225.039970564	3	5624	0
1784470235.154092610	1	5620	0
1784470235.154092610	3	5624	0
1784470245.249938331	1	5620	100
1784470245.249938331	3	5624	0
1784470255.350733850	1	5620	100
1784470255.350733850	3	5624	0
1784470265.446116181	1	5620	0
1784470265.446116181	3	5624	0
1784470275.535747283	1	5620	0
1784470275.535747283	3	5624	0
1784470285.637528055	1	5620	91
1784470285.637528055	3	5624	61
1784470295.738108410	1	5620	0
1784470295.738108410	3	5624	0
1784470305.845004714	1	5620	0
1784470305.845004714	3	5624	0
1784470315.945234743	1	5620	0
1784470315.945234743	3	5624	0
1784470326.053836747	1	5620	0
1784470326.053836747	3	5624	100
1784470336.157689420	1	5620	0
1784470336.157689420	3	5624	0
1784470346.261647368	1	5620	0
1784470346.261647368	3	5624	0
1784470356.348375620	1	5620	100
1784470356.348375620	3	5624	58
1784470366.461639606	1	5620	0
1784470366.461639606	3	5624	0
1784470376.560046057	1	5620	0
1784470376.560046057	3	5624	0
1784470386.648845344	1	5620	0
1784470386.648845344	3	5624	0
1784470396.756693966	1	5620	0
1784470396.756693966	3	5624	100
1784470406.867088247	1	5620	0
1784470406.867088247	3	5624	0
1784470416.972997351	1	5620	0
1784470416.972997351	3	5624	0
1784470427.111524424	1	5620	100
1784470427.111524424	3	5624	0
1784470437.227419357	1	5620	0
1784470437.227419357	3	5624	100
1784470447.325598873	1	5620	0
1784470447.325598873	3	5624	0
1784470457.430851698	1	5620	0
1784470457.430851698	3	5624	0
1784470467.536704564	1	5620	0
1784470467.536704564	3	5624	100
1784470477.641519773	1	5620	0
1784470477.641519773	3	5624	0
1784470487.756077126	1	5620	100
1784470487.756077126	3	5624	0
1784470497.868560927	1	5620	100
1784470497.868560927	3	5624	0
1784470507.969024641	1	5620	67
1784470507.969024641	3	5626	47
1784470518.058051787	1	5620	100
1784470518.058051787	3	5626	0
1784470528.161545923	1	5620	100
1784470528.161545923	3	5626	0
1784470538.272714941	1	5620	0
1784470538.272714941	3	5626	38
1784470548.375162318	1	5620	100
1784470548.375162318	3	5626	0
1784470558.501080179	1	5620	100
1784470558.501080179	3	5626	0
1784470568.610113480	1	5620	48
1784470568.610113480	3	5626	68
1784470578.711724945	1	5620	0
1784470578.711724945	3	5626	0
1784470588.816138481	1	5620	100
1784470588.816138481	3	5626	0
1784470598.900408799	1	5620	0
1784470598.900408799	3	5626	100
1784470609.003399794	1	5620	0
1784470609.003399794	3	5626	0
1784470619.099864595	1	5620	0
1784470619.099864595	3	5626	100
1784470629.196601326	1	5620	0
1784470629.196601326	3	5626	100
1784470639.296151480	1	5620	0
1784470639.296151480	3	5626	100
1784470649.399426251	1	5620	0
1784470649.399426251	3	5626	100
1784470659.491843046	1	5620	0
1784470659.491843046	3	5626	100
1784470669.589868895	1	5620	0
1784470669.589868895	3	5626	100
1784470679.687465591	1	5620	0
1784470679.687465591	3	5626	98
1784470689.787227880	1	5620	0
1784470689.787227880	3	5626	0
1784470699.873234747	1	5620	0
1784470699.873234747	3	5626	0
1784470709.975926279	1	5620	0
1784470709.975926279	3	5626	0
1784470720.081098631	1	5620	77
1784470720.081098631	3	5626	6
1784470730.190934090	1	5620	0
1784470730.190934090	3	5626	0
1784470740.296823964	1	5620	0
1784470740.296823964	3	5626	0
1784470750.398998884	1	5620	100
1784470750.398998884	3	5626	0
1784470760.499431885	1	5620	0
1784470760.499431885	3	5626	0
1784470770.599781326	1	5620	0
1784470770.599781326	3	5626	0
1784470780.703645641	1	5620	0
1784470780.703645641	3	5626	0
1784470790.794866163	1	5620	0
1784470790.794866163	3	5626	100
1784470800.891909188	1	5620	0
1784470800.891909188	3	5626	100
1784470811.006187608	1	5620	0
1784470811.006187608	3	5626	100
1784470821.110080597	1	5620	0
1784470821.110080597	3	5626	100
1784470831.207536055	1	5620	0
1784470831.207536055	3	5626	100
1784470841.313834152	1	5620	0
1784470841.313834152	3	5626	100
1784470851.428814894	1	5620	0
1784470851.428814894	3	5626	100
1784470861.526306630	1	5620	0
1784470861.526306630	3	5626	100
1784470871.621524661	1	5620	0
1784470871.621524661	3	5626	100
1784470881.724273948	1	5620	0
1784470881.724273948	3	5626	100
1784470891.832999583	1	5620	0
1784470891.832999583	3	5626	100
1784470901.943734062	1	5620	0
1784470901.943734062	3	5626	100
1784470912.055129585	1	5620	0
1784470912.055129585	3	5626	100
1784470922.162856641	1	5620	0
1784470922.162856641	3	5626	100
1784470932.247835776	1	5620	100
1784470932.247835776	3	5626	0
1784470942.350425956	1	5620	0
1784470942.350425956	3	5626	100
1784470952.433842266	1	5620	0
1784470952.433842266	3	5626	100
1784470962.526332477	1	5620	0
1784470962.526332477	3	5626	100
1784470972.625934590	1	5620	0
1784470972.625934590	3	5626	100
1784470982.720601997	1	5620	0
1784470982.720601997	3	5626	100
1784470992.795207970	1	5620	0
1784470992.795207970	3	5626	100
1784471002.883939089	1	5620	0
1784471002.883939089	3	5626	100
1784471012.975276193	1	5620	0
1784471012.975276193	3	5626	100
1784471023.066321244	1	5620	0
1784471023.066321244	3	5626	100
1784471033.144122459	1	5620	57
1784471033.144122459	3	5626	100
1784471043.253257477	1	5620	0
1784471043.253257477	3	5626	100
1784471053.340946555	1	5620	0
1784471053.340946555	3	5626	100
1784471063.441748800	1	5620	42
1784471063.441748800	3	5626	53
1784471073.544894664	1	5620	0
1784471073.544894664	3	5626	100
1784471083.652880065	1	5620	15
1784471083.652880065	3	5626	100
1784471093.750731635	1	5620	100
1784471093.750731635	3	5626	0
1784471103.862388374	1	5620	0
1784471103.862388374	3	5626	100
1784471113.944539911	1	5620	0
1784471113.944539911	3	5626	100
1784471124.033585915	1	5620	0
1784471124.033585915	3	5626	100
1784471134.142598860	1	5620	0
1784471134.142598860	3	5626	100
1784471144.240253227	1	5620	0
1784471144.240253227	3	5626	100
1784471154.333440213	1	5620	0
1784471154.333440213	3	5626	100
1784471164.423756734	1	5620	0
1784471164.423756734	3	5626	100
1784471174.525718693	1	5620	0
1784471174.525718693	3	5626	100
1784471184.611707982	1	5620	0
1784471184.611707982	3	5626	100
1784471194.703490140	1	5620	0
1784471194.703490140	3	5626	100
1784471204.789608534	1	5620	0
1784471204.789608534	3	5626	100
1784471214.877071763	1	5620	0
1784471214.877071763	3	5626	0
1784471224.986007682	1	5620	0
1784471224.986007682	3	5626	0
1784471235.096185115	1	5620	74
1784471235.096185115	3	5626	78
1784471245.198332231	1	5620	100
1784471245.198332231	3	5626	0
1784471255.314256967	1	5620	0
1784471255.314256967	3	5626	100
1784471265.414064362	1	5620	0
1784471265.414064362	3	5626	0
1784471275.507063993	1	5620	0
1784471275.507063993	3	5626	100
1784471285.608022879	1	5620	0
1784471285.608022879	3	5626	100
1784471295.710748986	1	5620	0
1784471295.710748986	3	5626	100
1784471305.791865831	1	5620	0
1784471305.791865831	3	5626	100
1784471315.905660332	1	5620	100
1784471315.905660332	3	5626	0
1784471326.012000073	1	5620	0
1784471326.012000073	3	5626	100
1784471336.111545308	1	5620	0
1784471336.111545308	3	5626	100
1784471346.205908741	1	5620	0
1784471346.205908741	3	5626	100
1784471356.298060515	1	5620	0
1784471356.298060515	3	5626	100
1784471366.399920282	1	5620	0
1784471366.399920282	3	5626	100
1784471376.494281689	1	5620	0
1784471376.494281689	3	5626	100
1784471386.575444852	1	5620	11
1784471386.575444852	3	5626	100
1784471396.680004671	1	5620	0
1784471396.680004671	3	5626	100
1784471406.794559851	1	5620	8
1784471406.794559851	3	5626	100
1784471416.937185014	1	5620	0
1784471416.937185014	3	5626	100
1784471427.038233846	1	5620	0
1784471427.038233846	3	5626	100
1784471437.125008974	1	5620	0
1784471437.125008974	3	5626	100
1784471447.232987612	1	5620	0
1784471447.232987612	3	5626	100
1784471457.330277484	1	5620	0
1784471457.330277484	3	5626	100
1784471467.423630961	1	5620	0
1784471467.423630961	3	5626	100
1784471477.530264365	1	5620	0
1784471477.530264365	3	5626	100
1784471487.633371739	1	5620	0
1784471487.633371739	3	5626	100
1784471497.739420991	1	5620	0
1784471497.739420991	3	5626	100
1784471507.860205903	1	5620	0
1784471507.860205903	3	5626	100
1784471517.947904186	1	5620	0
1784471517.947904186	3	5626	100
1784471528.060910142	1	5620	0
1784471528.060910142	3	5626	100
1784471538.165832803	1	5620	100
1784471538.165832803	3	5626	0
1784471548.265303898	1	5620	0
1784471548.265303898	3	5626	100
1784471558.371313432	1	5620	0
1784471558.371313432	3	5626	100
1784471568.467608851	1	5620	0
1784471568.467608851	3	5626	100
1784471578.563801830	1	5620	0
1784471578.563801830	3	5626	100
1784471588.666391444	1	5620	0
1784471588.666391444	3	5626	100
1784471598.754499626	1	5620	0
1784471598.754499626	3	5626	100
1784471608.853901663	1	5620	0
1784471608.853901663	3	5626	100
1784471618.956561071	1	5620	0
1784471618.956561071	3	5626	100
1784471629.067688263	1	5620	0
1784471629.067688263	3	5626	0
1784471639.168141868	1	5620	0
1784471639.168141868	3	5626	100
1784471649.253976998	1	5620	0
1784471649.253976998	3	5626	100
1784471659.347684939	1	5620	75
1784471659.347684939	3	5626	87
1784471669.455212137	1	5620	0
1784471669.455212137	3	5626	100
1784471679.557098828	1	5620	0
1784471679.557098828	3	5626	100
1784471689.653578363	1	5620	0
1784471689.653578363	3	5626	100
1784471699.752087602	1	5620	0
1784471699.752087602	3	5626	100
1784471709.856052227	1	5620	0
1784471709.856052227	3	5626	100
1784471719.956483630	1	5620	65
1784471719.956483630	3	5626	86
1784471730.063076797	1	5620	0
1784471730.063076797	3	5626	100
1784471740.149842628	1	5620	0
1784471740.149842628	3	5626	0
1784471750.265295618	1	5620	0
1784471750.265295618	3	5626	0
1784471760.371753846	1	5620	100
1784471760.371753846	3	5626	0
1784471770.485136120	1	5620	100
1784471770.485136120	3	5626	0
1784471780.584168216	1	5620	100
1784471780.584168216	3	5626	0
1784471790.688112679	1	5620	100
1784471790.688112679	3	5626	0
1784471800.797924098	1	5620	0
1784471800.797924098	3	5626	0
1784471810.903247026	1	5620	0
1784471810.903247026	3	5626	0
1784471821.009586187	1	5620	100
1784471821.009586187	3	5626	0
1784471831.116993351	1	5620	0
1784471831.116993351	3	5626	0
1784471841.219953702	1	5620	0
1784471841.219953702	3	5626	100
1784471851.325956201	1	5620	15
1784471851.325956201	3	5626	100
1784471861.425486386	1	5620	0
1784471861.425486386	3	5626	0
1784471871.537647769	1	5620	0
1784471871.537647769	3	5626	100
1784471881.647800631	1	5620	0
1784471881.647800631	3	5626	0
1784471891.752346242	1	5620	0
1784471891.752346242	3	5626	100
1784471901.855353921	1	5620	0
1784471901.855353921	3	5626	100
1784471911.960653031	1	5620	0
1784471911.960653031	3	5626	100
1784471922.080827901	1	5620	0
1784471922.080827901	3	5626	100
1784471932.189697355	1	5620	0
1784471932.189697355	3	5626	100
1784471942.291674338	1	5620	0
1784471942.291674338	3	5626	100
1784471952.401867904	1	5620	0
1784471952.401867904	3	5626	100
1784471962.510585942	1	5620	0
1784471962.510585942	3	5626	100
1784471972.612001718	1	5620	0
1784471972.612001718	3	5626	100
1784471982.733298990	1	5620	0
1784471982.733298990	3	5626	100
1784471992.814528484	1	5620	0
1784471992.814528484	3	5626	100
1784472002.922054613	1	5620	0
1784472002.922054613	3	5626	100
1784472013.067407502	1	5620	0
1784472013.067407502	3	5626	100
1784472023.169613079	1	5620	0
1784472023.169613079	3	5626	100
1784472033.271630020	1	5620	0
1784472033.271630020	3	5626	100
1784472043.364930391	1	5620	0
1784472043.364930391	3	5626	100
1784472053.474993859	1	5620	0
1784472053.474993859	3	5626	100
1784472063.583053434	1	5620	0
1784472063.583053434	3	5626	100
1784472073.685383913	1	5620	0
1784472073.685383913	3	5626	100
1784472083.781206062	1	5620	0
1784472083.781206062	3	5626	100
1784472093.880506666	1	5620	57
1784472093.880506666	3	5626	65
1784472103.984077791	1	5620	0
1784472103.984077791	3	5626	100
1784472114.089155739	1	5620	16
1784472114.089155739	3	5626	36
1784472124.180980455	1	5620	0
1784472124.180980455	3	5626	100
1784472134.288120793	1	5620	0
1784472134.288120793	3	5626	100
1784472144.389174677	1	5620	0
1784472144.389174677	3	5626	0
1784472154.489753313	1	5620	0
1784472154.489753313	3	5626	100
1784472164.598462237	1	5620	0
1784472164.598462237	3	5626	100
1784472174.681380420	1	5620	0
1784472174.681380420	3	5626	0
1784472184.769009624	1	5620	0
1784472184.769009624	3	5626	100
1784472194.872671134	1	5620	0
1784472194.872671134	3	5626	100
1784472204.979940020	1	5620	0
1784472204.979940020	3	5626	100
1784472215.079047726	1	5620	0
1784472215.079047726	3	5626	100
1784472225.185003458	1	5620	76
1784472225.185003458	3	5626	93
1784472235.285393348	1	5620	0
1784472235.285393348	3	5626	100
1784472245.394060237	1	5620	4
1784472245.394060237	3	5626	100
1784472255.491891327	1	5620	0
1784472255.491891327	3	5626	0
1784472265.583451201	1	1746	0
1784472265.583451201	3	506	100
