condition,source_coverage,n_true_cells,n_pred_cells,mean_pcc,mean_spearman,pcc_delta,spearman_delta,topk_de_overlap,auprc,pra_all_genes,pra_top100_true_de,true_range_mean,pred_range_mean,range_width_ratio
AAMP,1,76,39,0.9197908548833904,0.7562430522859637,0.11991427265308298,0.06802747685387782,0.25,0.181526918738474,0.8492650349910412,0.7301310322944756,0.42555338937815873,0.5310039219822122,1.247796217250628
AARS,3,38,161,0.9374984316681413,0.7436959679841938,0.5120319970404688,0.3932986738496533,0.35,0.2855644499149211,0.8462559369595524,0.8336714118755917,0.4606339104371347,0.5499034508315931,1.1937971270325531
ABCE1,3,177,112,0.9127692751716788,0.7713638192611857,0.6342868199619046,0.4217300724434447,0.54,0.46720241955860087,0.8978710960955611,0.7652586319094857,0.5197121227875815,0.5927628546739822,1.1405599701792186
ABCF1,3,159,239,0.941492053169815,0.788839942734196,0.242491840781754,0.13171533512855577,0.29,0.2072442992956814,0.885144377032683,0.8135928856518667,0.4436649493215194,0.5063184205558251,1.1412179617027212
ABT1,3,92,275,0.9384364813668286,0.7848394210790284,0.20004516817268383,-0.0037565621153694637,0.31,0.20317643095248797,0.8925540286881486,0.8247392997793946,0.46077177159994986,0.5537387237913,1.2017635321949156
ACTB,3,140,400,0.9294361442911184,0.7899086893270358,0.3818088805174414,0.15197969351213483,0.28,0.24446784679613046,0.9056888296419864,0.7805361337868016,0.43525329623282466,0.5154224040684667,1.1841895206483697
ACTR6,3,104,254,0.9385714999987503,0.783733964040512,-0.009680324691531565,0.0024874870746469484,0.12,0.08506890356296203,0.8720743218957399,0.8640556539010142,0.4195100229922548,0.5224794847583999,1.2454517023864509
AHCTF1,3,161,144,0.927180974888144,0.7496486579947339,0.18856144935718247,0.17158151445266956,0.19,0.13385105165515962,0.8621823393018709,0.7924444554454757,0.4474613671335514,0.5060323437529136,1.1308961390021397
AKIRIN2,3,144,167,0.9487367230309025,0.7992657899936949,0.2539443636908787,0.22954166332430886,0.23,0.20094511203349585,0.8676039664222908,0.7696768498666314,0.4602235638849919,0.5064609682360811,1.1004672445628432
ALDOA,2,77,145,0.9318784960984239,0.7532907321792898,0.36524404665937577,0.2478614206152314,0.33,0.2770600406249038,0.8660501931174814,0.7586453090049743,0.4711073285960071,0.5360609869399332,1.1378744142205486
ALG13,3,167,171,0.9473717010248587,0.7990724610884435,0.18466988231426779,0.1157514519232548,0.18,0.14452289246560993,0.8980292998714782,0.8215928565178433,0.4445407582553624,0.520793741813423,1.1715320146166162
ANAPC2,1,237,30,0.8684856169484855,0.6482043244302504,0.18384983286613887,0.14822206802357366,0.21,0.14748667194006695,0.7476884791493278,0.6593853791782845,0.44396109009886203,0.42674911972446494,0.9612308817809392
AP2S1,1,96,23,0.9235681725313668,0.7503428844735337,0.2874408955676868,0.17058563839128177,0.25,0.20798113086361938,0.8349505817717372,0.6994379114716296,0.4411153832543864,0.4755451357165499,1.07805155519093
ARGLU1,3,367,181,0.9276710279388961,0.7705770692943211,0.07525318327688969,0.06550948059178725,0.15,0.11656644968328533,0.9013196260812336,0.7864875376567643,0.4380039510474961,0.5290010220111128,1.2077539681284963
ARL2,3,70,306,0.9237091620265396,0.7576976325830381,0.21132689299422716,0.19680935065440056,0.15,0.13577108911814925,0.8311203849435065,0.7585278935173743,0.4680512736093583,0.4833669912843545,1.0327222853805458
ATF4,1,52,41,0.9327877643716527,0.7440481976451295,0.09563597909745335,0.05303582544409623,0.21,0.12816812704569827,0.8237081042831229,0.7725858573674294,0.4204198135258652,0.5158319222898643,1.2269448142664212
ATP6V0B,3,134,179,0.919290754484499,0.7514612838910116,0.29031911014587436,0.19654520421206956,0.26,0.17323071573972995,0.8785038448189249,0.778306065586063,0.4519343122150883,0.512831512669675,1.13474787698378
ATP6V1A,3,89,145,0.9167758547057911,0.7460011653246693,0.26580690579298744,0.157721265344374,0.24,0.17125072750127224,0.886654549163335,0.7593472581916373,0.435853284255986,0.5200977771549634,1.1932863282421329
ATR,3,133,373,0.9356898698980025,0.7750817223956804,0.35450617675522067,0.3003096630483817,0.32,0.2383318966427296,0.8968360439008677,0.7718563753486751,0.44229269941561894,0.5301455040251156,1.1986304380318016
ATRIP,3,183,166,0.9326649872281346,0.7693757497996326,0.33543476541199013,0.2847188313654781,0.21,0.17698984831474035,0.8838896693511241,0.8103831431776318,0.4435664853432299,0.5144572656308267,1.1598199391339101
BCAS2,1,197,33,0.877959008371613,0.6599691682339839,0.3126052456322123,0.2381496998690392,0.23,0.17337626517630855,0.7815120789184119,0.6579213165210728,0.4625484116153174,0.4738619128388835,1.0244590418967532
BDP1,3,277,116,0.9327852585065092,0.7666431302819195,0.3772989468131079,0.2627812684465236,0.37,0.2858849515212108,0.8929356213103202,0.819166577426325,0.48075043360540437,0.5920787438003431,1.231571913610788
BGLAP,1,236,59,0.8769087368273718,0.670594420019057,0.3396903182671963,0.27002036146972846,0.3,0.22711995087449086,0.7730595970767615,0.6021551927166895,0.47786257366665363,0.44711714314390205,0.9356604982820774
BNIP1,2,107,166,0.9415505204541038,0.8014797356082314,0.31324121299058283,0.24060046664594772,0.24,0.18573097627179597,0.9032235878491159,0.8243515369501633,0.45455305834516424,0.54271274648589,1.1939480432101754
BRD8,1,68,53,0.9233435244947106,0.7733661861341925,0.014646746097380656,0.09537188808930128,0.17,0.13885974885859198,0.8679499582078438,0.6905465127949393,0.4085299377282971,0.4800790427123733,1.1751379436977327
BRIX1,3,95,253,0.9368095007684408,0.773918403298829,0.43925321941203294,0.2915689072277687,0.41,0.31203422287021904,0.8713865065675336,0.8023117861635258,0.49943905789271764,0.587179401552478,1.175677753904922
BUB3,2,246,35,0.9443492840913283,0.7781337998195434,0.23013132088200047,0.19117178585253625,0.2,0.13624652155923989,0.8544077457619661,0.7762780866674219,0.4724591845659837,0.5219447789158059,1.1047404409078785
BYSL,2,87,141,0.9319685318123159,0.7804840132553225,0.2993323483399565,0.05953620777453707,0.43,0.3133684234739904,0.9112075415487092,0.785554555291786,0.46402872582733073,0.5819230546245712,1.254066849086497
CCDC59,3,100,331,0.9454389159679488,0.8009729991852679,0.18889627927565333,0.012521303553366184,0.28,0.2020423232541267,0.909398643444814,0.8107948834825719,0.45909917924313115,0.5561692777283151,1.2114359832462638
CCDC84,2,77,97,0.9379685773747632,0.7825303482714608,0.24036645389967873,0.23322513351414378,0.22,0.14903030759601216,0.8700215430591438,0.770897965265644,0.43165198243478753,0.4893310911046578,1.1336240760630434
CCNH,3,75,377,0.9427075934441195,0.7843363523206757,0.30709992039003636,0.21358957341581236,0.26,0.186457785827515,0.8895673612896008,0.8202220660699276,0.47593026828545393,0.5649030189241033,1.186944904953673
CCNK,1,211,273,0.8870385982350424,0.7209333624055623,0.06794478043951498,0.0691926129066293,0.14,0.09598441915646312,0.8227979424890591,0.6963250299280197,0.45184965441470215,0.47716201017466253,1.0560193970548777
CCT4,3,217,182,0.9272231578234226,0.7477253458673189,0.31312615270999716,0.26286316804911486,0.19,0.1584035536040715,0.8728040294833775,0.7923832670176455,0.4533396624224284,0.5014894499130068,1.106211259282227
CCT7,3,141,192,0.9180040972792544,0.7248999475691056,0.33315880168617573,0.2588758690723787,0.18,0.16195569115014116,0.8347070160429177,0.7579796650182834,0.4706189033079688,0.4935359417680909,1.0486955109794438
CD3EAP,3,85,298,0.9398144611687606,0.7809497793623011,0.18671405119376347,0.0312947291019512,0.25,0.18218487058787516,0.904831750226252,0.7924968515943169,0.4588831626821248,0.5545998948855162,1.208586254414031
CDC123,3,96,114,0.9421399554410784,0.7696501550885329,0.28475722260163705,0.2130972462344633,0.19,0.13909712611872238,0.8846639570375924,0.8581861900265012,0.4378110053004399,0.5220182286811047,1.1923368997988302
CDC5L,3,77,112,0.9236128708950957,0.7392958344334146,0.5343601997003946,0.42853042380866113,0.43,0.357271208771651,0.8288470857974313,0.756927026872406,0.48190618347518854,0.5235454040381676,1.0864052197850056
CDC6,2,153,144,0.8912940410934911,0.6477639755537341,0.41238444783218814,0.26097698464694263,0.31,0.24830378892924812,0.8040693119885798,0.6476441819483526,0.45538236807391663,0.46669776934712504,1.024848109672289
CDC73,3,140,132,0.9332158583186837,0.7590567069384467,0.4917687935503949,0.4261123487715906,0.22,0.20434012711047086,0.7581967978081332,0.8149654684148092,0.5042343717486307,0.5209817308230161,1.0332134215368403
CENPE,1,171,34,0.8596942667763489,0.6403685998480309,0.22020054493222924,0.2031613204385945,0.29,0.20237148096539623,0.7268333008533554,0.5189074447475711,0.45832096527915156,0.4098768684915256,0.8943009170415561
CENPK,2,93,97,0.9083733427507263,0.7207983577932144,0.26102637269263695,0.21514289499330935,0.21,0.1649048797435257,0.8125090121883694,0.7368684496497887,0.4738448644381434,0.48696161966619755,1.0276815175928773
CEP192,3,184,106,0.9285682913790597,0.7643686291046968,0.3043765566327949,0.2519303419975704,0.28,0.2119927522704265,0.8602331782543569,0.7473506120075142,0.45449132689926125,0.48205644703138983,1.06065046326337
CHCHD4,3,132,354,0.9416318020887238,0.7957919764849181,0.27272995813917605,0.23802150982213702,0.2,0.14918307383907736,0.9023036999091809,0.820642246232243,0.44201762928496297,0.5356807007709948,1.2118989224899428
CHD4,3,33,203,0.9199900908056564,0.7417338554596745,0.1811459213903747,0.1488379457260294,0.2,0.1469856634393144,0.8511425757305121,0.8106846470144786,0.4254866530954269,0.546474107182396,1.2843507319519305
CHEK1,3,205,127,0.9326448389930446,0.7598948094238057,0.32806624173861215,0.3544515018790588,0.24,0.20587248989630585,0.8339770513115791,0.6835977799880701,0.4601346261368126,0.504842305695527,1.0971621478749567
CHMP1A,1,71,40,0.9170054627551529,0.7507766301323265,0.059161442235608874,0.08242291896204225,0.21,0.15922065009586253,0.8384459264581698,0.7007468947439949,0.44459857631625876,0.521298896953428,1.172515867116612
CHMP2A,1,61,21,0.9269534739413725,0.7277965981178488,0.16725569705242604,0.16056084754308445,0.22,0.15306627620344757,0.7841476977366338,0.5678990706563599,0.46745875298639045,0.4987004901458085,1.066833119053814
CINP,2,73,101,0.93241917814625,0.7682465701713058,0.05297922147924697,0.0638729194447155,0.22,0.15008149254272163,0.8726699314174697,0.7756550468098211,0.4245663084898828,0.5208726395855087,1.226834576605541
CKAP5,1,159,83,0.8756565495163936,0.6752218755987166,0.26085475734809543,0.24505901101753608,0.18,0.16992711620520395,0.7659319889205117,0.6757417253813132,0.47072581869054403,0.4595459166460788,0.976249631180075
CLNS1A,2,46,124,0.9286887513667316,0.7602661502999104,0.18994656623770229,0.2161080057109981,0.19,0.14902933365547172,0.8750244779338612,0.7921040583695791,0.4308396499506187,0.5126380647281473,1.1898581128462131
CLP1,2,51,52,0.924012157764308,0.7455896269348709,0.2078980157275059,0.1707592048075868,0.23,0.14389192758940178,0.8384435651954195,0.8030207016764525,0.4441483820141749,0.5381487425301126,1.2116417670446902
CMTR1,3,138,222,0.9305806650941808,0.8020027887060511,0.33792572229565626,0.020533389851207832,0.45,0.3540407437429046,0.8957001508144534,0.7762008691956808,0.49418946551225706,0.568369211274286,1.1501038355483737
CNOT2,3,64,241,0.9297900979658422,0.7924634659714094,0.39850359994331747,0.29535754645117857,0.28,0.21675236163842243,0.9228182570863386,0.7975969102943984,0.4463021041420878,0.5506732002932018,1.233857476457944
CNOT3,2,303,208,0.9279029147746285,0.8019017320825074,0.4017139279459396,0.3526991835935037,0.24,0.19984493145936452,0.9066344214574642,0.7897796747256927,0.4765847308049979,0.5388833348677097,1.1307188181423589
COPB1,2,56,34,0.897495299779852,0.6442256090697244,0.5472328967817016,0.3905250344433766,0.34,0.31637265844644247,0.792910630972784,0.7111119701395332,0.4859377120672625,0.5417149618872594,1.1147826918698778
COPS2,3,44,166,0.9343427334334099,0.7567257641140896,0.14770286566578375,0.12047404826073055,0.19,0.13419107934368038,0.8381626127684485,0.8346138302481698,0.44286704593446996,0.5192822476844514,1.1725465706378675
COPS4,3,253,173,0.940435752055239,0.78990705781405,0.23822757624016982,0.22251828195225995,0.18,0.12815027373843862,0.8771802094683905,0.8362581409509017,0.45723421305666967,0.5237873304999815,1.145555831316378
COX11,3,103,445,0.9507044289450293,0.8082487204494413,0.16773540859924554,0.17090760907916294,0.14,0.10396386462028925,0.9115643687141045,0.8588364280346147,0.43106475128772215,0.5206863366903156,1.2079074502282823
COX17,1,129,71,0.9367349954612308,0.7775560026893266,0.10351162042001293,0.06482959666578388,0.2,0.1368765987432365,0.8695054161982385,0.7612645104054137,0.4397932984921771,0.5083861976933081,1.1559661956574565
COX7C,2,154,146,0.95259776613269,0.80949307993904,0.22982532742386869,0.19196237907963426,0.21,0.13955502508554635,0.8959471014243464,0.8271862457314131,0.44216639882215897,0.5151730812819305,1.1651113042581558
CPSF1,3,48,229,0.9453726940197678,0.7765064482538432,0.24439787562247822,0.22985869620980254,0.3,0.18459156828233983,0.8513728329824807,0.8353932915494796,0.45122795223674106,0.5378740624766931,1.1920228963879955
CPSF3,3,575,699,0.949358363441413,0.8106170456639515,0.3483144194085581,0.36396625950866357,0.37,0.24310876901293407,0.908218120807761,0.8358139898850899,0.4614096723888114,0.5554035851380708,1.2037102955070944
CPSF4,3,57,203,0.9453274050763253,0.7862158081382667,0.3760289340022389,0.3472308813268784,0.31,0.27636080271137203,0.8145113611712107,0.8126098342981943,0.484055798273169,0.5504236699288673,1.1371078716986383
CPSF6,3,43,106,0.9302320620355529,0.7727176933953073,0.3557381417084049,0.30925689006521456,0.2,0.15059870105723358,0.8618213210922876,0.8587405677203441,0.4609567593125214,0.5422391049332721,1.1763339667231192
CSE1L,3,373,507,0.9059864438594469,0.7100008490185308,0.47001164943599466,0.3562840830305051,0.35,0.2622526577484081,0.8388156764058997,0.7576919552249386,0.46693351968171565,0.4997394734749079,1.0702582738394357
CSNK1A1,2,131,109,0.9469345668271659,0.8015504416787158,0.20252347320533165,0.16687435624464428,0.21,0.15572775138022615,0.8541777215022107,0.8157514795395541,0.46491713773432525,0.527906664572923,1.1354854669171996
CSNK2B,3,103,295,0.9438245332320134,0.799202332019902,0.29768821565840387,0.2793725634794447,0.2,0.1540308418337509,0.8799585414487937,0.8334338879185892,0.4578174618155048,0.5455374232908992,1.1916046391316941
CSTF3,3,59,174,0.9330020458901208,0.7599669550379411,0.3071008555618248,0.25049481239568777,0.34,0.24344004877592493,0.825757780296495,0.8097410711216724,0.45830841632493224,0.5345797627524148,1.1664192322167946
CTR9,1,197,38,0.890304217865664,0.6743352686914502,0.3760281990929542,0.41489155742528244,0.24,0.18884355586876228,0.6644668586166534,0.6975543517531625,0.48749501116502686,0.47565991167236943,0.9757226043778383
CUL2,3,84,201,0.9433462784898121,0.7854718872347152,0.17797201980563065,0.07359774109408627,0.28,0.18718318816585483,0.9059581174213217,0.8129769817272126,0.4322487379413161,0.5308955153872688,1.2282175897924068
CUL7,2,33,89,0.9017072169951188,0.6732384294022159,0.2987061934849478,0.20415383045209504,0.24,0.1416460704710553,0.7944168792378711,0.8136387126252465,0.4566097975995277,0.5231161258670198,1.145652408600522
CWC15,3,144,127,0.9399784042020598,0.7669919442746089,0.4067881445832827,0.35442661152944344,0.32,0.2242403597763185,0.8401097156624624,0.761670594877481,0.44181476454928464,0.5032951846612098,1.1391542647586743
CWC22,1,28,31,0.9119495923345053,0.6580931348170878,0.4025002628128592,0.32507686278993586,0.26,0.21448412724901061,0.7156512593732134,0.7162692559127422,0.4501403968554515,0.45998420806374923,1.0218682905564147
CWF19L2,3,187,183,0.9459631109414027,0.7950787924111605,0.2661658450931364,0.1845637083543286,0.25,0.1821274115468061,0.8940585803968055,0.754503335851256,0.4654754577324613,0.531252734928541,1.141311995488205
CXXC1,2,115,241,0.9352824159761574,0.7965089617240326,0.26692910329283587,0.22431779049400496,0.24,0.1940575383528545,0.9037745456938032,0.7655802530780421,0.45667880758251966,0.5406441517832171,1.1838608031902538
CYCS,1,162,71,0.9388921787456115,0.7770423640865666,0.20871129312712705,0.14666221636885238,0.26,0.15706873386544198,0.8745134514291087,0.7541164074198632,0.4334684817040415,0.5095534950565893,1.1755260297085128
DAD1,2,71,108,0.9407637786217627,0.7861034512148533,0.2489166133363106,0.10667883018096772,0.27,0.20782373646448477,0.8712717411013327,0.7882681324944469,0.43885787527537007,0.529726444508409,1.2070569135974887
DAP3,2,141,147,0.9534336009398272,0.8145355921465622,0.1431101946543414,0.1416232568589261,0.22,0.1646449563868674,0.8938134342614866,0.7528542792380323,0.44255637746473203,0.515223229528896,1.164197928495507
DARS,3,60,101,0.9391731601724226,0.7345289949624954,0.4851043938489966,0.3550328091343078,0.34,0.2935235699410771,0.8326026066480712,0.807747459153079,0.4524350886137574,0.5046053683843135,1.115309952588567
DDB1,3,85,218,0.9368329879521874,0.7722271783853378,0.2967016111889092,0.1521153173958502,0.22,0.1733245122042118,0.8888946008598145,0.8552295940078853,0.4551354622268308,0.5423956440855041,1.191723513510686
DDX10,3,97,245,0.933388355654401,0.7643182393263467,0.26244132963167077,0.04659738501575638,0.37,0.25398183323016926,0.8938056321200041,0.8101111209789983,0.45767044429189413,0.5542825302815949,1.2110952871956278
DDX18,2,112,140,0.9243900552665428,0.7642842439457229,0.4218245922703218,0.2173463034427602,0.43,0.3434727553715802,0.8743138063034087,0.804913605719608,0.4934099935848702,0.5587186972679559,1.1323619164763288
DDX23,3,126,367,0.9329539786664819,0.751572273724484,0.3690712561271776,0.2912118780079463,0.22,0.16655470415669044,0.842206591198987,0.7983634754519747,0.4577778473380855,0.49010754132327733,1.0706230838100916
DDX41,2,259,61,0.9318311407402594,0.7366717772636474,0.46952884706213066,0.4487313622653045,0.28,0.23206271850221877,0.7610469896725416,0.7132523595275166,0.4522526567019435,0.4730717697689812,1.0460342295355851
DDX46,3,132,297,0.9410425562520659,0.7782310044122551,0.3753789287286204,0.2748135699069734,0.29,0.21810248435622126,0.9028491924468768,0.7748797878445647,0.4466434487295038,0.538331502035865,1.2052824048227904
DDX47,1,313,93,0.8075302002632516,0.5863907891548293,0.16468422861616938,0.06335001345792572,0.18,0.12020545566320107,0.7444601750691145,0.6098908079013164,0.4892401744071439,0.4718679605634229,0.9644914207838988
DDX5,3,130,437,0.934769525724692,0.7852824153837797,0.023907000018777803,0.056491224501886074,0.12,0.09776263788061643,0.9000493943049694,0.8118001243086468,0.4274871360043816,0.5167940308199863,1.2089112752285875
DDX52,3,106,339,0.9386181908547006,0.7945932874618192,0.23167430114478277,0.030810510885908388,0.38,0.2681719127976076,0.9174738451975443,0.8161478764934766,0.47058091018802367,0.5719449100175733,1.2154018267231255
DDX55,3,150,595,0.9493682657980975,0.8073471508470722,0.10917929062930752,0.06884475713150129,0.18,0.12671644436654472,0.9195722009652195,0.8577625279351505,0.4244114821085479,0.5261837469933995,1.2397961807754778
DDX59,2,152,90,0.9312355553331362,0.7700865734147215,0.09913295908697116,0.08994027890453773,0.15,0.10333955012885157,0.877711153475382,0.8103417816665041,0.43894563317143304,0.5114926194803244,1.1652755356784752
DENR,3,228,176,0.9382354992362287,0.7893931399510904,0.2207179581875047,0.2233204129310626,0.18,0.12870446431896715,0.9089859437475464,0.8225814478214253,0.44003850387404886,0.5101604780320051,1.1593541518459611
DHX16,3,305,220,0.9502784543122607,0.7962787005905502,0.5058516210605156,0.4513200260815825,0.32,0.2889688245068872,0.8553183482507805,0.7807139636724476,0.4837417514439061,0.5414704953286983,1.1193379163967143
DHX33,3,127,187,0.9432519443428545,0.7998562574306765,0.18485754612262686,0.04940257074881388,0.23,0.18472517374129524,0.8865772303677182,0.7741492013135072,0.4689593523296224,0.5323737752181533,1.135223684571539
DHX36,3,248,216,0.941568034288468,0.7996259923138515,0.32204333697040116,0.27677745005392956,0.31,0.19392730728833876,0.9282926937095621,0.7735167996228242,0.4612888694747501,0.5568327983410091,1.2071238287275659
DHX37,3,202,290,0.9388430710517075,0.7917002155340721,0.20889438980659253,0.02422415941907474,0.26,0.19337965228937787,0.902369850867387,0.8272719826744737,0.47088482562443673,0.548840474058165,1.1655513886539837
DIS3,1,40,49,0.9100230259135513,0.7324747660185801,0.3270747125596899,0.1839359691550587,0.37,0.2967350153312767,0.8187526291149646,0.7374559525606813,0.46410392656175514,0.5623412721765925,1.2116709811655855
DKC1,3,51,153,0.9385014684598254,0.7796151473225079,0.20628922955383622,0.040187655185826524,0.28,0.20022679390172948,0.8623214446284774,0.8312284901848234,0.45949193471175814,0.5667494853527281,1.2334263785804847
DLD,3,283,216,0.9301735185638521,0.7538065249031907,0.38926406745930275,0.26863207196976413,0.28,0.21881476970382233,0.884262551445384,0.8289902176437771,0.458965393511005,0.5154089916292978,1.1229800496649838
DMAP1,3,71,100,0.9264592581722277,0.755923536692596,0.3022774334250262,0.3032155912199578,0.32,0.2548586649392817,0.8370241581893044,0.7512529355961567,0.4393394818942914,0.5137036981332276,1.169263650573049
DNAJC17,3,30,212,0.9503772259086714,0.7915702443975362,0.46248683444779554,0.3839051481635777,0.31,0.2417044175117657,0.8675250532155693,0.8158280725044436,0.43926633188950004,0.5242685905219832,1.1935095875246138
DNAJC8,3,260,340,0.9429063328433155,0.7964025887190644,0.11016319454481245,0.04377826711459483,0.15,0.11169219362074627,0.9037240791631335,0.8123710913965156,0.4473437309958627,0.5138988686063125,1.1487784929376386
DNM1L,2,144,78,0.9516972363169762,0.7974628764998278,0.1469504630900989,0.13426742281271492,0.2,0.1612501422173392,0.8739703427386455,0.7789710813875306,0.44109427477577656,0.4980798926159988,1.1291914445665283
DNMT1,3,146,337,0.927582397646666,0.7706021213455865,-0.022711364416368104,-0.012430943707514183,0.17,0.13490329939739723,0.9145503153387955,0.8214760102636448,0.4311271947241768,0.5730406294574604,1.3291683363476814
DNTTIP2,2,235,117,0.928197913731302,0.7657267777208385,0.43458947112150587,0.19842562159826763,0.48,0.389936846192548,0.8870719592247833,0.7979001971897084,0.4892027915222014,0.5667553303065335,1.1585283823866501
DR1,3,103,115,0.9357049174866361,0.7771816885328547,0.07956172339085246,0.10461453273879603,0.14,0.12282081457023988,0.8998007658285216,0.8126236749444817,0.4129936628870506,0.5245780234689645,1.2701841648126921
DSN1,2,234,64,0.9126833865428529,0.7212240271220877,0.5022995380338546,0.3877036342832994,0.35,0.28516740597640927,0.7886310769767746,0.7080696537113687,0.5031174382268228,0.4802315086055201,0.9545117353771739
DTL,3,87,132,0.9347149241638193,0.7550806170898212,0.4059735526813221,0.2580017140730669,0.36,0.2701635431223087,0.8793843228321876,0.7967657667378635,0.44258711970809117,0.4971295641259533,1.1232354733266547
DUT,2,46,77,0.9225923159694566,0.7388622107997534,0.28543017459675235,0.17643450489513876,0.27,0.21725994125808573,0.8762175727159658,0.743719827153144,0.4172458669264092,0.49735256368049874,1.1919891631864301
DYNC1H1,3,217,61,0.9363490100579355,0.7690528988833076,0.3954919446609985,0.2868871921984808,0.36,0.24679379431209483,0.8568519398205485,0.7770414869051884,0.481332292357073,0.5089378265890699,1.0573523200018229
DYNC1I2,3,239,137,0.9364459511205222,0.778378032969747,0.3980294943438785,0.3007371522371526,0.38,0.28284985804487395,0.8828294164541913,0.7864725332664881,0.4773949543538733,0.5205205839971939,1.090335304859549
EBNA1BP2,3,68,120,0.9224554649286564,0.733657692277532,0.23480649493507968,0.11694807659251522,0.3,0.20657252522974942,0.8732926131570989,0.7713274835363957,0.4288078743715489,0.5037329680595308,1.1747287921204865
ECD,2,69,81,0.9183115705481287,0.7126501484912684,0.2725238678684073,0.21303624663058218,0.22,0.1580326043270702,0.7854620250139664,0.7411398335783019,0.4632212637316855,0.4573513932330512,0.9873281284096759
EEF2,3,196,214,0.9368406276752153,0.7941600111410887,0.34922383485598296,0.18946387994086544,0.34,0.2317669708237871,0.8862485818508137,0.8114469489817187,0.4705037216640351,0.5362308138025691,1.1396951346295945
EIF1AX,2,95,119,0.9287075900917315,0.7173989463803158,0.39327053906151344,0.288229304184982,0.32,0.2155195160637979,0.7914551679124516,0.8136260928629504,0.4412961009365279,0.45379812017545496,1.0283302048875869
EIF2B1,3,162,526,0.950854346001154,0.797517693258941,0.4315840128026286,0.337761666074197,0.26,0.2004718550873506,0.8982740045808696,0.8322305710455058,0.4539062654830711,0.5400524367011532,1.1897884340250657
EIF2B5,3,412,351,0.9453215461432495,0.7775718928389123,0.6003417911726426,0.5135919656088082,0.35,0.2847489976539204,0.8603044262756185,0.8452316398558822,0.4915072715485599,0.5250159925947895,1.0681754112383766
EIF2S1,3,208,172,0.9274212580533393,0.7382763257937632,0.6520242667606346,0.5301706134272299,0.41,0.34454204827903195,0.8001237930103893,0.8544517523651275,0.5373781028717117,0.547257054221943,1.0183835945558684
EIF2S2,3,76,117,0.9299815618515759,0.7358110713493927,0.4042333261030579,0.29043669772209885,0.28,0.20363028188021653,0.8365557794926135,0.8116673352954663,0.4678941935318609,0.5108268828835864,1.0917572370584026
EIF2S3,3,46,134,0.9252953835029066,0.735519507020003,0.5904564592720487,0.45338324866870006,0.42,0.34626604824678786,0.7850814139428665,0.8563320111988054,0.5212568824506212,0.5409031852048451,1.037690231129337
EIF3B,3,23,338,0.9272609618661102,0.7410680716381395,0.4266836859418413,0.2818609786638235,0.33,0.26157064960028564,0.7950482871101044,0.8095194326597004,0.4606560065631081,0.5049293408814934,1.0961092935433745
EIF3CL,1,44,337,0.8663147104704425,0.616653984889839,0.19582803315002198,0.10806155566828048,0.28,0.16781074236258778,0.7294138300590021,0.5729772119093738,0.4290488624247347,0.41859952794623567,0.9756453281896642
EIF3D,2,144,97,0.9358664776903441,0.7529984389679474,0.5532486387987808,0.4990086730358323,0.43,0.35746491556683724,0.8166842909524049,0.773672251419027,0.4598987180446243,0.4972267970264955,1.081165845229842
EIF3E,3,171,104,0.9308074497047131,0.7465987587997444,0.41005971487164916,0.31684234518595517,0.28,0.24506184929008493,0.829069468452951,0.7616559639143294,0.4255542280619213,0.46523888981712186,1.0932540395695136
EIF3I,3,44,216,0.9331484107475234,0.7464127590640467,0.43267140683511934,0.2871557419152253,0.35,0.2847502619689267,0.8337806233410249,0.7452910769622271,0.4383525137773989,0.4672043329207027,1.0658187362415075
EIF3J,3,72,189,0.9490692003256592,0.7952040090777394,0.1815741902274633,0.09642723963217031,0.17,0.12915682807273832,0.8816946691316343,0.8587309973698716,0.43124764520310416,0.5200537178567601,1.205928221480604
EIF3M,2,209,153,0.9456222146023763,0.7891667432306521,0.4655128762820415,0.3738533060754935,0.35,0.29766520517784373,0.8759899172695295,0.7763055829638597,0.44206207740100595,0.4932690240318281,1.1158365263392764
EIF4E,3,324,170,0.9398048588780489,0.7595531487369461,0.44701859316412695,0.3197362770410679,0.42,0.3204954826241666,0.8668483223046276,0.7767571156771607,0.4521971228748098,0.4912262709442356,1.0863100078085435
EIF4G2,3,205,304,0.9402121402279207,0.7813760709551747,0.25037385199732587,0.2523151924391052,0.28,0.20045564874478378,0.8928976107787107,0.7436031907797701,0.4428957531139752,0.49812982418087615,1.1247111976835211
EIF5,2,94,61,0.9523848679975178,0.7828480209246281,0.2998131959023065,0.21371756276985407,0.26,0.1883379293929782,0.8574763799759221,0.7810561925811649,0.441342835295901,0.510461738968806,1.1566104320249346
EIF6,3,107,263,0.9378976985575335,0.7780558216153671,0.1924300438122716,0.06184318305049333,0.28,0.18560996479823721,0.8969445496385601,0.8260612129297674,0.43973015979030183,0.5304082228630995,1.2062129444428162
ERCC2,3,116,237,0.9347450820047913,0.7679635385175195,0.24438970597798035,0.1890116147339095,0.25,0.16983935305254574,0.8839765501397544,0.8111264818954517,0.46804643488157904,0.5428139880050623,1.1597438543570187
ESF1,2,121,317,0.9453674020210808,0.8088798590564448,0.19087077196374766,0.023784721263826025,0.26,0.19528252136356564,0.9052245852174947,0.7971020481520117,0.4670762635682996,0.5464705619720971,1.1699814203732783
ETF1,3,40,196,0.9371822291466442,0.7190820105677685,0.5530550153109607,0.4264331227195502,0.36,0.3050876338176112,0.8229202983488036,0.7980680061078518,0.4570513498602627,0.5181242776656777,1.1336237525342605
EXOC7,3,32,187,0.9406815127534885,0.7621481482121848,0.36100063099576446,0.24257490604524376,0.33,0.22121896308617053,0.8394381999482383,0.8338771860837063,0.4725591461683195,0.5778327832643059,1.2227734363451614
EXOSC10,2,77,82,0.9439805955820658,0.7995613957291313,0.15180315773096753,0.051816968624649025,0.29,0.19163097411522872,0.8896371760830964,0.7660473723607815,0.45267311221873296,0.5340790905645184,1.1798338897321363
EXOSC2,3,209,270,0.9288065230501275,0.7594332477563754,0.4088186232161055,0.2489732214129825,0.34,0.2776520573184834,0.8783691490553344,0.8191466243201931,0.5017219535846416,0.5739365698329588,1.1439335159504822
EXOSC3,3,44,253,0.9216891528410114,0.7342887703431416,0.3496551794712339,0.18269828778842268,0.35,0.25748463816973466,0.8466157669961715,0.8125271422945146,0.49053886812758196,0.5813695720954841,1.1851651276135515
EXOSC7,3,84,155,0.9316882900416926,0.7589706137946861,0.23038887798868063,0.1646739401062022,0.18,0.17060653832816453,0.8842128148085943,0.8704550313554134,0.44757957094724615,0.5724652237994574,1.2790244420621388
FAM136A,3,40,1227,0.932701670713319,0.7689838353741439,0.32894092744650855,0.2665377085527256,0.25,0.18000031985093398,0.7824024268265136,0.7542151569118927,0.5445174861468179,0.5356876782984041,0.9837841430056949
FAM32A,3,332,124,0.9404077261297126,0.7740166781515153,0.41727429709392744,0.3380629497284214,0.27,0.2128635891806945,0.8509479266948429,0.7580842928520319,0.47966803788343076,0.49934112257490865,1.0410139361549862
FARSA,3,128,230,0.9530642783284885,0.7950091562876856,0.5163368945481225,0.43211072018257035,0.34,0.25542866255749963,0.8789624335409782,0.8298566397244024,0.46828062639200524,0.5419114106025786,1.1572364272370552
FBL,2,124,69,0.9297586209148314,0.7689831550674097,0.4448721843385999,0.2526010041799273,0.5,0.38768269499979074,0.8708014560734135,0.7909345360013625,0.4754507157644858,0.5549846785734264,1.1672811681611308
FBXO5,1,233,29,0.9204564734351315,0.7245301016497148,0.12625862857524375,0.09057672652806707,0.13,0.10563932501884471,0.7420450079684522,0.6632716045318378,0.43578130106012697,0.3940226625428848,0.9041752194107275
FTSJ3,3,153,110,0.9320040534506046,0.766125790532685,0.5095472552499697,0.38423046578312187,0.35,0.2592429583864615,0.8722970510130764,0.8480234717750212,0.49122117430967494,0.568186511856844,1.1566816131012962
GARS,3,148,251,0.9389760156846964,0.7910983316594336,0.15326857366935082,0.07540487938541239,0.19,0.141551266724461,0.878108171300348,0.8063900280184829,0.4598227535149969,0.5303134599562761,1.153299710311058
GBF1,1,155,93,0.8849169005977015,0.660679978786312,0.5310582648586227,0.4869595232159293,0.38,0.2805080699761263,0.753268069446011,0.6387878087891903,0.47769286723847454,0.44166997941410907,0.9245898368160469
GFER,3,198,220,0.9450429913041464,0.8099912320123299,0.24879837700299387,0.24734001963157337,0.23,0.14753399051228003,0.9257223105237555,0.8079034529334472,0.44199893727214007,0.5370811189273661,1.2151185477749196
GFM1,3,230,3739,0.9435693424603484,0.8009205959228775,0.2070192021261556,0.23403145048608717,0.2,0.14406032769556096,0.9153379079609185,0.7996311342034907,0.43251947001276225,0.5101587154415742,1.1795045980969945
GINS2,3,130,272,0.9486105518851397,0.8061854111949883,0.3464829160903738,0.244955882267656,0.25,0.22633970376879328,0.9170884144957095,0.8268093083108028,0.4283948716616397,0.4995082281654376,1.16599952414923
GINS3,1,98,69,0.9272672708976977,0.7670394659708123,0.06600301412077726,0.02962700512641977,0.23,0.155698235040969,0.8783288447004196,0.6811840177971049,0.4269002887418133,0.48269461401891606,1.130696360348173
GLE1,3,54,205,0.9244889892669741,0.7292266771429454,0.2101701675314827,0.158645874844047,0.21,0.18862399035602587,0.8299661677577586,0.7419267873301475,0.45120741446860374,0.48598835656068196,1.0770841307255536
GMPS,2,94,64,0.9457894656309739,0.7794892380346943,0.22959450852873617,0.14102169368395218,0.25,0.1543890804357806,0.8766487569930071,0.8181072342033966,0.43644249460533235,0.5302029120324621,1.2148287722615736
GNL3,3,29,255,0.9370766630436769,0.7637687228060306,0.2132017015955236,0.11873808920783938,0.32,0.2424153967681208,0.8950450023719565,0.7726319254710498,0.40960653469962255,0.5251548603212634,1.2820958725314706
GNL3L,2,66,128,0.9441753656389946,0.7756377003422853,0.08894640185425066,0.03146985706130434,0.23,0.16045321272632151,0.8826505515668156,0.7854387249190417,0.41917755061800555,0.5138703994933062,1.2259014980088443
GPN1,2,76,104,0.9430757213099096,0.7651402709407448,0.46387179444076376,0.32623387409786325,0.38,0.2849610662893927,0.83875100278871,0.7962360715925193,0.5083530056457033,0.5621867259533139,1.1058982806253872
GPN2,2,42,90,0.930431532029602,0.7521348922481694,0.32127821352711344,0.25036081760185885,0.28,0.1998193104162794,0.8507106663675807,0.8095914340624367,0.46864534645943695,0.5550169150413934,1.1843004681290004
GPN3,3,250,293,0.9456808821532506,0.7918170138226748,0.5150039368779792,0.3815046630278102,0.42,0.3155289606343116,0.866913092568422,0.8379909729858775,0.5374439054446601,0.5943328821004719,1.1058509828113765
GRB2,1,53,112,0.8732825073426284,0.6896091022413057,0.06461654731527058,0.07360405768063025,0.14,0.09053500422160428,0.7760196900649787,0.6520252540989272,0.4528773014933797,0.4702256742126903,1.0383069813369625
GRSF1,3,146,279,0.9393452737223235,0.7908084780499107,0.21818650633443887,0.1758072624347785,0.17,0.16996020654639182,0.8921060485045026,0.7995139565991478,0.44993734194148055,0.5224581807211647,1.1611798364077945
GTF2B,2,34,67,0.9415888970786057,0.747676760828541,0.2579692556787703,0.15394956587125036,0.29,0.18341071475621315,0.8175119760290263,0.7953627386793012,0.45345796375293146,0.5493723393624608,1.2115176513839157
GTF2E1,3,176,164,0.9456427722356989,0.7874176934505175,0.34426163042188057,0.22821397209456898,0.22,0.15422593304074064,0.8862890127200851,0.8490043125842938,0.46948750536257583,0.5352401005055286,1.140051828837607
GTF2F2,3,52,245,0.9424153898944494,0.7698243962869499,0.38898886436994123,0.27278965371538294,0.35,0.21329722580609106,0.8713149874226218,0.8446223425782767,0.47337651456881813,0.5722658034440725,1.208901949595682
HARS2,1,62,27,0.9320467903434247,0.7175579896719153,0.24099046180913625,0.17341283293785464,0.26,0.1864818952414237,0.7789056641801788,0.7796276697591373,0.42876935745822814,0.5087138829197123,1.1864510889278315
HAUS5,2,153,117,0.8997115171426385,0.7162680593155945,0.19158565067942432,0.1793516117903652,0.24,0.1735429052688181,0.8437940593013908,0.6837291407730035,0.4517718911842224,0.47576788854485197,1.0531152718832872
HBS1L,2,120,92,0.9385831019039665,0.7834214961741158,0.4214152175050201,0.35188467245172117,0.28,0.21127502875884552,0.8359908240027145,0.7598468156859552,0.5093542497947386,0.5273703855091177,1.035370521337427
HDAC7,2,148,130,0.9092480189009299,0.6962663078374591,0.45091744262004585,0.31328428765732186,0.32,0.2750093447916606,0.8346696624239346,0.6960645981405287,0.4326064978835123,0.4546884814423992,1.051044016112751
HEATR1,1,216,77,0.9127770475643259,0.7610041180279506,0.3124897987925133,0.1286783066381681,0.37,0.29203008912526823,0.8584075426012662,0.7310779679037965,0.5026549800590285,0.5836142819934929,1.1610633407318942
HGS,3,96,115,0.9341375841611044,0.7716671499085047,0.48616247494942394,0.3734586091369919,0.33,0.26676564044245743,0.8405359371116184,0.8235961601103822,0.47273614583425844,0.516342687493008,1.092242852848425
HMGCS1,3,216,441,0.9219930727970179,0.7670400588957574,0.27059166222377,0.22709597610343768,0.25,0.17751829832098634,0.912098242361553,0.786202447618302,0.45410582706163277,0.5397107254064738,1.188513076376119
HNRNPH1,3,92,234,0.9285160120132415,0.7690169018648476,0.2771206887471409,0.2244953537862581,0.23,0.17655870416619768,0.8324843573782992,0.7355119749297597,0.46774147493289103,0.4952033778079087,1.0587116895969955
HNRNPM,2,128,102,0.94434615736826,0.8014986354416271,0.09152476488973148,0.10192283623594658,0.17,0.14597772334845543,0.8960566280500056,0.8000560706146216,0.4296696234721165,0.5046868517745936,1.1745927858486778
HSCB,2,85,546,0.9355857265453493,0.7835733952049755,0.1313570123417785,0.1178795559795013,0.13,0.11110364759891672,0.9041455710014918,0.8062696996051563,0.4290447697843602,0.5182366564620935,1.2078847730592632
HSPA5,2,202,155,0.9413609037391845,0.7851297943860776,0.7609435081724851,0.6269346356036798,0.57,0.5715854055970123,0.7434812029051558,0.7417569003800143,0.5326177214910244,0.47497909655149906,0.8917823580935426
HSPA8,1,146,49,0.913209518345629,0.6953131945015479,0.26924397587902155,0.23438503977820432,0.2,0.18104567277140754,0.6926423182701402,0.6010924833742063,0.4761986704543233,0.41210812953320786,0.8654121618733402
HSPA9,3,374,239,0.9299261283920407,0.7672868251935194,0.6781659309461138,0.5346885840534986,0.43,0.3913409899192358,0.7862188041519275,0.7846459993428603,0.534141411629632,0.5246058898780114,0.9821479268121008
HSPE1,3,25,331,0.9340633089076565,0.7709082626298425,0.3602371428075882,0.23348060112612617,0.23,0.21103699832101172,0.8615451226616362,0.8174525171734581,0.43277963440162903,0.5506452137075347,1.2723454553156475
IARS,3,45,118,0.9441032308343978,0.7669601999467378,0.39684279024774,0.28653925167119787,0.25,0.1989125110652422,0.8276930809076654,0.8599466992111375,0.4529801997576167,0.5328039274010852,1.1762189957176739
ICE1,3,319,144,0.9362940820785487,0.7596192177437758,0.4987962681831833,0.4438764738336755,0.39,0.29205890653156613,0.8665471547189825,0.7808402678467536,0.46056091482784406,0.5271829300108846,1.1446540546355373
IGBP1,3,245,187,0.9290336484217558,0.7671294111757383,0.4859393360260345,0.3451309876768749,0.36,0.2918862281676556,0.8775188324525762,0.8408484143591329,0.48606642047143345,0.5376922279667457,1.1062114029253998
IK,1,123,191,0.8975359034413182,0.7083757715650032,0.3955512951930521,0.31250808672927355,0.31,0.2259517940858729,0.7916750957269839,0.688035002890654,0.4868518213677022,0.4876760696738887,1.0016929962117447
ILF2,3,53,176,0.9380570729695711,0.7701318556870573,-0.02806732934020261,-0.053432509946613325,0.16,0.12692966398706826,0.8727297926120571,0.7809068575033717,0.4095488115540553,0.509847217641753,1.2448997306526484
IMPDH2,2,70,182,0.9472116698480059,0.7933185088840597,0.199462180039898,0.13034504496341495,0.2,0.16074683291726244,0.9096124492019821,0.7960814517653195,0.417818856691866,0.5185740905616051,1.2411457018862775
INO80B,3,115,249,0.9454613946499472,0.8008165151129969,0.260345476150072,0.1766823718931683,0.16,0.12793597114544053,0.8761767900275841,0.8603173660684102,0.46008187536514755,0.5276208827489886,1.1467977756399563
INTS3,3,103,223,0.9420513349139845,0.7831716879858706,0.3002937361610145,0.29832162124667133,0.27,0.20458552371090594,0.863101464149734,0.7972971840349236,0.46496731747021824,0.5271521993923871,1.1337403044220389
INTS4,3,47,174,0.9450196554637238,0.7572170163803349,0.41309825540466905,0.3094921195034524,0.31,0.22041499146923554,0.8568980441851912,0.8351653266499595,0.46188863220142296,0.5171435554158433,1.119628213742317
INTS9,3,222,258,0.9548722451092159,0.8037120378432743,0.4212698263325016,0.34735885839712316,0.32,0.2448639341793903,0.8825144179117258,0.8466287988168886,0.48186825562561897,0.5319882786643819,1.1040118567959465
IPO9,3,173,285,0.9410384474294,0.7965115913368508,0.1065803381496959,0.10813406593978143,0.13,0.09869494666346237,0.9003399859929009,0.8546810212491684,0.44644733033185224,0.526131772425977,1.178485623936955
ISCU,2,32,99,0.9292121156861767,0.7227244822924282,0.33249960735964046,0.23614909625986433,0.27,0.16641060581877684,0.7713415249530502,0.7355872249334634,0.46248321740650233,0.45731923688283116,0.9888342101558372
ISG20L2,2,72,148,0.9393778249328615,0.7689634822185867,0.1709261279212512,0.06975037593630794,0.24,0.16243494516600987,0.8756372116681209,0.861332909336074,0.4314127579598125,0.5250124719660723,1.2169609037045905
KANSL1,3,41,123,0.9447153930368221,0.7711741340025395,0.17149120280080804,0.17551732681105406,0.24,0.1813285116758002,0.7775815944583558,0.7926254332794277,0.4319987568942061,0.5186898133635236,1.2006742914859931
KARS,2,45,65,0.9402142223946105,0.7661039721336116,0.3193298691183992,0.22072423564283003,0.24,0.1719942375181832,0.8095687199787466,0.8170758494922647,0.4694902786198195,0.5369983318028416,1.1437900736594113
KAT8,3,254,177,0.9403685559866247,0.784016352072102,-0.03589985935060231,0.028406092420461982,0.18,0.15756238397572359,0.8731548325175041,0.7797116941223162,0.4158960009158228,0.5162459234633708,1.2412860665015102
KIF20A,1,95,35,0.9227690584821858,0.7671348033140639,0.04803854871561285,0.119240464142741,0.17,0.12420437263936664,0.8547268893364405,0.7166563780705247,0.42808569758810416,0.4838761869080027,1.1303254893377077
KPNB1,2,214,226,0.8842234919801766,0.6680803973277972,0.45503506513895736,0.331724326315558,0.36,0.2549286263912093,0.7846824094060135,0.6240971970813046,0.48291617597882297,0.46019972935496767,0.9529598359230571
KRI1,3,51,271,0.9341473969925727,0.7823249227158785,0.17129247528601296,0.013141195354968549,0.33,0.21985640607153747,0.9003134122315074,0.8142299885697629,0.44132005491767407,0.5707809794205185,1.2933492600817837
KRR1,2,398,118,0.938035612446503,0.8019519485811515,0.31064333754929563,0.10336114959654974,0.39,0.29377045680499164,0.9082750725430532,0.814214196179002,0.4844700656757915,0.5648197073925082,1.1658505566203161
LAS1L,3,75,269,0.9442925656471506,0.7879597934848981,0.06354540076101481,0.024384712870556113,0.22,0.1390677719467251,0.9182357882790594,0.8638130684338556,0.40986845383247233,0.527447089147454,1.2868691682584297
LETM1,3,110,372,0.9414151902771526,0.7944100188955404,0.2607072936731805,0.16318395739928482,0.18,0.1467598357476168,0.9027706785391333,0.8214557388475301,0.4543887559986877,0.5349434791146146,1.1772814804056126
LSG1,3,106,304,0.943261265435434,0.7927509517473367,0.20305217837827924,0.1200496021516206,0.26,0.18483381510938185,0.9153157945653599,0.8361978149615119,0.4202118018688745,0.5249977694490928,1.249364617130078
LSM3,3,64,193,0.9449032721436156,0.7829444689426663,0.25159260538862915,0.18564430743017177,0.18,0.10688256584220127,0.8996596142146142,0.8307823178811886,0.4301120722564138,0.5255151024866219,1.2218096727943881
LSM4,3,68,144,0.9300301671040322,0.7364004403588637,0.4371499269369128,0.3459969331983022,0.28,0.21283588010230764,0.8707133728963455,0.7670994274697531,0.43236542669167144,0.502169031402661,1.161445825191545
LSM5,3,139,219,0.9366321467364285,0.7638548591196622,0.308092821893044,0.23011134471488146,0.22,0.16369238682112242,0.8844288145175428,0.7793896856654235,0.4484414575545913,0.5051664183987639,1.1264935447506694
LSM6,3,423,149,0.9480724626633574,0.7795687854268528,0.5362663307097515,0.4333118351244242,0.35,0.29158993629252494,0.8872766784953734,0.7972363024629523,0.46063300071857644,0.5150923990691194,1.1182272809010967
LSM7,3,126,173,0.9486453142715632,0.7864673615487238,0.39443863332495005,0.3023862278432217,0.23,0.17811049340170615,0.8853945302852557,0.8364386611071382,0.4366928584215749,0.5050593118963492,1.156554980441711
MAD2L1,3,103,232,0.9284641648056939,0.7502574009017493,0.2646938242267304,0.19656255706215503,0.19,0.1222203757289683,0.8580700219243014,0.8160388693415487,0.4526990859927098,0.5152685452190391,1.1382142128848804
MAK16,2,183,88,0.9399886234381954,0.7827507107620727,0.2613961260322962,0.16735823498486874,0.29,0.22379109094741262,0.8909673437677895,0.8278666151173453,0.44112586514948743,0.5359567319009639,1.2149745959004117
MARS,3,81,147,0.950586684218132,0.7848475956073524,0.4837573371390854,0.38037211056099274,0.34,0.2638916587645116,0.868959477398627,0.8321276860720397,0.45503396600004736,0.5336925898076242,1.1728631661728237
MAX,3,161,201,0.9226506785054801,0.7545313312444808,0.33279965426558383,0.2788983992102692,0.38,0.3019080172380085,0.8202306851588382,0.7367315547278476,0.5189585808380052,0.5701436336398978,1.0986303025049453
MCM2,3,114,192,0.9447333859112079,0.7908521457488348,0.3034445164270939,0.19042836964127138,0.24,0.15382686066125997,0.9073355636066186,0.804888804947175,0.4234790963351922,0.49329146792609824,1.1648543234991342
MCM3,3,104,595,0.9405475916508794,0.7870258011730762,0.25966893472411284,0.15953339445610293,0.17,0.15350929635144311,0.9051999296131329,0.8041386942761628,0.42401771513514025,0.4988229391967483,1.1764200164928638
MCM3AP,3,100,151,0.9213760533085122,0.7466953613342199,0.2158119223901929,0.18240941190015117,0.26,0.1667329308481051,0.869883481877643,0.7380249866145526,0.45077720734608645,0.5053605965043024,1.121087262305693
MCM4,3,69,94,0.9320290393190587,0.7531760397756853,0.19424969835423986,0.10499811283334506,0.25,0.14216227202108006,0.8594163528479035,0.7297193398368603,0.4556159172589426,0.5034444804407816,1.1049755952773275
MCM6,3,84,567,0.9436101116552688,0.7915283459801825,0.21711535703813034,0.11605823396420234,0.23,0.16372036376339547,0.9058451066178526,0.8051534828499282,0.4162962849756485,0.4992520207152447,1.1992708720706937
MED10,1,454,41,0.9161789832493351,0.733284049126191,0.449017797493797,0.33907186121722777,0.41,0.3001179362365448,0.7976004256144575,0.7474024290780333,0.5402181181069774,0.5998044981307802,1.1103005747559864
MED11,3,227,211,0.9363109849302301,0.7675595443724255,0.4935550792455014,0.3227172759987817,0.39,0.315882025647347,0.8430286751799865,0.8157437925701859,0.5365484651115886,0.5907124539832795,1.1009489009551767
MED17,2,143,63,0.9315391899374297,0.7384891515903232,0.5526407081376646,0.3960648101699361,0.4,0.3665841763947134,0.7541962399200516,0.7957460190227343,0.5838770470321889,0.5789253835746384,0.9915193217511926
MED19,3,526,562,0.9370468891935678,0.7925636238080176,0.5263090493706365,0.3888888753653576,0.4,0.3381018297870341,0.8432585084703442,0.8133832328250824,0.5662095802402688,0.5963113297710557,1.053163598868068
MED22,2,279,86,0.9246142505741416,0.7693633974019388,0.5483287982468966,0.3956240695074596,0.37,0.3390203479878403,0.8522266761692722,0.8277022456960933,0.5699082615952007,0.6273887106228557,1.1008591064431552
MED26,2,99,113,0.9429363469545794,0.795137209634212,0.15195246743743768,0.11316607161702555,0.26,0.16514981753076255,0.8965471654731774,0.8259373791632549,0.45373665882021125,0.5607939035056029,1.2359457413123736
MED28,1,66,34,0.9202099927733407,0.737002761308361,0.3368764365219153,0.2518426158417318,0.37,0.26433929984851223,0.7536379835464985,0.7854797347351617,0.5392245747357927,0.5543985808379325,1.0281404011087043
MED29,3,86,103,0.9364786464411438,0.7663677187260924,0.47766164792524196,0.37267048871349084,0.34,0.30976837259920165,0.8127116673167571,0.7832965794058707,0.5325334325926223,0.5538687184773082,1.0400637296707897
MED30,2,283,128,0.9321026583624545,0.7673604424505414,0.617289895164781,0.4670459222917476,0.47,0.39837462784307026,0.7896403327001236,0.8458468986085635,0.6142413128282973,0.6506244668528116,1.0592326544508381
MED4,3,56,383,0.9332496996489943,0.7485304198336543,0.5753823771352293,0.3907337392420648,0.45,0.41280183144441956,0.7914761446380914,0.837277406152192,0.5791023711013765,0.6290191978145044,1.0861968769981443
METAP2,2,131,97,0.9477810640577686,0.7975219594771367,0.13685515802511114,0.10589718533407015,0.18,0.1297576497685022,0.8766219745486972,0.7960439568471338,0.4513233621984827,0.5282444519188638,1.1704345142722918
MICOS10,2,83,189,0.9531690024784584,0.814600694508468,0.1501158546865118,0.14522979741528386,0.16,0.10840804498154125,0.892802379307026,0.8126990427916937,0.427871524600361,0.4952095159198335,1.1573789697937427
MIOS,3,160,322,0.9431678984050603,0.7982377433098646,0.25293961561106876,0.2346500725979868,0.18,0.1716375213907476,0.9137447772450946,0.8221901976810316,0.4365568998169714,0.5375849958251373,1.2314201968547982
MNAT1,3,79,284,0.9409812788816603,0.7842505643134072,0.2789785278413184,0.19852316404809517,0.27,0.18169489157864976,0.8866273934061022,0.8298933291891325,0.480506605371335,0.5543597783564385,1.1536985353011837
MPHOSPH10,3,38,243,0.929602935799911,0.7682719144679759,0.28769748213723545,0.11677910431801988,0.38,0.2637998612312658,0.8907532103794358,0.8133374140047924,0.4658128804902865,0.5740123484754904,1.2322809441175397
MRGBP,3,68,309,0.946685191136094,0.8004010881112884,0.16056223126582198,0.14052897873424294,0.23,0.17319154569120726,0.8998734060066732,0.8028887999556094,0.4333608065831847,0.5274588027262175,1.2171354274365282
MRPL13,1,72,50,0.932111247244168,0.772697575733335,0.07516087625062522,0.0826340121154545,0.17,0.11254989561106689,0.85089505282131,0.678736965704733,0.4241218544102689,0.4686430792250895,1.104972694290888
MRPL14,2,188,119,0.9560132139599191,0.8129814441878584,0.16550826324089857,0.1524217857488923,0.16,0.13023368326139106,0.895969966291322,0.7798179834259972,0.43207965550859756,0.4953157957527689,1.1463529420430758
MRPL17,2,96,96,0.9527943918327607,0.7965905348060918,0.15389406808286693,0.13659816167073885,0.2,0.13253654506963666,0.8832274400176403,0.7688634339587443,0.43002782668473827,0.5007224799909569,1.1643955048380885
MRPL18,2,128,97,0.9550230244606479,0.8029256441995664,0.25664441011303735,0.23146821299891462,0.21,0.16889861551930252,0.8738699573004794,0.7836918744666675,0.440694575705221,0.4961301817245302,1.1257914161359583
MRPL3,2,146,197,0.9545302075834201,0.8147481831196476,0.1682731506223863,0.1431914535766488,0.19,0.14851540514940348,0.8965116545866351,0.7777352700441935,0.43886188555593314,0.508430564716494,1.1585206413795255
MRPL36,3,160,3057,0.9386732665688863,0.7941960216116001,0.15400397668660717,0.15727545022458106,0.2,0.14877934330624165,0.9000002084788906,0.7716204418123921,0.4449241421200992,0.517434481163298,1.1629723374145489
MRPL37,2,100,103,0.9517891302546801,0.8010424754880332,0.13616439383562134,0.13778684306417333,0.21,0.16503616703823892,0.8972238420560712,0.7766443748478974,0.4309291267603068,0.5089857588519913,1.1811356332934653
MRPL38,3,132,428,0.9327116877018845,0.7891087652838046,0.16143212147705863,0.1765869474671691,0.17,0.1307560410043035,0.8886282207561212,0.7845071652381553,0.44291661609328736,0.5084555605430876,1.14797126725154
MRPL41,2,66,189,0.9528387873395329,0.8064211107432613,0.2101989592404874,0.15484129696545154,0.21,0.13286957963403062,0.9008844925784243,0.8065051660079534,0.42051941334427756,0.5090106863964146,1.2104332359927392
MRPL43,2,90,68,0.9511620203128598,0.7892506207333103,0.19815020475592252,0.15148257959696723,0.2,0.1521139716355754,0.895615872957636,0.8274449291815185,0.4155911871212089,0.5144000087546848,1.2377548232925106
MRPL51,2,100,76,0.9512233194280147,0.7811906339535694,0.16176452429376953,0.12185907384592216,0.19,0.1270878217803964,0.846532870441496,0.8058356356491924,0.4325727511481839,0.4595624154393599,1.0623933282797025
MRPL54,1,112,48,0.9192410737964242,0.7084116714625269,0.2233043831528572,0.16077168261654207,0.21,0.14414296438754426,0.6887462455035367,0.6364528593144806,0.4477180174931991,0.382436066766343,0.8541895641496193
MRPS11,1,90,92,0.9369064426415736,0.7699328883699992,0.09737932538249539,0.07455436446884314,0.17,0.11516506309404834,0.8628439137109288,0.7255407456756245,0.4375438799783766,0.509971381940819,1.1655319469002796
MRPS14,2,82,56,0.9220979045445888,0.7443986940691643,0.19473176448235657,0.15458440145802838,0.24,0.18735484523228924,0.8510462614178027,0.7231772996808103,0.4582460171740886,0.533679042624972,1.1646124810204328
MRPS2,2,93,77,0.949637609543416,0.7993455475001945,0.04210001121056915,0.06450272279613327,0.19,0.12613541668674605,0.8605189361894265,0.7623880519261698,0.44156532890934647,0.49581284625433525,1.1228527299696542
MRPS21,2,126,255,0.9542510134022224,0.8162568949931123,0.18767511745177387,0.1584713044648567,0.2,0.13302630728882062,0.9038791758333244,0.7901069569477791,0.43811674608553364,0.5214933937090962,1.1903068907213512
MRPS22,1,142,68,0.9358982022886135,0.7780261470937462,0.09411051747220986,0.06879100671828066,0.18,0.10860772991651321,0.8495016106656832,0.71297918059059,0.44851028977677687,0.5003966902776096,1.1156860623416152
MRPS23,2,108,104,0.9541139653354185,0.8032542663913028,0.14851570513953805,0.11588492976986209,0.17,0.13899463492596337,0.8766616748210524,0.7698884454570971,0.4384995441725989,0.5001681453003805,1.140635470528912
MRPS35,2,182,130,0.9509016431356617,0.8089047550171982,0.14985297550964782,0.10853065184755636,0.21,0.1374046752240351,0.9041482506112272,0.7723546153486857,0.44030619775165136,0.5183518293649314,1.177253057620529
MRPS7,2,101,116,0.9536980761406557,0.8165407816981487,0.07935300118329205,0.08111366821350152,0.19,0.1172590050484786,0.88141024540337,0.7713884302607962,0.43442243348300313,0.495130752891231,1.1397448734957063
MRPS9,2,69,137,0.9499070847336928,0.8043108350839151,0.12079286002415705,0.12207706106989742,0.15,0.10783962394006545,0.8901590727984299,0.7955271042575633,0.4298305075313354,0.5042421290868792,1.1731184932678007
MTBP,2,183,362,0.9377317835147048,0.7887311967625694,0.19516822737927977,0.14284331280981621,0.23,0.1598677289428509,0.915394059232324,0.7904719455501359,0.4239111915773097,0.5055676262247819,1.1926262489494048
MYBBP1A,3,106,195,0.9430547604553541,0.7865680806645601,0.19514593518138482,0.09984902282824333,0.24,0.20795605372639878,0.8964103772609562,0.8325920313182331,0.43474732502308056,0.5241365309831351,1.205611831882325
MYBL2,2,81,1006,0.8950957730741556,0.7226817784710757,0.17755021859058365,0.1790189110293994,0.19,0.11811698826874341,0.8673189609270008,0.7758131372236393,0.43056697705382735,0.47316362749705165,1.0989315059537974
MZT1,2,381,52,0.9459519586722545,0.7862287368683913,0.08199177155736374,0.09862990506482108,0.17,0.10862529500517121,0.8508303913964179,0.771366890432897,0.44487743212581393,0.454982373367346,1.0227139663302467
NAA10,3,113,202,0.9381467766386785,0.7693092406100863,0.0923649421875016,0.04861927849147684,0.17,0.09055128972305093,0.8775426817178383,0.8252420102692817,0.4572773330704907,0.5495525442046028,1.2017926375151449
NAA20,3,158,227,0.9419527561875358,0.8009646378726623,0.21596245427963548,0.1436814391149764,0.19,0.15488984793955501,0.9041093446713043,0.847210943903104,0.4513543780052897,0.5298405795222535,1.1738903921236366
NACA,3,315,136,0.9459344414230181,0.7684189807056669,0.5408737407767187,0.41495958092897944,0.35,0.2937047028907406,0.8512452854234313,0.8038025718820612,0.5295930326287247,0.5360628278272533,1.0122165222685229
NAT10,1,28,32,0.911844365155309,0.7186838328607229,0.232440560851505,0.07540653523914602,0.34,0.22881350033408557,0.7987480913999374,0.7649008775286578,0.4467801356381406,0.544487279923833,1.2186917553064858
NCAPH,1,64,36,0.8481541137205206,0.5806999084615326,0.27717880713822574,0.1822896467110213,0.26,0.1586552805588851,0.7059283838789999,0.5068122611123664,0.44795711602624466,0.3972890758286797,0.8868908490260373
NCBP1,2,53,73,0.9209745590312292,0.7713265316098338,0.3855632011612968,0.26959153026278077,0.33,0.25289508559259094,0.7966586462009487,0.8013295667096965,0.5004953412681393,0.5879643770277073,1.174764911478082
NCBP2,3,765,101,0.9289324289442934,0.7995065935975904,0.42798101289223106,0.2961951709348415,0.38,0.3179872387034082,0.8363169108856386,0.819864101346529,0.5186535957267149,0.5930306154674448,1.1434040155500627
NDC80,1,171,94,0.8786851876342594,0.6774342805604053,0.42565245854787703,0.3298288858084451,0.33,0.2619794156132677,0.7649217769965824,0.6554990623677039,0.5031603443122921,0.46286178261112776,0.9199090879164288
NDUFA2,2,111,60,0.9224155305954848,0.7162234843918739,0.43626610445608344,0.3271746717549081,0.36,0.29284174574242755,0.7511509667434563,0.7074705411830974,0.49773240349920095,0.4450320587522375,0.8941191023175186
NDUFA8,1,85,47,0.9368301974406825,0.768390623403379,0.11692973820079193,0.0721646052691854,0.22,0.1596312409376834,0.8465847108055777,0.7131799798506704,0.4353729627137396,0.4837801803552449,1.1111856056194223
NDUFB4,2,147,154,0.9508693758463587,0.804576106993141,0.17041365618734305,0.11077417608310623,0.18,0.12412934752850151,0.9025797550175193,0.8237891183289276,0.435367191198831,0.513752222174961,1.180043468502653
NDUFB8,2,174,112,0.9525848534479414,0.8018192268531457,0.20127432345983046,0.12311559282883267,0.26,0.18357565495352393,0.8883830530793259,0.7825799100454983,0.44626945530182227,0.5113920671558608,1.1459266360740021
NELFA,3,82,229,0.9409620798654447,0.7957253768799047,0.27956921538516755,0.20568619611359765,0.34,0.22823662503871225,0.8665265475168993,0.8134452078026732,0.4580558420054456,0.5524837885380931,1.2061493944880872
NELFCD,3,174,275,0.9356072893027746,0.7909777537740301,0.2127884027280265,0.1283691261947822,0.34,0.23617724900634374,0.8977258635549502,0.7742700406278971,0.44916725234175225,0.545063331986384,1.213497460043445
NFRKB,3,223,383,0.9430867441943948,0.8046503009333188,0.23458278323016676,0.16670307830985753,0.27,0.2128684211595784,0.9015859930837731,0.8273183553750326,0.46469328217252853,0.5338142231142322,1.1487452737235573
NFS1,3,75,167,0.9313617084382846,0.7417765831152235,0.33392726136347173,0.22549163068608005,0.24,0.1842278285987318,0.8421169862085901,0.803385808184856,0.4495330279670782,0.48919809200314185,1.0882361265713434
NOC3L,3,73,294,0.9439066976142756,0.7894616845239475,0.15761549956481302,0.09236361255267575,0.23,0.14388778244515543,0.8929228533482956,0.8541770991416066,0.4250789934071336,0.5289085624895118,1.24425943942221
NOL11,3,219,221,0.928475211163623,0.7789763456584914,0.3082598728090981,0.08592330103730764,0.39,0.29148147634017435,0.9120425452330594,0.8030927703122245,0.48990855821561713,0.5971603393554688,1.2189220154497242
NOL12,3,83,212,0.9446513580431373,0.7885121577105574,0.0763635369690227,0.03566539246688025,0.23,0.14880802887970088,0.9110923696466665,0.8479030055359144,0.418128338550842,0.5336636490924261,1.276315396796244
NOL8,3,70,350,0.9419840420869202,0.7875264789933929,0.15519398015305583,0.06593134604584508,0.27,0.17091019207453256,0.9151712505426082,0.8080463795319547,0.4162528660272855,0.5312251889904815,1.2762078524489513
NRBP1,3,62,274,0.9268277508211791,0.7603711276380553,0.2312742320637472,0.16061280256832888,0.2,0.163190310100585,0.8500826282701117,0.7447981625263097,0.4769443926048022,0.5368330142947542,1.1255672807205075
NRDE2,2,495,97,0.926320407486213,0.726606073757957,0.36690790479388813,0.28650204163961523,0.26,0.20171963171484675,0.7861555403063277,0.6921554524171871,0.46466589337948333,0.4473954121082097,0.9628324541446521
NRF1,1,71,54,0.8751553484585085,0.6742657159831322,0.11183172716107043,0.13275386702718622,0.17,0.13182934383175524,0.7295770590893778,0.6077730952289919,0.4274171550662606,0.40866460686367284,0.9561258654652285
NSRP1,1,188,40,0.8995439171648711,0.6965623865909852,0.3805905046632895,0.3752522214600098,0.36,0.26592021316913383,0.7416370480217099,0.6441979665743885,0.48759774490924196,0.4715861919102635,0.9671623529071443
NUBP1,3,144,90,0.9292810567978494,0.7619167604454413,0.29854567702237367,0.21112477967690377,0.22,0.15472234460430942,0.8607448566353985,0.774764224109223,0.4432908623441522,0.48435066787610487,1.0926249514564232
NUF2,2,404,81,0.905092650227317,0.7091308834035968,0.49035745205181586,0.3981978929295969,0.4,0.3046610116891293,0.8533501659255608,0.7441574579004211,0.47813305628434843,0.5418721383397506,1.1333082285036864
NUMA1,1,203,30,0.9060921105546078,0.6739727539327705,0.3004881662965677,0.1903951862942155,0.27,0.17293259238466646,0.7301500132387916,0.7049951829956236,0.47544443337669107,0.4606363228226619,0.9688541516042143
NUP133,3,70,339,0.9308818160262793,0.7420661622705728,0.1602295659884378,0.14740768922741368,0.22,0.15223888018678766,0.8402382609145846,0.7232782135200518,0.4345205610689123,0.485418886899379,1.1171367231366236
NUP160,2,234,117,0.9095094168511074,0.6740728697587745,0.37045446923329506,0.24366234919315305,0.38,0.27514785722577395,0.8284906656239702,0.674340496763876,0.4613518604768668,0.49074213942935196,1.0637046706283135
NUP54,3,266,137,0.9162829119545398,0.7127999180021358,0.3494915293510366,0.2663392727660798,0.37,0.2593954059169498,0.8218336830341623,0.6873807730856498,0.45362729281142605,0.4732511716127965,1.0432598934846922
NUP85,3,107,245,0.9369452436898691,0.7583744684523819,0.2575922406726101,0.20634959304305098,0.32,0.22359374833459342,0.85924917049419,0.747249948960305,0.44949946737179186,0.48940888907858177,1.0887863361713763
NUTF2,2,44,135,0.9283024960704133,0.7240226419833813,0.35557445837192286,0.2510652732832631,0.3,0.23461237483237546,0.8280847402051149,0.7157977706674162,0.42849200104267693,0.47426791316285066,1.1068302347312948
OGFOD1,3,101,172,0.9273095945040271,0.7753197195780667,0.2973419166412456,0.27291492938947054,0.18,0.11470609493873322,0.8905767778448415,0.8349665161625933,0.44516426088346217,0.5455601931187305,1.2255255616899017
OPA1,2,53,99,0.9016365587753585,0.7217039774895112,0.20300675811592409,0.08951857497699862,0.17,0.14693534392096538,0.7951130690487648,0.7012071594415984,0.43898612877936394,0.4688264177636486,1.0679754469406664
ORC1,3,477,155,0.9345575340891408,0.7613143932283238,0.39164845798077064,0.23817062314378104,0.33,0.26997647969634386,0.8964337063412601,0.7473414466680398,0.44842557651402,0.49957790693405985,1.1140709227091363
OXA1L,1,305,49,0.9337023223748295,0.7618067773965943,0.1802355967917837,0.1760727354383075,0.22,0.13957118507342048,0.8527655850999689,0.7132554502264967,0.45561254804238227,0.5209646293257758,1.143437818229133
PABPN1,3,93,106,0.9269066889569879,0.7285346993229636,0.3427287219001356,0.24398806077172872,0.27,0.23155354667396133,0.8149917548289222,0.8106200998163889,0.4571556894006407,0.5260330327655365,1.150664934190251
PAF1,3,229,147,0.9270431395054244,0.7658150290189677,0.454393163162182,0.45598106090512386,0.35,0.2568504842927698,0.7704081149839674,0.800877397550205,0.5062681734953123,0.5602030606144653,1.1065342023802143
PAM16,3,43,196,0.9347968803522793,0.7674745293046576,0.538618149335165,0.37871597529875073,0.32,0.2946847994955449,0.8309422786874607,0.803822500068099,0.46113873273934436,0.527222225944865,1.1433049906259425
PAXBP1,3,114,332,0.939040295735085,0.7856411337135385,0.2884752079198429,0.23309921885321555,0.25,0.19358280748356746,0.8977355992249668,0.7826224993450919,0.45697813795074865,0.5322455576894394,1.1647068028880951
PCID2,3,208,294,0.9338478442423915,0.7843699885821318,0.08849664757938003,0.045045838126381896,0.1,0.0858246475335741,0.9113181452472585,0.8404985785226594,0.4409712090145859,0.5256627667775301,1.1920568602009893
PDAP1,3,38,133,0.9474972237762271,0.7732209455028075,0.236104449280449,0.14131940022255818,0.26,0.17616430122375001,0.8622411818382928,0.8153848217834613,0.4457461632521456,0.5141500541304631,1.1534592666926238
PDCD2,3,59,165,0.9384265769554928,0.7803002087736838,0.15376248461520728,-0.04247535810694986,0.21,0.16326810358542088,0.8998792100573701,0.8345039971426005,0.44987211770206914,0.5615315476010124,1.248202573627523
PDCD7,3,80,95,0.9398159788942276,0.7735517668926439,0.20157204186230016,0.17025159788630762,0.21,0.1722310197165098,0.8752997552612571,0.8423140442668183,0.4435539665282983,0.5076071618564943,1.14440899804245
PDRG1,3,111,108,0.9375464987262617,0.7569121839843432,0.32331512091530556,0.22469296974954556,0.27,0.22279217644259117,0.8565685395053194,0.7746486392865692,0.46096755161454683,0.535709016931939,1.1621403793698821
PELP1,3,60,307,0.9375174863957435,0.7643573377789072,0.2683702892452831,0.13800208699254732,0.29,0.18614106182577736,0.8951282089357306,0.8566221193799085,0.4588216560886093,0.5604265490693525,1.2214474391475683
PET117,3,80,352,0.9323823683785021,0.7864007190967803,0.14734858187195007,-0.006735141411487213,0.31,0.18443466806675698,0.9098015456058128,0.7848592490711412,0.434242259598335,0.5334989971078952,1.2285745411227944
PFDN2,3,77,133,0.9351028626840099,0.7499117964160815,0.4670592188205205,0.29539936371140707,0.41,0.2883532994434141,0.8832860339516049,0.8304485879822718,0.477087759317248,0.5827450262902744,1.2214629335902503
PGAM1,2,145,262,0.93948309713206,0.7865638532171763,0.15468623442345372,0.11171852345468765,0.23,0.1651927256957578,0.8936943996762983,0.7624757867596057,0.4490780793245979,0.5246609325909672,1.1683066822076402
PGD,2,98,107,0.9500356007824413,0.7952763837393632,0.26637252544206164,0.20247933346861352,0.27,0.18551912540444618,0.8637488908487343,0.7948994705426748,0.45708177750596773,0.5164281112197476,1.1298374280839292
PHAX,3,304,320,0.9496788787016933,0.8015350941409899,0.3822294574676296,0.32258533023234565,0.29,0.21118711577413096,0.9038452241385942,0.8207473964398561,0.46358072192303673,0.5310073870747642,1.1454474927636156
PHB2,3,292,133,0.9388894347679254,0.7741743134239201,0.5995942133273767,0.49538728216865774,0.42,0.3379017283788885,0.7618017229467815,0.7881125700610615,0.5394554354739434,0.51114358287438,0.9475176998636287
PMPCB,3,471,493,0.9423251908752058,0.8111336951932012,0.3970001389860149,0.36160174625793096,0.24,0.1830195594800004,0.9073424946811545,0.8323225939580264,0.47315681094041445,0.5524028077045887,1.1674835556775243
PNN,3,64,278,0.9320629819693512,0.7547109157211104,0.2434039567094911,0.1271927407290752,0.21,0.1784400152976116,0.8418295311267703,0.7516174340895755,0.46192103748949953,0.49924206153305173,1.080795223007024
PNO1,2,114,157,0.9349863790330709,0.7862094394061571,0.35439970816492067,0.13178589386953554,0.39,0.3151015150318309,0.8910297292433706,0.8206832692047504,0.4945179444095365,0.5716219590216662,1.1559175029432316
POLA1,2,195,110,0.9027801386691371,0.6652501451291121,0.47337730696537056,0.3096374942748546,0.36,0.3135949799529291,0.8273663630331293,0.6829724723901223,0.4465755482855517,0.46921049677955806,1.0506855739729783
POLA2,2,212,68,0.897839776891462,0.6592967796700862,0.4573017740643612,0.31812712104643626,0.29,0.2713173740889266,0.8353844939702967,0.6740465605377289,0.4268192986188665,0.46902619773846543,1.0988870190905258
POLD2,3,63,196,0.9246596312171342,0.749775968179301,0.3299196615423237,0.15830931500552897,0.31,0.2439800155052518,0.9020241343573331,0.7789688489790236,0.41272836706083194,0.5045282687093876,1.2224220498292158
POLD3,2,65,119,0.9353511507863792,0.7717130731039973,0.2896109858767764,0.18008470110989117,0.33,0.20013100008296744,0.9220902122017258,0.7896402305481449,0.4074943540773415,0.524718582772412,1.2876707729700565
POLR1B,1,174,48,0.9064738496412362,0.7458596744153133,0.29213747097159365,0.1287030462895667,0.35,0.2660827906036234,0.8458327624287569,0.7263264924636288,0.4892909198021407,0.5863677869264154,1.1984031405681905
POLR1C,1,161,177,0.8698158493591026,0.6879681157968383,-0.041180656474266206,-0.06203903387433797,0.12,0.10814799614257027,0.7839838733332681,0.6130913561779665,0.46222369357063336,0.46407138032389716,1.00399736478028
POLR2A,1,264,20,0.8641701408262172,0.5737810474650833,0.5124329363928752,0.3602520776266346,0.39,0.30902510932489374,0.6518905427734439,0.5772998829567224,0.5041812778688382,0.4676397027718994,0.9275229248364231
POLR2D,1,182,67,0.8953596052935336,0.6508877915527272,0.4592480884986274,0.2960271769745312,0.34,0.2320506117053883,0.7188904543537954,0.6587619942793786,0.5259797866049453,0.46675679063455583,0.8874044091566679
POLR2F,3,209,145,0.9317382290510093,0.7517328590377521,0.4410811101060532,0.3177221021544706,0.36,0.24294230495945865,0.8273350977434325,0.8012223492930053,0.5250835963322611,0.5467615714790143,1.0412847875754014
POLR2G,1,131,39,0.8835205150192067,0.6131110961066113,0.5529680848844114,0.3935529450539448,0.34,0.28900490602091344,0.6592305031420256,0.658732353963246,0.5555540211765465,0.4749291540614746,0.8548748229864782
POLR2H,1,80,36,0.8646545087339079,0.574306382714971,0.4914151563378562,0.30330417745885085,0.33,0.26113407362074986,0.6267186973332869,0.647225923414177,0.5742593440500608,0.46429885827840656,0.808517710689187
POLR2I,3,179,355,0.9297129881098474,0.7396906988593197,0.5087176334746424,0.39610815511158937,0.43,0.2970341354656927,0.7883195313642756,0.7871166525517321,0.5438041844958695,0.5489142224441566,1.0093968159863573
POLR2L,1,43,25,0.9141718534154435,0.7026665809222915,0.15546361612114584,0.03976040732571893,0.32,0.23342904161740294,0.764197591253159,0.7578668253768511,0.46514419746765245,0.5449585397943394,1.1715905111690281
POLR3D,3,108,121,0.9266682644574306,0.7290983268839111,0.2342551056964575,0.1923096697718178,0.23,0.17107551154669515,0.860899003734085,0.8067384667188543,0.463302509548467,0.5522464397129978,1.1919780627379606
POLR3E,3,192,165,0.9472354188349004,0.7980483523223579,0.015363642884925293,0.05502199874290193,0.18,0.14622440223468722,0.893472657926243,0.8196088356129784,0.441891674446231,0.5284883012066024,1.1959679709042101
POLR3F,3,156,129,0.9357985648959535,0.7614420670510473,0.07773076211512735,0.06388703132035835,0.12,0.1157216331986048,0.8727508844355382,0.844307800806147,0.44871616315625623,0.5317834858678121,1.185122172279334
POLRMT,3,208,460,0.9267329191977639,0.7919550293767273,0.5738793016818233,-0.05636879774375212,0.18,0.17689060644624918,0.902760393952215,0.7423085336607542,0.46792567959922177,0.5476328638117753,1.1703415221353262
POP4,3,116,245,0.9344025899467263,0.7781175368165879,0.18685814793364647,0.008129419481022889,0.31,0.2022565166704699,0.9058007471899561,0.823080183287228,0.45843266135944066,0.5617513761315538,1.2253737816411097
POP5,3,50,318,0.9383887488457063,0.7931810692034125,0.17072836883980144,0.060805416156670566,0.28,0.19647568925305986,0.9052991700004815,0.8168394675166551,0.45096806387610405,0.5610774529577724,1.244162248860036
POP7,3,196,225,0.9371554252359272,0.7769594943918774,0.18059664628459163,0.06260896442852448,0.25,0.17727183038290217,0.9150266730789786,0.7984817898068579,0.45604118043979125,0.5812022352560039,1.274451184322871
PPARGC1B,1,129,77,0.8697220314665353,0.6746095305161981,0.044127627133777485,0.011078808818574716,0.15,0.10622786806268221,0.7931945172340454,0.6843888559960389,0.44266110052374646,0.46650173942911893,1.053857518400848
PPIE,2,39,66,0.9321129278023519,0.7263736370767144,0.21761285824360763,0.17124100312329063,0.22,0.13887825866052647,0.8379725615987705,0.7604026812299773,0.43672034054336667,0.5117432314342417,1.1717870046530503
PPIH,3,93,137,0.9449896745419952,0.7877190448976839,0.24843382298607705,0.19359540132477654,0.27,0.22234508600335254,0.8765775617161065,0.7879597097450679,0.457982094463201,0.5294821290810524,1.1561196909683977
PPIL4,3,69,191,0.9422950881740987,0.7804800960507828,0.29104616759199,0.23190869381063936,0.24,0.16149767350753017,0.8571013853997491,0.7917417914371397,0.4566979764611739,0.5159251866306496,1.1296857046128248
PPP1R11,3,69,180,0.9472353199720349,0.7860571278198297,0.15623379672791862,0.12183485558141097,0.09,0.10143825048172751,0.8858313698035173,0.8701604102779262,0.4311672962739673,0.5235255912835387,1.2142052137665702
PPP1R8,3,64,293,0.9343439530440347,0.7755453780093385,0.07325360234693871,0.1046653056768748,0.11,0.09217163641244502,0.8504755594720113,0.7941835927974813,0.4405130308761589,0.5056231733153714,1.147805232530033
PPP2R1A,3,301,806,0.9451126578315566,0.8085915873432489,0.12133518438707504,0.10228563470555406,0.2,0.13852540583739115,0.8985018237822906,0.809911522341195,0.46597734240810595,0.5381202697753906,1.154820651678585
PPP4R2,2,162,143,0.9242413838364917,0.7756621317259813,0.20250292404968995,0.14522455584326696,0.28,0.1897283084978161,0.9024482338880914,0.7700887864809783,0.4365622873255774,0.5478061940049783,1.254817920285127
PRIM2,2,149,65,0.9141770563505172,0.68501712500534,0.45862094550212934,0.31758989097988377,0.32,0.2858870159847272,0.8216428701876288,0.7079617201871079,0.4297171617295763,0.44713857646204697,1.0405415605393449
PRMT1,3,44,109,0.942548721651832,0.7776369869225834,0.10154815150638356,0.07514635559697956,0.22,0.1379456394379108,0.868120529923832,0.7816004007608147,0.3901188024077432,0.4904942587622595,1.257294555304875
PRMT5,3,92,405,0.9452673682760202,0.7976464545410291,0.07832408739962465,0.03241345329284605,0.13,0.09562794017791235,0.8968253425171976,0.8297430343097407,0.4477815511416387,0.5296694625818076,1.18287466154567
PRPF18,3,256,156,0.9469767016754219,0.7942906763521351,0.4064327882075824,0.3485555190701303,0.33,0.2466531857715891,0.8713906242178765,0.7822251852909274,0.4753222215324996,0.5250047943188069,1.1045239618313756
PRRC2A,3,82,288,0.9390098514431177,0.7817850813868988,0.07883500620342315,0.10685383039182125,0.13,0.10522186972111322,0.8697254116309046,0.7765594082783609,0.41937347387712737,0.4965133393863505,1.1839407079247395
PSMA2,2,38,44,0.8748252596575166,0.5806588309750974,0.3363710459918418,0.23007552797810724,0.23,0.19822933433330867,0.7631203347228201,0.7128313000792882,0.4303209021376328,0.47754453599879754,1.109740480950786
PSMA3,2,194,73,0.8833188314674881,0.6335762757468727,0.6810189465083866,0.5284563721728287,0.42,0.40910527991660617,0.8190872024064683,0.6816093706096824,0.49152260602302955,0.5270713715109449,1.0723237432603705
PSMA6,2,18,40,0.86527586851326,0.5724596231904854,0.38750051079309633,0.25467565909192236,0.27,0.23822154794525482,0.7706776911441554,0.7001293764899895,0.41393327618946896,0.48822310454521095,1.179472926759839
PSMA7,1,22,25,0.8825687772677371,0.6075248395054316,0.3935147676114902,0.29182836424606207,0.26,0.2582696299600849,0.6860242584600563,0.6680235413157797,0.44971844174439063,0.43949478622837124,0.977266519805084
PSMB2,3,46,118,0.8982727594489889,0.6610208327347344,0.5557685479340874,0.39823629079792644,0.35,0.3730960874065094,0.826312075630384,0.7726693551871615,0.4685884142874658,0.5431285211749748,1.1590737052475304
PSMB3,2,19,72,0.8412589115592278,0.5488521677266412,0.31805630251528544,0.22001651572792544,0.27,0.21498590482039587,0.7800875544332394,0.6644603615539065,0.4248528888435736,0.5194280729088976,1.222606870101987
PSMB6,3,77,171,0.9478479644334779,0.793818672648485,0.5751703401549938,0.42194903321206656,0.36,0.3419026950875398,0.8832883004001718,0.8463734717709458,0.5008015968047778,0.5648579927503636,1.1279077085121179
PSMC1,3,177,125,0.9063976867200719,0.718157831839789,0.7233633166667497,0.5937789524886267,0.45,0.4406755947155058,0.7678597102866026,0.7197121924451632,0.5694069741956161,0.5378488108195668,0.9445771227751436
PSMC2,3,279,76,0.917352029989726,0.7223119422139838,0.6676817557379261,0.5412229480217177,0.4,0.3768466051308194,0.7860392682257554,0.7714809176420223,0.531005203954182,0.517582012531581,0.9747211494918403
PSMC4,2,149,73,0.9054741606917471,0.6901371024454896,0.6749801868597387,0.5598136604484311,0.39,0.3863879651145355,0.7264448070490738,0.7035766172554804,0.5565574698132378,0.491995199198939,0.8839971019058736
PSMC6,1,65,27,0.8846485978461217,0.6262694903388529,0.5723818350516159,0.4126925212180546,0.38,0.3859966320804521,0.6939461543040418,0.5885335546172823,0.5337277099090075,0.46704253057875905,0.875057661720067
PSMD1,2,87,41,0.8486411339829645,0.6099942670313009,0.6525832833482628,0.4876823805537168,0.46,0.412319162419208,0.797885297333145,0.6177950619601027,0.48879055598203935,0.5538784928424262,1.1331611765657084
PSMD11,2,40,40,0.8895671837912037,0.6456438821827143,0.5721152103624827,0.4052202424414691,0.45,0.37965416671612057,0.7848225303851307,0.742488198342552,0.4988700725075952,0.5398670023551705,1.082179551921619
PSMD12,3,116,43,0.9193377223389613,0.7126226503961134,0.6372877137822116,0.4829070676533132,0.41,0.38891740132464037,0.8200616654518996,0.8176729352608118,0.5330014557495428,0.5646068855231021,1.0592970597728348
PSMD4,3,285,104,0.939075080887598,0.7848075125820098,0.47733764238975773,0.36144003686314663,0.34,0.28569872255821127,0.8671870963910114,0.8025609757555102,0.4857588079804665,0.5344996613932681,1.100339595718387
PSMD6,2,282,52,0.879424256498753,0.6574596331484706,0.6828106155413818,0.5508350849533161,0.49,0.46421577800116864,0.7926578897560314,0.686358494687437,0.5304795366082883,0.5378153234222339,1.013828576164431
PTCD1,3,246,189,0.939239993733228,0.7821629243005134,0.12130124639344572,0.15168174292483808,0.14,0.11409877342572404,0.8973094183471382,0.8344432440989263,0.4346448132470428,0.5296148295618756,1.2185002586832925
QARS,3,376,249,0.9491009040756518,0.7824348539782621,0.5968385239031863,0.5077772509031252,0.36,0.27694518306284954,0.861761336089637,0.8309666734083401,0.49145938852592985,0.5431750422730368,1.1052287206272207
RABGGTA,3,114,597,0.9171225239980207,0.7357740321477735,0.16827786541467374,0.07634585037022928,0.22,0.16249171573487664,0.9156097929099319,0.8328019469034114,0.4321934611865526,0.5490159829078255,1.2703014263509027
RAD21,2,62,50,0.9170197136032082,0.7242210899499455,0.4540425199863704,0.37643024716720624,0.36,0.30296832706241306,0.8119817813124242,0.7679140786396068,0.4772852313880384,0.527521316419069,1.1052537784008034
RAE1,2,51,66,0.9275637255987447,0.7243362712561984,0.2318593872168951,0.12761164879340617,0.23,0.15660340246301105,0.792007817773554,0.8022273815061779,0.463474378298728,0.4996708344161368,1.078098050358888
RAN,2,79,106,0.9160437917465387,0.7015967044619081,0.2753268145637889,0.17382818730864819,0.28,0.22584606863595946,0.824013040668169,0.6828934363375424,0.4428841112154872,0.4613447257613225,1.0416826968082995
RARS2,3,139,402,0.9472035449165337,0.7984883864519439,0.20870567644991264,0.19139979949247382,0.15,0.12860043715105768,0.8999024894008169,0.813477638122084,0.4381312979176321,0.5136532294152746,1.172372802702884
RBBP4,3,65,118,0.9363420845147188,0.7633667955376627,0.24406917755602922,0.1896332313547704,0.25,0.16881064171800156,0.8677695229715826,0.8273099599098087,0.44244715534772966,0.5073993837634247,1.146802202619261
RBM17,2,50,72,0.909502654917582,0.7071858181488667,0.19308229708536306,0.14342788095313116,0.15,0.12696564102758365,0.8047435845153255,0.7433396234126718,0.41572257427583165,0.4477889923605543,1.0771341497854412
RBM25,3,53,88,0.9488996688115497,0.7724984006526316,0.5755217833264079,0.4902455851824978,0.39,0.3177988277143473,0.835811408665734,0.8393873415706927,0.4415386100862007,0.5268429976943568,1.193197998380079
RBM28,2,55,213,0.9422293088595911,0.7873142620142708,0.1901014923431621,0.10122773118170261,0.27,0.17273137728002724,0.9009155537585769,0.8015800955824207,0.42398106946847747,0.5295123990225054,1.2489057287328174
RBM39,2,49,91,0.9193366004247633,0.7046206169470175,0.2784751197472757,0.20924895961868764,0.28,0.1656199197884555,0.8132275704671801,0.7227290457456916,0.4347921079509228,0.4614168408377927,1.0612355233400876
RBM42,3,68,129,0.921392980520762,0.7251690364301328,0.09320539257277635,0.0339191699661302,0.25,0.14476270613665862,0.8362386866271496,0.7566153334727861,0.4353283665834223,0.5044251690047453,1.1587233824810912
RBM48,3,55,190,0.9417495639249105,0.7939328434931134,0.12184388253848409,0.12507759899686569,0.21,0.13928168526085685,0.8758405334673901,0.8102838575586944,0.45011257500363283,0.5217656565736757,1.159189220557929
RBM8A,2,17,24,0.9353152774798412,0.713801354866441,0.37170915842543617,0.20831831788578345,0.29,0.21929931011236684,0.8396767676553315,0.8185993165527893,0.4375892100611209,0.5267459314023111,1.2037452186978854
RBMX,1,110,23,0.8570040382377447,0.6057686554567184,0.2480359461889137,0.2156367593434354,0.3,0.22889374339409138,0.7045812970946734,0.466508672379403,0.43459390172943807,0.39259880630383914,0.9033693195137452
RCL1,3,104,337,0.9342408487625531,0.7844763760865581,0.30724364955788086,0.07447107840931645,0.41,0.2998010115022328,0.9139824361642968,0.8140556656286452,0.4722700420731506,0.579611216979835,1.2272876809263742
REXO2,1,65,27,0.9045343414929502,0.6970578115085485,-0.1393684237138526,-0.11704191367680007,0.19,0.12491404894856138,0.6491718318255971,0.4628559635326027,0.4474724415511889,0.36681616516841636,0.8197513922853286
RFC2,3,85,167,0.9334476779799906,0.7638658371371017,0.39711980862381274,0.26736539422636146,0.32,0.25904222596904586,0.8825668610803342,0.7584781558856325,0.41518598503937737,0.4723246207954207,1.1376217561255266
RFC4,3,58,102,0.9380321879588738,0.765775406773619,0.3401408440410131,0.20556338701479018,0.29,0.2084103597887812,0.9032371033440283,0.7907486264298565,0.40941249783081957,0.4995218773161313,1.2200943248234795
RFC5,2,101,90,0.9135652219788247,0.7090988762682132,0.2786271847482094,0.1655102915311377,0.18,0.15488762086342323,0.8068657566798827,0.687146857653255,0.42284959309060915,0.4328659549248818,1.0236877408919463
RINT1,3,143,233,0.9453827336480978,0.8027080910166838,0.19521963099775005,0.14651579772177198,0.16,0.11423456327590843,0.9054582272882333,0.8558544608243666,0.448966469519676,0.5350152901078182,1.1916597664043895
RIOK2,2,161,86,0.9367005911035786,0.7891125120836849,0.3602179622724066,0.13430033500581487,0.4,0.3098780801811199,0.9042319446373228,0.7991573396178668,0.47205831786630975,0.5589396310592324,1.1840478137217145
RMI1,1,195,35,0.9170055358584993,0.717988093584964,0.1597999286733261,0.110442261214643,0.2,0.1284842948248402,0.7275386533568582,0.5972426355049052,0.44172421818452395,0.3791992952260312,0.8584525616458288
RNASEH2C,3,89,478,0.952372627946004,0.8148664971961438,0.21473069486534535,0.19546159657835022,0.2,0.1568371452552787,0.8688480525061848,0.8140248771045832,0.4547373059150143,0.5089103243515998,1.1191303342405043
RNF113A,3,170,149,0.9447272331704692,0.7765997469276087,0.5495454366285987,0.4952909728227676,0.38,0.3353011153603237,0.8656362873495995,0.7901526689981564,0.47068733833107856,0.557491781375858,1.1844205784424904
RNF20,3,118,302,0.928044838176891,0.7854117310617773,0.30335307197913935,0.28589129481251113,0.32,0.219289115704062,0.8804886819955599,0.7335088796476944,0.4627844675899726,0.5157167675956055,1.114377842319359
RNMT,3,106,194,0.9221843577997713,0.7881862815855664,0.29565441285879357,0.11996494459830431,0.4,0.29761842641988656,0.8942873475230189,0.7482215842901178,0.46717760455072244,0.562301084022249,1.2036130724349996
RNPS1,3,51,71,0.9252917887653563,0.7366945147449285,0.07833118834211628,0.029060894474446295,0.16,0.11873678248967505,0.8338022975683712,0.8011103890779281,0.446101329962863,0.5374644787044115,1.2048035514736501
RPA1,2,337,98,0.8937449458599216,0.6542973770891005,0.5160711908768539,0.40180175222668335,0.37,0.31708217226624713,0.792144654197504,0.658251775381497,0.47545939818033545,0.4708559641690129,0.9903179032066255
RPAP1,3,88,198,0.9374350203438234,0.7683235362562227,0.5039938016888582,0.3771008012390896,0.34,0.25577084351094637,0.8835710425051957,0.8539854748022723,0.492523446251018,0.6017049657416517,1.2216777863164117
RPAP2,1,373,51,0.8921443096171735,0.6217452471040216,0.48357885131836365,0.323060403386377,0.34,0.24487807295375044,0.6968151634673013,0.6907047797803475,0.531979358454984,0.47763793508306607,0.8978504870785862
RPL10,3,215,189,0.9200159252312946,0.7581398735319693,0.505260948657863,0.3080156140835477,0.37,0.2961187940078332,0.8659589536947818,0.7803795372123935,0.4749246766137266,0.5125455724311048,1.0792144246819846
RPL11,3,315,121,0.9200567406038497,0.7561277652982402,0.4462395951712043,0.31172023137047633,0.39,0.2856649764341153,0.8615773007776062,0.7786576257508139,0.46221897211014745,0.5035957937308883,1.0895177680324706
RPL12,3,185,194,0.9215210083825823,0.7322798319153229,0.5188904088994073,0.37551117346999696,0.37,0.29774617543528253,0.8362440003046121,0.8133896042829538,0.5140461912676514,0.5420166962471101,1.0544124145076508
RPL14,3,189,123,0.9027069490098559,0.7240224650794422,0.5189326668502432,0.30163683152043325,0.4,0.30346586034519135,0.8386751085372204,0.7619207319337111,0.47851866105113516,0.5072031571927673,1.0599443404760416
RPL17,3,134,176,0.9056673335293735,0.7344334469489152,0.5150846148732714,0.3150340085752348,0.42,0.3298878216969641,0.8584902604569238,0.7860011122645063,0.4786417188740787,0.5251560757439006,1.0971798822874026
RPL18,3,229,175,0.9103226188331429,0.7400184932018558,0.48404734715147213,0.30222592992275715,0.43,0.3185206024709186,0.8676697766134669,0.7830291836058358,0.4852081116208883,0.5338351975761905,1.1002190066251538
RPL19,2,226,47,0.9301262890610682,0.7714558998973388,0.4945778918287169,0.32332216315921913,0.4,0.34465162295431195,0.8696371273105646,0.7582289081345621,0.4733237282379679,0.5192365660018738,1.0970008982326231
RPL21,3,214,94,0.9292674988051983,0.7644213045821936,0.4440777396567001,0.28636799140638863,0.38,0.28406478473470603,0.8911706131223371,0.8141974707112287,0.4723167059076217,0.5444301195531586,1.1526801851739696
RPL23A,3,84,160,0.9148971110094314,0.7408430287836955,0.4735279469373895,0.2717601337456543,0.42,0.3101637445101447,0.8769223611734381,0.7912617203049999,0.46293627849639996,0.5367176465601227,1.1593769162131615
RPL26,3,194,259,0.9369343743820681,0.7936951620202345,0.444628567327769,0.23987985322851516,0.39,0.2953955202846185,0.9120353050808552,0.8259839841528831,0.46575960819531675,0.5499114043388277,1.1806764323398724
RPL32,3,158,245,0.9256417261997707,0.7639850840112571,0.5142180855531937,0.3070954819153725,0.44,0.3322976838697842,0.8921732053034876,0.7916767399127788,0.46682678584125004,0.5289511632805507,1.1330779809401232
RPL34,3,249,114,0.9255150317550972,0.7708340033671099,0.5345784796129758,0.3282685415977617,0.46,0.36233569371636537,0.894938012401361,0.8058648401459159,0.4833084401321156,0.5511765363961815,1.140423959575947
RPL35,3,36,209,0.914485837399719,0.7340448025181112,0.3985599381686728,0.22984900514819742,0.36,0.2458628176234489,0.8770331601751614,0.8025030921820278,0.4432501740718087,0.5364043861698707,1.21016167718719
RPL35A,3,97,367,0.9175842770593603,0.7520470530022503,0.49490239326964325,0.2895247453023046,0.4,0.3056355155525725,0.8789216222401206,0.7842194925035813,0.4647727354685277,0.5303202990984862,1.1410314057117987
RPL37A,3,295,197,0.9188769652927686,0.7550770147432956,0.487757173237825,0.2817697082099411,0.39,0.30091552677741135,0.8900828138324095,0.7959439461385468,0.4743121489811343,0.5395571105520026,1.137556987177011
RPL38,3,169,90,0.914948207085721,0.7362632638865603,0.4264293260246156,0.23848104362491854,0.39,0.3094906008674394,0.8695408304699995,0.7786225839668787,0.4640968363816565,0.527295049335052,1.1361746011551728
RPL39,3,31,225,0.9342274687630383,0.7689367410665768,0.2709967890068943,0.07894282515738342,0.28,0.20272211814306537,0.8834545561513452,0.7998428733887143,0.4256303489634985,0.5571632676591166,1.3090308431379967
RPL4,3,257,189,0.911088106770248,0.7413296878471307,0.46438933272025434,0.3001941919990208,0.39,0.29148556675477955,0.8584777791521582,0.7679928550907396,0.4834641684789148,0.5119647333331782,1.0589507064286177
RPL5,3,154,152,0.9310332628748442,0.784068066543819,0.5481553662903732,0.34674423241011604,0.4,0.3397372556503443,0.8928671590012836,0.8121823478857295,0.46716248611997396,0.5267941950613674,1.1276465885782045
RPL7,3,237,344,0.9215039133577986,0.7669382375305741,0.49422151606377757,0.28351654819087896,0.39,0.28811863508839014,0.8822299347483926,0.7882580861355852,0.47887548575831274,0.5275574358664719,1.1016588665307878
RPL9,3,180,144,0.9145409597183958,0.7448838429709302,0.4165526611728755,0.24619205336911976,0.36,0.2643076789155603,0.8683744560154225,0.7609228099054797,0.4822070702848187,0.523305272031798,1.0852293411426153
RPLP0,3,136,233,0.9100761759509628,0.7365923653072525,0.41905223809051906,0.25464715402190585,0.33,0.21539535783605368,0.8625767604503513,0.791254387439359,0.4575977644445219,0.5054276932964462,1.104523932420749
RPLP1,1,96,22,0.9073429828579416,0.7417603833948496,0.29215324803927534,0.1071894710026139,0.31,0.23244153796018985,0.7948774101732852,0.6455091130200066,0.4305830522082515,0.4914480459718547,1.141354802605231
RPP30,3,97,249,0.9343144408729543,0.7815536829863485,0.2684495058229954,0.06906378512837569,0.35,0.22926042715194517,0.9092536233670542,0.8388820790266901,0.4725783134483887,0.5686002617519625,1.2031873523163417
RPP38,1,49,43,0.9170928896127565,0.7523585272575545,0.22404579655223877,0.0588161420792268,0.29,0.2135938497565029,0.8410055127878028,0.7308594008235133,0.44338329820037964,0.538999141429091,1.2156505025342528
RPS10,3,93,112,0.9348472725408462,0.7804386988759047,0.24507574462659015,0.07015163754020096,0.31,0.21209194260199493,0.8883269359967778,0.7922375592455577,0.46948525780247335,0.5431731676998458,1.1569546585397332
RPS11,2,233,98,0.9302036505522813,0.7835662550767002,0.4891671105732322,0.25514530516695777,0.42,0.38117808059364117,0.8853662713892573,0.8187783294481464,0.5005814879919294,0.5694821414628859,1.1376412107665779
RPS15,3,18,187,0.9216676118933295,0.7497581581055358,0.3511891092696685,0.13995855193871098,0.38,0.25206383402121024,0.8870090722724463,0.8256611046480782,0.45413509719473866,0.5665537067131098,1.2475443931494261
RPS15A,3,257,120,0.9196468852412599,0.7603252953911095,0.4334562215827185,0.24258483415806648,0.42,0.31135946071406034,0.9028868324913099,0.8048266205188449,0.4906111625727791,0.5725048201749889,1.1669216931460349
RPS19BP1,3,50,184,0.9296355401308806,0.7718830294028206,0.21861778159824996,0.03861629476141491,0.35,0.24761875624440888,0.8882865484627357,0.8063643380565391,0.4611640111589916,0.5668960698749116,1.2292721111464757
RPS2,3,50,234,0.926468299869556,0.7620675993335362,0.3145562633965956,0.15932205198469301,0.35,0.24596066183408802,0.9002051050975635,0.7864521803421161,0.46256670648307674,0.5703615903285353,1.2330363815732996
RPS20,3,179,161,0.9253663817953506,0.7707846166911311,0.4583182070484328,0.246095466468172,0.41,0.32664032054118236,0.8955844588262651,0.7985923341434251,0.5019924752525364,0.5733494178207507,1.1421474118926636
RPS24,3,213,165,0.9212174502490585,0.7633855975951107,0.4687900724210398,0.22780034625426154,0.44,0.3323036775057107,0.8921390900919908,0.8360582585388774,0.498893259627509,0.5655648825561231,1.1336390306054709
RPS27,3,161,206,0.9281170497933229,0.780160324216021,0.2742709108444782,0.06205690766853424,0.31,0.2152921816549091,0.8401838915752264,0.7631310815382237,0.507535890287104,0.5182497666388537,1.0211095734226663
RPS27A,3,88,344,0.9185378682409907,0.7607476665499769,0.414873053862189,0.2260740078580269,0.47,0.34259459713178625,0.9113740702750904,0.7959652379383457,0.4775415997452109,0.5873929845404795,1.2300351897165132
RPS28,2,262,85,0.9324334590506735,0.7743326739822212,0.448400001205559,0.1851758123690864,0.41,0.3605265221155645,0.8979571445167892,0.7880598722341261,0.48275140106793596,0.557212578311456,1.1542432927928643
RPS29,3,211,190,0.9289021436251927,0.7809278611430537,0.4552161327426463,0.24110696478723134,0.42,0.31679121501669594,0.902116679340601,0.8207060746713835,0.49575429475757343,0.5693466168314858,1.148445129709765
RPS3,3,252,164,0.916822722827846,0.7624311763428687,0.47271033028069787,0.23081540943461767,0.42,0.31049930186859576,0.9055061990199483,0.8179089593630927,0.4906893644870875,0.5808876802357968,1.1838195616992782
RPS3A,3,120,192,0.9236729232066235,0.7736532053015375,0.42859082299387263,0.17701263185847327,0.42,0.3262713749318388,0.9132489735666761,0.8206902879782966,0.48826960714885126,0.5853529099348338,1.1988313205988121
RPS4X,2,175,133,0.9269036691717236,0.7939599790048578,0.38146806937695493,0.11423606505521207,0.42,0.28592875179206545,0.8910916975891066,0.7570946020334737,0.5023095996539176,0.5528979717973878,1.1007115157090555
RPS6,3,165,230,0.9224633101827335,0.7784553988705375,0.506564391999858,0.2829839881195773,0.42,0.3162005903884833,0.9019907029206962,0.8435778401895051,0.5120167516074132,0.5879945049422453,1.148389172058175
RPSA,2,191,103,0.9289230383689367,0.7820980805895906,0.5066833651282252,0.2437346450546741,0.47,0.38321124340736634,0.8999597928889037,0.7387252931795955,0.4877829806065645,0.5764339874923087,1.1817426982755292
RPTOR,3,81,108,0.944386946041642,0.7659045048749997,0.28521016693614076,0.20649229596434818,0.25,0.2033823519955373,0.8471441758743403,0.8391077859409709,0.4473857158430472,0.5476000510422881,1.2239998270181698
RRN3,3,38,188,0.9244668440662832,0.7542034050454532,0.22694878915723626,0.08914830319831306,0.31,0.21094556242360418,0.8723250301151777,0.761027688030758,0.473624518517236,0.5640586743775873,1.1909405877762942
RRP1,2,90,133,0.9471857623740184,0.7967406709728901,0.19466876801465138,0.13409074891189077,0.25,0.16596207305739605,0.9016528329566273,0.8390808541001142,0.4368701312826561,0.5292672969845427,1.2114979875498182
RRP12,3,191,217,0.9317249195079897,0.7792284286349125,0.3027695758026319,0.0653117124887577,0.39,0.28005617431006224,0.9116657378513093,0.8422074505404941,0.4851374290261178,0.5697195558388649,1.1743467108672139
RRP7A,2,40,178,0.93649579089787,0.7686569445044521,0.3325394788383651,0.10666133620044232,0.41,0.30332351196972934,0.882145900587263,0.7765891853269768,0.48321847766904535,0.5612468437249452,1.1614763467190459
RSL1D1,3,124,334,0.9414196032363435,0.7819111098014421,0.13715963084609364,0.053592771226096673,0.2,0.14478260803083992,0.8977035143369457,0.8451594931047859,0.438137077822001,0.5291339391740238,1.207690364229087
RSL24D1,2,116,81,0.9372308256750308,0.7747274376653319,0.2696584637025057,0.13804177809648394,0.31,0.2293364439158393,0.8913275553050818,0.8125243035484756,0.4402739620725302,0.5386015498268292,1.2233327064314867
RTF1,3,53,99,0.9290082411471503,0.7444337507492464,0.4039172646618131,0.39385291970063624,0.34,0.2867369112694362,0.8013306275898203,0.7186669711881696,0.4471006134911697,0.5577528086368679,1.2474883266359025
RUVBL1,3,171,159,0.8994506238715582,0.6596974679746803,0.4973822058639966,0.39127562523104564,0.37,0.30664371159680237,0.8097271470863631,0.7722129936562407,0.5205100312037727,0.5525488004479604,1.0615526247487796
SAMM50,3,94,114,0.9419302436956617,0.7882792906568824,0.4195697089029117,0.3510679519620219,0.28,0.21019575400932314,0.8780246190045811,0.8289452554810519,0.4514955771635765,0.5378660434185748,1.191298561294036
SAP18,2,40,81,0.9354697891105972,0.7633892686907151,0.1871542992730096,0.005594659328020202,0.27,0.20520810651823343,0.844892478583605,0.7549325006412793,0.47445376954732693,0.5366418151127126,1.131072905825977
SARS2,3,150,222,0.9400693563040693,0.7968959039324374,0.17578716893174295,0.13797393302942473,0.22,0.17412042963882546,0.886929573598274,0.7852679295044781,0.45300635366893965,0.5148890684214298,1.1366044932598662
SART3,3,142,740,0.9403325139490087,0.7734318757475332,0.21579909357126917,0.2111911087741826,0.21,0.12313276319463992,0.8521499313428779,0.8054391902605973,0.4391739301823596,0.4949164661416576,1.1269258506917597
SBNO1,3,127,274,0.928592890145996,0.7789163878258126,0.1494349079054611,0.07586788948646203,0.25,0.1820661605377281,0.8915657795828227,0.7824681913315469,0.4440646268863027,0.5301699144458999,1.1939025772539582
SCAF1,3,158,217,0.9484005564497839,0.7981529341904599,0.40966346420743416,0.3032229715101178,0.28,0.21236816970750771,0.90088503931595,0.8574993295363429,0.46977221422155263,0.5380467052960453,1.1453352870907354
SCFD1,2,103,108,0.8935768351325991,0.6705933318334523,0.4006733806363331,0.30740577335653263,0.31,0.24779565646530297,0.8240678447752625,0.7301455132550856,0.4688531891942948,0.5171303523753309,1.1029685907315945
SDAD1,3,210,228,0.944670197384984,0.7944209361228003,0.2603715451455931,0.18025488859050742,0.32,0.24242585668916503,0.9116862174754581,0.8120614161569677,0.4402710880028408,0.5321229720741583,1.2086257183085063
SDC1,2,170,137,0.9050137078393207,0.6984240680510195,0.1161253720651535,0.13297908575678213,0.22,0.1424599484362182,0.8143433829499689,0.7061579242243249,0.4408422695277236,0.45906362966023095,1.0413330367314768
SDE2,2,134,77,0.919434486122376,0.7519011254386369,0.17886856417671207,0.09220302898450917,0.22,0.1841180874191558,0.8561817960015028,0.7046121009944796,0.45073855036607363,0.49158244713394067,1.090615470606054
SDHC,3,91,143,0.9495319268778839,0.8018152744387259,0.23637565459749718,0.18217067615325797,0.17,0.14956366034074217,0.8823922150305566,0.8246752731485306,0.43895604513443315,0.5094207581586085,1.1605279211892752
SEC61A1,2,129,207,0.9552120437111967,0.8047780396157166,0.43018700648540276,0.34520885642542415,0.36,0.2304821005468931,0.8734587421592602,0.8410645413831105,0.47306292950929213,0.5372783797453013,1.1357439673938945
SEC61G,2,74,167,0.9529049664965534,0.784909509631768,0.4986229171842136,0.37721617391103013,0.31,0.26807563133606294,0.8249580161149992,0.8605280474863933,0.48169324361187965,0.5408092853846586,1.1227254717177566
SETD1A,3,60,218,0.9408376226242094,0.7798208269208842,0.41880372423351536,0.3375968933071704,0.25,0.1938537461228272,0.8187911835545097,0.8221444018670182,0.49475326487185495,0.5153430219481839,1.0416161915889528
SETDB1,3,123,308,0.9408031825097953,0.7972221117691347,0.05847040693760964,0.14519481674844514,0.13,0.10211331715457646,0.9068717694971729,0.8216619621500775,0.4290162512619128,0.5252929159451214,1.224412600119211
SF1,2,18,56,0.9136341719825329,0.6887516571486596,0.21262987428540953,0.16529256382435425,0.23,0.16426476670995782,0.792980022928685,0.7479481804621999,0.42003128231238573,0.46870771057565913,1.1158875996959574
SF3A2,3,236,363,0.9460144546189058,0.7938573956339869,0.34256305002384435,0.23425413001434428,0.27,0.21416114250395263,0.8957241310971003,0.8105499672912506,0.4762930217241259,0.5265005070725034,1.1054129957909151
SF3B5,2,55,156,0.9362469304953815,0.7178150284228081,0.623152785534952,0.5191413282402463,0.44,0.38181775238992605,0.7404175937745571,0.6910267302177505,0.49407153917489877,0.47712862292451336,0.9657075452357454
SFPQ,2,185,128,0.876458435312511,0.6154846832891486,0.3894997586893717,0.3974658743090377,0.3,0.2148082778459263,0.7032271362123187,0.6532477372896888,0.4872882399121232,0.5120026217440148,1.0507181772520648
SFSWAP,3,145,110,0.9435580770460209,0.7855921154657007,0.14734608279380593,0.13831947644002077,0.2,0.16578701443761185,0.8853576980724536,0.7666255048355773,0.45609003955049343,0.5308674687132916,1.163953191341263
SKA3,2,109,120,0.9082137484151048,0.7033790125571237,0.10279101580323083,0.14314650943047508,0.13,0.09944481106363667,0.8095175296122998,0.7278985694960477,0.42983086155838646,0.45512004843190645,1.0588351804090572
SLBP,3,63,157,0.9377538017981091,0.7751381021303658,0.29457171666217863,0.2208412172325384,0.33,0.2715599449428534,0.9076839091626892,0.7609204601090727,0.4132069169368089,0.5253331441583383,1.2713560928243508
SLC39A9,3,724,184,0.9193980401427614,0.7584883861199798,0.09451140806646013,0.0889203053441122,0.21,0.14166840727860694,0.8729670198493448,0.7401892046234734,0.448500828044867,0.4915581350394821,1.0960027124638454
SLC7A6OS,3,36,206,0.9242351034470886,0.7339158597187856,0.2442763138114137,0.21030376363451803,0.31,0.19005347037325962,0.8427211013252893,0.791933115669921,0.45548667670683246,0.5409988913160519,1.187738098839886
SLU7,3,195,406,0.9353795837263762,0.7422458254866575,0.4436110309034846,0.41076878813833484,0.28,0.18594139862612966,0.7688823328041092,0.7205752794231459,0.5138418013990138,0.5012671350010255,0.9755281175664707
SMC1A,3,156,201,0.9293802642190785,0.7513890140557861,0.481523260075121,0.39701396547548723,0.36,0.31449197881683383,0.7930468041142043,0.7614471400968923,0.515431424629539,0.5032803118940185,0.9764253362927815
SMC3,1,42,21,0.8902867897707502,0.675157469766955,0.3505562981160054,0.28311569235161366,0.31,0.2473421039988377,0.6702199918637803,0.5317511941642907,0.4879449518846441,0.40652367493986796,0.8331342809027198
SMC4,2,169,64,0.8910556801335673,0.6479895346003818,0.3562485284822913,0.2356030543559037,0.33,0.2624512235286,0.8002979325358284,0.6549630553672763,0.43529625979556685,0.446121552679021,1.0248687701563308
SMG5,3,82,822,0.9265607334287336,0.7684871402228735,0.42330589234701055,0.28324520087812616,0.2,0.18151591929182087,0.9094969504808771,0.8623844212772728,0.42841161196642435,0.5173080116581518,1.2075022831633042
SMN2,2,319,870,0.930641738531932,0.7294006078532159,0.5115714025716116,0.4540189949867102,0.43,0.30726425027328874,0.7942740593034199,0.7226190036189898,0.46647345113316835,0.465380438756829,0.9976568390971607
SMU1,1,101,77,0.8900132655049307,0.6588128728567699,0.5555610872292721,0.4685593802138901,0.38,0.32385413837170146,0.6824039232133775,0.5588142694762105,0.5315454556075478,0.42622271699381914,0.8018556164460051
SNAPC1,3,96,147,0.9485867826494293,0.7955613066273217,0.30703364016162504,0.2609557277799632,0.26,0.1717583606918083,0.8968702222147492,0.8467032971414207,0.4446387123149822,0.5326595333709354,1.1979602914421819
SNIP1,3,43,113,0.9322106824406451,0.7387456957904064,0.34498777714409057,0.2516120841698599,0.24,0.21681005761972139,0.8533163285313635,0.8135447952756354,0.44762615803940353,0.5378879374137642,1.2016454260699412
SNRNP200,3,92,207,0.9381868518427712,0.7447481635291293,0.5727940527401044,0.4484866085997941,0.42,0.41246247073431686,0.7798693601262128,0.7424726053578645,0.509214447664546,0.49586591333648766,0.9737860068049128
SNRNP70,2,85,96,0.9301778732734989,0.7361856187464961,0.5791741949134384,0.4719697222132933,0.37,0.3322606082595943,0.783829803955177,0.7411979895603004,0.5016032423335074,0.49097887371491133,0.9788191592275958
SNRPB,3,120,97,0.9409084584107501,0.7390840164672231,0.5680676447828149,0.46231110010570386,0.44,0.39875223564337114,0.8210819524148555,0.7805277807823582,0.4944651254948434,0.5133241275614373,1.038140185652767
SNRPC,3,28,218,0.9255362891989577,0.7180809176893984,0.4139110739922892,0.3318703552820863,0.32,0.22147716499612163,0.8028051490005949,0.8010877718663206,0.4655423983331406,0.4971385473283209,1.0678695182857976
SNRPD1,3,113,88,0.9401293037065361,0.7331871537669221,0.6556644339816164,0.5211358583866323,0.47,0.4371629108529922,0.7780526672389108,0.7725394252903558,0.48907094642804455,0.5038060318029581,1.0301287066452116
SNRPD3,3,120,89,0.9412088425784026,0.7449693220943019,0.6306901110490162,0.5200740641263072,0.51,0.46263175525771116,0.7833776664079811,0.7796520157465235,0.5035639284400889,0.5111254125335621,1.0150159165823047
SNRPF,3,92,86,0.9503770496137125,0.77223476228608,0.6640361798395346,0.5826246661163071,0.48,0.41306295277069727,0.7993699146898731,0.814239027074465,0.48371200858835395,0.5276739807857249,1.0908845769961801
SNW1,1,115,88,0.8945084452333425,0.7092441848921308,0.28971840496228346,0.2319417949359779,0.26,0.19140826630664334,0.7870660731723105,0.6972275131923482,0.47190393377406653,0.4889180877612712,1.0360542525903333
SPC24,1,95,69,0.8734833831762346,0.6383689761304913,0.5099946499233771,0.4128101697065032,0.43,0.3666429918195933,0.7414908159029419,0.6400804252259243,0.5262558170467582,0.48164755882681987,0.9152346331816011
SPCS3,3,115,277,0.9401532102089742,0.7955540753866528,0.24473628862676977,0.17837419560025733,0.19,0.12581276692302595,0.8951378591817795,0.8786659287064335,0.4419408106069506,0.5194769702264972,1.1754446432738672
SRBD1,2,143,189,0.9182192847521485,0.7130416748097829,0.3698617641379428,0.22952211153742313,0.31,0.23538051730077497,0.8147725024536103,0.7041728828285773,0.45666699110617,0.45186208574754827,0.9894782952414277
SRRM1,3,136,151,0.9413646217090482,0.7928108767316475,0.292605392832601,0.19356749619071656,0.25,0.20333834259046196,0.9136013726694214,0.7915640858065014,0.42891578339618186,0.5314897705660799,1.2391471210647456
SRRM2,3,146,135,0.9367083367103586,0.7831992217648666,0.12081567089040403,0.1151885811352835,0.25,0.15782593191655425,0.8830445426013961,0.7995432572227753,0.45102855515152857,0.5086411833478615,1.1277360740488294
SRSF1,3,117,90,0.93111661577528,0.7695704297790283,0.3357287725634482,0.2621612396395626,0.28,0.1929588600446539,0.8655950019348038,0.7870754888122059,0.47581421863332146,0.5356651342569504,1.1257862880551899
SRSF10,2,120,172,0.9242719514963524,0.7689285359868426,0.17409920117130018,0.17642611396518468,0.12,0.08237166249249801,0.8814182858924228,0.8359753983676949,0.43569666929387435,0.4981375937814645,1.1433128078662134
SRSF3,1,15,25,0.8289427934255403,0.5876308776331377,0.4551441973685281,0.3815259950884555,0.27,0.19316568801379969,0.5416396295053518,0.6098507091246925,0.5368434755776192,0.45266700872088966,0.8432010835222121
SRSF7,2,100,189,0.8865081156723025,0.6622765510774469,0.2599452853396589,0.25587288258197666,0.17,0.13592534183773128,0.798589339488628,0.686645585243684,0.4387580828167731,0.4545088847667905,1.0358985787564607
SS18L2,1,130,34,0.9142435136274983,0.7018121437557991,0.30286738303387184,0.21752620219984944,0.19,0.1496022193366128,0.7073316553613659,0.6135348505784453,0.44996472315813885,0.38856377704046785,0.8635427365902212
SSBP1,1,115,38,0.9271268746122037,0.7599313724965313,0.3598002704093907,0.0060109118664544384,0.23,0.19121587704328227,0.834900415831367,0.6477933155018717,0.4666332132909849,0.51920681318406,1.1126657667499409
SSU72,3,55,627,0.9441165891397667,0.7772236202769599,0.356944379940751,0.2851207101026747,0.28,0.21931695264751921,0.8600535814370642,0.8160183471193961,0.4592170877351041,0.5308020307226795,1.1558847293374703
STARD7,1,98,23,0.9076052746574849,0.688811734263312,0.020269521355961287,-0.001144713957397712,0.14,0.10436728546213296,0.7055935166173667,0.5936789333100144,0.44392629772389136,0.39346479902973047,0.8863290870214738
STRAP,3,91,197,0.9477504828037265,0.7937394657432867,0.22441158005324507,0.1736282639055339,0.15,0.10629203892765199,0.8985393084233959,0.8424357913790884,0.4225931889188603,0.4984572927251921,1.1795203850900073
SUGP1,3,146,122,0.939526865122811,0.7844686517179408,0.10626594687824763,0.1110675017941129,0.22,0.15438156041120885,0.8972182238138809,0.8213017750790297,0.44324833372505584,0.5377008051178053,1.213091515692922
SUPT16H,3,82,114,0.9531161630300662,0.7918661046758566,0.6197878988352811,0.5311003273467665,0.42,0.36387462891751077,0.8457856431473494,0.8555507840757036,0.48838633764757466,0.5474082345894243,1.1208508125301664
SUPT5H,2,367,77,0.9404134389451458,0.7688528285743798,0.6676797422016197,0.550524008120689,0.49,0.49709468644500193,0.7274873691559001,0.8784355353020787,0.6061308450641242,0.6407495466792217,1.0571142210066753
SUPV3L1,2,74,96,0.947888677828764,0.8009294808515526,0.2893809375882818,0.10876157014414443,0.16,0.15212984301366106,0.8687238380077154,0.7750068854114097,0.4463400420952846,0.5133085865394028,1.1500392674368864
SURF6,3,113,224,0.943447064614129,0.7890684194214581,0.16579231267304043,0.08270983664336051,0.25,0.16833881116985963,0.9066020416551637,0.815015317972577,0.4291199021005829,0.5370663827245163,1.2515531616687867
TADA3,3,139,185,0.9394196835971442,0.7948189728370231,0.3231764410813195,0.17253689267129962,0.3,0.2262431751949677,0.9190046589105854,0.8048383759583742,0.46734715418307765,0.5707740401311251,1.2213063090450917
TAF10,3,38,187,0.9350655143430104,0.7761092303810486,0.5055359817784738,0.35296572652775327,0.46,0.41584344010208063,0.858461047683382,0.8399566280045312,0.49824655101921317,0.6267752927356802,1.2579621050540695
TAF1C,2,128,127,0.9453186306381318,0.7983515703340185,0.14397687893383485,0.009425993102472769,0.25,0.17548796832481178,0.900729681092439,0.7945905214376691,0.45028171302452863,0.5470161893202753,1.2148309854683512
TAF6,3,111,211,0.931373752320327,0.7791494356179707,0.2634271618268672,0.15680049133376464,0.28,0.20917329939088014,0.875918034639874,0.8244540190623612,0.47818612737630034,0.5755517818478241,1.2036145276099954
TAF7,3,84,177,0.9336967593974156,0.7799884053342697,0.3654790909306853,0.3261668571059893,0.3,0.25285994606875134,0.818572167571741,0.8300975202741028,0.48690301039809625,0.6131197253388836,1.2592234996562384
TBCB,3,97,122,0.9378842931852271,0.7620473419536804,0.2880214552926197,0.2336765711128141,0.31,0.17455470886391766,0.8813064353202532,0.7976509136518298,0.4525444424557801,0.5412517939091868,1.1960190672364381
TBL3,1,70,47,0.9198070330424353,0.7574646819399545,0.2690928075121093,0.06732536619527121,0.35,0.2609795698818192,0.8427964539327679,0.7661601819545208,0.47549352674413836,0.5369862194562015,1.1293239086552551
TCERG1,3,93,154,0.9384035567836506,0.7847988989870714,0.20670107064208257,0.17479790566447262,0.2,0.13167844507157153,0.8814976926389804,0.796718333969528,0.43958076653170763,0.5240898241575693,1.1922491886306723
TCOF1,3,86,177,0.9332109777062677,0.7638392792527567,0.06917874624353076,0.041601321910762115,0.18,0.14606934976484995,0.8556337958390285,0.7444375276247994,0.46040271050330067,0.5043696401227346,1.0954966546925926
TELO2,2,73,143,0.9349996860323552,0.7744435401306008,0.3018302006769107,0.2332530517115079,0.23,0.18091256944888662,0.8992587530744921,0.8364894686131866,0.46262804983463796,0.5826406692832637,1.2594148947461665
TERF2,3,47,223,0.9423532506069976,0.7648620096818459,0.2998021639012246,0.20150774591712906,0.29,0.20324479023811964,0.8778823291530321,0.8175517840414515,0.44745323979395807,0.5353523746026161,1.1964431476341575
THAP11,3,60,392,0.943503999157003,0.7975546163757128,0.14922454691917528,0.13495251086804738,0.16,0.10301658813750081,0.9037742699497718,0.8389882904507168,0.4325050473519932,0.525526654009034,1.2150763212494309
THOC6,2,115,156,0.9523620969236885,0.8125242875988669,0.1053710583897016,0.038478082906189606,0.19,0.11615167688119414,0.8982214184652372,0.8030338265159203,0.43890067163792607,0.5134688311374273,1.1698975477122104
THOC7,3,104,430,0.9319250432924083,0.7540645784310338,0.1607139495171479,0.10397180453363784,0.19,0.12490378423543566,0.8768050005089997,0.7704995511567175,0.4459196833106812,0.5012828744965693,1.124155048580273
TIMM13,3,162,222,0.9326034641507248,0.7728591608892251,0.3321441311710262,0.2368019627142409,0.28,0.1965987059734295,0.8581537305214506,0.7476637668939362,0.4675613710963499,0.505458775340515,1.0810533028953382
TIMM23B,3,480,847,0.9337899883560464,0.7998128538943929,0.5389603843832087,0.4828981785512707,0.36,0.297573312782242,0.8665956854805144,0.7897087500901364,0.49572525040639975,0.5330312869998322,1.075255448073896
TIMM44,3,38,188,0.9381240112321165,0.772319124738439,0.4132484501486104,0.31418348938235896,0.25,0.1849245155919414,0.8721380408381507,0.8411468899681567,0.4509772631133017,0.5397822723752844,1.1969167950502724
TIMM9,2,183,68,0.906305571447964,0.6963828466744091,0.21659841987349893,0.15496630277074705,0.23,0.16463069385162774,0.7828647471791219,0.6464627712167547,0.43368968497472765,0.428014450255328,0.9869140429547667
TMX2,3,94,404,0.9389311166640778,0.7888130572717373,0.398072847464212,0.29324623403351846,0.37,0.28343158523597944,0.8726937576476018,0.7905989088879773,0.506354434493938,0.5867595581564528,1.1587921554492788
TOMM22,3,89,261,0.9337724904197684,0.7802701430418902,0.44057115706322614,0.1529911271870237,0.26,0.21821831965725927,0.8817113438140575,0.777893871119225,0.4598844876321731,0.52938569644755,1.1511275095664686
TOP1,3,91,165,0.9364190206055614,0.7852650622434135,0.284031460894656,0.14559953599250555,0.33,0.20810474569917478,0.8778267258954903,0.815504719651573,0.4666574086753878,0.582210247613365,1.247618111945965
TPR,3,68,206,0.91437049551594,0.7322558560698899,0.268461101393838,0.21238637231064525,0.24,0.17525875060183577,0.8480777542494923,0.7539438134452322,0.4678355162887699,0.5098254128686,1.0897535228094497
TPX2,2,212,120,0.9006760398376858,0.6799523992233721,0.46799534351956645,0.37176199626473677,0.36,0.29781980853921264,0.810734205301206,0.6431492862619915,0.4719866198249748,0.46926932869776916,0.9942428430055036
TRA2B,3,139,207,0.9402616632342367,0.7964109109686255,0.08022762495262382,0.17287096320849543,0.15,0.1109603672111233,0.908284653014743,0.7671877587367419,0.4489765777063683,0.5316783131164696,1.1842005299933112
TREX2,1,275,384,0.8645570635169044,0.6525699777004524,0.2465553197248822,0.2106362413826943,0.25,0.19104458485978681,0.7790064924991901,0.5550046939322147,0.47550317267698367,0.4358399766726255,0.9165868758626123
TRMT10C,1,67,74,0.9306839010800707,0.7680448987726317,0.18697122268726002,0.027819905860984234,0.25,0.15748629570305508,0.8640388357603799,0.6956097981834357,0.4280146104890435,0.5346633983967128,1.249170875952354
TRMT112,3,150,332,0.9365943466995373,0.7949084571881141,0.3262884229778258,0.09490095270932945,0.4,0.31302693041407953,0.9282377630433509,0.8191465202072421,0.46698968354079123,0.5934610098244754,1.2708225000101356
TRMT5,3,93,177,0.9497656311051188,0.7965242346408601,0.284896870684514,0.22465806236466926,0.2,0.15486343168129235,0.8880286937997428,0.8345008540047506,0.4376289711567197,0.517167721841671,1.181749253613685
TSEN2,3,168,256,0.9413731480718248,0.7868363316777174,0.2667484443365225,0.20833633091076526,0.21,0.16115174688309858,0.9119422841025575,0.8301301843341803,0.4389909862889631,0.5366008458103371,1.2223504589992158
TSG101,2,83,84,0.9262632010153103,0.7629363835125608,0.5694453158436412,0.4732490632228144,0.44,0.39146441484654887,0.8734248572803348,0.7642191932498403,0.47648540846381093,0.5426601910648028,1.1388810025170115
TSR1,3,109,599,0.9396182008728808,0.7937858365309687,0.1977140069734342,0.06619814559815652,0.3,0.22382170123353254,0.9043405188943657,0.8108094129197262,0.4726987484389103,0.5634903646027559,1.192070752340635
TTI1,3,146,236,0.9380584700597613,0.783761129920184,0.3299988462434874,0.2859253622996021,0.3,0.23613455450710163,0.9016278230769008,0.7919821187997431,0.471720884266245,0.5815527103396759,1.2328322052477085
TTK,2,185,148,0.9088636278577014,0.7004755054027229,0.5857478262090734,0.44734052395108187,0.44,0.3706190367190481,0.7993452815711547,0.741166724713027,0.5291467992628885,0.5104931906470253,0.9647477443134389
TUBGCP2,2,226,211,0.8901479872618326,0.6903304186413047,0.1029471570201444,0.08376065952017613,0.18,0.1512808405545094,0.8422347490866194,0.6976812986445239,0.4281220508757134,0.46393717217274666,1.0836563087260074
TXNL4A,2,66,46,0.9313181955304061,0.7535015446791861,0.15220083571525,0.128254788172214,0.16,0.12860433558907364,0.8536459570662336,0.7355807598790198,0.425387065766517,0.5032904904895864,1.18313535873814
U2AF1,2,141,113,0.9282719243538637,0.7811397055809169,0.5142815958765163,0.47412502195535555,0.35,0.2664117630555688,0.8623417818983303,0.790594923465149,0.47746947892499214,0.5221632272360718,1.093605433117216
U2SURP,3,263,104,0.9416979169550332,0.7642050165249124,0.47324130645803153,0.3943435844651872,0.31,0.2277788390652262,0.8374654039545919,0.7452948128341297,0.4362114314238824,0.46228481647791897,1.059772331896953
UBA1,2,251,95,0.9146822145762182,0.7476843075886943,0.2858843636753415,0.24113567219946905,0.26,0.1559289893852732,0.8304826638699506,0.705942293570847,0.4573402082867618,0.466876224344841,1.0208510112970208
UBA3,2,94,92,0.9325227581699879,0.7774894409573496,0.2391388244100134,0.13239609078607667,0.24,0.15692555722431403,0.8540966190138147,0.7491903091436197,0.43177388461866817,0.4733720346965199,1.096342415778958
UBA52,3,44,393,0.9425643148844058,0.7910627099680064,0.1865764259028793,0.11405168763774567,0.24,0.16807842206272905,0.8970125924383461,0.7942798458373831,0.42630952561812074,0.529808525140075,1.2427789689758817
UBAP1,3,102,101,0.9351439249882083,0.7686502287517408,0.5227938280747126,0.3948769914436216,0.41,0.3196062351835438,0.8884981337246365,0.799694790112981,0.4590374491210841,0.5441156719635666,1.1853404578471247
UBL5,3,198,213,0.928569848836245,0.737616789464618,0.44752663076183025,0.3702924029763975,0.35,0.2669484017602948,0.828039462801589,0.7781470721932904,0.47173399453524834,0.4988377573382031,1.0574555841690008
UBQLN4,3,145,184,0.9421113275690346,0.7765212819661762,0.30866874159230456,0.2113692288679094,0.25,0.18783332866452296,0.9014898815934271,0.8488808931982673,0.467039355856582,0.5592113085180025,1.1973536909300373
UFM1,3,119,133,0.9462867967860623,0.7997999683764594,0.18536716303904416,0.13897830086618151,0.15,0.12021760027825358,0.8947307919484454,0.849403930984867,0.4348642867756452,0.5098233534783337,1.1723734444480305
UPF1,2,115,78,0.9020029490546835,0.7160798024264635,0.32714227640233096,0.27991778858584476,0.17,0.1438781563356308,0.8262912266817635,0.7578418508769049,0.4368981503963756,0.47164435921534714,1.0795292861554924
UPF2,3,133,189,0.9257057881106128,0.7784237936078882,0.31318810460271634,0.2599201755896484,0.14,0.1253726722810678,0.8962539959187145,0.8114620663224039,0.4373227516273681,0.5059034379399194,1.156819361648016
UQCC2,1,83,30,0.9173898097767073,0.7093393529546141,0.244005641901377,0.2017847179777501,0.17,0.12821599247897242,0.6907815003369905,0.6175015205944697,0.4370732419059427,0.3657901736603148,0.8369081660001287
UQCRB,2,93,175,0.9343031652889896,0.7808018004004321,0.193671630679841,0.17083356580807912,0.16,0.10897819985206816,0.8974448643685793,0.7994103108648909,0.4280495790671335,0.5152650309633241,1.2037507899172686
UQCRFS1,2,114,92,0.9392898082599946,0.7750300828310978,0.2949297385969405,0.21210028080379906,0.22,0.18812504075037587,0.88381806332965,0.8233318271226495,0.42981710402752876,0.5527720449078909,1.286063367110336
UQCRQ,2,148,168,0.9415718030264504,0.7869954592832082,0.18351290523673425,0.14074281390751886,0.21,0.16418560623041856,0.9082115703494663,0.7608864752896907,0.43005918477348515,0.5302873124370713,1.2330565626352366
USP36,1,151,42,0.9286412288573336,0.7674161624591896,0.12412785660056845,0.062421395895224545,0.22,0.14276494302486636,0.8393364806884035,0.7720974921364688,0.44392880860511613,0.5243227501188655,1.181096446422104
USP39,2,166,157,0.9158156727032224,0.7152747434454132,0.24331040723838404,0.1923928427281671,0.25,0.17177892429323047,0.8480958819614197,0.7749580590500317,0.4553382298086719,0.4938453255519093,1.0845680910951332
USPL1,2,96,68,0.9293740399245886,0.7649609914274409,0.09310330444936625,0.1382394217794702,0.19,0.12101978289139846,0.8893977033881595,0.7996798769773473,0.4290128026806654,0.5206849309880297,1.2136815395665124
UTP20,3,92,211,0.9295096865578278,0.7667275794967916,0.23855632994835826,0.05890451645713071,0.34,0.23467694741486153,0.88766915692556,0.8033298045222285,0.4710617278789245,0.5464178007940689,1.1599706723251484
UTP23,3,160,308,0.9398992739812122,0.798016075824273,0.23482019774239313,0.020814369464929244,0.27,0.20639143456541284,0.9158538625822766,0.8509118924381274,0.46930160131838905,0.5536420307751203,1.17971474510773
UXT,3,206,155,0.9364932268541647,0.775477397031253,0.38617752715108783,0.2994934856457906,0.35,0.20877379187971126,0.8888739773153417,0.7947735832952527,0.4711584527498925,0.5520869871881525,1.171764981076483
VPS54,1,306,230,0.8826070814942605,0.7101075517544202,0.2620471912549291,0.2144943728848878,0.25,0.16852049741156885,0.8311896470085319,0.6571479497372776,0.45112157949448733,0.47275328260617494,1.0479509152641695
WAC,3,93,162,0.9215352953861293,0.7652991664675565,0.03516622691924886,0.03058918008547304,0.18,0.11467885712547815,0.8609172032614986,0.7597077398223822,0.43564493285941047,0.4964926234862116,1.1396726431102808
WBP11,2,205,148,0.9054718026501576,0.7119041907092264,0.3183488804321634,0.2226378570862038,0.29,0.19641934130440145,0.8182928009447942,0.7395631274301107,0.4768094640563026,0.48857895115963895,1.0246838155358184
WDHD1,3,175,153,0.9407606573634799,0.7806612952964153,0.15070685372497317,0.11260301604900068,0.12,0.10708487537869373,0.8872598872654653,0.8142174448542301,0.4251753308643589,0.48750963233820305,1.146608435350747
WDR12,3,174,250,0.9330845939435298,0.7679729490366598,0.19546976154929127,0.06422892194883319,0.32,0.2203809981655555,0.898028738173121,0.8222788239189797,0.44143635896001215,0.5264046316215133,1.1924813373707277
WDR24,1,78,44,0.875974710563194,0.6372860736337409,0.4427836817822061,0.2915516815059571,0.3,0.2667279845850589,0.7879902752836456,0.6209283594525836,0.4443577731068208,0.46150140511961146,1.0385806722972815
WDR33,3,79,113,0.9406222186060897,0.7674328040130689,0.4638550916035395,0.37438501641718913,0.32,0.2690471803090456,0.8427687852198484,0.8499707566209499,0.4953575264262414,0.5552753603259247,1.1209587408964454
WDR61,2,98,117,0.9315502609435097,0.7840269035187657,0.16949510204190052,0.2181743626950958,0.14,0.13213971313210254,0.8484795044606199,0.7972826824813412,0.44633398811112834,0.5104819504913112,1.143721859978525
WDR82,1,86,34,0.9022810808036785,0.7086655527602596,0.2807233171320986,0.22349453821978774,0.29,0.23462594772083661,0.7664136643954338,0.6857448140418245,0.5179451026115789,0.5688987422387752,1.0983765043563753
WDTC1,1,107,70,0.8874650644445191,0.7167544818854604,0.26582237955682225,0.27305647045129583,0.27,0.1635625976266053,0.7769193230993111,0.6312119111003,0.47040787615984475,0.45211064013205743,0.9611034454010622
XRCC5,3,77,163,0.9418051859192536,0.768573609801076,0.33409310993497887,0.23266679983549843,0.31,0.23564469699221496,0.8944477004396543,0.8165651628411293,0.43723015381214453,0.5261515396591588,1.2033742939227297
XRN2,2,57,75,0.9442989129380756,0.7808397151315369,0.02808250307581131,0.029142102202048322,0.22,0.13592665577757446,0.8494253853315648,0.7548452856956557,0.44264025159340203,0.49349149462715847,1.1148816261103403
YEATS2,3,233,213,0.9360333527177219,0.7970205942420046,0.28896077490210365,-0.025926274462491638,0.35,0.26373283504952433,0.9055310287397179,0.7277806360457343,0.4498511034484091,0.5204428989164586,1.156922553613164
YTHDC1,2,157,233,0.8709770768000119,0.6890060833698064,0.2659496522238248,0.1881137910383538,0.26,0.17005661613922005,0.759615317047047,0.6353742889886566,0.483191752542246,0.45330681812222656,0.938150964613337
ZBTB17,3,158,800,0.9451147588327875,0.8095704017706976,0.14581609894586947,0.1388469499581101,0.18,0.1237211170872512,0.9003585970189961,0.8442505995421868,0.4604045778072856,0.536491064467692,1.16526003144924
ZC3H18,2,23,105,0.9187554913409545,0.7568411917589044,0.14806033061139573,0.17196911326631464,0.18,0.1029026324725324,0.8127750561049204,0.7631261275798353,0.41494048257182786,0.5532574601275827,1.3333416960549147
ZCRB1,3,141,215,0.943155917337817,0.7950674521234501,0.03246083555144405,0.1033020629874793,0.12,0.10486884048458685,0.8909073794706668,0.8268238078447319,0.42555607591704564,0.5099232111455148,1.1982514832249749
ZFC3H1,3,105,204,0.9347218039723825,0.7809981313761504,0.16536478972354457,0.107601543761389,0.23,0.17796477309671604,0.9098646790198076,0.8139212574576024,0.4457675895402498,0.5500316519725865,1.2338977811305067
ZMAT2,3,348,398,0.9319689590170472,0.7588098903387795,0.3088897230842651,0.2406596865963328,0.24,0.16946941412376454,0.8454396879064872,0.77822348815917,0.45202726576597324,0.4743966405317721,1.0494867587976706
ZMAT5,3,98,115,0.9334053257150863,0.7771530786702908,0.14021651488093909,0.15183981672566085,0.2,0.14772497147210872,0.8441215673100733,0.7847761639157111,0.4565703509113171,0.4842202889890831,1.0605600591825028
ZNF236,3,85,766,0.9401908396083021,0.8038347787580048,0.2882675053153025,0.08183395311752202,0.3,0.22635436587985255,0.915430676191759,0.8347127528578558,0.4598202011127889,0.5551733321961468,1.2073704434448378
ZNF574,2,266,216,0.9018221654639426,0.719345934862849,0.06194137330406285,0.03947537267221782,0.2,0.16110374279513864,0.8327962685073578,0.6823857814103151,0.43839260987128376,0.4653765830902609,1.0615520471738322
ZNHIT6,2,116,132,0.9432960246317444,0.7957240305611046,0.20402616957503142,0.028956089479338212,0.33,0.22178825487377327,0.9029651833131467,0.7907443305527707,0.4528365912836107,0.5457731697610569,1.2052320157293122
